mtllib cove.mtl
v 0.0000 0.0000 0.0000
v 0.0000 0.0000 390.0000
v 310.0000 0.0000 390.0000
v 310.0000 0.0000 0.0000
v 0.0000 320.0000 0.0000
v 310.0000 320.0000 0.0000
v 310.0000 320.0000 390.0000
v 0.0000 320.0000 390.0000
v 0.0000 198.0000 20.0000
v 61.0000 198.0000 20.0000
v 61.0000 198.0000 370.0000
v 0.0000 198.0000 370.0000
v 0.0000 211.0000 20.0000
v 0.0000 211.0000 370.0000
v 61.0000 211.0000 370.0000
v 61.0000 211.0000 20.0000
v 249.0000 198.0000 20.0000
v 310.0000 198.0000 20.0000
v 310.0000 198.0000 370.0000
v 249.0000 198.0000 370.0000
v 249.0000 211.0000 20.0000
v 249.0000 211.0000 370.0000
v 310.0000 211.0000 370.0000
v 310.0000 211.0000 20.0000
v 6.0000 212.0000 30.0000
v 6.0000 212.0000 360.0000
v 55.0000 212.0000 360.0000
v 55.0000 212.0000 30.0000
v 255.0000 212.0000 30.0000
v 255.0000 212.0000 360.0000
v 304.0000 212.0000 360.0000
v 304.0000 212.0000 30.0000
v 84.0000 0.0000 196.0000
v 161.0000 0.0000 196.0000
v 161.0000 0.0000 273.0000
v 84.0000 0.0000 273.0000
v 84.0000 170.0000 196.0000
v 84.0000 170.0000 273.0000
v 161.0000 170.0000 273.0000
v 161.0000 170.0000 196.0000
v 212.0000 96.0000 150.0000
v 218.2117 95.5894 150.8178
v 218.2653 95.5894 150.0000
v 218.0518 95.5894 151.6216
v 217.7883 95.5894 152.3976
v 217.4259 95.5894 153.1326
v 216.9706 95.5894 153.8140
v 216.4302 95.5894 154.4302
v 215.8140 95.5894 154.9706
v 215.1326 95.5894 155.4259
v 214.3976 95.5894 155.7883
v 213.6216 95.5894 156.0518
v 212.8178 95.5894 156.2117
v 212.0000 95.5894 156.2653
v 211.1822 95.5894 156.2117
v 210.3784 95.5894 156.0518
v 209.6024 95.5894 155.7883
v 208.8674 95.5894 155.4259
v 208.1860 95.5894 154.9706
v 207.5698 95.5894 154.4302
v 207.0294 95.5894 153.8140
v 206.5741 95.5894 153.1326
v 206.2117 95.5894 152.3976
v 205.9482 95.5894 151.6216
v 205.7883 95.5894 150.8178
v 205.7347 95.5894 150.0000
v 205.7883 95.5894 149.1822
v 205.9482 95.5894 148.3784
v 206.2117 95.5894 147.6024
v 206.5741 95.5894 146.8674
v 207.0294 95.5894 146.1860
v 207.5698 95.5894 145.5698
v 208.1860 95.5894 145.0294
v 208.8674 95.5894 144.5741
v 209.6024 95.5894 144.2117
v 210.3784 95.5894 143.9482
v 211.1822 95.5894 143.7883
v 212.0000 95.5894 143.7347
v 212.8178 95.5894 143.7883
v 213.6216 95.5894 143.9482
v 214.3976 95.5894 144.2117
v 215.1326 95.5894 144.5741
v 215.8140 95.5894 145.0294
v 216.4302 95.5894 145.5698
v 216.9706 95.5894 146.1860
v 217.4259 95.5894 146.8674
v 217.7883 95.5894 147.6024
v 218.0518 95.5894 148.3784
v 218.2117 95.5894 149.1822
v 224.3170 94.3644 151.6216
v 224.4233 94.3644 150.0000
v 224.0000 94.3644 153.2154
v 223.4776 94.3644 154.7542
v 222.7589 94.3644 156.2117
v 221.8561 94.3644 157.5628
v 220.7846 94.3644 158.7846
v 219.5628 94.3644 159.8561
v 218.2117 94.3644 160.7589
v 216.7542 94.3644 161.4776
v 215.2154 94.3644 162.0000
v 213.6216 94.3644 162.3170
v 212.0000 94.3644 162.4233
v 210.3784 94.3644 162.3170
v 208.7846 94.3644 162.0000
v 207.2458 94.3644 161.4776
v 205.7883 94.3644 160.7589
v 204.4372 94.3644 159.8561
v 203.2154 94.3644 158.7846
v 202.1439 94.3644 157.5628
v 201.2411 94.3644 156.2117
v 200.5224 94.3644 154.7542
v 200.0000 94.3644 153.2154
v 199.6830 94.3644 151.6216
v 199.5767 94.3644 150.0000
v 199.6830 94.3644 148.3784
v 200.0000 94.3644 146.7846
v 200.5224 94.3644 145.2458
v 201.2411 94.3644 143.7883
v 202.1439 94.3644 142.4372
v 203.2154 94.3644 141.2154
v 204.4372 94.3644 140.1439
v 205.7883 94.3644 139.2411
v 207.2458 94.3644 138.5224
v 208.7846 94.3644 138.0000
v 210.3784 94.3644 137.6830
v 212.0000 94.3644 137.5767
v 213.6216 94.3644 137.6830
v 215.2154 94.3644 138.0000
v 216.7542 94.3644 138.5224
v 218.2117 94.3644 139.2411
v 219.5628 94.3644 140.1439
v 220.7846 94.3644 141.2154
v 221.8561 94.3644 142.4372
v 222.7589 94.3644 143.7883
v 223.4776 94.3644 145.2458
v 224.0000 94.3644 146.7846
v 224.3170 94.3644 148.3784
v 230.2117 92.3462 152.3976
v 230.3688 92.3462 150.0000
v 229.7429 92.3462 154.7542
v 228.9706 92.3462 157.0294
v 227.9079 92.3462 159.1844
v 226.5730 92.3462 161.1822
v 224.9887 92.3462 162.9887
v 223.1822 92.3462 164.5730
v 221.1844 92.3462 165.9079
v 219.0294 92.3462 166.9706
v 216.7542 92.3462 167.7429
v 214.3976 92.3462 168.2117
v 212.0000 92.3462 168.3688
v 209.6024 92.3462 168.2117
v 207.2458 92.3462 167.7429
v 204.9706 92.3462 166.9706
v 202.8156 92.3462 165.9079
v 200.8178 92.3462 164.5730
v 199.0113 92.3462 162.9887
v 197.4270 92.3462 161.1822
v 196.0921 92.3462 159.1844
v 195.0294 92.3462 157.0294
v 194.2571 92.3462 154.7542
v 193.7883 92.3462 152.3976
v 193.6312 92.3462 150.0000
v 193.7883 92.3462 147.6024
v 194.2571 92.3462 145.2458
v 195.0294 92.3462 142.9706
v 196.0921 92.3462 140.8156
v 197.4270 92.3462 138.8178
v 199.0113 92.3462 137.0113
v 200.8178 92.3462 135.4270
v 202.8156 92.3462 134.0921
v 204.9706 92.3462 133.0294
v 207.2458 92.3462 132.2571
v 209.6024 92.3462 131.7883
v 212.0000 92.3462 131.6312
v 214.3976 92.3462 131.7883
v 216.7542 92.3462 132.2571
v 219.0294 92.3462 133.0294
v 221.1844 92.3462 134.0921
v 223.1822 92.3462 135.4270
v 224.9887 92.3462 137.0113
v 226.5730 92.3462 138.8178
v 227.9079 92.3462 140.8156
v 228.9706 92.3462 142.9706
v 229.7429 92.3462 145.2458
v 230.2117 92.3462 147.6024
v 235.7947 89.5692 153.1326
v 236.0000 89.5692 150.0000
v 235.1822 89.5692 156.2117
v 234.1731 89.5692 159.1844
v 232.7846 89.5692 162.0000
v 231.0405 89.5692 164.6103
v 228.9706 89.5692 166.9706
v 226.6103 89.5692 169.0405
v 224.0000 89.5692 170.7846
v 221.1844 89.5692 172.1731
v 218.2117 89.5692 173.1822
v 215.1326 89.5692 173.7947
v 212.0000 89.5692 174.0000
v 208.8674 89.5692 173.7947
v 205.7883 89.5692 173.1822
v 202.8156 89.5692 172.1731
v 200.0000 89.5692 170.7846
v 197.3897 89.5692 169.0405
v 195.0294 89.5692 166.9706
v 192.9595 89.5692 164.6103
v 191.2154 89.5692 162.0000
v 189.8269 89.5692 159.1844
v 188.8178 89.5692 156.2117
v 188.2053 89.5692 153.1326
v 188.0000 89.5692 150.0000
v 188.2053 89.5692 146.8674
v 188.8178 89.5692 143.7883
v 189.8269 89.5692 140.8156
v 191.2154 89.5692 138.0000
v 192.9595 89.5692 135.3897
v 195.0294 89.5692 133.0294
v 197.3897 89.5692 130.9595
v 200.0000 89.5692 129.2154
v 202.8156 89.5692 127.8269
v 205.7883 89.5692 126.8178
v 208.8674 89.5692 126.2053
v 212.0000 89.5692 126.0000
v 215.1326 89.5692 126.2053
v 218.2117 89.5692 126.8178
v 221.1844 89.5692 127.8269
v 224.0000 89.5692 129.2154
v 226.6103 89.5692 130.9595
v 228.9706 89.5692 133.0294
v 231.0405 89.5692 135.3897
v 232.7846 89.5692 138.0000
v 234.1731 89.5692 140.8156
v 235.1822 89.5692 143.7883
v 235.7947 89.5692 146.8674
v 240.9706 86.0810 153.8140
v 241.2205 86.0810 150.0000
v 240.2249 86.0810 157.5628
v 238.9963 86.0810 161.1822
v 237.3057 86.0810 164.6103
v 235.1822 86.0810 167.7883
v 232.6620 86.0810 170.6620
v 229.7883 86.0810 173.1822
v 226.6103 86.0810 175.3057
v 223.1822 86.0810 176.9963
v 219.5628 86.0810 178.2249
v 215.8140 86.0810 178.9706
v 212.0000 86.0810 179.2205
v 208.1860 86.0810 178.9706
v 204.4372 86.0810 178.2249
v 200.8178 86.0810 176.9963
v 197.3897 86.0810 175.3057
v 194.2117 86.0810 173.1822
v 191.3380 86.0810 170.6620
v 188.8178 86.0810 167.7883
v 186.6943 86.0810 164.6103
v 185.0037 86.0810 161.1822
v 183.7751 86.0810 157.5628
v 183.0294 86.0810 153.8140
v 182.7795 86.0810 150.0000
v 183.0294 86.0810 146.1860
v 183.7751 86.0810 142.4372
v 185.0037 86.0810 138.8178
v 186.6943 86.0810 135.3897
v 188.8178 86.0810 132.2117
v 191.3380 86.0810 129.3380
v 194.2117 86.0810 126.8178
v 197.3897 86.0810 124.6943
v 200.8178 86.0810 123.0037
v 204.4372 86.0810 121.7751
v 208.1860 86.0810 121.0294
v 212.0000 86.0810 120.7795
v 215.8140 86.0810 121.0294
v 219.5628 86.0810 121.7751
v 223.1822 86.0810 123.0037
v 226.6103 86.0810 124.6943
v 229.7883 86.0810 126.8178
v 232.6620 86.0810 129.3380
v 235.1822 86.0810 132.2117
v 237.3057 86.0810 135.3897
v 238.9963 86.0810 138.8178
v 240.2249 86.0810 142.4372
v 240.9706 86.0810 146.1860
v 245.6508 81.9411 154.4302
v 245.9411 81.9411 150.0000
v 244.7846 81.9411 158.7846
v 243.3575 81.9411 162.9887
v 241.3939 81.9411 166.9706
v 238.9273 81.9411 170.6620
v 236.0000 81.9411 174.0000
v 232.6620 81.9411 176.9273
v 228.9706 81.9411 179.3939
v 224.9887 81.9411 181.3575
v 220.7846 81.9411 182.7846
v 216.4302 81.9411 183.6508
v 212.0000 81.9411 183.9411
v 207.5698 81.9411 183.6508
v 203.2154 81.9411 182.7846
v 199.0113 81.9411 181.3575
v 195.0294 81.9411 179.3939
v 191.3380 81.9411 176.9273
v 188.0000 81.9411 174.0000
v 185.0727 81.9411 170.6620
v 182.6061 81.9411 166.9706
v 180.6425 81.9411 162.9887
v 179.2154 81.9411 158.7846
v 178.3492 81.9411 154.4302
v 178.0589 81.9411 150.0000
v 178.3492 81.9411 145.5698
v 179.2154 81.9411 141.2154
v 180.6425 81.9411 137.0113
v 182.6061 81.9411 133.0294
v 185.0727 81.9411 129.3380
v 188.0000 81.9411 126.0000
v 191.3380 81.9411 123.0727
v 195.0294 81.9411 120.6061
v 199.0113 81.9411 118.6425
v 203.2154 81.9411 117.2154
v 207.5698 81.9411 116.3492
v 212.0000 81.9411 116.0589
v 216.4302 81.9411 116.3492
v 220.7846 81.9411 117.2154
v 224.9887 81.9411 118.6425
v 228.9706 81.9411 120.6061
v 232.6620 81.9411 123.0727
v 236.0000 81.9411 126.0000
v 238.9273 81.9411 129.3380
v 241.3939 81.9411 133.0294
v 243.3575 81.9411 137.0113
v 244.7846 81.9411 141.2154
v 245.6508 81.9411 145.5698
v 249.7552 77.2205 154.9706
v 250.0810 77.2205 150.0000
v 248.7834 77.2205 159.8561
v 247.1822 77.2205 164.5730
v 244.9791 77.2205 169.0405
v 242.2117 77.2205 173.1822
v 238.9273 77.2205 176.9273
v 235.1822 77.2205 180.2117
v 231.0405 77.2205 182.9791
v 226.5730 77.2205 185.1822
v 221.8561 77.2205 186.7834
v 216.9706 77.2205 187.7552
v 212.0000 77.2205 188.0810
v 207.0294 77.2205 187.7552
v 202.1439 77.2205 186.7834
v 197.4270 77.2205 185.1822
v 192.9595 77.2205 182.9791
v 188.8178 77.2205 180.2117
v 185.0727 77.2205 176.9273
v 181.7883 77.2205 173.1822
v 179.0209 77.2205 169.0405
v 176.8178 77.2205 164.5730
v 175.2166 77.2205 159.8561
v 174.2448 77.2205 154.9706
v 173.9190 77.2205 150.0000
v 174.2448 77.2205 145.0294
v 175.2166 77.2205 140.1439
v 176.8178 77.2205 135.4270
v 179.0209 77.2205 130.9595
v 181.7883 77.2205 126.8178
v 185.0727 77.2205 123.0727
v 188.8178 77.2205 119.7883
v 192.9595 77.2205 117.0209
v 197.4270 77.2205 114.8178
v 202.1439 77.2205 113.2166
v 207.0294 77.2205 112.2448
v 212.0000 77.2205 111.9190
v 216.9706 77.2205 112.2448
v 221.8561 77.2205 113.2166
v 226.5730 77.2205 114.8178
v 231.0405 77.2205 117.0209
v 235.1822 77.2205 119.7883
v 238.9273 77.2205 123.0727
v 242.2117 77.2205 126.8178
v 244.9791 77.2205 130.9595
v 247.1822 77.2205 135.4270
v 248.7834 77.2205 140.1439
v 249.7552 77.2205 145.0294
v 253.2136 72.0000 155.4259
v 253.5692 72.0000 150.0000
v 252.1528 72.0000 160.7589
v 250.4050 72.0000 165.9079
v 248.0000 72.0000 170.7846
v 244.9791 72.0000 175.3057
v 241.3939 72.0000 179.3939
v 237.3057 72.0000 182.9791
v 232.7846 72.0000 186.0000
v 227.9079 72.0000 188.4050
v 222.7589 72.0000 190.1528
v 217.4259 72.0000 191.2136
v 212.0000 72.0000 191.5692
v 206.5741 72.0000 191.2136
v 201.2411 72.0000 190.1528
v 196.0921 72.0000 188.4050
v 191.2154 72.0000 186.0000
v 186.6943 72.0000 182.9791
v 182.6061 72.0000 179.3939
v 179.0209 72.0000 175.3057
v 176.0000 72.0000 170.7846
v 173.5950 72.0000 165.9079
v 171.8472 72.0000 160.7589
v 170.7864 72.0000 155.4259
v 170.4308 72.0000 150.0000
v 170.7864 72.0000 144.5741
v 171.8472 72.0000 139.2411
v 173.5950 72.0000 134.0921
v 176.0000 72.0000 129.2154
v 179.0209 72.0000 124.6943
v 182.6061 72.0000 120.6061
v 186.6943 72.0000 117.0209
v 191.2154 72.0000 114.0000
v 196.0921 72.0000 111.5950
v 201.2411 72.0000 109.8472
v 206.5741 72.0000 108.7864
v 212.0000 72.0000 108.4308
v 217.4259 72.0000 108.7864
v 222.7589 72.0000 109.8472
v 227.9079 72.0000 111.5950
v 232.7846 72.0000 114.0000
v 237.3057 72.0000 117.0209
v 241.3939 72.0000 120.6061
v 244.9791 72.0000 124.6943
v 248.0000 72.0000 129.2154
v 250.4050 72.0000 134.0921
v 252.1528 72.0000 139.2411
v 253.2136 72.0000 144.5741
v 255.9668 66.3688 155.7883
v 256.3462 66.3688 150.0000
v 254.8352 66.3688 161.4776
v 252.9706 66.3688 166.9706
v 250.4050 66.3688 172.1731
v 247.1822 66.3688 176.9963
v 243.3575 66.3688 181.3575
v 238.9963 66.3688 185.1822
v 234.1731 66.3688 188.4050
v 228.9706 66.3688 190.9706
v 223.4776 66.3688 192.8352
v 217.7883 66.3688 193.9668
v 212.0000 66.3688 194.3462
v 206.2117 66.3688 193.9668
v 200.5224 66.3688 192.8352
v 195.0294 66.3688 190.9706
v 189.8269 66.3688 188.4050
v 185.0037 66.3688 185.1822
v 180.6425 66.3688 181.3575
v 176.8178 66.3688 176.9963
v 173.5950 66.3688 172.1731
v 171.0294 66.3688 166.9706
v 169.1648 66.3688 161.4776
v 168.0332 66.3688 155.7883
v 167.6538 66.3688 150.0000
v 168.0332 66.3688 144.2117
v 169.1648 66.3688 138.5224
v 171.0294 66.3688 133.0294
v 173.5950 66.3688 127.8269
v 176.8178 66.3688 123.0037
v 180.6425 66.3688 118.6425
v 185.0037 66.3688 114.8178
v 189.8269 66.3688 111.5950
v 195.0294 66.3688 109.0294
v 200.5224 66.3688 107.1648
v 206.2117 66.3688 106.0332
v 212.0000 66.3688 105.6538
v 217.7883 66.3688 106.0332
v 223.4776 66.3688 107.1648
v 228.9706 66.3688 109.0294
v 234.1731 66.3688 111.5950
v 238.9963 66.3688 114.8178
v 243.3575 66.3688 118.6425
v 247.1822 66.3688 123.0037
v 250.4050 66.3688 127.8269
v 252.9706 66.3688 133.0294
v 254.8352 66.3688 138.5224
v 255.9668 66.3688 144.2117
v 257.9678 60.4233 156.0518
v 258.3644 60.4233 150.0000
v 256.7846 60.4233 162.0000
v 254.8352 60.4233 167.7429
v 252.1528 60.4233 173.1822
v 248.7834 60.4233 178.2249
v 244.7846 60.4233 182.7846
v 240.2249 60.4233 186.7834
v 235.1822 60.4233 190.1528
v 229.7429 60.4233 192.8352
v 224.0000 60.4233 194.7846
v 218.0518 60.4233 195.9678
v 212.0000 60.4233 196.3644
v 205.9482 60.4233 195.9678
v 200.0000 60.4233 194.7846
v 194.2571 60.4233 192.8352
v 188.8178 60.4233 190.1528
v 183.7751 60.4233 186.7834
v 179.2154 60.4233 182.7846
v 175.2166 60.4233 178.2249
v 171.8472 60.4233 173.1822
v 169.1648 60.4233 167.7429
v 167.2154 60.4233 162.0000
v 166.0322 60.4233 156.0518
v 165.6356 60.4233 150.0000
v 166.0322 60.4233 143.9482
v 167.2154 60.4233 138.0000
v 169.1648 60.4233 132.2571
v 171.8472 60.4233 126.8178
v 175.2166 60.4233 121.7751
v 179.2154 60.4233 117.2154
v 183.7751 60.4233 113.2166
v 188.8178 60.4233 109.8472
v 194.2571 60.4233 107.1648
v 200.0000 60.4233 105.2154
v 205.9482 60.4233 104.0322
v 212.0000 60.4233 103.6356
v 218.0518 60.4233 104.0322
v 224.0000 60.4233 105.2154
v 229.7429 60.4233 107.1648
v 235.1822 60.4233 109.8472
v 240.2249 60.4233 113.2166
v 244.7846 60.4233 117.2154
v 248.7834 60.4233 121.7751
v 252.1528 60.4233 126.8178
v 254.8352 60.4233 132.2571
v 256.7846 60.4233 138.0000
v 257.9678 60.4233 143.9482
v 259.1822 54.2653 156.2117
v 259.5894 54.2653 150.0000
v 257.9678 54.2653 162.3170
v 255.9668 54.2653 168.2117
v 253.2136 54.2653 173.7947
v 249.7552 54.2653 178.9706
v 245.6508 54.2653 183.6508
v 240.9706 54.2653 187.7552
v 235.7947 54.2653 191.2136
v 230.2117 54.2653 193.9668
v 224.3170 54.2653 195.9678
v 218.2117 54.2653 197.1822
v 212.0000 54.2653 197.5894
v 205.7883 54.2653 197.1822
v 199.6830 54.2653 195.9678
v 193.7883 54.2653 193.9668
v 188.2053 54.2653 191.2136
v 183.0294 54.2653 187.7552
v 178.3492 54.2653 183.6508
v 174.2448 54.2653 178.9706
v 170.7864 54.2653 173.7947
v 168.0332 54.2653 168.2117
v 166.0322 54.2653 162.3170
v 164.8178 54.2653 156.2117
v 164.4106 54.2653 150.0000
v 164.8178 54.2653 143.7883
v 166.0322 54.2653 137.6830
v 168.0332 54.2653 131.7883
v 170.7864 54.2653 126.2053
v 174.2448 54.2653 121.0294
v 178.3492 54.2653 116.3492
v 183.0294 54.2653 112.2448
v 188.2053 54.2653 108.7864
v 193.7883 54.2653 106.0332
v 199.6830 54.2653 104.0322
v 205.7883 54.2653 102.8178
v 212.0000 54.2653 102.4106
v 218.2117 54.2653 102.8178
v 224.3170 54.2653 104.0322
v 230.2117 54.2653 106.0332
v 235.7947 54.2653 108.7864
v 240.9706 54.2653 112.2448
v 245.6508 54.2653 116.3492
v 249.7552 54.2653 121.0294
v 253.2136 54.2653 126.2053
v 255.9668 54.2653 131.7883
v 257.9678 54.2653 137.6830
v 259.1822 54.2653 143.7883
v 259.5894 48.0000 156.2653
v 260.0000 48.0000 150.0000
v 258.3644 48.0000 162.4233
v 256.3462 48.0000 168.3688
v 253.5692 48.0000 174.0000
v 250.0810 48.0000 179.2205
v 245.9411 48.0000 183.9411
v 241.2205 48.0000 188.0810
v 236.0000 48.0000 191.5692
v 230.3688 48.0000 194.3462
v 224.4233 48.0000 196.3644
v 218.2653 48.0000 197.5894
v 212.0000 48.0000 198.0000
v 205.7347 48.0000 197.5894
v 199.5767 48.0000 196.3644
v 193.6312 48.0000 194.3462
v 188.0000 48.0000 191.5692
v 182.7795 48.0000 188.0810
v 178.0589 48.0000 183.9411
v 173.9190 48.0000 179.2205
v 170.4308 48.0000 174.0000
v 167.6538 48.0000 168.3688
v 165.6356 48.0000 162.4233
v 164.4106 48.0000 156.2653
v 164.0000 48.0000 150.0000
v 164.4106 48.0000 143.7347
v 165.6356 48.0000 137.5767
v 167.6538 48.0000 131.6312
v 170.4308 48.0000 126.0000
v 173.9190 48.0000 120.7795
v 178.0589 48.0000 116.0589
v 182.7795 48.0000 111.9190
v 188.0000 48.0000 108.4308
v 193.6312 48.0000 105.6538
v 199.5767 48.0000 103.6356
v 205.7347 48.0000 102.4106
v 212.0000 48.0000 102.0000
v 218.2653 48.0000 102.4106
v 224.4233 48.0000 103.6356
v 230.3688 48.0000 105.6538
v 236.0000 48.0000 108.4308
v 241.2205 48.0000 111.9190
v 245.9411 48.0000 116.0589
v 250.0810 48.0000 120.7795
v 253.5692 48.0000 126.0000
v 256.3462 48.0000 131.6312
v 258.3644 48.0000 137.5767
v 259.5894 48.0000 143.7347
v 259.1822 41.7347 156.2117
v 259.5894 41.7347 150.0000
v 257.9678 41.7347 162.3170
v 255.9668 41.7347 168.2117
v 253.2136 41.7347 173.7947
v 249.7552 41.7347 178.9706
v 245.6508 41.7347 183.6508
v 240.9706 41.7347 187.7552
v 235.7947 41.7347 191.2136
v 230.2117 41.7347 193.9668
v 224.3170 41.7347 195.9678
v 218.2117 41.7347 197.1822
v 212.0000 41.7347 197.5894
v 205.7883 41.7347 197.1822
v 199.6830 41.7347 195.9678
v 193.7883 41.7347 193.9668
v 188.2053 41.7347 191.2136
v 183.0294 41.7347 187.7552
v 178.3492 41.7347 183.6508
v 174.2448 41.7347 178.9706
v 170.7864 41.7347 173.7947
v 168.0332 41.7347 168.2117
v 166.0322 41.7347 162.3170
v 164.8178 41.7347 156.2117
v 164.4106 41.7347 150.0000
v 164.8178 41.7347 143.7883
v 166.0322 41.7347 137.6830
v 168.0332 41.7347 131.7883
v 170.7864 41.7347 126.2053
v 174.2448 41.7347 121.0294
v 178.3492 41.7347 116.3492
v 183.0294 41.7347 112.2448
v 188.2053 41.7347 108.7864
v 193.7883 41.7347 106.0332
v 199.6830 41.7347 104.0322
v 205.7883 41.7347 102.8178
v 212.0000 41.7347 102.4106
v 218.2117 41.7347 102.8178
v 224.3170 41.7347 104.0322
v 230.2117 41.7347 106.0332
v 235.7947 41.7347 108.7864
v 240.9706 41.7347 112.2448
v 245.6508 41.7347 116.3492
v 249.7552 41.7347 121.0294
v 253.2136 41.7347 126.2053
v 255.9668 41.7347 131.7883
v 257.9678 41.7347 137.6830
v 259.1822 41.7347 143.7883
v 257.9678 35.5767 156.0518
v 258.3644 35.5767 150.0000
v 256.7846 35.5767 162.0000
v 254.8352 35.5767 167.7429
v 252.1528 35.5767 173.1822
v 248.7834 35.5767 178.2249
v 244.7846 35.5767 182.7846
v 240.2249 35.5767 186.7834
v 235.1822 35.5767 190.1528
v 229.7429 35.5767 192.8352
v 224.0000 35.5767 194.7846
v 218.0518 35.5767 195.9678
v 212.0000 35.5767 196.3644
v 205.9482 35.5767 195.9678
v 200.0000 35.5767 194.7846
v 194.2571 35.5767 192.8352
v 188.8178 35.5767 190.1528
v 183.7751 35.5767 186.7834
v 179.2154 35.5767 182.7846
v 175.2166 35.5767 178.2249
v 171.8472 35.5767 173.1822
v 169.1648 35.5767 167.7429
v 167.2154 35.5767 162.0000
v 166.0322 35.5767 156.0518
v 165.6356 35.5767 150.0000
v 166.0322 35.5767 143.9482
v 167.2154 35.5767 138.0000
v 169.1648 35.5767 132.2571
v 171.8472 35.5767 126.8178
v 175.2166 35.5767 121.7751
v 179.2154 35.5767 117.2154
v 183.7751 35.5767 113.2166
v 188.8178 35.5767 109.8472
v 194.2571 35.5767 107.1648
v 200.0000 35.5767 105.2154
v 205.9482 35.5767 104.0322
v 212.0000 35.5767 103.6356
v 218.0518 35.5767 104.0322
v 224.0000 35.5767 105.2154
v 229.7429 35.5767 107.1648
v 235.1822 35.5767 109.8472
v 240.2249 35.5767 113.2166
v 244.7846 35.5767 117.2154
v 248.7834 35.5767 121.7751
v 252.1528 35.5767 126.8178
v 254.8352 35.5767 132.2571
v 256.7846 35.5767 138.0000
v 257.9678 35.5767 143.9482
v 255.9668 29.6312 155.7883
v 256.3462 29.6312 150.0000
v 254.8352 29.6312 161.4776
v 252.9706 29.6312 166.9706
v 250.4050 29.6312 172.1731
v 247.1822 29.6312 176.9963
v 243.3575 29.6312 181.3575
v 238.9963 29.6312 185.1822
v 234.1731 29.6312 188.4050
v 228.9706 29.6312 190.9706
v 223.4776 29.6312 192.8352
v 217.7883 29.6312 193.9668
v 212.0000 29.6312 194.3462
v 206.2117 29.6312 193.9668
v 200.5224 29.6312 192.8352
v 195.0294 29.6312 190.9706
v 189.8269 29.6312 188.4050
v 185.0037 29.6312 185.1822
v 180.6425 29.6312 181.3575
v 176.8178 29.6312 176.9963
v 173.5950 29.6312 172.1731
v 171.0294 29.6312 166.9706
v 169.1648 29.6312 161.4776
v 168.0332 29.6312 155.7883
v 167.6538 29.6312 150.0000
v 168.0332 29.6312 144.2117
v 169.1648 29.6312 138.5224
v 171.0294 29.6312 133.0294
v 173.5950 29.6312 127.8269
v 176.8178 29.6312 123.0037
v 180.6425 29.6312 118.6425
v 185.0037 29.6312 114.8178
v 189.8269 29.6312 111.5950
v 195.0294 29.6312 109.0294
v 200.5224 29.6312 107.1648
v 206.2117 29.6312 106.0332
v 212.0000 29.6312 105.6538
v 217.7883 29.6312 106.0332
v 223.4776 29.6312 107.1648
v 228.9706 29.6312 109.0294
v 234.1731 29.6312 111.5950
v 238.9963 29.6312 114.8178
v 243.3575 29.6312 118.6425
v 247.1822 29.6312 123.0037
v 250.4050 29.6312 127.8269
v 252.9706 29.6312 133.0294
v 254.8352 29.6312 138.5224
v 255.9668 29.6312 144.2117
v 253.2136 24.0000 155.4259
v 253.5692 24.0000 150.0000
v 252.1528 24.0000 160.7589
v 250.4050 24.0000 165.9079
v 248.0000 24.0000 170.7846
v 244.9791 24.0000 175.3057
v 241.3939 24.0000 179.3939
v 237.3057 24.0000 182.9791
v 232.7846 24.0000 186.0000
v 227.9079 24.0000 188.4050
v 222.7589 24.0000 190.1528
v 217.4259 24.0000 191.2136
v 212.0000 24.0000 191.5692
v 206.5741 24.0000 191.2136
v 201.2411 24.0000 190.1528
v 196.0921 24.0000 188.4050
v 191.2154 24.0000 186.0000
v 186.6943 24.0000 182.9791
v 182.6061 24.0000 179.3939
v 179.0209 24.0000 175.3057
v 176.0000 24.0000 170.7846
v 173.5950 24.0000 165.9079
v 171.8472 24.0000 160.7589
v 170.7864 24.0000 155.4259
v 170.4308 24.0000 150.0000
v 170.7864 24.0000 144.5741
v 171.8472 24.0000 139.2411
v 173.5950 24.0000 134.0921
v 176.0000 24.0000 129.2154
v 179.0209 24.0000 124.6943
v 182.6061 24.0000 120.6061
v 186.6943 24.0000 117.0209
v 191.2154 24.0000 114.0000
v 196.0921 24.0000 111.5950
v 201.2411 24.0000 109.8472
v 206.5741 24.0000 108.7864
v 212.0000 24.0000 108.4308
v 217.4259 24.0000 108.7864
v 222.7589 24.0000 109.8472
v 227.9079 24.0000 111.5950
v 232.7846 24.0000 114.0000
v 237.3057 24.0000 117.0209
v 241.3939 24.0000 120.6061
v 244.9791 24.0000 124.6943
v 248.0000 24.0000 129.2154
v 250.4050 24.0000 134.0921
v 252.1528 24.0000 139.2411
v 253.2136 24.0000 144.5741
v 249.7552 18.7795 154.9706
v 250.0810 18.7795 150.0000
v 248.7834 18.7795 159.8561
v 247.1822 18.7795 164.5730
v 244.9791 18.7795 169.0405
v 242.2117 18.7795 173.1822
v 238.9273 18.7795 176.9273
v 235.1822 18.7795 180.2117
v 231.0405 18.7795 182.9791
v 226.5730 18.7795 185.1822
v 221.8561 18.7795 186.7834
v 216.9706 18.7795 187.7552
v 212.0000 18.7795 188.0810
v 207.0294 18.7795 187.7552
v 202.1439 18.7795 186.7834
v 197.4270 18.7795 185.1822
v 192.9595 18.7795 182.9791
v 188.8178 18.7795 180.2117
v 185.0727 18.7795 176.9273
v 181.7883 18.7795 173.1822
v 179.0209 18.7795 169.0405
v 176.8178 18.7795 164.5730
v 175.2166 18.7795 159.8561
v 174.2448 18.7795 154.9706
v 173.9190 18.7795 150.0000
v 174.2448 18.7795 145.0294
v 175.2166 18.7795 140.1439
v 176.8178 18.7795 135.4270
v 179.0209 18.7795 130.9595
v 181.7883 18.7795 126.8178
v 185.0727 18.7795 123.0727
v 188.8178 18.7795 119.7883
v 192.9595 18.7795 117.0209
v 197.4270 18.7795 114.8178
v 202.1439 18.7795 113.2166
v 207.0294 18.7795 112.2448
v 212.0000 18.7795 111.9190
v 216.9706 18.7795 112.2448
v 221.8561 18.7795 113.2166
v 226.5730 18.7795 114.8178
v 231.0405 18.7795 117.0209
v 235.1822 18.7795 119.7883
v 238.9273 18.7795 123.0727
v 242.2117 18.7795 126.8178
v 244.9791 18.7795 130.9595
v 247.1822 18.7795 135.4270
v 248.7834 18.7795 140.1439
v 249.7552 18.7795 145.0294
v 245.6508 14.0589 154.4302
v 245.9411 14.0589 150.0000
v 244.7846 14.0589 158.7846
v 243.3575 14.0589 162.9887
v 241.3939 14.0589 166.9706
v 238.9273 14.0589 170.6620
v 236.0000 14.0589 174.0000
v 232.6620 14.0589 176.9273
v 228.9706 14.0589 179.3939
v 224.9887 14.0589 181.3575
v 220.7846 14.0589 182.7846
v 216.4302 14.0589 183.6508
v 212.0000 14.0589 183.9411
v 207.5698 14.0589 183.6508
v 203.2154 14.0589 182.7846
v 199.0113 14.0589 181.3575
v 195.0294 14.0589 179.3939
v 191.3380 14.0589 176.9273
v 188.0000 14.0589 174.0000
v 185.0727 14.0589 170.6620
v 182.6061 14.0589 166.9706
v 180.6425 14.0589 162.9887
v 179.2154 14.0589 158.7846
v 178.3492 14.0589 154.4302
v 178.0589 14.0589 150.0000
v 178.3492 14.0589 145.5698
v 179.2154 14.0589 141.2154
v 180.6425 14.0589 137.0113
v 182.6061 14.0589 133.0294
v 185.0727 14.0589 129.3380
v 188.0000 14.0589 126.0000
v 191.3380 14.0589 123.0727
v 195.0294 14.0589 120.6061
v 199.0113 14.0589 118.6425
v 203.2154 14.0589 117.2154
v 207.5698 14.0589 116.3492
v 212.0000 14.0589 116.0589
v 216.4302 14.0589 116.3492
v 220.7846 14.0589 117.2154
v 224.9887 14.0589 118.6425
v 228.9706 14.0589 120.6061
v 232.6620 14.0589 123.0727
v 236.0000 14.0589 126.0000
v 238.9273 14.0589 129.3380
v 241.3939 14.0589 133.0294
v 243.3575 14.0589 137.0113
v 244.7846 14.0589 141.2154
v 245.6508 14.0589 145.5698
v 240.9706 9.9190 153.8140
v 241.2205 9.9190 150.0000
v 240.2249 9.9190 157.5628
v 238.9963 9.9190 161.1822
v 237.3057 9.9190 164.6103
v 235.1822 9.9190 167.7883
v 232.6620 9.9190 170.6620
v 229.7883 9.9190 173.1822
v 226.6103 9.9190 175.3057
v 223.1822 9.9190 176.9963
v 219.5628 9.9190 178.2249
v 215.8140 9.9190 178.9706
v 212.0000 9.9190 179.2205
v 208.1860 9.9190 178.9706
v 204.4372 9.9190 178.2249
v 200.8178 9.9190 176.9963
v 197.3897 9.9190 175.3057
v 194.2117 9.9190 173.1822
v 191.3380 9.9190 170.6620
v 188.8178 9.9190 167.7883
v 186.6943 9.9190 164.6103
v 185.0037 9.9190 161.1822
v 183.7751 9.9190 157.5628
v 183.0294 9.9190 153.8140
v 182.7795 9.9190 150.0000
v 183.0294 9.9190 146.1860
v 183.7751 9.9190 142.4372
v 185.0037 9.9190 138.8178
v 186.6943 9.9190 135.3897
v 188.8178 9.9190 132.2117
v 191.3380 9.9190 129.3380
v 194.2117 9.9190 126.8178
v 197.3897 9.9190 124.6943
v 200.8178 9.9190 123.0037
v 204.4372 9.9190 121.7751
v 208.1860 9.9190 121.0294
v 212.0000 9.9190 120.7795
v 215.8140 9.9190 121.0294
v 219.5628 9.9190 121.7751
v 223.1822 9.9190 123.0037
v 226.6103 9.9190 124.6943
v 229.7883 9.9190 126.8178
v 232.6620 9.9190 129.3380
v 235.1822 9.9190 132.2117
v 237.3057 9.9190 135.3897
v 238.9963 9.9190 138.8178
v 240.2249 9.9190 142.4372
v 240.9706 9.9190 146.1860
v 235.7947 6.4308 153.1326
v 236.0000 6.4308 150.0000
v 235.1822 6.4308 156.2117
v 234.1731 6.4308 159.1844
v 232.7846 6.4308 162.0000
v 231.0405 6.4308 164.6103
v 228.9706 6.4308 166.9706
v 226.6103 6.4308 169.0405
v 224.0000 6.4308 170.7846
v 221.1844 6.4308 172.1731
v 218.2117 6.4308 173.1822
v 215.1326 6.4308 173.7947
v 212.0000 6.4308 174.0000
v 208.8674 6.4308 173.7947
v 205.7883 6.4308 173.1822
v 202.8156 6.4308 172.1731
v 200.0000 6.4308 170.7846
v 197.3897 6.4308 169.0405
v 195.0294 6.4308 166.9706
v 192.9595 6.4308 164.6103
v 191.2154 6.4308 162.0000
v 189.8269 6.4308 159.1844
v 188.8178 6.4308 156.2117
v 188.2053 6.4308 153.1326
v 188.0000 6.4308 150.0000
v 188.2053 6.4308 146.8674
v 188.8178 6.4308 143.7883
v 189.8269 6.4308 140.8156
v 191.2154 6.4308 138.0000
v 192.9595 6.4308 135.3897
v 195.0294 6.4308 133.0294
v 197.3897 6.4308 130.9595
v 200.0000 6.4308 129.2154
v 202.8156 6.4308 127.8269
v 205.7883 6.4308 126.8178
v 208.8674 6.4308 126.2053
v 212.0000 6.4308 126.0000
v 215.1326 6.4308 126.2053
v 218.2117 6.4308 126.8178
v 221.1844 6.4308 127.8269
v 224.0000 6.4308 129.2154
v 226.6103 6.4308 130.9595
v 228.9706 6.4308 133.0294
v 231.0405 6.4308 135.3897
v 232.7846 6.4308 138.0000
v 234.1731 6.4308 140.8156
v 235.1822 6.4308 143.7883
v 235.7947 6.4308 146.8674
v 230.2117 3.6538 152.3976
v 230.3688 3.6538 150.0000
v 229.7429 3.6538 154.7542
v 228.9706 3.6538 157.0294
v 227.9079 3.6538 159.1844
v 226.5730 3.6538 161.1822
v 224.9887 3.6538 162.9887
v 223.1822 3.6538 164.5730
v 221.1844 3.6538 165.9079
v 219.0294 3.6538 166.9706
v 216.7542 3.6538 167.7429
v 214.3976 3.6538 168.2117
v 212.0000 3.6538 168.3688
v 209.6024 3.6538 168.2117
v 207.2458 3.6538 167.7429
v 204.9706 3.6538 166.9706
v 202.8156 3.6538 165.9079
v 200.8178 3.6538 164.5730
v 199.0113 3.6538 162.9887
v 197.4270 3.6538 161.1822
v 196.0921 3.6538 159.1844
v 195.0294 3.6538 157.0294
v 194.2571 3.6538 154.7542
v 193.7883 3.6538 152.3976
v 193.6312 3.6538 150.0000
v 193.7883 3.6538 147.6024
v 194.2571 3.6538 145.2458
v 195.0294 3.6538 142.9706
v 196.0921 3.6538 140.8156
v 197.4270 3.6538 138.8178
v 199.0113 3.6538 137.0113
v 200.8178 3.6538 135.4270
v 202.8156 3.6538 134.0921
v 204.9706 3.6538 133.0294
v 207.2458 3.6538 132.2571
v 209.6024 3.6538 131.7883
v 212.0000 3.6538 131.6312
v 214.3976 3.6538 131.7883
v 216.7542 3.6538 132.2571
v 219.0294 3.6538 133.0294
v 221.1844 3.6538 134.0921
v 223.1822 3.6538 135.4270
v 224.9887 3.6538 137.0113
v 226.5730 3.6538 138.8178
v 227.9079 3.6538 140.8156
v 228.9706 3.6538 142.9706
v 229.7429 3.6538 145.2458
v 230.2117 3.6538 147.6024
v 224.3170 1.6356 151.6216
v 224.4233 1.6356 150.0000
v 224.0000 1.6356 153.2154
v 223.4776 1.6356 154.7542
v 222.7589 1.6356 156.2117
v 221.8561 1.6356 157.5628
v 220.7846 1.6356 158.7846
v 219.5628 1.6356 159.8561
v 218.2117 1.6356 160.7589
v 216.7542 1.6356 161.4776
v 215.2154 1.6356 162.0000
v 213.6216 1.6356 162.3170
v 212.0000 1.6356 162.4233
v 210.3784 1.6356 162.3170
v 208.7846 1.6356 162.0000
v 207.2458 1.6356 161.4776
v 205.7883 1.6356 160.7589
v 204.4372 1.6356 159.8561
v 203.2154 1.6356 158.7846
v 202.1439 1.6356 157.5628
v 201.2411 1.6356 156.2117
v 200.5224 1.6356 154.7542
v 200.0000 1.6356 153.2154
v 199.6830 1.6356 151.6216
v 199.5767 1.6356 150.0000
v 199.6830 1.6356 148.3784
v 200.0000 1.6356 146.7846
v 200.5224 1.6356 145.2458
v 201.2411 1.6356 143.7883
v 202.1439 1.6356 142.4372
v 203.2154 1.6356 141.2154
v 204.4372 1.6356 140.1439
v 205.7883 1.6356 139.2411
v 207.2458 1.6356 138.5224
v 208.7846 1.6356 138.0000
v 210.3784 1.6356 137.6830
v 212.0000 1.6356 137.5767
v 213.6216 1.6356 137.6830
v 215.2154 1.6356 138.0000
v 216.7542 1.6356 138.5224
v 218.2117 1.6356 139.2411
v 219.5628 1.6356 140.1439
v 220.7846 1.6356 141.2154
v 221.8561 1.6356 142.4372
v 222.7589 1.6356 143.7883
v 223.4776 1.6356 145.2458
v 224.0000 1.6356 146.7846
v 224.3170 1.6356 148.3784
v 218.2117 0.4106 150.8178
v 218.2653 0.4106 150.0000
v 218.0518 0.4106 151.6216
v 217.7883 0.4106 152.3976
v 217.4259 0.4106 153.1326
v 216.9706 0.4106 153.8140
v 216.4302 0.4106 154.4302
v 215.8140 0.4106 154.9706
v 215.1326 0.4106 155.4259
v 214.3976 0.4106 155.7883
v 213.6216 0.4106 156.0518
v 212.8178 0.4106 156.2117
v 212.0000 0.4106 156.2653
v 211.1822 0.4106 156.2117
v 210.3784 0.4106 156.0518
v 209.6024 0.4106 155.7883
v 208.8674 0.4106 155.4259
v 208.1860 0.4106 154.9706
v 207.5698 0.4106 154.4302
v 207.0294 0.4106 153.8140
v 206.5741 0.4106 153.1326
v 206.2117 0.4106 152.3976
v 205.9482 0.4106 151.6216
v 205.7883 0.4106 150.8178
v 205.7347 0.4106 150.0000
v 205.7883 0.4106 149.1822
v 205.9482 0.4106 148.3784
v 206.2117 0.4106 147.6024
v 206.5741 0.4106 146.8674
v 207.0294 0.4106 146.1860
v 207.5698 0.4106 145.5698
v 208.1860 0.4106 145.0294
v 208.8674 0.4106 144.5741
v 209.6024 0.4106 144.2117
v 210.3784 0.4106 143.9482
v 211.1822 0.4106 143.7883
v 212.0000 0.4106 143.7347
v 212.8178 0.4106 143.7883
v 213.6216 0.4106 143.9482
v 214.3976 0.4106 144.2117
v 215.1326 0.4106 144.5741
v 215.8140 0.4106 145.0294
v 216.4302 0.4106 145.5698
v 216.9706 0.4106 146.1860
v 217.4259 0.4106 146.8674
v 217.7883 0.4106 147.6024
v 218.0518 0.4106 148.3784
v 218.2117 0.4106 149.1822
v 212.0000 0.0000 150.0000
v 103.0000 78.0000 88.0000
v 109.0258 77.5198 88.9544
v 109.1009 77.5198 88.0000
v 108.8023 77.5198 89.8853
v 108.4360 77.5198 90.7698
v 107.9358 77.5198 91.5860
v 107.3140 77.5198 92.3140
v 106.5860 77.5198 92.9358
v 105.7698 77.5198 93.4360
v 104.8853 77.5198 93.8023
v 103.9544 77.5198 94.0258
v 103.0000 77.5198 94.1009
v 102.0456 77.5198 94.0258
v 101.1147 77.5198 93.8023
v 100.2302 77.5198 93.4360
v 99.4140 77.5198 92.9358
v 98.6860 77.5198 92.3140
v 98.0642 77.5198 91.5860
v 97.5640 77.5198 90.7698
v 97.1977 77.5198 89.8853
v 96.9742 77.5198 88.9544
v 96.8991 77.5198 88.0000
v 96.9742 77.5198 87.0456
v 97.1977 77.5198 86.1147
v 97.5640 77.5198 85.2302
v 98.0642 77.5198 84.4140
v 98.6860 77.5198 83.6860
v 99.4140 77.5198 83.0642
v 100.2302 77.5198 82.5640
v 101.1147 77.5198 82.1977
v 102.0456 77.5198 81.9742
v 103.0000 77.5198 81.8991
v 103.9544 77.5198 81.9742
v 104.8853 77.5198 82.1977
v 105.7698 77.5198 82.5640
v 106.5860 77.5198 83.0642
v 107.3140 77.5198 83.6860
v 107.9358 77.5198 84.4140
v 108.4360 77.5198 85.2302
v 108.8023 77.5198 86.1147
v 109.0258 77.5198 87.0456
v 114.9033 76.0912 89.8853
v 115.0517 76.0912 88.0000
v 114.4618 76.0912 91.7242
v 113.7381 76.0912 93.4713
v 112.7500 76.0912 95.0838
v 111.5218 76.0912 96.5218
v 110.0838 76.0912 97.7500
v 108.4713 76.0912 98.7381
v 106.7242 76.0912 99.4618
v 104.8853 76.0912 99.9033
v 103.0000 76.0912 100.0517
v 101.1147 76.0912 99.9033
v 99.2758 76.0912 99.4618
v 97.5287 76.0912 98.7381
v 95.9162 76.0912 97.7500
v 94.4782 76.0912 96.5218
v 93.2500 76.0912 95.0838
v 92.2619 76.0912 93.4713
v 91.5382 76.0912 91.7242
v 91.0967 76.0912 89.8853
v 90.9483 76.0912 88.0000
v 91.0967 76.0912 86.1147
v 91.5382 76.0912 84.2758
v 92.2619 76.0912 82.5287
v 93.2500 76.0912 80.9162
v 94.4782 76.0912 79.4782
v 95.9162 76.0912 78.2500
v 97.5287 76.0912 77.2619
v 99.2758 76.0912 76.5382
v 101.1147 76.0912 76.0967
v 103.0000 76.0912 75.9483
v 104.8853 76.0912 76.0967
v 106.7242 76.0912 76.5382
v 108.4713 76.0912 77.2619
v 110.0838 76.0912 78.2500
v 111.5218 76.0912 79.4782
v 112.7500 76.0912 80.9162
v 113.7381 76.0912 82.5287
v 114.4618 76.0912 84.2758
v 114.9033 76.0912 86.1147
v 120.4876 73.7493 90.7698
v 120.7056 73.7493 88.0000
v 119.8391 73.7493 93.4713
v 118.7758 73.7493 96.0382
v 117.3242 73.7493 98.4071
v 115.5198 73.7493 100.5198
v 113.4071 73.7493 102.3242
v 111.0382 73.7493 103.7758
v 108.4713 73.7493 104.8391
v 105.7698 73.7493 105.4876
v 103.0000 73.7493 105.7056
v 100.2302 73.7493 105.4876
v 97.5287 73.7493 104.8391
v 94.9618 73.7493 103.7758
v 92.5929 73.7493 102.3242
v 90.4802 73.7493 100.5198
v 88.6758 73.7493 98.4071
v 87.2242 73.7493 96.0382
v 86.1609 73.7493 93.4713
v 85.5124 73.7493 90.7698
v 85.2944 73.7493 88.0000
v 85.5124 73.7493 85.2302
v 86.1609 73.7493 82.5287
v 87.2242 73.7493 79.9618
v 88.6758 73.7493 77.5929
v 90.4802 73.7493 75.4802
v 92.5929 73.7493 73.6758
v 94.9618 73.7493 72.2242
v 97.5287 73.7493 71.1609
v 100.2302 73.7493 70.5124
v 103.0000 73.7493 70.2944
v 105.7698 73.7493 70.5124
v 108.4713 73.7493 71.1609
v 111.0382 73.7493 72.2242
v 113.4071 73.7493 73.6758
v 115.5198 73.7493 75.4802
v 117.3242 73.7493 77.5929
v 118.7758 73.7493 79.9618
v 119.8391 73.7493 82.5287
v 120.4876 73.7493 85.2302
v 125.6414 70.5517 91.5860
v 125.9236 70.5517 88.0000
v 124.8017 70.5517 95.0838
v 123.4251 70.5517 98.4071
v 121.5456 70.5517 101.4742
v 119.2095 70.5517 104.2095
v 116.4742 70.5517 106.5456
v 113.4071 70.5517 108.4251
v 110.0838 70.5517 109.8017
v 106.5860 70.5517 110.6414
v 103.0000 70.5517 110.9236
v 99.4140 70.5517 110.6414
v 95.9162 70.5517 109.8017
v 92.5929 70.5517 108.4251
v 89.5258 70.5517 106.5456
v 86.7905 70.5517 104.2095
v 84.4544 70.5517 101.4742
v 82.5749 70.5517 98.4071
v 81.1983 70.5517 95.0838
v 80.3586 70.5517 91.5860
v 80.0764 70.5517 88.0000
v 80.3586 70.5517 84.4140
v 81.1983 70.5517 80.9162
v 82.5749 70.5517 77.5929
v 84.4544 70.5517 74.5258
v 86.7905 70.5517 71.7905
v 89.5258 70.5517 69.4544
v 92.5929 70.5517 67.5749
v 95.9162 70.5517 66.1983
v 99.4140 70.5517 65.3586
v 103.0000 70.5517 65.0764
v 106.5860 70.5517 65.3586
v 110.0838 70.5517 66.1983
v 113.4071 70.5517 67.5749
v 116.4742 70.5517 69.4544
v 119.2095 70.5517 71.7905
v 121.5456 70.5517 74.5258
v 123.4251 70.5517 77.5929
v 124.8017 70.5517 80.9162
v 125.6414 70.5517 84.4140
v 130.2376 66.5772 92.3140
v 130.5772 66.5772 88.0000
v 129.2274 66.5772 96.5218
v 127.5714 66.5772 100.5198
v 125.3104 66.5772 104.2095
v 122.5000 66.5772 107.5000
v 119.2095 66.5772 110.3104
v 115.5198 66.5772 112.5714
v 111.5218 66.5772 114.2274
v 107.3140 66.5772 115.2376
v 103.0000 66.5772 115.5772
v 98.6860 66.5772 115.2376
v 94.4782 66.5772 114.2274
v 90.4802 66.5772 112.5714
v 86.7905 66.5772 110.3104
v 83.5000 66.5772 107.5000
v 80.6896 66.5772 104.2095
v 78.4286 66.5772 100.5198
v 76.7726 66.5772 96.5218
v 75.7624 66.5772 92.3140
v 75.4228 66.5772 88.0000
v 75.7624 66.5772 83.6860
v 76.7726 66.5772 79.4782
v 78.4286 66.5772 75.4802
v 80.6896 66.5772 71.7905
v 83.5000 66.5772 68.5000
v 86.7905 66.5772 65.6896
v 90.4802 66.5772 63.4286
v 94.4782 66.5772 61.7726
v 98.6860 66.5772 60.7624
v 103.0000 66.5772 60.4228
v 107.3140 66.5772 60.7624
v 111.5218 66.5772 61.7726
v 115.5198 66.5772 63.4286
v 119.2095 66.5772 65.6896
v 122.5000 66.5772 68.5000
v 125.3104 66.5772 71.7905
v 127.5714 66.5772 75.4802
v 129.2274 66.5772 79.4782
v 130.2376 66.5772 83.6860
v 134.1632 61.9236 92.9358
v 134.5517 61.9236 88.0000
v 133.0074 61.9236 97.7500
v 131.1127 61.9236 102.3242
v 128.5258 61.9236 106.5456
v 125.3104 61.9236 110.3104
v 121.5456 61.9236 113.5258
v 117.3242 61.9236 116.1127
v 112.7500 61.9236 118.0074
v 107.9358 61.9236 119.1632
v 103.0000 61.9236 119.5517
v 98.0642 61.9236 119.1632
v 93.2500 61.9236 118.0074
v 88.6758 61.9236 116.1127
v 84.4544 61.9236 113.5258
v 80.6896 61.9236 110.3104
v 77.4742 61.9236 106.5456
v 74.8873 61.9236 102.3242
v 72.9926 61.9236 97.7500
v 71.8368 61.9236 92.9358
v 71.4483 61.9236 88.0000
v 71.8368 61.9236 83.0642
v 72.9926 61.9236 78.2500
v 74.8873 61.9236 73.6758
v 77.4742 61.9236 69.4544
v 80.6896 61.9236 65.6896
v 84.4544 61.9236 62.4742
v 88.6758 61.9236 59.8873
v 93.2500 61.9236 57.9926
v 98.0642 61.9236 56.8368
v 103.0000 61.9236 56.4483
v 107.9358 61.9236 56.8368
v 112.7500 61.9236 57.9926
v 117.3242 61.9236 59.8873
v 121.5456 61.9236 62.4742
v 125.3104 61.9236 65.6896
v 128.5258 61.9236 69.4544
v 131.1127 61.9236 73.6758
v 133.0074 61.9236 78.2500
v 134.1632 61.9236 83.0642
v 137.3214 56.7056 93.4360
v 137.7493 56.7056 88.0000
v 136.0485 56.7056 98.7381
v 133.9618 56.7056 103.7758
v 131.1127 56.7056 108.4251
v 127.5714 56.7056 112.5714
v 123.4251 56.7056 116.1127
v 118.7758 56.7056 118.9618
v 113.7381 56.7056 121.0485
v 108.4360 56.7056 122.3214
v 103.0000 56.7056 122.7493
v 97.5640 56.7056 122.3214
v 92.2619 56.7056 121.0485
v 87.2242 56.7056 118.9618
v 82.5749 56.7056 116.1127
v 78.4286 56.7056 112.5714
v 74.8873 56.7056 108.4251
v 72.0382 56.7056 103.7758
v 69.9515 56.7056 98.7381
v 68.6786 56.7056 93.4360
v 68.2507 56.7056 88.0000
v 68.6786 56.7056 82.5640
v 69.9515 56.7056 77.2619
v 72.0382 56.7056 72.2242
v 74.8873 56.7056 67.5749
v 78.4286 56.7056 63.4286
v 82.5749 56.7056 59.8873
v 87.2242 56.7056 57.0382
v 92.2619 56.7056 54.9515
v 97.5640 56.7056 53.6786
v 103.0000 56.7056 53.2507
v 108.4360 56.7056 53.6786
v 113.7381 56.7056 54.9515
v 118.7758 56.7056 57.0382
v 123.4251 56.7056 59.8873
v 127.5714 56.7056 63.4286
v 131.1127 56.7056 67.5749
v 133.9618 56.7056 72.2242
v 136.0485 56.7056 77.2619
v 137.3214 56.7056 82.5640
v 139.6345 51.0517 93.8023
v 140.0912 51.0517 88.0000
v 138.2758 51.0517 99.4618
v 136.0485 51.0517 104.8391
v 133.0074 51.0517 109.8017
v 129.2274 51.0517 114.2274
v 124.8017 51.0517 118.0074
v 119.8391 51.0517 121.0485
v 114.4618 51.0517 123.2758
v 108.8023 51.0517 124.6345
v 103.0000 51.0517 125.0912
v 97.1977 51.0517 124.6345
v 91.5382 51.0517 123.2758
v 86.1609 51.0517 121.0485
v 81.1983 51.0517 118.0074
v 76.7726 51.0517 114.2274
v 72.9926 51.0517 109.8017
v 69.9515 51.0517 104.8391
v 67.7242 51.0517 99.4618
v 66.3655 51.0517 93.8023
v 65.9088 51.0517 88.0000
v 66.3655 51.0517 82.1977
v 67.7242 51.0517 76.5382
v 69.9515 51.0517 71.1609
v 72.9926 51.0517 66.1983
v 76.7726 51.0517 61.7726
v 81.1983 51.0517 57.9926
v 86.1609 51.0517 54.9515
v 91.5382 51.0517 52.7242
v 97.1977 51.0517 51.3655
v 103.0000 51.0517 50.9088
v 108.8023 51.0517 51.3655
v 114.4618 51.0517 52.7242
v 119.8391 51.0517 54.9515
v 124.8017 51.0517 57.9926
v 129.2274 51.0517 61.7726
v 133.0074 51.0517 66.1983
v 136.0485 51.0517 71.1609
v 138.2758 51.0517 76.5382
v 139.6345 51.0517 82.1977
v 141.0456 45.1009 94.0258
v 141.5198 45.1009 88.0000
v 139.6345 45.1009 99.9033
v 137.3214 45.1009 105.4876
v 134.1632 45.1009 110.6414
v 130.2376 45.1009 115.2376
v 125.6414 45.1009 119.1632
v 120.4876 45.1009 122.3214
v 114.9033 45.1009 124.6345
v 109.0258 45.1009 126.0456
v 103.0000 45.1009 126.5198
v 96.9742 45.1009 126.0456
v 91.0967 45.1009 124.6345
v 85.5124 45.1009 122.3214
v 80.3586 45.1009 119.1632
v 75.7624 45.1009 115.2376
v 71.8368 45.1009 110.6414
v 68.6786 45.1009 105.4876
v 66.3655 45.1009 99.9033
v 64.9544 45.1009 94.0258
v 64.4802 45.1009 88.0000
v 64.9544 45.1009 81.9742
v 66.3655 45.1009 76.0967
v 68.6786 45.1009 70.5124
v 71.8368 45.1009 65.3586
v 75.7624 45.1009 60.7624
v 80.3586 45.1009 56.8368
v 85.5124 45.1009 53.6786
v 91.0967 45.1009 51.3655
v 96.9742 45.1009 49.9544
v 103.0000 45.1009 49.4802
v 109.0258 45.1009 49.9544
v 114.9033 45.1009 51.3655
v 120.4876 45.1009 53.6786
v 125.6414 45.1009 56.8368
v 130.2376 45.1009 60.7624
v 134.1632 45.1009 65.3586
v 137.3214 45.1009 70.5124
v 139.6345 45.1009 76.0967
v 141.0456 45.1009 81.9742
v 141.5198 39.0000 94.1009
v 142.0000 39.0000 88.0000
v 140.0912 39.0000 100.0517
v 137.7493 39.0000 105.7056
v 134.5517 39.0000 110.9236
v 130.5772 39.0000 115.5772
v 125.9236 39.0000 119.5517
v 120.7056 39.0000 122.7493
v 115.0517 39.0000 125.0912
v 109.1009 39.0000 126.5198
v 103.0000 39.0000 127.0000
v 96.8991 39.0000 126.5198
v 90.9483 39.0000 125.0912
v 85.2944 39.0000 122.7493
v 80.0764 39.0000 119.5517
v 75.4228 39.0000 115.5772
v 71.4483 39.0000 110.9236
v 68.2507 39.0000 105.7056
v 65.9088 39.0000 100.0517
v 64.4802 39.0000 94.1009
v 64.0000 39.0000 88.0000
v 64.4802 39.0000 81.8991
v 65.9088 39.0000 75.9483
v 68.2507 39.0000 70.2944
v 71.4483 39.0000 65.0764
v 75.4228 39.0000 60.4228
v 80.0764 39.0000 56.4483
v 85.2944 39.0000 53.2507
v 90.9483 39.0000 50.9088
v 96.8991 39.0000 49.4802
v 103.0000 39.0000 49.0000
v 109.1009 39.0000 49.4802
v 115.0517 39.0000 50.9088
v 120.7056 39.0000 53.2507
v 125.9236 39.0000 56.4483
v 130.5772 39.0000 60.4228
v 134.5517 39.0000 65.0764
v 137.7493 39.0000 70.2944
v 140.0912 39.0000 75.9483
v 141.5198 39.0000 81.8991
v 141.0456 32.8991 94.0258
v 141.5198 32.8991 88.0000
v 139.6345 32.8991 99.9033
v 137.3214 32.8991 105.4876
v 134.1632 32.8991 110.6414
v 130.2376 32.8991 115.2376
v 125.6414 32.8991 119.1632
v 120.4876 32.8991 122.3214
v 114.9033 32.8991 124.6345
v 109.0258 32.8991 126.0456
v 103.0000 32.8991 126.5198
v 96.9742 32.8991 126.0456
v 91.0967 32.8991 124.6345
v 85.5124 32.8991 122.3214
v 80.3586 32.8991 119.1632
v 75.7624 32.8991 115.2376
v 71.8368 32.8991 110.6414
v 68.6786 32.8991 105.4876
v 66.3655 32.8991 99.9033
v 64.9544 32.8991 94.0258
v 64.4802 32.8991 88.0000
v 64.9544 32.8991 81.9742
v 66.3655 32.8991 76.0967
v 68.6786 32.8991 70.5124
v 71.8368 32.8991 65.3586
v 75.7624 32.8991 60.7624
v 80.3586 32.8991 56.8368
v 85.5124 32.8991 53.6786
v 91.0967 32.8991 51.3655
v 96.9742 32.8991 49.9544
v 103.0000 32.8991 49.4802
v 109.0258 32.8991 49.9544
v 114.9033 32.8991 51.3655
v 120.4876 32.8991 53.6786
v 125.6414 32.8991 56.8368
v 130.2376 32.8991 60.7624
v 134.1632 32.8991 65.3586
v 137.3214 32.8991 70.5124
v 139.6345 32.8991 76.0967
v 141.0456 32.8991 81.9742
v 139.6345 26.9483 93.8023
v 140.0912 26.9483 88.0000
v 138.2758 26.9483 99.4618
v 136.0485 26.9483 104.8391
v 133.0074 26.9483 109.8017
v 129.2274 26.9483 114.2274
v 124.8017 26.9483 118.0074
v 119.8391 26.9483 121.0485
v 114.4618 26.9483 123.2758
v 108.8023 26.9483 124.6345
v 103.0000 26.9483 125.0912
v 97.1977 26.9483 124.6345
v 91.5382 26.9483 123.2758
v 86.1609 26.9483 121.0485
v 81.1983 26.9483 118.0074
v 76.7726 26.9483 114.2274
v 72.9926 26.9483 109.8017
v 69.9515 26.9483 104.8391
v 67.7242 26.9483 99.4618
v 66.3655 26.9483 93.8023
v 65.9088 26.9483 88.0000
v 66.3655 26.9483 82.1977
v 67.7242 26.9483 76.5382
v 69.9515 26.9483 71.1609
v 72.9926 26.9483 66.1983
v 76.7726 26.9483 61.7726
v 81.1983 26.9483 57.9926
v 86.1609 26.9483 54.9515
v 91.5382 26.9483 52.7242
v 97.1977 26.9483 51.3655
v 103.0000 26.9483 50.9088
v 108.8023 26.9483 51.3655
v 114.4618 26.9483 52.7242
v 119.8391 26.9483 54.9515
v 124.8017 26.9483 57.9926
v 129.2274 26.9483 61.7726
v 133.0074 26.9483 66.1983
v 136.0485 26.9483 71.1609
v 138.2758 26.9483 76.5382
v 139.6345 26.9483 82.1977
v 137.3214 21.2944 93.4360
v 137.7493 21.2944 88.0000
v 136.0485 21.2944 98.7381
v 133.9618 21.2944 103.7758
v 131.1127 21.2944 108.4251
v 127.5714 21.2944 112.5714
v 123.4251 21.2944 116.1127
v 118.7758 21.2944 118.9618
v 113.7381 21.2944 121.0485
v 108.4360 21.2944 122.3214
v 103.0000 21.2944 122.7493
v 97.5640 21.2944 122.3214
v 92.2619 21.2944 121.0485
v 87.2242 21.2944 118.9618
v 82.5749 21.2944 116.1127
v 78.4286 21.2944 112.5714
v 74.8873 21.2944 108.4251
v 72.0382 21.2944 103.7758
v 69.9515 21.2944 98.7381
v 68.6786 21.2944 93.4360
v 68.2507 21.2944 88.0000
v 68.6786 21.2944 82.5640
v 69.9515 21.2944 77.2619
v 72.0382 21.2944 72.2242
v 74.8873 21.2944 67.5749
v 78.4286 21.2944 63.4286
v 82.5749 21.2944 59.8873
v 87.2242 21.2944 57.0382
v 92.2619 21.2944 54.9515
v 97.5640 21.2944 53.6786
v 103.0000 21.2944 53.2507
v 108.4360 21.2944 53.6786
v 113.7381 21.2944 54.9515
v 118.7758 21.2944 57.0382
v 123.4251 21.2944 59.8873
v 127.5714 21.2944 63.4286
v 131.1127 21.2944 67.5749
v 133.9618 21.2944 72.2242
v 136.0485 21.2944 77.2619
v 137.3214 21.2944 82.5640
v 134.1632 16.0764 92.9358
v 134.5517 16.0764 88.0000
v 133.0074 16.0764 97.7500
v 131.1127 16.0764 102.3242
v 128.5258 16.0764 106.5456
v 125.3104 16.0764 110.3104
v 121.5456 16.0764 113.5258
v 117.3242 16.0764 116.1127
v 112.7500 16.0764 118.0074
v 107.9358 16.0764 119.1632
v 103.0000 16.0764 119.5517
v 98.0642 16.0764 119.1632
v 93.2500 16.0764 118.0074
v 88.6758 16.0764 116.1127
v 84.4544 16.0764 113.5258
v 80.6896 16.0764 110.3104
v 77.4742 16.0764 106.5456
v 74.8873 16.0764 102.3242
v 72.9926 16.0764 97.7500
v 71.8368 16.0764 92.9358
v 71.4483 16.0764 88.0000
v 71.8368 16.0764 83.0642
v 72.9926 16.0764 78.2500
v 74.8873 16.0764 73.6758
v 77.4742 16.0764 69.4544
v 80.6896 16.0764 65.6896
v 84.4544 16.0764 62.4742
v 88.6758 16.0764 59.8873
v 93.2500 16.0764 57.9926
v 98.0642 16.0764 56.8368
v 103.0000 16.0764 56.4483
v 107.9358 16.0764 56.8368
v 112.7500 16.0764 57.9926
v 117.3242 16.0764 59.8873
v 121.5456 16.0764 62.4742
v 125.3104 16.0764 65.6896
v 128.5258 16.0764 69.4544
v 131.1127 16.0764 73.6758
v 133.0074 16.0764 78.2500
v 134.1632 16.0764 83.0642
v 130.2376 11.4228 92.3140
v 130.5772 11.4228 88.0000
v 129.2274 11.4228 96.5218
v 127.5714 11.4228 100.5198
v 125.3104 11.4228 104.2095
v 122.5000 11.4228 107.5000
v 119.2095 11.4228 110.3104
v 115.5198 11.4228 112.5714
v 111.5218 11.4228 114.2274
v 107.3140 11.4228 115.2376
v 103.0000 11.4228 115.5772
v 98.6860 11.4228 115.2376
v 94.4782 11.4228 114.2274
v 90.4802 11.4228 112.5714
v 86.7905 11.4228 110.3104
v 83.5000 11.4228 107.5000
v 80.6896 11.4228 104.2095
v 78.4286 11.4228 100.5198
v 76.7726 11.4228 96.5218
v 75.7624 11.4228 92.3140
v 75.4228 11.4228 88.0000
v 75.7624 11.4228 83.6860
v 76.7726 11.4228 79.4782
v 78.4286 11.4228 75.4802
v 80.6896 11.4228 71.7905
v 83.5000 11.4228 68.5000
v 86.7905 11.4228 65.6896
v 90.4802 11.4228 63.4286
v 94.4782 11.4228 61.7726
v 98.6860 11.4228 60.7624
v 103.0000 11.4228 60.4228
v 107.3140 11.4228 60.7624
v 111.5218 11.4228 61.7726
v 115.5198 11.4228 63.4286
v 119.2095 11.4228 65.6896
v 122.5000 11.4228 68.5000
v 125.3104 11.4228 71.7905
v 127.5714 11.4228 75.4802
v 129.2274 11.4228 79.4782
v 130.2376 11.4228 83.6860
v 125.6414 7.4483 91.5860
v 125.9236 7.4483 88.0000
v 124.8017 7.4483 95.0838
v 123.4251 7.4483 98.4071
v 121.5456 7.4483 101.4742
v 119.2095 7.4483 104.2095
v 116.4742 7.4483 106.5456
v 113.4071 7.4483 108.4251
v 110.0838 7.4483 109.8017
v 106.5860 7.4483 110.6414
v 103.0000 7.4483 110.9236
v 99.4140 7.4483 110.6414
v 95.9162 7.4483 109.8017
v 92.5929 7.4483 108.4251
v 89.5258 7.4483 106.5456
v 86.7905 7.4483 104.2095
v 84.4544 7.4483 101.4742
v 82.5749 7.4483 98.4071
v 81.1983 7.4483 95.0838
v 80.3586 7.4483 91.5860
v 80.0764 7.4483 88.0000
v 80.3586 7.4483 84.4140
v 81.1983 7.4483 80.9162
v 82.5749 7.4483 77.5929
v 84.4544 7.4483 74.5258
v 86.7905 7.4483 71.7905
v 89.5258 7.4483 69.4544
v 92.5929 7.4483 67.5749
v 95.9162 7.4483 66.1983
v 99.4140 7.4483 65.3586
v 103.0000 7.4483 65.0764
v 106.5860 7.4483 65.3586
v 110.0838 7.4483 66.1983
v 113.4071 7.4483 67.5749
v 116.4742 7.4483 69.4544
v 119.2095 7.4483 71.7905
v 121.5456 7.4483 74.5258
v 123.4251 7.4483 77.5929
v 124.8017 7.4483 80.9162
v 125.6414 7.4483 84.4140
v 120.4876 4.2507 90.7698
v 120.7056 4.2507 88.0000
v 119.8391 4.2507 93.4713
v 118.7758 4.2507 96.0382
v 117.3242 4.2507 98.4071
v 115.5198 4.2507 100.5198
v 113.4071 4.2507 102.3242
v 111.0382 4.2507 103.7758
v 108.4713 4.2507 104.8391
v 105.7698 4.2507 105.4876
v 103.0000 4.2507 105.7056
v 100.2302 4.2507 105.4876
v 97.5287 4.2507 104.8391
v 94.9618 4.2507 103.7758
v 92.5929 4.2507 102.3242
v 90.4802 4.2507 100.5198
v 88.6758 4.2507 98.4071
v 87.2242 4.2507 96.0382
v 86.1609 4.2507 93.4713
v 85.5124 4.2507 90.7698
v 85.2944 4.2507 88.0000
v 85.5124 4.2507 85.2302
v 86.1609 4.2507 82.5287
v 87.2242 4.2507 79.9618
v 88.6758 4.2507 77.5929
v 90.4802 4.2507 75.4802
v 92.5929 4.2507 73.6758
v 94.9618 4.2507 72.2242
v 97.5287 4.2507 71.1609
v 100.2302 4.2507 70.5124
v 103.0000 4.2507 70.2944
v 105.7698 4.2507 70.5124
v 108.4713 4.2507 71.1609
v 111.0382 4.2507 72.2242
v 113.4071 4.2507 73.6758
v 115.5198 4.2507 75.4802
v 117.3242 4.2507 77.5929
v 118.7758 4.2507 79.9618
v 119.8391 4.2507 82.5287
v 120.4876 4.2507 85.2302
v 114.9033 1.9088 89.8853
v 115.0517 1.9088 88.0000
v 114.4618 1.9088 91.7242
v 113.7381 1.9088 93.4713
v 112.7500 1.9088 95.0838
v 111.5218 1.9088 96.5218
v 110.0838 1.9088 97.7500
v 108.4713 1.9088 98.7381
v 106.7242 1.9088 99.4618
v 104.8853 1.9088 99.9033
v 103.0000 1.9088 100.0517
v 101.1147 1.9088 99.9033
v 99.2758 1.9088 99.4618
v 97.5287 1.9088 98.7381
v 95.9162 1.9088 97.7500
v 94.4782 1.9088 96.5218
v 93.2500 1.9088 95.0838
v 92.2619 1.9088 93.4713
v 91.5382 1.9088 91.7242
v 91.0967 1.9088 89.8853
v 90.9483 1.9088 88.0000
v 91.0967 1.9088 86.1147
v 91.5382 1.9088 84.2758
v 92.2619 1.9088 82.5287
v 93.2500 1.9088 80.9162
v 94.4782 1.9088 79.4782
v 95.9162 1.9088 78.2500
v 97.5287 1.9088 77.2619
v 99.2758 1.9088 76.5382
v 101.1147 1.9088 76.0967
v 103.0000 1.9088 75.9483
v 104.8853 1.9088 76.0967
v 106.7242 1.9088 76.5382
v 108.4713 1.9088 77.2619
v 110.0838 1.9088 78.2500
v 111.5218 1.9088 79.4782
v 112.7500 1.9088 80.9162
v 113.7381 1.9088 82.5287
v 114.4618 1.9088 84.2758
v 114.9033 1.9088 86.1147
v 109.0258 0.4802 88.9544
v 109.1009 0.4802 88.0000
v 108.8023 0.4802 89.8853
v 108.4360 0.4802 90.7698
v 107.9358 0.4802 91.5860
v 107.3140 0.4802 92.3140
v 106.5860 0.4802 92.9358
v 105.7698 0.4802 93.4360
v 104.8853 0.4802 93.8023
v 103.9544 0.4802 94.0258
v 103.0000 0.4802 94.1009
v 102.0456 0.4802 94.0258
v 101.1147 0.4802 93.8023
v 100.2302 0.4802 93.4360
v 99.4140 0.4802 92.9358
v 98.6860 0.4802 92.3140
v 98.0642 0.4802 91.5860
v 97.5640 0.4802 90.7698
v 97.1977 0.4802 89.8853
v 96.9742 0.4802 88.9544
v 96.8991 0.4802 88.0000
v 96.9742 0.4802 87.0456
v 97.1977 0.4802 86.1147
v 97.5640 0.4802 85.2302
v 98.0642 0.4802 84.4140
v 98.6860 0.4802 83.6860
v 99.4140 0.4802 83.0642
v 100.2302 0.4802 82.5640
v 101.1147 0.4802 82.1977
v 102.0456 0.4802 81.9742
v 103.0000 0.4802 81.8991
v 103.9544 0.4802 81.9742
v 104.8853 0.4802 82.1977
v 105.7698 0.4802 82.5640
v 106.5860 0.4802 83.0642
v 107.3140 0.4802 83.6860
v 107.9358 0.4802 84.4140
v 108.4360 0.4802 85.2302
v 108.8023 0.4802 86.1147
v 109.0258 0.4802 87.0456
v 103.0000 0.0000 88.0000
vn 0.000000 1.000000 0.000000
vn 0.000000 -1.000000 0.000000
vn 0.000000 0.000000 -1.000000
vn 1.000000 0.000000 0.000000
vn -1.000000 0.000000 0.000000
vn 0.000000 0.000000 1.000000
vn 0.129410 0.991445 0.017037
vn 0.130526 0.991445 0.000000
vn 0.126079 0.991445 0.033783
vn 0.120590 0.991445 0.049950
vn 0.113039 0.991445 0.065263
vn 0.103553 0.991445 0.079459
vn 0.092296 0.991445 0.092296
vn 0.079459 0.991445 0.103553
vn 0.065263 0.991445 0.113039
vn 0.049950 0.991445 0.120590
vn 0.033783 0.991445 0.126079
vn 0.017037 0.991445 0.129410
vn 0.000000 0.991445 0.130526
vn -0.017037 0.991445 0.129410
vn -0.033783 0.991445 0.126079
vn -0.049950 0.991445 0.120590
vn -0.065263 0.991445 0.113039
vn -0.079459 0.991445 0.103553
vn -0.092296 0.991445 0.092296
vn -0.103553 0.991445 0.079459
vn -0.113039 0.991445 0.065263
vn -0.120590 0.991445 0.049950
vn -0.126079 0.991445 0.033783
vn -0.129410 0.991445 0.017037
vn -0.130526 0.991445 0.000000
vn -0.129410 0.991445 -0.017037
vn -0.126079 0.991445 -0.033783
vn -0.120590 0.991445 -0.049950
vn -0.113039 0.991445 -0.065263
vn -0.103553 0.991445 -0.079459
vn -0.092296 0.991445 -0.092296
vn -0.079459 0.991445 -0.103553
vn -0.065263 0.991445 -0.113039
vn -0.049950 0.991445 -0.120590
vn -0.033783 0.991445 -0.126079
vn -0.017037 0.991445 -0.129410
vn -0.000000 0.991445 -0.130526
vn 0.017037 0.991445 -0.129410
vn 0.033783 0.991445 -0.126079
vn 0.049950 0.991445 -0.120590
vn 0.065263 0.991445 -0.113039
vn 0.079459 0.991445 -0.103553
vn 0.092296 0.991445 -0.092296
vn 0.103553 0.991445 -0.079459
vn 0.113039 0.991445 -0.065263
vn 0.120590 0.991445 -0.049950
vn 0.126079 0.991445 -0.033783
vn 0.129410 0.991445 -0.017037
vn 0.256605 0.965926 0.033783
vn 0.258819 0.965926 0.000000
vn 0.250000 0.965926 0.066987
vn 0.239118 0.965926 0.099046
vn 0.224144 0.965926 0.129410
vn 0.205335 0.965926 0.157559
vn 0.183013 0.965926 0.183013
vn 0.157559 0.965926 0.205335
vn 0.129410 0.965926 0.224144
vn 0.099046 0.965926 0.239118
vn 0.066987 0.965926 0.250000
vn 0.033783 0.965926 0.256605
vn 0.000000 0.965926 0.258819
vn -0.033783 0.965926 0.256605
vn -0.066987 0.965926 0.250000
vn -0.099046 0.965926 0.239118
vn -0.129410 0.965926 0.224144
vn -0.157559 0.965926 0.205335
vn -0.183013 0.965926 0.183013
vn -0.205335 0.965926 0.157559
vn -0.224144 0.965926 0.129410
vn -0.239118 0.965926 0.099046
vn -0.250000 0.965926 0.066987
vn -0.256605 0.965926 0.033783
vn -0.258819 0.965926 0.000000
vn -0.256605 0.965926 -0.033783
vn -0.250000 0.965926 -0.066987
vn -0.239118 0.965926 -0.099046
vn -0.224144 0.965926 -0.129410
vn -0.205335 0.965926 -0.157559
vn -0.183013 0.965926 -0.183013
vn -0.157559 0.965926 -0.205335
vn -0.129410 0.965926 -0.224144
vn -0.099046 0.965926 -0.239118
vn -0.066987 0.965926 -0.250000
vn -0.033783 0.965926 -0.256605
vn -0.000000 0.965926 -0.258819
vn 0.033783 0.965926 -0.256605
vn 0.066987 0.965926 -0.250000
vn 0.099046 0.965926 -0.239118
vn 0.129410 0.965926 -0.224144
vn 0.157559 0.965926 -0.205335
vn 0.183013 0.965926 -0.183013
vn 0.205335 0.965926 -0.157559
vn 0.224144 0.965926 -0.129410
vn 0.239118 0.965926 -0.099046
vn 0.250000 0.965926 -0.066987
vn 0.256605 0.965926 -0.033783
vn 0.379410 0.923880 0.049950
vn 0.382683 0.923880 0.000000
vn 0.369644 0.923880 0.099046
vn 0.353553 0.923880 0.146447
vn 0.331414 0.923880 0.191342
vn 0.303603 0.923880 0.232963
vn 0.270598 0.923880 0.270598
vn 0.232963 0.923880 0.303603
vn 0.191342 0.923880 0.331414
vn 0.146447 0.923880 0.353553
vn 0.099046 0.923880 0.369644
vn 0.049950 0.923880 0.379410
vn 0.000000 0.923880 0.382683
vn -0.049950 0.923880 0.379410
vn -0.099046 0.923880 0.369644
vn -0.146447 0.923880 0.353553
vn -0.191342 0.923880 0.331414
vn -0.232963 0.923880 0.303603
vn -0.270598 0.923880 0.270598
vn -0.303603 0.923880 0.232963
vn -0.331414 0.923880 0.191342
vn -0.353553 0.923880 0.146447
vn -0.369644 0.923880 0.099046
vn -0.379410 0.923880 0.049950
vn -0.382683 0.923880 0.000000
vn -0.379410 0.923880 -0.049950
vn -0.369644 0.923880 -0.099046
vn -0.353553 0.923880 -0.146447
vn -0.331414 0.923880 -0.191342
vn -0.303603 0.923880 -0.232963
vn -0.270598 0.923880 -0.270598
vn -0.232963 0.923880 -0.303603
vn -0.191342 0.923880 -0.331414
vn -0.146447 0.923880 -0.353553
vn -0.099046 0.923880 -0.369644
vn -0.049950 0.923880 -0.379410
vn -0.000000 0.923880 -0.382683
vn 0.049950 0.923880 -0.379410
vn 0.099046 0.923880 -0.369644
vn 0.146447 0.923880 -0.353553
vn 0.191342 0.923880 -0.331414
vn 0.232963 0.923880 -0.303603
vn 0.270598 0.923880 -0.270598
vn 0.303603 0.923880 -0.232963
vn 0.331414 0.923880 -0.191342
vn 0.353553 0.923880 -0.146447
vn 0.369644 0.923880 -0.099046
vn 0.379410 0.923880 -0.049950
vn 0.495722 0.866025 0.065263
vn 0.500000 0.866025 0.000000
vn 0.482963 0.866025 0.129410
vn 0.461940 0.866025 0.191342
vn 0.433013 0.866025 0.250000
vn 0.396677 0.866025 0.304381
vn 0.353553 0.866025 0.353553
vn 0.304381 0.866025 0.396677
vn 0.250000 0.866025 0.433013
vn 0.191342 0.866025 0.461940
vn 0.129410 0.866025 0.482963
vn 0.065263 0.866025 0.495722
vn 0.000000 0.866025 0.500000
vn -0.065263 0.866025 0.495722
vn -0.129410 0.866025 0.482963
vn -0.191342 0.866025 0.461940
vn -0.250000 0.866025 0.433013
vn -0.304381 0.866025 0.396677
vn -0.353553 0.866025 0.353553
vn -0.396677 0.866025 0.304381
vn -0.433013 0.866025 0.250000
vn -0.461940 0.866025 0.191342
vn -0.482963 0.866025 0.129410
vn -0.495722 0.866025 0.065263
vn -0.500000 0.866025 0.000000
vn -0.495722 0.866025 -0.065263
vn -0.482963 0.866025 -0.129410
vn -0.461940 0.866025 -0.191342
vn -0.433013 0.866025 -0.250000
vn -0.396677 0.866025 -0.304381
vn -0.353553 0.866025 -0.353553
vn -0.304381 0.866025 -0.396677
vn -0.250000 0.866025 -0.433013
vn -0.191342 0.866025 -0.461940
vn -0.129410 0.866025 -0.482963
vn -0.065263 0.866025 -0.495722
vn -0.000000 0.866025 -0.500000
vn 0.065263 0.866025 -0.495722
vn 0.129410 0.866025 -0.482963
vn 0.191342 0.866025 -0.461940
vn 0.250000 0.866025 -0.433013
vn 0.304381 0.866025 -0.396677
vn 0.353553 0.866025 -0.353553
vn 0.396677 0.866025 -0.304381
vn 0.433013 0.866025 -0.250000
vn 0.461940 0.866025 -0.191342
vn 0.482963 0.866025 -0.129410
vn 0.495722 0.866025 -0.065263
vn 0.603553 0.793353 0.079459
vn 0.608761 0.793353 0.000000
vn 0.588018 0.793353 0.157559
vn 0.562422 0.793353 0.232963
vn 0.527203 0.793353 0.304381
vn 0.482963 0.793353 0.370590
vn 0.430459 0.793353 0.430459
vn 0.370590 0.793353 0.482963
vn 0.304381 0.793353 0.527203
vn 0.232963 0.793353 0.562422
vn 0.157559 0.793353 0.588018
vn 0.079459 0.793353 0.603553
vn 0.000000 0.793353 0.608761
vn -0.079459 0.793353 0.603553
vn -0.157559 0.793353 0.588018
vn -0.232963 0.793353 0.562422
vn -0.304381 0.793353 0.527203
vn -0.370590 0.793353 0.482963
vn -0.430459 0.793353 0.430459
vn -0.482963 0.793353 0.370590
vn -0.527203 0.793353 0.304381
vn -0.562422 0.793353 0.232963
vn -0.588018 0.793353 0.157559
vn -0.603553 0.793353 0.079459
vn -0.608761 0.793353 0.000000
vn -0.603553 0.793353 -0.079459
vn -0.588018 0.793353 -0.157559
vn -0.562422 0.793353 -0.232963
vn -0.527203 0.793353 -0.304381
vn -0.482963 0.793353 -0.370590
vn -0.430459 0.793353 -0.430459
vn -0.370590 0.793353 -0.482963
vn -0.304381 0.793353 -0.527203
vn -0.232963 0.793353 -0.562422
vn -0.157559 0.793353 -0.588018
vn -0.079459 0.793353 -0.603553
vn -0.000000 0.793353 -0.608761
vn 0.079459 0.793353 -0.603553
vn 0.157559 0.793353 -0.588018
vn 0.232963 0.793353 -0.562422
vn 0.304381 0.793353 -0.527203
vn 0.370590 0.793353 -0.482963
vn 0.430459 0.793353 -0.430459
vn 0.482963 0.793353 -0.370590
vn 0.527203 0.793353 -0.304381
vn 0.562422 0.793353 -0.232963
vn 0.588018 0.793353 -0.157559
vn 0.603553 0.793353 -0.079459
vn 0.701057 0.707107 0.092296
vn 0.707107 0.707107 0.000000
vn 0.683013 0.707107 0.183013
vn 0.653281 0.707107 0.270598
vn 0.612372 0.707107 0.353553
vn 0.560986 0.707107 0.430459
vn 0.500000 0.707107 0.500000
vn 0.430459 0.707107 0.560986
vn 0.353553 0.707107 0.612372
vn 0.270598 0.707107 0.653281
vn 0.183013 0.707107 0.683013
vn 0.092296 0.707107 0.701057
vn 0.000000 0.707107 0.707107
vn -0.092296 0.707107 0.701057
vn -0.183013 0.707107 0.683013
vn -0.270598 0.707107 0.653281
vn -0.353553 0.707107 0.612372
vn -0.430459 0.707107 0.560986
vn -0.500000 0.707107 0.500000
vn -0.560986 0.707107 0.430459
vn -0.612372 0.707107 0.353553
vn -0.653281 0.707107 0.270598
vn -0.683013 0.707107 0.183013
vn -0.701057 0.707107 0.092296
vn -0.707107 0.707107 0.000000
vn -0.701057 0.707107 -0.092296
vn -0.683013 0.707107 -0.183013
vn -0.653281 0.707107 -0.270598
vn -0.612372 0.707107 -0.353553
vn -0.560986 0.707107 -0.430459
vn -0.500000 0.707107 -0.500000
vn -0.430459 0.707107 -0.560986
vn -0.353553 0.707107 -0.612372
vn -0.270598 0.707107 -0.653281
vn -0.183013 0.707107 -0.683013
vn -0.092296 0.707107 -0.701057
vn -0.000000 0.707107 -0.707107
vn 0.092296 0.707107 -0.701057
vn 0.183013 0.707107 -0.683013
vn 0.270598 0.707107 -0.653281
vn 0.353553 0.707107 -0.612372
vn 0.430459 0.707107 -0.560986
vn 0.500000 0.707107 -0.500000
vn 0.560986 0.707107 -0.430459
vn 0.612372 0.707107 -0.353553
vn 0.653281 0.707107 -0.270598
vn 0.683013 0.707107 -0.183013
vn 0.701057 0.707107 -0.092296
vn 0.786566 0.608761 0.103553
vn 0.793353 0.608761 0.000000
vn 0.766320 0.608761 0.205335
vn 0.732963 0.608761 0.303603
vn 0.687064 0.608761 0.396677
vn 0.629410 0.608761 0.482963
vn 0.560986 0.608761 0.560986
vn 0.482963 0.608761 0.629410
vn 0.396677 0.608761 0.687064
vn 0.303603 0.608761 0.732963
vn 0.205335 0.608761 0.766320
vn 0.103553 0.608761 0.786566
vn 0.000000 0.608761 0.793353
vn -0.103553 0.608761 0.786566
vn -0.205335 0.608761 0.766320
vn -0.303603 0.608761 0.732963
vn -0.396677 0.608761 0.687064
vn -0.482963 0.608761 0.629410
vn -0.560986 0.608761 0.560986
vn -0.629410 0.608761 0.482963
vn -0.687064 0.608761 0.396677
vn -0.732963 0.608761 0.303603
vn -0.766320 0.608761 0.205335
vn -0.786566 0.608761 0.103553
vn -0.793353 0.608761 0.000000
vn -0.786566 0.608761 -0.103553
vn -0.766320 0.608761 -0.205335
vn -0.732963 0.608761 -0.303603
vn -0.687064 0.608761 -0.396677
vn -0.629410 0.608761 -0.482963
vn -0.560986 0.608761 -0.560986
vn -0.482963 0.608761 -0.629410
vn -0.396677 0.608761 -0.687064
vn -0.303603 0.608761 -0.732963
vn -0.205335 0.608761 -0.766320
vn -0.103553 0.608761 -0.786566
vn -0.000000 0.608761 -0.793353
vn 0.103553 0.608761 -0.786566
vn 0.205335 0.608761 -0.766320
vn 0.303603 0.608761 -0.732963
vn 0.396677 0.608761 -0.687064
vn 0.482963 0.608761 -0.629410
vn 0.560986 0.608761 -0.560986
vn 0.629410 0.608761 -0.482963
vn 0.687064 0.608761 -0.396677
vn 0.732963 0.608761 -0.303603
vn 0.766320 0.608761 -0.205335
vn 0.786566 0.608761 -0.103553
vn 0.858616 0.500000 0.113039
vn 0.866025 0.500000 0.000000
vn 0.836516 0.500000 0.224144
vn 0.800103 0.500000 0.331414
vn 0.750000 0.500000 0.433013
vn 0.687064 0.500000 0.527203
vn 0.612372 0.500000 0.612372
vn 0.527203 0.500000 0.687064
vn 0.433013 0.500000 0.750000
vn 0.331414 0.500000 0.800103
vn 0.224144 0.500000 0.836516
vn 0.113039 0.500000 0.858616
vn 0.000000 0.500000 0.866025
vn -0.113039 0.500000 0.858616
vn -0.224144 0.500000 0.836516
vn -0.331414 0.500000 0.800103
vn -0.433013 0.500000 0.750000
vn -0.527203 0.500000 0.687064
vn -0.612372 0.500000 0.612372
vn -0.687064 0.500000 0.527203
vn -0.750000 0.500000 0.433013
vn -0.800103 0.500000 0.331414
vn -0.836516 0.500000 0.224144
vn -0.858616 0.500000 0.113039
vn -0.866025 0.500000 0.000000
vn -0.858616 0.500000 -0.113039
vn -0.836516 0.500000 -0.224144
vn -0.800103 0.500000 -0.331414
vn -0.750000 0.500000 -0.433013
vn -0.687064 0.500000 -0.527203
vn -0.612372 0.500000 -0.612372
vn -0.527203 0.500000 -0.687064
vn -0.433013 0.500000 -0.750000
vn -0.331414 0.500000 -0.800103
vn -0.224144 0.500000 -0.836516
vn -0.113039 0.500000 -0.858616
vn -0.000000 0.500000 -0.866025
vn 0.113039 0.500000 -0.858616
vn 0.224144 0.500000 -0.836516
vn 0.331414 0.500000 -0.800103
vn 0.433013 0.500000 -0.750000
vn 0.527203 0.500000 -0.687064
vn 0.612372 0.500000 -0.612372
vn 0.687064 0.500000 -0.527203
vn 0.750000 0.500000 -0.433013
vn 0.800103 0.500000 -0.331414
vn 0.836516 0.500000 -0.224144
vn 0.858616 0.500000 -0.113039
vn 0.915976 0.382683 0.120590
vn 0.923880 0.382683 0.000000
vn 0.892399 0.382683 0.239118
vn 0.853553 0.382683 0.353553
vn 0.800103 0.382683 0.461940
vn 0.732963 0.382683 0.562422
vn 0.653281 0.382683 0.653281
vn 0.562422 0.382683 0.732963
vn 0.461940 0.382683 0.800103
vn 0.353553 0.382683 0.853553
vn 0.239118 0.382683 0.892399
vn 0.120590 0.382683 0.915976
vn 0.000000 0.382683 0.923880
vn -0.120590 0.382683 0.915976
vn -0.239118 0.382683 0.892399
vn -0.353553 0.382683 0.853553
vn -0.461940 0.382683 0.800103
vn -0.562422 0.382683 0.732963
vn -0.653281 0.382683 0.653281
vn -0.732963 0.382683 0.562422
vn -0.800103 0.382683 0.461940
vn -0.853553 0.382683 0.353553
vn -0.892399 0.382683 0.239118
vn -0.915976 0.382683 0.120590
vn -0.923880 0.382683 0.000000
vn -0.915976 0.382683 -0.120590
vn -0.892399 0.382683 -0.239118
vn -0.853553 0.382683 -0.353553
vn -0.800103 0.382683 -0.461940
vn -0.732963 0.382683 -0.562422
vn -0.653281 0.382683 -0.653281
vn -0.562422 0.382683 -0.732963
vn -0.461940 0.382683 -0.800103
vn -0.353553 0.382683 -0.853553
vn -0.239118 0.382683 -0.892399
vn -0.120590 0.382683 -0.915976
vn -0.000000 0.382683 -0.923880
vn 0.120590 0.382683 -0.915976
vn 0.239118 0.382683 -0.892399
vn 0.353553 0.382683 -0.853553
vn 0.461940 0.382683 -0.800103
vn 0.562422 0.382683 -0.732963
vn 0.653281 0.382683 -0.653281
vn 0.732963 0.382683 -0.562422
vn 0.800103 0.382683 -0.461940
vn 0.853553 0.382683 -0.353553
vn 0.892399 0.382683 -0.239118
vn 0.915976 0.382683 -0.120590
vn 0.957662 0.258819 0.126079
vn 0.965926 0.258819 0.000000
vn 0.933013 0.258819 0.250000
vn 0.892399 0.258819 0.369644
vn 0.836516 0.258819 0.482963
vn 0.766320 0.258819 0.588018
vn 0.683013 0.258819 0.683013
vn 0.588018 0.258819 0.766320
vn 0.482963 0.258819 0.836516
vn 0.369644 0.258819 0.892399
vn 0.250000 0.258819 0.933013
vn 0.126079 0.258819 0.957662
vn 0.000000 0.258819 0.965926
vn -0.126079 0.258819 0.957662
vn -0.250000 0.258819 0.933013
vn -0.369644 0.258819 0.892399
vn -0.482963 0.258819 0.836516
vn -0.588018 0.258819 0.766320
vn -0.683013 0.258819 0.683013
vn -0.766320 0.258819 0.588018
vn -0.836516 0.258819 0.482963
vn -0.892399 0.258819 0.369644
vn -0.933013 0.258819 0.250000
vn -0.957662 0.258819 0.126079
vn -0.965926 0.258819 0.000000
vn -0.957662 0.258819 -0.126079
vn -0.933013 0.258819 -0.250000
vn -0.892399 0.258819 -0.369644
vn -0.836516 0.258819 -0.482963
vn -0.766320 0.258819 -0.588018
vn -0.683013 0.258819 -0.683013
vn -0.588018 0.258819 -0.766320
vn -0.482963 0.258819 -0.836516
vn -0.369644 0.258819 -0.892399
vn -0.250000 0.258819 -0.933013
vn -0.126079 0.258819 -0.957662
vn -0.000000 0.258819 -0.965926
vn 0.126079 0.258819 -0.957662
vn 0.250000 0.258819 -0.933013
vn 0.369644 0.258819 -0.892399
vn 0.482963 0.258819 -0.836516
vn 0.588018 0.258819 -0.766320
vn 0.683013 0.258819 -0.683013
vn 0.766320 0.258819 -0.588018
vn 0.836516 0.258819 -0.482963
vn 0.892399 0.258819 -0.369644
vn 0.933013 0.258819 -0.250000
vn 0.957662 0.258819 -0.126079
vn 0.982963 0.130526 0.129410
vn 0.991445 0.130526 0.000000
vn 0.957662 0.130526 0.256605
vn 0.915976 0.130526 0.379410
vn 0.858616 0.130526 0.495722
vn 0.786566 0.130526 0.603553
vn 0.701057 0.130526 0.701057
vn 0.603553 0.130526 0.786566
vn 0.495722 0.130526 0.858616
vn 0.379410 0.130526 0.915976
vn 0.256605 0.130526 0.957662
vn 0.129410 0.130526 0.982963
vn 0.000000 0.130526 0.991445
vn -0.129410 0.130526 0.982963
vn -0.256605 0.130526 0.957662
vn -0.379410 0.130526 0.915976
vn -0.495722 0.130526 0.858616
vn -0.603553 0.130526 0.786566
vn -0.701057 0.130526 0.701057
vn -0.786566 0.130526 0.603553
vn -0.858616 0.130526 0.495722
vn -0.915976 0.130526 0.379410
vn -0.957662 0.130526 0.256605
vn -0.982963 0.130526 0.129410
vn -0.991445 0.130526 0.000000
vn -0.982963 0.130526 -0.129410
vn -0.957662 0.130526 -0.256605
vn -0.915976 0.130526 -0.379410
vn -0.858616 0.130526 -0.495722
vn -0.786566 0.130526 -0.603553
vn -0.701057 0.130526 -0.701057
vn -0.603553 0.130526 -0.786566
vn -0.495722 0.130526 -0.858616
vn -0.379410 0.130526 -0.915976
vn -0.256605 0.130526 -0.957662
vn -0.129410 0.130526 -0.982963
vn -0.000000 0.130526 -0.991445
vn 0.129410 0.130526 -0.982963
vn 0.256605 0.130526 -0.957662
vn 0.379410 0.130526 -0.915976
vn 0.495722 0.130526 -0.858616
vn 0.603553 0.130526 -0.786566
vn 0.701057 0.130526 -0.701057
vn 0.786566 0.130526 -0.603553
vn 0.858616 0.130526 -0.495722
vn 0.915976 0.130526 -0.379410
vn 0.957662 0.130526 -0.256605
vn 0.982963 0.130526 -0.129410
vn 0.991445 0.000000 0.130526
vn 0.965926 0.000000 0.258819
vn 0.923880 0.000000 0.382683
vn 0.866025 0.000000 0.500000
vn 0.793353 0.000000 0.608761
vn 0.707107 0.000000 0.707107
vn 0.608761 0.000000 0.793353
vn 0.500000 0.000000 0.866025
vn 0.382683 0.000000 0.923880
vn 0.258819 0.000000 0.965926
vn 0.130526 0.000000 0.991445
vn -0.130526 0.000000 0.991445
vn -0.258819 0.000000 0.965926
vn -0.382683 0.000000 0.923880
vn -0.500000 0.000000 0.866025
vn -0.608761 0.000000 0.793353
vn -0.707107 0.000000 0.707107
vn -0.793353 0.000000 0.608761
vn -0.866025 0.000000 0.500000
vn -0.923880 0.000000 0.382683
vn -0.965926 0.000000 0.258819
vn -0.991445 0.000000 0.130526
vn -0.991445 0.000000 -0.130526
vn -0.965926 0.000000 -0.258819
vn -0.923880 0.000000 -0.382683
vn -0.866025 0.000000 -0.500000
vn -0.793353 0.000000 -0.608761
vn -0.707107 0.000000 -0.707107
vn -0.608761 0.000000 -0.793353
vn -0.500000 0.000000 -0.866025
vn -0.382683 0.000000 -0.923880
vn -0.258819 0.000000 -0.965926
vn -0.130526 0.000000 -0.991445
vn 0.130526 0.000000 -0.991445
vn 0.258819 0.000000 -0.965926
vn 0.382683 0.000000 -0.923880
vn 0.500000 0.000000 -0.866025
vn 0.608761 0.000000 -0.793353
vn 0.707107 0.000000 -0.707107
vn 0.793353 0.000000 -0.608761
vn 0.866025 0.000000 -0.500000
vn 0.923880 0.000000 -0.382683
vn 0.965926 0.000000 -0.258819
vn 0.991445 0.000000 -0.130526
vn 0.982963 -0.130526 0.129410
vn 0.991445 -0.130526 0.000000
vn 0.957662 -0.130526 0.256605
vn 0.915976 -0.130526 0.379410
vn 0.858616 -0.130526 0.495722
vn 0.786566 -0.130526 0.603553
vn 0.701057 -0.130526 0.701057
vn 0.603553 -0.130526 0.786566
vn 0.495722 -0.130526 0.858616
vn 0.379410 -0.130526 0.915976
vn 0.256605 -0.130526 0.957662
vn 0.129410 -0.130526 0.982963
vn 0.000000 -0.130526 0.991445
vn -0.129410 -0.130526 0.982963
vn -0.256605 -0.130526 0.957662
vn -0.379410 -0.130526 0.915976
vn -0.495722 -0.130526 0.858616
vn -0.603553 -0.130526 0.786566
vn -0.701057 -0.130526 0.701057
vn -0.786566 -0.130526 0.603553
vn -0.858616 -0.130526 0.495722
vn -0.915976 -0.130526 0.379410
vn -0.957662 -0.130526 0.256605
vn -0.982963 -0.130526 0.129410
vn -0.991445 -0.130526 0.000000
vn -0.982963 -0.130526 -0.129410
vn -0.957662 -0.130526 -0.256605
vn -0.915976 -0.130526 -0.379410
vn -0.858616 -0.130526 -0.495722
vn -0.786566 -0.130526 -0.603553
vn -0.701057 -0.130526 -0.701057
vn -0.603553 -0.130526 -0.786566
vn -0.495722 -0.130526 -0.858616
vn -0.379410 -0.130526 -0.915976
vn -0.256605 -0.130526 -0.957662
vn -0.129410 -0.130526 -0.982963
vn -0.000000 -0.130526 -0.991445
vn 0.129410 -0.130526 -0.982963
vn 0.256605 -0.130526 -0.957662
vn 0.379410 -0.130526 -0.915976
vn 0.495722 -0.130526 -0.858616
vn 0.603553 -0.130526 -0.786566
vn 0.701057 -0.130526 -0.701057
vn 0.786566 -0.130526 -0.603553
vn 0.858616 -0.130526 -0.495722
vn 0.915976 -0.130526 -0.379410
vn 0.957662 -0.130526 -0.256605
vn 0.982963 -0.130526 -0.129410
vn 0.957662 -0.258819 0.126079
vn 0.965926 -0.258819 0.000000
vn 0.933013 -0.258819 0.250000
vn 0.892399 -0.258819 0.369644
vn 0.836516 -0.258819 0.482963
vn 0.766320 -0.258819 0.588018
vn 0.683013 -0.258819 0.683013
vn 0.588018 -0.258819 0.766320
vn 0.482963 -0.258819 0.836516
vn 0.369644 -0.258819 0.892399
vn 0.250000 -0.258819 0.933013
vn 0.126079 -0.258819 0.957662
vn 0.000000 -0.258819 0.965926
vn -0.126079 -0.258819 0.957662
vn -0.250000 -0.258819 0.933013
vn -0.369644 -0.258819 0.892399
vn -0.482963 -0.258819 0.836516
vn -0.588018 -0.258819 0.766320
vn -0.683013 -0.258819 0.683013
vn -0.766320 -0.258819 0.588018
vn -0.836516 -0.258819 0.482963
vn -0.892399 -0.258819 0.369644
vn -0.933013 -0.258819 0.250000
vn -0.957662 -0.258819 0.126079
vn -0.965926 -0.258819 0.000000
vn -0.957662 -0.258819 -0.126079
vn -0.933013 -0.258819 -0.250000
vn -0.892399 -0.258819 -0.369644
vn -0.836516 -0.258819 -0.482963
vn -0.766320 -0.258819 -0.588018
vn -0.683013 -0.258819 -0.683013
vn -0.588018 -0.258819 -0.766320
vn -0.482963 -0.258819 -0.836516
vn -0.369644 -0.258819 -0.892399
vn -0.250000 -0.258819 -0.933013
vn -0.126079 -0.258819 -0.957662
vn -0.000000 -0.258819 -0.965926
vn 0.126079 -0.258819 -0.957662
vn 0.250000 -0.258819 -0.933013
vn 0.369644 -0.258819 -0.892399
vn 0.482963 -0.258819 -0.836516
vn 0.588018 -0.258819 -0.766320
vn 0.683013 -0.258819 -0.683013
vn 0.766320 -0.258819 -0.588018
vn 0.836516 -0.258819 -0.482963
vn 0.892399 -0.258819 -0.369644
vn 0.933013 -0.258819 -0.250000
vn 0.957662 -0.258819 -0.126079
vn 0.915976 -0.382683 0.120590
vn 0.923880 -0.382683 0.000000
vn 0.892399 -0.382683 0.239118
vn 0.853553 -0.382683 0.353553
vn 0.800103 -0.382683 0.461940
vn 0.732963 -0.382683 0.562422
vn 0.653281 -0.382683 0.653281
vn 0.562422 -0.382683 0.732963
vn 0.461940 -0.382683 0.800103
vn 0.353553 -0.382683 0.853553
vn 0.239118 -0.382683 0.892399
vn 0.120590 -0.382683 0.915976
vn 0.000000 -0.382683 0.923880
vn -0.120590 -0.382683 0.915976
vn -0.239118 -0.382683 0.892399
vn -0.353553 -0.382683 0.853553
vn -0.461940 -0.382683 0.800103
vn -0.562422 -0.382683 0.732963
vn -0.653281 -0.382683 0.653281
vn -0.732963 -0.382683 0.562422
vn -0.800103 -0.382683 0.461940
vn -0.853553 -0.382683 0.353553
vn -0.892399 -0.382683 0.239118
vn -0.915976 -0.382683 0.120590
vn -0.923880 -0.382683 0.000000
vn -0.915976 -0.382683 -0.120590
vn -0.892399 -0.382683 -0.239118
vn -0.853553 -0.382683 -0.353553
vn -0.800103 -0.382683 -0.461940
vn -0.732963 -0.382683 -0.562422
vn -0.653281 -0.382683 -0.653281
vn -0.562422 -0.382683 -0.732963
vn -0.461940 -0.382683 -0.800103
vn -0.353553 -0.382683 -0.853553
vn -0.239118 -0.382683 -0.892399
vn -0.120590 -0.382683 -0.915976
vn -0.000000 -0.382683 -0.923880
vn 0.120590 -0.382683 -0.915976
vn 0.239118 -0.382683 -0.892399
vn 0.353553 -0.382683 -0.853553
vn 0.461940 -0.382683 -0.800103
vn 0.562422 -0.382683 -0.732963
vn 0.653281 -0.382683 -0.653281
vn 0.732963 -0.382683 -0.562422
vn 0.800103 -0.382683 -0.461940
vn 0.853553 -0.382683 -0.353553
vn 0.892399 -0.382683 -0.239118
vn 0.915976 -0.382683 -0.120590
vn 0.858616 -0.500000 0.113039
vn 0.866025 -0.500000 0.000000
vn 0.836516 -0.500000 0.224144
vn 0.800103 -0.500000 0.331414
vn 0.750000 -0.500000 0.433013
vn 0.687064 -0.500000 0.527203
vn 0.612372 -0.500000 0.612372
vn 0.527203 -0.500000 0.687064
vn 0.433013 -0.500000 0.750000
vn 0.331414 -0.500000 0.800103
vn 0.224144 -0.500000 0.836516
vn 0.113039 -0.500000 0.858616
vn 0.000000 -0.500000 0.866025
vn -0.113039 -0.500000 0.858616
vn -0.224144 -0.500000 0.836516
vn -0.331414 -0.500000 0.800103
vn -0.433013 -0.500000 0.750000
vn -0.527203 -0.500000 0.687064
vn -0.612372 -0.500000 0.612372
vn -0.687064 -0.500000 0.527203
vn -0.750000 -0.500000 0.433013
vn -0.800103 -0.500000 0.331414
vn -0.836516 -0.500000 0.224144
vn -0.858616 -0.500000 0.113039
vn -0.866025 -0.500000 0.000000
vn -0.858616 -0.500000 -0.113039
vn -0.836516 -0.500000 -0.224144
vn -0.800103 -0.500000 -0.331414
vn -0.750000 -0.500000 -0.433013
vn -0.687064 -0.500000 -0.527203
vn -0.612372 -0.500000 -0.612372
vn -0.527203 -0.500000 -0.687064
vn -0.433013 -0.500000 -0.750000
vn -0.331414 -0.500000 -0.800103
vn -0.224144 -0.500000 -0.836516
vn -0.113039 -0.500000 -0.858616
vn -0.000000 -0.500000 -0.866025
vn 0.113039 -0.500000 -0.858616
vn 0.224144 -0.500000 -0.836516
vn 0.331414 -0.500000 -0.800103
vn 0.433013 -0.500000 -0.750000
vn 0.527203 -0.500000 -0.687064
vn 0.612372 -0.500000 -0.612372
vn 0.687064 -0.500000 -0.527203
vn 0.750000 -0.500000 -0.433013
vn 0.800103 -0.500000 -0.331414
vn 0.836516 -0.500000 -0.224144
vn 0.858616 -0.500000 -0.113039
vn 0.786566 -0.608761 0.103553
vn 0.793353 -0.608761 0.000000
vn 0.766320 -0.608761 0.205335
vn 0.732963 -0.608761 0.303603
vn 0.687064 -0.608761 0.396677
vn 0.629410 -0.608761 0.482963
vn 0.560986 -0.608761 0.560986
vn 0.482963 -0.608761 0.629410
vn 0.396677 -0.608761 0.687064
vn 0.303603 -0.608761 0.732963
vn 0.205335 -0.608761 0.766320
vn 0.103553 -0.608761 0.786566
vn 0.000000 -0.608761 0.793353
vn -0.103553 -0.608761 0.786566
vn -0.205335 -0.608761 0.766320
vn -0.303603 -0.608761 0.732963
vn -0.396677 -0.608761 0.687064
vn -0.482963 -0.608761 0.629410
vn -0.560986 -0.608761 0.560986
vn -0.629410 -0.608761 0.482963
vn -0.687064 -0.608761 0.396677
vn -0.732963 -0.608761 0.303603
vn -0.766320 -0.608761 0.205335
vn -0.786566 -0.608761 0.103553
vn -0.793353 -0.608761 0.000000
vn -0.786566 -0.608761 -0.103553
vn -0.766320 -0.608761 -0.205335
vn -0.732963 -0.608761 -0.303603
vn -0.687064 -0.608761 -0.396677
vn -0.629410 -0.608761 -0.482963
vn -0.560986 -0.608761 -0.560986
vn -0.482963 -0.608761 -0.629410
vn -0.396677 -0.608761 -0.687064
vn -0.303603 -0.608761 -0.732963
vn -0.205335 -0.608761 -0.766320
vn -0.103553 -0.608761 -0.786566
vn -0.000000 -0.608761 -0.793353
vn 0.103553 -0.608761 -0.786566
vn 0.205335 -0.608761 -0.766320
vn 0.303603 -0.608761 -0.732963
vn 0.396677 -0.608761 -0.687064
vn 0.482963 -0.608761 -0.629410
vn 0.560986 -0.608761 -0.560986
vn 0.629410 -0.608761 -0.482963
vn 0.687064 -0.608761 -0.396677
vn 0.732963 -0.608761 -0.303603
vn 0.766320 -0.608761 -0.205335
vn 0.786566 -0.608761 -0.103553
vn 0.701057 -0.707107 0.092296
vn 0.707107 -0.707107 0.000000
vn 0.683013 -0.707107 0.183013
vn 0.653281 -0.707107 0.270598
vn 0.612372 -0.707107 0.353553
vn 0.560986 -0.707107 0.430459
vn 0.500000 -0.707107 0.500000
vn 0.430459 -0.707107 0.560986
vn 0.353553 -0.707107 0.612372
vn 0.270598 -0.707107 0.653281
vn 0.183013 -0.707107 0.683013
vn 0.092296 -0.707107 0.701057
vn 0.000000 -0.707107 0.707107
vn -0.092296 -0.707107 0.701057
vn -0.183013 -0.707107 0.683013
vn -0.270598 -0.707107 0.653281
vn -0.353553 -0.707107 0.612372
vn -0.430459 -0.707107 0.560986
vn -0.500000 -0.707107 0.500000
vn -0.560986 -0.707107 0.430459
vn -0.612372 -0.707107 0.353553
vn -0.653281 -0.707107 0.270598
vn -0.683013 -0.707107 0.183013
vn -0.701057 -0.707107 0.092296
vn -0.707107 -0.707107 0.000000
vn -0.701057 -0.707107 -0.092296
vn -0.683013 -0.707107 -0.183013
vn -0.653281 -0.707107 -0.270598
vn -0.612372 -0.707107 -0.353553
vn -0.560986 -0.707107 -0.430459
vn -0.500000 -0.707107 -0.500000
vn -0.430459 -0.707107 -0.560986
vn -0.353553 -0.707107 -0.612372
vn -0.270598 -0.707107 -0.653281
vn -0.183013 -0.707107 -0.683013
vn -0.092296 -0.707107 -0.701057
vn -0.000000 -0.707107 -0.707107
vn 0.092296 -0.707107 -0.701057
vn 0.183013 -0.707107 -0.683013
vn 0.270598 -0.707107 -0.653281
vn 0.353553 -0.707107 -0.612372
vn 0.430459 -0.707107 -0.560986
vn 0.500000 -0.707107 -0.500000
vn 0.560986 -0.707107 -0.430459
vn 0.612372 -0.707107 -0.353553
vn 0.653281 -0.707107 -0.270598
vn 0.683013 -0.707107 -0.183013
vn 0.701057 -0.707107 -0.092296
vn 0.603553 -0.793353 0.079459
vn 0.608761 -0.793353 0.000000
vn 0.588018 -0.793353 0.157559
vn 0.562422 -0.793353 0.232963
vn 0.527203 -0.793353 0.304381
vn 0.482963 -0.793353 0.370590
vn 0.430459 -0.793353 0.430459
vn 0.370590 -0.793353 0.482963
vn 0.304381 -0.793353 0.527203
vn 0.232963 -0.793353 0.562422
vn 0.157559 -0.793353 0.588018
vn 0.079459 -0.793353 0.603553
vn 0.000000 -0.793353 0.608761
vn -0.079459 -0.793353 0.603553
vn -0.157559 -0.793353 0.588018
vn -0.232963 -0.793353 0.562422
vn -0.304381 -0.793353 0.527203
vn -0.370590 -0.793353 0.482963
vn -0.430459 -0.793353 0.430459
vn -0.482963 -0.793353 0.370590
vn -0.527203 -0.793353 0.304381
vn -0.562422 -0.793353 0.232963
vn -0.588018 -0.793353 0.157559
vn -0.603553 -0.793353 0.079459
vn -0.608761 -0.793353 0.000000
vn -0.603553 -0.793353 -0.079459
vn -0.588018 -0.793353 -0.157559
vn -0.562422 -0.793353 -0.232963
vn -0.527203 -0.793353 -0.304381
vn -0.482963 -0.793353 -0.370590
vn -0.430459 -0.793353 -0.430459
vn -0.370590 -0.793353 -0.482963
vn -0.304381 -0.793353 -0.527203
vn -0.232963 -0.793353 -0.562422
vn -0.157559 -0.793353 -0.588018
vn -0.079459 -0.793353 -0.603553
vn -0.000000 -0.793353 -0.608761
vn 0.079459 -0.793353 -0.603553
vn 0.157559 -0.793353 -0.588018
vn 0.232963 -0.793353 -0.562422
vn 0.304381 -0.793353 -0.527203
vn 0.370590 -0.793353 -0.482963
vn 0.430459 -0.793353 -0.430459
vn 0.482963 -0.793353 -0.370590
vn 0.527203 -0.793353 -0.304381
vn 0.562422 -0.793353 -0.232963
vn 0.588018 -0.793353 -0.157559
vn 0.603553 -0.793353 -0.079459
vn 0.495722 -0.866025 0.065263
vn 0.500000 -0.866025 0.000000
vn 0.482963 -0.866025 0.129410
vn 0.461940 -0.866025 0.191342
vn 0.433013 -0.866025 0.250000
vn 0.396677 -0.866025 0.304381
vn 0.353553 -0.866025 0.353553
vn 0.304381 -0.866025 0.396677
vn 0.250000 -0.866025 0.433013
vn 0.191342 -0.866025 0.461940
vn 0.129410 -0.866025 0.482963
vn 0.065263 -0.866025 0.495722
vn 0.000000 -0.866025 0.500000
vn -0.065263 -0.866025 0.495722
vn -0.129410 -0.866025 0.482963
vn -0.191342 -0.866025 0.461940
vn -0.250000 -0.866025 0.433013
vn -0.304381 -0.866025 0.396677
vn -0.353553 -0.866025 0.353553
vn -0.396677 -0.866025 0.304381
vn -0.433013 -0.866025 0.250000
vn -0.461940 -0.866025 0.191342
vn -0.482963 -0.866025 0.129410
vn -0.495722 -0.866025 0.065263
vn -0.500000 -0.866025 0.000000
vn -0.495722 -0.866025 -0.065263
vn -0.482963 -0.866025 -0.129410
vn -0.461940 -0.866025 -0.191342
vn -0.433013 -0.866025 -0.250000
vn -0.396677 -0.866025 -0.304381
vn -0.353553 -0.866025 -0.353553
vn -0.304381 -0.866025 -0.396677
vn -0.250000 -0.866025 -0.433013
vn -0.191342 -0.866025 -0.461940
vn -0.129410 -0.866025 -0.482963
vn -0.065263 -0.866025 -0.495722
vn -0.000000 -0.866025 -0.500000
vn 0.065263 -0.866025 -0.495722
vn 0.129410 -0.866025 -0.482963
vn 0.191342 -0.866025 -0.461940
vn 0.250000 -0.866025 -0.433013
vn 0.304381 -0.866025 -0.396677
vn 0.353553 -0.866025 -0.353553
vn 0.396677 -0.866025 -0.304381
vn 0.433013 -0.866025 -0.250000
vn 0.461940 -0.866025 -0.191342
vn 0.482963 -0.866025 -0.129410
vn 0.495722 -0.866025 -0.065263
vn 0.379410 -0.923880 0.049950
vn 0.382683 -0.923880 0.000000
vn 0.369644 -0.923880 0.099046
vn 0.353553 -0.923880 0.146447
vn 0.331414 -0.923880 0.191342
vn 0.303603 -0.923880 0.232963
vn 0.270598 -0.923880 0.270598
vn 0.232963 -0.923880 0.303603
vn 0.191342 -0.923880 0.331414
vn 0.146447 -0.923880 0.353553
vn 0.099046 -0.923880 0.369644
vn 0.049950 -0.923880 0.379410
vn 0.000000 -0.923880 0.382683
vn -0.049950 -0.923880 0.379410
vn -0.099046 -0.923880 0.369644
vn -0.146447 -0.923880 0.353553
vn -0.191342 -0.923880 0.331414
vn -0.232963 -0.923880 0.303603
vn -0.270598 -0.923880 0.270598
vn -0.303603 -0.923880 0.232963
vn -0.331414 -0.923880 0.191342
vn -0.353553 -0.923880 0.146447
vn -0.369644 -0.923880 0.099046
vn -0.379410 -0.923880 0.049950
vn -0.382683 -0.923880 0.000000
vn -0.379410 -0.923880 -0.049950
vn -0.369644 -0.923880 -0.099046
vn -0.353553 -0.923880 -0.146447
vn -0.331414 -0.923880 -0.191342
vn -0.303603 -0.923880 -0.232963
vn -0.270598 -0.923880 -0.270598
vn -0.232963 -0.923880 -0.303603
vn -0.191342 -0.923880 -0.331414
vn -0.146447 -0.923880 -0.353553
vn -0.099046 -0.923880 -0.369644
vn -0.049950 -0.923880 -0.379410
vn -0.000000 -0.923880 -0.382683
vn 0.049950 -0.923880 -0.379410
vn 0.099046 -0.923880 -0.369644
vn 0.146447 -0.923880 -0.353553
vn 0.191342 -0.923880 -0.331414
vn 0.232963 -0.923880 -0.303603
vn 0.270598 -0.923880 -0.270598
vn 0.303603 -0.923880 -0.232963
vn 0.331414 -0.923880 -0.191342
vn 0.353553 -0.923880 -0.146447
vn 0.369644 -0.923880 -0.099046
vn 0.379410 -0.923880 -0.049950
vn 0.256605 -0.965926 0.033783
vn 0.258819 -0.965926 0.000000
vn 0.250000 -0.965926 0.066987
vn 0.239118 -0.965926 0.099046
vn 0.224144 -0.965926 0.129410
vn 0.205335 -0.965926 0.157559
vn 0.183013 -0.965926 0.183013
vn 0.157559 -0.965926 0.205335
vn 0.129410 -0.965926 0.224144
vn 0.099046 -0.965926 0.239118
vn 0.066987 -0.965926 0.250000
vn 0.033783 -0.965926 0.256605
vn 0.000000 -0.965926 0.258819
vn -0.033783 -0.965926 0.256605
vn -0.066987 -0.965926 0.250000
vn -0.099046 -0.965926 0.239118
vn -0.129410 -0.965926 0.224144
vn -0.157559 -0.965926 0.205335
vn -0.183013 -0.965926 0.183013
vn -0.205335 -0.965926 0.157559
vn -0.224144 -0.965926 0.129410
vn -0.239118 -0.965926 0.099046
vn -0.250000 -0.965926 0.066987
vn -0.256605 -0.965926 0.033783
vn -0.258819 -0.965926 0.000000
vn -0.256605 -0.965926 -0.033783
vn -0.250000 -0.965926 -0.066987
vn -0.239118 -0.965926 -0.099046
vn -0.224144 -0.965926 -0.129410
vn -0.205335 -0.965926 -0.157559
vn -0.183013 -0.965926 -0.183013
vn -0.157559 -0.965926 -0.205335
vn -0.129410 -0.965926 -0.224144
vn -0.099046 -0.965926 -0.239118
vn -0.066987 -0.965926 -0.250000
vn -0.033783 -0.965926 -0.256605
vn -0.000000 -0.965926 -0.258819
vn 0.033783 -0.965926 -0.256605
vn 0.066987 -0.965926 -0.250000
vn 0.099046 -0.965926 -0.239118
vn 0.129410 -0.965926 -0.224144
vn 0.157559 -0.965926 -0.205335
vn 0.183013 -0.965926 -0.183013
vn 0.205335 -0.965926 -0.157559
vn 0.224144 -0.965926 -0.129410
vn 0.239118 -0.965926 -0.099046
vn 0.250000 -0.965926 -0.066987
vn 0.256605 -0.965926 -0.033783
vn 0.129410 -0.991445 0.017037
vn 0.130526 -0.991445 0.000000
vn 0.126079 -0.991445 0.033783
vn 0.120590 -0.991445 0.049950
vn 0.113039 -0.991445 0.065263
vn 0.103553 -0.991445 0.079459
vn 0.092296 -0.991445 0.092296
vn 0.079459 -0.991445 0.103553
vn 0.065263 -0.991445 0.113039
vn 0.049950 -0.991445 0.120590
vn 0.033783 -0.991445 0.126079
vn 0.017037 -0.991445 0.129410
vn 0.000000 -0.991445 0.130526
vn -0.017037 -0.991445 0.129410
vn -0.033783 -0.991445 0.126079
vn -0.049950 -0.991445 0.120590
vn -0.065263 -0.991445 0.113039
vn -0.079459 -0.991445 0.103553
vn -0.092296 -0.991445 0.092296
vn -0.103553 -0.991445 0.079459
vn -0.113039 -0.991445 0.065263
vn -0.120590 -0.991445 0.049950
vn -0.126079 -0.991445 0.033783
vn -0.129410 -0.991445 0.017037
vn -0.130526 -0.991445 0.000000
vn -0.129410 -0.991445 -0.017037
vn -0.126079 -0.991445 -0.033783
vn -0.120590 -0.991445 -0.049950
vn -0.113039 -0.991445 -0.065263
vn -0.103553 -0.991445 -0.079459
vn -0.092296 -0.991445 -0.092296
vn -0.079459 -0.991445 -0.103553
vn -0.065263 -0.991445 -0.113039
vn -0.049950 -0.991445 -0.120590
vn -0.033783 -0.991445 -0.126079
vn -0.017037 -0.991445 -0.129410
vn -0.000000 -0.991445 -0.130526
vn 0.017037 -0.991445 -0.129410
vn 0.033783 -0.991445 -0.126079
vn 0.049950 -0.991445 -0.120590
vn 0.065263 -0.991445 -0.113039
vn 0.079459 -0.991445 -0.103553
vn 0.092296 -0.991445 -0.092296
vn 0.103553 -0.991445 -0.079459
vn 0.113039 -0.991445 -0.065263
vn 0.120590 -0.991445 -0.049950
vn 0.126079 -0.991445 -0.033783
vn 0.129410 -0.991445 -0.017037
vn 0.154508 0.987688 0.024472
vn 0.156434 0.987688 0.000000
vn 0.148778 0.987688 0.048341
vn 0.139384 0.987688 0.071020
vn 0.126558 0.987688 0.091950
vn 0.110616 0.987688 0.110616
vn 0.091950 0.987688 0.126558
vn 0.071020 0.987688 0.139384
vn 0.048341 0.987688 0.148778
vn 0.024472 0.987688 0.154508
vn 0.000000 0.987688 0.156434
vn -0.024472 0.987688 0.154508
vn -0.048341 0.987688 0.148778
vn -0.071020 0.987688 0.139384
vn -0.091950 0.987688 0.126558
vn -0.110616 0.987688 0.110616
vn -0.126558 0.987688 0.091950
vn -0.139384 0.987688 0.071020
vn -0.148778 0.987688 0.048341
vn -0.154508 0.987688 0.024472
vn -0.156434 0.987688 0.000000
vn -0.154508 0.987688 -0.024472
vn -0.148778 0.987688 -0.048341
vn -0.139384 0.987688 -0.071020
vn -0.126558 0.987688 -0.091950
vn -0.110616 0.987688 -0.110616
vn -0.091950 0.987688 -0.126558
vn -0.071020 0.987688 -0.139384
vn -0.048341 0.987688 -0.148778
vn -0.024472 0.987688 -0.154508
vn -0.000000 0.987688 -0.156434
vn 0.024472 0.987688 -0.154508
vn 0.048341 0.987688 -0.148778
vn 0.071020 0.987688 -0.139384
vn 0.091950 0.987688 -0.126558
vn 0.110616 0.987688 -0.110616
vn 0.126558 0.987688 -0.091950
vn 0.139384 0.987688 -0.071020
vn 0.148778 0.987688 -0.048341
vn 0.154508 0.987688 -0.024472
vn 0.305212 0.951057 0.048341
vn 0.309017 0.951057 0.000000
vn 0.293893 0.951057 0.095492
vn 0.275336 0.951057 0.140291
vn 0.250000 0.951057 0.181636
vn 0.218508 0.951057 0.218508
vn 0.181636 0.951057 0.250000
vn 0.140291 0.951057 0.275336
vn 0.095492 0.951057 0.293893
vn 0.048341 0.951057 0.305212
vn 0.000000 0.951057 0.309017
vn -0.048341 0.951057 0.305212
vn -0.095492 0.951057 0.293893
vn -0.140291 0.951057 0.275336
vn -0.181636 0.951057 0.250000
vn -0.218508 0.951057 0.218508
vn -0.250000 0.951057 0.181636
vn -0.275336 0.951057 0.140291
vn -0.293893 0.951057 0.095492
vn -0.305212 0.951057 0.048341
vn -0.309017 0.951057 0.000000
vn -0.305212 0.951057 -0.048341
vn -0.293893 0.951057 -0.095492
vn -0.275336 0.951057 -0.140291
vn -0.250000 0.951057 -0.181636
vn -0.218508 0.951057 -0.218508
vn -0.181636 0.951057 -0.250000
vn -0.140291 0.951057 -0.275336
vn -0.095492 0.951057 -0.293893
vn -0.048341 0.951057 -0.305212
vn -0.000000 0.951057 -0.309017
vn 0.048341 0.951057 -0.305212
vn 0.095492 0.951057 -0.293893
vn 0.140291 0.951057 -0.275336
vn 0.181636 0.951057 -0.250000
vn 0.218508 0.951057 -0.218508
vn 0.250000 0.951057 -0.181636
vn 0.275336 0.951057 -0.140291
vn 0.293893 0.951057 -0.095492
vn 0.305212 0.951057 -0.048341
vn 0.448401 0.891007 0.071020
vn 0.453990 0.891007 0.000000
vn 0.431771 0.891007 0.140291
vn 0.404508 0.891007 0.206107
vn 0.367286 0.891007 0.266849
vn 0.321020 0.891007 0.321020
vn 0.266849 0.891007 0.367286
vn 0.206107 0.891007 0.404508
vn 0.140291 0.891007 0.431771
vn 0.071020 0.891007 0.448401
vn 0.000000 0.891007 0.453990
vn -0.071020 0.891007 0.448401
vn -0.140291 0.891007 0.431771
vn -0.206107 0.891007 0.404508
vn -0.266849 0.891007 0.367286
vn -0.321020 0.891007 0.321020
vn -0.367286 0.891007 0.266849
vn -0.404508 0.891007 0.206107
vn -0.431771 0.891007 0.140291
vn -0.448401 0.891007 0.071020
vn -0.453990 0.891007 0.000000
vn -0.448401 0.891007 -0.071020
vn -0.431771 0.891007 -0.140291
vn -0.404508 0.891007 -0.206107
vn -0.367286 0.891007 -0.266849
vn -0.321020 0.891007 -0.321020
vn -0.266849 0.891007 -0.367286
vn -0.206107 0.891007 -0.404508
vn -0.140291 0.891007 -0.431771
vn -0.071020 0.891007 -0.448401
vn -0.000000 0.891007 -0.453990
vn 0.071020 0.891007 -0.448401
vn 0.140291 0.891007 -0.431771
vn 0.206107 0.891007 -0.404508
vn 0.266849 0.891007 -0.367286
vn 0.321020 0.891007 -0.321020
vn 0.367286 0.891007 -0.266849
vn 0.404508 0.891007 -0.206107
vn 0.431771 0.891007 -0.140291
vn 0.448401 0.891007 -0.071020
vn 0.580549 0.809017 0.091950
vn 0.587785 0.809017 0.000000
vn 0.559017 0.809017 0.181636
vn 0.523720 0.809017 0.266849
vn 0.475528 0.809017 0.345492
vn 0.415627 0.809017 0.415627
vn 0.345492 0.809017 0.475528
vn 0.266849 0.809017 0.523720
vn 0.181636 0.809017 0.559017
vn 0.091950 0.809017 0.580549
vn 0.000000 0.809017 0.587785
vn -0.091950 0.809017 0.580549
vn -0.181636 0.809017 0.559017
vn -0.266849 0.809017 0.523720
vn -0.345492 0.809017 0.475528
vn -0.415627 0.809017 0.415627
vn -0.475528 0.809017 0.345492
vn -0.523720 0.809017 0.266849
vn -0.559017 0.809017 0.181636
vn -0.580549 0.809017 0.091950
vn -0.587785 0.809017 0.000000
vn -0.580549 0.809017 -0.091950
vn -0.559017 0.809017 -0.181636
vn -0.523720 0.809017 -0.266849
vn -0.475528 0.809017 -0.345492
vn -0.415627 0.809017 -0.415627
vn -0.345492 0.809017 -0.475528
vn -0.266849 0.809017 -0.523720
vn -0.181636 0.809017 -0.559017
vn -0.091950 0.809017 -0.580549
vn -0.000000 0.809017 -0.587785
vn 0.091950 0.809017 -0.580549
vn 0.181636 0.809017 -0.559017
vn 0.266849 0.809017 -0.523720
vn 0.345492 0.809017 -0.475528
vn 0.415627 0.809017 -0.415627
vn 0.475528 0.809017 -0.345492
vn 0.523720 0.809017 -0.266849
vn 0.559017 0.809017 -0.181636
vn 0.580549 0.809017 -0.091950
vn 0.698401 0.707107 0.110616
vn 0.672499 0.707107 0.218508
vn 0.630037 0.707107 0.321020
vn 0.572061 0.707107 0.415627
vn 0.415627 0.707107 0.572061
vn 0.321020 0.707107 0.630037
vn 0.218508 0.707107 0.672499
vn 0.110616 0.707107 0.698401
vn -0.110616 0.707107 0.698401
vn -0.218508 0.707107 0.672499
vn -0.321020 0.707107 0.630037
vn -0.415627 0.707107 0.572061
vn -0.572061 0.707107 0.415627
vn -0.630037 0.707107 0.321020
vn -0.672499 0.707107 0.218508
vn -0.698401 0.707107 0.110616
vn -0.698401 0.707107 -0.110616
vn -0.672499 0.707107 -0.218508
vn -0.630037 0.707107 -0.321020
vn -0.572061 0.707107 -0.415627
vn -0.415627 0.707107 -0.572061
vn -0.321020 0.707107 -0.630037
vn -0.218508 0.707107 -0.672499
vn -0.110616 0.707107 -0.698401
vn 0.110616 0.707107 -0.698401
vn 0.218508 0.707107 -0.672499
vn 0.321020 0.707107 -0.630037
vn 0.415627 0.707107 -0.572061
vn 0.572061 0.707107 -0.415627
vn 0.630037 0.707107 -0.321020
vn 0.672499 0.707107 -0.218508
vn 0.698401 0.707107 -0.110616
vn 0.799057 0.587785 0.126558
vn 0.809017 0.587785 0.000000
vn 0.769421 0.587785 0.250000
vn 0.720839 0.587785 0.367286
vn 0.654508 0.587785 0.475528
vn 0.572061 0.587785 0.572061
vn 0.475528 0.587785 0.654508
vn 0.367286 0.587785 0.720839
vn 0.250000 0.587785 0.769421
vn 0.126558 0.587785 0.799057
vn 0.000000 0.587785 0.809017
vn -0.126558 0.587785 0.799057
vn -0.250000 0.587785 0.769421
vn -0.367286 0.587785 0.720839
vn -0.475528 0.587785 0.654508
vn -0.572061 0.587785 0.572061
vn -0.654508 0.587785 0.475528
vn -0.720839 0.587785 0.367286
vn -0.769421 0.587785 0.250000
vn -0.799057 0.587785 0.126558
vn -0.809017 0.587785 0.000000
vn -0.799057 0.587785 -0.126558
vn -0.769421 0.587785 -0.250000
vn -0.720839 0.587785 -0.367286
vn -0.654508 0.587785 -0.475528
vn -0.572061 0.587785 -0.572061
vn -0.475528 0.587785 -0.654508
vn -0.367286 0.587785 -0.720839
vn -0.250000 0.587785 -0.769421
vn -0.126558 0.587785 -0.799057
vn -0.000000 0.587785 -0.809017
vn 0.126558 0.587785 -0.799057
vn 0.250000 0.587785 -0.769421
vn 0.367286 0.587785 -0.720839
vn 0.475528 0.587785 -0.654508
vn 0.572061 0.587785 -0.572061
vn 0.654508 0.587785 -0.475528
vn 0.720839 0.587785 -0.367286
vn 0.769421 0.587785 -0.250000
vn 0.799057 0.587785 -0.126558
vn 0.880037 0.453990 0.139384
vn 0.891007 0.453990 0.000000
vn 0.847398 0.453990 0.275336
vn 0.793893 0.453990 0.404508
vn 0.720839 0.453990 0.523720
vn 0.630037 0.453990 0.630037
vn 0.523720 0.453990 0.720839
vn 0.404508 0.453990 0.793893
vn 0.275336 0.453990 0.847398
vn 0.139384 0.453990 0.880037
vn 0.000000 0.453990 0.891007
vn -0.139384 0.453990 0.880037
vn -0.275336 0.453990 0.847398
vn -0.404508 0.453990 0.793893
vn -0.523720 0.453990 0.720839
vn -0.630037 0.453990 0.630037
vn -0.720839 0.453990 0.523720
vn -0.793893 0.453990 0.404508
vn -0.847398 0.453990 0.275336
vn -0.880037 0.453990 0.139384
vn -0.891007 0.453990 0.000000
vn -0.880037 0.453990 -0.139384
vn -0.847398 0.453990 -0.275336
vn -0.793893 0.453990 -0.404508
vn -0.720839 0.453990 -0.523720
vn -0.630037 0.453990 -0.630037
vn -0.523720 0.453990 -0.720839
vn -0.404508 0.453990 -0.793893
vn -0.275336 0.453990 -0.847398
vn -0.139384 0.453990 -0.880037
vn -0.000000 0.453990 -0.891007
vn 0.139384 0.453990 -0.880037
vn 0.275336 0.453990 -0.847398
vn 0.404508 0.453990 -0.793893
vn 0.523720 0.453990 -0.720839
vn 0.630037 0.453990 -0.630037
vn 0.720839 0.453990 -0.523720
vn 0.793893 0.453990 -0.404508
vn 0.847398 0.453990 -0.275336
vn 0.880037 0.453990 -0.139384
vn 0.939347 0.309017 0.148778
vn 0.951057 0.309017 0.000000
vn 0.904508 0.309017 0.293893
vn 0.847398 0.309017 0.431771
vn 0.769421 0.309017 0.559017
vn 0.672499 0.309017 0.672499
vn 0.559017 0.309017 0.769421
vn 0.431771 0.309017 0.847398
vn 0.293893 0.309017 0.904508
vn 0.148778 0.309017 0.939347
vn 0.000000 0.309017 0.951057
vn -0.148778 0.309017 0.939347
vn -0.293893 0.309017 0.904508
vn -0.431771 0.309017 0.847398
vn -0.559017 0.309017 0.769421
vn -0.672499 0.309017 0.672499
vn -0.769421 0.309017 0.559017
vn -0.847398 0.309017 0.431771
vn -0.904508 0.309017 0.293893
vn -0.939347 0.309017 0.148778
vn -0.951057 0.309017 0.000000
vn -0.939347 0.309017 -0.148778
vn -0.904508 0.309017 -0.293893
vn -0.847398 0.309017 -0.431771
vn -0.769421 0.309017 -0.559017
vn -0.672499 0.309017 -0.672499
vn -0.559017 0.309017 -0.769421
vn -0.431771 0.309017 -0.847398
vn -0.293893 0.309017 -0.904508
vn -0.148778 0.309017 -0.939347
vn -0.000000 0.309017 -0.951057
vn 0.148778 0.309017 -0.939347
vn 0.293893 0.309017 -0.904508
vn 0.431771 0.309017 -0.847398
vn 0.559017 0.309017 -0.769421
vn 0.672499 0.309017 -0.672499
vn 0.769421 0.309017 -0.559017
vn 0.847398 0.309017 -0.431771
vn 0.904508 0.309017 -0.293893
vn 0.939347 0.309017 -0.148778
vn 0.975528 0.156434 0.154508
vn 0.987688 0.156434 0.000000
vn 0.939347 0.156434 0.305212
vn 0.880037 0.156434 0.448401
vn 0.799057 0.156434 0.580549
vn 0.698401 0.156434 0.698401
vn 0.580549 0.156434 0.799057
vn 0.448401 0.156434 0.880037
vn 0.305212 0.156434 0.939347
vn 0.154508 0.156434 0.975528
vn 0.000000 0.156434 0.987688
vn -0.154508 0.156434 0.975528
vn -0.305212 0.156434 0.939347
vn -0.448401 0.156434 0.880037
vn -0.580549 0.156434 0.799057
vn -0.698401 0.156434 0.698401
vn -0.799057 0.156434 0.580549
vn -0.880037 0.156434 0.448401
vn -0.939347 0.156434 0.305212
vn -0.975528 0.156434 0.154508
vn -0.987688 0.156434 0.000000
vn -0.975528 0.156434 -0.154508
vn -0.939347 0.156434 -0.305212
vn -0.880037 0.156434 -0.448401
vn -0.799057 0.156434 -0.580549
vn -0.698401 0.156434 -0.698401
vn -0.580549 0.156434 -0.799057
vn -0.448401 0.156434 -0.880037
vn -0.305212 0.156434 -0.939347
vn -0.154508 0.156434 -0.975528
vn -0.000000 0.156434 -0.987688
vn 0.154508 0.156434 -0.975528
vn 0.305212 0.156434 -0.939347
vn 0.448401 0.156434 -0.880037
vn 0.580549 0.156434 -0.799057
vn 0.698401 0.156434 -0.698401
vn 0.799057 0.156434 -0.580549
vn 0.880037 0.156434 -0.448401
vn 0.939347 0.156434 -0.305212
vn 0.975528 0.156434 -0.154508
vn 0.987688 0.000000 0.156434
vn 0.951057 0.000000 0.309017
vn 0.891007 0.000000 0.453990
vn 0.809017 0.000000 0.587785
vn 0.587785 0.000000 0.809017
vn 0.453990 0.000000 0.891007
vn 0.309017 0.000000 0.951057
vn 0.156434 0.000000 0.987688
vn -0.156434 0.000000 0.987688
vn -0.309017 0.000000 0.951057
vn -0.453990 0.000000 0.891007
vn -0.587785 0.000000 0.809017
vn -0.809017 0.000000 0.587785
vn -0.891007 0.000000 0.453990
vn -0.951057 0.000000 0.309017
vn -0.987688 0.000000 0.156434
vn -0.987688 0.000000 -0.156434
vn -0.951057 0.000000 -0.309017
vn -0.891007 0.000000 -0.453990
vn -0.809017 0.000000 -0.587785
vn -0.587785 0.000000 -0.809017
vn -0.453990 0.000000 -0.891007
vn -0.309017 0.000000 -0.951057
vn -0.156434 0.000000 -0.987688
vn 0.156434 0.000000 -0.987688
vn 0.309017 0.000000 -0.951057
vn 0.453990 0.000000 -0.891007
vn 0.587785 0.000000 -0.809017
vn 0.809017 0.000000 -0.587785
vn 0.891007 0.000000 -0.453990
vn 0.951057 0.000000 -0.309017
vn 0.987688 0.000000 -0.156434
vn 0.975528 -0.156434 0.154508
vn 0.987688 -0.156434 0.000000
vn 0.939347 -0.156434 0.305212
vn 0.880037 -0.156434 0.448401
vn 0.799057 -0.156434 0.580549
vn 0.698401 -0.156434 0.698401
vn 0.580549 -0.156434 0.799057
vn 0.448401 -0.156434 0.880037
vn 0.305212 -0.156434 0.939347
vn 0.154508 -0.156434 0.975528
vn 0.000000 -0.156434 0.987688
vn -0.154508 -0.156434 0.975528
vn -0.305212 -0.156434 0.939347
vn -0.448401 -0.156434 0.880037
vn -0.580549 -0.156434 0.799057
vn -0.698401 -0.156434 0.698401
vn -0.799057 -0.156434 0.580549
vn -0.880037 -0.156434 0.448401
vn -0.939347 -0.156434 0.305212
vn -0.975528 -0.156434 0.154508
vn -0.987688 -0.156434 0.000000
vn -0.975528 -0.156434 -0.154508
vn -0.939347 -0.156434 -0.305212
vn -0.880037 -0.156434 -0.448401
vn -0.799057 -0.156434 -0.580549
vn -0.698401 -0.156434 -0.698401
vn -0.580549 -0.156434 -0.799057
vn -0.448401 -0.156434 -0.880037
vn -0.305212 -0.156434 -0.939347
vn -0.154508 -0.156434 -0.975528
vn -0.000000 -0.156434 -0.987688
vn 0.154508 -0.156434 -0.975528
vn 0.305212 -0.156434 -0.939347
vn 0.448401 -0.156434 -0.880037
vn 0.580549 -0.156434 -0.799057
vn 0.698401 -0.156434 -0.698401
vn 0.799057 -0.156434 -0.580549
vn 0.880037 -0.156434 -0.448401
vn 0.939347 -0.156434 -0.305212
vn 0.975528 -0.156434 -0.154508
vn 0.939347 -0.309017 0.148778
vn 0.951057 -0.309017 0.000000
vn 0.904508 -0.309017 0.293893
vn 0.847398 -0.309017 0.431771
vn 0.769421 -0.309017 0.559017
vn 0.672499 -0.309017 0.672499
vn 0.559017 -0.309017 0.769421
vn 0.431771 -0.309017 0.847398
vn 0.293893 -0.309017 0.904508
vn 0.148778 -0.309017 0.939347
vn 0.000000 -0.309017 0.951057
vn -0.148778 -0.309017 0.939347
vn -0.293893 -0.309017 0.904508
vn -0.431771 -0.309017 0.847398
vn -0.559017 -0.309017 0.769421
vn -0.672499 -0.309017 0.672499
vn -0.769421 -0.309017 0.559017
vn -0.847398 -0.309017 0.431771
vn -0.904508 -0.309017 0.293893
vn -0.939347 -0.309017 0.148778
vn -0.951057 -0.309017 0.000000
vn -0.939347 -0.309017 -0.148778
vn -0.904508 -0.309017 -0.293893
vn -0.847398 -0.309017 -0.431771
vn -0.769421 -0.309017 -0.559017
vn -0.672499 -0.309017 -0.672499
vn -0.559017 -0.309017 -0.769421
vn -0.431771 -0.309017 -0.847398
vn -0.293893 -0.309017 -0.904508
vn -0.148778 -0.309017 -0.939347
vn -0.000000 -0.309017 -0.951057
vn 0.148778 -0.309017 -0.939347
vn 0.293893 -0.309017 -0.904508
vn 0.431771 -0.309017 -0.847398
vn 0.559017 -0.309017 -0.769421
vn 0.672499 -0.309017 -0.672499
vn 0.769421 -0.309017 -0.559017
vn 0.847398 -0.309017 -0.431771
vn 0.904508 -0.309017 -0.293893
vn 0.939347 -0.309017 -0.148778
vn 0.880037 -0.453990 0.139384
vn 0.891007 -0.453990 0.000000
vn 0.847398 -0.453990 0.275336
vn 0.793893 -0.453990 0.404508
vn 0.720839 -0.453990 0.523720
vn 0.630037 -0.453990 0.630037
vn 0.523720 -0.453990 0.720839
vn 0.404508 -0.453990 0.793893
vn 0.275336 -0.453990 0.847398
vn 0.139384 -0.453990 0.880037
vn 0.000000 -0.453990 0.891007
vn -0.139384 -0.453990 0.880037
vn -0.275336 -0.453990 0.847398
vn -0.404508 -0.453990 0.793893
vn -0.523720 -0.453990 0.720839
vn -0.630037 -0.453990 0.630037
vn -0.720839 -0.453990 0.523720
vn -0.793893 -0.453990 0.404508
vn -0.847398 -0.453990 0.275336
vn -0.880037 -0.453990 0.139384
vn -0.891007 -0.453990 0.000000
vn -0.880037 -0.453990 -0.139384
vn -0.847398 -0.453990 -0.275336
vn -0.793893 -0.453990 -0.404508
vn -0.720839 -0.453990 -0.523720
vn -0.630037 -0.453990 -0.630037
vn -0.523720 -0.453990 -0.720839
vn -0.404508 -0.453990 -0.793893
vn -0.275336 -0.453990 -0.847398
vn -0.139384 -0.453990 -0.880037
vn -0.000000 -0.453990 -0.891007
vn 0.139384 -0.453990 -0.880037
vn 0.275336 -0.453990 -0.847398
vn 0.404508 -0.453990 -0.793893
vn 0.523720 -0.453990 -0.720839
vn 0.630037 -0.453990 -0.630037
vn 0.720839 -0.453990 -0.523720
vn 0.793893 -0.453990 -0.404508
vn 0.847398 -0.453990 -0.275336
vn 0.880037 -0.453990 -0.139384
vn 0.799057 -0.587785 0.126558
vn 0.809017 -0.587785 0.000000
vn 0.769421 -0.587785 0.250000
vn 0.720839 -0.587785 0.367286
vn 0.654508 -0.587785 0.475528
vn 0.572061 -0.587785 0.572061
vn 0.475528 -0.587785 0.654508
vn 0.367286 -0.587785 0.720839
vn 0.250000 -0.587785 0.769421
vn 0.126558 -0.587785 0.799057
vn 0.000000 -0.587785 0.809017
vn -0.126558 -0.587785 0.799057
vn -0.250000 -0.587785 0.769421
vn -0.367286 -0.587785 0.720839
vn -0.475528 -0.587785 0.654508
vn -0.572061 -0.587785 0.572061
vn -0.654508 -0.587785 0.475528
vn -0.720839 -0.587785 0.367286
vn -0.769421 -0.587785 0.250000
vn -0.799057 -0.587785 0.126558
vn -0.809017 -0.587785 0.000000
vn -0.799057 -0.587785 -0.126558
vn -0.769421 -0.587785 -0.250000
vn -0.720839 -0.587785 -0.367286
vn -0.654508 -0.587785 -0.475528
vn -0.572061 -0.587785 -0.572061
vn -0.475528 -0.587785 -0.654508
vn -0.367286 -0.587785 -0.720839
vn -0.250000 -0.587785 -0.769421
vn -0.126558 -0.587785 -0.799057
vn -0.000000 -0.587785 -0.809017
vn 0.126558 -0.587785 -0.799057
vn 0.250000 -0.587785 -0.769421
vn 0.367286 -0.587785 -0.720839
vn 0.475528 -0.587785 -0.654508
vn 0.572061 -0.587785 -0.572061
vn 0.654508 -0.587785 -0.475528
vn 0.720839 -0.587785 -0.367286
vn 0.769421 -0.587785 -0.250000
vn 0.799057 -0.587785 -0.126558
vn 0.698401 -0.707107 0.110616
vn 0.672499 -0.707107 0.218508
vn 0.630037 -0.707107 0.321020
vn 0.572061 -0.707107 0.415627
vn 0.415627 -0.707107 0.572061
vn 0.321020 -0.707107 0.630037
vn 0.218508 -0.707107 0.672499
vn 0.110616 -0.707107 0.698401
vn -0.110616 -0.707107 0.698401
vn -0.218508 -0.707107 0.672499
vn -0.321020 -0.707107 0.630037
vn -0.415627 -0.707107 0.572061
vn -0.572061 -0.707107 0.415627
vn -0.630037 -0.707107 0.321020
vn -0.672499 -0.707107 0.218508
vn -0.698401 -0.707107 0.110616
vn -0.698401 -0.707107 -0.110616
vn -0.672499 -0.707107 -0.218508
vn -0.630037 -0.707107 -0.321020
vn -0.572061 -0.707107 -0.415627
vn -0.415627 -0.707107 -0.572061
vn -0.321020 -0.707107 -0.630037
vn -0.218508 -0.707107 -0.672499
vn -0.110616 -0.707107 -0.698401
vn 0.110616 -0.707107 -0.698401
vn 0.218508 -0.707107 -0.672499
vn 0.321020 -0.707107 -0.630037
vn 0.415627 -0.707107 -0.572061
vn 0.572061 -0.707107 -0.415627
vn 0.630037 -0.707107 -0.321020
vn 0.672499 -0.707107 -0.218508
vn 0.698401 -0.707107 -0.110616
vn 0.580549 -0.809017 0.091950
vn 0.587785 -0.809017 0.000000
vn 0.559017 -0.809017 0.181636
vn 0.523720 -0.809017 0.266849
vn 0.475528 -0.809017 0.345492
vn 0.415627 -0.809017 0.415627
vn 0.345492 -0.809017 0.475528
vn 0.266849 -0.809017 0.523720
vn 0.181636 -0.809017 0.559017
vn 0.091950 -0.809017 0.580549
vn 0.000000 -0.809017 0.587785
vn -0.091950 -0.809017 0.580549
vn -0.181636 -0.809017 0.559017
vn -0.266849 -0.809017 0.523720
vn -0.345492 -0.809017 0.475528
vn -0.415627 -0.809017 0.415627
vn -0.475528 -0.809017 0.345492
vn -0.523720 -0.809017 0.266849
vn -0.559017 -0.809017 0.181636
vn -0.580549 -0.809017 0.091950
vn -0.587785 -0.809017 0.000000
vn -0.580549 -0.809017 -0.091950
vn -0.559017 -0.809017 -0.181636
vn -0.523720 -0.809017 -0.266849
vn -0.475528 -0.809017 -0.345492
vn -0.415627 -0.809017 -0.415627
vn -0.345492 -0.809017 -0.475528
vn -0.266849 -0.809017 -0.523720
vn -0.181636 -0.809017 -0.559017
vn -0.091950 -0.809017 -0.580549
vn -0.000000 -0.809017 -0.587785
vn 0.091950 -0.809017 -0.580549
vn 0.181636 -0.809017 -0.559017
vn 0.266849 -0.809017 -0.523720
vn 0.345492 -0.809017 -0.475528
vn 0.415627 -0.809017 -0.415627
vn 0.475528 -0.809017 -0.345492
vn 0.523720 -0.809017 -0.266849
vn 0.559017 -0.809017 -0.181636
vn 0.580549 -0.809017 -0.091950
vn 0.448401 -0.891007 0.071020
vn 0.453990 -0.891007 0.000000
vn 0.431771 -0.891007 0.140291
vn 0.404508 -0.891007 0.206107
vn 0.367286 -0.891007 0.266849
vn 0.321020 -0.891007 0.321020
vn 0.266849 -0.891007 0.367286
vn 0.206107 -0.891007 0.404508
vn 0.140291 -0.891007 0.431771
vn 0.071020 -0.891007 0.448401
vn 0.000000 -0.891007 0.453990
vn -0.071020 -0.891007 0.448401
vn -0.140291 -0.891007 0.431771
vn -0.206107 -0.891007 0.404508
vn -0.266849 -0.891007 0.367286
vn -0.321020 -0.891007 0.321020
vn -0.367286 -0.891007 0.266849
vn -0.404508 -0.891007 0.206107
vn -0.431771 -0.891007 0.140291
vn -0.448401 -0.891007 0.071020
vn -0.453990 -0.891007 0.000000
vn -0.448401 -0.891007 -0.071020
vn -0.431771 -0.891007 -0.140291
vn -0.404508 -0.891007 -0.206107
vn -0.367286 -0.891007 -0.266849
vn -0.321020 -0.891007 -0.321020
vn -0.266849 -0.891007 -0.367286
vn -0.206107 -0.891007 -0.404508
vn -0.140291 -0.891007 -0.431771
vn -0.071020 -0.891007 -0.448401
vn -0.000000 -0.891007 -0.453990
vn 0.071020 -0.891007 -0.448401
vn 0.140291 -0.891007 -0.431771
vn 0.206107 -0.891007 -0.404508
vn 0.266849 -0.891007 -0.367286
vn 0.321020 -0.891007 -0.321020
vn 0.367286 -0.891007 -0.266849
vn 0.404508 -0.891007 -0.206107
vn 0.431771 -0.891007 -0.140291
vn 0.448401 -0.891007 -0.071020
vn 0.305212 -0.951057 0.048341
vn 0.309017 -0.951057 0.000000
vn 0.293893 -0.951057 0.095492
vn 0.275336 -0.951057 0.140291
vn 0.250000 -0.951057 0.181636
vn 0.218508 -0.951057 0.218508
vn 0.181636 -0.951057 0.250000
vn 0.140291 -0.951057 0.275336
vn 0.095492 -0.951057 0.293893
vn 0.048341 -0.951057 0.305212
vn 0.000000 -0.951057 0.309017
vn -0.048341 -0.951057 0.305212
vn -0.095492 -0.951057 0.293893
vn -0.140291 -0.951057 0.275336
vn -0.181636 -0.951057 0.250000
vn -0.218508 -0.951057 0.218508
vn -0.250000 -0.951057 0.181636
vn -0.275336 -0.951057 0.140291
vn -0.293893 -0.951057 0.095492
vn -0.305212 -0.951057 0.048341
vn -0.309017 -0.951057 0.000000
vn -0.305212 -0.951057 -0.048341
vn -0.293893 -0.951057 -0.095492
vn -0.275336 -0.951057 -0.140291
vn -0.250000 -0.951057 -0.181636
vn -0.218508 -0.951057 -0.218508
vn -0.181636 -0.951057 -0.250000
vn -0.140291 -0.951057 -0.275336
vn -0.095492 -0.951057 -0.293893
vn -0.048341 -0.951057 -0.305212
vn -0.000000 -0.951057 -0.309017
vn 0.048341 -0.951057 -0.305212
vn 0.095492 -0.951057 -0.293893
vn 0.140291 -0.951057 -0.275336
vn 0.181636 -0.951057 -0.250000
vn 0.218508 -0.951057 -0.218508
vn 0.250000 -0.951057 -0.181636
vn 0.275336 -0.951057 -0.140291
vn 0.293893 -0.951057 -0.095492
vn 0.305212 -0.951057 -0.048341
vn 0.154508 -0.987688 0.024472
vn 0.156434 -0.987688 0.000000
vn 0.148778 -0.987688 0.048341
vn 0.139384 -0.987688 0.071020
vn 0.126558 -0.987688 0.091950
vn 0.110616 -0.987688 0.110616
vn 0.091950 -0.987688 0.126558
vn 0.071020 -0.987688 0.139384
vn 0.048341 -0.987688 0.148778
vn 0.024472 -0.987688 0.154508
vn 0.000000 -0.987688 0.156434
vn -0.024472 -0.987688 0.154508
vn -0.048341 -0.987688 0.148778
vn -0.071020 -0.987688 0.139384
vn -0.091950 -0.987688 0.126558
vn -0.110616 -0.987688 0.110616
vn -0.126558 -0.987688 0.091950
vn -0.139384 -0.987688 0.071020
vn -0.148778 -0.987688 0.048341
vn -0.154508 -0.987688 0.024472
vn -0.156434 -0.987688 0.000000
vn -0.154508 -0.987688 -0.024472
vn -0.148778 -0.987688 -0.048341
vn -0.139384 -0.987688 -0.071020
vn -0.126558 -0.987688 -0.091950
vn -0.110616 -0.987688 -0.110616
vn -0.091950 -0.987688 -0.126558
vn -0.071020 -0.987688 -0.139384
vn -0.048341 -0.987688 -0.148778
vn -0.024472 -0.987688 -0.154508
vn -0.000000 -0.987688 -0.156434
vn 0.024472 -0.987688 -0.154508
vn 0.048341 -0.987688 -0.148778
vn 0.071020 -0.987688 -0.139384
vn 0.091950 -0.987688 -0.126558
vn 0.110616 -0.987688 -0.110616
vn 0.126558 -0.987688 -0.091950
vn 0.139384 -0.987688 -0.071020
vn 0.148778 -0.987688 -0.048341
vn 0.154508 -0.987688 -0.024472
usemtl floor
f 1//1 2//1 3//1
f 1//1 3//1 4//1
usemtl ceiling
f 5//2 6//2 7//2
f 5//2 7//2 8//2
usemtl back
f 2//3 8//3 7//3
f 2//3 7//3 3//3
usemtl warm
f 1//4 5//4 8//4
f 1//4 8//4 2//4
usemtl cool
f 4//5 3//5 7//5
f 4//5 7//5 6//5
usemtl back
f 9//2 10//2 11//2
f 9//2 11//2 12//2
f 13//1 14//1 15//1
f 13//1 15//1 16//1
f 9//3 13//3 16//3
f 9//3 16//3 10//3
f 12//6 11//6 15//6
f 12//6 15//6 14//6
f 9//5 12//5 14//5
f 9//5 14//5 13//5
f 10//4 16//4 15//4
f 10//4 15//4 11//4
f 17//2 18//2 19//2
f 17//2 19//2 20//2
f 21//1 22//1 23//1
f 21//1 23//1 24//1
f 17//3 21//3 24//3
f 17//3 24//3 18//3
f 20//6 19//6 23//6
f 20//6 23//6 22//6
f 17//5 20//5 22//5
f 17//5 22//5 21//5
f 18//4 24//4 23//4
f 18//4 23//4 19//4
usemtl strip
f 25//1 26//1 27//1
f 25//1 27//1 28//1
f 29//1 30//1 31//1
f 29//1 31//1 32//1
usemtl back
f 33//2 34//2 35//2
f 33//2 35//2 36//2
f 37//1 38//1 39//1
f 37//1 39//1 40//1
f 33//3 37//3 40//3
f 33//3 40//3 34//3
f 36//6 35//6 39//6
f 36//6 39//6 38//6
f 33//5 36//5 38//5
f 33//5 38//5 37//5
f 34//4 40//4 39//4
f 34//4 39//4 35//4
usemtl nickel
f 41//1 42//7 43//8
f 41//1 44//9 42//7
f 41//1 45//10 44//9
f 41//1 46//11 45//10
f 41//1 47//12 46//11
f 41//1 48//13 47//12
f 41//1 49//14 48//13
f 41//1 50//15 49//14
f 41//1 51//16 50//15
f 41//1 52//17 51//16
f 41//1 53//18 52//17
f 41//1 54//19 53//18
f 41//1 55//20 54//19
f 41//1 56//21 55//20
f 41//1 57//22 56//21
f 41//1 58//23 57//22
f 41//1 59//24 58//23
f 41//1 60//25 59//24
f 41//1 61//26 60//25
f 41//1 62//27 61//26
f 41//1 63//28 62//27
f 41//1 64//29 63//28
f 41//1 65//30 64//29
f 41//1 66//31 65//30
f 41//1 67//32 66//31
f 41//1 68//33 67//32
f 41//1 69//34 68//33
f 41//1 70//35 69//34
f 41//1 71//36 70//35
f 41//1 72//37 71//36
f 41//1 73//38 72//37
f 41//1 74//39 73//38
f 41//1 75//40 74//39
f 41//1 76//41 75//40
f 41//1 77//42 76//41
f 41//1 78//43 77//42
f 41//1 79//44 78//43
f 41//1 80//45 79//44
f 41//1 81//46 80//45
f 41//1 82//47 81//46
f 41//1 83//48 82//47
f 41//1 84//49 83//48
f 41//1 85//50 84//49
f 41//1 86//51 85//50
f 41//1 87//52 86//51
f 41//1 88//53 87//52
f 41//1 89//54 88//53
f 41//1 43//8 89//54
f 43//8 42//7 90//55
f 43//8 90//55 91//56
f 42//7 44//9 92//57
f 42//7 92//57 90//55
f 44//9 45//10 93//58
f 44//9 93//58 92//57
f 45//10 46//11 94//59
f 45//10 94//59 93//58
f 46//11 47//12 95//60
f 46//11 95//60 94//59
f 47//12 48//13 96//61
f 47//12 96//61 95//60
f 48//13 49//14 97//62
f 48//13 97//62 96//61
f 49//14 50//15 98//63
f 49//14 98//63 97//62
f 50//15 51//16 99//64
f 50//15 99//64 98//63
f 51//16 52//17 100//65
f 51//16 100//65 99//64
f 52//17 53//18 101//66
f 52//17 101//66 100//65
f 53//18 54//19 102//67
f 53//18 102//67 101//66
f 54//19 55//20 103//68
f 54//19 103//68 102//67
f 55//20 56//21 104//69
f 55//20 104//69 103//68
f 56//21 57//22 105//70
f 56//21 105//70 104//69
f 57//22 58//23 106//71
f 57//22 106//71 105//70
f 58//23 59//24 107//72
f 58//23 107//72 106//71
f 59//24 60//25 108//73
f 59//24 108//73 107//72
f 60//25 61//26 109//74
f 60//25 109//74 108//73
f 61//26 62//27 110//75
f 61//26 110//75 109//74
f 62//27 63//28 111//76
f 62//27 111//76 110//75
f 63//28 64//29 112//77
f 63//28 112//77 111//76
f 64//29 65//30 113//78
f 64//29 113//78 112//77
f 65//30 66//31 114//79
f 65//30 114//79 113//78
f 66//31 67//32 115//80
f 66//31 115//80 114//79
f 67//32 68//33 116//81
f 67//32 116//81 115//80
f 68//33 69//34 117//82
f 68//33 117//82 116//81
f 69//34 70//35 118//83
f 69//34 118//83 117//82
f 70//35 71//36 119//84
f 70//35 119//84 118//83
f 71//36 72//37 120//85
f 71//36 120//85 119//84
f 72//37 73//38 121//86
f 72//37 121//86 120//85
f 73//38 74//39 122//87
f 73//38 122//87 121//86
f 74//39 75//40 123//88
f 74//39 123//88 122//87
f 75//40 76//41 124//89
f 75//40 124//89 123//88
f 76//41 77//42 125//90
f 76//41 125//90 124//89
f 77//42 78//43 126//91
f 77//42 126//91 125//90
f 78//43 79//44 127//92
f 78//43 127//92 126//91
f 79//44 80//45 128//93
f 79//44 128//93 127//92
f 80//45 81//46 129//94
f 80//45 129//94 128//93
f 81//46 82//47 130//95
f 81//46 130//95 129//94
f 82//47 83//48 131//96
f 82//47 131//96 130//95
f 83//48 84//49 132//97
f 83//48 132//97 131//96
f 84//49 85//50 133//98
f 84//49 133//98 132//97
f 85//50 86//51 134//99
f 85//50 134//99 133//98
f 86//51 87//52 135//100
f 86//51 135//100 134//99
f 87//52 88//53 136//101
f 87//52 136//101 135//100
f 88//53 89//54 137//102
f 88//53 137//102 136//101
f 89//54 43//8 91//56
f 89//54 91//56 137//102
f 91//56 90//55 138//103
f 91//56 138//103 139//104
f 90//55 92//57 140//105
f 90//55 140//105 138//103
f 92//57 93//58 141//106
f 92//57 141//106 140//105
f 93//58 94//59 142//107
f 93//58 142//107 141//106
f 94//59 95//60 143//108
f 94//59 143//108 142//107
f 95//60 96//61 144//109
f 95//60 144//109 143//108
f 96//61 97//62 145//110
f 96//61 145//110 144//109
f 97//62 98//63 146//111
f 97//62 146//111 145//110
f 98//63 99//64 147//112
f 98//63 147//112 146//111
f 99//64 100//65 148//113
f 99//64 148//113 147//112
f 100//65 101//66 149//114
f 100//65 149//114 148//113
f 101//66 102//67 150//115
f 101//66 150//115 149//114
f 102//67 103//68 151//116
f 102//67 151//116 150//115
f 103//68 104//69 152//117
f 103//68 152//117 151//116
f 104//69 105//70 153//118
f 104//69 153//118 152//117
f 105//70 106//71 154//119
f 105//70 154//119 153//118
f 106//71 107//72 155//120
f 106//71 155//120 154//119
f 107//72 108//73 156//121
f 107//72 156//121 155//120
f 108//73 109//74 157//122
f 108//73 157//122 156//121
f 109//74 110//75 158//123
f 109//74 158//123 157//122
f 110//75 111//76 159//124
f 110//75 159//124 158//123
f 111//76 112//77 160//125
f 111//76 160//125 159//124
f 112//77 113//78 161//126
f 112//77 161//126 160//125
f 113//78 114//79 162//127
f 113//78 162//127 161//126
f 114//79 115//80 163//128
f 114//79 163//128 162//127
f 115//80 116//81 164//129
f 115//80 164//129 163//128
f 116//81 117//82 165//130
f 116//81 165//130 164//129
f 117//82 118//83 166//131
f 117//82 166//131 165//130
f 118//83 119//84 167//132
f 118//83 167//132 166//131
f 119//84 120//85 168//133
f 119//84 168//133 167//132
f 120//85 121//86 169//134
f 120//85 169//134 168//133
f 121//86 122//87 170//135
f 121//86 170//135 169//134
f 122//87 123//88 171//136
f 122//87 171//136 170//135
f 123//88 124//89 172//137
f 123//88 172//137 171//136
f 124//89 125//90 173//138
f 124//89 173//138 172//137
f 125//90 126//91 174//139
f 125//90 174//139 173//138
f 126//91 127//92 175//140
f 126//91 175//140 174//139
f 127//92 128//93 176//141
f 127//92 176//141 175//140
f 128//93 129//94 177//142
f 128//93 177//142 176//141
f 129//94 130//95 178//143
f 129//94 178//143 177//142
f 130//95 131//96 179//144
f 130//95 179//144 178//143
f 131//96 132//97 180//145
f 131//96 180//145 179//144
f 132//97 133//98 181//146
f 132//97 181//146 180//145
f 133//98 134//99 182//147
f 133//98 182//147 181//146
f 134//99 135//100 183//148
f 134//99 183//148 182//147
f 135//100 136//101 184//149
f 135//100 184//149 183//148
f 136//101 137//102 185//150
f 136//101 185//150 184//149
f 137//102 91//56 139//104
f 137//102 139//104 185//150
f 139//104 138//103 186//151
f 139//104 186//151 187//152
f 138//103 140//105 188//153
f 138//103 188//153 186//151
f 140//105 141//106 189//154
f 140//105 189//154 188//153
f 141//106 142//107 190//155
f 141//106 190//155 189//154
f 142//107 143//108 191//156
f 142//107 191//156 190//155
f 143//108 144//109 192//157
f 143//108 192//157 191//156
f 144//109 145//110 193//158
f 144//109 193//158 192//157
f 145//110 146//111 194//159
f 145//110 194//159 193//158
f 146//111 147//112 195//160
f 146//111 195//160 194//159
f 147//112 148//113 196//161
f 147//112 196//161 195//160
f 148//113 149//114 197//162
f 148//113 197//162 196//161
f 149//114 150//115 198//163
f 149//114 198//163 197//162
f 150//115 151//116 199//164
f 150//115 199//164 198//163
f 151//116 152//117 200//165
f 151//116 200//165 199//164
f 152//117 153//118 201//166
f 152//117 201//166 200//165
f 153//118 154//119 202//167
f 153//118 202//167 201//166
f 154//119 155//120 203//168
f 154//119 203//168 202//167
f 155//120 156//121 204//169
f 155//120 204//169 203//168
f 156//121 157//122 205//170
f 156//121 205//170 204//169
f 157//122 158//123 206//171
f 157//122 206//171 205//170
f 158//123 159//124 207//172
f 158//123 207//172 206//171
f 159//124 160//125 208//173
f 159//124 208//173 207//172
f 160//125 161//126 209//174
f 160//125 209//174 208//173
f 161//126 162//127 210//175
f 161//126 210//175 209//174
f 162//127 163//128 211//176
f 162//127 211//176 210//175
f 163//128 164//129 212//177
f 163//128 212//177 211//176
f 164//129 165//130 213//178
f 164//129 213//178 212//177
f 165//130 166//131 214//179
f 165//130 214//179 213//178
f 166//131 167//132 215//180
f 166//131 215//180 214//179
f 167//132 168//133 216//181
f 167//132 216//181 215//180
f 168//133 169//134 217//182
f 168//133 217//182 216//181
f 169//134 170//135 218//183
f 169//134 218//183 217//182
f 170//135 171//136 219//184
f 170//135 219//184 218//183
f 171//136 172//137 220//185
f 171//136 220//185 219//184
f 172//137 173//138 221//186
f 172//137 221//186 220//185
f 173//138 174//139 222//187
f 173//138 222//187 221//186
f 174//139 175//140 223//188
f 174//139 223//188 222//187
f 175//140 176//141 224//189
f 175//140 224//189 223//188
f 176//141 177//142 225//190
f 176//141 225//190 224//189
f 177//142 178//143 226//191
f 177//142 226//191 225//190
f 178//143 179//144 227//192
f 178//143 227//192 226//191
f 179//144 180//145 228//193
f 179//144 228//193 227//192
f 180//145 181//146 229//194
f 180//145 229//194 228//193
f 181//146 182//147 230//195
f 181//146 230//195 229//194
f 182//147 183//148 231//196
f 182//147 231//196 230//195
f 183//148 184//149 232//197
f 183//148 232//197 231//196
f 184//149 185//150 233//198
f 184//149 233//198 232//197
f 185//150 139//104 187//152
f 185//150 187//152 233//198
f 187//152 186//151 234//199
f 187//152 234//199 235//200
f 186//151 188//153 236//201
f 186//151 236//201 234//199
f 188//153 189//154 237//202
f 188//153 237//202 236//201
f 189//154 190//155 238//203
f 189//154 238//203 237//202
f 190//155 191//156 239//204
f 190//155 239//204 238//203
f 191//156 192//157 240//205
f 191//156 240//205 239//204
f 192//157 193//158 241//206
f 192//157 241//206 240//205
f 193//158 194//159 242//207
f 193//158 242//207 241//206
f 194//159 195//160 243//208
f 194//159 243//208 242//207
f 195//160 196//161 244//209
f 195//160 244//209 243//208
f 196//161 197//162 245//210
f 196//161 245//210 244//209
f 197//162 198//163 246//211
f 197//162 246//211 245//210
f 198//163 199//164 247//212
f 198//163 247//212 246//211
f 199//164 200//165 248//213
f 199//164 248//213 247//212
f 200//165 201//166 249//214
f 200//165 249//214 248//213
f 201//166 202//167 250//215
f 201//166 250//215 249//214
f 202//167 203//168 251//216
f 202//167 251//216 250//215
f 203//168 204//169 252//217
f 203//168 252//217 251//216
f 204//169 205//170 253//218
f 204//169 253//218 252//217
f 205//170 206//171 254//219
f 205//170 254//219 253//218
f 206//171 207//172 255//220
f 206//171 255//220 254//219
f 207//172 208//173 256//221
f 207//172 256//221 255//220
f 208//173 209//174 257//222
f 208//173 257//222 256//221
f 209//174 210//175 258//223
f 209//174 258//223 257//222
f 210//175 211//176 259//224
f 210//175 259//224 258//223
f 211//176 212//177 260//225
f 211//176 260//225 259//224
f 212//177 213//178 261//226
f 212//177 261//226 260//225
f 213//178 214//179 262//227
f 213//178 262//227 261//226
f 214//179 215//180 263//228
f 214//179 263//228 262//227
f 215//180 216//181 264//229
f 215//180 264//229 263//228
f 216//181 217//182 265//230
f 216//181 265//230 264//229
f 217//182 218//183 266//231
f 217//182 266//231 265//230
f 218//183 219//184 267//232
f 218//183 267//232 266//231
f 219//184 220//185 268//233
f 219//184 268//233 267//232
f 220//185 221//186 269//234
f 220//185 269//234 268//233
f 221//186 222//187 270//235
f 221//186 270//235 269//234
f 222//187 223//188 271//236
f 222//187 271//236 270//235
f 223//188 224//189 272//237
f 223//188 272//237 271//236
f 224//189 225//190 273//238
f 224//189 273//238 272//237
f 225//190 226//191 274//239
f 225//190 274//239 273//238
f 226//191 227//192 275//240
f 226//191 275//240 274//239
f 227//192 228//193 276//241
f 227//192 276//241 275//240
f 228//193 229//194 277//242
f 228//193 277//242 276//241
f 229//194 230//195 278//243
f 229//194 278//243 277//242
f 230//195 231//196 279//244
f 230//195 279//244 278//243
f 231//196 232//197 280//245
f 231//196 280//245 279//244
f 232//197 233//198 281//246
f 232//197 281//246 280//245
f 233//198 187//152 235//200
f 233//198 235//200 281//246
f 235//200 234//199 282//247
f 235//200 282//247 283//248
f 234//199 236//201 284//249
f 234//199 284//249 282//247
f 236//201 237//202 285//250
f 236//201 285//250 284//249
f 237//202 238//203 286//251
f 237//202 286//251 285//250
f 238//203 239//204 287//252
f 238//203 287//252 286//251
f 239//204 240//205 288//253
f 239//204 288//253 287//252
f 240//205 241//206 289//254
f 240//205 289//254 288//253
f 241//206 242//207 290//255
f 241//206 290//255 289//254
f 242//207 243//208 291//256
f 242//207 291//256 290//255
f 243//208 244//209 292//257
f 243//208 292//257 291//256
f 244//209 245//210 293//258
f 244//209 293//258 292//257
f 245//210 246//211 294//259
f 245//210 294//259 293//258
f 246//211 247//212 295//260
f 246//211 295//260 294//259
f 247//212 248//213 296//261
f 247//212 296//261 295//260
f 248//213 249//214 297//262
f 248//213 297//262 296//261
f 249//214 250//215 298//263
f 249//214 298//263 297//262
f 250//215 251//216 299//264
f 250//215 299//264 298//263
f 251//216 252//217 300//265
f 251//216 300//265 299//264
f 252//217 253//218 301//266
f 252//217 301//266 300//265
f 253//218 254//219 302//267
f 253//218 302//267 301//266
f 254//219 255//220 303//268
f 254//219 303//268 302//267
f 255//220 256//221 304//269
f 255//220 304//269 303//268
f 256//221 257//222 305//270
f 256//221 305//270 304//269
f 257//222 258//223 306//271
f 257//222 306//271 305//270
f 258//223 259//224 307//272
f 258//223 307//272 306//271
f 259//224 260//225 308//273
f 259//224 308//273 307//272
f 260//225 261//226 309//274
f 260//225 309//274 308//273
f 261//226 262//227 310//275
f 261//226 310//275 309//274
f 262//227 263//228 311//276
f 262//227 311//276 310//275
f 263//228 264//229 312//277
f 263//228 312//277 311//276
f 264//229 265//230 313//278
f 264//229 313//278 312//277
f 265//230 266//231 314//279
f 265//230 314//279 313//278
f 266//231 267//232 315//280
f 266//231 315//280 314//279
f 267//232 268//233 316//281
f 267//232 316//281 315//280
f 268//233 269//234 317//282
f 268//233 317//282 316//281
f 269//234 270//235 318//283
f 269//234 318//283 317//282
f 270//235 271//236 319//284
f 270//235 319//284 318//283
f 271//236 272//237 320//285
f 271//236 320//285 319//284
f 272//237 273//238 321//286
f 272//237 321//286 320//285
f 273//238 274//239 322//287
f 273//238 322//287 321//286
f 274//239 275//240 323//288
f 274//239 323//288 322//287
f 275//240 276//241 324//289
f 275//240 324//289 323//288
f 276//241 277//242 325//290
f 276//241 325//290 324//289
f 277//242 278//243 326//291
f 277//242 326//291 325//290
f 278//243 279//244 327//292
f 278//243 327//292 326//291
f 279//244 280//245 328//293
f 279//244 328//293 327//292
f 280//245 281//246 329//294
f 280//245 329//294 328//293
f 281//246 235//200 283//248
f 281//246 283//248 329//294
f 283//248 282//247 330//295
f 283//248 330//295 331//296
f 282//247 284//249 332//297
f 282//247 332//297 330//295
f 284//249 285//250 333//298
f 284//249 333//298 332//297
f 285//250 286//251 334//299
f 285//250 334//299 333//298
f 286//251 287//252 335//300
f 286//251 335//300 334//299
f 287//252 288//253 336//301
f 287//252 336//301 335//300
f 288//253 289//254 337//302
f 288//253 337//302 336//301
f 289//254 290//255 338//303
f 289//254 338//303 337//302
f 290//255 291//256 339//304
f 290//255 339//304 338//303
f 291//256 292//257 340//305
f 291//256 340//305 339//304
f 292//257 293//258 341//306
f 292//257 341//306 340//305
f 293//258 294//259 342//307
f 293//258 342//307 341//306
f 294//259 295//260 343//308
f 294//259 343//308 342//307
f 295//260 296//261 344//309
f 295//260 344//309 343//308
f 296//261 297//262 345//310
f 296//261 345//310 344//309
f 297//262 298//263 346//311
f 297//262 346//311 345//310
f 298//263 299//264 347//312
f 298//263 347//312 346//311
f 299//264 300//265 348//313
f 299//264 348//313 347//312
f 300//265 301//266 349//314
f 300//265 349//314 348//313
f 301//266 302//267 350//315
f 301//266 350//315 349//314
f 302//267 303//268 351//316
f 302//267 351//316 350//315
f 303//268 304//269 352//317
f 303//268 352//317 351//316
f 304//269 305//270 353//318
f 304//269 353//318 352//317
f 305//270 306//271 354//319
f 305//270 354//319 353//318
f 306//271 307//272 355//320
f 306//271 355//320 354//319
f 307//272 308//273 356//321
f 307//272 356//321 355//320
f 308//273 309//274 357//322
f 308//273 357//322 356//321
f 309//274 310//275 358//323
f 309//274 358//323 357//322
f 310//275 311//276 359//324
f 310//275 359//324 358//323
f 311//276 312//277 360//325
f 311//276 360//325 359//324
f 312//277 313//278 361//326
f 312//277 361//326 360//325
f 313//278 314//279 362//327
f 313//278 362//327 361//326
f 314//279 315//280 363//328
f 314//279 363//328 362//327
f 315//280 316//281 364//329
f 315//280 364//329 363//328
f 316//281 317//282 365//330
f 316//281 365//330 364//329
f 317//282 318//283 366//331
f 317//282 366//331 365//330
f 318//283 319//284 367//332
f 318//283 367//332 366//331
f 319//284 320//285 368//333
f 319//284 368//333 367//332
f 320//285 321//286 369//334
f 320//285 369//334 368//333
f 321//286 322//287 370//335
f 321//286 370//335 369//334
f 322//287 323//288 371//336
f 322//287 371//336 370//335
f 323//288 324//289 372//337
f 323//288 372//337 371//336
f 324//289 325//290 373//338
f 324//289 373//338 372//337
f 325//290 326//291 374//339
f 325//290 374//339 373//338
f 326//291 327//292 375//340
f 326//291 375//340 374//339
f 327//292 328//293 376//341
f 327//292 376//341 375//340
f 328//293 329//294 377//342
f 328//293 377//342 376//341
f 329//294 283//248 331//296
f 329//294 331//296 377//342
f 331//296 330//295 378//343
f 331//296 378//343 379//344
f 330//295 332//297 380//345
f 330//295 380//345 378//343
f 332//297 333//298 381//346
f 332//297 381//346 380//345
f 333//298 334//299 382//347
f 333//298 382//347 381//346
f 334//299 335//300 383//348
f 334//299 383//348 382//347
f 335//300 336//301 384//349
f 335//300 384//349 383//348
f 336//301 337//302 385//350
f 336//301 385//350 384//349
f 337//302 338//303 386//351
f 337//302 386//351 385//350
f 338//303 339//304 387//352
f 338//303 387//352 386//351
f 339//304 340//305 388//353
f 339//304 388//353 387//352
f 340//305 341//306 389//354
f 340//305 389//354 388//353
f 341//306 342//307 390//355
f 341//306 390//355 389//354
f 342//307 343//308 391//356
f 342//307 391//356 390//355
f 343//308 344//309 392//357
f 343//308 392//357 391//356
f 344//309 345//310 393//358
f 344//309 393//358 392//357
f 345//310 346//311 394//359
f 345//310 394//359 393//358
f 346//311 347//312 395//360
f 346//311 395//360 394//359
f 347//312 348//313 396//361
f 347//312 396//361 395//360
f 348//313 349//314 397//362
f 348//313 397//362 396//361
f 349//314 350//315 398//363
f 349//314 398//363 397//362
f 350//315 351//316 399//364
f 350//315 399//364 398//363
f 351//316 352//317 400//365
f 351//316 400//365 399//364
f 352//317 353//318 401//366
f 352//317 401//366 400//365
f 353//318 354//319 402//367
f 353//318 402//367 401//366
f 354//319 355//320 403//368
f 354//319 403//368 402//367
f 355//320 356//321 404//369
f 355//320 404//369 403//368
f 356//321 357//322 405//370
f 356//321 405//370 404//369
f 357//322 358//323 406//371
f 357//322 406//371 405//370
f 358//323 359//324 407//372
f 358//323 407//372 406//371
f 359//324 360//325 408//373
f 359//324 408//373 407//372
f 360//325 361//326 409//374
f 360//325 409//374 408//373
f 361//326 362//327 410//375
f 361//326 410//375 409//374
f 362//327 363//328 411//376
f 362//327 411//376 410//375
f 363//328 364//329 412//377
f 363//328 412//377 411//376
f 364//329 365//330 413//378
f 364//329 413//378 412//377
f 365//330 366//331 414//379
f 365//330 414//379 413//378
f 366//331 367//332 415//380
f 366//331 415//380 414//379
f 367//332 368//333 416//381
f 367//332 416//381 415//380
f 368//333 369//334 417//382
f 368//333 417//382 416//381
f 369//334 370//335 418//383
f 369//334 418//383 417//382
f 370//335 371//336 419//384
f 370//335 419//384 418//383
f 371//336 372//337 420//385
f 371//336 420//385 419//384
f 372//337 373//338 421//386
f 372//337 421//386 420//385
f 373//338 374//339 422//387
f 373//338 422//387 421//386
f 374//339 375//340 423//388
f 374//339 423//388 422//387
f 375//340 376//341 424//389
f 375//340 424//389 423//388
f 376//341 377//342 425//390
f 376//341 425//390 424//389
f 377//342 331//296 379//344
f 377//342 379//344 425//390
f 379//344 378//343 426//391
f 379//344 426//391 427//392
f 378//343 380//345 428//393
f 378//343 428//393 426//391
f 380//345 381//346 429//394
f 380//345 429//394 428//393
f 381//346 382//347 430//395
f 381//346 430//395 429//394
f 382//347 383//348 431//396
f 382//347 431//396 430//395
f 383//348 384//349 432//397
f 383//348 432//397 431//396
f 384//349 385//350 433//398
f 384//349 433//398 432//397
f 385//350 386//351 434//399
f 385//350 434//399 433//398
f 386//351 387//352 435//400
f 386//351 435//400 434//399
f 387//352 388//353 436//401
f 387//352 436//401 435//400
f 388//353 389//354 437//402
f 388//353 437//402 436//401
f 389//354 390//355 438//403
f 389//354 438//403 437//402
f 390//355 391//356 439//404
f 390//355 439//404 438//403
f 391//356 392//357 440//405
f 391//356 440//405 439//404
f 392//357 393//358 441//406
f 392//357 441//406 440//405
f 393//358 394//359 442//407
f 393//358 442//407 441//406
f 394//359 395//360 443//408
f 394//359 443//408 442//407
f 395//360 396//361 444//409
f 395//360 444//409 443//408
f 396//361 397//362 445//410
f 396//361 445//410 444//409
f 397//362 398//363 446//411
f 397//362 446//411 445//410
f 398//363 399//364 447//412
f 398//363 447//412 446//411
f 399//364 400//365 448//413
f 399//364 448//413 447//412
f 400//365 401//366 449//414
f 400//365 449//414 448//413
f 401//366 402//367 450//415
f 401//366 450//415 449//414
f 402//367 403//368 451//416
f 402//367 451//416 450//415
f 403//368 404//369 452//417
f 403//368 452//417 451//416
f 404//369 405//370 453//418
f 404//369 453//418 452//417
f 405//370 406//371 454//419
f 405//370 454//419 453//418
f 406//371 407//372 455//420
f 406//371 455//420 454//419
f 407//372 408//373 456//421
f 407//372 456//421 455//420
f 408//373 409//374 457//422
f 408//373 457//422 456//421
f 409//374 410//375 458//423
f 409//374 458//423 457//422
f 410//375 411//376 459//424
f 410//375 459//424 458//423
f 411//376 412//377 460//425
f 411//376 460//425 459//424
f 412//377 413//378 461//426
f 412//377 461//426 460//425
f 413//378 414//379 462//427
f 413//378 462//427 461//426
f 414//379 415//380 463//428
f 414//379 463//428 462//427
f 415//380 416//381 464//429
f 415//380 464//429 463//428
f 416//381 417//382 465//430
f 416//381 465//430 464//429
f 417//382 418//383 466//431
f 417//382 466//431 465//430
f 418//383 419//384 467//432
f 418//383 467//432 466//431
f 419//384 420//385 468//433
f 419//384 468//433 467//432
f 420//385 421//386 469//434
f 420//385 469//434 468//433
f 421//386 422//387 470//435
f 421//386 470//435 469//434
f 422//387 423//388 471//436
f 422//387 471//436 470//435
f 423//388 424//389 472//437
f 423//388 472//437 471//436
f 424//389 425//390 473//438
f 424//389 473//438 472//437
f 425//390 379//344 427//392
f 425//390 427//392 473//438
f 427//392 426//391 474//439
f 427//392 474//439 475//440
f 426//391 428//393 476//441
f 426//391 476//441 474//439
f 428//393 429//394 477//442
f 428//393 477//442 476//441
f 429//394 430//395 478//443
f 429//394 478//443 477//442
f 430//395 431//396 479//444
f 430//395 479//444 478//443
f 431//396 432//397 480//445
f 431//396 480//445 479//444
f 432//397 433//398 481//446
f 432//397 481//446 480//445
f 433//398 434//399 482//447
f 433//398 482//447 481//446
f 434//399 435//400 483//448
f 434//399 483//448 482//447
f 435//400 436//401 484//449
f 435//400 484//449 483//448
f 436//401 437//402 485//450
f 436//401 485//450 484//449
f 437//402 438//403 486//451
f 437//402 486//451 485//450
f 438//403 439//404 487//452
f 438//403 487//452 486//451
f 439//404 440//405 488//453
f 439//404 488//453 487//452
f 440//405 441//406 489//454
f 440//405 489//454 488//453
f 441//406 442//407 490//455
f 441//406 490//455 489//454
f 442//407 443//408 491//456
f 442//407 491//456 490//455
f 443//408 444//409 492//457
f 443//408 492//457 491//456
f 444//409 445//410 493//458
f 444//409 493//458 492//457
f 445//410 446//411 494//459
f 445//410 494//459 493//458
f 446//411 447//412 495//460
f 446//411 495//460 494//459
f 447//412 448//413 496//461
f 447//412 496//461 495//460
f 448//413 449//414 497//462
f 448//413 497//462 496//461
f 449//414 450//415 498//463
f 449//414 498//463 497//462
f 450//415 451//416 499//464
f 450//415 499//464 498//463
f 451//416 452//417 500//465
f 451//416 500//465 499//464
f 452//417 453//418 501//466
f 452//417 501//466 500//465
f 453//418 454//419 502//467
f 453//418 502//467 501//466
f 454//419 455//420 503//468
f 454//419 503//468 502//467
f 455//420 456//421 504//469
f 455//420 504//469 503//468
f 456//421 457//422 505//470
f 456//421 505//470 504//469
f 457//422 458//423 506//471
f 457//422 506//471 505//470
f 458//423 459//424 507//472
f 458//423 507//472 506//471
f 459//424 460//425 508//473
f 459//424 508//473 507//472
f 460//425 461//426 509//474
f 460//425 509//474 508//473
f 461//426 462//427 510//475
f 461//426 510//475 509//474
f 462//427 463//428 511//476
f 462//427 511//476 510//475
f 463//428 464//429 512//477
f 463//428 512//477 511//476
f 464//429 465//430 513//478
f 464//429 513//478 512//477
f 465//430 466//431 514//479
f 465//430 514//479 513//478
f 466//431 467//432 515//480
f 466//431 515//480 514//479
f 467//432 468//433 516//481
f 467//432 516//481 515//480
f 468//433 469//434 517//482
f 468//433 517//482 516//481
f 469//434 470//435 518//483
f 469//434 518//483 517//482
f 470//435 471//436 519//484
f 470//435 519//484 518//483
f 471//436 472//437 520//485
f 471//436 520//485 519//484
f 472//437 473//438 521//486
f 472//437 521//486 520//485
f 473//438 427//392 475//440
f 473//438 475//440 521//486
f 475//440 474//439 522//487
f 475//440 522//487 523//488
f 474//439 476//441 524//489
f 474//439 524//489 522//487
f 476//441 477//442 525//490
f 476//441 525//490 524//489
f 477//442 478//443 526//491
f 477//442 526//491 525//490
f 478//443 479//444 527//492
f 478//443 527//492 526//491
f 479//444 480//445 528//493
f 479//444 528//493 527//492
f 480//445 481//446 529//494
f 480//445 529//494 528//493
f 481//446 482//447 530//495
f 481//446 530//495 529//494
f 482//447 483//448 531//496
f 482//447 531//496 530//495
f 483//448 484//449 532//497
f 483//448 532//497 531//496
f 484//449 485//450 533//498
f 484//449 533//498 532//497
f 485//450 486//451 534//499
f 485//450 534//499 533//498
f 486//451 487//452 535//500
f 486//451 535//500 534//499
f 487//452 488//453 536//501
f 487//452 536//501 535//500
f 488//453 489//454 537//502
f 488//453 537//502 536//501
f 489//454 490//455 538//503
f 489//454 538//503 537//502
f 490//455 491//456 539//504
f 490//455 539//504 538//503
f 491//456 492//457 540//505
f 491//456 540//505 539//504
f 492//457 493//458 541//506
f 492//457 541//506 540//505
f 493//458 494//459 542//507
f 493//458 542//507 541//506
f 494//459 495//460 543//508
f 494//459 543//508 542//507
f 495//460 496//461 544//509
f 495//460 544//509 543//508
f 496//461 497//462 545//510
f 496//461 545//510 544//509
f 497//462 498//463 546//511
f 497//462 546//511 545//510
f 498//463 499//464 547//512
f 498//463 547//512 546//511
f 499//464 500//465 548//513
f 499//464 548//513 547//512
f 500//465 501//466 549//514
f 500//465 549//514 548//513
f 501//466 502//467 550//515
f 501//466 550//515 549//514
f 502//467 503//468 551//516
f 502//467 551//516 550//515
f 503//468 504//469 552//517
f 503//468 552//517 551//516
f 504//469 505//470 553//518
f 504//469 553//518 552//517
f 505//470 506//471 554//519
f 505//470 554//519 553//518
f 506//471 507//472 555//520
f 506//471 555//520 554//519
f 507//472 508//473 556//521
f 507//472 556//521 555//520
f 508//473 509//474 557//522
f 508//473 557//522 556//521
f 509//474 510//475 558//523
f 509//474 558//523 557//522
f 510//475 511//476 559//524
f 510//475 559//524 558//523
f 511//476 512//477 560//525
f 511//476 560//525 559//524
f 512//477 513//478 561//526
f 512//477 561//526 560//525
f 513//478 514//479 562//527
f 513//478 562//527 561//526
f 514//479 515//480 563//528
f 514//479 563//528 562//527
f 515//480 516//481 564//529
f 515//480 564//529 563//528
f 516//481 517//482 565//530
f 516//481 565//530 564//529
f 517//482 518//483 566//531
f 517//482 566//531 565//530
f 518//483 519//484 567//532
f 518//483 567//532 566//531
f 519//484 520//485 568//533
f 519//484 568//533 567//532
f 520//485 521//486 569//534
f 520//485 569//534 568//533
f 521//486 475//440 523//488
f 521//486 523//488 569//534
f 523//488 522//487 570//535
f 523//488 570//535 571//4
f 522//487 524//489 572//536
f 522//487 572//536 570//535
f 524//489 525//490 573//537
f 524//489 573//537 572//536
f 525//490 526//491 574//538
f 525//490 574//538 573//537
f 526//491 527//492 575//539
f 526//491 575//539 574//538
f 527//492 528//493 576//540
f 527//492 576//540 575//539
f 528//493 529//494 577//541
f 528//493 577//541 576//540
f 529//494 530//495 578//542
f 529//494 578//542 577//541
f 530//495 531//496 579//543
f 530//495 579//543 578//542
f 531//496 532//497 580//544
f 531//496 580//544 579//543
f 532//497 533//498 581//545
f 532//497 581//545 580//544
f 533//498 534//499 582//6
f 533//498 582//6 581//545
f 534//499 535//500 583//546
f 534//499 583//546 582//6
f 535//500 536//501 584//547
f 535//500 584//547 583//546
f 536//501 537//502 585//548
f 536//501 585//548 584//547
f 537//502 538//503 586//549
f 537//502 586//549 585//548
f 538//503 539//504 587//550
f 538//503 587//550 586//549
f 539//504 540//505 588//551
f 539//504 588//551 587//550
f 540//505 541//506 589//552
f 540//505 589//552 588//551
f 541//506 542//507 590//553
f 541//506 590//553 589//552
f 542//507 543//508 591//554
f 542//507 591//554 590//553
f 543//508 544//509 592//555
f 543//508 592//555 591//554
f 544//509 545//510 593//556
f 544//509 593//556 592//555
f 545//510 546//511 594//5
f 545//510 594//5 593//556
f 546//511 547//512 595//557
f 546//511 595//557 594//5
f 547//512 548//513 596//558
f 547//512 596//558 595//557
f 548//513 549//514 597//559
f 548//513 597//559 596//558
f 549//514 550//515 598//560
f 549//514 598//560 597//559
f 550//515 551//516 599//561
f 550//515 599//561 598//560
f 551//516 552//517 600//562
f 551//516 600//562 599//561
f 552//517 553//518 601//563
f 552//517 601//563 600//562
f 553//518 554//519 602//564
f 553//518 602//564 601//563
f 554//519 555//520 603//565
f 554//519 603//565 602//564
f 555//520 556//521 604//566
f 555//520 604//566 603//565
f 556//521 557//522 605//567
f 556//521 605//567 604//566
f 557//522 558//523 606//3
f 557//522 606//3 605//567
f 558//523 559//524 607//568
f 558//523 607//568 606//3
f 559//524 560//525 608//569
f 559//524 608//569 607//568
f 560//525 561//526 609//570
f 560//525 609//570 608//569
f 561//526 562//527 610//571
f 561//526 610//571 609//570
f 562//527 563//528 611//572
f 562//527 611//572 610//571
f 563//528 564//529 612//573
f 563//528 612//573 611//572
f 564//529 565//530 613//574
f 564//529 613//574 612//573
f 565//530 566//531 614//575
f 565//530 614//575 613//574
f 566//531 567//532 615//576
f 566//531 615//576 614//575
f 567//532 568//533 616//577
f 567//532 616//577 615//576
f 568//533 569//534 617//578
f 568//533 617//578 616//577
f 569//534 523//488 571//4
f 569//534 571//4 617//578
f 571//4 570//535 618//579
f 571//4 618//579 619//580
f 570//535 572//536 620//581
f 570//535 620//581 618//579
f 572//536 573//537 621//582
f 572//536 621//582 620//581
f 573//537 574//538 622//583
f 573//537 622//583 621//582
f 574//538 575//539 623//584
f 574//538 623//584 622//583
f 575//539 576//540 624//585
f 575//539 624//585 623//584
f 576//540 577//541 625//586
f 576//540 625//586 624//585
f 577//541 578//542 626//587
f 577//541 626//587 625//586
f 578//542 579//543 627//588
f 578//542 627//588 626//587
f 579//543 580//544 628//589
f 579//543 628//589 627//588
f 580//544 581//545 629//590
f 580//544 629//590 628//589
f 581//545 582//6 630//591
f 581//545 630//591 629//590
f 582//6 583//546 631//592
f 582//6 631//592 630//591
f 583//546 584//547 632//593
f 583//546 632//593 631//592
f 584//547 585//548 633//594
f 584//547 633//594 632//593
f 585//548 586//549 634//595
f 585//548 634//595 633//594
f 586//549 587//550 635//596
f 586//549 635//596 634//595
f 587//550 588//551 636//597
f 587//550 636//597 635//596
f 588//551 589//552 637//598
f 588//551 637//598 636//597
f 589//552 590//553 638//599
f 589//552 638//599 637//598
f 590//553 591//554 639//600
f 590//553 639//600 638//599
f 591//554 592//555 640//601
f 591//554 640//601 639//600
f 592//555 593//556 641//602
f 592//555 641//602 640//601
f 593//556 594//5 642//603
f 593//556 642//603 641//602
f 594//5 595//557 643//604
f 594//5 643//604 642//603
f 595//557 596//558 644//605
f 595//557 644//605 643//604
f 596//558 597//559 645//606
f 596//558 645//606 644//605
f 597//559 598//560 646//607
f 597//559 646//607 645//606
f 598//560 599//561 647//608
f 598//560 647//608 646//607
f 599//561 600//562 648//609
f 599//561 648//609 647//608
f 600//562 601//563 649//610
f 600//562 649//610 648//609
f 601//563 602//564 650//611
f 601//563 650//611 649//610
f 602//564 603//565 651//612
f 602//564 651//612 650//611
f 603//565 604//566 652//613
f 603//565 652//613 651//612
f 604//566 605//567 653//614
f 604//566 653//614 652//613
f 605//567 606//3 654//615
f 605//567 654//615 653//614
f 606//3 607//568 655//616
f 606//3 655//616 654//615
f 607//568 608//569 656//617
f 607//568 656//617 655//616
f 608//569 609//570 657//618
f 608//569 657//618 656//617
f 609//570 610//571 658//619
f 609//570 658//619 657//618
f 610//571 611//572 659//620
f 610//571 659//620 658//619
f 611//572 612//573 660//621
f 611//572 660//621 659//620
f 612//573 613//574 661//622
f 612//573 661//622 660//621
f 613//574 614//575 662//623
f 613//574 662//623 661//622
f 614//575 615//576 663//624
f 614//575 663//624 662//623
f 615//576 616//577 664//625
f 615//576 664//625 663//624
f 616//577 617//578 665//626
f 616//577 665//626 664//625
f 617//578 571//4 619//580
f 617//578 619//580 665//626
f 619//580 618//579 666//627
f 619//580 666//627 667//628
f 618//579 620//581 668//629
f 618//579 668//629 666//627
f 620//581 621//582 669//630
f 620//581 669//630 668//629
f 621//582 622//583 670//631
f 621//582 670//631 669//630
f 622//583 623//584 671//632
f 622//583 671//632 670//631
f 623//584 624//585 672//633
f 623//584 672//633 671//632
f 624//585 625//586 673//634
f 624//585 673//634 672//633
f 625//586 626//587 674//635
f 625//586 674//635 673//634
f 626//587 627//588 675//636
f 626//587 675//636 674//635
f 627//588 628//589 676//637
f 627//588 676//637 675//636
f 628//589 629//590 677//638
f 628//589 677//638 676//637
f 629//590 630//591 678//639
f 629//590 678//639 677//638
f 630//591 631//592 679//640
f 630//591 679//640 678//639
f 631//592 632//593 680//641
f 631//592 680//641 679//640
f 632//593 633//594 681//642
f 632//593 681//642 680//641
f 633//594 634//595 682//643
f 633//594 682//643 681//642
f 634//595 635//596 683//644
f 634//595 683//644 682//643
f 635//596 636//597 684//645
f 635//596 684//645 683//644
f 636//597 637//598 685//646
f 636//597 685//646 684//645
f 637//598 638//599 686//647
f 637//598 686//647 685//646
f 638//599 639//600 687//648
f 638//599 687//648 686//647
f 639//600 640//601 688//649
f 639//600 688//649 687//648
f 640//601 641//602 689//650
f 640//601 689//650 688//649
f 641//602 642//603 690//651
f 641//602 690//651 689//650
f 642//603 643//604 691//652
f 642//603 691//652 690//651
f 643//604 644//605 692//653
f 643//604 692//653 691//652
f 644//605 645//606 693//654
f 644//605 693//654 692//653
f 645//606 646//607 694//655
f 645//606 694//655 693//654
f 646//607 647//608 695//656
f 646//607 695//656 694//655
f 647//608 648//609 696//657
f 647//608 696//657 695//656
f 648//609 649//610 697//658
f 648//609 697//658 696//657
f 649//610 650//611 698//659
f 649//610 698//659 697//658
f 650//611 651//612 699//660
f 650//611 699//660 698//659
f 651//612 652//613 700//661
f 651//612 700//661 699//660
f 652//613 653//614 701//662
f 652//613 701//662 700//661
f 653//614 654//615 702//663
f 653//614 702//663 701//662
f 654//615 655//616 703//664
f 654//615 703//664 702//663
f 655//616 656//617 704//665
f 655//616 704//665 703//664
f 656//617 657//618 705//666
f 656//617 705//666 704//665
f 657//618 658//619 706//667
f 657//618 706//667 705//666
f 658//619 659//620 707//668
f 658//619 707//668 706//667
f 659//620 660//621 708//669
f 659//620 708//669 707//668
f 660//621 661//622 709//670
f 660//621 709//670 708//669
f 661//622 662//623 710//671
f 661//622 710//671 709//670
f 662//623 663//624 711//672
f 662//623 711//672 710//671
f 663//624 664//625 712//673
f 663//624 712//673 711//672
f 664//625 665//626 713//674
f 664//625 713//674 712//673
f 665//626 619//580 667//628
f 665//626 667//628 713//674
f 667//628 666//627 714//675
f 667//628 714//675 715//676
f 666//627 668//629 716//677
f 666//627 716//677 714//675
f 668//629 669//630 717//678
f 668//629 717//678 716//677
f 669//630 670//631 718//679
f 669//630 718//679 717//678
f 670//631 671//632 719//680
f 670//631 719//680 718//679
f 671//632 672//633 720//681
f 671//632 720//681 719//680
f 672//633 673//634 721//682
f 672//633 721//682 720//681
f 673//634 674//635 722//683
f 673//634 722//683 721//682
f 674//635 675//636 723//684
f 674//635 723//684 722//683
f 675//636 676//637 724//685
f 675//636 724//685 723//684
f 676//637 677//638 725//686
f 676//637 725//686 724//685
f 677//638 678//639 726//687
f 677//638 726//687 725//686
f 678//639 679//640 727//688
f 678//639 727//688 726//687
f 679//640 680//641 728//689
f 679//640 728//689 727//688
f 680//641 681//642 729//690
f 680//641 729//690 728//689
f 681//642 682//643 730//691
f 681//642 730//691 729//690
f 682//643 683//644 731//692
f 682//643 731//692 730//691
f 683//644 684//645 732//693
f 683//644 732//693 731//692
f 684//645 685//646 733//694
f 684//645 733//694 732//693
f 685//646 686//647 734//695
f 685//646 734//695 733//694
f 686//647 687//648 735//696
f 686//647 735//696 734//695
f 687//648 688//649 736//697
f 687//648 736//697 735//696
f 688//649 689//650 737//698
f 688//649 737//698 736//697
f 689//650 690//651 738//699
f 689//650 738//699 737//698
f 690//651 691//652 739//700
f 690//651 739//700 738//699
f 691//652 692//653 740//701
f 691//652 740//701 739//700
f 692//653 693//654 741//702
f 692//653 741//702 740//701
f 693//654 694//655 742//703
f 693//654 742//703 741//702
f 694//655 695//656 743//704
f 694//655 743//704 742//703
f 695//656 696//657 744//705
f 695//656 744//705 743//704
f 696//657 697//658 745//706
f 696//657 745//706 744//705
f 697//658 698//659 746//707
f 697//658 746//707 745//706
f 698//659 699//660 747//708
f 698//659 747//708 746//707
f 699//660 700//661 748//709
f 699//660 748//709 747//708
f 700//661 701//662 749//710
f 700//661 749//710 748//709
f 701//662 702//663 750//711
f 701//662 750//711 749//710
f 702//663 703//664 751//712
f 702//663 751//712 750//711
f 703//664 704//665 752//713
f 703//664 752//713 751//712
f 704//665 705//666 753//714
f 704//665 753//714 752//713
f 705//666 706//667 754//715
f 705//666 754//715 753//714
f 706//667 707//668 755//716
f 706//667 755//716 754//715
f 707//668 708//669 756//717
f 707//668 756//717 755//716
f 708//669 709//670 757//718
f 708//669 757//718 756//717
f 709//670 710//671 758//719
f 709//670 758//719 757//718
f 710//671 711//672 759//720
f 710//671 759//720 758//719
f 711//672 712//673 760//721
f 711//672 760//721 759//720
f 712//673 713//674 761//722
f 712//673 761//722 760//721
f 713//674 667//628 715//676
f 713//674 715//676 761//722
f 715//676 714//675 762//723
f 715//676 762//723 763//724
f 714//675 716//677 764//725
f 714//675 764//725 762//723
f 716//677 717//678 765//726
f 716//677 765//726 764//725
f 717//678 718//679 766//727
f 717//678 766//727 765//726
f 718//679 719//680 767//728
f 718//679 767//728 766//727
f 719//680 720//681 768//729
f 719//680 768//729 767//728
f 720//681 721//682 769//730
f 720//681 769//730 768//729
f 721//682 722//683 770//731
f 721//682 770//731 769//730
f 722//683 723//684 771//732
f 722//683 771//732 770//731
f 723//684 724//685 772//733
f 723//684 772//733 771//732
f 724//685 725//686 773//734
f 724//685 773//734 772//733
f 725//686 726//687 774//735
f 725//686 774//735 773//734
f 726//687 727//688 775//736
f 726//687 775//736 774//735
f 727//688 728//689 776//737
f 727//688 776//737 775//736
f 728//689 729//690 777//738
f 728//689 777//738 776//737
f 729//690 730//691 778//739
f 729//690 778//739 777//738
f 730//691 731//692 779//740
f 730//691 779//740 778//739
f 731//692 732//693 780//741
f 731//692 780//741 779//740
f 732//693 733//694 781//742
f 732//693 781//742 780//741
f 733//694 734//695 782//743
f 733//694 782//743 781//742
f 734//695 735//696 783//744
f 734//695 783//744 782//743
f 735//696 736//697 784//745
f 735//696 784//745 783//744
f 736//697 737//698 785//746
f 736//697 785//746 784//745
f 737//698 738//699 786//747
f 737//698 786//747 785//746
f 738//699 739//700 787//748
f 738//699 787//748 786//747
f 739//700 740//701 788//749
f 739//700 788//749 787//748
f 740//701 741//702 789//750
f 740//701 789//750 788//749
f 741//702 742//703 790//751
f 741//702 790//751 789//750
f 742//703 743//704 791//752
f 742//703 791//752 790//751
f 743//704 744//705 792//753
f 743//704 792//753 791//752
f 744//705 745//706 793//754
f 744//705 793//754 792//753
f 745//706 746//707 794//755
f 745//706 794//755 793//754
f 746//707 747//708 795//756
f 746//707 795//756 794//755
f 747//708 748//709 796//757
f 747//708 796//757 795//756
f 748//709 749//710 797//758
f 748//709 797//758 796//757
f 749//710 750//711 798//759
f 749//710 798//759 797//758
f 750//711 751//712 799//760
f 750//711 799//760 798//759
f 751//712 752//713 800//761
f 751//712 800//761 799//760
f 752//713 753//714 801//762
f 752//713 801//762 800//761
f 753//714 754//715 802//763
f 753//714 802//763 801//762
f 754//715 755//716 803//764
f 754//715 803//764 802//763
f 755//716 756//717 804//765
f 755//716 804//765 803//764
f 756//717 757//718 805//766
f 756//717 805//766 804//765
f 757//718 758//719 806//767
f 757//718 806//767 805//766
f 758//719 759//720 807//768
f 758//719 807//768 806//767
f 759//720 760//721 808//769
f 759//720 808//769 807//768
f 760//721 761//722 809//770
f 760//721 809//770 808//769
f 761//722 715//676 763//724
f 761//722 763//724 809//770
f 763//724 762//723 810//771
f 763//724 810//771 811//772
f 762//723 764//725 812//773
f 762//723 812//773 810//771
f 764//725 765//726 813//774
f 764//725 813//774 812//773
f 765//726 766//727 814//775
f 765//726 814//775 813//774
f 766//727 767//728 815//776
f 766//727 815//776 814//775
f 767//728 768//729 816//777
f 767//728 816//777 815//776
f 768//729 769//730 817//778
f 768//729 817//778 816//777
f 769//730 770//731 818//779
f 769//730 818//779 817//778
f 770//731 771//732 819//780
f 770//731 819//780 818//779
f 771//732 772//733 820//781
f 771//732 820//781 819//780
f 772//733 773//734 821//782
f 772//733 821//782 820//781
f 773//734 774//735 822//783
f 773//734 822//783 821//782
f 774//735 775//736 823//784
f 774//735 823//784 822//783
f 775//736 776//737 824//785
f 775//736 824//785 823//784
f 776//737 777//738 825//786
f 776//737 825//786 824//785
f 777//738 778//739 826//787
f 777//738 826//787 825//786
f 778//739 779//740 827//788
f 778//739 827//788 826//787
f 779//740 780//741 828//789
f 779//740 828//789 827//788
f 780//741 781//742 829//790
f 780//741 829//790 828//789
f 781//742 782//743 830//791
f 781//742 830//791 829//790
f 782//743 783//744 831//792
f 782//743 831//792 830//791
f 783//744 784//745 832//793
f 783//744 832//793 831//792
f 784//745 785//746 833//794
f 784//745 833//794 832//793
f 785//746 786//747 834//795
f 785//746 834//795 833//794
f 786//747 787//748 835//796
f 786//747 835//796 834//795
f 787//748 788//749 836//797
f 787//748 836//797 835//796
f 788//749 789//750 837//798
f 788//749 837//798 836//797
f 789//750 790//751 838//799
f 789//750 838//799 837//798
f 790//751 791//752 839//800
f 790//751 839//800 838//799
f 791//752 792//753 840//801
f 791//752 840//801 839//800
f 792//753 793//754 841//802
f 792//753 841//802 840//801
f 793//754 794//755 842//803
f 793//754 842//803 841//802
f 794//755 795//756 843//804
f 794//755 843//804 842//803
f 795//756 796//757 844//805
f 795//756 844//805 843//804
f 796//757 797//758 845//806
f 796//757 845//806 844//805
f 797//758 798//759 846//807
f 797//758 846//807 845//806
f 798//759 799//760 847//808
f 798//759 847//808 846//807
f 799//760 800//761 848//809
f 799//760 848//809 847//808
f 800//761 801//762 849//810
f 800//761 849//810 848//809
f 801//762 802//763 850//811
f 801//762 850//811 849//810
f 802//763 803//764 851//812
f 802//763 851//812 850//811
f 803//764 804//765 852//813
f 803//764 852//813 851//812
f 804//765 805//766 853//814
f 804//765 853//814 852//813
f 805//766 806//767 854//815
f 805//766 854//815 853//814
f 806//767 807//768 855//816
f 806//767 855//816 854//815
f 807//768 808//769 856//817
f 807//768 856//817 855//816
f 808//769 809//770 857//818
f 808//769 857//818 856//817
f 809//770 763//724 811//772
f 809//770 811//772 857//818
f 811//772 810//771 858//819
f 811//772 858//819 859//820
f 810//771 812//773 860//821
f 810//771 860//821 858//819
f 812//773 813//774 861//822
f 812//773 861//822 860//821
f 813//774 814//775 862//823
f 813//774 862//823 861//822
f 814//775 815//776 863//824
f 814//775 863//824 862//823
f 815//776 816//777 864//825
f 815//776 864//825 863//824
f 816//777 817//778 865//826
f 816//777 865//826 864//825
f 817//778 818//779 866//827
f 817//778 866//827 865//826
f 818//779 819//780 867//828
f 818//779 867//828 866//827
f 819//780 820//781 868//829
f 819//780 868//829 867//828
f 820//781 821//782 869//830
f 820//781 869//830 868//829
f 821//782 822//783 870//831
f 821//782 870//831 869//830
f 822//783 823//784 871//832
f 822//783 871//832 870//831
f 823//784 824//785 872//833
f 823//784 872//833 871//832
f 824//785 825//786 873//834
f 824//785 873//834 872//833
f 825//786 826//787 874//835
f 825//786 874//835 873//834
f 826//787 827//788 875//836
f 826//787 875//836 874//835
f 827//788 828//789 876//837
f 827//788 876//837 875//836
f 828//789 829//790 877//838
f 828//789 877//838 876//837
f 829//790 830//791 878//839
f 829//790 878//839 877//838
f 830//791 831//792 879//840
f 830//791 879//840 878//839
f 831//792 832//793 880//841
f 831//792 880//841 879//840
f 832//793 833//794 881//842
f 832//793 881//842 880//841
f 833//794 834//795 882//843
f 833//794 882//843 881//842
f 834//795 835//796 883//844
f 834//795 883//844 882//843
f 835//796 836//797 884//845
f 835//796 884//845 883//844
f 836//797 837//798 885//846
f 836//797 885//846 884//845
f 837//798 838//799 886//847
f 837//798 886//847 885//846
f 838//799 839//800 887//848
f 838//799 887//848 886//847
f 839//800 840//801 888//849
f 839//800 888//849 887//848
f 840//801 841//802 889//850
f 840//801 889//850 888//849
f 841//802 842//803 890//851
f 841//802 890//851 889//850
f 842//803 843//804 891//852
f 842//803 891//852 890//851
f 843//804 844//805 892//853
f 843//804 892//853 891//852
f 844//805 845//806 893//854
f 844//805 893//854 892//853
f 845//806 846//807 894//855
f 845//806 894//855 893//854
f 846//807 847//808 895//856
f 846//807 895//856 894//855
f 847//808 848//809 896//857
f 847//808 896//857 895//856
f 848//809 849//810 897//858
f 848//809 897//858 896//857
f 849//810 850//811 898//859
f 849//810 898//859 897//858
f 850//811 851//812 899//860
f 850//811 899//860 898//859
f 851//812 852//813 900//861
f 851//812 900//861 899//860
f 852//813 853//814 901//862
f 852//813 901//862 900//861
f 853//814 854//815 902//863
f 853//814 902//863 901//862
f 854//815 855//816 903//864
f 854//815 903//864 902//863
f 855//816 856//817 904//865
f 855//816 904//865 903//864
f 856//817 857//818 905//866
f 856//817 905//866 904//865
f 857//818 811//772 859//820
f 857//818 859//820 905//866
f 859//820 858//819 906//867
f 859//820 906//867 907//868
f 858//819 860//821 908//869
f 858//819 908//869 906//867
f 860//821 861//822 909//870
f 860//821 909//870 908//869
f 861//822 862//823 910//871
f 861//822 910//871 909//870
f 862//823 863//824 911//872
f 862//823 911//872 910//871
f 863//824 864//825 912//873
f 863//824 912//873 911//872
f 864//825 865//826 913//874
f 864//825 913//874 912//873
f 865//826 866//827 914//875
f 865//826 914//875 913//874
f 866//827 867//828 915//876
f 866//827 915//876 914//875
f 867//828 868//829 916//877
f 867//828 916//877 915//876
f 868//829 869//830 917//878
f 868//829 917//878 916//877
f 869//830 870//831 918//879
f 869//830 918//879 917//878
f 870//831 871//832 919//880
f 870//831 919//880 918//879
f 871//832 872//833 920//881
f 871//832 920//881 919//880
f 872//833 873//834 921//882
f 872//833 921//882 920//881
f 873//834 874//835 922//883
f 873//834 922//883 921//882
f 874//835 875//836 923//884
f 874//835 923//884 922//883
f 875//836 876//837 924//885
f 875//836 924//885 923//884
f 876//837 877//838 925//886
f 876//837 925//886 924//885
f 877//838 878//839 926//887
f 877//838 926//887 925//886
f 878//839 879//840 927//888
f 878//839 927//888 926//887
f 879//840 880//841 928//889
f 879//840 928//889 927//888
f 880//841 881//842 929//890
f 880//841 929//890 928//889
f 881//842 882//843 930//891
f 881//842 930//891 929//890
f 882//843 883//844 931//892
f 882//843 931//892 930//891
f 883//844 884//845 932//893
f 883//844 932//893 931//892
f 884//845 885//846 933//894
f 884//845 933//894 932//893
f 885//846 886//847 934//895
f 885//846 934//895 933//894
f 886//847 887//848 935//896
f 886//847 935//896 934//895
f 887//848 888//849 936//897
f 887//848 936//897 935//896
f 888//849 889//850 937//898
f 888//849 937//898 936//897
f 889//850 890//851 938//899
f 889//850 938//899 937//898
f 890//851 891//852 939//900
f 890//851 939//900 938//899
f 891//852 892//853 940//901
f 891//852 940//901 939//900
f 892//853 893//854 941//902
f 892//853 941//902 940//901
f 893//854 894//855 942//903
f 893//854 942//903 941//902
f 894//855 895//856 943//904
f 894//855 943//904 942//903
f 895//856 896//857 944//905
f 895//856 944//905 943//904
f 896//857 897//858 945//906
f 896//857 945//906 944//905
f 897//858 898//859 946//907
f 897//858 946//907 945//906
f 898//859 899//860 947//908
f 898//859 947//908 946//907
f 899//860 900//861 948//909
f 899//860 948//909 947//908
f 900//861 901//862 949//910
f 900//861 949//910 948//909
f 901//862 902//863 950//911
f 901//862 950//911 949//910
f 902//863 903//864 951//912
f 902//863 951//912 950//911
f 903//864 904//865 952//913
f 903//864 952//913 951//912
f 904//865 905//866 953//914
f 904//865 953//914 952//913
f 905//866 859//820 907//868
f 905//866 907//868 953//914
f 907//868 906//867 954//915
f 907//868 954//915 955//916
f 906//867 908//869 956//917
f 906//867 956//917 954//915
f 908//869 909//870 957//918
f 908//869 957//918 956//917
f 909//870 910//871 958//919
f 909//870 958//919 957//918
f 910//871 911//872 959//920
f 910//871 959//920 958//919
f 911//872 912//873 960//921
f 911//872 960//921 959//920
f 912//873 913//874 961//922
f 912//873 961//922 960//921
f 913//874 914//875 962//923
f 913//874 962//923 961//922
f 914//875 915//876 963//924
f 914//875 963//924 962//923
f 915//876 916//877 964//925
f 915//876 964//925 963//924
f 916//877 917//878 965//926
f 916//877 965//926 964//925
f 917//878 918//879 966//927
f 917//878 966//927 965//926
f 918//879 919//880 967//928
f 918//879 967//928 966//927
f 919//880 920//881 968//929
f 919//880 968//929 967//928
f 920//881 921//882 969//930
f 920//881 969//930 968//929
f 921//882 922//883 970//931
f 921//882 970//931 969//930
f 922//883 923//884 971//932
f 922//883 971//932 970//931
f 923//884 924//885 972//933
f 923//884 972//933 971//932
f 924//885 925//886 973//934
f 924//885 973//934 972//933
f 925//886 926//887 974//935
f 925//886 974//935 973//934
f 926//887 927//888 975//936
f 926//887 975//936 974//935
f 927//888 928//889 976//937
f 927//888 976//937 975//936
f 928//889 929//890 977//938
f 928//889 977//938 976//937
f 929//890 930//891 978//939
f 929//890 978//939 977//938
f 930//891 931//892 979//940
f 930//891 979//940 978//939
f 931//892 932//893 980//941
f 931//892 980//941 979//940
f 932//893 933//894 981//942
f 932//893 981//942 980//941
f 933//894 934//895 982//943
f 933//894 982//943 981//942
f 934//895 935//896 983//944
f 934//895 983//944 982//943
f 935//896 936//897 984//945
f 935//896 984//945 983//944
f 936//897 937//898 985//946
f 936//897 985//946 984//945
f 937//898 938//899 986//947
f 937//898 986//947 985//946
f 938//899 939//900 987//948
f 938//899 987//948 986//947
f 939//900 940//901 988//949
f 939//900 988//949 987//948
f 940//901 941//902 989//950
f 940//901 989//950 988//949
f 941//902 942//903 990//951
f 941//902 990//951 989//950
f 942//903 943//904 991//952
f 942//903 991//952 990//951
f 943//904 944//905 992//953
f 943//904 992//953 991//952
f 944//905 945//906 993//954
f 944//905 993//954 992//953
f 945//906 946//907 994//955
f 945//906 994//955 993//954
f 946//907 947//908 995//956
f 946//907 995//956 994//955
f 947//908 948//909 996//957
f 947//908 996//957 995//956
f 948//909 949//910 997//958
f 948//909 997//958 996//957
f 949//910 950//911 998//959
f 949//910 998//959 997//958
f 950//911 951//912 999//960
f 950//911 999//960 998//959
f 951//912 952//913 1000//961
f 951//912 1000//961 999//960
f 952//913 953//914 1001//962
f 952//913 1001//962 1000//961
f 953//914 907//868 955//916
f 953//914 955//916 1001//962
f 955//916 954//915 1002//963
f 955//916 1002//963 1003//964
f 954//915 956//917 1004//965
f 954//915 1004//965 1002//963
f 956//917 957//918 1005//966
f 956//917 1005//966 1004//965
f 957//918 958//919 1006//967
f 957//918 1006//967 1005//966
f 958//919 959//920 1007//968
f 958//919 1007//968 1006//967
f 959//920 960//921 1008//969
f 959//920 1008//969 1007//968
f 960//921 961//922 1009//970
f 960//921 1009//970 1008//969
f 961//922 962//923 1010//971
f 961//922 1010//971 1009//970
f 962//923 963//924 1011//972
f 962//923 1011//972 1010//971
f 963//924 964//925 1012//973
f 963//924 1012//973 1011//972
f 964//925 965//926 1013//974
f 964//925 1013//974 1012//973
f 965//926 966//927 1014//975
f 965//926 1014//975 1013//974
f 966//927 967//928 1015//976
f 966//927 1015//976 1014//975
f 967//928 968//929 1016//977
f 967//928 1016//977 1015//976
f 968//929 969//930 1017//978
f 968//929 1017//978 1016//977
f 969//930 970//931 1018//979
f 969//930 1018//979 1017//978
f 970//931 971//932 1019//980
f 970//931 1019//980 1018//979
f 971//932 972//933 1020//981
f 971//932 1020//981 1019//980
f 972//933 973//934 1021//982
f 972//933 1021//982 1020//981
f 973//934 974//935 1022//983
f 973//934 1022//983 1021//982
f 974//935 975//936 1023//984
f 974//935 1023//984 1022//983
f 975//936 976//937 1024//985
f 975//936 1024//985 1023//984
f 976//937 977//938 1025//986
f 976//937 1025//986 1024//985
f 977//938 978//939 1026//987
f 977//938 1026//987 1025//986
f 978//939 979//940 1027//988
f 978//939 1027//988 1026//987
f 979//940 980//941 1028//989
f 979//940 1028//989 1027//988
f 980//941 981//942 1029//990
f 980//941 1029//990 1028//989
f 981//942 982//943 1030//991
f 981//942 1030//991 1029//990
f 982//943 983//944 1031//992
f 982//943 1031//992 1030//991
f 983//944 984//945 1032//993
f 983//944 1032//993 1031//992
f 984//945 985//946 1033//994
f 984//945 1033//994 1032//993
f 985//946 986//947 1034//995
f 985//946 1034//995 1033//994
f 986//947 987//948 1035//996
f 986//947 1035//996 1034//995
f 987//948 988//949 1036//997
f 987//948 1036//997 1035//996
f 988//949 989//950 1037//998
f 988//949 1037//998 1036//997
f 989//950 990//951 1038//999
f 989//950 1038//999 1037//998
f 990//951 991//952 1039//1000
f 990//951 1039//1000 1038//999
f 991//952 992//953 1040//1001
f 991//952 1040//1001 1039//1000
f 992//953 993//954 1041//1002
f 992//953 1041//1002 1040//1001
f 993//954 994//955 1042//1003
f 993//954 1042//1003 1041//1002
f 994//955 995//956 1043//1004
f 994//955 1043//1004 1042//1003
f 995//956 996//957 1044//1005
f 995//956 1044//1005 1043//1004
f 996//957 997//958 1045//1006
f 996//957 1045//1006 1044//1005
f 997//958 998//959 1046//1007
f 997//958 1046//1007 1045//1006
f 998//959 999//960 1047//1008
f 998//959 1047//1008 1046//1007
f 999//960 1000//961 1048//1009
f 999//960 1048//1009 1047//1008
f 1000//961 1001//962 1049//1010
f 1000//961 1049//1010 1048//1009
f 1001//962 955//916 1003//964
f 1001//962 1003//964 1049//1010
f 1003//964 1002//963 1050//1011
f 1003//964 1050//1011 1051//1012
f 1002//963 1004//965 1052//1013
f 1002//963 1052//1013 1050//1011
f 1004//965 1005//966 1053//1014
f 1004//965 1053//1014 1052//1013
f 1005//966 1006//967 1054//1015
f 1005//966 1054//1015 1053//1014
f 1006//967 1007//968 1055//1016
f 1006//967 1055//1016 1054//1015
f 1007//968 1008//969 1056//1017
f 1007//968 1056//1017 1055//1016
f 1008//969 1009//970 1057//1018
f 1008//969 1057//1018 1056//1017
f 1009//970 1010//971 1058//1019
f 1009//970 1058//1019 1057//1018
f 1010//971 1011//972 1059//1020
f 1010//971 1059//1020 1058//1019
f 1011//972 1012//973 1060//1021
f 1011//972 1060//1021 1059//1020
f 1012//973 1013//974 1061//1022
f 1012//973 1061//1022 1060//1021
f 1013//974 1014//975 1062//1023
f 1013//974 1062//1023 1061//1022
f 1014//975 1015//976 1063//1024
f 1014//975 1063//1024 1062//1023
f 1015//976 1016//977 1064//1025
f 1015//976 1064//1025 1063//1024
f 1016//977 1017//978 1065//1026
f 1016//977 1065//1026 1064//1025
f 1017//978 1018//979 1066//1027
f 1017//978 1066//1027 1065//1026
f 1018//979 1019//980 1067//1028
f 1018//979 1067//1028 1066//1027
f 1019//980 1020//981 1068//1029
f 1019//980 1068//1029 1067//1028
f 1020//981 1021//982 1069//1030
f 1020//981 1069//1030 1068//1029
f 1021//982 1022//983 1070//1031
f 1021//982 1070//1031 1069//1030
f 1022//983 1023//984 1071//1032
f 1022//983 1071//1032 1070//1031
f 1023//984 1024//985 1072//1033
f 1023//984 1072//1033 1071//1032
f 1024//985 1025//986 1073//1034
f 1024//985 1073//1034 1072//1033
f 1025//986 1026//987 1074//1035
f 1025//986 1074//1035 1073//1034
f 1026//987 1027//988 1075//1036
f 1026//987 1075//1036 1074//1035
f 1027//988 1028//989 1076//1037
f 1027//988 1076//1037 1075//1036
f 1028//989 1029//990 1077//1038
f 1028//989 1077//1038 1076//1037
f 1029//990 1030//991 1078//1039
f 1029//990 1078//1039 1077//1038
f 1030//991 1031//992 1079//1040
f 1030//991 1079//1040 1078//1039
f 1031//992 1032//993 1080//1041
f 1031//992 1080//1041 1079//1040
f 1032//993 1033//994 1081//1042
f 1032//993 1081//1042 1080//1041
f 1033//994 1034//995 1082//1043
f 1033//994 1082//1043 1081//1042
f 1034//995 1035//996 1083//1044
f 1034//995 1083//1044 1082//1043
f 1035//996 1036//997 1084//1045
f 1035//996 1084//1045 1083//1044
f 1036//997 1037//998 1085//1046
f 1036//997 1085//1046 1084//1045
f 1037//998 1038//999 1086//1047
f 1037//998 1086//1047 1085//1046
f 1038//999 1039//1000 1087//1048
f 1038//999 1087//1048 1086//1047
f 1039//1000 1040//1001 1088//1049
f 1039//1000 1088//1049 1087//1048
f 1040//1001 1041//1002 1089//1050
f 1040//1001 1089//1050 1088//1049
f 1041//1002 1042//1003 1090//1051
f 1041//1002 1090//1051 1089//1050
f 1042//1003 1043//1004 1091//1052
f 1042//1003 1091//1052 1090//1051
f 1043//1004 1044//1005 1092//1053
f 1043//1004 1092//1053 1091//1052
f 1044//1005 1045//1006 1093//1054
f 1044//1005 1093//1054 1092//1053
f 1045//1006 1046//1007 1094//1055
f 1045//1006 1094//1055 1093//1054
f 1046//1007 1047//1008 1095//1056
f 1046//1007 1095//1056 1094//1055
f 1047//1008 1048//1009 1096//1057
f 1047//1008 1096//1057 1095//1056
f 1048//1009 1049//1010 1097//1058
f 1048//1009 1097//1058 1096//1057
f 1049//1010 1003//964 1051//1012
f 1049//1010 1051//1012 1097//1058
f 1051//1012 1050//1011 1098//1059
f 1051//1012 1098//1059 1099//1060
f 1050//1011 1052//1013 1100//1061
f 1050//1011 1100//1061 1098//1059
f 1052//1013 1053//1014 1101//1062
f 1052//1013 1101//1062 1100//1061
f 1053//1014 1054//1015 1102//1063
f 1053//1014 1102//1063 1101//1062
f 1054//1015 1055//1016 1103//1064
f 1054//1015 1103//1064 1102//1063
f 1055//1016 1056//1017 1104//1065
f 1055//1016 1104//1065 1103//1064
f 1056//1017 1057//1018 1105//1066
f 1056//1017 1105//1066 1104//1065
f 1057//1018 1058//1019 1106//1067
f 1057//1018 1106//1067 1105//1066
f 1058//1019 1059//1020 1107//1068
f 1058//1019 1107//1068 1106//1067
f 1059//1020 1060//1021 1108//1069
f 1059//1020 1108//1069 1107//1068
f 1060//1021 1061//1022 1109//1070
f 1060//1021 1109//1070 1108//1069
f 1061//1022 1062//1023 1110//1071
f 1061//1022 1110//1071 1109//1070
f 1062//1023 1063//1024 1111//1072
f 1062//1023 1111//1072 1110//1071
f 1063//1024 1064//1025 1112//1073
f 1063//1024 1112//1073 1111//1072
f 1064//1025 1065//1026 1113//1074
f 1064//1025 1113//1074 1112//1073
f 1065//1026 1066//1027 1114//1075
f 1065//1026 1114//1075 1113//1074
f 1066//1027 1067//1028 1115//1076
f 1066//1027 1115//1076 1114//1075
f 1067//1028 1068//1029 1116//1077
f 1067//1028 1116//1077 1115//1076
f 1068//1029 1069//1030 1117//1078
f 1068//1029 1117//1078 1116//1077
f 1069//1030 1070//1031 1118//1079
f 1069//1030 1118//1079 1117//1078
f 1070//1031 1071//1032 1119//1080
f 1070//1031 1119//1080 1118//1079
f 1071//1032 1072//1033 1120//1081
f 1071//1032 1120//1081 1119//1080
f 1072//1033 1073//1034 1121//1082
f 1072//1033 1121//1082 1120//1081
f 1073//1034 1074//1035 1122//1083
f 1073//1034 1122//1083 1121//1082
f 1074//1035 1075//1036 1123//1084
f 1074//1035 1123//1084 1122//1083
f 1075//1036 1076//1037 1124//1085
f 1075//1036 1124//1085 1123//1084
f 1076//1037 1077//1038 1125//1086
f 1076//1037 1125//1086 1124//1085
f 1077//1038 1078//1039 1126//1087
f 1077//1038 1126//1087 1125//1086
f 1078//1039 1079//1040 1127//1088
f 1078//1039 1127//1088 1126//1087
f 1079//1040 1080//1041 1128//1089
f 1079//1040 1128//1089 1127//1088
f 1080//1041 1081//1042 1129//1090
f 1080//1041 1129//1090 1128//1089
f 1081//1042 1082//1043 1130//1091
f 1081//1042 1130//1091 1129//1090
f 1082//1043 1083//1044 1131//1092
f 1082//1043 1131//1092 1130//1091
f 1083//1044 1084//1045 1132//1093
f 1083//1044 1132//1093 1131//1092
f 1084//1045 1085//1046 1133//1094
f 1084//1045 1133//1094 1132//1093
f 1085//1046 1086//1047 1134//1095
f 1085//1046 1134//1095 1133//1094
f 1086//1047 1087//1048 1135//1096
f 1086//1047 1135//1096 1134//1095
f 1087//1048 1088//1049 1136//1097
f 1087//1048 1136//1097 1135//1096
f 1088//1049 1089//1050 1137//1098
f 1088//1049 1137//1098 1136//1097
f 1089//1050 1090//1051 1138//1099
f 1089//1050 1138//1099 1137//1098
f 1090//1051 1091//1052 1139//1100
f 1090//1051 1139//1100 1138//1099
f 1091//1052 1092//1053 1140//1101
f 1091//1052 1140//1101 1139//1100
f 1092//1053 1093//1054 1141//1102
f 1092//1053 1141//1102 1140//1101
f 1093//1054 1094//1055 1142//1103
f 1093//1054 1142//1103 1141//1102
f 1094//1055 1095//1056 1143//1104
f 1094//1055 1143//1104 1142//1103
f 1095//1056 1096//1057 1144//1105
f 1095//1056 1144//1105 1143//1104
f 1096//1057 1097//1058 1145//1106
f 1096//1057 1145//1106 1144//1105
f 1097//1058 1051//1012 1099//1060
f 1097//1058 1099//1060 1145//1106
f 1099//1060 1098//1059 1146//2
f 1098//1059 1100//1061 1146//2
f 1100//1061 1101//1062 1146//2
f 1101//1062 1102//1063 1146//2
f 1102//1063 1103//1064 1146//2
f 1103//1064 1104//1065 1146//2
f 1104//1065 1105//1066 1146//2
f 1105//1066 1106//1067 1146//2
f 1106//1067 1107//1068 1146//2
f 1107//1068 1108//1069 1146//2
f 1108//1069 1109//1070 1146//2
f 1109//1070 1110//1071 1146//2
f 1110//1071 1111//1072 1146//2
f 1111//1072 1112//1073 1146//2
f 1112//1073 1113//1074 1146//2
f 1113//1074 1114//1075 1146//2
f 1114//1075 1115//1076 1146//2
f 1115//1076 1116//1077 1146//2
f 1116//1077 1117//1078 1146//2
f 1117//1078 1118//1079 1146//2
f 1118//1079 1119//1080 1146//2
f 1119//1080 1120//1081 1146//2
f 1120//1081 1121//1082 1146//2
f 1121//1082 1122//1083 1146//2
f 1122//1083 1123//1084 1146//2
f 1123//1084 1124//1085 1146//2
f 1124//1085 1125//1086 1146//2
f 1125//1086 1126//1087 1146//2
f 1126//1087 1127//1088 1146//2
f 1127//1088 1128//1089 1146//2
f 1128//1089 1129//1090 1146//2
f 1129//1090 1130//1091 1146//2
f 1130//1091 1131//1092 1146//2
f 1131//1092 1132//1093 1146//2
f 1132//1093 1133//1094 1146//2
f 1133//1094 1134//1095 1146//2
f 1134//1095 1135//1096 1146//2
f 1135//1096 1136//1097 1146//2
f 1136//1097 1137//1098 1146//2
f 1137//1098 1138//1099 1146//2
f 1138//1099 1139//1100 1146//2
f 1139//1100 1140//1101 1146//2
f 1140//1101 1141//1102 1146//2
f 1141//1102 1142//1103 1146//2
f 1142//1103 1143//1104 1146//2
f 1143//1104 1144//1105 1146//2
f 1144//1105 1145//1106 1146//2
f 1145//1106 1099//1060 1146//2
usemtl chalk
f 1147//1 1148//1107 1149//1108
f 1147//1 1150//1109 1148//1107
f 1147//1 1151//1110 1150//1109
f 1147//1 1152//1111 1151//1110
f 1147//1 1153//1112 1152//1111
f 1147//1 1154//1113 1153//1112
f 1147//1 1155//1114 1154//1113
f 1147//1 1156//1115 1155//1114
f 1147//1 1157//1116 1156//1115
f 1147//1 1158//1117 1157//1116
f 1147//1 1159//1118 1158//1117
f 1147//1 1160//1119 1159//1118
f 1147//1 1161//1120 1160//1119
f 1147//1 1162//1121 1161//1120
f 1147//1 1163//1122 1162//1121
f 1147//1 1164//1123 1163//1122
f 1147//1 1165//1124 1164//1123
f 1147//1 1166//1125 1165//1124
f 1147//1 1167//1126 1166//1125
f 1147//1 1168//1127 1167//1126
f 1147//1 1169//1128 1168//1127
f 1147//1 1170//1129 1169//1128
f 1147//1 1171//1130 1170//1129
f 1147//1 1172//1131 1171//1130
f 1147//1 1173//1132 1172//1131
f 1147//1 1174//1133 1173//1132
f 1147//1 1175//1134 1174//1133
f 1147//1 1176//1135 1175//1134
f 1147//1 1177//1136 1176//1135
f 1147//1 1178//1137 1177//1136
f 1147//1 1179//1138 1178//1137
f 1147//1 1180//1139 1179//1138
f 1147//1 1181//1140 1180//1139
f 1147//1 1182//1141 1181//1140
f 1147//1 1183//1142 1182//1141
f 1147//1 1184//1143 1183//1142
f 1147//1 1185//1144 1184//1143
f 1147//1 1186//1145 1185//1144
f 1147//1 1187//1146 1186//1145
f 1147//1 1149//1108 1187//1146
f 1149//1108 1148//1107 1188//1147
f 1149//1108 1188//1147 1189//1148
f 1148//1107 1150//1109 1190//1149
f 1148//1107 1190//1149 1188//1147
f 1150//1109 1151//1110 1191//1150
f 1150//1109 1191//1150 1190//1149
f 1151//1110 1152//1111 1192//1151
f 1151//1110 1192//1151 1191//1150
f 1152//1111 1153//1112 1193//1152
f 1152//1111 1193//1152 1192//1151
f 1153//1112 1154//1113 1194//1153
f 1153//1112 1194//1153 1193//1152
f 1154//1113 1155//1114 1195//1154
f 1154//1113 1195//1154 1194//1153
f 1155//1114 1156//1115 1196//1155
f 1155//1114 1196//1155 1195//1154
f 1156//1115 1157//1116 1197//1156
f 1156//1115 1197//1156 1196//1155
f 1157//1116 1158//1117 1198//1157
f 1157//1116 1198//1157 1197//1156
f 1158//1117 1159//1118 1199//1158
f 1158//1117 1199//1158 1198//1157
f 1159//1118 1160//1119 1200//1159
f 1159//1118 1200//1159 1199//1158
f 1160//1119 1161//1120 1201//1160
f 1160//1119 1201//1160 1200//1159
f 1161//1120 1162//1121 1202//1161
f 1161//1120 1202//1161 1201//1160
f 1162//1121 1163//1122 1203//1162
f 1162//1121 1203//1162 1202//1161
f 1163//1122 1164//1123 1204//1163
f 1163//1122 1204//1163 1203//1162
f 1164//1123 1165//1124 1205//1164
f 1164//1123 1205//1164 1204//1163
f 1165//1124 1166//1125 1206//1165
f 1165//1124 1206//1165 1205//1164
f 1166//1125 1167//1126 1207//1166
f 1166//1125 1207//1166 1206//1165
f 1167//1126 1168//1127 1208//1167
f 1167//1126 1208//1167 1207//1166
f 1168//1127 1169//1128 1209//1168
f 1168//1127 1209//1168 1208//1167
f 1169//1128 1170//1129 1210//1169
f 1169//1128 1210//1169 1209//1168
f 1170//1129 1171//1130 1211//1170
f 1170//1129 1211//1170 1210//1169
f 1171//1130 1172//1131 1212//1171
f 1171//1130 1212//1171 1211//1170
f 1172//1131 1173//1132 1213//1172
f 1172//1131 1213//1172 1212//1171
f 1173//1132 1174//1133 1214//1173
f 1173//1132 1214//1173 1213//1172
f 1174//1133 1175//1134 1215//1174
f 1174//1133 1215//1174 1214//1173
f 1175//1134 1176//1135 1216//1175
f 1175//1134 1216//1175 1215//1174
f 1176//1135 1177//1136 1217//1176
f 1176//1135 1217//1176 1216//1175
f 1177//1136 1178//1137 1218//1177
f 1177//1136 1218//1177 1217//1176
f 1178//1137 1179//1138 1219//1178
f 1178//1137 1219//1178 1218//1177
f 1179//1138 1180//1139 1220//1179
f 1179//1138 1220//1179 1219//1178
f 1180//1139 1181//1140 1221//1180
f 1180//1139 1221//1180 1220//1179
f 1181//1140 1182//1141 1222//1181
f 1181//1140 1222//1181 1221//1180
f 1182//1141 1183//1142 1223//1182
f 1182//1141 1223//1182 1222//1181
f 1183//1142 1184//1143 1224//1183
f 1183//1142 1224//1183 1223//1182
f 1184//1143 1185//1144 1225//1184
f 1184//1143 1225//1184 1224//1183
f 1185//1144 1186//1145 1226//1185
f 1185//1144 1226//1185 1225//1184
f 1186//1145 1187//1146 1227//1186
f 1186//1145 1227//1186 1226//1185
f 1187//1146 1149//1108 1189//1148
f 1187//1146 1189//1148 1227//1186
f 1189//1148 1188//1147 1228//1187
f 1189//1148 1228//1187 1229//1188
f 1188//1147 1190//1149 1230//1189
f 1188//1147 1230//1189 1228//1187
f 1190//1149 1191//1150 1231//1190
f 1190//1149 1231//1190 1230//1189
f 1191//1150 1192//1151 1232//1191
f 1191//1150 1232//1191 1231//1190
f 1192//1151 1193//1152 1233//1192
f 1192//1151 1233//1192 1232//1191
f 1193//1152 1194//1153 1234//1193
f 1193//1152 1234//1193 1233//1192
f 1194//1153 1195//1154 1235//1194
f 1194//1153 1235//1194 1234//1193
f 1195//1154 1196//1155 1236//1195
f 1195//1154 1236//1195 1235//1194
f 1196//1155 1197//1156 1237//1196
f 1196//1155 1237//1196 1236//1195
f 1197//1156 1198//1157 1238//1197
f 1197//1156 1238//1197 1237//1196
f 1198//1157 1199//1158 1239//1198
f 1198//1157 1239//1198 1238//1197
f 1199//1158 1200//1159 1240//1199
f 1199//1158 1240//1199 1239//1198
f 1200//1159 1201//1160 1241//1200
f 1200//1159 1241//1200 1240//1199
f 1201//1160 1202//1161 1242//1201
f 1201//1160 1242//1201 1241//1200
f 1202//1161 1203//1162 1243//1202
f 1202//1161 1243//1202 1242//1201
f 1203//1162 1204//1163 1244//1203
f 1203//1162 1244//1203 1243//1202
f 1204//1163 1205//1164 1245//1204
f 1204//1163 1245//1204 1244//1203
f 1205//1164 1206//1165 1246//1205
f 1205//1164 1246//1205 1245//1204
f 1206//1165 1207//1166 1247//1206
f 1206//1165 1247//1206 1246//1205
f 1207//1166 1208//1167 1248//1207
f 1207//1166 1248//1207 1247//1206
f 1208//1167 1209//1168 1249//1208
f 1208//1167 1249//1208 1248//1207
f 1209//1168 1210//1169 1250//1209
f 1209//1168 1250//1209 1249//1208
f 1210//1169 1211//1170 1251//1210
f 1210//1169 1251//1210 1250//1209
f 1211//1170 1212//1171 1252//1211
f 1211//1170 1252//1211 1251//1210
f 1212//1171 1213//1172 1253//1212
f 1212//1171 1253//1212 1252//1211
f 1213//1172 1214//1173 1254//1213
f 1213//1172 1254//1213 1253//1212
f 1214//1173 1215//1174 1255//1214
f 1214//1173 1255//1214 1254//1213
f 1215//1174 1216//1175 1256//1215
f 1215//1174 1256//1215 1255//1214
f 1216//1175 1217//1176 1257//1216
f 1216//1175 1257//1216 1256//1215
f 1217//1176 1218//1177 1258//1217
f 1217//1176 1258//1217 1257//1216
f 1218//1177 1219//1178 1259//1218
f 1218//1177 1259//1218 1258//1217
f 1219//1178 1220//1179 1260//1219
f 1219//1178 1260//1219 1259//1218
f 1220//1179 1221//1180 1261//1220
f 1220//1179 1261//1220 1260//1219
f 1221//1180 1222//1181 1262//1221
f 1221//1180 1262//1221 1261//1220
f 1222//1181 1223//1182 1263//1222
f 1222//1181 1263//1222 1262//1221
f 1223//1182 1224//1183 1264//1223
f 1223//1182 1264//1223 1263//1222
f 1224//1183 1225//1184 1265//1224
f 1224//1183 1265//1224 1264//1223
f 1225//1184 1226//1185 1266//1225
f 1225//1184 1266//1225 1265//1224
f 1226//1185 1227//1186 1267//1226
f 1226//1185 1267//1226 1266//1225
f 1227//1186 1189//1148 1229//1188
f 1227//1186 1229//1188 1267//1226
f 1229//1188 1228//1187 1268//1227
f 1229//1188 1268//1227 1269//1228
f 1228//1187 1230//1189 1270//1229
f 1228//1187 1270//1229 1268//1227
f 1230//1189 1231//1190 1271//1230
f 1230//1189 1271//1230 1270//1229
f 1231//1190 1232//1191 1272//1231
f 1231//1190 1272//1231 1271//1230
f 1232//1191 1233//1192 1273//1232
f 1232//1191 1273//1232 1272//1231
f 1233//1192 1234//1193 1274//1233
f 1233//1192 1274//1233 1273//1232
f 1234//1193 1235//1194 1275//1234
f 1234//1193 1275//1234 1274//1233
f 1235//1194 1236//1195 1276//1235
f 1235//1194 1276//1235 1275//1234
f 1236//1195 1237//1196 1277//1236
f 1236//1195 1277//1236 1276//1235
f 1237//1196 1238//1197 1278//1237
f 1237//1196 1278//1237 1277//1236
f 1238//1197 1239//1198 1279//1238
f 1238//1197 1279//1238 1278//1237
f 1239//1198 1240//1199 1280//1239
f 1239//1198 1280//1239 1279//1238
f 1240//1199 1241//1200 1281//1240
f 1240//1199 1281//1240 1280//1239
f 1241//1200 1242//1201 1282//1241
f 1241//1200 1282//1241 1281//1240
f 1242//1201 1243//1202 1283//1242
f 1242//1201 1283//1242 1282//1241
f 1243//1202 1244//1203 1284//1243
f 1243//1202 1284//1243 1283//1242
f 1244//1203 1245//1204 1285//1244
f 1244//1203 1285//1244 1284//1243
f 1245//1204 1246//1205 1286//1245
f 1245//1204 1286//1245 1285//1244
f 1246//1205 1247//1206 1287//1246
f 1246//1205 1287//1246 1286//1245
f 1247//1206 1248//1207 1288//1247
f 1247//1206 1288//1247 1287//1246
f 1248//1207 1249//1208 1289//1248
f 1248//1207 1289//1248 1288//1247
f 1249//1208 1250//1209 1290//1249
f 1249//1208 1290//1249 1289//1248
f 1250//1209 1251//1210 1291//1250
f 1250//1209 1291//1250 1290//1249
f 1251//1210 1252//1211 1292//1251
f 1251//1210 1292//1251 1291//1250
f 1252//1211 1253//1212 1293//1252
f 1252//1211 1293//1252 1292//1251
f 1253//1212 1254//1213 1294//1253
f 1253//1212 1294//1253 1293//1252
f 1254//1213 1255//1214 1295//1254
f 1254//1213 1295//1254 1294//1253
f 1255//1214 1256//1215 1296//1255
f 1255//1214 1296//1255 1295//1254
f 1256//1215 1257//1216 1297//1256
f 1256//1215 1297//1256 1296//1255
f 1257//1216 1258//1217 1298//1257
f 1257//1216 1298//1257 1297//1256
f 1258//1217 1259//1218 1299//1258
f 1258//1217 1299//1258 1298//1257
f 1259//1218 1260//1219 1300//1259
f 1259//1218 1300//1259 1299//1258
f 1260//1219 1261//1220 1301//1260
f 1260//1219 1301//1260 1300//1259
f 1261//1220 1262//1221 1302//1261
f 1261//1220 1302//1261 1301//1260
f 1262//1221 1263//1222 1303//1262
f 1262//1221 1303//1262 1302//1261
f 1263//1222 1264//1223 1304//1263
f 1263//1222 1304//1263 1303//1262
f 1264//1223 1265//1224 1305//1264
f 1264//1223 1305//1264 1304//1263
f 1265//1224 1266//1225 1306//1265
f 1265//1224 1306//1265 1305//1264
f 1266//1225 1267//1226 1307//1266
f 1266//1225 1307//1266 1306//1265
f 1267//1226 1229//1188 1269//1228
f 1267//1226 1269//1228 1307//1266
f 1269//1228 1268//1227 1308//1267
f 1269//1228 1308//1267 1309//248
f 1268//1227 1270//1229 1310//1268
f 1268//1227 1310//1268 1308//1267
f 1270//1229 1271//1230 1311//1269
f 1270//1229 1311//1269 1310//1268
f 1271//1230 1272//1231 1312//1270
f 1271//1230 1312//1270 1311//1269
f 1272//1231 1273//1232 1313//253
f 1272//1231 1313//253 1312//1270
f 1273//1232 1274//1233 1314//1271
f 1273//1232 1314//1271 1313//253
f 1274//1233 1275//1234 1315//1272
f 1274//1233 1315//1272 1314//1271
f 1275//1234 1276//1235 1316//1273
f 1275//1234 1316//1273 1315//1272
f 1276//1235 1277//1236 1317//1274
f 1276//1235 1317//1274 1316//1273
f 1277//1236 1278//1237 1318//259
f 1277//1236 1318//259 1317//1274
f 1278//1237 1279//1238 1319//1275
f 1278//1237 1319//1275 1318//259
f 1279//1238 1280//1239 1320//1276
f 1279//1238 1320//1276 1319//1275
f 1280//1239 1281//1240 1321//1277
f 1280//1239 1321//1277 1320//1276
f 1281//1240 1282//1241 1322//1278
f 1281//1240 1322//1278 1321//1277
f 1282//1241 1283//1242 1323//265
f 1282//1241 1323//265 1322//1278
f 1283//1242 1284//1243 1324//1279
f 1283//1242 1324//1279 1323//265
f 1284//1243 1285//1244 1325//1280
f 1284//1243 1325//1280 1324//1279
f 1285//1244 1286//1245 1326//1281
f 1285//1244 1326//1281 1325//1280
f 1286//1245 1287//1246 1327//1282
f 1286//1245 1327//1282 1326//1281
f 1287//1246 1288//1247 1328//271
f 1287//1246 1328//271 1327//1282
f 1288//1247 1289//1248 1329//1283
f 1288//1247 1329//1283 1328//271
f 1289//1248 1290//1249 1330//1284
f 1289//1248 1330//1284 1329//1283
f 1290//1249 1291//1250 1331//1285
f 1290//1249 1331//1285 1330//1284
f 1291//1250 1292//1251 1332//1286
f 1291//1250 1332//1286 1331//1285
f 1292//1251 1293//1252 1333//277
f 1292//1251 1333//277 1332//1286
f 1293//1252 1294//1253 1334//1287
f 1293//1252 1334//1287 1333//277
f 1294//1253 1295//1254 1335//1288
f 1294//1253 1335//1288 1334//1287
f 1295//1254 1296//1255 1336//1289
f 1295//1254 1336//1289 1335//1288
f 1296//1255 1297//1256 1337//1290
f 1296//1255 1337//1290 1336//1289
f 1297//1256 1298//1257 1338//283
f 1297//1256 1338//283 1337//1290
f 1298//1257 1299//1258 1339//1291
f 1298//1257 1339//1291 1338//283
f 1299//1258 1300//1259 1340//1292
f 1299//1258 1340//1292 1339//1291
f 1300//1259 1301//1260 1341//1293
f 1300//1259 1341//1293 1340//1292
f 1301//1260 1302//1261 1342//1294
f 1301//1260 1342//1294 1341//1293
f 1302//1261 1303//1262 1343//289
f 1302//1261 1343//289 1342//1294
f 1303//1262 1304//1263 1344//1295
f 1303//1262 1344//1295 1343//289
f 1304//1263 1305//1264 1345//1296
f 1304//1263 1345//1296 1344//1295
f 1305//1264 1306//1265 1346//1297
f 1305//1264 1346//1297 1345//1296
f 1306//1265 1307//1266 1347//1298
f 1306//1265 1347//1298 1346//1297
f 1307//1266 1269//1228 1309//248
f 1307//1266 1309//248 1347//1298
f 1309//248 1308//1267 1348//1299
f 1309//248 1348//1299 1349//1300
f 1308//1267 1310//1268 1350//1301
f 1308//1267 1350//1301 1348//1299
f 1310//1268 1311//1269 1351//1302
f 1310//1268 1351//1302 1350//1301
f 1311//1269 1312//1270 1352//1303
f 1311//1269 1352//1303 1351//1302
f 1312//1270 1313//253 1353//1304
f 1312//1270 1353//1304 1352//1303
f 1313//253 1314//1271 1354//1305
f 1313//253 1354//1305 1353//1304
f 1314//1271 1315//1272 1355//1306
f 1314//1271 1355//1306 1354//1305
f 1315//1272 1316//1273 1356//1307
f 1315//1272 1356//1307 1355//1306
f 1316//1273 1317//1274 1357//1308
f 1316//1273 1357//1308 1356//1307
f 1317//1274 1318//259 1358//1309
f 1317//1274 1358//1309 1357//1308
f 1318//259 1319//1275 1359//1310
f 1318//259 1359//1310 1358//1309
f 1319//1275 1320//1276 1360//1311
f 1319//1275 1360//1311 1359//1310
f 1320//1276 1321//1277 1361//1312
f 1320//1276 1361//1312 1360//1311
f 1321//1277 1322//1278 1362//1313
f 1321//1277 1362//1313 1361//1312
f 1322//1278 1323//265 1363//1314
f 1322//1278 1363//1314 1362//1313
f 1323//265 1324//1279 1364//1315
f 1323//265 1364//1315 1363//1314
f 1324//1279 1325//1280 1365//1316
f 1324//1279 1365//1316 1364//1315
f 1325//1280 1326//1281 1366//1317
f 1325//1280 1366//1317 1365//1316
f 1326//1281 1327//1282 1367//1318
f 1326//1281 1367//1318 1366//1317
f 1327//1282 1328//271 1368//1319
f 1327//1282 1368//1319 1367//1318
f 1328//271 1329//1283 1369//1320
f 1328//271 1369//1320 1368//1319
f 1329//1283 1330//1284 1370//1321
f 1329//1283 1370//1321 1369//1320
f 1330//1284 1331//1285 1371//1322
f 1330//1284 1371//1322 1370//1321
f 1331//1285 1332//1286 1372//1323
f 1331//1285 1372//1323 1371//1322
f 1332//1286 1333//277 1373//1324
f 1332//1286 1373//1324 1372//1323
f 1333//277 1334//1287 1374//1325
f 1333//277 1374//1325 1373//1324
f 1334//1287 1335//1288 1375//1326
f 1334//1287 1375//1326 1374//1325
f 1335//1288 1336//1289 1376//1327
f 1335//1288 1376//1327 1375//1326
f 1336//1289 1337//1290 1377//1328
f 1336//1289 1377//1328 1376//1327
f 1337//1290 1338//283 1378//1329
f 1337//1290 1378//1329 1377//1328
f 1338//283 1339//1291 1379//1330
f 1338//283 1379//1330 1378//1329
f 1339//1291 1340//1292 1380//1331
f 1339//1291 1380//1331 1379//1330
f 1340//1292 1341//1293 1381//1332
f 1340//1292 1381//1332 1380//1331
f 1341//1293 1342//1294 1382//1333
f 1341//1293 1382//1333 1381//1332
f 1342//1294 1343//289 1383//1334
f 1342//1294 1383//1334 1382//1333
f 1343//289 1344//1295 1384//1335
f 1343//289 1384//1335 1383//1334
f 1344//1295 1345//1296 1385//1336
f 1344//1295 1385//1336 1384//1335
f 1345//1296 1346//1297 1386//1337
f 1345//1296 1386//1337 1385//1336
f 1346//1297 1347//1298 1387//1338
f 1346//1297 1387//1338 1386//1337
f 1347//1298 1309//248 1349//1300
f 1347//1298 1349//1300 1387//1338
f 1349//1300 1348//1299 1388//1339
f 1349//1300 1388//1339 1389//1340
f 1348//1299 1350//1301 1390//1341
f 1348//1299 1390//1341 1388//1339
f 1350//1301 1351//1302 1391//1342
f 1350//1301 1391//1342 1390//1341
f 1351//1302 1352//1303 1392//1343
f 1351//1302 1392//1343 1391//1342
f 1352//1303 1353//1304 1393//1344
f 1352//1303 1393//1344 1392//1343
f 1353//1304 1354//1305 1394//1345
f 1353//1304 1394//1345 1393//1344
f 1354//1305 1355//1306 1395//1346
f 1354//1305 1395//1346 1394//1345
f 1355//1306 1356//1307 1396//1347
f 1355//1306 1396//1347 1395//1346
f 1356//1307 1357//1308 1397//1348
f 1356//1307 1397//1348 1396//1347
f 1357//1308 1358//1309 1398//1349
f 1357//1308 1398//1349 1397//1348
f 1358//1309 1359//1310 1399//1350
f 1358//1309 1399//1350 1398//1349
f 1359//1310 1360//1311 1400//1351
f 1359//1310 1400//1351 1399//1350
f 1360//1311 1361//1312 1401//1352
f 1360//1311 1401//1352 1400//1351
f 1361//1312 1362//1313 1402//1353
f 1361//1312 1402//1353 1401//1352
f 1362//1313 1363//1314 1403//1354
f 1362//1313 1403//1354 1402//1353
f 1363//1314 1364//1315 1404//1355
f 1363//1314 1404//1355 1403//1354
f 1364//1315 1365//1316 1405//1356
f 1364//1315 1405//1356 1404//1355
f 1365//1316 1366//1317 1406//1357
f 1365//1316 1406//1357 1405//1356
f 1366//1317 1367//1318 1407//1358
f 1366//1317 1407//1358 1406//1357
f 1367//1318 1368//1319 1408//1359
f 1367//1318 1408//1359 1407//1358
f 1368//1319 1369//1320 1409//1360
f 1368//1319 1409//1360 1408//1359
f 1369//1320 1370//1321 1410//1361
f 1369//1320 1410//1361 1409//1360
f 1370//1321 1371//1322 1411//1362
f 1370//1321 1411//1362 1410//1361
f 1371//1322 1372//1323 1412//1363
f 1371//1322 1412//1363 1411//1362
f 1372//1323 1373//1324 1413//1364
f 1372//1323 1413//1364 1412//1363
f 1373//1324 1374//1325 1414//1365
f 1373//1324 1414//1365 1413//1364
f 1374//1325 1375//1326 1415//1366
f 1374//1325 1415//1366 1414//1365
f 1375//1326 1376//1327 1416//1367
f 1375//1326 1416//1367 1415//1366
f 1376//1327 1377//1328 1417//1368
f 1376//1327 1417//1368 1416//1367
f 1377//1328 1378//1329 1418//1369
f 1377//1328 1418//1369 1417//1368
f 1378//1329 1379//1330 1419//1370
f 1378//1329 1419//1370 1418//1369
f 1379//1330 1380//1331 1420//1371
f 1379//1330 1420//1371 1419//1370
f 1380//1331 1381//1332 1421//1372
f 1380//1331 1421//1372 1420//1371
f 1381//1332 1382//1333 1422//1373
f 1381//1332 1422//1373 1421//1372
f 1382//1333 1383//1334 1423//1374
f 1382//1333 1423//1374 1422//1373
f 1383//1334 1384//1335 1424//1375
f 1383//1334 1424//1375 1423//1374
f 1384//1335 1385//1336 1425//1376
f 1384//1335 1425//1376 1424//1375
f 1385//1336 1386//1337 1426//1377
f 1385//1336 1426//1377 1425//1376
f 1386//1337 1387//1338 1427//1378
f 1386//1337 1427//1378 1426//1377
f 1387//1338 1349//1300 1389//1340
f 1387//1338 1389//1340 1427//1378
f 1389//1340 1388//1339 1428//1379
f 1389//1340 1428//1379 1429//1380
f 1388//1339 1390//1341 1430//1381
f 1388//1339 1430//1381 1428//1379
f 1390//1341 1391//1342 1431//1382
f 1390//1341 1431//1382 1430//1381
f 1391//1342 1392//1343 1432//1383
f 1391//1342 1432//1383 1431//1382
f 1392//1343 1393//1344 1433//1384
f 1392//1343 1433//1384 1432//1383
f 1393//1344 1394//1345 1434//1385
f 1393//1344 1434//1385 1433//1384
f 1394//1345 1395//1346 1435//1386
f 1394//1345 1435//1386 1434//1385
f 1395//1346 1396//1347 1436//1387
f 1395//1346 1436//1387 1435//1386
f 1396//1347 1397//1348 1437//1388
f 1396//1347 1437//1388 1436//1387
f 1397//1348 1398//1349 1438//1389
f 1397//1348 1438//1389 1437//1388
f 1398//1349 1399//1350 1439//1390
f 1398//1349 1439//1390 1438//1389
f 1399//1350 1400//1351 1440//1391
f 1399//1350 1440//1391 1439//1390
f 1400//1351 1401//1352 1441//1392
f 1400//1351 1441//1392 1440//1391
f 1401//1352 1402//1353 1442//1393
f 1401//1352 1442//1393 1441//1392
f 1402//1353 1403//1354 1443//1394
f 1402//1353 1443//1394 1442//1393
f 1403//1354 1404//1355 1444//1395
f 1403//1354 1444//1395 1443//1394
f 1404//1355 1405//1356 1445//1396
f 1404//1355 1445//1396 1444//1395
f 1405//1356 1406//1357 1446//1397
f 1405//1356 1446//1397 1445//1396
f 1406//1357 1407//1358 1447//1398
f 1406//1357 1447//1398 1446//1397
f 1407//1358 1408//1359 1448//1399
f 1407//1358 1448//1399 1447//1398
f 1408//1359 1409//1360 1449//1400
f 1408//1359 1449//1400 1448//1399
f 1409//1360 1410//1361 1450//1401
f 1409//1360 1450//1401 1449//1400
f 1410//1361 1411//1362 1451//1402
f 1410//1361 1451//1402 1450//1401
f 1411//1362 1412//1363 1452//1403
f 1411//1362 1452//1403 1451//1402
f 1412//1363 1413//1364 1453//1404
f 1412//1363 1453//1404 1452//1403
f 1413//1364 1414//1365 1454//1405
f 1413//1364 1454//1405 1453//1404
f 1414//1365 1415//1366 1455//1406
f 1414//1365 1455//1406 1454//1405
f 1415//1366 1416//1367 1456//1407
f 1415//1366 1456//1407 1455//1406
f 1416//1367 1417//1368 1457//1408
f 1416//1367 1457//1408 1456//1407
f 1417//1368 1418//1369 1458//1409
f 1417//1368 1458//1409 1457//1408
f 1418//1369 1419//1370 1459//1410
f 1418//1369 1459//1410 1458//1409
f 1419//1370 1420//1371 1460//1411
f 1419//1370 1460//1411 1459//1410
f 1420//1371 1421//1372 1461//1412
f 1420//1371 1461//1412 1460//1411
f 1421//1372 1422//1373 1462//1413
f 1421//1372 1462//1413 1461//1412
f 1422//1373 1423//1374 1463//1414
f 1422//1373 1463//1414 1462//1413
f 1423//1374 1424//1375 1464//1415
f 1423//1374 1464//1415 1463//1414
f 1424//1375 1425//1376 1465//1416
f 1424//1375 1465//1416 1464//1415
f 1425//1376 1426//1377 1466//1417
f 1425//1376 1466//1417 1465//1416
f 1426//1377 1427//1378 1467//1418
f 1426//1377 1467//1418 1466//1417
f 1427//1378 1389//1340 1429//1380
f 1427//1378 1429//1380 1467//1418
f 1429//1380 1428//1379 1468//1419
f 1429//1380 1468//1419 1469//1420
f 1428//1379 1430//1381 1470//1421
f 1428//1379 1470//1421 1468//1419
f 1430//1381 1431//1382 1471//1422
f 1430//1381 1471//1422 1470//1421
f 1431//1382 1432//1383 1472//1423
f 1431//1382 1472//1423 1471//1422
f 1432//1383 1433//1384 1473//1424
f 1432//1383 1473//1424 1472//1423
f 1433//1384 1434//1385 1474//1425
f 1433//1384 1474//1425 1473//1424
f 1434//1385 1435//1386 1475//1426
f 1434//1385 1475//1426 1474//1425
f 1435//1386 1436//1387 1476//1427
f 1435//1386 1476//1427 1475//1426
f 1436//1387 1437//1388 1477//1428
f 1436//1387 1477//1428 1476//1427
f 1437//1388 1438//1389 1478//1429
f 1437//1388 1478//1429 1477//1428
f 1438//1389 1439//1390 1479//1430
f 1438//1389 1479//1430 1478//1429
f 1439//1390 1440//1391 1480//1431
f 1439//1390 1480//1431 1479//1430
f 1440//1391 1441//1392 1481//1432
f 1440//1391 1481//1432 1480//1431
f 1441//1392 1442//1393 1482//1433
f 1441//1392 1482//1433 1481//1432
f 1442//1393 1443//1394 1483//1434
f 1442//1393 1483//1434 1482//1433
f 1443//1394 1444//1395 1484//1435
f 1443//1394 1484//1435 1483//1434
f 1444//1395 1445//1396 1485//1436
f 1444//1395 1485//1436 1484//1435
f 1445//1396 1446//1397 1486//1437
f 1445//1396 1486//1437 1485//1436
f 1446//1397 1447//1398 1487//1438
f 1446//1397 1487//1438 1486//1437
f 1447//1398 1448//1399 1488//1439
f 1447//1398 1488//1439 1487//1438
f 1448//1399 1449//1400 1489//1440
f 1448//1399 1489//1440 1488//1439
f 1449//1400 1450//1401 1490//1441
f 1449//1400 1490//1441 1489//1440
f 1450//1401 1451//1402 1491//1442
f 1450//1401 1491//1442 1490//1441
f 1451//1402 1452//1403 1492//1443
f 1451//1402 1492//1443 1491//1442
f 1452//1403 1453//1404 1493//1444
f 1452//1403 1493//1444 1492//1443
f 1453//1404 1454//1405 1494//1445
f 1453//1404 1494//1445 1493//1444
f 1454//1405 1455//1406 1495//1446
f 1454//1405 1495//1446 1494//1445
f 1455//1406 1456//1407 1496//1447
f 1455//1406 1496//1447 1495//1446
f 1456//1407 1457//1408 1497//1448
f 1456//1407 1497//1448 1496//1447
f 1457//1408 1458//1409 1498//1449
f 1457//1408 1498//1449 1497//1448
f 1458//1409 1459//1410 1499//1450
f 1458//1409 1499//1450 1498//1449
f 1459//1410 1460//1411 1500//1451
f 1459//1410 1500//1451 1499//1450
f 1460//1411 1461//1412 1501//1452
f 1460//1411 1501//1452 1500//1451
f 1461//1412 1462//1413 1502//1453
f 1461//1412 1502//1453 1501//1452
f 1462//1413 1463//1414 1503//1454
f 1462//1413 1503//1454 1502//1453
f 1463//1414 1464//1415 1504//1455
f 1463//1414 1504//1455 1503//1454
f 1464//1415 1465//1416 1505//1456
f 1464//1415 1505//1456 1504//1455
f 1465//1416 1466//1417 1506//1457
f 1465//1416 1506//1457 1505//1456
f 1466//1417 1467//1418 1507//1458
f 1466//1417 1507//1458 1506//1457
f 1467//1418 1429//1380 1469//1420
f 1467//1418 1469//1420 1507//1458
f 1469//1420 1468//1419 1508//1459
f 1469//1420 1508//1459 1509//4
f 1468//1419 1470//1421 1510//1460
f 1468//1419 1510//1460 1508//1459
f 1470//1421 1471//1422 1511//1461
f 1470//1421 1511//1461 1510//1460
f 1471//1422 1472//1423 1512//1462
f 1471//1422 1512//1462 1511//1461
f 1472//1423 1473//1424 1513//540
f 1472//1423 1513//540 1512//1462
f 1473//1424 1474//1425 1514//1463
f 1473//1424 1514//1463 1513//540
f 1474//1425 1475//1426 1515//1464
f 1474//1425 1515//1464 1514//1463
f 1475//1426 1476//1427 1516//1465
f 1475//1426 1516//1465 1515//1464
f 1476//1427 1477//1428 1517//1466
f 1476//1427 1517//1466 1516//1465
f 1477//1428 1478//1429 1518//6
f 1477//1428 1518//6 1517//1466
f 1478//1429 1479//1430 1519//1467
f 1478//1429 1519//1467 1518//6
f 1479//1430 1480//1431 1520//1468
f 1479//1430 1520//1468 1519//1467
f 1480//1431 1481//1432 1521//1469
f 1480//1431 1521//1469 1520//1468
f 1481//1432 1482//1433 1522//1470
f 1481//1432 1522//1470 1521//1469
f 1482//1433 1483//1434 1523//551
f 1482//1433 1523//551 1522//1470
f 1483//1434 1484//1435 1524//1471
f 1483//1434 1524//1471 1523//551
f 1484//1435 1485//1436 1525//1472
f 1484//1435 1525//1472 1524//1471
f 1485//1436 1486//1437 1526//1473
f 1485//1436 1526//1473 1525//1472
f 1486//1437 1487//1438 1527//1474
f 1486//1437 1527//1474 1526//1473
f 1487//1438 1488//1439 1528//5
f 1487//1438 1528//5 1527//1474
f 1488//1439 1489//1440 1529//1475
f 1488//1439 1529//1475 1528//5
f 1489//1440 1490//1441 1530//1476
f 1489//1440 1530//1476 1529//1475
f 1490//1441 1491//1442 1531//1477
f 1490//1441 1531//1477 1530//1476
f 1491//1442 1492//1443 1532//1478
f 1491//1442 1532//1478 1531//1477
f 1492//1443 1493//1444 1533//562
f 1492//1443 1533//562 1532//1478
f 1493//1444 1494//1445 1534//1479
f 1493//1444 1534//1479 1533//562
f 1494//1445 1495//1446 1535//1480
f 1494//1445 1535//1480 1534//1479
f 1495//1446 1496//1447 1536//1481
f 1495//1446 1536//1481 1535//1480
f 1496//1447 1497//1448 1537//1482
f 1496//1447 1537//1482 1536//1481
f 1497//1448 1498//1449 1538//3
f 1497//1448 1538//3 1537//1482
f 1498//1449 1499//1450 1539//1483
f 1498//1449 1539//1483 1538//3
f 1499//1450 1500//1451 1540//1484
f 1499//1450 1540//1484 1539//1483
f 1500//1451 1501//1452 1541//1485
f 1500//1451 1541//1485 1540//1484
f 1501//1452 1502//1453 1542//1486
f 1501//1452 1542//1486 1541//1485
f 1502//1453 1503//1454 1543//573
f 1502//1453 1543//573 1542//1486
f 1503//1454 1504//1455 1544//1487
f 1503//1454 1544//1487 1543//573
f 1504//1455 1505//1456 1545//1488
f 1504//1455 1545//1488 1544//1487
f 1505//1456 1506//1457 1546//1489
f 1505//1456 1546//1489 1545//1488
f 1506//1457 1507//1458 1547//1490
f 1506//1457 1547//1490 1546//1489
f 1507//1458 1469//1420 1509//4
f 1507//1458 1509//4 1547//1490
f 1509//4 1508//1459 1548//1491
f 1509//4 1548//1491 1549//1492
f 1508//1459 1510//1460 1550//1493
f 1508//1459 1550//1493 1548//1491
f 1510//1460 1511//1461 1551//1494
f 1510//1460 1551//1494 1550//1493
f 1511//1461 1512//1462 1552//1495
f 1511//1461 1552//1495 1551//1494
f 1512//1462 1513//540 1553//1496
f 1512//1462 1553//1496 1552//1495
f 1513//540 1514//1463 1554//1497
f 1513//540 1554//1497 1553//1496
f 1514//1463 1515//1464 1555//1498
f 1514//1463 1555//1498 1554//1497
f 1515//1464 1516//1465 1556//1499
f 1515//1464 1556//1499 1555//1498
f 1516//1465 1517//1466 1557//1500
f 1516//1465 1557//1500 1556//1499
f 1517//1466 1518//6 1558//1501
f 1517//1466 1558//1501 1557//1500
f 1518//6 1519//1467 1559//1502
f 1518//6 1559//1502 1558//1501
f 1519//1467 1520//1468 1560//1503
f 1519//1467 1560//1503 1559//1502
f 1520//1468 1521//1469 1561//1504
f 1520//1468 1561//1504 1560//1503
f 1521//1469 1522//1470 1562//1505
f 1521//1469 1562//1505 1561//1504
f 1522//1470 1523//551 1563//1506
f 1522//1470 1563//1506 1562//1505
f 1523//551 1524//1471 1564//1507
f 1523//551 1564//1507 1563//1506
f 1524//1471 1525//1472 1565//1508
f 1524//1471 1565//1508 1564//1507
f 1525//1472 1526//1473 1566//1509
f 1525//1472 1566//1509 1565//1508
f 1526//1473 1527//1474 1567//1510
f 1526//1473 1567//1510 1566//1509
f 1527//1474 1528//5 1568//1511
f 1527//1474 1568//1511 1567//1510
f 1528//5 1529//1475 1569//1512
f 1528//5 1569//1512 1568//1511
f 1529//1475 1530//1476 1570//1513
f 1529//1475 1570//1513 1569//1512
f 1530//1476 1531//1477 1571//1514
f 1530//1476 1571//1514 1570//1513
f 1531//1477 1532//1478 1572//1515
f 1531//1477 1572//1515 1571//1514
f 1532//1478 1533//562 1573//1516
f 1532//1478 1573//1516 1572//1515
f 1533//562 1534//1479 1574//1517
f 1533//562 1574//1517 1573//1516
f 1534//1479 1535//1480 1575//1518
f 1534//1479 1575//1518 1574//1517
f 1535//1480 1536//1481 1576//1519
f 1535//1480 1576//1519 1575//1518
f 1536//1481 1537//1482 1577//1520
f 1536//1481 1577//1520 1576//1519
f 1537//1482 1538//3 1578//1521
f 1537//1482 1578//1521 1577//1520
f 1538//3 1539//1483 1579//1522
f 1538//3 1579//1522 1578//1521
f 1539//1483 1540//1484 1580//1523
f 1539//1483 1580//1523 1579//1522
f 1540//1484 1541//1485 1581//1524
f 1540//1484 1581//1524 1580//1523
f 1541//1485 1542//1486 1582//1525
f 1541//1485 1582//1525 1581//1524
f 1542//1486 1543//573 1583//1526
f 1542//1486 1583//1526 1582//1525
f 1543//573 1544//1487 1584//1527
f 1543//573 1584//1527 1583//1526
f 1544//1487 1545//1488 1585//1528
f 1544//1487 1585//1528 1584//1527
f 1545//1488 1546//1489 1586//1529
f 1545//1488 1586//1529 1585//1528
f 1546//1489 1547//1490 1587//1530
f 1546//1489 1587//1530 1586//1529
f 1547//1490 1509//4 1549//1492
f 1547//1490 1549//1492 1587//1530
f 1549//1492 1548//1491 1588//1531
f 1549//1492 1588//1531 1589//1532
f 1548//1491 1550//1493 1590//1533
f 1548//1491 1590//1533 1588//1531
f 1550//1493 1551//1494 1591//1534
f 1550//1493 1591//1534 1590//1533
f 1551//1494 1552//1495 1592//1535
f 1551//1494 1592//1535 1591//1534
f 1552//1495 1553//1496 1593//1536
f 1552//1495 1593//1536 1592//1535
f 1553//1496 1554//1497 1594//1537
f 1553//1496 1594//1537 1593//1536
f 1554//1497 1555//1498 1595//1538
f 1554//1497 1595//1538 1594//1537
f 1555//1498 1556//1499 1596//1539
f 1555//1498 1596//1539 1595//1538
f 1556//1499 1557//1500 1597//1540
f 1556//1499 1597//1540 1596//1539
f 1557//1500 1558//1501 1598//1541
f 1557//1500 1598//1541 1597//1540
f 1558//1501 1559//1502 1599//1542
f 1558//1501 1599//1542 1598//1541
f 1559//1502 1560//1503 1600//1543
f 1559//1502 1600//1543 1599//1542
f 1560//1503 1561//1504 1601//1544
f 1560//1503 1601//1544 1600//1543
f 1561//1504 1562//1505 1602//1545
f 1561//1504 1602//1545 1601//1544
f 1562//1505 1563//1506 1603//1546
f 1562//1505 1603//1546 1602//1545
f 1563//1506 1564//1507 1604//1547
f 1563//1506 1604//1547 1603//1546
f 1564//1507 1565//1508 1605//1548
f 1564//1507 1605//1548 1604//1547
f 1565//1508 1566//1509 1606//1549
f 1565//1508 1606//1549 1605//1548
f 1566//1509 1567//1510 1607//1550
f 1566//1509 1607//1550 1606//1549
f 1567//1510 1568//1511 1608//1551
f 1567//1510 1608//1551 1607//1550
f 1568//1511 1569//1512 1609//1552
f 1568//1511 1609//1552 1608//1551
f 1569//1512 1570//1513 1610//1553
f 1569//1512 1610//1553 1609//1552
f 1570//1513 1571//1514 1611//1554
f 1570//1513 1611//1554 1610//1553
f 1571//1514 1572//1515 1612//1555
f 1571//1514 1612//1555 1611//1554
f 1572//1515 1573//1516 1613//1556
f 1572//1515 1613//1556 1612//1555
f 1573//1516 1574//1517 1614//1557
f 1573//1516 1614//1557 1613//1556
f 1574//1517 1575//1518 1615//1558
f 1574//1517 1615//1558 1614//1557
f 1575//1518 1576//1519 1616//1559
f 1575//1518 1616//1559 1615//1558
f 1576//1519 1577//1520 1617//1560
f 1576//1519 1617//1560 1616//1559
f 1577//1520 1578//1521 1618//1561
f 1577//1520 1618//1561 1617//1560
f 1578//1521 1579//1522 1619//1562
f 1578//1521 1619//1562 1618//1561
f 1579//1522 1580//1523 1620//1563
f 1579//1522 1620//1563 1619//1562
f 1580//1523 1581//1524 1621//1564
f 1580//1523 1621//1564 1620//1563
f 1581//1524 1582//1525 1622//1565
f 1581//1524 1622//1565 1621//1564
f 1582//1525 1583//1526 1623//1566
f 1582//1525 1623//1566 1622//1565
f 1583//1526 1584//1527 1624//1567
f 1583//1526 1624//1567 1623//1566
f 1584//1527 1585//1528 1625//1568
f 1584//1527 1625//1568 1624//1567
f 1585//1528 1586//1529 1626//1569
f 1585//1528 1626//1569 1625//1568
f 1586//1529 1587//1530 1627//1570
f 1586//1529 1627//1570 1626//1569
f 1587//1530 1549//1492 1589//1532
f 1587//1530 1589//1532 1627//1570
f 1589//1532 1588//1531 1628//1571
f 1589//1532 1628//1571 1629//1572
f 1588//1531 1590//1533 1630//1573
f 1588//1531 1630//1573 1628//1571
f 1590//1533 1591//1534 1631//1574
f 1590//1533 1631//1574 1630//1573
f 1591//1534 1592//1535 1632//1575
f 1591//1534 1632//1575 1631//1574
f 1592//1535 1593//1536 1633//1576
f 1592//1535 1633//1576 1632//1575
f 1593//1536 1594//1537 1634//1577
f 1593//1536 1634//1577 1633//1576
f 1594//1537 1595//1538 1635//1578
f 1594//1537 1635//1578 1634//1577
f 1595//1538 1596//1539 1636//1579
f 1595//1538 1636//1579 1635//1578
f 1596//1539 1597//1540 1637//1580
f 1596//1539 1637//1580 1636//1579
f 1597//1540 1598//1541 1638//1581
f 1597//1540 1638//1581 1637//1580
f 1598//1541 1599//1542 1639//1582
f 1598//1541 1639//1582 1638//1581
f 1599//1542 1600//1543 1640//1583
f 1599//1542 1640//1583 1639//1582
f 1600//1543 1601//1544 1641//1584
f 1600//1543 1641//1584 1640//1583
f 1601//1544 1602//1545 1642//1585
f 1601//1544 1642//1585 1641//1584
f 1602//1545 1603//1546 1643//1586
f 1602//1545 1643//1586 1642//1585
f 1603//1546 1604//1547 1644//1587
f 1603//1546 1644//1587 1643//1586
f 1604//1547 1605//1548 1645//1588
f 1604//1547 1645//1588 1644//1587
f 1605//1548 1606//1549 1646//1589
f 1605//1548 1646//1589 1645//1588
f 1606//1549 1607//1550 1647//1590
f 1606//1549 1647//1590 1646//1589
f 1607//1550 1608//1551 1648//1591
f 1607//1550 1648//1591 1647//1590
f 1608//1551 1609//1552 1649//1592
f 1608//1551 1649//1592 1648//1591
f 1609//1552 1610//1553 1650//1593
f 1609//1552 1650//1593 1649//1592
f 1610//1553 1611//1554 1651//1594
f 1610//1553 1651//1594 1650//1593
f 1611//1554 1612//1555 1652//1595
f 1611//1554 1652//1595 1651//1594
f 1612//1555 1613//1556 1653//1596
f 1612//1555 1653//1596 1652//1595
f 1613//1556 1614//1557 1654//1597
f 1613//1556 1654//1597 1653//1596
f 1614//1557 1615//1558 1655//1598
f 1614//1557 1655//1598 1654//1597
f 1615//1558 1616//1559 1656//1599
f 1615//1558 1656//1599 1655//1598
f 1616//1559 1617//1560 1657//1600
f 1616//1559 1657//1600 1656//1599
f 1617//1560 1618//1561 1658//1601
f 1617//1560 1658//1601 1657//1600
f 1618//1561 1619//1562 1659//1602
f 1618//1561 1659//1602 1658//1601
f 1619//1562 1620//1563 1660//1603
f 1619//1562 1660//1603 1659//1602
f 1620//1563 1621//1564 1661//1604
f 1620//1563 1661//1604 1660//1603
f 1621//1564 1622//1565 1662//1605
f 1621//1564 1662//1605 1661//1604
f 1622//1565 1623//1566 1663//1606
f 1622//1565 1663//1606 1662//1605
f 1623//1566 1624//1567 1664//1607
f 1623//1566 1664//1607 1663//1606
f 1624//1567 1625//1568 1665//1608
f 1624//1567 1665//1608 1664//1607
f 1625//1568 1626//1569 1666//1609
f 1625//1568 1666//1609 1665//1608
f 1626//1569 1627//1570 1667//1610
f 1626//1569 1667//1610 1666//1609
f 1627//1570 1589//1532 1629//1572
f 1627//1570 1629//1572 1667//1610
f 1629//1572 1628//1571 1668//1611
f 1629//1572 1668//1611 1669//1612
f 1628//1571 1630//1573 1670//1613
f 1628//1571 1670//1613 1668//1611
f 1630//1573 1631//1574 1671//1614
f 1630//1573 1671//1614 1670//1613
f 1631//1574 1632//1575 1672//1615
f 1631//1574 1672//1615 1671//1614
f 1632//1575 1633//1576 1673//1616
f 1632//1575 1673//1616 1672//1615
f 1633//1576 1634//1577 1674//1617
f 1633//1576 1674//1617 1673//1616
f 1634//1577 1635//1578 1675//1618
f 1634//1577 1675//1618 1674//1617
f 1635//1578 1636//1579 1676//1619
f 1635//1578 1676//1619 1675//1618
f 1636//1579 1637//1580 1677//1620
f 1636//1579 1677//1620 1676//1619
f 1637//1580 1638//1581 1678//1621
f 1637//1580 1678//1621 1677//1620
f 1638//1581 1639//1582 1679//1622
f 1638//1581 1679//1622 1678//1621
f 1639//1582 1640//1583 1680//1623
f 1639//1582 1680//1623 1679//1622
f 1640//1583 1641//1584 1681//1624
f 1640//1583 1681//1624 1680//1623
f 1641//1584 1642//1585 1682//1625
f 1641//1584 1682//1625 1681//1624
f 1642//1585 1643//1586 1683//1626
f 1642//1585 1683//1626 1682//1625
f 1643//1586 1644//1587 1684//1627
f 1643//1586 1684//1627 1683//1626
f 1644//1587 1645//1588 1685//1628
f 1644//1587 1685//1628 1684//1627
f 1645//1588 1646//1589 1686//1629
f 1645//1588 1686//1629 1685//1628
f 1646//1589 1647//1590 1687//1630
f 1646//1589 1687//1630 1686//1629
f 1647//1590 1648//1591 1688//1631
f 1647//1590 1688//1631 1687//1630
f 1648//1591 1649//1592 1689//1632
f 1648//1591 1689//1632 1688//1631
f 1649//1592 1650//1593 1690//1633
f 1649//1592 1690//1633 1689//1632
f 1650//1593 1651//1594 1691//1634
f 1650//1593 1691//1634 1690//1633
f 1651//1594 1652//1595 1692//1635
f 1651//1594 1692//1635 1691//1634
f 1652//1595 1653//1596 1693//1636
f 1652//1595 1693//1636 1692//1635
f 1653//1596 1654//1597 1694//1637
f 1653//1596 1694//1637 1693//1636
f 1654//1597 1655//1598 1695//1638
f 1654//1597 1695//1638 1694//1637
f 1655//1598 1656//1599 1696//1639
f 1655//1598 1696//1639 1695//1638
f 1656//1599 1657//1600 1697//1640
f 1656//1599 1697//1640 1696//1639
f 1657//1600 1658//1601 1698//1641
f 1657//1600 1698//1641 1697//1640
f 1658//1601 1659//1602 1699//1642
f 1658//1601 1699//1642 1698//1641
f 1659//1602 1660//1603 1700//1643
f 1659//1602 1700//1643 1699//1642
f 1660//1603 1661//1604 1701//1644
f 1660//1603 1701//1644 1700//1643
f 1661//1604 1662//1605 1702//1645
f 1661//1604 1702//1645 1701//1644
f 1662//1605 1663//1606 1703//1646
f 1662//1605 1703//1646 1702//1645
f 1663//1606 1664//1607 1704//1647
f 1663//1606 1704//1647 1703//1646
f 1664//1607 1665//1608 1705//1648
f 1664//1607 1705//1648 1704//1647
f 1665//1608 1666//1609 1706//1649
f 1665//1608 1706//1649 1705//1648
f 1666//1609 1667//1610 1707//1650
f 1666//1609 1707//1650 1706//1649
f 1667//1610 1629//1572 1669//1612
f 1667//1610 1669//1612 1707//1650
f 1669//1612 1668//1611 1708//1651
f 1669//1612 1708//1651 1709//820
f 1668//1611 1670//1613 1710//1652
f 1668//1611 1710//1652 1708//1651
f 1670//1613 1671//1614 1711//1653
f 1670//1613 1711//1653 1710//1652
f 1671//1614 1672//1615 1712//1654
f 1671//1614 1712//1654 1711//1653
f 1672//1615 1673//1616 1713//825
f 1672//1615 1713//825 1712//1654
f 1673//1616 1674//1617 1714//1655
f 1673//1616 1714//1655 1713//825
f 1674//1617 1675//1618 1715//1656
f 1674//1617 1715//1656 1714//1655
f 1675//1618 1676//1619 1716//1657
f 1675//1618 1716//1657 1715//1656
f 1676//1619 1677//1620 1717//1658
f 1676//1619 1717//1658 1716//1657
f 1677//1620 1678//1621 1718//831
f 1677//1620 1718//831 1717//1658
f 1678//1621 1679//1622 1719//1659
f 1678//1621 1719//1659 1718//831
f 1679//1622 1680//1623 1720//1660
f 1679//1622 1720//1660 1719//1659
f 1680//1623 1681//1624 1721//1661
f 1680//1623 1721//1661 1720//1660
f 1681//1624 1682//1625 1722//1662
f 1681//1624 1722//1662 1721//1661
f 1682//1625 1683//1626 1723//837
f 1682//1625 1723//837 1722//1662
f 1683//1626 1684//1627 1724//1663
f 1683//1626 1724//1663 1723//837
f 1684//1627 1685//1628 1725//1664
f 1684//1627 1725//1664 1724//1663
f 1685//1628 1686//1629 1726//1665
f 1685//1628 1726//1665 1725//1664
f 1686//1629 1687//1630 1727//1666
f 1686//1629 1727//1666 1726//1665
f 1687//1630 1688//1631 1728//843
f 1687//1630 1728//843 1727//1666
f 1688//1631 1689//1632 1729//1667
f 1688//1631 1729//1667 1728//843
f 1689//1632 1690//1633 1730//1668
f 1689//1632 1730//1668 1729//1667
f 1690//1633 1691//1634 1731//1669
f 1690//1633 1731//1669 1730//1668
f 1691//1634 1692//1635 1732//1670
f 1691//1634 1732//1670 1731//1669
f 1692//1635 1693//1636 1733//849
f 1692//1635 1733//849 1732//1670
f 1693//1636 1694//1637 1734//1671
f 1693//1636 1734//1671 1733//849
f 1694//1637 1695//1638 1735//1672
f 1694//1637 1735//1672 1734//1671
f 1695//1638 1696//1639 1736//1673
f 1695//1638 1736//1673 1735//1672
f 1696//1639 1697//1640 1737//1674
f 1696//1639 1737//1674 1736//1673
f 1697//1640 1698//1641 1738//855
f 1697//1640 1738//855 1737//1674
f 1698//1641 1699//1642 1739//1675
f 1698//1641 1739//1675 1738//855
f 1699//1642 1700//1643 1740//1676
f 1699//1642 1740//1676 1739//1675
f 1700//1643 1701//1644 1741//1677
f 1700//1643 1741//1677 1740//1676
f 1701//1644 1702//1645 1742//1678
f 1701//1644 1742//1678 1741//1677
f 1702//1645 1703//1646 1743//861
f 1702//1645 1743//861 1742//1678
f 1703//1646 1704//1647 1744//1679
f 1703//1646 1744//1679 1743//861
f 1704//1647 1705//1648 1745//1680
f 1704//1647 1745//1680 1744//1679
f 1705//1648 1706//1649 1746//1681
f 1705//1648 1746//1681 1745//1680
f 1706//1649 1707//1650 1747//1682
f 1706//1649 1747//1682 1746//1681
f 1707//1650 1669//1612 1709//820
f 1707//1650 1709//820 1747//1682
f 1709//820 1708//1651 1748//1683
f 1709//820 1748//1683 1749//1684
f 1708//1651 1710//1652 1750//1685
f 1708//1651 1750//1685 1748//1683
f 1710//1652 1711//1653 1751//1686
f 1710//1652 1751//1686 1750//1685
f 1711//1653 1712//1654 1752//1687
f 1711//1653 1752//1687 1751//1686
f 1712//1654 1713//825 1753//1688
f 1712//1654 1753//1688 1752//1687
f 1713//825 1714//1655 1754//1689
f 1713//825 1754//1689 1753//1688
f 1714//1655 1715//1656 1755//1690
f 1714//1655 1755//1690 1754//1689
f 1715//1656 1716//1657 1756//1691
f 1715//1656 1756//1691 1755//1690
f 1716//1657 1717//1658 1757//1692
f 1716//1657 1757//1692 1756//1691
f 1717//1658 1718//831 1758//1693
f 1717//1658 1758//1693 1757//1692
f 1718//831 1719//1659 1759//1694
f 1718//831 1759//1694 1758//1693
f 1719//1659 1720//1660 1760//1695
f 1719//1659 1760//1695 1759//1694
f 1720//1660 1721//1661 1761//1696
f 1720//1660 1761//1696 1760//1695
f 1721//1661 1722//1662 1762//1697
f 1721//1661 1762//1697 1761//1696
f 1722//1662 1723//837 1763//1698
f 1722//1662 1763//1698 1762//1697
f 1723//837 1724//1663 1764//1699
f 1723//837 1764//1699 1763//1698
f 1724//1663 1725//1664 1765//1700
f 1724//1663 1765//1700 1764//1699
f 1725//1664 1726//1665 1766//1701
f 1725//1664 1766//1701 1765//1700
f 1726//1665 1727//1666 1767//1702
f 1726//1665 1767//1702 1766//1701
f 1727//1666 1728//843 1768//1703
f 1727//1666 1768//1703 1767//1702
f 1728//843 1729//1667 1769//1704
f 1728//843 1769//1704 1768//1703
f 1729//1667 1730//1668 1770//1705
f 1729//1667 1770//1705 1769//1704
f 1730//1668 1731//1669 1771//1706
f 1730//1668 1771//1706 1770//1705
f 1731//1669 1732//1670 1772//1707
f 1731//1669 1772//1707 1771//1706
f 1732//1670 1733//849 1773//1708
f 1732//1670 1773//1708 1772//1707
f 1733//849 1734//1671 1774//1709
f 1733//849 1774//1709 1773//1708
f 1734//1671 1735//1672 1775//1710
f 1734//1671 1775//1710 1774//1709
f 1735//1672 1736//1673 1776//1711
f 1735//1672 1776//1711 1775//1710
f 1736//1673 1737//1674 1777//1712
f 1736//1673 1777//1712 1776//1711
f 1737//1674 1738//855 1778//1713
f 1737//1674 1778//1713 1777//1712
f 1738//855 1739//1675 1779//1714
f 1738//855 1779//1714 1778//1713
f 1739//1675 1740//1676 1780//1715
f 1739//1675 1780//1715 1779//1714
f 1740//1676 1741//1677 1781//1716
f 1740//1676 1781//1716 1780//1715
f 1741//1677 1742//1678 1782//1717
f 1741//1677 1782//1717 1781//1716
f 1742//1678 1743//861 1783//1718
f 1742//1678 1783//1718 1782//1717
f 1743//861 1744//1679 1784//1719
f 1743//861 1784//1719 1783//1718
f 1744//1679 1745//1680 1785//1720
f 1744//1679 1785//1720 1784//1719
f 1745//1680 1746//1681 1786//1721
f 1745//1680 1786//1721 1785//1720
f 1746//1681 1747//1682 1787//1722
f 1746//1681 1787//1722 1786//1721
f 1747//1682 1709//820 1749//1684
f 1747//1682 1749//1684 1787//1722
f 1749//1684 1748//1683 1788//1723
f 1749//1684 1788//1723 1789//1724
f 1748//1683 1750//1685 1790//1725
f 1748//1683 1790//1725 1788//1723
f 1750//1685 1751//1686 1791//1726
f 1750//1685 1791//1726 1790//1725
f 1751//1686 1752//1687 1792//1727
f 1751//1686 1792//1727 1791//1726
f 1752//1687 1753//1688 1793//1728
f 1752//1687 1793//1728 1792//1727
f 1753//1688 1754//1689 1794//1729
f 1753//1688 1794//1729 1793//1728
f 1754//1689 1755//1690 1795//1730
f 1754//1689 1795//1730 1794//1729
f 1755//1690 1756//1691 1796//1731
f 1755//1690 1796//1731 1795//1730
f 1756//1691 1757//1692 1797//1732
f 1756//1691 1797//1732 1796//1731
f 1757//1692 1758//1693 1798//1733
f 1757//1692 1798//1733 1797//1732
f 1758//1693 1759//1694 1799//1734
f 1758//1693 1799//1734 1798//1733
f 1759//1694 1760//1695 1800//1735
f 1759//1694 1800//1735 1799//1734
f 1760//1695 1761//1696 1801//1736
f 1760//1695 1801//1736 1800//1735
f 1761//1696 1762//1697 1802//1737
f 1761//1696 1802//1737 1801//1736
f 1762//1697 1763//1698 1803//1738
f 1762//1697 1803//1738 1802//1737
f 1763//1698 1764//1699 1804//1739
f 1763//1698 1804//1739 1803//1738
f 1764//1699 1765//1700 1805//1740
f 1764//1699 1805//1740 1804//1739
f 1765//1700 1766//1701 1806//1741
f 1765//1700 1806//1741 1805//1740
f 1766//1701 1767//1702 1807//1742
f 1766//1701 1807//1742 1806//1741
f 1767//1702 1768//1703 1808//1743
f 1767//1702 1808//1743 1807//1742
f 1768//1703 1769//1704 1809//1744
f 1768//1703 1809//1744 1808//1743
f 1769//1704 1770//1705 1810//1745
f 1769//1704 1810//1745 1809//1744
f 1770//1705 1771//1706 1811//1746
f 1770//1705 1811//1746 1810//1745
f 1771//1706 1772//1707 1812//1747
f 1771//1706 1812//1747 1811//1746
f 1772//1707 1773//1708 1813//1748
f 1772//1707 1813//1748 1812//1747
f 1773//1708 1774//1709 1814//1749
f 1773//1708 1814//1749 1813//1748
f 1774//1709 1775//1710 1815//1750
f 1774//1709 1815//1750 1814//1749
f 1775//1710 1776//1711 1816//1751
f 1775//1710 1816//1751 1815//1750
f 1776//1711 1777//1712 1817//1752
f 1776//1711 1817//1752 1816//1751
f 1777//1712 1778//1713 1818//1753
f 1777//1712 1818//1753 1817//1752
f 1778//1713 1779//1714 1819//1754
f 1778//1713 1819//1754 1818//1753
f 1779//1714 1780//1715 1820//1755
f 1779//1714 1820//1755 1819//1754
f 1780//1715 1781//1716 1821//1756
f 1780//1715 1821//1756 1820//1755
f 1781//1716 1782//1717 1822//1757
f 1781//1716 1822//1757 1821//1756
f 1782//1717 1783//1718 1823//1758
f 1782//1717 1823//1758 1822//1757
f 1783//1718 1784//1719 1824//1759
f 1783//1718 1824//1759 1823//1758
f 1784//1719 1785//1720 1825//1760
f 1784//1719 1825//1760 1824//1759
f 1785//1720 1786//1721 1826//1761
f 1785//1720 1826//1761 1825//1760
f 1786//1721 1787//1722 1827//1762
f 1786//1721 1827//1762 1826//1761
f 1787//1722 1749//1684 1789//1724
f 1787//1722 1789//1724 1827//1762
f 1789//1724 1788//1723 1828//1763
f 1789//1724 1828//1763 1829//1764
f 1788//1723 1790//1725 1830//1765
f 1788//1723 1830//1765 1828//1763
f 1790//1725 1791//1726 1831//1766
f 1790//1725 1831//1766 1830//1765
f 1791//1726 1792//1727 1832//1767
f 1791//1726 1832//1767 1831//1766
f 1792//1727 1793//1728 1833//1768
f 1792//1727 1833//1768 1832//1767
f 1793//1728 1794//1729 1834//1769
f 1793//1728 1834//1769 1833//1768
f 1794//1729 1795//1730 1835//1770
f 1794//1729 1835//1770 1834//1769
f 1795//1730 1796//1731 1836//1771
f 1795//1730 1836//1771 1835//1770
f 1796//1731 1797//1732 1837//1772
f 1796//1731 1837//1772 1836//1771
f 1797//1732 1798//1733 1838//1773
f 1797//1732 1838//1773 1837//1772
f 1798//1733 1799//1734 1839//1774
f 1798//1733 1839//1774 1838//1773
f 1799//1734 1800//1735 1840//1775
f 1799//1734 1840//1775 1839//1774
f 1800//1735 1801//1736 1841//1776
f 1800//1735 1841//1776 1840//1775
f 1801//1736 1802//1737 1842//1777
f 1801//1736 1842//1777 1841//1776
f 1802//1737 1803//1738 1843//1778
f 1802//1737 1843//1778 1842//1777
f 1803//1738 1804//1739 1844//1779
f 1803//1738 1844//1779 1843//1778
f 1804//1739 1805//1740 1845//1780
f 1804//1739 1845//1780 1844//1779
f 1805//1740 1806//1741 1846//1781
f 1805//1740 1846//1781 1845//1780
f 1806//1741 1807//1742 1847//1782
f 1806//1741 1847//1782 1846//1781
f 1807//1742 1808//1743 1848//1783
f 1807//1742 1848//1783 1847//1782
f 1808//1743 1809//1744 1849//1784
f 1808//1743 1849//1784 1848//1783
f 1809//1744 1810//1745 1850//1785
f 1809//1744 1850//1785 1849//1784
f 1810//1745 1811//1746 1851//1786
f 1810//1745 1851//1786 1850//1785
f 1811//1746 1812//1747 1852//1787
f 1811//1746 1852//1787 1851//1786
f 1812//1747 1813//1748 1853//1788
f 1812//1747 1853//1788 1852//1787
f 1813//1748 1814//1749 1854//1789
f 1813//1748 1854//1789 1853//1788
f 1814//1749 1815//1750 1855//1790
f 1814//1749 1855//1790 1854//1789
f 1815//1750 1816//1751 1856//1791
f 1815//1750 1856//1791 1855//1790
f 1816//1751 1817//1752 1857//1792
f 1816//1751 1857//1792 1856//1791
f 1817//1752 1818//1753 1858//1793
f 1817//1752 1858//1793 1857//1792
f 1818//1753 1819//1754 1859//1794
f 1818//1753 1859//1794 1858//1793
f 1819//1754 1820//1755 1860//1795
f 1819//1754 1860//1795 1859//1794
f 1820//1755 1821//1756 1861//1796
f 1820//1755 1861//1796 1860//1795
f 1821//1756 1822//1757 1862//1797
f 1821//1756 1862//1797 1861//1796
f 1822//1757 1823//1758 1863//1798
f 1822//1757 1863//1798 1862//1797
f 1823//1758 1824//1759 1864//1799
f 1823//1758 1864//1799 1863//1798
f 1824//1759 1825//1760 1865//1800
f 1824//1759 1865//1800 1864//1799
f 1825//1760 1826//1761 1866//1801
f 1825//1760 1866//1801 1865//1800
f 1826//1761 1827//1762 1867//1802
f 1826//1761 1867//1802 1866//1801
f 1827//1762 1789//1724 1829//1764
f 1827//1762 1829//1764 1867//1802
f 1829//1764 1828//1763 1868//1803
f 1829//1764 1868//1803 1869//1804
f 1828//1763 1830//1765 1870//1805
f 1828//1763 1870//1805 1868//1803
f 1830//1765 1831//1766 1871//1806
f 1830//1765 1871//1806 1870//1805
f 1831//1766 1832//1767 1872//1807
f 1831//1766 1872//1807 1871//1806
f 1832//1767 1833//1768 1873//1808
f 1832//1767 1873//1808 1872//1807
f 1833//1768 1834//1769 1874//1809
f 1833//1768 1874//1809 1873//1808
f 1834//1769 1835//1770 1875//1810
f 1834//1769 1875//1810 1874//1809
f 1835//1770 1836//1771 1876//1811
f 1835//1770 1876//1811 1875//1810
f 1836//1771 1837//1772 1877//1812
f 1836//1771 1877//1812 1876//1811
f 1837//1772 1838//1773 1878//1813
f 1837//1772 1878//1813 1877//1812
f 1838//1773 1839//1774 1879//1814
f 1838//1773 1879//1814 1878//1813
f 1839//1774 1840//1775 1880//1815
f 1839//1774 1880//1815 1879//1814
f 1840//1775 1841//1776 1881//1816
f 1840//1775 1881//1816 1880//1815
f 1841//1776 1842//1777 1882//1817
f 1841//1776 1882//1817 1881//1816
f 1842//1777 1843//1778 1883//1818
f 1842//1777 1883//1818 1882//1817
f 1843//1778 1844//1779 1884//1819
f 1843//1778 1884//1819 1883//1818
f 1844//1779 1845//1780 1885//1820
f 1844//1779 1885//1820 1884//1819
f 1845//1780 1846//1781 1886//1821
f 1845//1780 1886//1821 1885//1820
f 1846//1781 1847//1782 1887//1822
f 1846//1781 1887//1822 1886//1821
f 1847//1782 1848//1783 1888//1823
f 1847//1782 1888//1823 1887//1822
f 1848//1783 1849//1784 1889//1824
f 1848//1783 1889//1824 1888//1823
f 1849//1784 1850//1785 1890//1825
f 1849//1784 1890//1825 1889//1824
f 1850//1785 1851//1786 1891//1826
f 1850//1785 1891//1826 1890//1825
f 1851//1786 1852//1787 1892//1827
f 1851//1786 1892//1827 1891//1826
f 1852//1787 1853//1788 1893//1828
f 1852//1787 1893//1828 1892//1827
f 1853//1788 1854//1789 1894//1829
f 1853//1788 1894//1829 1893//1828
f 1854//1789 1855//1790 1895//1830
f 1854//1789 1895//1830 1894//1829
f 1855//1790 1856//1791 1896//1831
f 1855//1790 1896//1831 1895//1830
f 1856//1791 1857//1792 1897//1832
f 1856//1791 1897//1832 1896//1831
f 1857//1792 1858//1793 1898//1833
f 1857//1792 1898//1833 1897//1832
f 1858//1793 1859//1794 1899//1834
f 1858//1793 1899//1834 1898//1833
f 1859//1794 1860//1795 1900//1835
f 1859//1794 1900//1835 1899//1834
f 1860//1795 1861//1796 1901//1836
f 1860//1795 1901//1836 1900//1835
f 1861//1796 1862//1797 1902//1837
f 1861//1796 1902//1837 1901//1836
f 1862//1797 1863//1798 1903//1838
f 1862//1797 1903//1838 1902//1837
f 1863//1798 1864//1799 1904//1839
f 1863//1798 1904//1839 1903//1838
f 1864//1799 1865//1800 1905//1840
f 1864//1799 1905//1840 1904//1839
f 1865//1800 1866//1801 1906//1841
f 1865//1800 1906//1841 1905//1840
f 1866//1801 1867//1802 1907//1842
f 1866//1801 1907//1842 1906//1841
f 1867//1802 1829//1764 1869//1804
f 1867//1802 1869//1804 1907//1842
f 1869//1804 1868//1803 1908//2
f 1868//1803 1870//1805 1908//2
f 1870//1805 1871//1806 1908//2
f 1871//1806 1872//1807 1908//2
f 1872//1807 1873//1808 1908//2
f 1873//1808 1874//1809 1908//2
f 1874//1809 1875//1810 1908//2
f 1875//1810 1876//1811 1908//2
f 1876//1811 1877//1812 1908//2
f 1877//1812 1878//1813 1908//2
f 1878//1813 1879//1814 1908//2
f 1879//1814 1880//1815 1908//2
f 1880//1815 1881//1816 1908//2
f 1881//1816 1882//1817 1908//2
f 1882//1817 1883//1818 1908//2
f 1883//1818 1884//1819 1908//2
f 1884//1819 1885//1820 1908//2
f 1885//1820 1886//1821 1908//2
f 1886//1821 1887//1822 1908//2
f 1887//1822 1888//1823 1908//2
f 1888//1823 1889//1824 1908//2
f 1889//1824 1890//1825 1908//2
f 1890//1825 1891//1826 1908//2
f 1891//1826 1892//1827 1908//2
f 1892//1827 1893//1828 1908//2
f 1893//1828 1894//1829 1908//2
f 1894//1829 1895//1830 1908//2
f 1895//1830 1896//1831 1908//2
f 1896//1831 1897//1832 1908//2
f 1897//1832 1898//1833 1908//2
f 1898//1833 1899//1834 1908//2
f 1899//1834 1900//1835 1908//2
f 1900//1835 1901//1836 1908//2
f 1901//1836 1902//1837 1908//2
f 1902//1837 1903//1838 1908//2
f 1903//1838 1904//1839 1908//2
f 1904//1839 1905//1840 1908//2
f 1905//1840 1906//1841 1908//2
f 1906//1841 1907//1842 1908//2
f 1907//1842 1869//1804 1908//2
