mtllib dielectric.mtl
v -715.0000 0.0000 -715.0000
v -715.0000 0.0000 -650.0000
v -650.0000 0.0000 -650.0000
v -650.0000 0.0000 -715.0000
v -715.0000 0.0000 -585.0000
v -650.0000 0.0000 -585.0000
v -715.0000 0.0000 -520.0000
v -650.0000 0.0000 -520.0000
v -715.0000 0.0000 -455.0000
v -650.0000 0.0000 -455.0000
v -715.0000 0.0000 -390.0000
v -650.0000 0.0000 -390.0000
v -715.0000 0.0000 -325.0000
v -650.0000 0.0000 -325.0000
v -715.0000 0.0000 -260.0000
v -650.0000 0.0000 -260.0000
v -715.0000 0.0000 -195.0000
v -650.0000 0.0000 -195.0000
v -715.0000 0.0000 -130.0000
v -650.0000 0.0000 -130.0000
v -715.0000 0.0000 -65.0000
v -650.0000 0.0000 -65.0000
v -715.0000 0.0000 0.0000
v -650.0000 0.0000 0.0000
v -715.0000 0.0000 65.0000
v -650.0000 0.0000 65.0000
v -715.0000 0.0000 130.0000
v -650.0000 0.0000 130.0000
v -715.0000 0.0000 195.0000
v -650.0000 0.0000 195.0000
v -715.0000 0.0000 260.0000
v -650.0000 0.0000 260.0000
v -715.0000 0.0000 325.0000
v -650.0000 0.0000 325.0000
v -715.0000 0.0000 390.0000
v -650.0000 0.0000 390.0000
v -715.0000 0.0000 455.0000
v -650.0000 0.0000 455.0000
v -715.0000 0.0000 520.0000
v -650.0000 0.0000 520.0000
v -715.0000 0.0000 585.0000
v -650.0000 0.0000 585.0000
v -715.0000 0.0000 650.0000
v -650.0000 0.0000 650.0000
v -715.0000 0.0000 715.0000
v -650.0000 0.0000 715.0000
v -585.0000 0.0000 -650.0000
v -585.0000 0.0000 -715.0000
v -585.0000 0.0000 -585.0000
v -585.0000 0.0000 -520.0000
v -585.0000 0.0000 -455.0000
v -585.0000 0.0000 -390.0000
v -585.0000 0.0000 -325.0000
v -585.0000 0.0000 -260.0000
v -585.0000 0.0000 -195.0000
v -585.0000 0.0000 -130.0000
v -585.0000 0.0000 -65.0000
v -585.0000 0.0000 0.0000
v -585.0000 0.0000 65.0000
v -585.0000 0.0000 130.0000
v -585.0000 0.0000 195.0000
v -585.0000 0.0000 260.0000
v -585.0000 0.0000 325.0000
v -585.0000 0.0000 390.0000
v -585.0000 0.0000 455.0000
v -585.0000 0.0000 520.0000
v -585.0000 0.0000 585.0000
v -585.0000 0.0000 650.0000
v -585.0000 0.0000 715.0000
v -520.0000 0.0000 -650.0000
v -520.0000 0.0000 -715.0000
v -520.0000 0.0000 -585.0000
v -520.0000 0.0000 -520.0000
v -520.0000 0.0000 -455.0000
v -520.0000 0.0000 -390.0000
v -520.0000 0.0000 -325.0000
v -520.0000 0.0000 -260.0000
v -520.0000 0.0000 -195.0000
v -520.0000 0.0000 -130.0000
v -520.0000 0.0000 -65.0000
v -520.0000 0.0000 0.0000
v -520.0000 0.0000 65.0000
v -520.0000 0.0000 130.0000
v -520.0000 0.0000 195.0000
v -520.0000 0.0000 260.0000
v -520.0000 0.0000 325.0000
v -520.0000 0.0000 390.0000
v -520.0000 0.0000 455.0000
v -520.0000 0.0000 520.0000
v -520.0000 0.0000 585.0000
v -520.0000 0.0000 650.0000
v -520.0000 0.0000 715.0000
v -455.0000 0.0000 -650.0000
v -455.0000 0.0000 -715.0000
v -455.0000 0.0000 -585.0000
v -455.0000 0.0000 -520.0000
v -455.0000 0.0000 -455.0000
v -455.0000 0.0000 -390.0000
v -455.0000 0.0000 -325.0000
v -455.0000 0.0000 -260.0000
v -455.0000 0.0000 -195.0000
v -455.0000 0.0000 -130.0000
v -455.0000 0.0000 -65.0000
v -455.0000 0.0000 0.0000
v -455.0000 0.0000 65.0000
v -455.0000 0.0000 130.0000
v -455.0000 0.0000 195.0000
v -455.0000 0.0000 260.0000
v -455.0000 0.0000 325.0000
v -455.0000 0.0000 390.0000
v -455.0000 0.0000 455.0000
v -455.0000 0.0000 520.0000
v -455.0000 0.0000 585.0000
v -455.0000 0.0000 650.0000
v -455.0000 0.0000 715.0000
v -390.0000 0.0000 -650.0000
v -390.0000 0.0000 -715.0000
v -390.0000 0.0000 -585.0000
v -390.0000 0.0000 -520.0000
v -390.0000 0.0000 -455.0000
v -390.0000 0.0000 -390.0000
v -390.0000 0.0000 -325.0000
v -390.0000 0.0000 -260.0000
v -390.0000 0.0000 -195.0000
v -390.0000 0.0000 -130.0000
v -390.0000 0.0000 -65.0000
v -390.0000 0.0000 0.0000
v -390.0000 0.0000 65.0000
v -390.0000 0.0000 130.0000
v -390.0000 0.0000 195.0000
v -390.0000 0.0000 260.0000
v -390.0000 0.0000 325.0000
v -390.0000 0.0000 390.0000
v -390.0000 0.0000 455.0000
v -390.0000 0.0000 520.0000
v -390.0000 0.0000 585.0000
v -390.0000 0.0000 650.0000
v -390.0000 0.0000 715.0000
v -325.0000 0.0000 -650.0000
v -325.0000 0.0000 -715.0000
v -325.0000 0.0000 -585.0000
v -325.0000 0.0000 -520.0000
v -325.0000 0.0000 -455.0000
v -325.0000 0.0000 -390.0000
v -325.0000 0.0000 -325.0000
v -325.0000 0.0000 -260.0000
v -325.0000 0.0000 -195.0000
v -325.0000 0.0000 -130.0000
v -325.0000 0.0000 -65.0000
v -325.0000 0.0000 0.0000
v -325.0000 0.0000 65.0000
v -325.0000 0.0000 130.0000
v -325.0000 0.0000 195.0000
v -325.0000 0.0000 260.0000
v -325.0000 0.0000 325.0000
v -325.0000 0.0000 390.0000
v -325.0000 0.0000 455.0000
v -325.0000 0.0000 520.0000
v -325.0000 0.0000 585.0000
v -325.0000 0.0000 650.0000
v -325.0000 0.0000 715.0000
v -260.0000 0.0000 -650.0000
v -260.0000 0.0000 -715.0000
v -260.0000 0.0000 -585.0000
v -260.0000 0.0000 -520.0000
v -260.0000 0.0000 -455.0000
v -260.0000 0.0000 -390.0000
v -260.0000 0.0000 -325.0000
v -260.0000 0.0000 -260.0000
v -260.0000 0.0000 -195.0000
v -260.0000 0.0000 -130.0000
v -260.0000 0.0000 -65.0000
v -260.0000 0.0000 0.0000
v -260.0000 0.0000 65.0000
v -260.0000 0.0000 130.0000
v -260.0000 0.0000 195.0000
v -260.0000 0.0000 260.0000
v -260.0000 0.0000 325.0000
v -260.0000 0.0000 390.0000
v -260.0000 0.0000 455.0000
v -260.0000 0.0000 520.0000
v -260.0000 0.0000 585.0000
v -260.0000 0.0000 650.0000
v -260.0000 0.0000 715.0000
v -195.0000 0.0000 -650.0000
v -195.0000 0.0000 -715.0000
v -195.0000 0.0000 -585.0000
v -195.0000 0.0000 -520.0000
v -195.0000 0.0000 -455.0000
v -195.0000 0.0000 -390.0000
v -195.0000 0.0000 -325.0000
v -195.0000 0.0000 -260.0000
v -195.0000 0.0000 -195.0000
v -195.0000 0.0000 -130.0000
v -195.0000 0.0000 -65.0000
v -195.0000 0.0000 0.0000
v -195.0000 0.0000 65.0000
v -195.0000 0.0000 130.0000
v -195.0000 0.0000 195.0000
v -195.0000 0.0000 260.0000
v -195.0000 0.0000 325.0000
v -195.0000 0.0000 390.0000
v -195.0000 0.0000 455.0000
v -195.0000 0.0000 520.0000
v -195.0000 0.0000 585.0000
v -195.0000 0.0000 650.0000
v -195.0000 0.0000 715.0000
v -130.0000 0.0000 -650.0000
v -130.0000 0.0000 -715.0000
v -130.0000 0.0000 -585.0000
v -130.0000 0.0000 -520.0000
v -130.0000 0.0000 -455.0000
v -130.0000 0.0000 -390.0000
v -130.0000 0.0000 -325.0000
v -130.0000 0.0000 -260.0000
v -130.0000 0.0000 -195.0000
v -130.0000 0.0000 -130.0000
v -130.0000 0.0000 -65.0000
v -130.0000 0.0000 0.0000
v -130.0000 0.0000 65.0000
v -130.0000 0.0000 130.0000
v -130.0000 0.0000 195.0000
v -130.0000 0.0000 260.0000
v -130.0000 0.0000 325.0000
v -130.0000 0.0000 390.0000
v -130.0000 0.0000 455.0000
v -130.0000 0.0000 520.0000
v -130.0000 0.0000 585.0000
v -130.0000 0.0000 650.0000
v -130.0000 0.0000 715.0000
v -65.0000 0.0000 -650.0000
v -65.0000 0.0000 -715.0000
v -65.0000 0.0000 -585.0000
v -65.0000 0.0000 -520.0000
v -65.0000 0.0000 -455.0000
v -65.0000 0.0000 -390.0000
v -65.0000 0.0000 -325.0000
v -65.0000 0.0000 -260.0000
v -65.0000 0.0000 -195.0000
v -65.0000 0.0000 -130.0000
v -65.0000 0.0000 -65.0000
v -65.0000 0.0000 0.0000
v -65.0000 0.0000 65.0000
v -65.0000 0.0000 130.0000
v -65.0000 0.0000 195.0000
v -65.0000 0.0000 260.0000
v -65.0000 0.0000 325.0000
v -65.0000 0.0000 390.0000
v -65.0000 0.0000 455.0000
v -65.0000 0.0000 520.0000
v -65.0000 0.0000 585.0000
v -65.0000 0.0000 650.0000
v -65.0000 0.0000 715.0000
v 0.0000 0.0000 -650.0000
v 0.0000 0.0000 -715.0000
v 0.0000 0.0000 -585.0000
v 0.0000 0.0000 -520.0000
v 0.0000 0.0000 -455.0000
v 0.0000 0.0000 -390.0000
v 0.0000 0.0000 -325.0000
v 0.0000 0.0000 -260.0000
v 0.0000 0.0000 -195.0000
v 0.0000 0.0000 -130.0000
v 0.0000 0.0000 -65.0000
v 0.0000 0.0000 0.0000
v 0.0000 0.0000 65.0000
v 0.0000 0.0000 130.0000
v 0.0000 0.0000 195.0000
v 0.0000 0.0000 260.0000
v 0.0000 0.0000 325.0000
v 0.0000 0.0000 390.0000
v 0.0000 0.0000 455.0000
v 0.0000 0.0000 520.0000
v 0.0000 0.0000 585.0000
v 0.0000 0.0000 650.0000
v 0.0000 0.0000 715.0000
v 65.0000 0.0000 -650.0000
v 65.0000 0.0000 -715.0000
v 65.0000 0.0000 -585.0000
v 65.0000 0.0000 -520.0000
v 65.0000 0.0000 -455.0000
v 65.0000 0.0000 -390.0000
v 65.0000 0.0000 -325.0000
v 65.0000 0.0000 -260.0000
v 65.0000 0.0000 -195.0000
v 65.0000 0.0000 -130.0000
v 65.0000 0.0000 -65.0000
v 65.0000 0.0000 0.0000
v 65.0000 0.0000 65.0000
v 65.0000 0.0000 130.0000
v 65.0000 0.0000 195.0000
v 65.0000 0.0000 260.0000
v 65.0000 0.0000 325.0000
v 65.0000 0.0000 390.0000
v 65.0000 0.0000 455.0000
v 65.0000 0.0000 520.0000
v 65.0000 0.0000 585.0000
v 65.0000 0.0000 650.0000
v 65.0000 0.0000 715.0000
v 130.0000 0.0000 -650.0000
v 130.0000 0.0000 -715.0000
v 130.0000 0.0000 -585.0000
v 130.0000 0.0000 -520.0000
v 130.0000 0.0000 -455.0000
v 130.0000 0.0000 -390.0000
v 130.0000 0.0000 -325.0000
v 130.0000 0.0000 -260.0000
v 130.0000 0.0000 -195.0000
v 130.0000 0.0000 -130.0000
v 130.0000 0.0000 -65.0000
v 130.0000 0.0000 0.0000
v 130.0000 0.0000 65.0000
v 130.0000 0.0000 130.0000
v 130.0000 0.0000 195.0000
v 130.0000 0.0000 260.0000
v 130.0000 0.0000 325.0000
v 130.0000 0.0000 390.0000
v 130.0000 0.0000 455.0000
v 130.0000 0.0000 520.0000
v 130.0000 0.0000 585.0000
v 130.0000 0.0000 650.0000
v 130.0000 0.0000 715.0000
v 195.0000 0.0000 -650.0000
v 195.0000 0.0000 -715.0000
v 195.0000 0.0000 -585.0000
v 195.0000 0.0000 -520.0000
v 195.0000 0.0000 -455.0000
v 195.0000 0.0000 -390.0000
v 195.0000 0.0000 -325.0000
v 195.0000 0.0000 -260.0000
v 195.0000 0.0000 -195.0000
v 195.0000 0.0000 -130.0000
v 195.0000 0.0000 -65.0000
v 195.0000 0.0000 0.0000
v 195.0000 0.0000 65.0000
v 195.0000 0.0000 130.0000
v 195.0000 0.0000 195.0000
v 195.0000 0.0000 260.0000
v 195.0000 0.0000 325.0000
v 195.0000 0.0000 390.0000
v 195.0000 0.0000 455.0000
v 195.0000 0.0000 520.0000
v 195.0000 0.0000 585.0000
v 195.0000 0.0000 650.0000
v 195.0000 0.0000 715.0000
v 260.0000 0.0000 -650.0000
v 260.0000 0.0000 -715.0000
v 260.0000 0.0000 -585.0000
v 260.0000 0.0000 -520.0000
v 260.0000 0.0000 -455.0000
v 260.0000 0.0000 -390.0000
v 260.0000 0.0000 -325.0000
v 260.0000 0.0000 -260.0000
v 260.0000 0.0000 -195.0000
v 260.0000 0.0000 -130.0000
v 260.0000 0.0000 -65.0000
v 260.0000 0.0000 0.0000
v 260.0000 0.0000 65.0000
v 260.0000 0.0000 130.0000
v 260.0000 0.0000 195.0000
v 260.0000 0.0000 260.0000
v 260.0000 0.0000 325.0000
v 260.0000 0.0000 390.0000
v 260.0000 0.0000 455.0000
v 260.0000 0.0000 520.0000
v 260.0000 0.0000 585.0000
v 260.0000 0.0000 650.0000
v 260.0000 0.0000 715.0000
v 325.0000 0.0000 -650.0000
v 325.0000 0.0000 -715.0000
v 325.0000 0.0000 -585.0000
v 325.0000 0.0000 -520.0000
v 325.0000 0.0000 -455.0000
v 325.0000 0.0000 -390.0000
v 325.0000 0.0000 -325.0000
v 325.0000 0.0000 -260.0000
v 325.0000 0.0000 -195.0000
v 325.0000 0.0000 -130.0000
v 325.0000 0.0000 -65.0000
v 325.0000 0.0000 0.0000
v 325.0000 0.0000 65.0000
v 325.0000 0.0000 130.0000
v 325.0000 0.0000 195.0000
v 325.0000 0.0000 260.0000
v 325.0000 0.0000 325.0000
v 325.0000 0.0000 390.0000
v 325.0000 0.0000 455.0000
v 325.0000 0.0000 520.0000
v 325.0000 0.0000 585.0000
v 325.0000 0.0000 650.0000
v 325.0000 0.0000 715.0000
v 390.0000 0.0000 -650.0000
v 390.0000 0.0000 -715.0000
v 390.0000 0.0000 -585.0000
v 390.0000 0.0000 -520.0000
v 390.0000 0.0000 -455.0000
v 390.0000 0.0000 -390.0000
v 390.0000 0.0000 -325.0000
v 390.0000 0.0000 -260.0000
v 390.0000 0.0000 -195.0000
v 390.0000 0.0000 -130.0000
v 390.0000 0.0000 -65.0000
v 390.0000 0.0000 0.0000
v 390.0000 0.0000 65.0000
v 390.0000 0.0000 130.0000
v 390.0000 0.0000 195.0000
v 390.0000 0.0000 260.0000
v 390.0000 0.0000 325.0000
v 390.0000 0.0000 390.0000
v 390.0000 0.0000 455.0000
v 390.0000 0.0000 520.0000
v 390.0000 0.0000 585.0000
v 390.0000 0.0000 650.0000
v 390.0000 0.0000 715.0000
v 455.0000 0.0000 -650.0000
v 455.0000 0.0000 -715.0000
v 455.0000 0.0000 -585.0000
v 455.0000 0.0000 -520.0000
v 455.0000 0.0000 -455.0000
v 455.0000 0.0000 -390.0000
v 455.0000 0.0000 -325.0000
v 455.0000 0.0000 -260.0000
v 455.0000 0.0000 -195.0000
v 455.0000 0.0000 -130.0000
v 455.0000 0.0000 -65.0000
v 455.0000 0.0000 0.0000
v 455.0000 0.0000 65.0000
v 455.0000 0.0000 130.0000
v 455.0000 0.0000 195.0000
v 455.0000 0.0000 260.0000
v 455.0000 0.0000 325.0000
v 455.0000 0.0000 390.0000
v 455.0000 0.0000 455.0000
v 455.0000 0.0000 520.0000
v 455.0000 0.0000 585.0000
v 455.0000 0.0000 650.0000
v 455.0000 0.0000 715.0000
v 520.0000 0.0000 -650.0000
v 520.0000 0.0000 -715.0000
v 520.0000 0.0000 -585.0000
v 520.0000 0.0000 -520.0000
v 520.0000 0.0000 -455.0000
v 520.0000 0.0000 -390.0000
v 520.0000 0.0000 -325.0000
v 520.0000 0.0000 -260.0000
v 520.0000 0.0000 -195.0000
v 520.0000 0.0000 -130.0000
v 520.0000 0.0000 -65.0000
v 520.0000 0.0000 0.0000
v 520.0000 0.0000 65.0000
v 520.0000 0.0000 130.0000
v 520.0000 0.0000 195.0000
v 520.0000 0.0000 260.0000
v 520.0000 0.0000 325.0000
v 520.0000 0.0000 390.0000
v 520.0000 0.0000 455.0000
v 520.0000 0.0000 520.0000
v 520.0000 0.0000 585.0000
v 520.0000 0.0000 650.0000
v 520.0000 0.0000 715.0000
v 585.0000 0.0000 -650.0000
v 585.0000 0.0000 -715.0000
v 585.0000 0.0000 -585.0000
v 585.0000 0.0000 -520.0000
v 585.0000 0.0000 -455.0000
v 585.0000 0.0000 -390.0000
v 585.0000 0.0000 -325.0000
v 585.0000 0.0000 -260.0000
v 585.0000 0.0000 -195.0000
v 585.0000 0.0000 -130.0000
v 585.0000 0.0000 -65.0000
v 585.0000 0.0000 0.0000
v 585.0000 0.0000 65.0000
v 585.0000 0.0000 130.0000
v 585.0000 0.0000 195.0000
v 585.0000 0.0000 260.0000
v 585.0000 0.0000 325.0000
v 585.0000 0.0000 390.0000
v 585.0000 0.0000 455.0000
v 585.0000 0.0000 520.0000
v 585.0000 0.0000 585.0000
v 585.0000 0.0000 650.0000
v 585.0000 0.0000 715.0000
v 650.0000 0.0000 -650.0000
v 650.0000 0.0000 -715.0000
v 650.0000 0.0000 -585.0000
v 650.0000 0.0000 -520.0000
v 650.0000 0.0000 -455.0000
v 650.0000 0.0000 -390.0000
v 650.0000 0.0000 -325.0000
v 650.0000 0.0000 -260.0000
v 650.0000 0.0000 -195.0000
v 650.0000 0.0000 -130.0000
v 650.0000 0.0000 -65.0000
v 650.0000 0.0000 0.0000
v 650.0000 0.0000 65.0000
v 650.0000 0.0000 130.0000
v 650.0000 0.0000 195.0000
v 650.0000 0.0000 260.0000
v 650.0000 0.0000 325.0000
v 650.0000 0.0000 390.0000
v 650.0000 0.0000 455.0000
v 650.0000 0.0000 520.0000
v 650.0000 0.0000 585.0000
v 650.0000 0.0000 650.0000
v 650.0000 0.0000 715.0000
v 715.0000 0.0000 -650.0000
v 715.0000 0.0000 -715.0000
v 715.0000 0.0000 -585.0000
v 715.0000 0.0000 -520.0000
v 715.0000 0.0000 -455.0000
v 715.0000 0.0000 -390.0000
v 715.0000 0.0000 -325.0000
v 715.0000 0.0000 -260.0000
v 715.0000 0.0000 -195.0000
v 715.0000 0.0000 -130.0000
v 715.0000 0.0000 -65.0000
v 715.0000 0.0000 0.0000
v 715.0000 0.0000 65.0000
v 715.0000 0.0000 130.0000
v 715.0000 0.0000 195.0000
v 715.0000 0.0000 260.0000
v 715.0000 0.0000 325.0000
v 715.0000 0.0000 390.0000
v 715.0000 0.0000 455.0000
v 715.0000 0.0000 520.0000
v 715.0000 0.0000 585.0000
v 715.0000 0.0000 650.0000
v 715.0000 0.0000 715.0000
v -240.0000 95.0000 0.0000
v -233.8530 94.5936 0.8093
v -233.8000 94.5936 0.0000
v -234.0113 94.5936 1.6047
v -234.2720 94.5936 2.3726
v -234.6306 94.5936 3.1000
v -235.0812 94.5936 3.7743
v -235.6159 94.5936 4.3841
v -236.2257 94.5936 4.9188
v -236.9000 94.5936 5.3694
v -237.6274 94.5936 5.7280
v -238.3953 94.5936 5.9887
v -239.1907 94.5936 6.1470
v -240.0000 94.5936 6.2000
v -240.8093 94.5936 6.1470
v -241.6047 94.5936 5.9887
v -242.3726 94.5936 5.7280
v -243.1000 94.5936 5.3694
v -243.7743 94.5936 4.9188
v -244.3841 94.5936 4.3841
v -244.9188 94.5936 3.7743
v -245.3694 94.5936 3.1000
v -245.7280 94.5936 2.3726
v -245.9887 94.5936 1.6047
v -246.1470 94.5936 0.8093
v -246.2000 94.5936 0.0000
v -246.1470 94.5936 -0.8093
v -245.9887 94.5936 -1.6047
v -245.7280 94.5936 -2.3726
v -245.3694 94.5936 -3.1000
v -244.9188 94.5936 -3.7743
v -244.3841 94.5936 -4.3841
v -243.7743 94.5936 -4.9188
v -243.1000 94.5936 -5.3694
v -242.3726 94.5936 -5.7280
v -241.6047 94.5936 -5.9887
v -240.8093 94.5936 -6.1470
v -240.0000 94.5936 -6.2000
v -239.1907 94.5936 -6.1470
v -238.3953 94.5936 -5.9887
v -237.6274 94.5936 -5.7280
v -236.9000 94.5936 -5.3694
v -236.2257 94.5936 -4.9188
v -235.6159 94.5936 -4.3841
v -235.0812 94.5936 -3.7743
v -234.6306 94.5936 -3.1000
v -234.2720 94.5936 -2.3726
v -234.0113 94.5936 -1.6047
v -233.8530 94.5936 -0.8093
v -227.8113 93.3815 1.6047
v -227.7061 93.3815 0.0000
v -228.1250 93.3815 3.1819
v -228.6419 93.3815 4.7047
v -229.3532 93.3815 6.1470
v -230.2466 93.3815 7.4841
v -231.3069 93.3815 8.6931
v -232.5159 93.3815 9.7534
v -233.8530 93.3815 10.6468
v -235.2953 93.3815 11.3581
v -236.8181 93.3815 11.8750
v -238.3953 93.3815 12.1887
v -240.0000 93.3815 12.2939
v -241.6047 93.3815 12.1887
v -243.1819 93.3815 11.8750
v -244.7047 93.3815 11.3581
v -246.1470 93.3815 10.6468
v -247.4841 93.3815 9.7534
v -248.6931 93.3815 8.6931
v -249.7534 93.3815 7.4841
v -250.6468 93.3815 6.1470
v -251.3581 93.3815 4.7047
v -251.8750 93.3815 3.1819
v -252.1887 93.3815 1.6047
v -252.2939 93.3815 0.0000
v -252.1887 93.3815 -1.6047
v -251.8750 93.3815 -3.1819
v -251.3581 93.3815 -4.7047
v -250.6468 93.3815 -6.1470
v -249.7534 93.3815 -7.4841
v -248.6931 93.3815 -8.6931
v -247.4841 93.3815 -9.7534
v -246.1470 93.3815 -10.6468
v -244.7047 93.3815 -11.3581
v -243.1819 93.3815 -11.8750
v -241.6047 93.3815 -12.1887
v -240.0000 93.3815 -12.2939
v -238.3953 93.3815 -12.1887
v -236.8181 93.3815 -11.8750
v -235.2953 93.3815 -11.3581
v -233.8530 93.3815 -10.6468
v -232.5159 93.3815 -9.7534
v -231.3069 93.3815 -8.6931
v -230.2466 93.3815 -7.4841
v -229.3532 93.3815 -6.1470
v -228.6419 93.3815 -4.7047
v -228.1250 93.3815 -3.1819
v -227.8113 93.3815 -1.6047
v -221.9780 91.3843 2.3726
v -221.8225 91.3843 0.0000
v -222.4419 91.3843 4.7047
v -223.2062 91.3843 6.9562
v -224.2579 91.3843 9.0887
v -225.5788 91.3843 11.0657
v -227.1466 91.3843 12.8534
v -228.9343 91.3843 14.4212
v -230.9113 91.3843 15.7421
v -233.0438 91.3843 16.7938
v -235.2953 91.3843 17.5581
v -237.6274 91.3843 18.0220
v -240.0000 91.3843 18.1775
v -242.3726 91.3843 18.0220
v -244.7047 91.3843 17.5581
v -246.9562 91.3843 16.7938
v -249.0887 91.3843 15.7421
v -251.0657 91.3843 14.4212
v -252.8534 91.3843 12.8534
v -254.4212 91.3843 11.0657
v -255.7421 91.3843 9.0887
v -256.7938 91.3843 6.9562
v -257.5581 91.3843 4.7047
v -258.0220 91.3843 2.3726
v -258.1775 91.3843 0.0000
v -258.0220 91.3843 -2.3726
v -257.5581 91.3843 -4.7047
v -256.7938 91.3843 -6.9562
v -255.7421 91.3843 -9.0887
v -254.4212 91.3843 -11.0657
v -252.8534 91.3843 -12.8534
v -251.0657 91.3843 -14.4212
v -249.0887 91.3843 -15.7421
v -246.9562 91.3843 -16.7938
v -244.7047 91.3843 -17.5581
v -242.3726 91.3843 -18.0220
v -240.0000 91.3843 -18.1775
v -237.6274 91.3843 -18.0220
v -235.2953 91.3843 -17.5581
v -233.0438 91.3843 -16.7938
v -230.9113 91.3843 -15.7421
v -228.9343 91.3843 -14.4212
v -227.1466 91.3843 -12.8534
v -225.5788 91.3843 -11.0657
v -224.2579 91.3843 -9.0887
v -223.2062 91.3843 -6.9562
v -222.4419 91.3843 -4.7047
v -221.9780 91.3843 -2.3726
v -216.4532 88.6362 3.1000
v -216.2500 88.6362 0.0000
v -217.0593 88.6362 6.1470
v -218.0579 88.6362 9.0887
v -219.4319 88.6362 11.8750
v -221.1579 88.6362 14.4581
v -223.2062 88.6362 16.7938
v -225.5419 88.6362 18.8421
v -228.1250 88.6362 20.5681
v -230.9113 88.6362 21.9421
v -233.8530 88.6362 22.9407
v -236.9000 88.6362 23.5468
v -240.0000 88.6362 23.7500
v -243.1000 88.6362 23.5468
v -246.1470 88.6362 22.9407
v -249.0887 88.6362 21.9421
v -251.8750 88.6362 20.5681
v -254.4581 88.6362 18.8421
v -256.7938 88.6362 16.7938
v -258.8421 88.6362 14.4581
v -260.5681 88.6362 11.8750
v -261.9421 88.6362 9.0887
v -262.9407 88.6362 6.1470
v -263.5468 88.6362 3.1000
v -263.7500 88.6362 0.0000
v -263.5468 88.6362 -3.1000
v -262.9407 88.6362 -6.1470
v -261.9421 88.6362 -9.0887
v -260.5681 88.6362 -11.8750
v -258.8421 88.6362 -14.4581
v -256.7938 88.6362 -16.7938
v -254.4581 88.6362 -18.8421
v -251.8750 88.6362 -20.5681
v -249.0887 88.6362 -21.9421
v -246.1470 88.6362 -22.9407
v -243.1000 88.6362 -23.5468
v -240.0000 88.6362 -23.7500
v -236.9000 88.6362 -23.5468
v -233.8530 88.6362 -22.9407
v -230.9113 88.6362 -21.9421
v -228.1250 88.6362 -20.5681
v -225.5419 88.6362 -18.8421
v -223.2062 88.6362 -16.7938
v -221.1579 88.6362 -14.4581
v -219.4319 88.6362 -11.8750
v -218.0579 88.6362 -9.0887
v -217.0593 88.6362 -6.1470
v -216.4532 88.6362 -3.1000
v -211.3312 85.1843 3.7743
v -211.0838 85.1843 0.0000
v -212.0691 85.1843 7.4841
v -213.2849 85.1843 11.0657
v -214.9579 85.1843 14.4581
v -217.0593 85.1843 17.6030
v -219.5532 85.1843 20.4468
v -222.3970 85.1843 22.9407
v -225.5419 85.1843 25.0421
v -228.9343 85.1843 26.7151
v -232.5159 85.1843 27.9309
v -236.2257 85.1843 28.6688
v -240.0000 85.1843 28.9162
v -243.7743 85.1843 28.6688
v -247.4841 85.1843 27.9309
v -251.0657 85.1843 26.7151
v -254.4581 85.1843 25.0421
v -257.6030 85.1843 22.9407
v -260.4468 85.1843 20.4468
v -262.9407 85.1843 17.6030
v -265.0421 85.1843 14.4581
v -266.7151 85.1843 11.0657
v -267.9309 85.1843 7.4841
v -268.6688 85.1843 3.7743
v -268.9162 85.1843 0.0000
v -268.6688 85.1843 -3.7743
v -267.9309 85.1843 -7.4841
v -266.7151 85.1843 -11.0657
v -265.0421 85.1843 -14.4581
v -262.9407 85.1843 -17.6030
v -260.4468 85.1843 -20.4468
v -257.6030 85.1843 -22.9407
v -254.4581 85.1843 -25.0421
v -251.0657 85.1843 -26.7151
v -247.4841 85.1843 -27.9309
v -243.7743 85.1843 -28.6688
v -240.0000 85.1843 -28.9162
v -236.2257 85.1843 -28.6688
v -232.5159 85.1843 -27.9309
v -228.9343 85.1843 -26.7151
v -225.5419 85.1843 -25.0421
v -222.3970 85.1843 -22.9407
v -219.5532 85.1843 -20.4468
v -217.0593 85.1843 -17.6030
v -214.9579 85.1843 -14.4581
v -213.2849 85.1843 -11.0657
v -212.0691 85.1843 -7.4841
v -211.3312 85.1843 -3.7743
v -206.6998 81.0876 4.3841
v -206.4124 81.0876 0.0000
v -207.5569 81.0876 8.6931
v -208.9691 81.0876 12.8534
v -210.9123 81.0876 16.7938
v -213.3532 81.0876 20.4468
v -216.2500 81.0876 23.7500
v -219.5532 81.0876 26.6468
v -223.2062 81.0876 29.0877
v -227.1466 81.0876 31.0309
v -231.3069 81.0876 32.4431
v -235.6159 81.0876 33.3002
v -240.0000 81.0876 33.5876
v -244.3841 81.0876 33.3002
v -248.6931 81.0876 32.4431
v -252.8534 81.0876 31.0309
v -256.7938 81.0876 29.0877
v -260.4468 81.0876 26.6468
v -263.7500 81.0876 23.7500
v -266.6468 81.0876 20.4468
v -269.0877 81.0876 16.7938
v -271.0309 81.0876 12.8534
v -272.4431 81.0876 8.6931
v -273.3002 81.0876 4.3841
v -273.5876 81.0876 0.0000
v -273.3002 81.0876 -4.3841
v -272.4431 81.0876 -8.6931
v -271.0309 81.0876 -12.8534
v -269.0877 81.0876 -16.7938
v -266.6468 81.0876 -20.4468
v -263.7500 81.0876 -23.7500
v -260.4468 81.0876 -26.6468
v -256.7938 81.0876 -29.0877
v -252.8534 81.0876 -31.0309
v -248.6931 81.0876 -32.4431
v -244.3841 81.0876 -33.3002
v -240.0000 81.0876 -33.5876
v -235.6159 81.0876 -33.3002
v -231.3069 81.0876 -32.4431
v -227.1466 81.0876 -31.0309
v -223.2062 81.0876 -29.0877
v -219.5532 81.0876 -26.6468
v -216.2500 81.0876 -23.7500
v -213.3532 81.0876 -20.4468
v -210.9123 81.0876 -16.7938
v -208.9691 81.0876 -12.8534
v -207.5569 81.0876 -8.6931
v -206.6998 81.0876 -4.3841
v -202.6381 76.4162 4.9188
v -202.3157 76.4162 0.0000
v -203.5998 76.4162 9.7534
v -205.1843 76.4162 14.4212
v -207.3645 76.4162 18.8421
v -210.1030 76.4162 22.9407
v -213.3532 76.4162 26.6468
v -217.0593 76.4162 29.8970
v -221.1579 76.4162 32.6355
v -225.5788 76.4162 34.8157
v -230.2466 76.4162 36.4002
v -235.0812 76.4162 37.3619
v -240.0000 76.4162 37.6843
v -244.9188 76.4162 37.3619
v -249.7534 76.4162 36.4002
v -254.4212 76.4162 34.8157
v -258.8421 76.4162 32.6355
v -262.9407 76.4162 29.8970
v -266.6468 76.4162 26.6468
v -269.8970 76.4162 22.9407
v -272.6355 76.4162 18.8421
v -274.8157 76.4162 14.4212
v -276.4002 76.4162 9.7534
v -277.3619 76.4162 4.9188
v -277.6843 76.4162 0.0000
v -277.3619 76.4162 -4.9188
v -276.4002 76.4162 -9.7534
v -274.8157 76.4162 -14.4212
v -272.6355 76.4162 -18.8421
v -269.8970 76.4162 -22.9407
v -266.6468 76.4162 -26.6468
v -262.9407 76.4162 -29.8970
v -258.8421 76.4162 -32.6355
v -254.4212 76.4162 -34.8157
v -249.7534 76.4162 -36.4002
v -244.9188 76.4162 -37.3619
v -240.0000 76.4162 -37.6843
v -235.0812 76.4162 -37.3619
v -230.2466 76.4162 -36.4002
v -225.5788 76.4162 -34.8157
v -221.1579 76.4162 -32.6355
v -217.0593 76.4162 -29.8970
v -213.3532 76.4162 -26.6468
v -210.1030 76.4162 -22.9407
v -207.3645 76.4162 -18.8421
v -205.1843 76.4162 -14.4212
v -203.5998 76.4162 -9.7534
v -202.6381 76.4162 -4.9188
v -199.2157 71.2500 5.3694
v -198.8638 71.2500 0.0000
v -200.2655 71.2500 10.6468
v -201.9951 71.2500 15.7421
v -204.3750 71.2500 20.5681
v -207.3645 71.2500 25.0421
v -210.9123 71.2500 29.0877
v -214.9579 71.2500 32.6355
v -219.4319 71.2500 35.6250
v -224.2579 71.2500 38.0049
v -229.3532 71.2500 39.7345
v -234.6306 71.2500 40.7843
v -240.0000 71.2500 41.1362
v -245.3694 71.2500 40.7843
v -250.6468 71.2500 39.7345
v -255.7421 71.2500 38.0049
v -260.5681 71.2500 35.6250
v -265.0421 71.2500 32.6355
v -269.0877 71.2500 29.0877
v -272.6355 71.2500 25.0421
v -275.6250 71.2500 20.5681
v -278.0049 71.2500 15.7421
v -279.7345 71.2500 10.6468
v -280.7843 71.2500 5.3694
v -281.1362 71.2500 0.0000
v -280.7843 71.2500 -5.3694
v -279.7345 71.2500 -10.6468
v -278.0049 71.2500 -15.7421
v -275.6250 71.2500 -20.5681
v -272.6355 71.2500 -25.0421
v -269.0877 71.2500 -29.0877
v -265.0421 71.2500 -32.6355
v -260.5681 71.2500 -35.6250
v -255.7421 71.2500 -38.0049
v -250.6468 71.2500 -39.7345
v -245.3694 71.2500 -40.7843
v -240.0000 71.2500 -41.1362
v -234.6306 71.2500 -40.7843
v -229.3532 71.2500 -39.7345
v -224.2579 71.2500 -38.0049
v -219.4319 71.2500 -35.6250
v -214.9579 71.2500 -32.6355
v -210.9123 71.2500 -29.0877
v -207.3645 71.2500 -25.0421
v -204.3750 71.2500 -20.5681
v -201.9951 71.2500 -15.7421
v -200.2655 71.2500 -10.6468
v -199.2157 71.2500 -5.3694
v -196.4912 65.6775 5.7280
v -196.1157 65.6775 0.0000
v -197.6110 65.6775 11.3581
v -199.4562 65.6775 16.7938
v -201.9951 65.6775 21.9421
v -205.1843 65.6775 26.7151
v -208.9691 65.6775 31.0309
v -213.2849 65.6775 34.8157
v -218.0579 65.6775 38.0049
v -223.2062 65.6775 40.5438
v -228.6419 65.6775 42.3890
v -234.2720 65.6775 43.5088
v -240.0000 65.6775 43.8843
v -245.7280 65.6775 43.5088
v -251.3581 65.6775 42.3890
v -256.7938 65.6775 40.5438
v -261.9421 65.6775 38.0049
v -266.7151 65.6775 34.8157
v -271.0309 65.6775 31.0309
v -274.8157 65.6775 26.7151
v -278.0049 65.6775 21.9421
v -280.5438 65.6775 16.7938
v -282.3890 65.6775 11.3581
v -283.5088 65.6775 5.7280
v -283.8843 65.6775 0.0000
v -283.5088 65.6775 -5.7280
v -282.3890 65.6775 -11.3581
v -280.5438 65.6775 -16.7938
v -278.0049 65.6775 -21.9421
v -274.8157 65.6775 -26.7151
v -271.0309 65.6775 -31.0309
v -266.7151 65.6775 -34.8157
v -261.9421 65.6775 -38.0049
v -256.7938 65.6775 -40.5438
v -251.3581 65.6775 -42.3890
v -245.7280 65.6775 -43.5088
v -240.0000 65.6775 -43.8843
v -234.2720 65.6775 -43.5088
v -228.6419 65.6775 -42.3890
v -223.2062 65.6775 -40.5438
v -218.0579 65.6775 -38.0049
v -213.2849 65.6775 -34.8157
v -208.9691 65.6775 -31.0309
v -205.1843 65.6775 -26.7151
v -201.9951 65.6775 -21.9421
v -199.4562 65.6775 -16.7938
v -197.6110 65.6775 -11.3581
v -196.4912 65.6775 -5.7280
v -194.5110 59.7939 5.9887
v -194.1185 59.7939 0.0000
v -195.6819 59.7939 11.8750
v -197.6110 59.7939 17.5581
v -200.2655 59.7939 22.9407
v -203.5998 59.7939 27.9309
v -207.5569 59.7939 32.4431
v -212.0691 59.7939 36.4002
v -217.0593 59.7939 39.7345
v -222.4419 59.7939 42.3890
v -228.1250 59.7939 44.3181
v -234.0113 59.7939 45.4890
v -240.0000 59.7939 45.8815
v -245.9887 59.7939 45.4890
v -251.8750 59.7939 44.3181
v -257.5581 59.7939 42.3890
v -262.9407 59.7939 39.7345
v -267.9309 59.7939 36.4002
v -272.4431 59.7939 32.4431
v -276.4002 59.7939 27.9309
v -279.7345 59.7939 22.9407
v -282.3890 59.7939 17.5581
v -284.3181 59.7939 11.8750
v -285.4890 59.7939 5.9887
v -285.8815 59.7939 0.0000
v -285.4890 59.7939 -5.9887
v -284.3181 59.7939 -11.8750
v -282.3890 59.7939 -17.5581
v -279.7345 59.7939 -22.9407
v -276.4002 59.7939 -27.9309
v -272.4431 59.7939 -32.4431
v -267.9309 59.7939 -36.4002
v -262.9407 59.7939 -39.7345
v -257.5581 59.7939 -42.3890
v -251.8750 59.7939 -44.3181
v -245.9887 59.7939 -45.4890
v -240.0000 59.7939 -45.8815
v -234.0113 59.7939 -45.4890
v -228.1250 59.7939 -44.3181
v -222.4419 59.7939 -42.3890
v -217.0593 59.7939 -39.7345
v -212.0691 59.7939 -36.4002
v -207.5569 59.7939 -32.4431
v -203.5998 59.7939 -27.9309
v -200.2655 59.7939 -22.9407
v -197.6110 59.7939 -17.5581
v -195.6819 59.7939 -11.8750
v -194.5110 59.7939 -5.9887
v -193.3093 53.7000 6.1470
v -192.9064 53.7000 0.0000
v -194.5110 53.7000 12.1887
v -196.4912 53.7000 18.0220
v -199.2157 53.7000 23.5468
v -202.6381 53.7000 28.6688
v -206.6998 53.7000 33.3002
v -211.3312 53.7000 37.3619
v -216.4532 53.7000 40.7843
v -221.9780 53.7000 43.5088
v -227.8113 53.7000 45.4890
v -233.8530 53.7000 46.6907
v -240.0000 53.7000 47.0936
v -246.1470 53.7000 46.6907
v -252.1887 53.7000 45.4890
v -258.0220 53.7000 43.5088
v -263.5468 53.7000 40.7843
v -268.6688 53.7000 37.3619
v -273.3002 53.7000 33.3002
v -277.3619 53.7000 28.6688
v -280.7843 53.7000 23.5468
v -283.5088 53.7000 18.0220
v -285.4890 53.7000 12.1887
v -286.6907 53.7000 6.1470
v -287.0936 53.7000 0.0000
v -286.6907 53.7000 -6.1470
v -285.4890 53.7000 -12.1887
v -283.5088 53.7000 -18.0220
v -280.7843 53.7000 -23.5468
v -277.3619 53.7000 -28.6688
v -273.3002 53.7000 -33.3002
v -268.6688 53.7000 -37.3619
v -263.5468 53.7000 -40.7843
v -258.0220 53.7000 -43.5088
v -252.1887 53.7000 -45.4890
v -246.1470 53.7000 -46.6907
v -240.0000 53.7000 -47.0936
v -233.8530 53.7000 -46.6907
v -227.8113 53.7000 -45.4890
v -221.9780 53.7000 -43.5088
v -216.4532 53.7000 -40.7843
v -211.3312 53.7000 -37.3619
v -206.6998 53.7000 -33.3002
v -202.6381 53.7000 -28.6688
v -199.2157 53.7000 -23.5468
v -196.4912 53.7000 -18.0220
v -194.5110 53.7000 -12.1887
v -193.3093 53.7000 -6.1470
v -192.9064 47.5000 6.2000
v -192.5000 47.5000 0.0000
v -194.1185 47.5000 12.2939
v -196.1157 47.5000 18.1775
v -198.8638 47.5000 23.7500
v -202.3157 47.5000 28.9162
v -206.4124 47.5000 33.5876
v -211.0838 47.5000 37.6843
v -216.2500 47.5000 41.1362
v -221.8225 47.5000 43.8843
v -227.7061 47.5000 45.8815
v -233.8000 47.5000 47.0936
v -240.0000 47.5000 47.5000
v -246.2000 47.5000 47.0936
v -252.2939 47.5000 45.8815
v -258.1775 47.5000 43.8843
v -263.7500 47.5000 41.1362
v -268.9162 47.5000 37.6843
v -273.5876 47.5000 33.5876
v -277.6843 47.5000 28.9162
v -281.1362 47.5000 23.7500
v -283.8843 47.5000 18.1775
v -285.8815 47.5000 12.2939
v -287.0936 47.5000 6.2000
v -287.5000 47.5000 0.0000
v -287.0936 47.5000 -6.2000
v -285.8815 47.5000 -12.2939
v -283.8843 47.5000 -18.1775
v -281.1362 47.5000 -23.7500
v -277.6843 47.5000 -28.9162
v -273.5876 47.5000 -33.5876
v -268.9162 47.5000 -37.6843
v -263.7500 47.5000 -41.1362
v -258.1775 47.5000 -43.8843
v -252.2939 47.5000 -45.8815
v -246.2000 47.5000 -47.0936
v -240.0000 47.5000 -47.5000
v -233.8000 47.5000 -47.0936
v -227.7061 47.5000 -45.8815
v -221.8225 47.5000 -43.8843
v -216.2500 47.5000 -41.1362
v -211.0838 47.5000 -37.6843
v -206.4124 47.5000 -33.5876
v -202.3157 47.5000 -28.9162
v -198.8638 47.5000 -23.7500
v -196.1157 47.5000 -18.1775
v -194.1185 47.5000 -12.2939
v -192.9064 47.5000 -6.2000
v -193.3093 41.3000 6.1470
v -192.9064 41.3000 0.0000
v -194.5110 41.3000 12.1887
v -196.4912 41.3000 18.0220
v -199.2157 41.3000 23.5468
v -202.6381 41.3000 28.6688
v -206.6998 41.3000 33.3002
v -211.3312 41.3000 37.3619
v -216.4532 41.3000 40.7843
v -221.9780 41.3000 43.5088
v -227.8113 41.3000 45.4890
v -233.8530 41.3000 46.6907
v -240.0000 41.3000 47.0936
v -246.1470 41.3000 46.6907
v -252.1887 41.3000 45.4890
v -258.0220 41.3000 43.5088
v -263.5468 41.3000 40.7843
v -268.6688 41.3000 37.3619
v -273.3002 41.3000 33.3002
v -277.3619 41.3000 28.6688
v -280.7843 41.3000 23.5468
v -283.5088 41.3000 18.0220
v -285.4890 41.3000 12.1887
v -286.6907 41.3000 6.1470
v -287.0936 41.3000 0.0000
v -286.6907 41.3000 -6.1470
v -285.4890 41.3000 -12.1887
v -283.5088 41.3000 -18.0220
v -280.7843 41.3000 -23.5468
v -277.3619 41.3000 -28.6688
v -273.3002 41.3000 -33.3002
v -268.6688 41.3000 -37.3619
v -263.5468 41.3000 -40.7843
v -258.0220 41.3000 -43.5088
v -252.1887 41.3000 -45.4890
v -246.1470 41.3000 -46.6907
v -240.0000 41.3000 -47.0936
v -233.8530 41.3000 -46.6907
v -227.8113 41.3000 -45.4890
v -221.9780 41.3000 -43.5088
v -216.4532 41.3000 -40.7843
v -211.3312 41.3000 -37.3619
v -206.6998 41.3000 -33.3002
v -202.6381 41.3000 -28.6688
v -199.2157 41.3000 -23.5468
v -196.4912 41.3000 -18.0220
v -194.5110 41.3000 -12.1887
v -193.3093 41.3000 -6.1470
v -194.5110 35.2061 5.9887
v -194.1185 35.2061 0.0000
v -195.6819 35.2061 11.8750
v -197.6110 35.2061 17.5581
v -200.2655 35.2061 22.9407
v -203.5998 35.2061 27.9309
v -207.5569 35.2061 32.4431
v -212.0691 35.2061 36.4002
v -217.0593 35.2061 39.7345
v -222.4419 35.2061 42.3890
v -228.1250 35.2061 44.3181
v -234.0113 35.2061 45.4890
v -240.0000 35.2061 45.8815
v -245.9887 35.2061 45.4890
v -251.8750 35.2061 44.3181
v -257.5581 35.2061 42.3890
v -262.9407 35.2061 39.7345
v -267.9309 35.2061 36.4002
v -272.4431 35.2061 32.4431
v -276.4002 35.2061 27.9309
v -279.7345 35.2061 22.9407
v -282.3890 35.2061 17.5581
v -284.3181 35.2061 11.8750
v -285.4890 35.2061 5.9887
v -285.8815 35.2061 0.0000
v -285.4890 35.2061 -5.9887
v -284.3181 35.2061 -11.8750
v -282.3890 35.2061 -17.5581
v -279.7345 35.2061 -22.9407
v -276.4002 35.2061 -27.9309
v -272.4431 35.2061 -32.4431
v -267.9309 35.2061 -36.4002
v -262.9407 35.2061 -39.7345
v -257.5581 35.2061 -42.3890
v -251.8750 35.2061 -44.3181
v -245.9887 35.2061 -45.4890
v -240.0000 35.2061 -45.8815
v -234.0113 35.2061 -45.4890
v -228.1250 35.2061 -44.3181
v -222.4419 35.2061 -42.3890
v -217.0593 35.2061 -39.7345
v -212.0691 35.2061 -36.4002
v -207.5569 35.2061 -32.4431
v -203.5998 35.2061 -27.9309
v -200.2655 35.2061 -22.9407
v -197.6110 35.2061 -17.5581
v -195.6819 35.2061 -11.8750
v -194.5110 35.2061 -5.9887
v -196.4912 29.3225 5.7280
v -196.1157 29.3225 0.0000
v -197.6110 29.3225 11.3581
v -199.4562 29.3225 16.7938
v -201.9951 29.3225 21.9421
v -205.1843 29.3225 26.7151
v -208.9691 29.3225 31.0309
v -213.2849 29.3225 34.8157
v -218.0579 29.3225 38.0049
v -223.2062 29.3225 40.5438
v -228.6419 29.3225 42.3890
v -234.2720 29.3225 43.5088
v -240.0000 29.3225 43.8843
v -245.7280 29.3225 43.5088
v -251.3581 29.3225 42.3890
v -256.7938 29.3225 40.5438
v -261.9421 29.3225 38.0049
v -266.7151 29.3225 34.8157
v -271.0309 29.3225 31.0309
v -274.8157 29.3225 26.7151
v -278.0049 29.3225 21.9421
v -280.5438 29.3225 16.7938
v -282.3890 29.3225 11.3581
v -283.5088 29.3225 5.7280
v -283.8843 29.3225 0.0000
v -283.5088 29.3225 -5.7280
v -282.3890 29.3225 -11.3581
v -280.5438 29.3225 -16.7938
v -278.0049 29.3225 -21.9421
v -274.8157 29.3225 -26.7151
v -271.0309 29.3225 -31.0309
v -266.7151 29.3225 -34.8157
v -261.9421 29.3225 -38.0049
v -256.7938 29.3225 -40.5438
v -251.3581 29.3225 -42.3890
v -245.7280 29.3225 -43.5088
v -240.0000 29.3225 -43.8843
v -234.2720 29.3225 -43.5088
v -228.6419 29.3225 -42.3890
v -223.2062 29.3225 -40.5438
v -218.0579 29.3225 -38.0049
v -213.2849 29.3225 -34.8157
v -208.9691 29.3225 -31.0309
v -205.1843 29.3225 -26.7151
v -201.9951 29.3225 -21.9421
v -199.4562 29.3225 -16.7938
v -197.6110 29.3225 -11.3581
v -196.4912 29.3225 -5.7280
v -199.2157 23.7500 5.3694
v -198.8638 23.7500 0.0000
v -200.2655 23.7500 10.6468
v -201.9951 23.7500 15.7421
v -204.3750 23.7500 20.5681
v -207.3645 23.7500 25.0421
v -210.9123 23.7500 29.0877
v -214.9579 23.7500 32.6355
v -219.4319 23.7500 35.6250
v -224.2579 23.7500 38.0049
v -229.3532 23.7500 39.7345
v -234.6306 23.7500 40.7843
v -240.0000 23.7500 41.1362
v -245.3694 23.7500 40.7843
v -250.6468 23.7500 39.7345
v -255.7421 23.7500 38.0049
v -260.5681 23.7500 35.6250
v -265.0421 23.7500 32.6355
v -269.0877 23.7500 29.0877
v -272.6355 23.7500 25.0421
v -275.6250 23.7500 20.5681
v -278.0049 23.7500 15.7421
v -279.7345 23.7500 10.6468
v -280.7843 23.7500 5.3694
v -281.1362 23.7500 0.0000
v -280.7843 23.7500 -5.3694
v -279.7345 23.7500 -10.6468
v -278.0049 23.7500 -15.7421
v -275.6250 23.7500 -20.5681
v -272.6355 23.7500 -25.0421
v -269.0877 23.7500 -29.0877
v -265.0421 23.7500 -32.6355
v -260.5681 23.7500 -35.6250
v -255.7421 23.7500 -38.0049
v -250.6468 23.7500 -39.7345
v -245.3694 23.7500 -40.7843
v -240.0000 23.7500 -41.1362
v -234.6306 23.7500 -40.7843
v -229.3532 23.7500 -39.7345
v -224.2579 23.7500 -38.0049
v -219.4319 23.7500 -35.6250
v -214.9579 23.7500 -32.6355
v -210.9123 23.7500 -29.0877
v -207.3645 23.7500 -25.0421
v -204.3750 23.7500 -20.5681
v -201.9951 23.7500 -15.7421
v -200.2655 23.7500 -10.6468
v -199.2157 23.7500 -5.3694
v -202.6381 18.5838 4.9188
v -202.3157 18.5838 0.0000
v -203.5998 18.5838 9.7534
v -205.1843 18.5838 14.4212
v -207.3645 18.5838 18.8421
v -210.1030 18.5838 22.9407
v -213.3532 18.5838 26.6468
v -217.0593 18.5838 29.8970
v -221.1579 18.5838 32.6355
v -225.5788 18.5838 34.8157
v -230.2466 18.5838 36.4002
v -235.0812 18.5838 37.3619
v -240.0000 18.5838 37.6843
v -244.9188 18.5838 37.3619
v -249.7534 18.5838 36.4002
v -254.4212 18.5838 34.8157
v -258.8421 18.5838 32.6355
v -262.9407 18.5838 29.8970
v -266.6468 18.5838 26.6468
v -269.8970 18.5838 22.9407
v -272.6355 18.5838 18.8421
v -274.8157 18.5838 14.4212
v -276.4002 18.5838 9.7534
v -277.3619 18.5838 4.9188
v -277.6843 18.5838 0.0000
v -277.3619 18.5838 -4.9188
v -276.4002 18.5838 -9.7534
v -274.8157 18.5838 -14.4212
v -272.6355 18.5838 -18.8421
v -269.8970 18.5838 -22.9407
v -266.6468 18.5838 -26.6468
v -262.9407 18.5838 -29.8970
v -258.8421 18.5838 -32.6355
v -254.4212 18.5838 -34.8157
v -249.7534 18.5838 -36.4002
v -244.9188 18.5838 -37.3619
v -240.0000 18.5838 -37.6843
v -235.0812 18.5838 -37.3619
v -230.2466 18.5838 -36.4002
v -225.5788 18.5838 -34.8157
v -221.1579 18.5838 -32.6355
v -217.0593 18.5838 -29.8970
v -213.3532 18.5838 -26.6468
v -210.1030 18.5838 -22.9407
v -207.3645 18.5838 -18.8421
v -205.1843 18.5838 -14.4212
v -203.5998 18.5838 -9.7534
v -202.6381 18.5838 -4.9188
v -206.6998 13.9124 4.3841
v -206.4124 13.9124 0.0000
v -207.5569 13.9124 8.6931
v -208.9691 13.9124 12.8534
v -210.9123 13.9124 16.7938
v -213.3532 13.9124 20.4468
v -216.2500 13.9124 23.7500
v -219.5532 13.9124 26.6468
v -223.2062 13.9124 29.0877
v -227.1466 13.9124 31.0309
v -231.3069 13.9124 32.4431
v -235.6159 13.9124 33.3002
v -240.0000 13.9124 33.5876
v -244.3841 13.9124 33.3002
v -248.6931 13.9124 32.4431
v -252.8534 13.9124 31.0309
v -256.7938 13.9124 29.0877
v -260.4468 13.9124 26.6468
v -263.7500 13.9124 23.7500
v -266.6468 13.9124 20.4468
v -269.0877 13.9124 16.7938
v -271.0309 13.9124 12.8534
v -272.4431 13.9124 8.6931
v -273.3002 13.9124 4.3841
v -273.5876 13.9124 0.0000
v -273.3002 13.9124 -4.3841
v -272.4431 13.9124 -8.6931
v -271.0309 13.9124 -12.8534
v -269.0877 13.9124 -16.7938
v -266.6468 13.9124 -20.4468
v -263.7500 13.9124 -23.7500
v -260.4468 13.9124 -26.6468
v -256.7938 13.9124 -29.0877
v -252.8534 13.9124 -31.0309
v -248.6931 13.9124 -32.4431
v -244.3841 13.9124 -33.3002
v -240.0000 13.9124 -33.5876
v -235.6159 13.9124 -33.3002
v -231.3069 13.9124 -32.4431
v -227.1466 13.9124 -31.0309
v -223.2062 13.9124 -29.0877
v -219.5532 13.9124 -26.6468
v -216.2500 13.9124 -23.7500
v -213.3532 13.9124 -20.4468
v -210.9123 13.9124 -16.7938
v -208.9691 13.9124 -12.8534
v -207.5569 13.9124 -8.6931
v -206.6998 13.9124 -4.3841
v -211.3312 9.8157 3.7743
v -211.0838 9.8157 0.0000
v -212.0691 9.8157 7.4841
v -213.2849 9.8157 11.0657
v -214.9579 9.8157 14.4581
v -217.0593 9.8157 17.6030
v -219.5532 9.8157 20.4468
v -222.3970 9.8157 22.9407
v -225.5419 9.8157 25.0421
v -228.9343 9.8157 26.7151
v -232.5159 9.8157 27.9309
v -236.2257 9.8157 28.6688
v -240.0000 9.8157 28.9162
v -243.7743 9.8157 28.6688
v -247.4841 9.8157 27.9309
v -251.0657 9.8157 26.7151
v -254.4581 9.8157 25.0421
v -257.6030 9.8157 22.9407
v -260.4468 9.8157 20.4468
v -262.9407 9.8157 17.6030
v -265.0421 9.8157 14.4581
v -266.7151 9.8157 11.0657
v -267.9309 9.8157 7.4841
v -268.6688 9.8157 3.7743
v -268.9162 9.8157 0.0000
v -268.6688 9.8157 -3.7743
v -267.9309 9.8157 -7.4841
v -266.7151 9.8157 -11.0657
v -265.0421 9.8157 -14.4581
v -262.9407 9.8157 -17.6030
v -260.4468 9.8157 -20.4468
v -257.6030 9.8157 -22.9407
v -254.4581 9.8157 -25.0421
v -251.0657 9.8157 -26.7151
v -247.4841 9.8157 -27.9309
v -243.7743 9.8157 -28.6688
v -240.0000 9.8157 -28.9162
v -236.2257 9.8157 -28.6688
v -232.5159 9.8157 -27.9309
v -228.9343 9.8157 -26.7151
v -225.5419 9.8157 -25.0421
v -222.3970 9.8157 -22.9407
v -219.5532 9.8157 -20.4468
v -217.0593 9.8157 -17.6030
v -214.9579 9.8157 -14.4581
v -213.2849 9.8157 -11.0657
v -212.0691 9.8157 -7.4841
v -211.3312 9.8157 -3.7743
v -216.4532 6.3638 3.1000
v -216.2500 6.3638 0.0000
v -217.0593 6.3638 6.1470
v -218.0579 6.3638 9.0887
v -219.4319 6.3638 11.8750
v -221.1579 6.3638 14.4581
v -223.2062 6.3638 16.7938
v -225.5419 6.3638 18.8421
v -228.1250 6.3638 20.5681
v -230.9113 6.3638 21.9421
v -233.8530 6.3638 22.9407
v -236.9000 6.3638 23.5468
v -240.0000 6.3638 23.7500
v -243.1000 6.3638 23.5468
v -246.1470 6.3638 22.9407
v -249.0887 6.3638 21.9421
v -251.8750 6.3638 20.5681
v -254.4581 6.3638 18.8421
v -256.7938 6.3638 16.7938
v -258.8421 6.3638 14.4581
v -260.5681 6.3638 11.8750
v -261.9421 6.3638 9.0887
v -262.9407 6.3638 6.1470
v -263.5468 6.3638 3.1000
v -263.7500 6.3638 0.0000
v -263.5468 6.3638 -3.1000
v -262.9407 6.3638 -6.1470
v -261.9421 6.3638 -9.0887
v -260.5681 6.3638 -11.8750
v -258.8421 6.3638 -14.4581
v -256.7938 6.3638 -16.7938
v -254.4581 6.3638 -18.8421
v -251.8750 6.3638 -20.5681
v -249.0887 6.3638 -21.9421
v -246.1470 6.3638 -22.9407
v -243.1000 6.3638 -23.5468
v -240.0000 6.3638 -23.7500
v -236.9000 6.3638 -23.5468
v -233.8530 6.3638 -22.9407
v -230.9113 6.3638 -21.9421
v -228.1250 6.3638 -20.5681
v -225.5419 6.3638 -18.8421
v -223.2062 6.3638 -16.7938
v -221.1579 6.3638 -14.4581
v -219.4319 6.3638 -11.8750
v -218.0579 6.3638 -9.0887
v -217.0593 6.3638 -6.1470
v -216.4532 6.3638 -3.1000
v -221.9780 3.6157 2.3726
v -221.8225 3.6157 0.0000
v -222.4419 3.6157 4.7047
v -223.2062 3.6157 6.9562
v -224.2579 3.6157 9.0887
v -225.5788 3.6157 11.0657
v -227.1466 3.6157 12.8534
v -228.9343 3.6157 14.4212
v -230.9113 3.6157 15.7421
v -233.0438 3.6157 16.7938
v -235.2953 3.6157 17.5581
v -237.6274 3.6157 18.0220
v -240.0000 3.6157 18.1775
v -242.3726 3.6157 18.0220
v -244.7047 3.6157 17.5581
v -246.9562 3.6157 16.7938
v -249.0887 3.6157 15.7421
v -251.0657 3.6157 14.4212
v -252.8534 3.6157 12.8534
v -254.4212 3.6157 11.0657
v -255.7421 3.6157 9.0887
v -256.7938 3.6157 6.9562
v -257.5581 3.6157 4.7047
v -258.0220 3.6157 2.3726
v -258.1775 3.6157 0.0000
v -258.0220 3.6157 -2.3726
v -257.5581 3.6157 -4.7047
v -256.7938 3.6157 -6.9562
v -255.7421 3.6157 -9.0887
v -254.4212 3.6157 -11.0657
v -252.8534 3.6157 -12.8534
v -251.0657 3.6157 -14.4212
v -249.0887 3.6157 -15.7421
v -246.9562 3.6157 -16.7938
v -244.7047 3.6157 -17.5581
v -242.3726 3.6157 -18.0220
v -240.0000 3.6157 -18.1775
v -237.6274 3.6157 -18.0220
v -235.2953 3.6157 -17.5581
v -233.0438 3.6157 -16.7938
v -230.9113 3.6157 -15.7421
v -228.9343 3.6157 -14.4212
v -227.1466 3.6157 -12.8534
v -225.5788 3.6157 -11.0657
v -224.2579 3.6157 -9.0887
v -223.2062 3.6157 -6.9562
v -222.4419 3.6157 -4.7047
v -221.9780 3.6157 -2.3726
v -227.8113 1.6185 1.6047
v -227.7061 1.6185 0.0000
v -228.1250 1.6185 3.1819
v -228.6419 1.6185 4.7047
v -229.3532 1.6185 6.1470
v -230.2466 1.6185 7.4841
v -231.3069 1.6185 8.6931
v -232.5159 1.6185 9.7534
v -233.8530 1.6185 10.6468
v -235.2953 1.6185 11.3581
v -236.8181 1.6185 11.8750
v -238.3953 1.6185 12.1887
v -240.0000 1.6185 12.2939
v -241.6047 1.6185 12.1887
v -243.1819 1.6185 11.8750
v -244.7047 1.6185 11.3581
v -246.1470 1.6185 10.6468
v -247.4841 1.6185 9.7534
v -248.6931 1.6185 8.6931
v -249.7534 1.6185 7.4841
v -250.6468 1.6185 6.1470
v -251.3581 1.6185 4.7047
v -251.8750 1.6185 3.1819
v -252.1887 1.6185 1.6047
v -252.2939 1.6185 0.0000
v -252.1887 1.6185 -1.6047
v -251.8750 1.6185 -3.1819
v -251.3581 1.6185 -4.7047
v -250.6468 1.6185 -6.1470
v -249.7534 1.6185 -7.4841
v -248.6931 1.6185 -8.6931
v -247.4841 1.6185 -9.7534
v -246.1470 1.6185 -10.6468
v -244.7047 1.6185 -11.3581
v -243.1819 1.6185 -11.8750
v -241.6047 1.6185 -12.1887
v -240.0000 1.6185 -12.2939
v -238.3953 1.6185 -12.1887
v -236.8181 1.6185 -11.8750
v -235.2953 1.6185 -11.3581
v -233.8530 1.6185 -10.6468
v -232.5159 1.6185 -9.7534
v -231.3069 1.6185 -8.6931
v -230.2466 1.6185 -7.4841
v -229.3532 1.6185 -6.1470
v -228.6419 1.6185 -4.7047
v -228.1250 1.6185 -3.1819
v -227.8113 1.6185 -1.6047
v -233.8530 0.4064 0.8093
v -233.8000 0.4064 0.0000
v -234.0113 0.4064 1.6047
v -234.2720 0.4064 2.3726
v -234.6306 0.4064 3.1000
v -235.0812 0.4064 3.7743
v -235.6159 0.4064 4.3841
v -236.2257 0.4064 4.9188
v -236.9000 0.4064 5.3694
v -237.6274 0.4064 5.7280
v -238.3953 0.4064 5.9887
v -239.1907 0.4064 6.1470
v -240.0000 0.4064 6.2000
v -240.8093 0.4064 6.1470
v -241.6047 0.4064 5.9887
v -242.3726 0.4064 5.7280
v -243.1000 0.4064 5.3694
v -243.7743 0.4064 4.9188
v -244.3841 0.4064 4.3841
v -244.9188 0.4064 3.7743
v -245.3694 0.4064 3.1000
v -245.7280 0.4064 2.3726
v -245.9887 0.4064 1.6047
v -246.1470 0.4064 0.8093
v -246.2000 0.4064 0.0000
v -246.1470 0.4064 -0.8093
v -245.9887 0.4064 -1.6047
v -245.7280 0.4064 -2.3726
v -245.3694 0.4064 -3.1000
v -244.9188 0.4064 -3.7743
v -244.3841 0.4064 -4.3841
v -243.7743 0.4064 -4.9188
v -243.1000 0.4064 -5.3694
v -242.3726 0.4064 -5.7280
v -241.6047 0.4064 -5.9887
v -240.8093 0.4064 -6.1470
v -240.0000 0.4064 -6.2000
v -239.1907 0.4064 -6.1470
v -238.3953 0.4064 -5.9887
v -237.6274 0.4064 -5.7280
v -236.9000 0.4064 -5.3694
v -236.2257 0.4064 -4.9188
v -235.6159 0.4064 -4.3841
v -235.0812 0.4064 -3.7743
v -234.6306 0.4064 -3.1000
v -234.2720 0.4064 -2.3726
v -234.0113 0.4064 -1.6047
v -233.8530 0.4064 -0.8093
v -240.0000 0.0000 0.0000
v -120.0000 95.0000 0.0000
v -113.8530 94.5936 0.8093
v -113.8000 94.5936 0.0000
v -114.0113 94.5936 1.6047
v -114.2720 94.5936 2.3726
v -114.6306 94.5936 3.1000
v -115.0812 94.5936 3.7743
v -115.6159 94.5936 4.3841
v -116.2257 94.5936 4.9188
v -116.9000 94.5936 5.3694
v -117.6274 94.5936 5.7280
v -118.3953 94.5936 5.9887
v -119.1907 94.5936 6.1470
v -120.0000 94.5936 6.2000
v -120.8093 94.5936 6.1470
v -121.6047 94.5936 5.9887
v -122.3726 94.5936 5.7280
v -123.1000 94.5936 5.3694
v -123.7743 94.5936 4.9188
v -124.3841 94.5936 4.3841
v -124.9188 94.5936 3.7743
v -125.3694 94.5936 3.1000
v -125.7280 94.5936 2.3726
v -125.9887 94.5936 1.6047
v -126.1470 94.5936 0.8093
v -126.2000 94.5936 0.0000
v -126.1470 94.5936 -0.8093
v -125.9887 94.5936 -1.6047
v -125.7280 94.5936 -2.3726
v -125.3694 94.5936 -3.1000
v -124.9188 94.5936 -3.7743
v -124.3841 94.5936 -4.3841
v -123.7743 94.5936 -4.9188
v -123.1000 94.5936 -5.3694
v -122.3726 94.5936 -5.7280
v -121.6047 94.5936 -5.9887
v -120.8093 94.5936 -6.1470
v -120.0000 94.5936 -6.2000
v -119.1907 94.5936 -6.1470
v -118.3953 94.5936 -5.9887
v -117.6274 94.5936 -5.7280
v -116.9000 94.5936 -5.3694
v -116.2257 94.5936 -4.9188
v -115.6159 94.5936 -4.3841
v -115.0812 94.5936 -3.7743
v -114.6306 94.5936 -3.1000
v -114.2720 94.5936 -2.3726
v -114.0113 94.5936 -1.6047
v -113.8530 94.5936 -0.8093
v -107.8113 93.3815 1.6047
v -107.7061 93.3815 0.0000
v -108.1250 93.3815 3.1819
v -108.6419 93.3815 4.7047
v -109.3532 93.3815 6.1470
v -110.2466 93.3815 7.4841
v -111.3069 93.3815 8.6931
v -112.5159 93.3815 9.7534
v -113.8530 93.3815 10.6468
v -115.2953 93.3815 11.3581
v -116.8181 93.3815 11.8750
v -118.3953 93.3815 12.1887
v -120.0000 93.3815 12.2939
v -121.6047 93.3815 12.1887
v -123.1819 93.3815 11.8750
v -124.7047 93.3815 11.3581
v -126.1470 93.3815 10.6468
v -127.4841 93.3815 9.7534
v -128.6931 93.3815 8.6931
v -129.7534 93.3815 7.4841
v -130.6468 93.3815 6.1470
v -131.3581 93.3815 4.7047
v -131.8750 93.3815 3.1819
v -132.1887 93.3815 1.6047
v -132.2939 93.3815 0.0000
v -132.1887 93.3815 -1.6047
v -131.8750 93.3815 -3.1819
v -131.3581 93.3815 -4.7047
v -130.6468 93.3815 -6.1470
v -129.7534 93.3815 -7.4841
v -128.6931 93.3815 -8.6931
v -127.4841 93.3815 -9.7534
v -126.1470 93.3815 -10.6468
v -124.7047 93.3815 -11.3581
v -123.1819 93.3815 -11.8750
v -121.6047 93.3815 -12.1887
v -120.0000 93.3815 -12.2939
v -118.3953 93.3815 -12.1887
v -116.8181 93.3815 -11.8750
v -115.2953 93.3815 -11.3581
v -113.8530 93.3815 -10.6468
v -112.5159 93.3815 -9.7534
v -111.3069 93.3815 -8.6931
v -110.2466 93.3815 -7.4841
v -109.3532 93.3815 -6.1470
v -108.6419 93.3815 -4.7047
v -108.1250 93.3815 -3.1819
v -107.8113 93.3815 -1.6047
v -101.9780 91.3843 2.3726
v -101.8225 91.3843 0.0000
v -102.4419 91.3843 4.7047
v -103.2062 91.3843 6.9562
v -104.2579 91.3843 9.0887
v -105.5788 91.3843 11.0657
v -107.1466 91.3843 12.8534
v -108.9343 91.3843 14.4212
v -110.9113 91.3843 15.7421
v -113.0438 91.3843 16.7938
v -115.2953 91.3843 17.5581
v -117.6274 91.3843 18.0220
v -120.0000 91.3843 18.1775
v -122.3726 91.3843 18.0220
v -124.7047 91.3843 17.5581
v -126.9562 91.3843 16.7938
v -129.0887 91.3843 15.7421
v -131.0657 91.3843 14.4212
v -132.8534 91.3843 12.8534
v -134.4212 91.3843 11.0657
v -135.7421 91.3843 9.0887
v -136.7938 91.3843 6.9562
v -137.5581 91.3843 4.7047
v -138.0220 91.3843 2.3726
v -138.1775 91.3843 0.0000
v -138.0220 91.3843 -2.3726
v -137.5581 91.3843 -4.7047
v -136.7938 91.3843 -6.9562
v -135.7421 91.3843 -9.0887
v -134.4212 91.3843 -11.0657
v -132.8534 91.3843 -12.8534
v -131.0657 91.3843 -14.4212
v -129.0887 91.3843 -15.7421
v -126.9562 91.3843 -16.7938
v -124.7047 91.3843 -17.5581
v -122.3726 91.3843 -18.0220
v -120.0000 91.3843 -18.1775
v -117.6274 91.3843 -18.0220
v -115.2953 91.3843 -17.5581
v -113.0438 91.3843 -16.7938
v -110.9113 91.3843 -15.7421
v -108.9343 91.3843 -14.4212
v -107.1466 91.3843 -12.8534
v -105.5788 91.3843 -11.0657
v -104.2579 91.3843 -9.0887
v -103.2062 91.3843 -6.9562
v -102.4419 91.3843 -4.7047
v -101.9780 91.3843 -2.3726
v -96.4532 88.6362 3.1000
v -96.2500 88.6362 0.0000
v -97.0593 88.6362 6.1470
v -98.0579 88.6362 9.0887
v -99.4319 88.6362 11.8750
v -101.1579 88.6362 14.4581
v -103.2062 88.6362 16.7938
v -105.5419 88.6362 18.8421
v -108.1250 88.6362 20.5681
v -110.9113 88.6362 21.9421
v -113.8530 88.6362 22.9407
v -116.9000 88.6362 23.5468
v -120.0000 88.6362 23.7500
v -123.1000 88.6362 23.5468
v -126.1470 88.6362 22.9407
v -129.0887 88.6362 21.9421
v -131.8750 88.6362 20.5681
v -134.4581 88.6362 18.8421
v -136.7938 88.6362 16.7938
v -138.8421 88.6362 14.4581
v -140.5681 88.6362 11.8750
v -141.9421 88.6362 9.0887
v -142.9407 88.6362 6.1470
v -143.5468 88.6362 3.1000
v -143.7500 88.6362 0.0000
v -143.5468 88.6362 -3.1000
v -142.9407 88.6362 -6.1470
v -141.9421 88.6362 -9.0887
v -140.5681 88.6362 -11.8750
v -138.8421 88.6362 -14.4581
v -136.7938 88.6362 -16.7938
v -134.4581 88.6362 -18.8421
v -131.8750 88.6362 -20.5681
v -129.0887 88.6362 -21.9421
v -126.1470 88.6362 -22.9407
v -123.1000 88.6362 -23.5468
v -120.0000 88.6362 -23.7500
v -116.9000 88.6362 -23.5468
v -113.8530 88.6362 -22.9407
v -110.9113 88.6362 -21.9421
v -108.1250 88.6362 -20.5681
v -105.5419 88.6362 -18.8421
v -103.2062 88.6362 -16.7938
v -101.1579 88.6362 -14.4581
v -99.4319 88.6362 -11.8750
v -98.0579 88.6362 -9.0887
v -97.0593 88.6362 -6.1470
v -96.4532 88.6362 -3.1000
v -91.3312 85.1843 3.7743
v -91.0838 85.1843 0.0000
v -92.0691 85.1843 7.4841
v -93.2849 85.1843 11.0657
v -94.9579 85.1843 14.4581
v -97.0593 85.1843 17.6030
v -99.5532 85.1843 20.4468
v -102.3970 85.1843 22.9407
v -105.5419 85.1843 25.0421
v -108.9343 85.1843 26.7151
v -112.5159 85.1843 27.9309
v -116.2257 85.1843 28.6688
v -120.0000 85.1843 28.9162
v -123.7743 85.1843 28.6688
v -127.4841 85.1843 27.9309
v -131.0657 85.1843 26.7151
v -134.4581 85.1843 25.0421
v -137.6030 85.1843 22.9407
v -140.4468 85.1843 20.4468
v -142.9407 85.1843 17.6030
v -145.0421 85.1843 14.4581
v -146.7151 85.1843 11.0657
v -147.9309 85.1843 7.4841
v -148.6688 85.1843 3.7743
v -148.9162 85.1843 0.0000
v -148.6688 85.1843 -3.7743
v -147.9309 85.1843 -7.4841
v -146.7151 85.1843 -11.0657
v -145.0421 85.1843 -14.4581
v -142.9407 85.1843 -17.6030
v -140.4468 85.1843 -20.4468
v -137.6030 85.1843 -22.9407
v -134.4581 85.1843 -25.0421
v -131.0657 85.1843 -26.7151
v -127.4841 85.1843 -27.9309
v -123.7743 85.1843 -28.6688
v -120.0000 85.1843 -28.9162
v -116.2257 85.1843 -28.6688
v -112.5159 85.1843 -27.9309
v -108.9343 85.1843 -26.7151
v -105.5419 85.1843 -25.0421
v -102.3970 85.1843 -22.9407
v -99.5532 85.1843 -20.4468
v -97.0593 85.1843 -17.6030
v -94.9579 85.1843 -14.4581
v -93.2849 85.1843 -11.0657
v -92.0691 85.1843 -7.4841
v -91.3312 85.1843 -3.7743
v -86.6998 81.0876 4.3841
v -86.4124 81.0876 0.0000
v -87.5569 81.0876 8.6931
v -88.9691 81.0876 12.8534
v -90.9123 81.0876 16.7938
v -93.3532 81.0876 20.4468
v -96.2500 81.0876 23.7500
v -99.5532 81.0876 26.6468
v -103.2062 81.0876 29.0877
v -107.1466 81.0876 31.0309
v -111.3069 81.0876 32.4431
v -115.6159 81.0876 33.3002
v -120.0000 81.0876 33.5876
v -124.3841 81.0876 33.3002
v -128.6931 81.0876 32.4431
v -132.8534 81.0876 31.0309
v -136.7938 81.0876 29.0877
v -140.4468 81.0876 26.6468
v -143.7500 81.0876 23.7500
v -146.6468 81.0876 20.4468
v -149.0877 81.0876 16.7938
v -151.0309 81.0876 12.8534
v -152.4431 81.0876 8.6931
v -153.3002 81.0876 4.3841
v -153.5876 81.0876 0.0000
v -153.3002 81.0876 -4.3841
v -152.4431 81.0876 -8.6931
v -151.0309 81.0876 -12.8534
v -149.0877 81.0876 -16.7938
v -146.6468 81.0876 -20.4468
v -143.7500 81.0876 -23.7500
v -140.4468 81.0876 -26.6468
v -136.7938 81.0876 -29.0877
v -132.8534 81.0876 -31.0309
v -128.6931 81.0876 -32.4431
v -124.3841 81.0876 -33.3002
v -120.0000 81.0876 -33.5876
v -115.6159 81.0876 -33.3002
v -111.3069 81.0876 -32.4431
v -107.1466 81.0876 -31.0309
v -103.2062 81.0876 -29.0877
v -99.5532 81.0876 -26.6468
v -96.2500 81.0876 -23.7500
v -93.3532 81.0876 -20.4468
v -90.9123 81.0876 -16.7938
v -88.9691 81.0876 -12.8534
v -87.5569 81.0876 -8.6931
v -86.6998 81.0876 -4.3841
v -82.6381 76.4162 4.9188
v -82.3157 76.4162 0.0000
v -83.5998 76.4162 9.7534
v -85.1843 76.4162 14.4212
v -87.3645 76.4162 18.8421
v -90.1030 76.4162 22.9407
v -93.3532 76.4162 26.6468
v -97.0593 76.4162 29.8970
v -101.1579 76.4162 32.6355
v -105.5788 76.4162 34.8157
v -110.2466 76.4162 36.4002
v -115.0812 76.4162 37.3619
v -120.0000 76.4162 37.6843
v -124.9188 76.4162 37.3619
v -129.7534 76.4162 36.4002
v -134.4212 76.4162 34.8157
v -138.8421 76.4162 32.6355
v -142.9407 76.4162 29.8970
v -146.6468 76.4162 26.6468
v -149.8970 76.4162 22.9407
v -152.6355 76.4162 18.8421
v -154.8157 76.4162 14.4212
v -156.4002 76.4162 9.7534
v -157.3619 76.4162 4.9188
v -157.6843 76.4162 0.0000
v -157.3619 76.4162 -4.9188
v -156.4002 76.4162 -9.7534
v -154.8157 76.4162 -14.4212
v -152.6355 76.4162 -18.8421
v -149.8970 76.4162 -22.9407
v -146.6468 76.4162 -26.6468
v -142.9407 76.4162 -29.8970
v -138.8421 76.4162 -32.6355
v -134.4212 76.4162 -34.8157
v -129.7534 76.4162 -36.4002
v -124.9188 76.4162 -37.3619
v -120.0000 76.4162 -37.6843
v -115.0812 76.4162 -37.3619
v -110.2466 76.4162 -36.4002
v -105.5788 76.4162 -34.8157
v -101.1579 76.4162 -32.6355
v -97.0593 76.4162 -29.8970
v -93.3532 76.4162 -26.6468
v -90.1030 76.4162 -22.9407
v -87.3645 76.4162 -18.8421
v -85.1843 76.4162 -14.4212
v -83.5998 76.4162 -9.7534
v -82.6381 76.4162 -4.9188
v -79.2157 71.2500 5.3694
v -78.8638 71.2500 0.0000
v -80.2655 71.2500 10.6468
v -81.9951 71.2500 15.7421
v -84.3750 71.2500 20.5681
v -87.3645 71.2500 25.0421
v -90.9123 71.2500 29.0877
v -94.9579 71.2500 32.6355
v -99.4319 71.2500 35.6250
v -104.2579 71.2500 38.0049
v -109.3532 71.2500 39.7345
v -114.6306 71.2500 40.7843
v -120.0000 71.2500 41.1362
v -125.3694 71.2500 40.7843
v -130.6468 71.2500 39.7345
v -135.7421 71.2500 38.0049
v -140.5681 71.2500 35.6250
v -145.0421 71.2500 32.6355
v -149.0877 71.2500 29.0877
v -152.6355 71.2500 25.0421
v -155.6250 71.2500 20.5681
v -158.0049 71.2500 15.7421
v -159.7345 71.2500 10.6468
v -160.7843 71.2500 5.3694
v -161.1362 71.2500 0.0000
v -160.7843 71.2500 -5.3694
v -159.7345 71.2500 -10.6468
v -158.0049 71.2500 -15.7421
v -155.6250 71.2500 -20.5681
v -152.6355 71.2500 -25.0421
v -149.0877 71.2500 -29.0877
v -145.0421 71.2500 -32.6355
v -140.5681 71.2500 -35.6250
v -135.7421 71.2500 -38.0049
v -130.6468 71.2500 -39.7345
v -125.3694 71.2500 -40.7843
v -120.0000 71.2500 -41.1362
v -114.6306 71.2500 -40.7843
v -109.3532 71.2500 -39.7345
v -104.2579 71.2500 -38.0049
v -99.4319 71.2500 -35.6250
v -94.9579 71.2500 -32.6355
v -90.9123 71.2500 -29.0877
v -87.3645 71.2500 -25.0421
v -84.3750 71.2500 -20.5681
v -81.9951 71.2500 -15.7421
v -80.2655 71.2500 -10.6468
v -79.2157 71.2500 -5.3694
v -76.4912 65.6775 5.7280
v -76.1157 65.6775 0.0000
v -77.6110 65.6775 11.3581
v -79.4562 65.6775 16.7938
v -81.9951 65.6775 21.9421
v -85.1843 65.6775 26.7151
v -88.9691 65.6775 31.0309
v -93.2849 65.6775 34.8157
v -98.0579 65.6775 38.0049
v -103.2062 65.6775 40.5438
v -108.6419 65.6775 42.3890
v -114.2720 65.6775 43.5088
v -120.0000 65.6775 43.8843
v -125.7280 65.6775 43.5088
v -131.3581 65.6775 42.3890
v -136.7938 65.6775 40.5438
v -141.9421 65.6775 38.0049
v -146.7151 65.6775 34.8157
v -151.0309 65.6775 31.0309
v -154.8157 65.6775 26.7151
v -158.0049 65.6775 21.9421
v -160.5438 65.6775 16.7938
v -162.3890 65.6775 11.3581
v -163.5088 65.6775 5.7280
v -163.8843 65.6775 0.0000
v -163.5088 65.6775 -5.7280
v -162.3890 65.6775 -11.3581
v -160.5438 65.6775 -16.7938
v -158.0049 65.6775 -21.9421
v -154.8157 65.6775 -26.7151
v -151.0309 65.6775 -31.0309
v -146.7151 65.6775 -34.8157
v -141.9421 65.6775 -38.0049
v -136.7938 65.6775 -40.5438
v -131.3581 65.6775 -42.3890
v -125.7280 65.6775 -43.5088
v -120.0000 65.6775 -43.8843
v -114.2720 65.6775 -43.5088
v -108.6419 65.6775 -42.3890
v -103.2062 65.6775 -40.5438
v -98.0579 65.6775 -38.0049
v -93.2849 65.6775 -34.8157
v -88.9691 65.6775 -31.0309
v -85.1843 65.6775 -26.7151
v -81.9951 65.6775 -21.9421
v -79.4562 65.6775 -16.7938
v -77.6110 65.6775 -11.3581
v -76.4912 65.6775 -5.7280
v -74.5110 59.7939 5.9887
v -74.1185 59.7939 0.0000
v -75.6819 59.7939 11.8750
v -77.6110 59.7939 17.5581
v -80.2655 59.7939 22.9407
v -83.5998 59.7939 27.9309
v -87.5569 59.7939 32.4431
v -92.0691 59.7939 36.4002
v -97.0593 59.7939 39.7345
v -102.4419 59.7939 42.3890
v -108.1250 59.7939 44.3181
v -114.0113 59.7939 45.4890
v -120.0000 59.7939 45.8815
v -125.9887 59.7939 45.4890
v -131.8750 59.7939 44.3181
v -137.5581 59.7939 42.3890
v -142.9407 59.7939 39.7345
v -147.9309 59.7939 36.4002
v -152.4431 59.7939 32.4431
v -156.4002 59.7939 27.9309
v -159.7345 59.7939 22.9407
v -162.3890 59.7939 17.5581
v -164.3181 59.7939 11.8750
v -165.4890 59.7939 5.9887
v -165.8815 59.7939 0.0000
v -165.4890 59.7939 -5.9887
v -164.3181 59.7939 -11.8750
v -162.3890 59.7939 -17.5581
v -159.7345 59.7939 -22.9407
v -156.4002 59.7939 -27.9309
v -152.4431 59.7939 -32.4431
v -147.9309 59.7939 -36.4002
v -142.9407 59.7939 -39.7345
v -137.5581 59.7939 -42.3890
v -131.8750 59.7939 -44.3181
v -125.9887 59.7939 -45.4890
v -120.0000 59.7939 -45.8815
v -114.0113 59.7939 -45.4890
v -108.1250 59.7939 -44.3181
v -102.4419 59.7939 -42.3890
v -97.0593 59.7939 -39.7345
v -92.0691 59.7939 -36.4002
v -87.5569 59.7939 -32.4431
v -83.5998 59.7939 -27.9309
v -80.2655 59.7939 -22.9407
v -77.6110 59.7939 -17.5581
v -75.6819 59.7939 -11.8750
v -74.5110 59.7939 -5.9887
v -73.3093 53.7000 6.1470
v -72.9064 53.7000 0.0000
v -74.5110 53.7000 12.1887
v -76.4912 53.7000 18.0220
v -79.2157 53.7000 23.5468
v -82.6381 53.7000 28.6688
v -86.6998 53.7000 33.3002
v -91.3312 53.7000 37.3619
v -96.4532 53.7000 40.7843
v -101.9780 53.7000 43.5088
v -107.8113 53.7000 45.4890
v -113.8530 53.7000 46.6907
v -120.0000 53.7000 47.0936
v -126.1470 53.7000 46.6907
v -132.1887 53.7000 45.4890
v -138.0220 53.7000 43.5088
v -143.5468 53.7000 40.7843
v -148.6688 53.7000 37.3619
v -153.3002 53.7000 33.3002
v -157.3619 53.7000 28.6688
v -160.7843 53.7000 23.5468
v -163.5088 53.7000 18.0220
v -165.4890 53.7000 12.1887
v -166.6907 53.7000 6.1470
v -167.0936 53.7000 0.0000
v -166.6907 53.7000 -6.1470
v -165.4890 53.7000 -12.1887
v -163.5088 53.7000 -18.0220
v -160.7843 53.7000 -23.5468
v -157.3619 53.7000 -28.6688
v -153.3002 53.7000 -33.3002
v -148.6688 53.7000 -37.3619
v -143.5468 53.7000 -40.7843
v -138.0220 53.7000 -43.5088
v -132.1887 53.7000 -45.4890
v -126.1470 53.7000 -46.6907
v -120.0000 53.7000 -47.0936
v -113.8530 53.7000 -46.6907
v -107.8113 53.7000 -45.4890
v -101.9780 53.7000 -43.5088
v -96.4532 53.7000 -40.7843
v -91.3312 53.7000 -37.3619
v -86.6998 53.7000 -33.3002
v -82.6381 53.7000 -28.6688
v -79.2157 53.7000 -23.5468
v -76.4912 53.7000 -18.0220
v -74.5110 53.7000 -12.1887
v -73.3093 53.7000 -6.1470
v -72.9064 47.5000 6.2000
v -72.5000 47.5000 0.0000
v -74.1185 47.5000 12.2939
v -76.1157 47.5000 18.1775
v -78.8638 47.5000 23.7500
v -82.3157 47.5000 28.9162
v -86.4124 47.5000 33.5876
v -91.0838 47.5000 37.6843
v -96.2500 47.5000 41.1362
v -101.8225 47.5000 43.8843
v -107.7061 47.5000 45.8815
v -113.8000 47.5000 47.0936
v -120.0000 47.5000 47.5000
v -126.2000 47.5000 47.0936
v -132.2939 47.5000 45.8815
v -138.1775 47.5000 43.8843
v -143.7500 47.5000 41.1362
v -148.9162 47.5000 37.6843
v -153.5876 47.5000 33.5876
v -157.6843 47.5000 28.9162
v -161.1362 47.5000 23.7500
v -163.8843 47.5000 18.1775
v -165.8815 47.5000 12.2939
v -167.0936 47.5000 6.2000
v -167.5000 47.5000 0.0000
v -167.0936 47.5000 -6.2000
v -165.8815 47.5000 -12.2939
v -163.8843 47.5000 -18.1775
v -161.1362 47.5000 -23.7500
v -157.6843 47.5000 -28.9162
v -153.5876 47.5000 -33.5876
v -148.9162 47.5000 -37.6843
v -143.7500 47.5000 -41.1362
v -138.1775 47.5000 -43.8843
v -132.2939 47.5000 -45.8815
v -126.2000 47.5000 -47.0936
v -120.0000 47.5000 -47.5000
v -113.8000 47.5000 -47.0936
v -107.7061 47.5000 -45.8815
v -101.8225 47.5000 -43.8843
v -96.2500 47.5000 -41.1362
v -91.0838 47.5000 -37.6843
v -86.4124 47.5000 -33.5876
v -82.3157 47.5000 -28.9162
v -78.8638 47.5000 -23.7500
v -76.1157 47.5000 -18.1775
v -74.1185 47.5000 -12.2939
v -72.9064 47.5000 -6.2000
v -73.3093 41.3000 6.1470
v -72.9064 41.3000 0.0000
v -74.5110 41.3000 12.1887
v -76.4912 41.3000 18.0220
v -79.2157 41.3000 23.5468
v -82.6381 41.3000 28.6688
v -86.6998 41.3000 33.3002
v -91.3312 41.3000 37.3619
v -96.4532 41.3000 40.7843
v -101.9780 41.3000 43.5088
v -107.8113 41.3000 45.4890
v -113.8530 41.3000 46.6907
v -120.0000 41.3000 47.0936
v -126.1470 41.3000 46.6907
v -132.1887 41.3000 45.4890
v -138.0220 41.3000 43.5088
v -143.5468 41.3000 40.7843
v -148.6688 41.3000 37.3619
v -153.3002 41.3000 33.3002
v -157.3619 41.3000 28.6688
v -160.7843 41.3000 23.5468
v -163.5088 41.3000 18.0220
v -165.4890 41.3000 12.1887
v -166.6907 41.3000 6.1470
v -167.0936 41.3000 0.0000
v -166.6907 41.3000 -6.1470
v -165.4890 41.3000 -12.1887
v -163.5088 41.3000 -18.0220
v -160.7843 41.3000 -23.5468
v -157.3619 41.3000 -28.6688
v -153.3002 41.3000 -33.3002
v -148.6688 41.3000 -37.3619
v -143.5468 41.3000 -40.7843
v -138.0220 41.3000 -43.5088
v -132.1887 41.3000 -45.4890
v -126.1470 41.3000 -46.6907
v -120.0000 41.3000 -47.0936
v -113.8530 41.3000 -46.6907
v -107.8113 41.3000 -45.4890
v -101.9780 41.3000 -43.5088
v -96.4532 41.3000 -40.7843
v -91.3312 41.3000 -37.3619
v -86.6998 41.3000 -33.3002
v -82.6381 41.3000 -28.6688
v -79.2157 41.3000 -23.5468
v -76.4912 41.3000 -18.0220
v -74.5110 41.3000 -12.1887
v -73.3093 41.3000 -6.1470
v -74.5110 35.2061 5.9887
v -74.1185 35.2061 0.0000
v -75.6819 35.2061 11.8750
v -77.6110 35.2061 17.5581
v -80.2655 35.2061 22.9407
v -83.5998 35.2061 27.9309
v -87.5569 35.2061 32.4431
v -92.0691 35.2061 36.4002
v -97.0593 35.2061 39.7345
v -102.4419 35.2061 42.3890
v -108.1250 35.2061 44.3181
v -114.0113 35.2061 45.4890
v -120.0000 35.2061 45.8815
v -125.9887 35.2061 45.4890
v -131.8750 35.2061 44.3181
v -137.5581 35.2061 42.3890
v -142.9407 35.2061 39.7345
v -147.9309 35.2061 36.4002
v -152.4431 35.2061 32.4431
v -156.4002 35.2061 27.9309
v -159.7345 35.2061 22.9407
v -162.3890 35.2061 17.5581
v -164.3181 35.2061 11.8750
v -165.4890 35.2061 5.9887
v -165.8815 35.2061 0.0000
v -165.4890 35.2061 -5.9887
v -164.3181 35.2061 -11.8750
v -162.3890 35.2061 -17.5581
v -159.7345 35.2061 -22.9407
v -156.4002 35.2061 -27.9309
v -152.4431 35.2061 -32.4431
v -147.9309 35.2061 -36.4002
v -142.9407 35.2061 -39.7345
v -137.5581 35.2061 -42.3890
v -131.8750 35.2061 -44.3181
v -125.9887 35.2061 -45.4890
v -120.0000 35.2061 -45.8815
v -114.0113 35.2061 -45.4890
v -108.1250 35.2061 -44.3181
v -102.4419 35.2061 -42.3890
v -97.0593 35.2061 -39.7345
v -92.0691 35.2061 -36.4002
v -87.5569 35.2061 -32.4431
v -83.5998 35.2061 -27.9309
v -80.2655 35.2061 -22.9407
v -77.6110 35.2061 -17.5581
v -75.6819 35.2061 -11.8750
v -74.5110 35.2061 -5.9887
v -76.4912 29.3225 5.7280
v -76.1157 29.3225 0.0000
v -77.6110 29.3225 11.3581
v -79.4562 29.3225 16.7938
v -81.9951 29.3225 21.9421
v -85.1843 29.3225 26.7151
v -88.9691 29.3225 31.0309
v -93.2849 29.3225 34.8157
v -98.0579 29.3225 38.0049
v -103.2062 29.3225 40.5438
v -108.6419 29.3225 42.3890
v -114.2720 29.3225 43.5088
v -120.0000 29.3225 43.8843
v -125.7280 29.3225 43.5088
v -131.3581 29.3225 42.3890
v -136.7938 29.3225 40.5438
v -141.9421 29.3225 38.0049
v -146.7151 29.3225 34.8157
v -151.0309 29.3225 31.0309
v -154.8157 29.3225 26.7151
v -158.0049 29.3225 21.9421
v -160.5438 29.3225 16.7938
v -162.3890 29.3225 11.3581
v -163.5088 29.3225 5.7280
v -163.8843 29.3225 0.0000
v -163.5088 29.3225 -5.7280
v -162.3890 29.3225 -11.3581
v -160.5438 29.3225 -16.7938
v -158.0049 29.3225 -21.9421
v -154.8157 29.3225 -26.7151
v -151.0309 29.3225 -31.0309
v -146.7151 29.3225 -34.8157
v -141.9421 29.3225 -38.0049
v -136.7938 29.3225 -40.5438
v -131.3581 29.3225 -42.3890
v -125.7280 29.3225 -43.5088
v -120.0000 29.3225 -43.8843
v -114.2720 29.3225 -43.5088
v -108.6419 29.3225 -42.3890
v -103.2062 29.3225 -40.5438
v -98.0579 29.3225 -38.0049
v -93.2849 29.3225 -34.8157
v -88.9691 29.3225 -31.0309
v -85.1843 29.3225 -26.7151
v -81.9951 29.3225 -21.9421
v -79.4562 29.3225 -16.7938
v -77.6110 29.3225 -11.3581
v -76.4912 29.3225 -5.7280
v -79.2157 23.7500 5.3694
v -78.8638 23.7500 0.0000
v -80.2655 23.7500 10.6468
v -81.9951 23.7500 15.7421
v -84.3750 23.7500 20.5681
v -87.3645 23.7500 25.0421
v -90.9123 23.7500 29.0877
v -94.9579 23.7500 32.6355
v -99.4319 23.7500 35.6250
v -104.2579 23.7500 38.0049
v -109.3532 23.7500 39.7345
v -114.6306 23.7500 40.7843
v -120.0000 23.7500 41.1362
v -125.3694 23.7500 40.7843
v -130.6468 23.7500 39.7345
v -135.7421 23.7500 38.0049
v -140.5681 23.7500 35.6250
v -145.0421 23.7500 32.6355
v -149.0877 23.7500 29.0877
v -152.6355 23.7500 25.0421
v -155.6250 23.7500 20.5681
v -158.0049 23.7500 15.7421
v -159.7345 23.7500 10.6468
v -160.7843 23.7500 5.3694
v -161.1362 23.7500 0.0000
v -160.7843 23.7500 -5.3694
v -159.7345 23.7500 -10.6468
v -158.0049 23.7500 -15.7421
v -155.6250 23.7500 -20.5681
v -152.6355 23.7500 -25.0421
v -149.0877 23.7500 -29.0877
v -145.0421 23.7500 -32.6355
v -140.5681 23.7500 -35.6250
v -135.7421 23.7500 -38.0049
v -130.6468 23.7500 -39.7345
v -125.3694 23.7500 -40.7843
v -120.0000 23.7500 -41.1362
v -114.6306 23.7500 -40.7843
v -109.3532 23.7500 -39.7345
v -104.2579 23.7500 -38.0049
v -99.4319 23.7500 -35.6250
v -94.9579 23.7500 -32.6355
v -90.9123 23.7500 -29.0877
v -87.3645 23.7500 -25.0421
v -84.3750 23.7500 -20.5681
v -81.9951 23.7500 -15.7421
v -80.2655 23.7500 -10.6468
v -79.2157 23.7500 -5.3694
v -82.6381 18.5838 4.9188
v -82.3157 18.5838 0.0000
v -83.5998 18.5838 9.7534
v -85.1843 18.5838 14.4212
v -87.3645 18.5838 18.8421
v -90.1030 18.5838 22.9407
v -93.3532 18.5838 26.6468
v -97.0593 18.5838 29.8970
v -101.1579 18.5838 32.6355
v -105.5788 18.5838 34.8157
v -110.2466 18.5838 36.4002
v -115.0812 18.5838 37.3619
v -120.0000 18.5838 37.6843
v -124.9188 18.5838 37.3619
v -129.7534 18.5838 36.4002
v -134.4212 18.5838 34.8157
v -138.8421 18.5838 32.6355
v -142.9407 18.5838 29.8970
v -146.6468 18.5838 26.6468
v -149.8970 18.5838 22.9407
v -152.6355 18.5838 18.8421
v -154.8157 18.5838 14.4212
v -156.4002 18.5838 9.7534
v -157.3619 18.5838 4.9188
v -157.6843 18.5838 0.0000
v -157.3619 18.5838 -4.9188
v -156.4002 18.5838 -9.7534
v -154.8157 18.5838 -14.4212
v -152.6355 18.5838 -18.8421
v -149.8970 18.5838 -22.9407
v -146.6468 18.5838 -26.6468
v -142.9407 18.5838 -29.8970
v -138.8421 18.5838 -32.6355
v -134.4212 18.5838 -34.8157
v -129.7534 18.5838 -36.4002
v -124.9188 18.5838 -37.3619
v -120.0000 18.5838 -37.6843
v -115.0812 18.5838 -37.3619
v -110.2466 18.5838 -36.4002
v -105.5788 18.5838 -34.8157
v -101.1579 18.5838 -32.6355
v -97.0593 18.5838 -29.8970
v -93.3532 18.5838 -26.6468
v -90.1030 18.5838 -22.9407
v -87.3645 18.5838 -18.8421
v -85.1843 18.5838 -14.4212
v -83.5998 18.5838 -9.7534
v -82.6381 18.5838 -4.9188
v -86.6998 13.9124 4.3841
v -86.4124 13.9124 0.0000
v -87.5569 13.9124 8.6931
v -88.9691 13.9124 12.8534
v -90.9123 13.9124 16.7938
v -93.3532 13.9124 20.4468
v -96.2500 13.9124 23.7500
v -99.5532 13.9124 26.6468
v -103.2062 13.9124 29.0877
v -107.1466 13.9124 31.0309
v -111.3069 13.9124 32.4431
v -115.6159 13.9124 33.3002
v -120.0000 13.9124 33.5876
v -124.3841 13.9124 33.3002
v -128.6931 13.9124 32.4431
v -132.8534 13.9124 31.0309
v -136.7938 13.9124 29.0877
v -140.4468 13.9124 26.6468
v -143.7500 13.9124 23.7500
v -146.6468 13.9124 20.4468
v -149.0877 13.9124 16.7938
v -151.0309 13.9124 12.8534
v -152.4431 13.9124 8.6931
v -153.3002 13.9124 4.3841
v -153.5876 13.9124 0.0000
v -153.3002 13.9124 -4.3841
v -152.4431 13.9124 -8.6931
v -151.0309 13.9124 -12.8534
v -149.0877 13.9124 -16.7938
v -146.6468 13.9124 -20.4468
v -143.7500 13.9124 -23.7500
v -140.4468 13.9124 -26.6468
v -136.7938 13.9124 -29.0877
v -132.8534 13.9124 -31.0309
v -128.6931 13.9124 -32.4431
v -124.3841 13.9124 -33.3002
v -120.0000 13.9124 -33.5876
v -115.6159 13.9124 -33.3002
v -111.3069 13.9124 -32.4431
v -107.1466 13.9124 -31.0309
v -103.2062 13.9124 -29.0877
v -99.5532 13.9124 -26.6468
v -96.2500 13.9124 -23.7500
v -93.3532 13.9124 -20.4468
v -90.9123 13.9124 -16.7938
v -88.9691 13.9124 -12.8534
v -87.5569 13.9124 -8.6931
v -86.6998 13.9124 -4.3841
v -91.3312 9.8157 3.7743
v -91.0838 9.8157 0.0000
v -92.0691 9.8157 7.4841
v -93.2849 9.8157 11.0657
v -94.9579 9.8157 14.4581
v -97.0593 9.8157 17.6030
v -99.5532 9.8157 20.4468
v -102.3970 9.8157 22.9407
v -105.5419 9.8157 25.0421
v -108.9343 9.8157 26.7151
v -112.5159 9.8157 27.9309
v -116.2257 9.8157 28.6688
v -120.0000 9.8157 28.9162
v -123.7743 9.8157 28.6688
v -127.4841 9.8157 27.9309
v -131.0657 9.8157 26.7151
v -134.4581 9.8157 25.0421
v -137.6030 9.8157 22.9407
v -140.4468 9.8157 20.4468
v -142.9407 9.8157 17.6030
v -145.0421 9.8157 14.4581
v -146.7151 9.8157 11.0657
v -147.9309 9.8157 7.4841
v -148.6688 9.8157 3.7743
v -148.9162 9.8157 0.0000
v -148.6688 9.8157 -3.7743
v -147.9309 9.8157 -7.4841
v -146.7151 9.8157 -11.0657
v -145.0421 9.8157 -14.4581
v -142.9407 9.8157 -17.6030
v -140.4468 9.8157 -20.4468
v -137.6030 9.8157 -22.9407
v -134.4581 9.8157 -25.0421
v -131.0657 9.8157 -26.7151
v -127.4841 9.8157 -27.9309
v -123.7743 9.8157 -28.6688
v -120.0000 9.8157 -28.9162
v -116.2257 9.8157 -28.6688
v -112.5159 9.8157 -27.9309
v -108.9343 9.8157 -26.7151
v -105.5419 9.8157 -25.0421
v -102.3970 9.8157 -22.9407
v -99.5532 9.8157 -20.4468
v -97.0593 9.8157 -17.6030
v -94.9579 9.8157 -14.4581
v -93.2849 9.8157 -11.0657
v -92.0691 9.8157 -7.4841
v -91.3312 9.8157 -3.7743
v -96.4532 6.3638 3.1000
v -96.2500 6.3638 0.0000
v -97.0593 6.3638 6.1470
v -98.0579 6.3638 9.0887
v -99.4319 6.3638 11.8750
v -101.1579 6.3638 14.4581
v -103.2062 6.3638 16.7938
v -105.5419 6.3638 18.8421
v -108.1250 6.3638 20.5681
v -110.9113 6.3638 21.9421
v -113.8530 6.3638 22.9407
v -116.9000 6.3638 23.5468
v -120.0000 6.3638 23.7500
v -123.1000 6.3638 23.5468
v -126.1470 6.3638 22.9407
v -129.0887 6.3638 21.9421
v -131.8750 6.3638 20.5681
v -134.4581 6.3638 18.8421
v -136.7938 6.3638 16.7938
v -138.8421 6.3638 14.4581
v -140.5681 6.3638 11.8750
v -141.9421 6.3638 9.0887
v -142.9407 6.3638 6.1470
v -143.5468 6.3638 3.1000
v -143.7500 6.3638 0.0000
v -143.5468 6.3638 -3.1000
v -142.9407 6.3638 -6.1470
v -141.9421 6.3638 -9.0887
v -140.5681 6.3638 -11.8750
v -138.8421 6.3638 -14.4581
v -136.7938 6.3638 -16.7938
v -134.4581 6.3638 -18.8421
v -131.8750 6.3638 -20.5681
v -129.0887 6.3638 -21.9421
v -126.1470 6.3638 -22.9407
v -123.1000 6.3638 -23.5468
v -120.0000 6.3638 -23.7500
v -116.9000 6.3638 -23.5468
v -113.8530 6.3638 -22.9407
v -110.9113 6.3638 -21.9421
v -108.1250 6.3638 -20.5681
v -105.5419 6.3638 -18.8421
v -103.2062 6.3638 -16.7938
v -101.1579 6.3638 -14.4581
v -99.4319 6.3638 -11.8750
v -98.0579 6.3638 -9.0887
v -97.0593 6.3638 -6.1470
v -96.4532 6.3638 -3.1000
v -101.9780 3.6157 2.3726
v -101.8225 3.6157 0.0000
v -102.4419 3.6157 4.7047
v -103.2062 3.6157 6.9562
v -104.2579 3.6157 9.0887
v -105.5788 3.6157 11.0657
v -107.1466 3.6157 12.8534
v -108.9343 3.6157 14.4212
v -110.9113 3.6157 15.7421
v -113.0438 3.6157 16.7938
v -115.2953 3.6157 17.5581
v -117.6274 3.6157 18.0220
v -120.0000 3.6157 18.1775
v -122.3726 3.6157 18.0220
v -124.7047 3.6157 17.5581
v -126.9562 3.6157 16.7938
v -129.0887 3.6157 15.7421
v -131.0657 3.6157 14.4212
v -132.8534 3.6157 12.8534
v -134.4212 3.6157 11.0657
v -135.7421 3.6157 9.0887
v -136.7938 3.6157 6.9562
v -137.5581 3.6157 4.7047
v -138.0220 3.6157 2.3726
v -138.1775 3.6157 0.0000
v -138.0220 3.6157 -2.3726
v -137.5581 3.6157 -4.7047
v -136.7938 3.6157 -6.9562
v -135.7421 3.6157 -9.0887
v -134.4212 3.6157 -11.0657
v -132.8534 3.6157 -12.8534
v -131.0657 3.6157 -14.4212
v -129.0887 3.6157 -15.7421
v -126.9562 3.6157 -16.7938
v -124.7047 3.6157 -17.5581
v -122.3726 3.6157 -18.0220
v -120.0000 3.6157 -18.1775
v -117.6274 3.6157 -18.0220
v -115.2953 3.6157 -17.5581
v -113.0438 3.6157 -16.7938
v -110.9113 3.6157 -15.7421
v -108.9343 3.6157 -14.4212
v -107.1466 3.6157 -12.8534
v -105.5788 3.6157 -11.0657
v -104.2579 3.6157 -9.0887
v -103.2062 3.6157 -6.9562
v -102.4419 3.6157 -4.7047
v -101.9780 3.6157 -2.3726
v -107.8113 1.6185 1.6047
v -107.7061 1.6185 0.0000
v -108.1250 1.6185 3.1819
v -108.6419 1.6185 4.7047
v -109.3532 1.6185 6.1470
v -110.2466 1.6185 7.4841
v -111.3069 1.6185 8.6931
v -112.5159 1.6185 9.7534
v -113.8530 1.6185 10.6468
v -115.2953 1.6185 11.3581
v -116.8181 1.6185 11.8750
v -118.3953 1.6185 12.1887
v -120.0000 1.6185 12.2939
v -121.6047 1.6185 12.1887
v -123.1819 1.6185 11.8750
v -124.7047 1.6185 11.3581
v -126.1470 1.6185 10.6468
v -127.4841 1.6185 9.7534
v -128.6931 1.6185 8.6931
v -129.7534 1.6185 7.4841
v -130.6468 1.6185 6.1470
v -131.3581 1.6185 4.7047
v -131.8750 1.6185 3.1819
v -132.1887 1.6185 1.6047
v -132.2939 1.6185 0.0000
v -132.1887 1.6185 -1.6047
v -131.8750 1.6185 -3.1819
v -131.3581 1.6185 -4.7047
v -130.6468 1.6185 -6.1470
v -129.7534 1.6185 -7.4841
v -128.6931 1.6185 -8.6931
v -127.4841 1.6185 -9.7534
v -126.1470 1.6185 -10.6468
v -124.7047 1.6185 -11.3581
v -123.1819 1.6185 -11.8750
v -121.6047 1.6185 -12.1887
v -120.0000 1.6185 -12.2939
v -118.3953 1.6185 -12.1887
v -116.8181 1.6185 -11.8750
v -115.2953 1.6185 -11.3581
v -113.8530 1.6185 -10.6468
v -112.5159 1.6185 -9.7534
v -111.3069 1.6185 -8.6931
v -110.2466 1.6185 -7.4841
v -109.3532 1.6185 -6.1470
v -108.6419 1.6185 -4.7047
v -108.1250 1.6185 -3.1819
v -107.8113 1.6185 -1.6047
v -113.8530 0.4064 0.8093
v -113.8000 0.4064 0.0000
v -114.0113 0.4064 1.6047
v -114.2720 0.4064 2.3726
v -114.6306 0.4064 3.1000
v -115.0812 0.4064 3.7743
v -115.6159 0.4064 4.3841
v -116.2257 0.4064 4.9188
v -116.9000 0.4064 5.3694
v -117.6274 0.4064 5.7280
v -118.3953 0.4064 5.9887
v -119.1907 0.4064 6.1470
v -120.0000 0.4064 6.2000
v -120.8093 0.4064 6.1470
v -121.6047 0.4064 5.9887
v -122.3726 0.4064 5.7280
v -123.1000 0.4064 5.3694
v -123.7743 0.4064 4.9188
v -124.3841 0.4064 4.3841
v -124.9188 0.4064 3.7743
v -125.3694 0.4064 3.1000
v -125.7280 0.4064 2.3726
v -125.9887 0.4064 1.6047
v -126.1470 0.4064 0.8093
v -126.2000 0.4064 0.0000
v -126.1470 0.4064 -0.8093
v -125.9887 0.4064 -1.6047
v -125.7280 0.4064 -2.3726
v -125.3694 0.4064 -3.1000
v -124.9188 0.4064 -3.7743
v -124.3841 0.4064 -4.3841
v -123.7743 0.4064 -4.9188
v -123.1000 0.4064 -5.3694
v -122.3726 0.4064 -5.7280
v -121.6047 0.4064 -5.9887
v -120.8093 0.4064 -6.1470
v -120.0000 0.4064 -6.2000
v -119.1907 0.4064 -6.1470
v -118.3953 0.4064 -5.9887
v -117.6274 0.4064 -5.7280
v -116.9000 0.4064 -5.3694
v -116.2257 0.4064 -4.9188
v -115.6159 0.4064 -4.3841
v -115.0812 0.4064 -3.7743
v -114.6306 0.4064 -3.1000
v -114.2720 0.4064 -2.3726
v -114.0113 0.4064 -1.6047
v -113.8530 0.4064 -0.8093
v -120.0000 0.0000 0.0000
v 0.0000 95.0000 0.0000
v 6.1470 94.5936 0.8093
v 6.2000 94.5936 0.0000
v 5.9887 94.5936 1.6047
v 5.7280 94.5936 2.3726
v 5.3694 94.5936 3.1000
v 4.9188 94.5936 3.7743
v 4.3841 94.5936 4.3841
v 3.7743 94.5936 4.9188
v 3.1000 94.5936 5.3694
v 2.3726 94.5936 5.7280
v 1.6047 94.5936 5.9887
v 0.8093 94.5936 6.1470
v 0.0000 94.5936 6.2000
v -0.8093 94.5936 6.1470
v -1.6047 94.5936 5.9887
v -2.3726 94.5936 5.7280
v -3.1000 94.5936 5.3694
v -3.7743 94.5936 4.9188
v -4.3841 94.5936 4.3841
v -4.9188 94.5936 3.7743
v -5.3694 94.5936 3.1000
v -5.7280 94.5936 2.3726
v -5.9887 94.5936 1.6047
v -6.1470 94.5936 0.8093
v -6.2000 94.5936 0.0000
v -6.1470 94.5936 -0.8093
v -5.9887 94.5936 -1.6047
v -5.7280 94.5936 -2.3726
v -5.3694 94.5936 -3.1000
v -4.9188 94.5936 -3.7743
v -4.3841 94.5936 -4.3841
v -3.7743 94.5936 -4.9188
v -3.1000 94.5936 -5.3694
v -2.3726 94.5936 -5.7280
v -1.6047 94.5936 -5.9887
v -0.8093 94.5936 -6.1470
v -0.0000 94.5936 -6.2000
v 0.8093 94.5936 -6.1470
v 1.6047 94.5936 -5.9887
v 2.3726 94.5936 -5.7280
v 3.1000 94.5936 -5.3694
v 3.7743 94.5936 -4.9188
v 4.3841 94.5936 -4.3841
v 4.9188 94.5936 -3.7743
v 5.3694 94.5936 -3.1000
v 5.7280 94.5936 -2.3726
v 5.9887 94.5936 -1.6047
v 6.1470 94.5936 -0.8093
v 12.1887 93.3815 1.6047
v 12.2939 93.3815 0.0000
v 11.8750 93.3815 3.1819
v 11.3581 93.3815 4.7047
v 10.6468 93.3815 6.1470
v 9.7534 93.3815 7.4841
v 8.6931 93.3815 8.6931
v 7.4841 93.3815 9.7534
v 6.1470 93.3815 10.6468
v 4.7047 93.3815 11.3581
v 3.1819 93.3815 11.8750
v 1.6047 93.3815 12.1887
v 0.0000 93.3815 12.2939
v -1.6047 93.3815 12.1887
v -3.1819 93.3815 11.8750
v -4.7047 93.3815 11.3581
v -6.1470 93.3815 10.6468
v -7.4841 93.3815 9.7534
v -8.6931 93.3815 8.6931
v -9.7534 93.3815 7.4841
v -10.6468 93.3815 6.1470
v -11.3581 93.3815 4.7047
v -11.8750 93.3815 3.1819
v -12.1887 93.3815 1.6047
v -12.2939 93.3815 0.0000
v -12.1887 93.3815 -1.6047
v -11.8750 93.3815 -3.1819
v -11.3581 93.3815 -4.7047
v -10.6468 93.3815 -6.1470
v -9.7534 93.3815 -7.4841
v -8.6931 93.3815 -8.6931
v -7.4841 93.3815 -9.7534
v -6.1470 93.3815 -10.6468
v -4.7047 93.3815 -11.3581
v -3.1819 93.3815 -11.8750
v -1.6047 93.3815 -12.1887
v -0.0000 93.3815 -12.2939
v 1.6047 93.3815 -12.1887
v 3.1819 93.3815 -11.8750
v 4.7047 93.3815 -11.3581
v 6.1470 93.3815 -10.6468
v 7.4841 93.3815 -9.7534
v 8.6931 93.3815 -8.6931
v 9.7534 93.3815 -7.4841
v 10.6468 93.3815 -6.1470
v 11.3581 93.3815 -4.7047
v 11.8750 93.3815 -3.1819
v 12.1887 93.3815 -1.6047
v 18.0220 91.3843 2.3726
v 18.1775 91.3843 0.0000
v 17.5581 91.3843 4.7047
v 16.7938 91.3843 6.9562
v 15.7421 91.3843 9.0887
v 14.4212 91.3843 11.0657
v 12.8534 91.3843 12.8534
v 11.0657 91.3843 14.4212
v 9.0887 91.3843 15.7421
v 6.9562 91.3843 16.7938
v 4.7047 91.3843 17.5581
v 2.3726 91.3843 18.0220
v 0.0000 91.3843 18.1775
v -2.3726 91.3843 18.0220
v -4.7047 91.3843 17.5581
v -6.9562 91.3843 16.7938
v -9.0887 91.3843 15.7421
v -11.0657 91.3843 14.4212
v -12.8534 91.3843 12.8534
v -14.4212 91.3843 11.0657
v -15.7421 91.3843 9.0887
v -16.7938 91.3843 6.9562
v -17.5581 91.3843 4.7047
v -18.0220 91.3843 2.3726
v -18.1775 91.3843 0.0000
v -18.0220 91.3843 -2.3726
v -17.5581 91.3843 -4.7047
v -16.7938 91.3843 -6.9562
v -15.7421 91.3843 -9.0887
v -14.4212 91.3843 -11.0657
v -12.8534 91.3843 -12.8534
v -11.0657 91.3843 -14.4212
v -9.0887 91.3843 -15.7421
v -6.9562 91.3843 -16.7938
v -4.7047 91.3843 -17.5581
v -2.3726 91.3843 -18.0220
v -0.0000 91.3843 -18.1775
v 2.3726 91.3843 -18.0220
v 4.7047 91.3843 -17.5581
v 6.9562 91.3843 -16.7938
v 9.0887 91.3843 -15.7421
v 11.0657 91.3843 -14.4212
v 12.8534 91.3843 -12.8534
v 14.4212 91.3843 -11.0657
v 15.7421 91.3843 -9.0887
v 16.7938 91.3843 -6.9562
v 17.5581 91.3843 -4.7047
v 18.0220 91.3843 -2.3726
v 23.5468 88.6362 3.1000
v 23.7500 88.6362 0.0000
v 22.9407 88.6362 6.1470
v 21.9421 88.6362 9.0887
v 20.5681 88.6362 11.8750
v 18.8421 88.6362 14.4581
v 16.7938 88.6362 16.7938
v 14.4581 88.6362 18.8421
v 11.8750 88.6362 20.5681
v 9.0887 88.6362 21.9421
v 6.1470 88.6362 22.9407
v 3.1000 88.6362 23.5468
v 0.0000 88.6362 23.7500
v -3.1000 88.6362 23.5468
v -6.1470 88.6362 22.9407
v -9.0887 88.6362 21.9421
v -11.8750 88.6362 20.5681
v -14.4581 88.6362 18.8421
v -16.7938 88.6362 16.7938
v -18.8421 88.6362 14.4581
v -20.5681 88.6362 11.8750
v -21.9421 88.6362 9.0887
v -22.9407 88.6362 6.1470
v -23.5468 88.6362 3.1000
v -23.7500 88.6362 0.0000
v -23.5468 88.6362 -3.1000
v -22.9407 88.6362 -6.1470
v -21.9421 88.6362 -9.0887
v -20.5681 88.6362 -11.8750
v -18.8421 88.6362 -14.4581
v -16.7938 88.6362 -16.7938
v -14.4581 88.6362 -18.8421
v -11.8750 88.6362 -20.5681
v -9.0887 88.6362 -21.9421
v -6.1470 88.6362 -22.9407
v -3.1000 88.6362 -23.5468
v -0.0000 88.6362 -23.7500
v 3.1000 88.6362 -23.5468
v 6.1470 88.6362 -22.9407
v 9.0887 88.6362 -21.9421
v 11.8750 88.6362 -20.5681
v 14.4581 88.6362 -18.8421
v 16.7938 88.6362 -16.7938
v 18.8421 88.6362 -14.4581
v 20.5681 88.6362 -11.8750
v 21.9421 88.6362 -9.0887
v 22.9407 88.6362 -6.1470
v 23.5468 88.6362 -3.1000
v 28.6688 85.1843 3.7743
v 28.9162 85.1843 0.0000
v 27.9309 85.1843 7.4841
v 26.7151 85.1843 11.0657
v 25.0421 85.1843 14.4581
v 22.9407 85.1843 17.6030
v 20.4468 85.1843 20.4468
v 17.6030 85.1843 22.9407
v 14.4581 85.1843 25.0421
v 11.0657 85.1843 26.7151
v 7.4841 85.1843 27.9309
v 3.7743 85.1843 28.6688
v 0.0000 85.1843 28.9162
v -3.7743 85.1843 28.6688
v -7.4841 85.1843 27.9309
v -11.0657 85.1843 26.7151
v -14.4581 85.1843 25.0421
v -17.6030 85.1843 22.9407
v -20.4468 85.1843 20.4468
v -22.9407 85.1843 17.6030
v -25.0421 85.1843 14.4581
v -26.7151 85.1843 11.0657
v -27.9309 85.1843 7.4841
v -28.6688 85.1843 3.7743
v -28.9162 85.1843 0.0000
v -28.6688 85.1843 -3.7743
v -27.9309 85.1843 -7.4841
v -26.7151 85.1843 -11.0657
v -25.0421 85.1843 -14.4581
v -22.9407 85.1843 -17.6030
v -20.4468 85.1843 -20.4468
v -17.6030 85.1843 -22.9407
v -14.4581 85.1843 -25.0421
v -11.0657 85.1843 -26.7151
v -7.4841 85.1843 -27.9309
v -3.7743 85.1843 -28.6688
v -0.0000 85.1843 -28.9162
v 3.7743 85.1843 -28.6688
v 7.4841 85.1843 -27.9309
v 11.0657 85.1843 -26.7151
v 14.4581 85.1843 -25.0421
v 17.6030 85.1843 -22.9407
v 20.4468 85.1843 -20.4468
v 22.9407 85.1843 -17.6030
v 25.0421 85.1843 -14.4581
v 26.7151 85.1843 -11.0657
v 27.9309 85.1843 -7.4841
v 28.6688 85.1843 -3.7743
v 33.3002 81.0876 4.3841
v 33.5876 81.0876 0.0000
v 32.4431 81.0876 8.6931
v 31.0309 81.0876 12.8534
v 29.0877 81.0876 16.7938
v 26.6468 81.0876 20.4468
v 23.7500 81.0876 23.7500
v 20.4468 81.0876 26.6468
v 16.7938 81.0876 29.0877
v 12.8534 81.0876 31.0309
v 8.6931 81.0876 32.4431
v 4.3841 81.0876 33.3002
v 0.0000 81.0876 33.5876
v -4.3841 81.0876 33.3002
v -8.6931 81.0876 32.4431
v -12.8534 81.0876 31.0309
v -16.7938 81.0876 29.0877
v -20.4468 81.0876 26.6468
v -23.7500 81.0876 23.7500
v -26.6468 81.0876 20.4468
v -29.0877 81.0876 16.7938
v -31.0309 81.0876 12.8534
v -32.4431 81.0876 8.6931
v -33.3002 81.0876 4.3841
v -33.5876 81.0876 0.0000
v -33.3002 81.0876 -4.3841
v -32.4431 81.0876 -8.6931
v -31.0309 81.0876 -12.8534
v -29.0877 81.0876 -16.7938
v -26.6468 81.0876 -20.4468
v -23.7500 81.0876 -23.7500
v -20.4468 81.0876 -26.6468
v -16.7938 81.0876 -29.0877
v -12.8534 81.0876 -31.0309
v -8.6931 81.0876 -32.4431
v -4.3841 81.0876 -33.3002
v -0.0000 81.0876 -33.5876
v 4.3841 81.0876 -33.3002
v 8.6931 81.0876 -32.4431
v 12.8534 81.0876 -31.0309
v 16.7938 81.0876 -29.0877
v 20.4468 81.0876 -26.6468
v 23.7500 81.0876 -23.7500
v 26.6468 81.0876 -20.4468
v 29.0877 81.0876 -16.7938
v 31.0309 81.0876 -12.8534
v 32.4431 81.0876 -8.6931
v 33.3002 81.0876 -4.3841
v 37.3619 76.4162 4.9188
v 37.6843 76.4162 0.0000
v 36.4002 76.4162 9.7534
v 34.8157 76.4162 14.4212
v 32.6355 76.4162 18.8421
v 29.8970 76.4162 22.9407
v 26.6468 76.4162 26.6468
v 22.9407 76.4162 29.8970
v 18.8421 76.4162 32.6355
v 14.4212 76.4162 34.8157
v 9.7534 76.4162 36.4002
v 4.9188 76.4162 37.3619
v 0.0000 76.4162 37.6843
v -4.9188 76.4162 37.3619
v -9.7534 76.4162 36.4002
v -14.4212 76.4162 34.8157
v -18.8421 76.4162 32.6355
v -22.9407 76.4162 29.8970
v -26.6468 76.4162 26.6468
v -29.8970 76.4162 22.9407
v -32.6355 76.4162 18.8421
v -34.8157 76.4162 14.4212
v -36.4002 76.4162 9.7534
v -37.3619 76.4162 4.9188
v -37.6843 76.4162 0.0000
v -37.3619 76.4162 -4.9188
v -36.4002 76.4162 -9.7534
v -34.8157 76.4162 -14.4212
v -32.6355 76.4162 -18.8421
v -29.8970 76.4162 -22.9407
v -26.6468 76.4162 -26.6468
v -22.9407 76.4162 -29.8970
v -18.8421 76.4162 -32.6355
v -14.4212 76.4162 -34.8157
v -9.7534 76.4162 -36.4002
v -4.9188 76.4162 -37.3619
v -0.0000 76.4162 -37.6843
v 4.9188 76.4162 -37.3619
v 9.7534 76.4162 -36.4002
v 14.4212 76.4162 -34.8157
v 18.8421 76.4162 -32.6355
v 22.9407 76.4162 -29.8970
v 26.6468 76.4162 -26.6468
v 29.8970 76.4162 -22.9407
v 32.6355 76.4162 -18.8421
v 34.8157 76.4162 -14.4212
v 36.4002 76.4162 -9.7534
v 37.3619 76.4162 -4.9188
v 40.7843 71.2500 5.3694
v 41.1362 71.2500 0.0000
v 39.7345 71.2500 10.6468
v 38.0049 71.2500 15.7421
v 35.6250 71.2500 20.5681
v 32.6355 71.2500 25.0421
v 29.0877 71.2500 29.0877
v 25.0421 71.2500 32.6355
v 20.5681 71.2500 35.6250
v 15.7421 71.2500 38.0049
v 10.6468 71.2500 39.7345
v 5.3694 71.2500 40.7843
v 0.0000 71.2500 41.1362
v -5.3694 71.2500 40.7843
v -10.6468 71.2500 39.7345
v -15.7421 71.2500 38.0049
v -20.5681 71.2500 35.6250
v -25.0421 71.2500 32.6355
v -29.0877 71.2500 29.0877
v -32.6355 71.2500 25.0421
v -35.6250 71.2500 20.5681
v -38.0049 71.2500 15.7421
v -39.7345 71.2500 10.6468
v -40.7843 71.2500 5.3694
v -41.1362 71.2500 0.0000
v -40.7843 71.2500 -5.3694
v -39.7345 71.2500 -10.6468
v -38.0049 71.2500 -15.7421
v -35.6250 71.2500 -20.5681
v -32.6355 71.2500 -25.0421
v -29.0877 71.2500 -29.0877
v -25.0421 71.2500 -32.6355
v -20.5681 71.2500 -35.6250
v -15.7421 71.2500 -38.0049
v -10.6468 71.2500 -39.7345
v -5.3694 71.2500 -40.7843
v -0.0000 71.2500 -41.1362
v 5.3694 71.2500 -40.7843
v 10.6468 71.2500 -39.7345
v 15.7421 71.2500 -38.0049
v 20.5681 71.2500 -35.6250
v 25.0421 71.2500 -32.6355
v 29.0877 71.2500 -29.0877
v 32.6355 71.2500 -25.0421
v 35.6250 71.2500 -20.5681
v 38.0049 71.2500 -15.7421
v 39.7345 71.2500 -10.6468
v 40.7843 71.2500 -5.3694
v 43.5088 65.6775 5.7280
v 43.8843 65.6775 0.0000
v 42.3890 65.6775 11.3581
v 40.5438 65.6775 16.7938
v 38.0049 65.6775 21.9421
v 34.8157 65.6775 26.7151
v 31.0309 65.6775 31.0309
v 26.7151 65.6775 34.8157
v 21.9421 65.6775 38.0049
v 16.7938 65.6775 40.5438
v 11.3581 65.6775 42.3890
v 5.7280 65.6775 43.5088
v 0.0000 65.6775 43.8843
v -5.7280 65.6775 43.5088
v -11.3581 65.6775 42.3890
v -16.7938 65.6775 40.5438
v -21.9421 65.6775 38.0049
v -26.7151 65.6775 34.8157
v -31.0309 65.6775 31.0309
v -34.8157 65.6775 26.7151
v -38.0049 65.6775 21.9421
v -40.5438 65.6775 16.7938
v -42.3890 65.6775 11.3581
v -43.5088 65.6775 5.7280
v -43.8843 65.6775 0.0000
v -43.5088 65.6775 -5.7280
v -42.3890 65.6775 -11.3581
v -40.5438 65.6775 -16.7938
v -38.0049 65.6775 -21.9421
v -34.8157 65.6775 -26.7151
v -31.0309 65.6775 -31.0309
v -26.7151 65.6775 -34.8157
v -21.9421 65.6775 -38.0049
v -16.7938 65.6775 -40.5438
v -11.3581 65.6775 -42.3890
v -5.7280 65.6775 -43.5088
v -0.0000 65.6775 -43.8843
v 5.7280 65.6775 -43.5088
v 11.3581 65.6775 -42.3890
v 16.7938 65.6775 -40.5438
v 21.9421 65.6775 -38.0049
v 26.7151 65.6775 -34.8157
v 31.0309 65.6775 -31.0309
v 34.8157 65.6775 -26.7151
v 38.0049 65.6775 -21.9421
v 40.5438 65.6775 -16.7938
v 42.3890 65.6775 -11.3581
v 43.5088 65.6775 -5.7280
v 45.4890 59.7939 5.9887
v 45.8815 59.7939 0.0000
v 44.3181 59.7939 11.8750
v 42.3890 59.7939 17.5581
v 39.7345 59.7939 22.9407
v 36.4002 59.7939 27.9309
v 32.4431 59.7939 32.4431
v 27.9309 59.7939 36.4002
v 22.9407 59.7939 39.7345
v 17.5581 59.7939 42.3890
v 11.8750 59.7939 44.3181
v 5.9887 59.7939 45.4890
v 0.0000 59.7939 45.8815
v -5.9887 59.7939 45.4890
v -11.8750 59.7939 44.3181
v -17.5581 59.7939 42.3890
v -22.9407 59.7939 39.7345
v -27.9309 59.7939 36.4002
v -32.4431 59.7939 32.4431
v -36.4002 59.7939 27.9309
v -39.7345 59.7939 22.9407
v -42.3890 59.7939 17.5581
v -44.3181 59.7939 11.8750
v -45.4890 59.7939 5.9887
v -45.8815 59.7939 0.0000
v -45.4890 59.7939 -5.9887
v -44.3181 59.7939 -11.8750
v -42.3890 59.7939 -17.5581
v -39.7345 59.7939 -22.9407
v -36.4002 59.7939 -27.9309
v -32.4431 59.7939 -32.4431
v -27.9309 59.7939 -36.4002
v -22.9407 59.7939 -39.7345
v -17.5581 59.7939 -42.3890
v -11.8750 59.7939 -44.3181
v -5.9887 59.7939 -45.4890
v -0.0000 59.7939 -45.8815
v 5.9887 59.7939 -45.4890
v 11.8750 59.7939 -44.3181
v 17.5581 59.7939 -42.3890
v 22.9407 59.7939 -39.7345
v 27.9309 59.7939 -36.4002
v 32.4431 59.7939 -32.4431
v 36.4002 59.7939 -27.9309
v 39.7345 59.7939 -22.9407
v 42.3890 59.7939 -17.5581
v 44.3181 59.7939 -11.8750
v 45.4890 59.7939 -5.9887
v 46.6907 53.7000 6.1470
v 47.0936 53.7000 0.0000
v 45.4890 53.7000 12.1887
v 43.5088 53.7000 18.0220
v 40.7843 53.7000 23.5468
v 37.3619 53.7000 28.6688
v 33.3002 53.7000 33.3002
v 28.6688 53.7000 37.3619
v 23.5468 53.7000 40.7843
v 18.0220 53.7000 43.5088
v 12.1887 53.7000 45.4890
v 6.1470 53.7000 46.6907
v 0.0000 53.7000 47.0936
v -6.1470 53.7000 46.6907
v -12.1887 53.7000 45.4890
v -18.0220 53.7000 43.5088
v -23.5468 53.7000 40.7843
v -28.6688 53.7000 37.3619
v -33.3002 53.7000 33.3002
v -37.3619 53.7000 28.6688
v -40.7843 53.7000 23.5468
v -43.5088 53.7000 18.0220
v -45.4890 53.7000 12.1887
v -46.6907 53.7000 6.1470
v -47.0936 53.7000 0.0000
v -46.6907 53.7000 -6.1470
v -45.4890 53.7000 -12.1887
v -43.5088 53.7000 -18.0220
v -40.7843 53.7000 -23.5468
v -37.3619 53.7000 -28.6688
v -33.3002 53.7000 -33.3002
v -28.6688 53.7000 -37.3619
v -23.5468 53.7000 -40.7843
v -18.0220 53.7000 -43.5088
v -12.1887 53.7000 -45.4890
v -6.1470 53.7000 -46.6907
v -0.0000 53.7000 -47.0936
v 6.1470 53.7000 -46.6907
v 12.1887 53.7000 -45.4890
v 18.0220 53.7000 -43.5088
v 23.5468 53.7000 -40.7843
v 28.6688 53.7000 -37.3619
v 33.3002 53.7000 -33.3002
v 37.3619 53.7000 -28.6688
v 40.7843 53.7000 -23.5468
v 43.5088 53.7000 -18.0220
v 45.4890 53.7000 -12.1887
v 46.6907 53.7000 -6.1470
v 47.0936 47.5000 6.2000
v 47.5000 47.5000 0.0000
v 45.8815 47.5000 12.2939
v 43.8843 47.5000 18.1775
v 41.1362 47.5000 23.7500
v 37.6843 47.5000 28.9162
v 33.5876 47.5000 33.5876
v 28.9162 47.5000 37.6843
v 23.7500 47.5000 41.1362
v 18.1775 47.5000 43.8843
v 12.2939 47.5000 45.8815
v 6.2000 47.5000 47.0936
v 0.0000 47.5000 47.5000
v -6.2000 47.5000 47.0936
v -12.2939 47.5000 45.8815
v -18.1775 47.5000 43.8843
v -23.7500 47.5000 41.1362
v -28.9162 47.5000 37.6843
v -33.5876 47.5000 33.5876
v -37.6843 47.5000 28.9162
v -41.1362 47.5000 23.7500
v -43.8843 47.5000 18.1775
v -45.8815 47.5000 12.2939
v -47.0936 47.5000 6.2000
v -47.5000 47.5000 0.0000
v -47.0936 47.5000 -6.2000
v -45.8815 47.5000 -12.2939
v -43.8843 47.5000 -18.1775
v -41.1362 47.5000 -23.7500
v -37.6843 47.5000 -28.9162
v -33.5876 47.5000 -33.5876
v -28.9162 47.5000 -37.6843
v -23.7500 47.5000 -41.1362
v -18.1775 47.5000 -43.8843
v -12.2939 47.5000 -45.8815
v -6.2000 47.5000 -47.0936
v -0.0000 47.5000 -47.5000
v 6.2000 47.5000 -47.0936
v 12.2939 47.5000 -45.8815
v 18.1775 47.5000 -43.8843
v 23.7500 47.5000 -41.1362
v 28.9162 47.5000 -37.6843
v 33.5876 47.5000 -33.5876
v 37.6843 47.5000 -28.9162
v 41.1362 47.5000 -23.7500
v 43.8843 47.5000 -18.1775
v 45.8815 47.5000 -12.2939
v 47.0936 47.5000 -6.2000
v 46.6907 41.3000 6.1470
v 47.0936 41.3000 0.0000
v 45.4890 41.3000 12.1887
v 43.5088 41.3000 18.0220
v 40.7843 41.3000 23.5468
v 37.3619 41.3000 28.6688
v 33.3002 41.3000 33.3002
v 28.6688 41.3000 37.3619
v 23.5468 41.3000 40.7843
v 18.0220 41.3000 43.5088
v 12.1887 41.3000 45.4890
v 6.1470 41.3000 46.6907
v 0.0000 41.3000 47.0936
v -6.1470 41.3000 46.6907
v -12.1887 41.3000 45.4890
v -18.0220 41.3000 43.5088
v -23.5468 41.3000 40.7843
v -28.6688 41.3000 37.3619
v -33.3002 41.3000 33.3002
v -37.3619 41.3000 28.6688
v -40.7843 41.3000 23.5468
v -43.5088 41.3000 18.0220
v -45.4890 41.3000 12.1887
v -46.6907 41.3000 6.1470
v -47.0936 41.3000 0.0000
v -46.6907 41.3000 -6.1470
v -45.4890 41.3000 -12.1887
v -43.5088 41.3000 -18.0220
v -40.7843 41.3000 -23.5468
v -37.3619 41.3000 -28.6688
v -33.3002 41.3000 -33.3002
v -28.6688 41.3000 -37.3619
v -23.5468 41.3000 -40.7843
v -18.0220 41.3000 -43.5088
v -12.1887 41.3000 -45.4890
v -6.1470 41.3000 -46.6907
v -0.0000 41.3000 -47.0936
v 6.1470 41.3000 -46.6907
v 12.1887 41.3000 -45.4890
v 18.0220 41.3000 -43.5088
v 23.5468 41.3000 -40.7843
v 28.6688 41.3000 -37.3619
v 33.3002 41.3000 -33.3002
v 37.3619 41.3000 -28.6688
v 40.7843 41.3000 -23.5468
v 43.5088 41.3000 -18.0220
v 45.4890 41.3000 -12.1887
v 46.6907 41.3000 -6.1470
v 45.4890 35.2061 5.9887
v 45.8815 35.2061 0.0000
v 44.3181 35.2061 11.8750
v 42.3890 35.2061 17.5581
v 39.7345 35.2061 22.9407
v 36.4002 35.2061 27.9309
v 32.4431 35.2061 32.4431
v 27.9309 35.2061 36.4002
v 22.9407 35.2061 39.7345
v 17.5581 35.2061 42.3890
v 11.8750 35.2061 44.3181
v 5.9887 35.2061 45.4890
v 0.0000 35.2061 45.8815
v -5.9887 35.2061 45.4890
v -11.8750 35.2061 44.3181
v -17.5581 35.2061 42.3890
v -22.9407 35.2061 39.7345
v -27.9309 35.2061 36.4002
v -32.4431 35.2061 32.4431
v -36.4002 35.2061 27.9309
v -39.7345 35.2061 22.9407
v -42.3890 35.2061 17.5581
v -44.3181 35.2061 11.8750
v -45.4890 35.2061 5.9887
v -45.8815 35.2061 0.0000
v -45.4890 35.2061 -5.9887
v -44.3181 35.2061 -11.8750
v -42.3890 35.2061 -17.5581
v -39.7345 35.2061 -22.9407
v -36.4002 35.2061 -27.9309
v -32.4431 35.2061 -32.4431
v -27.9309 35.2061 -36.4002
v -22.9407 35.2061 -39.7345
v -17.5581 35.2061 -42.3890
v -11.8750 35.2061 -44.3181
v -5.9887 35.2061 -45.4890
v -0.0000 35.2061 -45.8815
v 5.9887 35.2061 -45.4890
v 11.8750 35.2061 -44.3181
v 17.5581 35.2061 -42.3890
v 22.9407 35.2061 -39.7345
v 27.9309 35.2061 -36.4002
v 32.4431 35.2061 -32.4431
v 36.4002 35.2061 -27.9309
v 39.7345 35.2061 -22.9407
v 42.3890 35.2061 -17.5581
v 44.3181 35.2061 -11.8750
v 45.4890 35.2061 -5.9887
v 43.5088 29.3225 5.7280
v 43.8843 29.3225 0.0000
v 42.3890 29.3225 11.3581
v 40.5438 29.3225 16.7938
v 38.0049 29.3225 21.9421
v 34.8157 29.3225 26.7151
v 31.0309 29.3225 31.0309
v 26.7151 29.3225 34.8157
v 21.9421 29.3225 38.0049
v 16.7938 29.3225 40.5438
v 11.3581 29.3225 42.3890
v 5.7280 29.3225 43.5088
v 0.0000 29.3225 43.8843
v -5.7280 29.3225 43.5088
v -11.3581 29.3225 42.3890
v -16.7938 29.3225 40.5438
v -21.9421 29.3225 38.0049
v -26.7151 29.3225 34.8157
v -31.0309 29.3225 31.0309
v -34.8157 29.3225 26.7151
v -38.0049 29.3225 21.9421
v -40.5438 29.3225 16.7938
v -42.3890 29.3225 11.3581
v -43.5088 29.3225 5.7280
v -43.8843 29.3225 0.0000
v -43.5088 29.3225 -5.7280
v -42.3890 29.3225 -11.3581
v -40.5438 29.3225 -16.7938
v -38.0049 29.3225 -21.9421
v -34.8157 29.3225 -26.7151
v -31.0309 29.3225 -31.0309
v -26.7151 29.3225 -34.8157
v -21.9421 29.3225 -38.0049
v -16.7938 29.3225 -40.5438
v -11.3581 29.3225 -42.3890
v -5.7280 29.3225 -43.5088
v -0.0000 29.3225 -43.8843
v 5.7280 29.3225 -43.5088
v 11.3581 29.3225 -42.3890
v 16.7938 29.3225 -40.5438
v 21.9421 29.3225 -38.0049
v 26.7151 29.3225 -34.8157
v 31.0309 29.3225 -31.0309
v 34.8157 29.3225 -26.7151
v 38.0049 29.3225 -21.9421
v 40.5438 29.3225 -16.7938
v 42.3890 29.3225 -11.3581
v 43.5088 29.3225 -5.7280
v 40.7843 23.7500 5.3694
v 41.1362 23.7500 0.0000
v 39.7345 23.7500 10.6468
v 38.0049 23.7500 15.7421
v 35.6250 23.7500 20.5681
v 32.6355 23.7500 25.0421
v 29.0877 23.7500 29.0877
v 25.0421 23.7500 32.6355
v 20.5681 23.7500 35.6250
v 15.7421 23.7500 38.0049
v 10.6468 23.7500 39.7345
v 5.3694 23.7500 40.7843
v 0.0000 23.7500 41.1362
v -5.3694 23.7500 40.7843
v -10.6468 23.7500 39.7345
v -15.7421 23.7500 38.0049
v -20.5681 23.7500 35.6250
v -25.0421 23.7500 32.6355
v -29.0877 23.7500 29.0877
v -32.6355 23.7500 25.0421
v -35.6250 23.7500 20.5681
v -38.0049 23.7500 15.7421
v -39.7345 23.7500 10.6468
v -40.7843 23.7500 5.3694
v -41.1362 23.7500 0.0000
v -40.7843 23.7500 -5.3694
v -39.7345 23.7500 -10.6468
v -38.0049 23.7500 -15.7421
v -35.6250 23.7500 -20.5681
v -32.6355 23.7500 -25.0421
v -29.0877 23.7500 -29.0877
v -25.0421 23.7500 -32.6355
v -20.5681 23.7500 -35.6250
v -15.7421 23.7500 -38.0049
v -10.6468 23.7500 -39.7345
v -5.3694 23.7500 -40.7843
v -0.0000 23.7500 -41.1362
v 5.3694 23.7500 -40.7843
v 10.6468 23.7500 -39.7345
v 15.7421 23.7500 -38.0049
v 20.5681 23.7500 -35.6250
v 25.0421 23.7500 -32.6355
v 29.0877 23.7500 -29.0877
v 32.6355 23.7500 -25.0421
v 35.6250 23.7500 -20.5681
v 38.0049 23.7500 -15.7421
v 39.7345 23.7500 -10.6468
v 40.7843 23.7500 -5.3694
v 37.3619 18.5838 4.9188
v 37.6843 18.5838 0.0000
v 36.4002 18.5838 9.7534
v 34.8157 18.5838 14.4212
v 32.6355 18.5838 18.8421
v 29.8970 18.5838 22.9407
v 26.6468 18.5838 26.6468
v 22.9407 18.5838 29.8970
v 18.8421 18.5838 32.6355
v 14.4212 18.5838 34.8157
v 9.7534 18.5838 36.4002
v 4.9188 18.5838 37.3619
v 0.0000 18.5838 37.6843
v -4.9188 18.5838 37.3619
v -9.7534 18.5838 36.4002
v -14.4212 18.5838 34.8157
v -18.8421 18.5838 32.6355
v -22.9407 18.5838 29.8970
v -26.6468 18.5838 26.6468
v -29.8970 18.5838 22.9407
v -32.6355 18.5838 18.8421
v -34.8157 18.5838 14.4212
v -36.4002 18.5838 9.7534
v -37.3619 18.5838 4.9188
v -37.6843 18.5838 0.0000
v -37.3619 18.5838 -4.9188
v -36.4002 18.5838 -9.7534
v -34.8157 18.5838 -14.4212
v -32.6355 18.5838 -18.8421
v -29.8970 18.5838 -22.9407
v -26.6468 18.5838 -26.6468
v -22.9407 18.5838 -29.8970
v -18.8421 18.5838 -32.6355
v -14.4212 18.5838 -34.8157
v -9.7534 18.5838 -36.4002
v -4.9188 18.5838 -37.3619
v -0.0000 18.5838 -37.6843
v 4.9188 18.5838 -37.3619
v 9.7534 18.5838 -36.4002
v 14.4212 18.5838 -34.8157
v 18.8421 18.5838 -32.6355
v 22.9407 18.5838 -29.8970
v 26.6468 18.5838 -26.6468
v 29.8970 18.5838 -22.9407
v 32.6355 18.5838 -18.8421
v 34.8157 18.5838 -14.4212
v 36.4002 18.5838 -9.7534
v 37.3619 18.5838 -4.9188
v 33.3002 13.9124 4.3841
v 33.5876 13.9124 0.0000
v 32.4431 13.9124 8.6931
v 31.0309 13.9124 12.8534
v 29.0877 13.9124 16.7938
v 26.6468 13.9124 20.4468
v 23.7500 13.9124 23.7500
v 20.4468 13.9124 26.6468
v 16.7938 13.9124 29.0877
v 12.8534 13.9124 31.0309
v 8.6931 13.9124 32.4431
v 4.3841 13.9124 33.3002
v 0.0000 13.9124 33.5876
v -4.3841 13.9124 33.3002
v -8.6931 13.9124 32.4431
v -12.8534 13.9124 31.0309
v -16.7938 13.9124 29.0877
v -20.4468 13.9124 26.6468
v -23.7500 13.9124 23.7500
v -26.6468 13.9124 20.4468
v -29.0877 13.9124 16.7938
v -31.0309 13.9124 12.8534
v -32.4431 13.9124 8.6931
v -33.3002 13.9124 4.3841
v -33.5876 13.9124 0.0000
v -33.3002 13.9124 -4.3841
v -32.4431 13.9124 -8.6931
v -31.0309 13.9124 -12.8534
v -29.0877 13.9124 -16.7938
v -26.6468 13.9124 -20.4468
v -23.7500 13.9124 -23.7500
v -20.4468 13.9124 -26.6468
v -16.7938 13.9124 -29.0877
v -12.8534 13.9124 -31.0309
v -8.6931 13.9124 -32.4431
v -4.3841 13.9124 -33.3002
v -0.0000 13.9124 -33.5876
v 4.3841 13.9124 -33.3002
v 8.6931 13.9124 -32.4431
v 12.8534 13.9124 -31.0309
v 16.7938 13.9124 -29.0877
v 20.4468 13.9124 -26.6468
v 23.7500 13.9124 -23.7500
v 26.6468 13.9124 -20.4468
v 29.0877 13.9124 -16.7938
v 31.0309 13.9124 -12.8534
v 32.4431 13.9124 -8.6931
v 33.3002 13.9124 -4.3841
v 28.6688 9.8157 3.7743
v 28.9162 9.8157 0.0000
v 27.9309 9.8157 7.4841
v 26.7151 9.8157 11.0657
v 25.0421 9.8157 14.4581
v 22.9407 9.8157 17.6030
v 20.4468 9.8157 20.4468
v 17.6030 9.8157 22.9407
v 14.4581 9.8157 25.0421
v 11.0657 9.8157 26.7151
v 7.4841 9.8157 27.9309
v 3.7743 9.8157 28.6688
v 0.0000 9.8157 28.9162
v -3.7743 9.8157 28.6688
v -7.4841 9.8157 27.9309
v -11.0657 9.8157 26.7151
v -14.4581 9.8157 25.0421
v -17.6030 9.8157 22.9407
v -20.4468 9.8157 20.4468
v -22.9407 9.8157 17.6030
v -25.0421 9.8157 14.4581
v -26.7151 9.8157 11.0657
v -27.9309 9.8157 7.4841
v -28.6688 9.8157 3.7743
v -28.9162 9.8157 0.0000
v -28.6688 9.8157 -3.7743
v -27.9309 9.8157 -7.4841
v -26.7151 9.8157 -11.0657
v -25.0421 9.8157 -14.4581
v -22.9407 9.8157 -17.6030
v -20.4468 9.8157 -20.4468
v -17.6030 9.8157 -22.9407
v -14.4581 9.8157 -25.0421
v -11.0657 9.8157 -26.7151
v -7.4841 9.8157 -27.9309
v -3.7743 9.8157 -28.6688
v -0.0000 9.8157 -28.9162
v 3.7743 9.8157 -28.6688
v 7.4841 9.8157 -27.9309
v 11.0657 9.8157 -26.7151
v 14.4581 9.8157 -25.0421
v 17.6030 9.8157 -22.9407
v 20.4468 9.8157 -20.4468
v 22.9407 9.8157 -17.6030
v 25.0421 9.8157 -14.4581
v 26.7151 9.8157 -11.0657
v 27.9309 9.8157 -7.4841
v 28.6688 9.8157 -3.7743
v 23.5468 6.3638 3.1000
v 23.7500 6.3638 0.0000
v 22.9407 6.3638 6.1470
v 21.9421 6.3638 9.0887
v 20.5681 6.3638 11.8750
v 18.8421 6.3638 14.4581
v 16.7938 6.3638 16.7938
v 14.4581 6.3638 18.8421
v 11.8750 6.3638 20.5681
v 9.0887 6.3638 21.9421
v 6.1470 6.3638 22.9407
v 3.1000 6.3638 23.5468
v 0.0000 6.3638 23.7500
v -3.1000 6.3638 23.5468
v -6.1470 6.3638 22.9407
v -9.0887 6.3638 21.9421
v -11.8750 6.3638 20.5681
v -14.4581 6.3638 18.8421
v -16.7938 6.3638 16.7938
v -18.8421 6.3638 14.4581
v -20.5681 6.3638 11.8750
v -21.9421 6.3638 9.0887
v -22.9407 6.3638 6.1470
v -23.5468 6.3638 3.1000
v -23.7500 6.3638 0.0000
v -23.5468 6.3638 -3.1000
v -22.9407 6.3638 -6.1470
v -21.9421 6.3638 -9.0887
v -20.5681 6.3638 -11.8750
v -18.8421 6.3638 -14.4581
v -16.7938 6.3638 -16.7938
v -14.4581 6.3638 -18.8421
v -11.8750 6.3638 -20.5681
v -9.0887 6.3638 -21.9421
v -6.1470 6.3638 -22.9407
v -3.1000 6.3638 -23.5468
v -0.0000 6.3638 -23.7500
v 3.1000 6.3638 -23.5468
v 6.1470 6.3638 -22.9407
v 9.0887 6.3638 -21.9421
v 11.8750 6.3638 -20.5681
v 14.4581 6.3638 -18.8421
v 16.7938 6.3638 -16.7938
v 18.8421 6.3638 -14.4581
v 20.5681 6.3638 -11.8750
v 21.9421 6.3638 -9.0887
v 22.9407 6.3638 -6.1470
v 23.5468 6.3638 -3.1000
v 18.0220 3.6157 2.3726
v 18.1775 3.6157 0.0000
v 17.5581 3.6157 4.7047
v 16.7938 3.6157 6.9562
v 15.7421 3.6157 9.0887
v 14.4212 3.6157 11.0657
v 12.8534 3.6157 12.8534
v 11.0657 3.6157 14.4212
v 9.0887 3.6157 15.7421
v 6.9562 3.6157 16.7938
v 4.7047 3.6157 17.5581
v 2.3726 3.6157 18.0220
v 0.0000 3.6157 18.1775
v -2.3726 3.6157 18.0220
v -4.7047 3.6157 17.5581
v -6.9562 3.6157 16.7938
v -9.0887 3.6157 15.7421
v -11.0657 3.6157 14.4212
v -12.8534 3.6157 12.8534
v -14.4212 3.6157 11.0657
v -15.7421 3.6157 9.0887
v -16.7938 3.6157 6.9562
v -17.5581 3.6157 4.7047
v -18.0220 3.6157 2.3726
v -18.1775 3.6157 0.0000
v -18.0220 3.6157 -2.3726
v -17.5581 3.6157 -4.7047
v -16.7938 3.6157 -6.9562
v -15.7421 3.6157 -9.0887
v -14.4212 3.6157 -11.0657
v -12.8534 3.6157 -12.8534
v -11.0657 3.6157 -14.4212
v -9.0887 3.6157 -15.7421
v -6.9562 3.6157 -16.7938
v -4.7047 3.6157 -17.5581
v -2.3726 3.6157 -18.0220
v -0.0000 3.6157 -18.1775
v 2.3726 3.6157 -18.0220
v 4.7047 3.6157 -17.5581
v 6.9562 3.6157 -16.7938
v 9.0887 3.6157 -15.7421
v 11.0657 3.6157 -14.4212
v 12.8534 3.6157 -12.8534
v 14.4212 3.6157 -11.0657
v 15.7421 3.6157 -9.0887
v 16.7938 3.6157 -6.9562
v 17.5581 3.6157 -4.7047
v 18.0220 3.6157 -2.3726
v 12.1887 1.6185 1.6047
v 12.2939 1.6185 0.0000
v 11.8750 1.6185 3.1819
v 11.3581 1.6185 4.7047
v 10.6468 1.6185 6.1470
v 9.7534 1.6185 7.4841
v 8.6931 1.6185 8.6931
v 7.4841 1.6185 9.7534
v 6.1470 1.6185 10.6468
v 4.7047 1.6185 11.3581
v 3.1819 1.6185 11.8750
v 1.6047 1.6185 12.1887
v 0.0000 1.6185 12.2939
v -1.6047 1.6185 12.1887
v -3.1819 1.6185 11.8750
v -4.7047 1.6185 11.3581
v -6.1470 1.6185 10.6468
v -7.4841 1.6185 9.7534
v -8.6931 1.6185 8.6931
v -9.7534 1.6185 7.4841
v -10.6468 1.6185 6.1470
v -11.3581 1.6185 4.7047
v -11.8750 1.6185 3.1819
v -12.1887 1.6185 1.6047
v -12.2939 1.6185 0.0000
v -12.1887 1.6185 -1.6047
v -11.8750 1.6185 -3.1819
v -11.3581 1.6185 -4.7047
v -10.6468 1.6185 -6.1470
v -9.7534 1.6185 -7.4841
v -8.6931 1.6185 -8.6931
v -7.4841 1.6185 -9.7534
v -6.1470 1.6185 -10.6468
v -4.7047 1.6185 -11.3581
v -3.1819 1.6185 -11.8750
v -1.6047 1.6185 -12.1887
v -0.0000 1.6185 -12.2939
v 1.6047 1.6185 -12.1887
v 3.1819 1.6185 -11.8750
v 4.7047 1.6185 -11.3581
v 6.1470 1.6185 -10.6468
v 7.4841 1.6185 -9.7534
v 8.6931 1.6185 -8.6931
v 9.7534 1.6185 -7.4841
v 10.6468 1.6185 -6.1470
v 11.3581 1.6185 -4.7047
v 11.8750 1.6185 -3.1819
v 12.1887 1.6185 -1.6047
v 6.1470 0.4064 0.8093
v 6.2000 0.4064 0.0000
v 5.9887 0.4064 1.6047
v 5.7280 0.4064 2.3726
v 5.3694 0.4064 3.1000
v 4.9188 0.4064 3.7743
v 4.3841 0.4064 4.3841
v 3.7743 0.4064 4.9188
v 3.1000 0.4064 5.3694
v 2.3726 0.4064 5.7280
v 1.6047 0.4064 5.9887
v 0.8093 0.4064 6.1470
v 0.0000 0.4064 6.2000
v -0.8093 0.4064 6.1470
v -1.6047 0.4064 5.9887
v -2.3726 0.4064 5.7280
v -3.1000 0.4064 5.3694
v -3.7743 0.4064 4.9188
v -4.3841 0.4064 4.3841
v -4.9188 0.4064 3.7743
v -5.3694 0.4064 3.1000
v -5.7280 0.4064 2.3726
v -5.9887 0.4064 1.6047
v -6.1470 0.4064 0.8093
v -6.2000 0.4064 0.0000
v -6.1470 0.4064 -0.8093
v -5.9887 0.4064 -1.6047
v -5.7280 0.4064 -2.3726
v -5.3694 0.4064 -3.1000
v -4.9188 0.4064 -3.7743
v -4.3841 0.4064 -4.3841
v -3.7743 0.4064 -4.9188
v -3.1000 0.4064 -5.3694
v -2.3726 0.4064 -5.7280
v -1.6047 0.4064 -5.9887
v -0.8093 0.4064 -6.1470
v -0.0000 0.4064 -6.2000
v 0.8093 0.4064 -6.1470
v 1.6047 0.4064 -5.9887
v 2.3726 0.4064 -5.7280
v 3.1000 0.4064 -5.3694
v 3.7743 0.4064 -4.9188
v 4.3841 0.4064 -4.3841
v 4.9188 0.4064 -3.7743
v 5.3694 0.4064 -3.1000
v 5.7280 0.4064 -2.3726
v 5.9887 0.4064 -1.6047
v 6.1470 0.4064 -0.8093
v 120.0000 95.0000 0.0000
v 126.1470 94.5936 0.8093
v 126.2000 94.5936 0.0000
v 125.9887 94.5936 1.6047
v 125.7280 94.5936 2.3726
v 125.3694 94.5936 3.1000
v 124.9188 94.5936 3.7743
v 124.3841 94.5936 4.3841
v 123.7743 94.5936 4.9188
v 123.1000 94.5936 5.3694
v 122.3726 94.5936 5.7280
v 121.6047 94.5936 5.9887
v 120.8093 94.5936 6.1470
v 120.0000 94.5936 6.2000
v 119.1907 94.5936 6.1470
v 118.3953 94.5936 5.9887
v 117.6274 94.5936 5.7280
v 116.9000 94.5936 5.3694
v 116.2257 94.5936 4.9188
v 115.6159 94.5936 4.3841
v 115.0812 94.5936 3.7743
v 114.6306 94.5936 3.1000
v 114.2720 94.5936 2.3726
v 114.0113 94.5936 1.6047
v 113.8530 94.5936 0.8093
v 113.8000 94.5936 0.0000
v 113.8530 94.5936 -0.8093
v 114.0113 94.5936 -1.6047
v 114.2720 94.5936 -2.3726
v 114.6306 94.5936 -3.1000
v 115.0812 94.5936 -3.7743
v 115.6159 94.5936 -4.3841
v 116.2257 94.5936 -4.9188
v 116.9000 94.5936 -5.3694
v 117.6274 94.5936 -5.7280
v 118.3953 94.5936 -5.9887
v 119.1907 94.5936 -6.1470
v 120.0000 94.5936 -6.2000
v 120.8093 94.5936 -6.1470
v 121.6047 94.5936 -5.9887
v 122.3726 94.5936 -5.7280
v 123.1000 94.5936 -5.3694
v 123.7743 94.5936 -4.9188
v 124.3841 94.5936 -4.3841
v 124.9188 94.5936 -3.7743
v 125.3694 94.5936 -3.1000
v 125.7280 94.5936 -2.3726
v 125.9887 94.5936 -1.6047
v 126.1470 94.5936 -0.8093
v 132.1887 93.3815 1.6047
v 132.2939 93.3815 0.0000
v 131.8750 93.3815 3.1819
v 131.3581 93.3815 4.7047
v 130.6468 93.3815 6.1470
v 129.7534 93.3815 7.4841
v 128.6931 93.3815 8.6931
v 127.4841 93.3815 9.7534
v 126.1470 93.3815 10.6468
v 124.7047 93.3815 11.3581
v 123.1819 93.3815 11.8750
v 121.6047 93.3815 12.1887
v 120.0000 93.3815 12.2939
v 118.3953 93.3815 12.1887
v 116.8181 93.3815 11.8750
v 115.2953 93.3815 11.3581
v 113.8530 93.3815 10.6468
v 112.5159 93.3815 9.7534
v 111.3069 93.3815 8.6931
v 110.2466 93.3815 7.4841
v 109.3532 93.3815 6.1470
v 108.6419 93.3815 4.7047
v 108.1250 93.3815 3.1819
v 107.8113 93.3815 1.6047
v 107.7061 93.3815 0.0000
v 107.8113 93.3815 -1.6047
v 108.1250 93.3815 -3.1819
v 108.6419 93.3815 -4.7047
v 109.3532 93.3815 -6.1470
v 110.2466 93.3815 -7.4841
v 111.3069 93.3815 -8.6931
v 112.5159 93.3815 -9.7534
v 113.8530 93.3815 -10.6468
v 115.2953 93.3815 -11.3581
v 116.8181 93.3815 -11.8750
v 118.3953 93.3815 -12.1887
v 120.0000 93.3815 -12.2939
v 121.6047 93.3815 -12.1887
v 123.1819 93.3815 -11.8750
v 124.7047 93.3815 -11.3581
v 126.1470 93.3815 -10.6468
v 127.4841 93.3815 -9.7534
v 128.6931 93.3815 -8.6931
v 129.7534 93.3815 -7.4841
v 130.6468 93.3815 -6.1470
v 131.3581 93.3815 -4.7047
v 131.8750 93.3815 -3.1819
v 132.1887 93.3815 -1.6047
v 138.0220 91.3843 2.3726
v 138.1775 91.3843 0.0000
v 137.5581 91.3843 4.7047
v 136.7938 91.3843 6.9562
v 135.7421 91.3843 9.0887
v 134.4212 91.3843 11.0657
v 132.8534 91.3843 12.8534
v 131.0657 91.3843 14.4212
v 129.0887 91.3843 15.7421
v 126.9562 91.3843 16.7938
v 124.7047 91.3843 17.5581
v 122.3726 91.3843 18.0220
v 120.0000 91.3843 18.1775
v 117.6274 91.3843 18.0220
v 115.2953 91.3843 17.5581
v 113.0438 91.3843 16.7938
v 110.9113 91.3843 15.7421
v 108.9343 91.3843 14.4212
v 107.1466 91.3843 12.8534
v 105.5788 91.3843 11.0657
v 104.2579 91.3843 9.0887
v 103.2062 91.3843 6.9562
v 102.4419 91.3843 4.7047
v 101.9780 91.3843 2.3726
v 101.8225 91.3843 0.0000
v 101.9780 91.3843 -2.3726
v 102.4419 91.3843 -4.7047
v 103.2062 91.3843 -6.9562
v 104.2579 91.3843 -9.0887
v 105.5788 91.3843 -11.0657
v 107.1466 91.3843 -12.8534
v 108.9343 91.3843 -14.4212
v 110.9113 91.3843 -15.7421
v 113.0438 91.3843 -16.7938
v 115.2953 91.3843 -17.5581
v 117.6274 91.3843 -18.0220
v 120.0000 91.3843 -18.1775
v 122.3726 91.3843 -18.0220
v 124.7047 91.3843 -17.5581
v 126.9562 91.3843 -16.7938
v 129.0887 91.3843 -15.7421
v 131.0657 91.3843 -14.4212
v 132.8534 91.3843 -12.8534
v 134.4212 91.3843 -11.0657
v 135.7421 91.3843 -9.0887
v 136.7938 91.3843 -6.9562
v 137.5581 91.3843 -4.7047
v 138.0220 91.3843 -2.3726
v 143.5468 88.6362 3.1000
v 143.7500 88.6362 0.0000
v 142.9407 88.6362 6.1470
v 141.9421 88.6362 9.0887
v 140.5681 88.6362 11.8750
v 138.8421 88.6362 14.4581
v 136.7938 88.6362 16.7938
v 134.4581 88.6362 18.8421
v 131.8750 88.6362 20.5681
v 129.0887 88.6362 21.9421
v 126.1470 88.6362 22.9407
v 123.1000 88.6362 23.5468
v 120.0000 88.6362 23.7500
v 116.9000 88.6362 23.5468
v 113.8530 88.6362 22.9407
v 110.9113 88.6362 21.9421
v 108.1250 88.6362 20.5681
v 105.5419 88.6362 18.8421
v 103.2062 88.6362 16.7938
v 101.1579 88.6362 14.4581
v 99.4319 88.6362 11.8750
v 98.0579 88.6362 9.0887
v 97.0593 88.6362 6.1470
v 96.4532 88.6362 3.1000
v 96.2500 88.6362 0.0000
v 96.4532 88.6362 -3.1000
v 97.0593 88.6362 -6.1470
v 98.0579 88.6362 -9.0887
v 99.4319 88.6362 -11.8750
v 101.1579 88.6362 -14.4581
v 103.2062 88.6362 -16.7938
v 105.5419 88.6362 -18.8421
v 108.1250 88.6362 -20.5681
v 110.9113 88.6362 -21.9421
v 113.8530 88.6362 -22.9407
v 116.9000 88.6362 -23.5468
v 120.0000 88.6362 -23.7500
v 123.1000 88.6362 -23.5468
v 126.1470 88.6362 -22.9407
v 129.0887 88.6362 -21.9421
v 131.8750 88.6362 -20.5681
v 134.4581 88.6362 -18.8421
v 136.7938 88.6362 -16.7938
v 138.8421 88.6362 -14.4581
v 140.5681 88.6362 -11.8750
v 141.9421 88.6362 -9.0887
v 142.9407 88.6362 -6.1470
v 143.5468 88.6362 -3.1000
v 148.6688 85.1843 3.7743
v 148.9162 85.1843 0.0000
v 147.9309 85.1843 7.4841
v 146.7151 85.1843 11.0657
v 145.0421 85.1843 14.4581
v 142.9407 85.1843 17.6030
v 140.4468 85.1843 20.4468
v 137.6030 85.1843 22.9407
v 134.4581 85.1843 25.0421
v 131.0657 85.1843 26.7151
v 127.4841 85.1843 27.9309
v 123.7743 85.1843 28.6688
v 120.0000 85.1843 28.9162
v 116.2257 85.1843 28.6688
v 112.5159 85.1843 27.9309
v 108.9343 85.1843 26.7151
v 105.5419 85.1843 25.0421
v 102.3970 85.1843 22.9407
v 99.5532 85.1843 20.4468
v 97.0593 85.1843 17.6030
v 94.9579 85.1843 14.4581
v 93.2849 85.1843 11.0657
v 92.0691 85.1843 7.4841
v 91.3312 85.1843 3.7743
v 91.0838 85.1843 0.0000
v 91.3312 85.1843 -3.7743
v 92.0691 85.1843 -7.4841
v 93.2849 85.1843 -11.0657
v 94.9579 85.1843 -14.4581
v 97.0593 85.1843 -17.6030
v 99.5532 85.1843 -20.4468
v 102.3970 85.1843 -22.9407
v 105.5419 85.1843 -25.0421
v 108.9343 85.1843 -26.7151
v 112.5159 85.1843 -27.9309
v 116.2257 85.1843 -28.6688
v 120.0000 85.1843 -28.9162
v 123.7743 85.1843 -28.6688
v 127.4841 85.1843 -27.9309
v 131.0657 85.1843 -26.7151
v 134.4581 85.1843 -25.0421
v 137.6030 85.1843 -22.9407
v 140.4468 85.1843 -20.4468
v 142.9407 85.1843 -17.6030
v 145.0421 85.1843 -14.4581
v 146.7151 85.1843 -11.0657
v 147.9309 85.1843 -7.4841
v 148.6688 85.1843 -3.7743
v 153.3002 81.0876 4.3841
v 153.5876 81.0876 0.0000
v 152.4431 81.0876 8.6931
v 151.0309 81.0876 12.8534
v 149.0877 81.0876 16.7938
v 146.6468 81.0876 20.4468
v 143.7500 81.0876 23.7500
v 140.4468 81.0876 26.6468
v 136.7938 81.0876 29.0877
v 132.8534 81.0876 31.0309
v 128.6931 81.0876 32.4431
v 124.3841 81.0876 33.3002
v 120.0000 81.0876 33.5876
v 115.6159 81.0876 33.3002
v 111.3069 81.0876 32.4431
v 107.1466 81.0876 31.0309
v 103.2062 81.0876 29.0877
v 99.5532 81.0876 26.6468
v 96.2500 81.0876 23.7500
v 93.3532 81.0876 20.4468
v 90.9123 81.0876 16.7938
v 88.9691 81.0876 12.8534
v 87.5569 81.0876 8.6931
v 86.6998 81.0876 4.3841
v 86.4124 81.0876 0.0000
v 86.6998 81.0876 -4.3841
v 87.5569 81.0876 -8.6931
v 88.9691 81.0876 -12.8534
v 90.9123 81.0876 -16.7938
v 93.3532 81.0876 -20.4468
v 96.2500 81.0876 -23.7500
v 99.5532 81.0876 -26.6468
v 103.2062 81.0876 -29.0877
v 107.1466 81.0876 -31.0309
v 111.3069 81.0876 -32.4431
v 115.6159 81.0876 -33.3002
v 120.0000 81.0876 -33.5876
v 124.3841 81.0876 -33.3002
v 128.6931 81.0876 -32.4431
v 132.8534 81.0876 -31.0309
v 136.7938 81.0876 -29.0877
v 140.4468 81.0876 -26.6468
v 143.7500 81.0876 -23.7500
v 146.6468 81.0876 -20.4468
v 149.0877 81.0876 -16.7938
v 151.0309 81.0876 -12.8534
v 152.4431 81.0876 -8.6931
v 153.3002 81.0876 -4.3841
v 157.3619 76.4162 4.9188
v 157.6843 76.4162 0.0000
v 156.4002 76.4162 9.7534
v 154.8157 76.4162 14.4212
v 152.6355 76.4162 18.8421
v 149.8970 76.4162 22.9407
v 146.6468 76.4162 26.6468
v 142.9407 76.4162 29.8970
v 138.8421 76.4162 32.6355
v 134.4212 76.4162 34.8157
v 129.7534 76.4162 36.4002
v 124.9188 76.4162 37.3619
v 120.0000 76.4162 37.6843
v 115.0812 76.4162 37.3619
v 110.2466 76.4162 36.4002
v 105.5788 76.4162 34.8157
v 101.1579 76.4162 32.6355
v 97.0593 76.4162 29.8970
v 93.3532 76.4162 26.6468
v 90.1030 76.4162 22.9407
v 87.3645 76.4162 18.8421
v 85.1843 76.4162 14.4212
v 83.5998 76.4162 9.7534
v 82.6381 76.4162 4.9188
v 82.3157 76.4162 0.0000
v 82.6381 76.4162 -4.9188
v 83.5998 76.4162 -9.7534
v 85.1843 76.4162 -14.4212
v 87.3645 76.4162 -18.8421
v 90.1030 76.4162 -22.9407
v 93.3532 76.4162 -26.6468
v 97.0593 76.4162 -29.8970
v 101.1579 76.4162 -32.6355
v 105.5788 76.4162 -34.8157
v 110.2466 76.4162 -36.4002
v 115.0812 76.4162 -37.3619
v 120.0000 76.4162 -37.6843
v 124.9188 76.4162 -37.3619
v 129.7534 76.4162 -36.4002
v 134.4212 76.4162 -34.8157
v 138.8421 76.4162 -32.6355
v 142.9407 76.4162 -29.8970
v 146.6468 76.4162 -26.6468
v 149.8970 76.4162 -22.9407
v 152.6355 76.4162 -18.8421
v 154.8157 76.4162 -14.4212
v 156.4002 76.4162 -9.7534
v 157.3619 76.4162 -4.9188
v 160.7843 71.2500 5.3694
v 161.1362 71.2500 0.0000
v 159.7345 71.2500 10.6468
v 158.0049 71.2500 15.7421
v 155.6250 71.2500 20.5681
v 152.6355 71.2500 25.0421
v 149.0877 71.2500 29.0877
v 145.0421 71.2500 32.6355
v 140.5681 71.2500 35.6250
v 135.7421 71.2500 38.0049
v 130.6468 71.2500 39.7345
v 125.3694 71.2500 40.7843
v 120.0000 71.2500 41.1362
v 114.6306 71.2500 40.7843
v 109.3532 71.2500 39.7345
v 104.2579 71.2500 38.0049
v 99.4319 71.2500 35.6250
v 94.9579 71.2500 32.6355
v 90.9123 71.2500 29.0877
v 87.3645 71.2500 25.0421
v 84.3750 71.2500 20.5681
v 81.9951 71.2500 15.7421
v 80.2655 71.2500 10.6468
v 79.2157 71.2500 5.3694
v 78.8638 71.2500 0.0000
v 79.2157 71.2500 -5.3694
v 80.2655 71.2500 -10.6468
v 81.9951 71.2500 -15.7421
v 84.3750 71.2500 -20.5681
v 87.3645 71.2500 -25.0421
v 90.9123 71.2500 -29.0877
v 94.9579 71.2500 -32.6355
v 99.4319 71.2500 -35.6250
v 104.2579 71.2500 -38.0049
v 109.3532 71.2500 -39.7345
v 114.6306 71.2500 -40.7843
v 120.0000 71.2500 -41.1362
v 125.3694 71.2500 -40.7843
v 130.6468 71.2500 -39.7345
v 135.7421 71.2500 -38.0049
v 140.5681 71.2500 -35.6250
v 145.0421 71.2500 -32.6355
v 149.0877 71.2500 -29.0877
v 152.6355 71.2500 -25.0421
v 155.6250 71.2500 -20.5681
v 158.0049 71.2500 -15.7421
v 159.7345 71.2500 -10.6468
v 160.7843 71.2500 -5.3694
v 163.5088 65.6775 5.7280
v 163.8843 65.6775 0.0000
v 162.3890 65.6775 11.3581
v 160.5438 65.6775 16.7938
v 158.0049 65.6775 21.9421
v 154.8157 65.6775 26.7151
v 151.0309 65.6775 31.0309
v 146.7151 65.6775 34.8157
v 141.9421 65.6775 38.0049
v 136.7938 65.6775 40.5438
v 131.3581 65.6775 42.3890
v 125.7280 65.6775 43.5088
v 120.0000 65.6775 43.8843
v 114.2720 65.6775 43.5088
v 108.6419 65.6775 42.3890
v 103.2062 65.6775 40.5438
v 98.0579 65.6775 38.0049
v 93.2849 65.6775 34.8157
v 88.9691 65.6775 31.0309
v 85.1843 65.6775 26.7151
v 81.9951 65.6775 21.9421
v 79.4562 65.6775 16.7938
v 77.6110 65.6775 11.3581
v 76.4912 65.6775 5.7280
v 76.1157 65.6775 0.0000
v 76.4912 65.6775 -5.7280
v 77.6110 65.6775 -11.3581
v 79.4562 65.6775 -16.7938
v 81.9951 65.6775 -21.9421
v 85.1843 65.6775 -26.7151
v 88.9691 65.6775 -31.0309
v 93.2849 65.6775 -34.8157
v 98.0579 65.6775 -38.0049
v 103.2062 65.6775 -40.5438
v 108.6419 65.6775 -42.3890
v 114.2720 65.6775 -43.5088
v 120.0000 65.6775 -43.8843
v 125.7280 65.6775 -43.5088
v 131.3581 65.6775 -42.3890
v 136.7938 65.6775 -40.5438
v 141.9421 65.6775 -38.0049
v 146.7151 65.6775 -34.8157
v 151.0309 65.6775 -31.0309
v 154.8157 65.6775 -26.7151
v 158.0049 65.6775 -21.9421
v 160.5438 65.6775 -16.7938
v 162.3890 65.6775 -11.3581
v 163.5088 65.6775 -5.7280
v 165.4890 59.7939 5.9887
v 165.8815 59.7939 0.0000
v 164.3181 59.7939 11.8750
v 162.3890 59.7939 17.5581
v 159.7345 59.7939 22.9407
v 156.4002 59.7939 27.9309
v 152.4431 59.7939 32.4431
v 147.9309 59.7939 36.4002
v 142.9407 59.7939 39.7345
v 137.5581 59.7939 42.3890
v 131.8750 59.7939 44.3181
v 125.9887 59.7939 45.4890
v 120.0000 59.7939 45.8815
v 114.0113 59.7939 45.4890
v 108.1250 59.7939 44.3181
v 102.4419 59.7939 42.3890
v 97.0593 59.7939 39.7345
v 92.0691 59.7939 36.4002
v 87.5569 59.7939 32.4431
v 83.5998 59.7939 27.9309
v 80.2655 59.7939 22.9407
v 77.6110 59.7939 17.5581
v 75.6819 59.7939 11.8750
v 74.5110 59.7939 5.9887
v 74.1185 59.7939 0.0000
v 74.5110 59.7939 -5.9887
v 75.6819 59.7939 -11.8750
v 77.6110 59.7939 -17.5581
v 80.2655 59.7939 -22.9407
v 83.5998 59.7939 -27.9309
v 87.5569 59.7939 -32.4431
v 92.0691 59.7939 -36.4002
v 97.0593 59.7939 -39.7345
v 102.4419 59.7939 -42.3890
v 108.1250 59.7939 -44.3181
v 114.0113 59.7939 -45.4890
v 120.0000 59.7939 -45.8815
v 125.9887 59.7939 -45.4890
v 131.8750 59.7939 -44.3181
v 137.5581 59.7939 -42.3890
v 142.9407 59.7939 -39.7345
v 147.9309 59.7939 -36.4002
v 152.4431 59.7939 -32.4431
v 156.4002 59.7939 -27.9309
v 159.7345 59.7939 -22.9407
v 162.3890 59.7939 -17.5581
v 164.3181 59.7939 -11.8750
v 165.4890 59.7939 -5.9887
v 166.6907 53.7000 6.1470
v 167.0936 53.7000 0.0000
v 165.4890 53.7000 12.1887
v 163.5088 53.7000 18.0220
v 160.7843 53.7000 23.5468
v 157.3619 53.7000 28.6688
v 153.3002 53.7000 33.3002
v 148.6688 53.7000 37.3619
v 143.5468 53.7000 40.7843
v 138.0220 53.7000 43.5088
v 132.1887 53.7000 45.4890
v 126.1470 53.7000 46.6907
v 120.0000 53.7000 47.0936
v 113.8530 53.7000 46.6907
v 107.8113 53.7000 45.4890
v 101.9780 53.7000 43.5088
v 96.4532 53.7000 40.7843
v 91.3312 53.7000 37.3619
v 86.6998 53.7000 33.3002
v 82.6381 53.7000 28.6688
v 79.2157 53.7000 23.5468
v 76.4912 53.7000 18.0220
v 74.5110 53.7000 12.1887
v 73.3093 53.7000 6.1470
v 72.9064 53.7000 0.0000
v 73.3093 53.7000 -6.1470
v 74.5110 53.7000 -12.1887
v 76.4912 53.7000 -18.0220
v 79.2157 53.7000 -23.5468
v 82.6381 53.7000 -28.6688
v 86.6998 53.7000 -33.3002
v 91.3312 53.7000 -37.3619
v 96.4532 53.7000 -40.7843
v 101.9780 53.7000 -43.5088
v 107.8113 53.7000 -45.4890
v 113.8530 53.7000 -46.6907
v 120.0000 53.7000 -47.0936
v 126.1470 53.7000 -46.6907
v 132.1887 53.7000 -45.4890
v 138.0220 53.7000 -43.5088
v 143.5468 53.7000 -40.7843
v 148.6688 53.7000 -37.3619
v 153.3002 53.7000 -33.3002
v 157.3619 53.7000 -28.6688
v 160.7843 53.7000 -23.5468
v 163.5088 53.7000 -18.0220
v 165.4890 53.7000 -12.1887
v 166.6907 53.7000 -6.1470
v 167.0936 47.5000 6.2000
v 167.5000 47.5000 0.0000
v 165.8815 47.5000 12.2939
v 163.8843 47.5000 18.1775
v 161.1362 47.5000 23.7500
v 157.6843 47.5000 28.9162
v 153.5876 47.5000 33.5876
v 148.9162 47.5000 37.6843
v 143.7500 47.5000 41.1362
v 138.1775 47.5000 43.8843
v 132.2939 47.5000 45.8815
v 126.2000 47.5000 47.0936
v 120.0000 47.5000 47.5000
v 113.8000 47.5000 47.0936
v 107.7061 47.5000 45.8815
v 101.8225 47.5000 43.8843
v 96.2500 47.5000 41.1362
v 91.0838 47.5000 37.6843
v 86.4124 47.5000 33.5876
v 82.3157 47.5000 28.9162
v 78.8638 47.5000 23.7500
v 76.1157 47.5000 18.1775
v 74.1185 47.5000 12.2939
v 72.9064 47.5000 6.2000
v 72.5000 47.5000 0.0000
v 72.9064 47.5000 -6.2000
v 74.1185 47.5000 -12.2939
v 76.1157 47.5000 -18.1775
v 78.8638 47.5000 -23.7500
v 82.3157 47.5000 -28.9162
v 86.4124 47.5000 -33.5876
v 91.0838 47.5000 -37.6843
v 96.2500 47.5000 -41.1362
v 101.8225 47.5000 -43.8843
v 107.7061 47.5000 -45.8815
v 113.8000 47.5000 -47.0936
v 120.0000 47.5000 -47.5000
v 126.2000 47.5000 -47.0936
v 132.2939 47.5000 -45.8815
v 138.1775 47.5000 -43.8843
v 143.7500 47.5000 -41.1362
v 148.9162 47.5000 -37.6843
v 153.5876 47.5000 -33.5876
v 157.6843 47.5000 -28.9162
v 161.1362 47.5000 -23.7500
v 163.8843 47.5000 -18.1775
v 165.8815 47.5000 -12.2939
v 167.0936 47.5000 -6.2000
v 166.6907 41.3000 6.1470
v 167.0936 41.3000 0.0000
v 165.4890 41.3000 12.1887
v 163.5088 41.3000 18.0220
v 160.7843 41.3000 23.5468
v 157.3619 41.3000 28.6688
v 153.3002 41.3000 33.3002
v 148.6688 41.3000 37.3619
v 143.5468 41.3000 40.7843
v 138.0220 41.3000 43.5088
v 132.1887 41.3000 45.4890
v 126.1470 41.3000 46.6907
v 120.0000 41.3000 47.0936
v 113.8530 41.3000 46.6907
v 107.8113 41.3000 45.4890
v 101.9780 41.3000 43.5088
v 96.4532 41.3000 40.7843
v 91.3312 41.3000 37.3619
v 86.6998 41.3000 33.3002
v 82.6381 41.3000 28.6688
v 79.2157 41.3000 23.5468
v 76.4912 41.3000 18.0220
v 74.5110 41.3000 12.1887
v 73.3093 41.3000 6.1470
v 72.9064 41.3000 0.0000
v 73.3093 41.3000 -6.1470
v 74.5110 41.3000 -12.1887
v 76.4912 41.3000 -18.0220
v 79.2157 41.3000 -23.5468
v 82.6381 41.3000 -28.6688
v 86.6998 41.3000 -33.3002
v 91.3312 41.3000 -37.3619
v 96.4532 41.3000 -40.7843
v 101.9780 41.3000 -43.5088
v 107.8113 41.3000 -45.4890
v 113.8530 41.3000 -46.6907
v 120.0000 41.3000 -47.0936
v 126.1470 41.3000 -46.6907
v 132.1887 41.3000 -45.4890
v 138.0220 41.3000 -43.5088
v 143.5468 41.3000 -40.7843
v 148.6688 41.3000 -37.3619
v 153.3002 41.3000 -33.3002
v 157.3619 41.3000 -28.6688
v 160.7843 41.3000 -23.5468
v 163.5088 41.3000 -18.0220
v 165.4890 41.3000 -12.1887
v 166.6907 41.3000 -6.1470
v 165.4890 35.2061 5.9887
v 165.8815 35.2061 0.0000
v 164.3181 35.2061 11.8750
v 162.3890 35.2061 17.5581
v 159.7345 35.2061 22.9407
v 156.4002 35.2061 27.9309
v 152.4431 35.2061 32.4431
v 147.9309 35.2061 36.4002
v 142.9407 35.2061 39.7345
v 137.5581 35.2061 42.3890
v 131.8750 35.2061 44.3181
v 125.9887 35.2061 45.4890
v 120.0000 35.2061 45.8815
v 114.0113 35.2061 45.4890
v 108.1250 35.2061 44.3181
v 102.4419 35.2061 42.3890
v 97.0593 35.2061 39.7345
v 92.0691 35.2061 36.4002
v 87.5569 35.2061 32.4431
v 83.5998 35.2061 27.9309
v 80.2655 35.2061 22.9407
v 77.6110 35.2061 17.5581
v 75.6819 35.2061 11.8750
v 74.5110 35.2061 5.9887
v 74.1185 35.2061 0.0000
v 74.5110 35.2061 -5.9887
v 75.6819 35.2061 -11.8750
v 77.6110 35.2061 -17.5581
v 80.2655 35.2061 -22.9407
v 83.5998 35.2061 -27.9309
v 87.5569 35.2061 -32.4431
v 92.0691 35.2061 -36.4002
v 97.0593 35.2061 -39.7345
v 102.4419 35.2061 -42.3890
v 108.1250 35.2061 -44.3181
v 114.0113 35.2061 -45.4890
v 120.0000 35.2061 -45.8815
v 125.9887 35.2061 -45.4890
v 131.8750 35.2061 -44.3181
v 137.5581 35.2061 -42.3890
v 142.9407 35.2061 -39.7345
v 147.9309 35.2061 -36.4002
v 152.4431 35.2061 -32.4431
v 156.4002 35.2061 -27.9309
v 159.7345 35.2061 -22.9407
v 162.3890 35.2061 -17.5581
v 164.3181 35.2061 -11.8750
v 165.4890 35.2061 -5.9887
v 163.5088 29.3225 5.7280
v 163.8843 29.3225 0.0000
v 162.3890 29.3225 11.3581
v 160.5438 29.3225 16.7938
v 158.0049 29.3225 21.9421
v 154.8157 29.3225 26.7151
v 151.0309 29.3225 31.0309
v 146.7151 29.3225 34.8157
v 141.9421 29.3225 38.0049
v 136.7938 29.3225 40.5438
v 131.3581 29.3225 42.3890
v 125.7280 29.3225 43.5088
v 120.0000 29.3225 43.8843
v 114.2720 29.3225 43.5088
v 108.6419 29.3225 42.3890
v 103.2062 29.3225 40.5438
v 98.0579 29.3225 38.0049
v 93.2849 29.3225 34.8157
v 88.9691 29.3225 31.0309
v 85.1843 29.3225 26.7151
v 81.9951 29.3225 21.9421
v 79.4562 29.3225 16.7938
v 77.6110 29.3225 11.3581
v 76.4912 29.3225 5.7280
v 76.1157 29.3225 0.0000
v 76.4912 29.3225 -5.7280
v 77.6110 29.3225 -11.3581
v 79.4562 29.3225 -16.7938
v 81.9951 29.3225 -21.9421
v 85.1843 29.3225 -26.7151
v 88.9691 29.3225 -31.0309
v 93.2849 29.3225 -34.8157
v 98.0579 29.3225 -38.0049
v 103.2062 29.3225 -40.5438
v 108.6419 29.3225 -42.3890
v 114.2720 29.3225 -43.5088
v 120.0000 29.3225 -43.8843
v 125.7280 29.3225 -43.5088
v 131.3581 29.3225 -42.3890
v 136.7938 29.3225 -40.5438
v 141.9421 29.3225 -38.0049
v 146.7151 29.3225 -34.8157
v 151.0309 29.3225 -31.0309
v 154.8157 29.3225 -26.7151
v 158.0049 29.3225 -21.9421
v 160.5438 29.3225 -16.7938
v 162.3890 29.3225 -11.3581
v 163.5088 29.3225 -5.7280
v 160.7843 23.7500 5.3694
v 161.1362 23.7500 0.0000
v 159.7345 23.7500 10.6468
v 158.0049 23.7500 15.7421
v 155.6250 23.7500 20.5681
v 152.6355 23.7500 25.0421
v 149.0877 23.7500 29.0877
v 145.0421 23.7500 32.6355
v 140.5681 23.7500 35.6250
v 135.7421 23.7500 38.0049
v 130.6468 23.7500 39.7345
v 125.3694 23.7500 40.7843
v 120.0000 23.7500 41.1362
v 114.6306 23.7500 40.7843
v 109.3532 23.7500 39.7345
v 104.2579 23.7500 38.0049
v 99.4319 23.7500 35.6250
v 94.9579 23.7500 32.6355
v 90.9123 23.7500 29.0877
v 87.3645 23.7500 25.0421
v 84.3750 23.7500 20.5681
v 81.9951 23.7500 15.7421
v 80.2655 23.7500 10.6468
v 79.2157 23.7500 5.3694
v 78.8638 23.7500 0.0000
v 79.2157 23.7500 -5.3694
v 80.2655 23.7500 -10.6468
v 81.9951 23.7500 -15.7421
v 84.3750 23.7500 -20.5681
v 87.3645 23.7500 -25.0421
v 90.9123 23.7500 -29.0877
v 94.9579 23.7500 -32.6355
v 99.4319 23.7500 -35.6250
v 104.2579 23.7500 -38.0049
v 109.3532 23.7500 -39.7345
v 114.6306 23.7500 -40.7843
v 120.0000 23.7500 -41.1362
v 125.3694 23.7500 -40.7843
v 130.6468 23.7500 -39.7345
v 135.7421 23.7500 -38.0049
v 140.5681 23.7500 -35.6250
v 145.0421 23.7500 -32.6355
v 149.0877 23.7500 -29.0877
v 152.6355 23.7500 -25.0421
v 155.6250 23.7500 -20.5681
v 158.0049 23.7500 -15.7421
v 159.7345 23.7500 -10.6468
v 160.7843 23.7500 -5.3694
v 157.3619 18.5838 4.9188
v 157.6843 18.5838 0.0000
v 156.4002 18.5838 9.7534
v 154.8157 18.5838 14.4212
v 152.6355 18.5838 18.8421
v 149.8970 18.5838 22.9407
v 146.6468 18.5838 26.6468
v 142.9407 18.5838 29.8970
v 138.8421 18.5838 32.6355
v 134.4212 18.5838 34.8157
v 129.7534 18.5838 36.4002
v 124.9188 18.5838 37.3619
v 120.0000 18.5838 37.6843
v 115.0812 18.5838 37.3619
v 110.2466 18.5838 36.4002
v 105.5788 18.5838 34.8157
v 101.1579 18.5838 32.6355
v 97.0593 18.5838 29.8970
v 93.3532 18.5838 26.6468
v 90.1030 18.5838 22.9407
v 87.3645 18.5838 18.8421
v 85.1843 18.5838 14.4212
v 83.5998 18.5838 9.7534
v 82.6381 18.5838 4.9188
v 82.3157 18.5838 0.0000
v 82.6381 18.5838 -4.9188
v 83.5998 18.5838 -9.7534
v 85.1843 18.5838 -14.4212
v 87.3645 18.5838 -18.8421
v 90.1030 18.5838 -22.9407
v 93.3532 18.5838 -26.6468
v 97.0593 18.5838 -29.8970
v 101.1579 18.5838 -32.6355
v 105.5788 18.5838 -34.8157
v 110.2466 18.5838 -36.4002
v 115.0812 18.5838 -37.3619
v 120.0000 18.5838 -37.6843
v 124.9188 18.5838 -37.3619
v 129.7534 18.5838 -36.4002
v 134.4212 18.5838 -34.8157
v 138.8421 18.5838 -32.6355
v 142.9407 18.5838 -29.8970
v 146.6468 18.5838 -26.6468
v 149.8970 18.5838 -22.9407
v 152.6355 18.5838 -18.8421
v 154.8157 18.5838 -14.4212
v 156.4002 18.5838 -9.7534
v 157.3619 18.5838 -4.9188
v 153.3002 13.9124 4.3841
v 153.5876 13.9124 0.0000
v 152.4431 13.9124 8.6931
v 151.0309 13.9124 12.8534
v 149.0877 13.9124 16.7938
v 146.6468 13.9124 20.4468
v 143.7500 13.9124 23.7500
v 140.4468 13.9124 26.6468
v 136.7938 13.9124 29.0877
v 132.8534 13.9124 31.0309
v 128.6931 13.9124 32.4431
v 124.3841 13.9124 33.3002
v 120.0000 13.9124 33.5876
v 115.6159 13.9124 33.3002
v 111.3069 13.9124 32.4431
v 107.1466 13.9124 31.0309
v 103.2062 13.9124 29.0877
v 99.5532 13.9124 26.6468
v 96.2500 13.9124 23.7500
v 93.3532 13.9124 20.4468
v 90.9123 13.9124 16.7938
v 88.9691 13.9124 12.8534
v 87.5569 13.9124 8.6931
v 86.6998 13.9124 4.3841
v 86.4124 13.9124 0.0000
v 86.6998 13.9124 -4.3841
v 87.5569 13.9124 -8.6931
v 88.9691 13.9124 -12.8534
v 90.9123 13.9124 -16.7938
v 93.3532 13.9124 -20.4468
v 96.2500 13.9124 -23.7500
v 99.5532 13.9124 -26.6468
v 103.2062 13.9124 -29.0877
v 107.1466 13.9124 -31.0309
v 111.3069 13.9124 -32.4431
v 115.6159 13.9124 -33.3002
v 120.0000 13.9124 -33.5876
v 124.3841 13.9124 -33.3002
v 128.6931 13.9124 -32.4431
v 132.8534 13.9124 -31.0309
v 136.7938 13.9124 -29.0877
v 140.4468 13.9124 -26.6468
v 143.7500 13.9124 -23.7500
v 146.6468 13.9124 -20.4468
v 149.0877 13.9124 -16.7938
v 151.0309 13.9124 -12.8534
v 152.4431 13.9124 -8.6931
v 153.3002 13.9124 -4.3841
v 148.6688 9.8157 3.7743
v 148.9162 9.8157 0.0000
v 147.9309 9.8157 7.4841
v 146.7151 9.8157 11.0657
v 145.0421 9.8157 14.4581
v 142.9407 9.8157 17.6030
v 140.4468 9.8157 20.4468
v 137.6030 9.8157 22.9407
v 134.4581 9.8157 25.0421
v 131.0657 9.8157 26.7151
v 127.4841 9.8157 27.9309
v 123.7743 9.8157 28.6688
v 120.0000 9.8157 28.9162
v 116.2257 9.8157 28.6688
v 112.5159 9.8157 27.9309
v 108.9343 9.8157 26.7151
v 105.5419 9.8157 25.0421
v 102.3970 9.8157 22.9407
v 99.5532 9.8157 20.4468
v 97.0593 9.8157 17.6030
v 94.9579 9.8157 14.4581
v 93.2849 9.8157 11.0657
v 92.0691 9.8157 7.4841
v 91.3312 9.8157 3.7743
v 91.0838 9.8157 0.0000
v 91.3312 9.8157 -3.7743
v 92.0691 9.8157 -7.4841
v 93.2849 9.8157 -11.0657
v 94.9579 9.8157 -14.4581
v 97.0593 9.8157 -17.6030
v 99.5532 9.8157 -20.4468
v 102.3970 9.8157 -22.9407
v 105.5419 9.8157 -25.0421
v 108.9343 9.8157 -26.7151
v 112.5159 9.8157 -27.9309
v 116.2257 9.8157 -28.6688
v 120.0000 9.8157 -28.9162
v 123.7743 9.8157 -28.6688
v 127.4841 9.8157 -27.9309
v 131.0657 9.8157 -26.7151
v 134.4581 9.8157 -25.0421
v 137.6030 9.8157 -22.9407
v 140.4468 9.8157 -20.4468
v 142.9407 9.8157 -17.6030
v 145.0421 9.8157 -14.4581
v 146.7151 9.8157 -11.0657
v 147.9309 9.8157 -7.4841
v 148.6688 9.8157 -3.7743
v 143.5468 6.3638 3.1000
v 143.7500 6.3638 0.0000
v 142.9407 6.3638 6.1470
v 141.9421 6.3638 9.0887
v 140.5681 6.3638 11.8750
v 138.8421 6.3638 14.4581
v 136.7938 6.3638 16.7938
v 134.4581 6.3638 18.8421
v 131.8750 6.3638 20.5681
v 129.0887 6.3638 21.9421
v 126.1470 6.3638 22.9407
v 123.1000 6.3638 23.5468
v 120.0000 6.3638 23.7500
v 116.9000 6.3638 23.5468
v 113.8530 6.3638 22.9407
v 110.9113 6.3638 21.9421
v 108.1250 6.3638 20.5681
v 105.5419 6.3638 18.8421
v 103.2062 6.3638 16.7938
v 101.1579 6.3638 14.4581
v 99.4319 6.3638 11.8750
v 98.0579 6.3638 9.0887
v 97.0593 6.3638 6.1470
v 96.4532 6.3638 3.1000
v 96.2500 6.3638 0.0000
v 96.4532 6.3638 -3.1000
v 97.0593 6.3638 -6.1470
v 98.0579 6.3638 -9.0887
v 99.4319 6.3638 -11.8750
v 101.1579 6.3638 -14.4581
v 103.2062 6.3638 -16.7938
v 105.5419 6.3638 -18.8421
v 108.1250 6.3638 -20.5681
v 110.9113 6.3638 -21.9421
v 113.8530 6.3638 -22.9407
v 116.9000 6.3638 -23.5468
v 120.0000 6.3638 -23.7500
v 123.1000 6.3638 -23.5468
v 126.1470 6.3638 -22.9407
v 129.0887 6.3638 -21.9421
v 131.8750 6.3638 -20.5681
v 134.4581 6.3638 -18.8421
v 136.7938 6.3638 -16.7938
v 138.8421 6.3638 -14.4581
v 140.5681 6.3638 -11.8750
v 141.9421 6.3638 -9.0887
v 142.9407 6.3638 -6.1470
v 143.5468 6.3638 -3.1000
v 138.0220 3.6157 2.3726
v 138.1775 3.6157 0.0000
v 137.5581 3.6157 4.7047
v 136.7938 3.6157 6.9562
v 135.7421 3.6157 9.0887
v 134.4212 3.6157 11.0657
v 132.8534 3.6157 12.8534
v 131.0657 3.6157 14.4212
v 129.0887 3.6157 15.7421
v 126.9562 3.6157 16.7938
v 124.7047 3.6157 17.5581
v 122.3726 3.6157 18.0220
v 120.0000 3.6157 18.1775
v 117.6274 3.6157 18.0220
v 115.2953 3.6157 17.5581
v 113.0438 3.6157 16.7938
v 110.9113 3.6157 15.7421
v 108.9343 3.6157 14.4212
v 107.1466 3.6157 12.8534
v 105.5788 3.6157 11.0657
v 104.2579 3.6157 9.0887
v 103.2062 3.6157 6.9562
v 102.4419 3.6157 4.7047
v 101.9780 3.6157 2.3726
v 101.8225 3.6157 0.0000
v 101.9780 3.6157 -2.3726
v 102.4419 3.6157 -4.7047
v 103.2062 3.6157 -6.9562
v 104.2579 3.6157 -9.0887
v 105.5788 3.6157 -11.0657
v 107.1466 3.6157 -12.8534
v 108.9343 3.6157 -14.4212
v 110.9113 3.6157 -15.7421
v 113.0438 3.6157 -16.7938
v 115.2953 3.6157 -17.5581
v 117.6274 3.6157 -18.0220
v 120.0000 3.6157 -18.1775
v 122.3726 3.6157 -18.0220
v 124.7047 3.6157 -17.5581
v 126.9562 3.6157 -16.7938
v 129.0887 3.6157 -15.7421
v 131.0657 3.6157 -14.4212
v 132.8534 3.6157 -12.8534
v 134.4212 3.6157 -11.0657
v 135.7421 3.6157 -9.0887
v 136.7938 3.6157 -6.9562
v 137.5581 3.6157 -4.7047
v 138.0220 3.6157 -2.3726
v 132.1887 1.6185 1.6047
v 132.2939 1.6185 0.0000
v 131.8750 1.6185 3.1819
v 131.3581 1.6185 4.7047
v 130.6468 1.6185 6.1470
v 129.7534 1.6185 7.4841
v 128.6931 1.6185 8.6931
v 127.4841 1.6185 9.7534
v 126.1470 1.6185 10.6468
v 124.7047 1.6185 11.3581
v 123.1819 1.6185 11.8750
v 121.6047 1.6185 12.1887
v 120.0000 1.6185 12.2939
v 118.3953 1.6185 12.1887
v 116.8181 1.6185 11.8750
v 115.2953 1.6185 11.3581
v 113.8530 1.6185 10.6468
v 112.5159 1.6185 9.7534
v 111.3069 1.6185 8.6931
v 110.2466 1.6185 7.4841
v 109.3532 1.6185 6.1470
v 108.6419 1.6185 4.7047
v 108.1250 1.6185 3.1819
v 107.8113 1.6185 1.6047
v 107.7061 1.6185 0.0000
v 107.8113 1.6185 -1.6047
v 108.1250 1.6185 -3.1819
v 108.6419 1.6185 -4.7047
v 109.3532 1.6185 -6.1470
v 110.2466 1.6185 -7.4841
v 111.3069 1.6185 -8.6931
v 112.5159 1.6185 -9.7534
v 113.8530 1.6185 -10.6468
v 115.2953 1.6185 -11.3581
v 116.8181 1.6185 -11.8750
v 118.3953 1.6185 -12.1887
v 120.0000 1.6185 -12.2939
v 121.6047 1.6185 -12.1887
v 123.1819 1.6185 -11.8750
v 124.7047 1.6185 -11.3581
v 126.1470 1.6185 -10.6468
v 127.4841 1.6185 -9.7534
v 128.6931 1.6185 -8.6931
v 129.7534 1.6185 -7.4841
v 130.6468 1.6185 -6.1470
v 131.3581 1.6185 -4.7047
v 131.8750 1.6185 -3.1819
v 132.1887 1.6185 -1.6047
v 126.1470 0.4064 0.8093
v 126.2000 0.4064 0.0000
v 125.9887 0.4064 1.6047
v 125.7280 0.4064 2.3726
v 125.3694 0.4064 3.1000
v 124.9188 0.4064 3.7743
v 124.3841 0.4064 4.3841
v 123.7743 0.4064 4.9188
v 123.1000 0.4064 5.3694
v 122.3726 0.4064 5.7280
v 121.6047 0.4064 5.9887
v 120.8093 0.4064 6.1470
v 120.0000 0.4064 6.2000
v 119.1907 0.4064 6.1470
v 118.3953 0.4064 5.9887
v 117.6274 0.4064 5.7280
v 116.9000 0.4064 5.3694
v 116.2257 0.4064 4.9188
v 115.6159 0.4064 4.3841
v 115.0812 0.4064 3.7743
v 114.6306 0.4064 3.1000
v 114.2720 0.4064 2.3726
v 114.0113 0.4064 1.6047
v 113.8530 0.4064 0.8093
v 113.8000 0.4064 0.0000
v 113.8530 0.4064 -0.8093
v 114.0113 0.4064 -1.6047
v 114.2720 0.4064 -2.3726
v 114.6306 0.4064 -3.1000
v 115.0812 0.4064 -3.7743
v 115.6159 0.4064 -4.3841
v 116.2257 0.4064 -4.9188
v 116.9000 0.4064 -5.3694
v 117.6274 0.4064 -5.7280
v 118.3953 0.4064 -5.9887
v 119.1907 0.4064 -6.1470
v 120.0000 0.4064 -6.2000
v 120.8093 0.4064 -6.1470
v 121.6047 0.4064 -5.9887
v 122.3726 0.4064 -5.7280
v 123.1000 0.4064 -5.3694
v 123.7743 0.4064 -4.9188
v 124.3841 0.4064 -4.3841
v 124.9188 0.4064 -3.7743
v 125.3694 0.4064 -3.1000
v 125.7280 0.4064 -2.3726
v 125.9887 0.4064 -1.6047
v 126.1470 0.4064 -0.8093
v 120.0000 0.0000 0.0000
v 240.0000 95.0000 0.0000
v 246.1470 94.5936 0.8093
v 246.2000 94.5936 0.0000
v 245.9887 94.5936 1.6047
v 245.7280 94.5936 2.3726
v 245.3694 94.5936 3.1000
v 244.9188 94.5936 3.7743
v 244.3841 94.5936 4.3841
v 243.7743 94.5936 4.9188
v 243.1000 94.5936 5.3694
v 242.3726 94.5936 5.7280
v 241.6047 94.5936 5.9887
v 240.8093 94.5936 6.1470
v 240.0000 94.5936 6.2000
v 239.1907 94.5936 6.1470
v 238.3953 94.5936 5.9887
v 237.6274 94.5936 5.7280
v 236.9000 94.5936 5.3694
v 236.2257 94.5936 4.9188
v 235.6159 94.5936 4.3841
v 235.0812 94.5936 3.7743
v 234.6306 94.5936 3.1000
v 234.2720 94.5936 2.3726
v 234.0113 94.5936 1.6047
v 233.8530 94.5936 0.8093
v 233.8000 94.5936 0.0000
v 233.8530 94.5936 -0.8093
v 234.0113 94.5936 -1.6047
v 234.2720 94.5936 -2.3726
v 234.6306 94.5936 -3.1000
v 235.0812 94.5936 -3.7743
v 235.6159 94.5936 -4.3841
v 236.2257 94.5936 -4.9188
v 236.9000 94.5936 -5.3694
v 237.6274 94.5936 -5.7280
v 238.3953 94.5936 -5.9887
v 239.1907 94.5936 -6.1470
v 240.0000 94.5936 -6.2000
v 240.8093 94.5936 -6.1470
v 241.6047 94.5936 -5.9887
v 242.3726 94.5936 -5.7280
v 243.1000 94.5936 -5.3694
v 243.7743 94.5936 -4.9188
v 244.3841 94.5936 -4.3841
v 244.9188 94.5936 -3.7743
v 245.3694 94.5936 -3.1000
v 245.7280 94.5936 -2.3726
v 245.9887 94.5936 -1.6047
v 246.1470 94.5936 -0.8093
v 252.1887 93.3815 1.6047
v 252.2939 93.3815 0.0000
v 251.8750 93.3815 3.1819
v 251.3581 93.3815 4.7047
v 250.6468 93.3815 6.1470
v 249.7534 93.3815 7.4841
v 248.6931 93.3815 8.6931
v 247.4841 93.3815 9.7534
v 246.1470 93.3815 10.6468
v 244.7047 93.3815 11.3581
v 243.1819 93.3815 11.8750
v 241.6047 93.3815 12.1887
v 240.0000 93.3815 12.2939
v 238.3953 93.3815 12.1887
v 236.8181 93.3815 11.8750
v 235.2953 93.3815 11.3581
v 233.8530 93.3815 10.6468
v 232.5159 93.3815 9.7534
v 231.3069 93.3815 8.6931
v 230.2466 93.3815 7.4841
v 229.3532 93.3815 6.1470
v 228.6419 93.3815 4.7047
v 228.1250 93.3815 3.1819
v 227.8113 93.3815 1.6047
v 227.7061 93.3815 0.0000
v 227.8113 93.3815 -1.6047
v 228.1250 93.3815 -3.1819
v 228.6419 93.3815 -4.7047
v 229.3532 93.3815 -6.1470
v 230.2466 93.3815 -7.4841
v 231.3069 93.3815 -8.6931
v 232.5159 93.3815 -9.7534
v 233.8530 93.3815 -10.6468
v 235.2953 93.3815 -11.3581
v 236.8181 93.3815 -11.8750
v 238.3953 93.3815 -12.1887
v 240.0000 93.3815 -12.2939
v 241.6047 93.3815 -12.1887
v 243.1819 93.3815 -11.8750
v 244.7047 93.3815 -11.3581
v 246.1470 93.3815 -10.6468
v 247.4841 93.3815 -9.7534
v 248.6931 93.3815 -8.6931
v 249.7534 93.3815 -7.4841
v 250.6468 93.3815 -6.1470
v 251.3581 93.3815 -4.7047
v 251.8750 93.3815 -3.1819
v 252.1887 93.3815 -1.6047
v 258.0220 91.3843 2.3726
v 258.1775 91.3843 0.0000
v 257.5581 91.3843 4.7047
v 256.7938 91.3843 6.9562
v 255.7421 91.3843 9.0887
v 254.4212 91.3843 11.0657
v 252.8534 91.3843 12.8534
v 251.0657 91.3843 14.4212
v 249.0887 91.3843 15.7421
v 246.9562 91.3843 16.7938
v 244.7047 91.3843 17.5581
v 242.3726 91.3843 18.0220
v 240.0000 91.3843 18.1775
v 237.6274 91.3843 18.0220
v 235.2953 91.3843 17.5581
v 233.0438 91.3843 16.7938
v 230.9113 91.3843 15.7421
v 228.9343 91.3843 14.4212
v 227.1466 91.3843 12.8534
v 225.5788 91.3843 11.0657
v 224.2579 91.3843 9.0887
v 223.2062 91.3843 6.9562
v 222.4419 91.3843 4.7047
v 221.9780 91.3843 2.3726
v 221.8225 91.3843 0.0000
v 221.9780 91.3843 -2.3726
v 222.4419 91.3843 -4.7047
v 223.2062 91.3843 -6.9562
v 224.2579 91.3843 -9.0887
v 225.5788 91.3843 -11.0657
v 227.1466 91.3843 -12.8534
v 228.9343 91.3843 -14.4212
v 230.9113 91.3843 -15.7421
v 233.0438 91.3843 -16.7938
v 235.2953 91.3843 -17.5581
v 237.6274 91.3843 -18.0220
v 240.0000 91.3843 -18.1775
v 242.3726 91.3843 -18.0220
v 244.7047 91.3843 -17.5581
v 246.9562 91.3843 -16.7938
v 249.0887 91.3843 -15.7421
v 251.0657 91.3843 -14.4212
v 252.8534 91.3843 -12.8534
v 254.4212 91.3843 -11.0657
v 255.7421 91.3843 -9.0887
v 256.7938 91.3843 -6.9562
v 257.5581 91.3843 -4.7047
v 258.0220 91.3843 -2.3726
v 263.5468 88.6362 3.1000
v 263.7500 88.6362 0.0000
v 262.9407 88.6362 6.1470
v 261.9421 88.6362 9.0887
v 260.5681 88.6362 11.8750
v 258.8421 88.6362 14.4581
v 256.7938 88.6362 16.7938
v 254.4581 88.6362 18.8421
v 251.8750 88.6362 20.5681
v 249.0887 88.6362 21.9421
v 246.1470 88.6362 22.9407
v 243.1000 88.6362 23.5468
v 240.0000 88.6362 23.7500
v 236.9000 88.6362 23.5468
v 233.8530 88.6362 22.9407
v 230.9113 88.6362 21.9421
v 228.1250 88.6362 20.5681
v 225.5419 88.6362 18.8421
v 223.2062 88.6362 16.7938
v 221.1579 88.6362 14.4581
v 219.4319 88.6362 11.8750
v 218.0579 88.6362 9.0887
v 217.0593 88.6362 6.1470
v 216.4532 88.6362 3.1000
v 216.2500 88.6362 0.0000
v 216.4532 88.6362 -3.1000
v 217.0593 88.6362 -6.1470
v 218.0579 88.6362 -9.0887
v 219.4319 88.6362 -11.8750
v 221.1579 88.6362 -14.4581
v 223.2062 88.6362 -16.7938
v 225.5419 88.6362 -18.8421
v 228.1250 88.6362 -20.5681
v 230.9113 88.6362 -21.9421
v 233.8530 88.6362 -22.9407
v 236.9000 88.6362 -23.5468
v 240.0000 88.6362 -23.7500
v 243.1000 88.6362 -23.5468
v 246.1470 88.6362 -22.9407
v 249.0887 88.6362 -21.9421
v 251.8750 88.6362 -20.5681
v 254.4581 88.6362 -18.8421
v 256.7938 88.6362 -16.7938
v 258.8421 88.6362 -14.4581
v 260.5681 88.6362 -11.8750
v 261.9421 88.6362 -9.0887
v 262.9407 88.6362 -6.1470
v 263.5468 88.6362 -3.1000
v 268.6688 85.1843 3.7743
v 268.9162 85.1843 0.0000
v 267.9309 85.1843 7.4841
v 266.7151 85.1843 11.0657
v 265.0421 85.1843 14.4581
v 262.9407 85.1843 17.6030
v 260.4468 85.1843 20.4468
v 257.6030 85.1843 22.9407
v 254.4581 85.1843 25.0421
v 251.0657 85.1843 26.7151
v 247.4841 85.1843 27.9309
v 243.7743 85.1843 28.6688
v 240.0000 85.1843 28.9162
v 236.2257 85.1843 28.6688
v 232.5159 85.1843 27.9309
v 228.9343 85.1843 26.7151
v 225.5419 85.1843 25.0421
v 222.3970 85.1843 22.9407
v 219.5532 85.1843 20.4468
v 217.0593 85.1843 17.6030
v 214.9579 85.1843 14.4581
v 213.2849 85.1843 11.0657
v 212.0691 85.1843 7.4841
v 211.3312 85.1843 3.7743
v 211.0838 85.1843 0.0000
v 211.3312 85.1843 -3.7743
v 212.0691 85.1843 -7.4841
v 213.2849 85.1843 -11.0657
v 214.9579 85.1843 -14.4581
v 217.0593 85.1843 -17.6030
v 219.5532 85.1843 -20.4468
v 222.3970 85.1843 -22.9407
v 225.5419 85.1843 -25.0421
v 228.9343 85.1843 -26.7151
v 232.5159 85.1843 -27.9309
v 236.2257 85.1843 -28.6688
v 240.0000 85.1843 -28.9162
v 243.7743 85.1843 -28.6688
v 247.4841 85.1843 -27.9309
v 251.0657 85.1843 -26.7151
v 254.4581 85.1843 -25.0421
v 257.6030 85.1843 -22.9407
v 260.4468 85.1843 -20.4468
v 262.9407 85.1843 -17.6030
v 265.0421 85.1843 -14.4581
v 266.7151 85.1843 -11.0657
v 267.9309 85.1843 -7.4841
v 268.6688 85.1843 -3.7743
v 273.3002 81.0876 4.3841
v 273.5876 81.0876 0.0000
v 272.4431 81.0876 8.6931
v 271.0309 81.0876 12.8534
v 269.0877 81.0876 16.7938
v 266.6468 81.0876 20.4468
v 263.7500 81.0876 23.7500
v 260.4468 81.0876 26.6468
v 256.7938 81.0876 29.0877
v 252.8534 81.0876 31.0309
v 248.6931 81.0876 32.4431
v 244.3841 81.0876 33.3002
v 240.0000 81.0876 33.5876
v 235.6159 81.0876 33.3002
v 231.3069 81.0876 32.4431
v 227.1466 81.0876 31.0309
v 223.2062 81.0876 29.0877
v 219.5532 81.0876 26.6468
v 216.2500 81.0876 23.7500
v 213.3532 81.0876 20.4468
v 210.9123 81.0876 16.7938
v 208.9691 81.0876 12.8534
v 207.5569 81.0876 8.6931
v 206.6998 81.0876 4.3841
v 206.4124 81.0876 0.0000
v 206.6998 81.0876 -4.3841
v 207.5569 81.0876 -8.6931
v 208.9691 81.0876 -12.8534
v 210.9123 81.0876 -16.7938
v 213.3532 81.0876 -20.4468
v 216.2500 81.0876 -23.7500
v 219.5532 81.0876 -26.6468
v 223.2062 81.0876 -29.0877
v 227.1466 81.0876 -31.0309
v 231.3069 81.0876 -32.4431
v 235.6159 81.0876 -33.3002
v 240.0000 81.0876 -33.5876
v 244.3841 81.0876 -33.3002
v 248.6931 81.0876 -32.4431
v 252.8534 81.0876 -31.0309
v 256.7938 81.0876 -29.0877
v 260.4468 81.0876 -26.6468
v 263.7500 81.0876 -23.7500
v 266.6468 81.0876 -20.4468
v 269.0877 81.0876 -16.7938
v 271.0309 81.0876 -12.8534
v 272.4431 81.0876 -8.6931
v 273.3002 81.0876 -4.3841
v 277.3619 76.4162 4.9188
v 277.6843 76.4162 0.0000
v 276.4002 76.4162 9.7534
v 274.8157 76.4162 14.4212
v 272.6355 76.4162 18.8421
v 269.8970 76.4162 22.9407
v 266.6468 76.4162 26.6468
v 262.9407 76.4162 29.8970
v 258.8421 76.4162 32.6355
v 254.4212 76.4162 34.8157
v 249.7534 76.4162 36.4002
v 244.9188 76.4162 37.3619
v 240.0000 76.4162 37.6843
v 235.0812 76.4162 37.3619
v 230.2466 76.4162 36.4002
v 225.5788 76.4162 34.8157
v 221.1579 76.4162 32.6355
v 217.0593 76.4162 29.8970
v 213.3532 76.4162 26.6468
v 210.1030 76.4162 22.9407
v 207.3645 76.4162 18.8421
v 205.1843 76.4162 14.4212
v 203.5998 76.4162 9.7534
v 202.6381 76.4162 4.9188
v 202.3157 76.4162 0.0000
v 202.6381 76.4162 -4.9188
v 203.5998 76.4162 -9.7534
v 205.1843 76.4162 -14.4212
v 207.3645 76.4162 -18.8421
v 210.1030 76.4162 -22.9407
v 213.3532 76.4162 -26.6468
v 217.0593 76.4162 -29.8970
v 221.1579 76.4162 -32.6355
v 225.5788 76.4162 -34.8157
v 230.2466 76.4162 -36.4002
v 235.0812 76.4162 -37.3619
v 240.0000 76.4162 -37.6843
v 244.9188 76.4162 -37.3619
v 249.7534 76.4162 -36.4002
v 254.4212 76.4162 -34.8157
v 258.8421 76.4162 -32.6355
v 262.9407 76.4162 -29.8970
v 266.6468 76.4162 -26.6468
v 269.8970 76.4162 -22.9407
v 272.6355 76.4162 -18.8421
v 274.8157 76.4162 -14.4212
v 276.4002 76.4162 -9.7534
v 277.3619 76.4162 -4.9188
v 280.7843 71.2500 5.3694
v 281.1362 71.2500 0.0000
v 279.7345 71.2500 10.6468
v 278.0049 71.2500 15.7421
v 275.6250 71.2500 20.5681
v 272.6355 71.2500 25.0421
v 269.0877 71.2500 29.0877
v 265.0421 71.2500 32.6355
v 260.5681 71.2500 35.6250
v 255.7421 71.2500 38.0049
v 250.6468 71.2500 39.7345
v 245.3694 71.2500 40.7843
v 240.0000 71.2500 41.1362
v 234.6306 71.2500 40.7843
v 229.3532 71.2500 39.7345
v 224.2579 71.2500 38.0049
v 219.4319 71.2500 35.6250
v 214.9579 71.2500 32.6355
v 210.9123 71.2500 29.0877
v 207.3645 71.2500 25.0421
v 204.3750 71.2500 20.5681
v 201.9951 71.2500 15.7421
v 200.2655 71.2500 10.6468
v 199.2157 71.2500 5.3694
v 198.8638 71.2500 0.0000
v 199.2157 71.2500 -5.3694
v 200.2655 71.2500 -10.6468
v 201.9951 71.2500 -15.7421
v 204.3750 71.2500 -20.5681
v 207.3645 71.2500 -25.0421
v 210.9123 71.2500 -29.0877
v 214.9579 71.2500 -32.6355
v 219.4319 71.2500 -35.6250
v 224.2579 71.2500 -38.0049
v 229.3532 71.2500 -39.7345
v 234.6306 71.2500 -40.7843
v 240.0000 71.2500 -41.1362
v 245.3694 71.2500 -40.7843
v 250.6468 71.2500 -39.7345
v 255.7421 71.2500 -38.0049
v 260.5681 71.2500 -35.6250
v 265.0421 71.2500 -32.6355
v 269.0877 71.2500 -29.0877
v 272.6355 71.2500 -25.0421
v 275.6250 71.2500 -20.5681
v 278.0049 71.2500 -15.7421
v 279.7345 71.2500 -10.6468
v 280.7843 71.2500 -5.3694
v 283.5088 65.6775 5.7280
v 283.8843 65.6775 0.0000
v 282.3890 65.6775 11.3581
v 280.5438 65.6775 16.7938
v 278.0049 65.6775 21.9421
v 274.8157 65.6775 26.7151
v 271.0309 65.6775 31.0309
v 266.7151 65.6775 34.8157
v 261.9421 65.6775 38.0049
v 256.7938 65.6775 40.5438
v 251.3581 65.6775 42.3890
v 245.7280 65.6775 43.5088
v 240.0000 65.6775 43.8843
v 234.2720 65.6775 43.5088
v 228.6419 65.6775 42.3890
v 223.2062 65.6775 40.5438
v 218.0579 65.6775 38.0049
v 213.2849 65.6775 34.8157
v 208.9691 65.6775 31.0309
v 205.1843 65.6775 26.7151
v 201.9951 65.6775 21.9421
v 199.4562 65.6775 16.7938
v 197.6110 65.6775 11.3581
v 196.4912 65.6775 5.7280
v 196.1157 65.6775 0.0000
v 196.4912 65.6775 -5.7280
v 197.6110 65.6775 -11.3581
v 199.4562 65.6775 -16.7938
v 201.9951 65.6775 -21.9421
v 205.1843 65.6775 -26.7151
v 208.9691 65.6775 -31.0309
v 213.2849 65.6775 -34.8157
v 218.0579 65.6775 -38.0049
v 223.2062 65.6775 -40.5438
v 228.6419 65.6775 -42.3890
v 234.2720 65.6775 -43.5088
v 240.0000 65.6775 -43.8843
v 245.7280 65.6775 -43.5088
v 251.3581 65.6775 -42.3890
v 256.7938 65.6775 -40.5438
v 261.9421 65.6775 -38.0049
v 266.7151 65.6775 -34.8157
v 271.0309 65.6775 -31.0309
v 274.8157 65.6775 -26.7151
v 278.0049 65.6775 -21.9421
v 280.5438 65.6775 -16.7938
v 282.3890 65.6775 -11.3581
v 283.5088 65.6775 -5.7280
v 285.4890 59.7939 5.9887
v 285.8815 59.7939 0.0000
v 284.3181 59.7939 11.8750
v 282.3890 59.7939 17.5581
v 279.7345 59.7939 22.9407
v 276.4002 59.7939 27.9309
v 272.4431 59.7939 32.4431
v 267.9309 59.7939 36.4002
v 262.9407 59.7939 39.7345
v 257.5581 59.7939 42.3890
v 251.8750 59.7939 44.3181
v 245.9887 59.7939 45.4890
v 240.0000 59.7939 45.8815
v 234.0113 59.7939 45.4890
v 228.1250 59.7939 44.3181
v 222.4419 59.7939 42.3890
v 217.0593 59.7939 39.7345
v 212.0691 59.7939 36.4002
v 207.5569 59.7939 32.4431
v 203.5998 59.7939 27.9309
v 200.2655 59.7939 22.9407
v 197.6110 59.7939 17.5581
v 195.6819 59.7939 11.8750
v 194.5110 59.7939 5.9887
v 194.1185 59.7939 0.0000
v 194.5110 59.7939 -5.9887
v 195.6819 59.7939 -11.8750
v 197.6110 59.7939 -17.5581
v 200.2655 59.7939 -22.9407
v 203.5998 59.7939 -27.9309
v 207.5569 59.7939 -32.4431
v 212.0691 59.7939 -36.4002
v 217.0593 59.7939 -39.7345
v 222.4419 59.7939 -42.3890
v 228.1250 59.7939 -44.3181
v 234.0113 59.7939 -45.4890
v 240.0000 59.7939 -45.8815
v 245.9887 59.7939 -45.4890
v 251.8750 59.7939 -44.3181
v 257.5581 59.7939 -42.3890
v 262.9407 59.7939 -39.7345
v 267.9309 59.7939 -36.4002
v 272.4431 59.7939 -32.4431
v 276.4002 59.7939 -27.9309
v 279.7345 59.7939 -22.9407
v 282.3890 59.7939 -17.5581
v 284.3181 59.7939 -11.8750
v 285.4890 59.7939 -5.9887
v 286.6907 53.7000 6.1470
v 287.0936 53.7000 0.0000
v 285.4890 53.7000 12.1887
v 283.5088 53.7000 18.0220
v 280.7843 53.7000 23.5468
v 277.3619 53.7000 28.6688
v 273.3002 53.7000 33.3002
v 268.6688 53.7000 37.3619
v 263.5468 53.7000 40.7843
v 258.0220 53.7000 43.5088
v 252.1887 53.7000 45.4890
v 246.1470 53.7000 46.6907
v 240.0000 53.7000 47.0936
v 233.8530 53.7000 46.6907
v 227.8113 53.7000 45.4890
v 221.9780 53.7000 43.5088
v 216.4532 53.7000 40.7843
v 211.3312 53.7000 37.3619
v 206.6998 53.7000 33.3002
v 202.6381 53.7000 28.6688
v 199.2157 53.7000 23.5468
v 196.4912 53.7000 18.0220
v 194.5110 53.7000 12.1887
v 193.3093 53.7000 6.1470
v 192.9064 53.7000 0.0000
v 193.3093 53.7000 -6.1470
v 194.5110 53.7000 -12.1887
v 196.4912 53.7000 -18.0220
v 199.2157 53.7000 -23.5468
v 202.6381 53.7000 -28.6688
v 206.6998 53.7000 -33.3002
v 211.3312 53.7000 -37.3619
v 216.4532 53.7000 -40.7843
v 221.9780 53.7000 -43.5088
v 227.8113 53.7000 -45.4890
v 233.8530 53.7000 -46.6907
v 240.0000 53.7000 -47.0936
v 246.1470 53.7000 -46.6907
v 252.1887 53.7000 -45.4890
v 258.0220 53.7000 -43.5088
v 263.5468 53.7000 -40.7843
v 268.6688 53.7000 -37.3619
v 273.3002 53.7000 -33.3002
v 277.3619 53.7000 -28.6688
v 280.7843 53.7000 -23.5468
v 283.5088 53.7000 -18.0220
v 285.4890 53.7000 -12.1887
v 286.6907 53.7000 -6.1470
v 287.0936 47.5000 6.2000
v 287.5000 47.5000 0.0000
v 285.8815 47.5000 12.2939
v 283.8843 47.5000 18.1775
v 281.1362 47.5000 23.7500
v 277.6843 47.5000 28.9162
v 273.5876 47.5000 33.5876
v 268.9162 47.5000 37.6843
v 263.7500 47.5000 41.1362
v 258.1775 47.5000 43.8843
v 252.2939 47.5000 45.8815
v 246.2000 47.5000 47.0936
v 240.0000 47.5000 47.5000
v 233.8000 47.5000 47.0936
v 227.7061 47.5000 45.8815
v 221.8225 47.5000 43.8843
v 216.2500 47.5000 41.1362
v 211.0838 47.5000 37.6843
v 206.4124 47.5000 33.5876
v 202.3157 47.5000 28.9162
v 198.8638 47.5000 23.7500
v 196.1157 47.5000 18.1775
v 194.1185 47.5000 12.2939
v 192.9064 47.5000 6.2000
v 192.5000 47.5000 0.0000
v 192.9064 47.5000 -6.2000
v 194.1185 47.5000 -12.2939
v 196.1157 47.5000 -18.1775
v 198.8638 47.5000 -23.7500
v 202.3157 47.5000 -28.9162
v 206.4124 47.5000 -33.5876
v 211.0838 47.5000 -37.6843
v 216.2500 47.5000 -41.1362
v 221.8225 47.5000 -43.8843
v 227.7061 47.5000 -45.8815
v 233.8000 47.5000 -47.0936
v 240.0000 47.5000 -47.5000
v 246.2000 47.5000 -47.0936
v 252.2939 47.5000 -45.8815
v 258.1775 47.5000 -43.8843
v 263.7500 47.5000 -41.1362
v 268.9162 47.5000 -37.6843
v 273.5876 47.5000 -33.5876
v 277.6843 47.5000 -28.9162
v 281.1362 47.5000 -23.7500
v 283.8843 47.5000 -18.1775
v 285.8815 47.5000 -12.2939
v 287.0936 47.5000 -6.2000
v 286.6907 41.3000 6.1470
v 287.0936 41.3000 0.0000
v 285.4890 41.3000 12.1887
v 283.5088 41.3000 18.0220
v 280.7843 41.3000 23.5468
v 277.3619 41.3000 28.6688
v 273.3002 41.3000 33.3002
v 268.6688 41.3000 37.3619
v 263.5468 41.3000 40.7843
v 258.0220 41.3000 43.5088
v 252.1887 41.3000 45.4890
v 246.1470 41.3000 46.6907
v 240.0000 41.3000 47.0936
v 233.8530 41.3000 46.6907
v 227.8113 41.3000 45.4890
v 221.9780 41.3000 43.5088
v 216.4532 41.3000 40.7843
v 211.3312 41.3000 37.3619
v 206.6998 41.3000 33.3002
v 202.6381 41.3000 28.6688
v 199.2157 41.3000 23.5468
v 196.4912 41.3000 18.0220
v 194.5110 41.3000 12.1887
v 193.3093 41.3000 6.1470
v 192.9064 41.3000 0.0000
v 193.3093 41.3000 -6.1470
v 194.5110 41.3000 -12.1887
v 196.4912 41.3000 -18.0220
v 199.2157 41.3000 -23.5468
v 202.6381 41.3000 -28.6688
v 206.6998 41.3000 -33.3002
v 211.3312 41.3000 -37.3619
v 216.4532 41.3000 -40.7843
v 221.9780 41.3000 -43.5088
v 227.8113 41.3000 -45.4890
v 233.8530 41.3000 -46.6907
v 240.0000 41.3000 -47.0936
v 246.1470 41.3000 -46.6907
v 252.1887 41.3000 -45.4890
v 258.0220 41.3000 -43.5088
v 263.5468 41.3000 -40.7843
v 268.6688 41.3000 -37.3619
v 273.3002 41.3000 -33.3002
v 277.3619 41.3000 -28.6688
v 280.7843 41.3000 -23.5468
v 283.5088 41.3000 -18.0220
v 285.4890 41.3000 -12.1887
v 286.6907 41.3000 -6.1470
v 285.4890 35.2061 5.9887
v 285.8815 35.2061 0.0000
v 284.3181 35.2061 11.8750
v 282.3890 35.2061 17.5581
v 279.7345 35.2061 22.9407
v 276.4002 35.2061 27.9309
v 272.4431 35.2061 32.4431
v 267.9309 35.2061 36.4002
v 262.9407 35.2061 39.7345
v 257.5581 35.2061 42.3890
v 251.8750 35.2061 44.3181
v 245.9887 35.2061 45.4890
v 240.0000 35.2061 45.8815
v 234.0113 35.2061 45.4890
v 228.1250 35.2061 44.3181
v 222.4419 35.2061 42.3890
v 217.0593 35.2061 39.7345
v 212.0691 35.2061 36.4002
v 207.5569 35.2061 32.4431
v 203.5998 35.2061 27.9309
v 200.2655 35.2061 22.9407
v 197.6110 35.2061 17.5581
v 195.6819 35.2061 11.8750
v 194.5110 35.2061 5.9887
v 194.1185 35.2061 0.0000
v 194.5110 35.2061 -5.9887
v 195.6819 35.2061 -11.8750
v 197.6110 35.2061 -17.5581
v 200.2655 35.2061 -22.9407
v 203.5998 35.2061 -27.9309
v 207.5569 35.2061 -32.4431
v 212.0691 35.2061 -36.4002
v 217.0593 35.2061 -39.7345
v 222.4419 35.2061 -42.3890
v 228.1250 35.2061 -44.3181
v 234.0113 35.2061 -45.4890
v 240.0000 35.2061 -45.8815
v 245.9887 35.2061 -45.4890
v 251.8750 35.2061 -44.3181
v 257.5581 35.2061 -42.3890
v 262.9407 35.2061 -39.7345
v 267.9309 35.2061 -36.4002
v 272.4431 35.2061 -32.4431
v 276.4002 35.2061 -27.9309
v 279.7345 35.2061 -22.9407
v 282.3890 35.2061 -17.5581
v 284.3181 35.2061 -11.8750
v 285.4890 35.2061 -5.9887
v 283.5088 29.3225 5.7280
v 283.8843 29.3225 0.0000
v 282.3890 29.3225 11.3581
v 280.5438 29.3225 16.7938
v 278.0049 29.3225 21.9421
v 274.8157 29.3225 26.7151
v 271.0309 29.3225 31.0309
v 266.7151 29.3225 34.8157
v 261.9421 29.3225 38.0049
v 256.7938 29.3225 40.5438
v 251.3581 29.3225 42.3890
v 245.7280 29.3225 43.5088
v 240.0000 29.3225 43.8843
v 234.2720 29.3225 43.5088
v 228.6419 29.3225 42.3890
v 223.2062 29.3225 40.5438
v 218.0579 29.3225 38.0049
v 213.2849 29.3225 34.8157
v 208.9691 29.3225 31.0309
v 205.1843 29.3225 26.7151
v 201.9951 29.3225 21.9421
v 199.4562 29.3225 16.7938
v 197.6110 29.3225 11.3581
v 196.4912 29.3225 5.7280
v 196.1157 29.3225 0.0000
v 196.4912 29.3225 -5.7280
v 197.6110 29.3225 -11.3581
v 199.4562 29.3225 -16.7938
v 201.9951 29.3225 -21.9421
v 205.1843 29.3225 -26.7151
v 208.9691 29.3225 -31.0309
v 213.2849 29.3225 -34.8157
v 218.0579 29.3225 -38.0049
v 223.2062 29.3225 -40.5438
v 228.6419 29.3225 -42.3890
v 234.2720 29.3225 -43.5088
v 240.0000 29.3225 -43.8843
v 245.7280 29.3225 -43.5088
v 251.3581 29.3225 -42.3890
v 256.7938 29.3225 -40.5438
v 261.9421 29.3225 -38.0049
v 266.7151 29.3225 -34.8157
v 271.0309 29.3225 -31.0309
v 274.8157 29.3225 -26.7151
v 278.0049 29.3225 -21.9421
v 280.5438 29.3225 -16.7938
v 282.3890 29.3225 -11.3581
v 283.5088 29.3225 -5.7280
v 280.7843 23.7500 5.3694
v 281.1362 23.7500 0.0000
v 279.7345 23.7500 10.6468
v 278.0049 23.7500 15.7421
v 275.6250 23.7500 20.5681
v 272.6355 23.7500 25.0421
v 269.0877 23.7500 29.0877
v 265.0421 23.7500 32.6355
v 260.5681 23.7500 35.6250
v 255.7421 23.7500 38.0049
v 250.6468 23.7500 39.7345
v 245.3694 23.7500 40.7843
v 240.0000 23.7500 41.1362
v 234.6306 23.7500 40.7843
v 229.3532 23.7500 39.7345
v 224.2579 23.7500 38.0049
v 219.4319 23.7500 35.6250
v 214.9579 23.7500 32.6355
v 210.9123 23.7500 29.0877
v 207.3645 23.7500 25.0421
v 204.3750 23.7500 20.5681
v 201.9951 23.7500 15.7421
v 200.2655 23.7500 10.6468
v 199.2157 23.7500 5.3694
v 198.8638 23.7500 0.0000
v 199.2157 23.7500 -5.3694
v 200.2655 23.7500 -10.6468
v 201.9951 23.7500 -15.7421
v 204.3750 23.7500 -20.5681
v 207.3645 23.7500 -25.0421
v 210.9123 23.7500 -29.0877
v 214.9579 23.7500 -32.6355
v 219.4319 23.7500 -35.6250
v 224.2579 23.7500 -38.0049
v 229.3532 23.7500 -39.7345
v 234.6306 23.7500 -40.7843
v 240.0000 23.7500 -41.1362
v 245.3694 23.7500 -40.7843
v 250.6468 23.7500 -39.7345
v 255.7421 23.7500 -38.0049
v 260.5681 23.7500 -35.6250
v 265.0421 23.7500 -32.6355
v 269.0877 23.7500 -29.0877
v 272.6355 23.7500 -25.0421
v 275.6250 23.7500 -20.5681
v 278.0049 23.7500 -15.7421
v 279.7345 23.7500 -10.6468
v 280.7843 23.7500 -5.3694
v 277.3619 18.5838 4.9188
v 277.6843 18.5838 0.0000
v 276.4002 18.5838 9.7534
v 274.8157 18.5838 14.4212
v 272.6355 18.5838 18.8421
v 269.8970 18.5838 22.9407
v 266.6468 18.5838 26.6468
v 262.9407 18.5838 29.8970
v 258.8421 18.5838 32.6355
v 254.4212 18.5838 34.8157
v 249.7534 18.5838 36.4002
v 244.9188 18.5838 37.3619
v 240.0000 18.5838 37.6843
v 235.0812 18.5838 37.3619
v 230.2466 18.5838 36.4002
v 225.5788 18.5838 34.8157
v 221.1579 18.5838 32.6355
v 217.0593 18.5838 29.8970
v 213.3532 18.5838 26.6468
v 210.1030 18.5838 22.9407
v 207.3645 18.5838 18.8421
v 205.1843 18.5838 14.4212
v 203.5998 18.5838 9.7534
v 202.6381 18.5838 4.9188
v 202.3157 18.5838 0.0000
v 202.6381 18.5838 -4.9188
v 203.5998 18.5838 -9.7534
v 205.1843 18.5838 -14.4212
v 207.3645 18.5838 -18.8421
v 210.1030 18.5838 -22.9407
v 213.3532 18.5838 -26.6468
v 217.0593 18.5838 -29.8970
v 221.1579 18.5838 -32.6355
v 225.5788 18.5838 -34.8157
v 230.2466 18.5838 -36.4002
v 235.0812 18.5838 -37.3619
v 240.0000 18.5838 -37.6843
v 244.9188 18.5838 -37.3619
v 249.7534 18.5838 -36.4002
v 254.4212 18.5838 -34.8157
v 258.8421 18.5838 -32.6355
v 262.9407 18.5838 -29.8970
v 266.6468 18.5838 -26.6468
v 269.8970 18.5838 -22.9407
v 272.6355 18.5838 -18.8421
v 274.8157 18.5838 -14.4212
v 276.4002 18.5838 -9.7534
v 277.3619 18.5838 -4.9188
v 273.3002 13.9124 4.3841
v 273.5876 13.9124 0.0000
v 272.4431 13.9124 8.6931
v 271.0309 13.9124 12.8534
v 269.0877 13.9124 16.7938
v 266.6468 13.9124 20.4468
v 263.7500 13.9124 23.7500
v 260.4468 13.9124 26.6468
v 256.7938 13.9124 29.0877
v 252.8534 13.9124 31.0309
v 248.6931 13.9124 32.4431
v 244.3841 13.9124 33.3002
v 240.0000 13.9124 33.5876
v 235.6159 13.9124 33.3002
v 231.3069 13.9124 32.4431
v 227.1466 13.9124 31.0309
v 223.2062 13.9124 29.0877
v 219.5532 13.9124 26.6468
v 216.2500 13.9124 23.7500
v 213.3532 13.9124 20.4468
v 210.9123 13.9124 16.7938
v 208.9691 13.9124 12.8534
v 207.5569 13.9124 8.6931
v 206.6998 13.9124 4.3841
v 206.4124 13.9124 0.0000
v 206.6998 13.9124 -4.3841
v 207.5569 13.9124 -8.6931
v 208.9691 13.9124 -12.8534
v 210.9123 13.9124 -16.7938
v 213.3532 13.9124 -20.4468
v 216.2500 13.9124 -23.7500
v 219.5532 13.9124 -26.6468
v 223.2062 13.9124 -29.0877
v 227.1466 13.9124 -31.0309
v 231.3069 13.9124 -32.4431
v 235.6159 13.9124 -33.3002
v 240.0000 13.9124 -33.5876
v 244.3841 13.9124 -33.3002
v 248.6931 13.9124 -32.4431
v 252.8534 13.9124 -31.0309
v 256.7938 13.9124 -29.0877
v 260.4468 13.9124 -26.6468
v 263.7500 13.9124 -23.7500
v 266.6468 13.9124 -20.4468
v 269.0877 13.9124 -16.7938
v 271.0309 13.9124 -12.8534
v 272.4431 13.9124 -8.6931
v 273.3002 13.9124 -4.3841
v 268.6688 9.8157 3.7743
v 268.9162 9.8157 0.0000
v 267.9309 9.8157 7.4841
v 266.7151 9.8157 11.0657
v 265.0421 9.8157 14.4581
v 262.9407 9.8157 17.6030
v 260.4468 9.8157 20.4468
v 257.6030 9.8157 22.9407
v 254.4581 9.8157 25.0421
v 251.0657 9.8157 26.7151
v 247.4841 9.8157 27.9309
v 243.7743 9.8157 28.6688
v 240.0000 9.8157 28.9162
v 236.2257 9.8157 28.6688
v 232.5159 9.8157 27.9309
v 228.9343 9.8157 26.7151
v 225.5419 9.8157 25.0421
v 222.3970 9.8157 22.9407
v 219.5532 9.8157 20.4468
v 217.0593 9.8157 17.6030
v 214.9579 9.8157 14.4581
v 213.2849 9.8157 11.0657
v 212.0691 9.8157 7.4841
v 211.3312 9.8157 3.7743
v 211.0838 9.8157 0.0000
v 211.3312 9.8157 -3.7743
v 212.0691 9.8157 -7.4841
v 213.2849 9.8157 -11.0657
v 214.9579 9.8157 -14.4581
v 217.0593 9.8157 -17.6030
v 219.5532 9.8157 -20.4468
v 222.3970 9.8157 -22.9407
v 225.5419 9.8157 -25.0421
v 228.9343 9.8157 -26.7151
v 232.5159 9.8157 -27.9309
v 236.2257 9.8157 -28.6688
v 240.0000 9.8157 -28.9162
v 243.7743 9.8157 -28.6688
v 247.4841 9.8157 -27.9309
v 251.0657 9.8157 -26.7151
v 254.4581 9.8157 -25.0421
v 257.6030 9.8157 -22.9407
v 260.4468 9.8157 -20.4468
v 262.9407 9.8157 -17.6030
v 265.0421 9.8157 -14.4581
v 266.7151 9.8157 -11.0657
v 267.9309 9.8157 -7.4841
v 268.6688 9.8157 -3.7743
v 263.5468 6.3638 3.1000
v 263.7500 6.3638 0.0000
v 262.9407 6.3638 6.1470
v 261.9421 6.3638 9.0887
v 260.5681 6.3638 11.8750
v 258.8421 6.3638 14.4581
v 256.7938 6.3638 16.7938
v 254.4581 6.3638 18.8421
v 251.8750 6.3638 20.5681
v 249.0887 6.3638 21.9421
v 246.1470 6.3638 22.9407
v 243.1000 6.3638 23.5468
v 240.0000 6.3638 23.7500
v 236.9000 6.3638 23.5468
v 233.8530 6.3638 22.9407
v 230.9113 6.3638 21.9421
v 228.1250 6.3638 20.5681
v 225.5419 6.3638 18.8421
v 223.2062 6.3638 16.7938
v 221.1579 6.3638 14.4581
v 219.4319 6.3638 11.8750
v 218.0579 6.3638 9.0887
v 217.0593 6.3638 6.1470
v 216.4532 6.3638 3.1000
v 216.2500 6.3638 0.0000
v 216.4532 6.3638 -3.1000
v 217.0593 6.3638 -6.1470
v 218.0579 6.3638 -9.0887
v 219.4319 6.3638 -11.8750
v 221.1579 6.3638 -14.4581
v 223.2062 6.3638 -16.7938
v 225.5419 6.3638 -18.8421
v 228.1250 6.3638 -20.5681
v 230.9113 6.3638 -21.9421
v 233.8530 6.3638 -22.9407
v 236.9000 6.3638 -23.5468
v 240.0000 6.3638 -23.7500
v 243.1000 6.3638 -23.5468
v 246.1470 6.3638 -22.9407
v 249.0887 6.3638 -21.9421
v 251.8750 6.3638 -20.5681
v 254.4581 6.3638 -18.8421
v 256.7938 6.3638 -16.7938
v 258.8421 6.3638 -14.4581
v 260.5681 6.3638 -11.8750
v 261.9421 6.3638 -9.0887
v 262.9407 6.3638 -6.1470
v 263.5468 6.3638 -3.1000
v 258.0220 3.6157 2.3726
v 258.1775 3.6157 0.0000
v 257.5581 3.6157 4.7047
v 256.7938 3.6157 6.9562
v 255.7421 3.6157 9.0887
v 254.4212 3.6157 11.0657
v 252.8534 3.6157 12.8534
v 251.0657 3.6157 14.4212
v 249.0887 3.6157 15.7421
v 246.9562 3.6157 16.7938
v 244.7047 3.6157 17.5581
v 242.3726 3.6157 18.0220
v 240.0000 3.6157 18.1775
v 237.6274 3.6157 18.0220
v 235.2953 3.6157 17.5581
v 233.0438 3.6157 16.7938
v 230.9113 3.6157 15.7421
v 228.9343 3.6157 14.4212
v 227.1466 3.6157 12.8534
v 225.5788 3.6157 11.0657
v 224.2579 3.6157 9.0887
v 223.2062 3.6157 6.9562
v 222.4419 3.6157 4.7047
v 221.9780 3.6157 2.3726
v 221.8225 3.6157 0.0000
v 221.9780 3.6157 -2.3726
v 222.4419 3.6157 -4.7047
v 223.2062 3.6157 -6.9562
v 224.2579 3.6157 -9.0887
v 225.5788 3.6157 -11.0657
v 227.1466 3.6157 -12.8534
v 228.9343 3.6157 -14.4212
v 230.9113 3.6157 -15.7421
v 233.0438 3.6157 -16.7938
v 235.2953 3.6157 -17.5581
v 237.6274 3.6157 -18.0220
v 240.0000 3.6157 -18.1775
v 242.3726 3.6157 -18.0220
v 244.7047 3.6157 -17.5581
v 246.9562 3.6157 -16.7938
v 249.0887 3.6157 -15.7421
v 251.0657 3.6157 -14.4212
v 252.8534 3.6157 -12.8534
v 254.4212 3.6157 -11.0657
v 255.7421 3.6157 -9.0887
v 256.7938 3.6157 -6.9562
v 257.5581 3.6157 -4.7047
v 258.0220 3.6157 -2.3726
v 252.1887 1.6185 1.6047
v 252.2939 1.6185 0.0000
v 251.8750 1.6185 3.1819
v 251.3581 1.6185 4.7047
v 250.6468 1.6185 6.1470
v 249.7534 1.6185 7.4841
v 248.6931 1.6185 8.6931
v 247.4841 1.6185 9.7534
v 246.1470 1.6185 10.6468
v 244.7047 1.6185 11.3581
v 243.1819 1.6185 11.8750
v 241.6047 1.6185 12.1887
v 240.0000 1.6185 12.2939
v 238.3953 1.6185 12.1887
v 236.8181 1.6185 11.8750
v 235.2953 1.6185 11.3581
v 233.8530 1.6185 10.6468
v 232.5159 1.6185 9.7534
v 231.3069 1.6185 8.6931
v 230.2466 1.6185 7.4841
v 229.3532 1.6185 6.1470
v 228.6419 1.6185 4.7047
v 228.1250 1.6185 3.1819
v 227.8113 1.6185 1.6047
v 227.7061 1.6185 0.0000
v 227.8113 1.6185 -1.6047
v 228.1250 1.6185 -3.1819
v 228.6419 1.6185 -4.7047
v 229.3532 1.6185 -6.1470
v 230.2466 1.6185 -7.4841
v 231.3069 1.6185 -8.6931
v 232.5159 1.6185 -9.7534
v 233.8530 1.6185 -10.6468
v 235.2953 1.6185 -11.3581
v 236.8181 1.6185 -11.8750
v 238.3953 1.6185 -12.1887
v 240.0000 1.6185 -12.2939
v 241.6047 1.6185 -12.1887
v 243.1819 1.6185 -11.8750
v 244.7047 1.6185 -11.3581
v 246.1470 1.6185 -10.6468
v 247.4841 1.6185 -9.7534
v 248.6931 1.6185 -8.6931
v 249.7534 1.6185 -7.4841
v 250.6468 1.6185 -6.1470
v 251.3581 1.6185 -4.7047
v 251.8750 1.6185 -3.1819
v 252.1887 1.6185 -1.6047
v 246.1470 0.4064 0.8093
v 246.2000 0.4064 0.0000
v 245.9887 0.4064 1.6047
v 245.7280 0.4064 2.3726
v 245.3694 0.4064 3.1000
v 244.9188 0.4064 3.7743
v 244.3841 0.4064 4.3841
v 243.7743 0.4064 4.9188
v 243.1000 0.4064 5.3694
v 242.3726 0.4064 5.7280
v 241.6047 0.4064 5.9887
v 240.8093 0.4064 6.1470
v 240.0000 0.4064 6.2000
v 239.1907 0.4064 6.1470
v 238.3953 0.4064 5.9887
v 237.6274 0.4064 5.7280
v 236.9000 0.4064 5.3694
v 236.2257 0.4064 4.9188
v 235.6159 0.4064 4.3841
v 235.0812 0.4064 3.7743
v 234.6306 0.4064 3.1000
v 234.2720 0.4064 2.3726
v 234.0113 0.4064 1.6047
v 233.8530 0.4064 0.8093
v 233.8000 0.4064 0.0000
v 233.8530 0.4064 -0.8093
v 234.0113 0.4064 -1.6047
v 234.2720 0.4064 -2.3726
v 234.6306 0.4064 -3.1000
v 235.0812 0.4064 -3.7743
v 235.6159 0.4064 -4.3841
v 236.2257 0.4064 -4.9188
v 236.9000 0.4064 -5.3694
v 237.6274 0.4064 -5.7280
v 238.3953 0.4064 -5.9887
v 239.1907 0.4064 -6.1470
v 240.0000 0.4064 -6.2000
v 240.8093 0.4064 -6.1470
v 241.6047 0.4064 -5.9887
v 242.3726 0.4064 -5.7280
v 243.1000 0.4064 -5.3694
v 243.7743 0.4064 -4.9188
v 244.3841 0.4064 -4.3841
v 244.9188 0.4064 -3.7743
v 245.3694 0.4064 -3.1000
v 245.7280 0.4064 -2.3726
v 245.9887 0.4064 -1.6047
v 246.1470 0.4064 -0.8093
v 240.0000 0.0000 0.0000
vn 0.000000 1.000000 0.000000
vn 0.129410 0.991445 0.017037
vn 0.130526 0.991445 0.000000
vn 0.126079 0.991445 0.033783
vn 0.120590 0.991445 0.049950
vn 0.113039 0.991445 0.065263
vn 0.103553 0.991445 0.079459
vn 0.092296 0.991445 0.092296
vn 0.079459 0.991445 0.103553
vn 0.065263 0.991445 0.113039
vn 0.049950 0.991445 0.120590
vn 0.033783 0.991445 0.126079
vn 0.017037 0.991445 0.129410
vn 0.000000 0.991445 0.130526
vn -0.017037 0.991445 0.129410
vn -0.033783 0.991445 0.126079
vn -0.049950 0.991445 0.120590
vn -0.065263 0.991445 0.113039
vn -0.079459 0.991445 0.103553
vn -0.092296 0.991445 0.092296
vn -0.103553 0.991445 0.079459
vn -0.113039 0.991445 0.065263
vn -0.120590 0.991445 0.049950
vn -0.126079 0.991445 0.033783
vn -0.129410 0.991445 0.017037
vn -0.130526 0.991445 0.000000
vn -0.129410 0.991445 -0.017037
vn -0.126079 0.991445 -0.033783
vn -0.120590 0.991445 -0.049950
vn -0.113039 0.991445 -0.065263
vn -0.103553 0.991445 -0.079459
vn -0.092296 0.991445 -0.092296
vn -0.079459 0.991445 -0.103553
vn -0.065263 0.991445 -0.113039
vn -0.049950 0.991445 -0.120590
vn -0.033783 0.991445 -0.126079
vn -0.017037 0.991445 -0.129410
vn -0.000000 0.991445 -0.130526
vn 0.017037 0.991445 -0.129410
vn 0.033783 0.991445 -0.126079
vn 0.049950 0.991445 -0.120590
vn 0.065263 0.991445 -0.113039
vn 0.079459 0.991445 -0.103553
vn 0.092296 0.991445 -0.092296
vn 0.103553 0.991445 -0.079459
vn 0.113039 0.991445 -0.065263
vn 0.120590 0.991445 -0.049950
vn 0.126079 0.991445 -0.033783
vn 0.129410 0.991445 -0.017037
vn 0.256605 0.965926 0.033783
vn 0.258819 0.965926 0.000000
vn 0.250000 0.965926 0.066987
vn 0.239118 0.965926 0.099046
vn 0.224144 0.965926 0.129410
vn 0.205335 0.965926 0.157559
vn 0.183013 0.965926 0.183013
vn 0.157559 0.965926 0.205335
vn 0.129410 0.965926 0.224144
vn 0.099046 0.965926 0.239118
vn 0.066987 0.965926 0.250000
vn 0.033783 0.965926 0.256605
vn 0.000000 0.965926 0.258819
vn -0.033783 0.965926 0.256605
vn -0.066987 0.965926 0.250000
vn -0.099046 0.965926 0.239118
vn -0.129410 0.965926 0.224144
vn -0.157559 0.965926 0.205335
vn -0.183013 0.965926 0.183013
vn -0.205335 0.965926 0.157559
vn -0.224144 0.965926 0.129410
vn -0.239118 0.965926 0.099046
vn -0.250000 0.965926 0.066987
vn -0.256605 0.965926 0.033783
vn -0.258819 0.965926 0.000000
vn -0.256605 0.965926 -0.033783
vn -0.250000 0.965926 -0.066987
vn -0.239118 0.965926 -0.099046
vn -0.224144 0.965926 -0.129410
vn -0.205335 0.965926 -0.157559
vn -0.183013 0.965926 -0.183013
vn -0.157559 0.965926 -0.205335
vn -0.129410 0.965926 -0.224144
vn -0.099046 0.965926 -0.239118
vn -0.066987 0.965926 -0.250000
vn -0.033783 0.965926 -0.256605
vn -0.000000 0.965926 -0.258819
vn 0.033783 0.965926 -0.256605
vn 0.066987 0.965926 -0.250000
vn 0.099046 0.965926 -0.239118
vn 0.129410 0.965926 -0.224144
vn 0.157559 0.965926 -0.205335
vn 0.183013 0.965926 -0.183013
vn 0.205335 0.965926 -0.157559
vn 0.224144 0.965926 -0.129410
vn 0.239118 0.965926 -0.099046
vn 0.250000 0.965926 -0.066987
vn 0.256605 0.965926 -0.033783
vn 0.379410 0.923880 0.049950
vn 0.382683 0.923880 0.000000
vn 0.369644 0.923880 0.099046
vn 0.353553 0.923880 0.146447
vn 0.331414 0.923880 0.191342
vn 0.303603 0.923880 0.232963
vn 0.270598 0.923880 0.270598
vn 0.232963 0.923880 0.303603
vn 0.191342 0.923880 0.331414
vn 0.146447 0.923880 0.353553
vn 0.099046 0.923880 0.369644
vn 0.049950 0.923880 0.379410
vn 0.000000 0.923880 0.382683
vn -0.049950 0.923880 0.379410
vn -0.099046 0.923880 0.369644
vn -0.146447 0.923880 0.353553
vn -0.191342 0.923880 0.331414
vn -0.232963 0.923880 0.303603
vn -0.270598 0.923880 0.270598
vn -0.303603 0.923880 0.232963
vn -0.331414 0.923880 0.191342
vn -0.353553 0.923880 0.146447
vn -0.369644 0.923880 0.099046
vn -0.379410 0.923880 0.049950
vn -0.382683 0.923880 0.000000
vn -0.379410 0.923880 -0.049950
vn -0.369644 0.923880 -0.099046
vn -0.353553 0.923880 -0.146447
vn -0.331414 0.923880 -0.191342
vn -0.303603 0.923880 -0.232963
vn -0.270598 0.923880 -0.270598
vn -0.232963 0.923880 -0.303603
vn -0.191342 0.923880 -0.331414
vn -0.146447 0.923880 -0.353553
vn -0.099046 0.923880 -0.369644
vn -0.049950 0.923880 -0.379410
vn -0.000000 0.923880 -0.382683
vn 0.049950 0.923880 -0.379410
vn 0.099046 0.923880 -0.369644
vn 0.146447 0.923880 -0.353553
vn 0.191342 0.923880 -0.331414
vn 0.232963 0.923880 -0.303603
vn 0.270598 0.923880 -0.270598
vn 0.303603 0.923880 -0.232963
vn 0.331414 0.923880 -0.191342
vn 0.353553 0.923880 -0.146447
vn 0.369644 0.923880 -0.099046
vn 0.379410 0.923880 -0.049950
vn 0.495722 0.866025 0.065263
vn 0.500000 0.866025 0.000000
vn 0.482963 0.866025 0.129410
vn 0.461940 0.866025 0.191342
vn 0.433013 0.866025 0.250000
vn 0.396677 0.866025 0.304381
vn 0.353553 0.866025 0.353553
vn 0.304381 0.866025 0.396677
vn 0.250000 0.866025 0.433013
vn 0.191342 0.866025 0.461940
vn 0.129410 0.866025 0.482963
vn 0.065263 0.866025 0.495722
vn 0.000000 0.866025 0.500000
vn -0.065263 0.866025 0.495722
vn -0.129410 0.866025 0.482963
vn -0.191342 0.866025 0.461940
vn -0.250000 0.866025 0.433013
vn -0.304381 0.866025 0.396677
vn -0.353553 0.866025 0.353553
vn -0.396677 0.866025 0.304381
vn -0.433013 0.866025 0.250000
vn -0.461940 0.866025 0.191342
vn -0.482963 0.866025 0.129410
vn -0.495722 0.866025 0.065263
vn -0.500000 0.866025 0.000000
vn -0.495722 0.866025 -0.065263
vn -0.482963 0.866025 -0.129410
vn -0.461940 0.866025 -0.191342
vn -0.433013 0.866025 -0.250000
vn -0.396677 0.866025 -0.304381
vn -0.353553 0.866025 -0.353553
vn -0.304381 0.866025 -0.396677
vn -0.250000 0.866025 -0.433013
vn -0.191342 0.866025 -0.461940
vn -0.129410 0.866025 -0.482963
vn -0.065263 0.866025 -0.495722
vn -0.000000 0.866025 -0.500000
vn 0.065263 0.866025 -0.495722
vn 0.129410 0.866025 -0.482963
vn 0.191342 0.866025 -0.461940
vn 0.250000 0.866025 -0.433013
vn 0.304381 0.866025 -0.396677
vn 0.353553 0.866025 -0.353553
vn 0.396677 0.866025 -0.304381
vn 0.433013 0.866025 -0.250000
vn 0.461940 0.866025 -0.191342
vn 0.482963 0.866025 -0.129410
vn 0.495722 0.866025 -0.065263
vn 0.603553 0.793353 0.079459
vn 0.608761 0.793353 0.000000
vn 0.588018 0.793353 0.157559
vn 0.562422 0.793353 0.232963
vn 0.527203 0.793353 0.304381
vn 0.482963 0.793353 0.370590
vn 0.430459 0.793353 0.430459
vn 0.370590 0.793353 0.482963
vn 0.304381 0.793353 0.527203
vn 0.232963 0.793353 0.562422
vn 0.157559 0.793353 0.588018
vn 0.079459 0.793353 0.603553
vn 0.000000 0.793353 0.608761
vn -0.079459 0.793353 0.603553
vn -0.157559 0.793353 0.588018
vn -0.232963 0.793353 0.562422
vn -0.304381 0.793353 0.527203
vn -0.370590 0.793353 0.482963
vn -0.430459 0.793353 0.430459
vn -0.482963 0.793353 0.370590
vn -0.527203 0.793353 0.304381
vn -0.562422 0.793353 0.232963
vn -0.588018 0.793353 0.157559
vn -0.603553 0.793353 0.079459
vn -0.608761 0.793353 0.000000
vn -0.603553 0.793353 -0.079459
vn -0.588018 0.793353 -0.157559
vn -0.562422 0.793353 -0.232963
vn -0.527203 0.793353 -0.304381
vn -0.482963 0.793353 -0.370590
vn -0.430459 0.793353 -0.430459
vn -0.370590 0.793353 -0.482963
vn -0.304381 0.793353 -0.527203
vn -0.232963 0.793353 -0.562422
vn -0.157559 0.793353 -0.588018
vn -0.079459 0.793353 -0.603553
vn -0.000000 0.793353 -0.608761
vn 0.079459 0.793353 -0.603553
vn 0.157559 0.793353 -0.588018
vn 0.232963 0.793353 -0.562422
vn 0.304381 0.793353 -0.527203
vn 0.370590 0.793353 -0.482963
vn 0.430459 0.793353 -0.430459
vn 0.482963 0.793353 -0.370590
vn 0.527203 0.793353 -0.304381
vn 0.562422 0.793353 -0.232963
vn 0.588018 0.793353 -0.157559
vn 0.603553 0.793353 -0.079459
vn 0.701057 0.707107 0.092296
vn 0.707107 0.707107 0.000000
vn 0.683013 0.707107 0.183013
vn 0.653281 0.707107 0.270598
vn 0.612372 0.707107 0.353553
vn 0.560986 0.707107 0.430459
vn 0.500000 0.707107 0.500000
vn 0.430459 0.707107 0.560986
vn 0.353553 0.707107 0.612372
vn 0.270598 0.707107 0.653281
vn 0.183013 0.707107 0.683013
vn 0.092296 0.707107 0.701057
vn 0.000000 0.707107 0.707107
vn -0.092296 0.707107 0.701057
vn -0.183013 0.707107 0.683013
vn -0.270598 0.707107 0.653281
vn -0.353553 0.707107 0.612372
vn -0.430459 0.707107 0.560986
vn -0.500000 0.707107 0.500000
vn -0.560986 0.707107 0.430459
vn -0.612372 0.707107 0.353553
vn -0.653281 0.707107 0.270598
vn -0.683013 0.707107 0.183013
vn -0.701057 0.707107 0.092296
vn -0.707107 0.707107 0.000000
vn -0.701057 0.707107 -0.092296
vn -0.683013 0.707107 -0.183013
vn -0.653281 0.707107 -0.270598
vn -0.612372 0.707107 -0.353553
vn -0.560986 0.707107 -0.430459
vn -0.500000 0.707107 -0.500000
vn -0.430459 0.707107 -0.560986
vn -0.353553 0.707107 -0.612372
vn -0.270598 0.707107 -0.653281
vn -0.183013 0.707107 -0.683013
vn -0.092296 0.707107 -0.701057
vn -0.000000 0.707107 -0.707107
vn 0.092296 0.707107 -0.701057
vn 0.183013 0.707107 -0.683013
vn 0.270598 0.707107 -0.653281
vn 0.353553 0.707107 -0.612372
vn 0.430459 0.707107 -0.560986
vn 0.500000 0.707107 -0.500000
vn 0.560986 0.707107 -0.430459
vn 0.612372 0.707107 -0.353553
vn 0.653281 0.707107 -0.270598
vn 0.683013 0.707107 -0.183013
vn 0.701057 0.707107 -0.092296
vn 0.786566 0.608761 0.103553
vn 0.793353 0.608761 0.000000
vn 0.766320 0.608761 0.205335
vn 0.732963 0.608761 0.303603
vn 0.687064 0.608761 0.396677
vn 0.629410 0.608761 0.482963
vn 0.560986 0.608761 0.560986
vn 0.482963 0.608761 0.629410
vn 0.396677 0.608761 0.687064
vn 0.303603 0.608761 0.732963
vn 0.205335 0.608761 0.766320
vn 0.103553 0.608761 0.786566
vn 0.000000 0.608761 0.793353
vn -0.103553 0.608761 0.786566
vn -0.205335 0.608761 0.766320
vn -0.303603 0.608761 0.732963
vn -0.396677 0.608761 0.687064
vn -0.482963 0.608761 0.629410
vn -0.560986 0.608761 0.560986
vn -0.629410 0.608761 0.482963
vn -0.687064 0.608761 0.396677
vn -0.732963 0.608761 0.303603
vn -0.766320 0.608761 0.205335
vn -0.786566 0.608761 0.103553
vn -0.793353 0.608761 0.000000
vn -0.786566 0.608761 -0.103553
vn -0.766320 0.608761 -0.205335
vn -0.732963 0.608761 -0.303603
vn -0.687064 0.608761 -0.396677
vn -0.629410 0.608761 -0.482963
vn -0.560986 0.608761 -0.560986
vn -0.482963 0.608761 -0.629410
vn -0.396677 0.608761 -0.687064
vn -0.303603 0.608761 -0.732963
vn -0.205335 0.608761 -0.766320
vn -0.103553 0.608761 -0.786566
vn -0.000000 0.608761 -0.793353
vn 0.103553 0.608761 -0.786566
vn 0.205335 0.608761 -0.766320
vn 0.303603 0.608761 -0.732963
vn 0.396677 0.608761 -0.687064
vn 0.482963 0.608761 -0.629410
vn 0.560986 0.608761 -0.560986
vn 0.629410 0.608761 -0.482963
vn 0.687064 0.608761 -0.396677
vn 0.732963 0.608761 -0.303603
vn 0.766320 0.608761 -0.205335
vn 0.786566 0.608761 -0.103553
vn 0.858616 0.500000 0.113039
vn 0.866025 0.500000 0.000000
vn 0.836516 0.500000 0.224144
vn 0.800103 0.500000 0.331414
vn 0.750000 0.500000 0.433013
vn 0.687064 0.500000 0.527203
vn 0.612372 0.500000 0.612372
vn 0.527203 0.500000 0.687064
vn 0.433013 0.500000 0.750000
vn 0.331414 0.500000 0.800103
vn 0.224144 0.500000 0.836516
vn 0.113039 0.500000 0.858616
vn 0.000000 0.500000 0.866025
vn -0.113039 0.500000 0.858616
vn -0.224144 0.500000 0.836516
vn -0.331414 0.500000 0.800103
vn -0.433013 0.500000 0.750000
vn -0.527203 0.500000 0.687064
vn -0.612372 0.500000 0.612372
vn -0.687064 0.500000 0.527203
vn -0.750000 0.500000 0.433013
vn -0.800103 0.500000 0.331414
vn -0.836516 0.500000 0.224144
vn -0.858616 0.500000 0.113039
vn -0.866025 0.500000 0.000000
vn -0.858616 0.500000 -0.113039
vn -0.836516 0.500000 -0.224144
vn -0.800103 0.500000 -0.331414
vn -0.750000 0.500000 -0.433013
vn -0.687064 0.500000 -0.527203
vn -0.612372 0.500000 -0.612372
vn -0.527203 0.500000 -0.687064
vn -0.433013 0.500000 -0.750000
vn -0.331414 0.500000 -0.800103
vn -0.224144 0.500000 -0.836516
vn -0.113039 0.500000 -0.858616
vn -0.000000 0.500000 -0.866025
vn 0.113039 0.500000 -0.858616
vn 0.224144 0.500000 -0.836516
vn 0.331414 0.500000 -0.800103
vn 0.433013 0.500000 -0.750000
vn 0.527203 0.500000 -0.687064
vn 0.612372 0.500000 -0.612372
vn 0.687064 0.500000 -0.527203
vn 0.750000 0.500000 -0.433013
vn 0.800103 0.500000 -0.331414
vn 0.836516 0.500000 -0.224144
vn 0.858616 0.500000 -0.113039
vn 0.915976 0.382683 0.120590
vn 0.923880 0.382683 0.000000
vn 0.892399 0.382683 0.239118
vn 0.853553 0.382683 0.353553
vn 0.800103 0.382683 0.461940
vn 0.732963 0.382683 0.562422
vn 0.653281 0.382683 0.653281
vn 0.562422 0.382683 0.732963
vn 0.461940 0.382683 0.800103
vn 0.353553 0.382683 0.853553
vn 0.239118 0.382683 0.892399
vn 0.120590 0.382683 0.915976
vn 0.000000 0.382683 0.923880
vn -0.120590 0.382683 0.915976
vn -0.239118 0.382683 0.892399
vn -0.353553 0.382683 0.853553
vn -0.461940 0.382683 0.800103
vn -0.562422 0.382683 0.732963
vn -0.653281 0.382683 0.653281
vn -0.732963 0.382683 0.562422
vn -0.800103 0.382683 0.461940
vn -0.853553 0.382683 0.353553
vn -0.892399 0.382683 0.239118
vn -0.915976 0.382683 0.120590
vn -0.923880 0.382683 0.000000
vn -0.915976 0.382683 -0.120590
vn -0.892399 0.382683 -0.239118
vn -0.853553 0.382683 -0.353553
vn -0.800103 0.382683 -0.461940
vn -0.732963 0.382683 -0.562422
vn -0.653281 0.382683 -0.653281
vn -0.562422 0.382683 -0.732963
vn -0.461940 0.382683 -0.800103
vn -0.353553 0.382683 -0.853553
vn -0.239118 0.382683 -0.892399
vn -0.120590 0.382683 -0.915976
vn -0.000000 0.382683 -0.923880
vn 0.120590 0.382683 -0.915976
vn 0.239118 0.382683 -0.892399
vn 0.353553 0.382683 -0.853553
vn 0.461940 0.382683 -0.800103
vn 0.562422 0.382683 -0.732963
vn 0.653281 0.382683 -0.653281
vn 0.732963 0.382683 -0.562422
vn 0.800103 0.382683 -0.461940
vn 0.853553 0.382683 -0.353553
vn 0.892399 0.382683 -0.239118
vn 0.915976 0.382683 -0.120590
vn 0.957662 0.258819 0.126079
vn 0.965926 0.258819 0.000000
vn 0.933013 0.258819 0.250000
vn 0.892399 0.258819 0.369644
vn 0.836516 0.258819 0.482963
vn 0.766320 0.258819 0.588018
vn 0.683013 0.258819 0.683013
vn 0.588018 0.258819 0.766320
vn 0.482963 0.258819 0.836516
vn 0.369644 0.258819 0.892399
vn 0.250000 0.258819 0.933013
vn 0.126079 0.258819 0.957662
vn 0.000000 0.258819 0.965926
vn -0.126079 0.258819 0.957662
vn -0.250000 0.258819 0.933013
vn -0.369644 0.258819 0.892399
vn -0.482963 0.258819 0.836516
vn -0.588018 0.258819 0.766320
vn -0.683013 0.258819 0.683013
vn -0.766320 0.258819 0.588018
vn -0.836516 0.258819 0.482963
vn -0.892399 0.258819 0.369644
vn -0.933013 0.258819 0.250000
vn -0.957662 0.258819 0.126079
vn -0.965926 0.258819 0.000000
vn -0.957662 0.258819 -0.126079
vn -0.933013 0.258819 -0.250000
vn -0.892399 0.258819 -0.369644
vn -0.836516 0.258819 -0.482963
vn -0.766320 0.258819 -0.588018
vn -0.683013 0.258819 -0.683013
vn -0.588018 0.258819 -0.766320
vn -0.482963 0.258819 -0.836516
vn -0.369644 0.258819 -0.892399
vn -0.250000 0.258819 -0.933013
vn -0.126079 0.258819 -0.957662
vn -0.000000 0.258819 -0.965926
vn 0.126079 0.258819 -0.957662
vn 0.250000 0.258819 -0.933013
vn 0.369644 0.258819 -0.892399
vn 0.482963 0.258819 -0.836516
vn 0.588018 0.258819 -0.766320
vn 0.683013 0.258819 -0.683013
vn 0.766320 0.258819 -0.588018
vn 0.836516 0.258819 -0.482963
vn 0.892399 0.258819 -0.369644
vn 0.933013 0.258819 -0.250000
vn 0.957662 0.258819 -0.126079
vn 0.982963 0.130526 0.129410
vn 0.991445 0.130526 0.000000
vn 0.957662 0.130526 0.256605
vn 0.915976 0.130526 0.379410
vn 0.858616 0.130526 0.495722
vn 0.786566 0.130526 0.603553
vn 0.701057 0.130526 0.701057
vn 0.603553 0.130526 0.786566
vn 0.495722 0.130526 0.858616
vn 0.379410 0.130526 0.915976
vn 0.256605 0.130526 0.957662
vn 0.129410 0.130526 0.982963
vn 0.000000 0.130526 0.991445
vn -0.129410 0.130526 0.982963
vn -0.256605 0.130526 0.957662
vn -0.379410 0.130526 0.915976
vn -0.495722 0.130526 0.858616
vn -0.603553 0.130526 0.786566
vn -0.701057 0.130526 0.701057
vn -0.786566 0.130526 0.603553
vn -0.858616 0.130526 0.495722
vn -0.915976 0.130526 0.379410
vn -0.957662 0.130526 0.256605
vn -0.982963 0.130526 0.129410
vn -0.991445 0.130526 0.000000
vn -0.982963 0.130526 -0.129410
vn -0.957662 0.130526 -0.256605
vn -0.915976 0.130526 -0.379410
vn -0.858616 0.130526 -0.495722
vn -0.786566 0.130526 -0.603553
vn -0.701057 0.130526 -0.701057
vn -0.603553 0.130526 -0.786566
vn -0.495722 0.130526 -0.858616
vn -0.379410 0.130526 -0.915976
vn -0.256605 0.130526 -0.957662
vn -0.129410 0.130526 -0.982963
vn -0.000000 0.130526 -0.991445
vn 0.129410 0.130526 -0.982963
vn 0.256605 0.130526 -0.957662
vn 0.379410 0.130526 -0.915976
vn 0.495722 0.130526 -0.858616
vn 0.603553 0.130526 -0.786566
vn 0.701057 0.130526 -0.701057
vn 0.786566 0.130526 -0.603553
vn 0.858616 0.130526 -0.495722
vn 0.915976 0.130526 -0.379410
vn 0.957662 0.130526 -0.256605
vn 0.982963 0.130526 -0.129410
vn 0.991445 0.000000 0.130526
vn 1.000000 0.000000 0.000000
vn 0.965926 0.000000 0.258819
vn 0.923880 0.000000 0.382683
vn 0.866025 0.000000 0.500000
vn 0.793353 0.000000 0.608761
vn 0.707107 0.000000 0.707107
vn 0.608761 0.000000 0.793353
vn 0.500000 0.000000 0.866025
vn 0.382683 0.000000 0.923880
vn 0.258819 0.000000 0.965926
vn 0.130526 0.000000 0.991445
vn 0.000000 0.000000 1.000000
vn -0.130526 0.000000 0.991445
vn -0.258819 0.000000 0.965926
vn -0.382683 0.000000 0.923880
vn -0.500000 0.000000 0.866025
vn -0.608761 0.000000 0.793353
vn -0.707107 0.000000 0.707107
vn -0.793353 0.000000 0.608761
vn -0.866025 0.000000 0.500000
vn -0.923880 0.000000 0.382683
vn -0.965926 0.000000 0.258819
vn -0.991445 0.000000 0.130526
vn -1.000000 0.000000 0.000000
vn -0.991445 0.000000 -0.130526
vn -0.965926 0.000000 -0.258819
vn -0.923880 0.000000 -0.382683
vn -0.866025 0.000000 -0.500000
vn -0.793353 0.000000 -0.608761
vn -0.707107 0.000000 -0.707107
vn -0.608761 0.000000 -0.793353
vn -0.500000 0.000000 -0.866025
vn -0.382683 0.000000 -0.923880
vn -0.258819 0.000000 -0.965926
vn -0.130526 0.000000 -0.991445
vn -0.000000 0.000000 -1.000000
vn 0.130526 0.000000 -0.991445
vn 0.258819 0.000000 -0.965926
vn 0.382683 0.000000 -0.923880
vn 0.500000 0.000000 -0.866025
vn 0.608761 0.000000 -0.793353
vn 0.707107 0.000000 -0.707107
vn 0.793353 0.000000 -0.608761
vn 0.866025 0.000000 -0.500000
vn 0.923880 0.000000 -0.382683
vn 0.965926 0.000000 -0.258819
vn 0.991445 0.000000 -0.130526
vn 0.982963 -0.130526 0.129410
vn 0.991445 -0.130526 0.000000
vn 0.957662 -0.130526 0.256605
vn 0.915976 -0.130526 0.379410
vn 0.858616 -0.130526 0.495722
vn 0.786566 -0.130526 0.603553
vn 0.701057 -0.130526 0.701057
vn 0.603553 -0.130526 0.786566
vn 0.495722 -0.130526 0.858616
vn 0.379410 -0.130526 0.915976
vn 0.256605 -0.130526 0.957662
vn 0.129410 -0.130526 0.982963
vn 0.000000 -0.130526 0.991445
vn -0.129410 -0.130526 0.982963
vn -0.256605 -0.130526 0.957662
vn -0.379410 -0.130526 0.915976
vn -0.495722 -0.130526 0.858616
vn -0.603553 -0.130526 0.786566
vn -0.701057 -0.130526 0.701057
vn -0.786566 -0.130526 0.603553
vn -0.858616 -0.130526 0.495722
vn -0.915976 -0.130526 0.379410
vn -0.957662 -0.130526 0.256605
vn -0.982963 -0.130526 0.129410
vn -0.991445 -0.130526 0.000000
vn -0.982963 -0.130526 -0.129410
vn -0.957662 -0.130526 -0.256605
vn -0.915976 -0.130526 -0.379410
vn -0.858616 -0.130526 -0.495722
vn -0.786566 -0.130526 -0.603553
vn -0.701057 -0.130526 -0.701057
vn -0.603553 -0.130526 -0.786566
vn -0.495722 -0.130526 -0.858616
vn -0.379410 -0.130526 -0.915976
vn -0.256605 -0.130526 -0.957662
vn -0.129410 -0.130526 -0.982963
vn -0.000000 -0.130526 -0.991445
vn 0.129410 -0.130526 -0.982963
vn 0.256605 -0.130526 -0.957662
vn 0.379410 -0.130526 -0.915976
vn 0.495722 -0.130526 -0.858616
vn 0.603553 -0.130526 -0.786566
vn 0.701057 -0.130526 -0.701057
vn 0.786566 -0.130526 -0.603553
vn 0.858616 -0.130526 -0.495722
vn 0.915976 -0.130526 -0.379410
vn 0.957662 -0.130526 -0.256605
vn 0.982963 -0.130526 -0.129410
vn 0.957662 -0.258819 0.126079
vn 0.965926 -0.258819 0.000000
vn 0.933013 -0.258819 0.250000
vn 0.892399 -0.258819 0.369644
vn 0.836516 -0.258819 0.482963
vn 0.766320 -0.258819 0.588018
vn 0.683013 -0.258819 0.683013
vn 0.588018 -0.258819 0.766320
vn 0.482963 -0.258819 0.836516
vn 0.369644 -0.258819 0.892399
vn 0.250000 -0.258819 0.933013
vn 0.126079 -0.258819 0.957662
vn 0.000000 -0.258819 0.965926
vn -0.126079 -0.258819 0.957662
vn -0.250000 -0.258819 0.933013
vn -0.369644 -0.258819 0.892399
vn -0.482963 -0.258819 0.836516
vn -0.588018 -0.258819 0.766320
vn -0.683013 -0.258819 0.683013
vn -0.766320 -0.258819 0.588018
vn -0.836516 -0.258819 0.482963
vn -0.892399 -0.258819 0.369644
vn -0.933013 -0.258819 0.250000
vn -0.957662 -0.258819 0.126079
vn -0.965926 -0.258819 0.000000
vn -0.957662 -0.258819 -0.126079
vn -0.933013 -0.258819 -0.250000
vn -0.892399 -0.258819 -0.369644
vn -0.836516 -0.258819 -0.482963
vn -0.766320 -0.258819 -0.588018
vn -0.683013 -0.258819 -0.683013
vn -0.588018 -0.258819 -0.766320
vn -0.482963 -0.258819 -0.836516
vn -0.369644 -0.258819 -0.892399
vn -0.250000 -0.258819 -0.933013
vn -0.126079 -0.258819 -0.957662
vn -0.000000 -0.258819 -0.965926
vn 0.126079 -0.258819 -0.957662
vn 0.250000 -0.258819 -0.933013
vn 0.369644 -0.258819 -0.892399
vn 0.482963 -0.258819 -0.836516
vn 0.588018 -0.258819 -0.766320
vn 0.683013 -0.258819 -0.683013
vn 0.766320 -0.258819 -0.588018
vn 0.836516 -0.258819 -0.482963
vn 0.892399 -0.258819 -0.369644
vn 0.933013 -0.258819 -0.250000
vn 0.957662 -0.258819 -0.126079
vn 0.915976 -0.382683 0.120590
vn 0.923880 -0.382683 0.000000
vn 0.892399 -0.382683 0.239118
vn 0.853553 -0.382683 0.353553
vn 0.800103 -0.382683 0.461940
vn 0.732963 -0.382683 0.562422
vn 0.653281 -0.382683 0.653281
vn 0.562422 -0.382683 0.732963
vn 0.461940 -0.382683 0.800103
vn 0.353553 -0.382683 0.853553
vn 0.239118 -0.382683 0.892399
vn 0.120590 -0.382683 0.915976
vn 0.000000 -0.382683 0.923880
vn -0.120590 -0.382683 0.915976
vn -0.239118 -0.382683 0.892399
vn -0.353553 -0.382683 0.853553
vn -0.461940 -0.382683 0.800103
vn -0.562422 -0.382683 0.732963
vn -0.653281 -0.382683 0.653281
vn -0.732963 -0.382683 0.562422
vn -0.800103 -0.382683 0.461940
vn -0.853553 -0.382683 0.353553
vn -0.892399 -0.382683 0.239118
vn -0.915976 -0.382683 0.120590
vn -0.923880 -0.382683 0.000000
vn -0.915976 -0.382683 -0.120590
vn -0.892399 -0.382683 -0.239118
vn -0.853553 -0.382683 -0.353553
vn -0.800103 -0.382683 -0.461940
vn -0.732963 -0.382683 -0.562422
vn -0.653281 -0.382683 -0.653281
vn -0.562422 -0.382683 -0.732963
vn -0.461940 -0.382683 -0.800103
vn -0.353553 -0.382683 -0.853553
vn -0.239118 -0.382683 -0.892399
vn -0.120590 -0.382683 -0.915976
vn -0.000000 -0.382683 -0.923880
vn 0.120590 -0.382683 -0.915976
vn 0.239118 -0.382683 -0.892399
vn 0.353553 -0.382683 -0.853553
vn 0.461940 -0.382683 -0.800103
vn 0.562422 -0.382683 -0.732963
vn 0.653281 -0.382683 -0.653281
vn 0.732963 -0.382683 -0.562422
vn 0.800103 -0.382683 -0.461940
vn 0.853553 -0.382683 -0.353553
vn 0.892399 -0.382683 -0.239118
vn 0.915976 -0.382683 -0.120590
vn 0.858616 -0.500000 0.113039
vn 0.866025 -0.500000 0.000000
vn 0.836516 -0.500000 0.224144
vn 0.800103 -0.500000 0.331414
vn 0.750000 -0.500000 0.433013
vn 0.687064 -0.500000 0.527203
vn 0.612372 -0.500000 0.612372
vn 0.527203 -0.500000 0.687064
vn 0.433013 -0.500000 0.750000
vn 0.331414 -0.500000 0.800103
vn 0.224144 -0.500000 0.836516
vn 0.113039 -0.500000 0.858616
vn 0.000000 -0.500000 0.866025
vn -0.113039 -0.500000 0.858616
vn -0.224144 -0.500000 0.836516
vn -0.331414 -0.500000 0.800103
vn -0.433013 -0.500000 0.750000
vn -0.527203 -0.500000 0.687064
vn -0.612372 -0.500000 0.612372
vn -0.687064 -0.500000 0.527203
vn -0.750000 -0.500000 0.433013
vn -0.800103 -0.500000 0.331414
vn -0.836516 -0.500000 0.224144
vn -0.858616 -0.500000 0.113039
vn -0.866025 -0.500000 0.000000
vn -0.858616 -0.500000 -0.113039
vn -0.836516 -0.500000 -0.224144
vn -0.800103 -0.500000 -0.331414
vn -0.750000 -0.500000 -0.433013
vn -0.687064 -0.500000 -0.527203
vn -0.612372 -0.500000 -0.612372
vn -0.527203 -0.500000 -0.687064
vn -0.433013 -0.500000 -0.750000
vn -0.331414 -0.500000 -0.800103
vn -0.224144 -0.500000 -0.836516
vn -0.113039 -0.500000 -0.858616
vn -0.000000 -0.500000 -0.866025
vn 0.113039 -0.500000 -0.858616
vn 0.224144 -0.500000 -0.836516
vn 0.331414 -0.500000 -0.800103
vn 0.433013 -0.500000 -0.750000
vn 0.527203 -0.500000 -0.687064
vn 0.612372 -0.500000 -0.612372
vn 0.687064 -0.500000 -0.527203
vn 0.750000 -0.500000 -0.433013
vn 0.800103 -0.500000 -0.331414
vn 0.836516 -0.500000 -0.224144
vn 0.858616 -0.500000 -0.113039
vn 0.786566 -0.608761 0.103553
vn 0.793353 -0.608761 0.000000
vn 0.766320 -0.608761 0.205335
vn 0.732963 -0.608761 0.303603
vn 0.687064 -0.608761 0.396677
vn 0.629410 -0.608761 0.482963
vn 0.560986 -0.608761 0.560986
vn 0.482963 -0.608761 0.629410
vn 0.396677 -0.608761 0.687064
vn 0.303603 -0.608761 0.732963
vn 0.205335 -0.608761 0.766320
vn 0.103553 -0.608761 0.786566
vn 0.000000 -0.608761 0.793353
vn -0.103553 -0.608761 0.786566
vn -0.205335 -0.608761 0.766320
vn -0.303603 -0.608761 0.732963
vn -0.396677 -0.608761 0.687064
vn -0.482963 -0.608761 0.629410
vn -0.560986 -0.608761 0.560986
vn -0.629410 -0.608761 0.482963
vn -0.687064 -0.608761 0.396677
vn -0.732963 -0.608761 0.303603
vn -0.766320 -0.608761 0.205335
vn -0.786566 -0.608761 0.103553
vn -0.793353 -0.608761 0.000000
vn -0.786566 -0.608761 -0.103553
vn -0.766320 -0.608761 -0.205335
vn -0.732963 -0.608761 -0.303603
vn -0.687064 -0.608761 -0.396677
vn -0.629410 -0.608761 -0.482963
vn -0.560986 -0.608761 -0.560986
vn -0.482963 -0.608761 -0.629410
vn -0.396677 -0.608761 -0.687064
vn -0.303603 -0.608761 -0.732963
vn -0.205335 -0.608761 -0.766320
vn -0.103553 -0.608761 -0.786566
vn -0.000000 -0.608761 -0.793353
vn 0.103553 -0.608761 -0.786566
vn 0.205335 -0.608761 -0.766320
vn 0.303603 -0.608761 -0.732963
vn 0.396677 -0.608761 -0.687064
vn 0.482963 -0.608761 -0.629410
vn 0.560986 -0.608761 -0.560986
vn 0.629410 -0.608761 -0.482963
vn 0.687064 -0.608761 -0.396677
vn 0.732963 -0.608761 -0.303603
vn 0.766320 -0.608761 -0.205335
vn 0.786566 -0.608761 -0.103553
vn 0.701057 -0.707107 0.092296
vn 0.707107 -0.707107 0.000000
vn 0.683013 -0.707107 0.183013
vn 0.653281 -0.707107 0.270598
vn 0.612372 -0.707107 0.353553
vn 0.560986 -0.707107 0.430459
vn 0.500000 -0.707107 0.500000
vn 0.430459 -0.707107 0.560986
vn 0.353553 -0.707107 0.612372
vn 0.270598 -0.707107 0.653281
vn 0.183013 -0.707107 0.683013
vn 0.092296 -0.707107 0.701057
vn 0.000000 -0.707107 0.707107
vn -0.092296 -0.707107 0.701057
vn -0.183013 -0.707107 0.683013
vn -0.270598 -0.707107 0.653281
vn -0.353553 -0.707107 0.612372
vn -0.430459 -0.707107 0.560986
vn -0.500000 -0.707107 0.500000
vn -0.560986 -0.707107 0.430459
vn -0.612372 -0.707107 0.353553
vn -0.653281 -0.707107 0.270598
vn -0.683013 -0.707107 0.183013
vn -0.701057 -0.707107 0.092296
vn -0.707107 -0.707107 0.000000
vn -0.701057 -0.707107 -0.092296
vn -0.683013 -0.707107 -0.183013
vn -0.653281 -0.707107 -0.270598
vn -0.612372 -0.707107 -0.353553
vn -0.560986 -0.707107 -0.430459
vn -0.500000 -0.707107 -0.500000
vn -0.430459 -0.707107 -0.560986
vn -0.353553 -0.707107 -0.612372
vn -0.270598 -0.707107 -0.653281
vn -0.183013 -0.707107 -0.683013
vn -0.092296 -0.707107 -0.701057
vn -0.000000 -0.707107 -0.707107
vn 0.092296 -0.707107 -0.701057
vn 0.183013 -0.707107 -0.683013
vn 0.270598 -0.707107 -0.653281
vn 0.353553 -0.707107 -0.612372
vn 0.430459 -0.707107 -0.560986
vn 0.500000 -0.707107 -0.500000
vn 0.560986 -0.707107 -0.430459
vn 0.612372 -0.707107 -0.353553
vn 0.653281 -0.707107 -0.270598
vn 0.683013 -0.707107 -0.183013
vn 0.701057 -0.707107 -0.092296
vn 0.603553 -0.793353 0.079459
vn 0.608761 -0.793353 0.000000
vn 0.588018 -0.793353 0.157559
vn 0.562422 -0.793353 0.232963
vn 0.527203 -0.793353 0.304381
vn 0.482963 -0.793353 0.370590
vn 0.430459 -0.793353 0.430459
vn 0.370590 -0.793353 0.482963
vn 0.304381 -0.793353 0.527203
vn 0.232963 -0.793353 0.562422
vn 0.157559 -0.793353 0.588018
vn 0.079459 -0.793353 0.603553
vn 0.000000 -0.793353 0.608761
vn -0.079459 -0.793353 0.603553
vn -0.157559 -0.793353 0.588018
vn -0.232963 -0.793353 0.562422
vn -0.304381 -0.793353 0.527203
vn -0.370590 -0.793353 0.482963
vn -0.430459 -0.793353 0.430459
vn -0.482963 -0.793353 0.370590
vn -0.527203 -0.793353 0.304381
vn -0.562422 -0.793353 0.232963
vn -0.588018 -0.793353 0.157559
vn -0.603553 -0.793353 0.079459
vn -0.608761 -0.793353 0.000000
vn -0.603553 -0.793353 -0.079459
vn -0.588018 -0.793353 -0.157559
vn -0.562422 -0.793353 -0.232963
vn -0.527203 -0.793353 -0.304381
vn -0.482963 -0.793353 -0.370590
vn -0.430459 -0.793353 -0.430459
vn -0.370590 -0.793353 -0.482963
vn -0.304381 -0.793353 -0.527203
vn -0.232963 -0.793353 -0.562422
vn -0.157559 -0.793353 -0.588018
vn -0.079459 -0.793353 -0.603553
vn -0.000000 -0.793353 -0.608761
vn 0.079459 -0.793353 -0.603553
vn 0.157559 -0.793353 -0.588018
vn 0.232963 -0.793353 -0.562422
vn 0.304381 -0.793353 -0.527203
vn 0.370590 -0.793353 -0.482963
vn 0.430459 -0.793353 -0.430459
vn 0.482963 -0.793353 -0.370590
vn 0.527203 -0.793353 -0.304381
vn 0.562422 -0.793353 -0.232963
vn 0.588018 -0.793353 -0.157559
vn 0.603553 -0.793353 -0.079459
vn 0.495722 -0.866025 0.065263
vn 0.500000 -0.866025 0.000000
vn 0.482963 -0.866025 0.129410
vn 0.461940 -0.866025 0.191342
vn 0.433013 -0.866025 0.250000
vn 0.396677 -0.866025 0.304381
vn 0.353553 -0.866025 0.353553
vn 0.304381 -0.866025 0.396677
vn 0.250000 -0.866025 0.433013
vn 0.191342 -0.866025 0.461940
vn 0.129410 -0.866025 0.482963
vn 0.065263 -0.866025 0.495722
vn 0.000000 -0.866025 0.500000
vn -0.065263 -0.866025 0.495722
vn -0.129410 -0.866025 0.482963
vn -0.191342 -0.866025 0.461940
vn -0.250000 -0.866025 0.433013
vn -0.304381 -0.866025 0.396677
vn -0.353553 -0.866025 0.353553
vn -0.396677 -0.866025 0.304381
vn -0.433013 -0.866025 0.250000
vn -0.461940 -0.866025 0.191342
vn -0.482963 -0.866025 0.129410
vn -0.495722 -0.866025 0.065263
vn -0.500000 -0.866025 0.000000
vn -0.495722 -0.866025 -0.065263
vn -0.482963 -0.866025 -0.129410
vn -0.461940 -0.866025 -0.191342
vn -0.433013 -0.866025 -0.250000
vn -0.396677 -0.866025 -0.304381
vn -0.353553 -0.866025 -0.353553
vn -0.304381 -0.866025 -0.396677
vn -0.250000 -0.866025 -0.433013
vn -0.191342 -0.866025 -0.461940
vn -0.129410 -0.866025 -0.482963
vn -0.065263 -0.866025 -0.495722
vn -0.000000 -0.866025 -0.500000
vn 0.065263 -0.866025 -0.495722
vn 0.129410 -0.866025 -0.482963
vn 0.191342 -0.866025 -0.461940
vn 0.250000 -0.866025 -0.433013
vn 0.304381 -0.866025 -0.396677
vn 0.353553 -0.866025 -0.353553
vn 0.396677 -0.866025 -0.304381
vn 0.433013 -0.866025 -0.250000
vn 0.461940 -0.866025 -0.191342
vn 0.482963 -0.866025 -0.129410
vn 0.495722 -0.866025 -0.065263
vn 0.379410 -0.923880 0.049950
vn 0.382683 -0.923880 0.000000
vn 0.369644 -0.923880 0.099046
vn 0.353553 -0.923880 0.146447
vn 0.331414 -0.923880 0.191342
vn 0.303603 -0.923880 0.232963
vn 0.270598 -0.923880 0.270598
vn 0.232963 -0.923880 0.303603
vn 0.191342 -0.923880 0.331414
vn 0.146447 -0.923880 0.353553
vn 0.099046 -0.923880 0.369644
vn 0.049950 -0.923880 0.379410
vn 0.000000 -0.923880 0.382683
vn -0.049950 -0.923880 0.379410
vn -0.099046 -0.923880 0.369644
vn -0.146447 -0.923880 0.353553
vn -0.191342 -0.923880 0.331414
vn -0.232963 -0.923880 0.303603
vn -0.270598 -0.923880 0.270598
vn -0.303603 -0.923880 0.232963
vn -0.331414 -0.923880 0.191342
vn -0.353553 -0.923880 0.146447
vn -0.369644 -0.923880 0.099046
vn -0.379410 -0.923880 0.049950
vn -0.382683 -0.923880 0.000000
vn -0.379410 -0.923880 -0.049950
vn -0.369644 -0.923880 -0.099046
vn -0.353553 -0.923880 -0.146447
vn -0.331414 -0.923880 -0.191342
vn -0.303603 -0.923880 -0.232963
vn -0.270598 -0.923880 -0.270598
vn -0.232963 -0.923880 -0.303603
vn -0.191342 -0.923880 -0.331414
vn -0.146447 -0.923880 -0.353553
vn -0.099046 -0.923880 -0.369644
vn -0.049950 -0.923880 -0.379410
vn -0.000000 -0.923880 -0.382683
vn 0.049950 -0.923880 -0.379410
vn 0.099046 -0.923880 -0.369644
vn 0.146447 -0.923880 -0.353553
vn 0.191342 -0.923880 -0.331414
vn 0.232963 -0.923880 -0.303603
vn 0.270598 -0.923880 -0.270598
vn 0.303603 -0.923880 -0.232963
vn 0.331414 -0.923880 -0.191342
vn 0.353553 -0.923880 -0.146447
vn 0.369644 -0.923880 -0.099046
vn 0.379410 -0.923880 -0.049950
vn 0.256605 -0.965926 0.033783
vn 0.258819 -0.965926 0.000000
vn 0.250000 -0.965926 0.066987
vn 0.239118 -0.965926 0.099046
vn 0.224144 -0.965926 0.129410
vn 0.205335 -0.965926 0.157559
vn 0.183013 -0.965926 0.183013
vn 0.157559 -0.965926 0.205335
vn 0.129410 -0.965926 0.224144
vn 0.099046 -0.965926 0.239118
vn 0.066987 -0.965926 0.250000
vn 0.033783 -0.965926 0.256605
vn 0.000000 -0.965926 0.258819
vn -0.033783 -0.965926 0.256605
vn -0.066987 -0.965926 0.250000
vn -0.099046 -0.965926 0.239118
vn -0.129410 -0.965926 0.224144
vn -0.157559 -0.965926 0.205335
vn -0.183013 -0.965926 0.183013
vn -0.205335 -0.965926 0.157559
vn -0.224144 -0.965926 0.129410
vn -0.239118 -0.965926 0.099046
vn -0.250000 -0.965926 0.066987
vn -0.256605 -0.965926 0.033783
vn -0.258819 -0.965926 0.000000
vn -0.256605 -0.965926 -0.033783
vn -0.250000 -0.965926 -0.066987
vn -0.239118 -0.965926 -0.099046
vn -0.224144 -0.965926 -0.129410
vn -0.205335 -0.965926 -0.157559
vn -0.183013 -0.965926 -0.183013
vn -0.157559 -0.965926 -0.205335
vn -0.129410 -0.965926 -0.224144
vn -0.099046 -0.965926 -0.239118
vn -0.066987 -0.965926 -0.250000
vn -0.033783 -0.965926 -0.256605
vn -0.000000 -0.965926 -0.258819
vn 0.033783 -0.965926 -0.256605
vn 0.066987 -0.965926 -0.250000
vn 0.099046 -0.965926 -0.239118
vn 0.129410 -0.965926 -0.224144
vn 0.157559 -0.965926 -0.205335
vn 0.183013 -0.965926 -0.183013
vn 0.205335 -0.965926 -0.157559
vn 0.224144 -0.965926 -0.129410
vn 0.239118 -0.965926 -0.099046
vn 0.250000 -0.965926 -0.066987
vn 0.256605 -0.965926 -0.033783
vn 0.129410 -0.991445 0.017037
vn 0.130526 -0.991445 0.000000
vn 0.126079 -0.991445 0.033783
vn 0.120590 -0.991445 0.049950
vn 0.113039 -0.991445 0.065263
vn 0.103553 -0.991445 0.079459
vn 0.092296 -0.991445 0.092296
vn 0.079459 -0.991445 0.103553
vn 0.065263 -0.991445 0.113039
vn 0.049950 -0.991445 0.120590
vn 0.033783 -0.991445 0.126079
vn 0.017037 -0.991445 0.129410
vn 0.000000 -0.991445 0.130526
vn -0.017037 -0.991445 0.129410
vn -0.033783 -0.991445 0.126079
vn -0.049950 -0.991445 0.120590
vn -0.065263 -0.991445 0.113039
vn -0.079459 -0.991445 0.103553
vn -0.092296 -0.991445 0.092296
vn -0.103553 -0.991445 0.079459
vn -0.113039 -0.991445 0.065263
vn -0.120590 -0.991445 0.049950
vn -0.126079 -0.991445 0.033783
vn -0.129410 -0.991445 0.017037
vn -0.130526 -0.991445 0.000000
vn -0.129410 -0.991445 -0.017037
vn -0.126079 -0.991445 -0.033783
vn -0.120590 -0.991445 -0.049950
vn -0.113039 -0.991445 -0.065263
vn -0.103553 -0.991445 -0.079459
vn -0.092296 -0.991445 -0.092296
vn -0.079459 -0.991445 -0.103553
vn -0.065263 -0.991445 -0.113039
vn -0.049950 -0.991445 -0.120590
vn -0.033783 -0.991445 -0.126079
vn -0.017037 -0.991445 -0.129410
vn -0.000000 -0.991445 -0.130526
vn 0.017037 -0.991445 -0.129410
vn 0.033783 -0.991445 -0.126079
vn 0.049950 -0.991445 -0.120590
vn 0.065263 -0.991445 -0.113039
vn 0.079459 -0.991445 -0.103553
vn 0.092296 -0.991445 -0.092296
vn 0.103553 -0.991445 -0.079459
vn 0.113039 -0.991445 -0.065263
vn 0.120590 -0.991445 -0.049950
vn 0.126079 -0.991445 -0.033783
vn 0.129410 -0.991445 -0.017037
vn 0.000000 -1.000000 0.000000
usemtl tileA
f 1//1 2//1 3//1
f 1//1 3//1 4//1
usemtl tileB
f 2//1 5//1 6//1
f 2//1 6//1 3//1
usemtl tileA
f 5//1 7//1 8//1
f 5//1 8//1 6//1
usemtl tileB
f 7//1 9//1 10//1
f 7//1 10//1 8//1
usemtl tileA
f 9//1 11//1 12//1
f 9//1 12//1 10//1
usemtl tileB
f 11//1 13//1 14//1
f 11//1 14//1 12//1
usemtl tileA
f 13//1 15//1 16//1
f 13//1 16//1 14//1
usemtl tileB
f 15//1 17//1 18//1
f 15//1 18//1 16//1
usemtl tileA
f 17//1 19//1 20//1
f 17//1 20//1 18//1
usemtl tileB
f 19//1 21//1 22//1
f 19//1 22//1 20//1
usemtl tileA
f 21//1 23//1 24//1
f 21//1 24//1 22//1
usemtl tileB
f 23//1 25//1 26//1
f 23//1 26//1 24//1
usemtl tileA
f 25//1 27//1 28//1
f 25//1 28//1 26//1
usemtl tileB
f 27//1 29//1 30//1
f 27//1 30//1 28//1
usemtl tileA
f 29//1 31//1 32//1
f 29//1 32//1 30//1
usemtl tileB
f 31//1 33//1 34//1
f 31//1 34//1 32//1
usemtl tileA
f 33//1 35//1 36//1
f 33//1 36//1 34//1
usemtl tileB
f 35//1 37//1 38//1
f 35//1 38//1 36//1
usemtl tileA
f 37//1 39//1 40//1
f 37//1 40//1 38//1
usemtl tileB
f 39//1 41//1 42//1
f 39//1 42//1 40//1
usemtl tileA
f 41//1 43//1 44//1
f 41//1 44//1 42//1
usemtl tileB
f 43//1 45//1 46//1
f 43//1 46//1 44//1
f 4//1 3//1 47//1
f 4//1 47//1 48//1
usemtl tileA
f 3//1 6//1 49//1
f 3//1 49//1 47//1
usemtl tileB
f 6//1 8//1 50//1
f 6//1 50//1 49//1
usemtl tileA
f 8//1 10//1 51//1
f 8//1 51//1 50//1
usemtl tileB
f 10//1 12//1 52//1
f 10//1 52//1 51//1
usemtl tileA
f 12//1 14//1 53//1
f 12//1 53//1 52//1
usemtl tileB
f 14//1 16//1 54//1
f 14//1 54//1 53//1
usemtl tileA
f 16//1 18//1 55//1
f 16//1 55//1 54//1
usemtl tileB
f 18//1 20//1 56//1
f 18//1 56//1 55//1
usemtl tileA
f 20//1 22//1 57//1
f 20//1 57//1 56//1
usemtl tileB
f 22//1 24//1 58//1
f 22//1 58//1 57//1
usemtl tileA
f 24//1 26//1 59//1
f 24//1 59//1 58//1
usemtl tileB
f 26//1 28//1 60//1
f 26//1 60//1 59//1
usemtl tileA
f 28//1 30//1 61//1
f 28//1 61//1 60//1
usemtl tileB
f 30//1 32//1 62//1
f 30//1 62//1 61//1
usemtl tileA
f 32//1 34//1 63//1
f 32//1 63//1 62//1
usemtl tileB
f 34//1 36//1 64//1
f 34//1 64//1 63//1
usemtl tileA
f 36//1 38//1 65//1
f 36//1 65//1 64//1
usemtl tileB
f 38//1 40//1 66//1
f 38//1 66//1 65//1
usemtl tileA
f 40//1 42//1 67//1
f 40//1 67//1 66//1
usemtl tileB
f 42//1 44//1 68//1
f 42//1 68//1 67//1
usemtl tileA
f 44//1 46//1 69//1
f 44//1 69//1 68//1
f 48//1 47//1 70//1
f 48//1 70//1 71//1
usemtl tileB
f 47//1 49//1 72//1
f 47//1 72//1 70//1
usemtl tileA
f 49//1 50//1 73//1
f 49//1 73//1 72//1
usemtl tileB
f 50//1 51//1 74//1
f 50//1 74//1 73//1
usemtl tileA
f 51//1 52//1 75//1
f 51//1 75//1 74//1
usemtl tileB
f 52//1 53//1 76//1
f 52//1 76//1 75//1
usemtl tileA
f 53//1 54//1 77//1
f 53//1 77//1 76//1
usemtl tileB
f 54//1 55//1 78//1
f 54//1 78//1 77//1
usemtl tileA
f 55//1 56//1 79//1
f 55//1 79//1 78//1
usemtl tileB
f 56//1 57//1 80//1
f 56//1 80//1 79//1
usemtl tileA
f 57//1 58//1 81//1
f 57//1 81//1 80//1
usemtl tileB
f 58//1 59//1 82//1
f 58//1 82//1 81//1
usemtl tileA
f 59//1 60//1 83//1
f 59//1 83//1 82//1
usemtl tileB
f 60//1 61//1 84//1
f 60//1 84//1 83//1
usemtl tileA
f 61//1 62//1 85//1
f 61//1 85//1 84//1
usemtl tileB
f 62//1 63//1 86//1
f 62//1 86//1 85//1
usemtl tileA
f 63//1 64//1 87//1
f 63//1 87//1 86//1
usemtl tileB
f 64//1 65//1 88//1
f 64//1 88//1 87//1
usemtl tileA
f 65//1 66//1 89//1
f 65//1 89//1 88//1
usemtl tileB
f 66//1 67//1 90//1
f 66//1 90//1 89//1
usemtl tileA
f 67//1 68//1 91//1
f 67//1 91//1 90//1
usemtl tileB
f 68//1 69//1 92//1
f 68//1 92//1 91//1
f 71//1 70//1 93//1
f 71//1 93//1 94//1
usemtl tileA
f 70//1 72//1 95//1
f 70//1 95//1 93//1
usemtl tileB
f 72//1 73//1 96//1
f 72//1 96//1 95//1
usemtl tileA
f 73//1 74//1 97//1
f 73//1 97//1 96//1
usemtl tileB
f 74//1 75//1 98//1
f 74//1 98//1 97//1
usemtl tileA
f 75//1 76//1 99//1
f 75//1 99//1 98//1
usemtl tileB
f 76//1 77//1 100//1
f 76//1 100//1 99//1
usemtl tileA
f 77//1 78//1 101//1
f 77//1 101//1 100//1
usemtl tileB
f 78//1 79//1 102//1
f 78//1 102//1 101//1
usemtl tileA
f 79//1 80//1 103//1
f 79//1 103//1 102//1
usemtl tileB
f 80//1 81//1 104//1
f 80//1 104//1 103//1
usemtl tileA
f 81//1 82//1 105//1
f 81//1 105//1 104//1
usemtl tileB
f 82//1 83//1 106//1
f 82//1 106//1 105//1
usemtl tileA
f 83//1 84//1 107//1
f 83//1 107//1 106//1
usemtl tileB
f 84//1 85//1 108//1
f 84//1 108//1 107//1
usemtl tileA
f 85//1 86//1 109//1
f 85//1 109//1 108//1
usemtl tileB
f 86//1 87//1 110//1
f 86//1 110//1 109//1
usemtl tileA
f 87//1 88//1 111//1
f 87//1 111//1 110//1
usemtl tileB
f 88//1 89//1 112//1
f 88//1 112//1 111//1
usemtl tileA
f 89//1 90//1 113//1
f 89//1 113//1 112//1
usemtl tileB
f 90//1 91//1 114//1
f 90//1 114//1 113//1
usemtl tileA
f 91//1 92//1 115//1
f 91//1 115//1 114//1
f 94//1 93//1 116//1
f 94//1 116//1 117//1
usemtl tileB
f 93//1 95//1 118//1
f 93//1 118//1 116//1
usemtl tileA
f 95//1 96//1 119//1
f 95//1 119//1 118//1
usemtl tileB
f 96//1 97//1 120//1
f 96//1 120//1 119//1
usemtl tileA
f 97//1 98//1 121//1
f 97//1 121//1 120//1
usemtl tileB
f 98//1 99//1 122//1
f 98//1 122//1 121//1
usemtl tileA
f 99//1 100//1 123//1
f 99//1 123//1 122//1
usemtl tileB
f 100//1 101//1 124//1
f 100//1 124//1 123//1
usemtl tileA
f 101//1 102//1 125//1
f 101//1 125//1 124//1
usemtl tileB
f 102//1 103//1 126//1
f 102//1 126//1 125//1
usemtl tileA
f 103//1 104//1 127//1
f 103//1 127//1 126//1
usemtl tileB
f 104//1 105//1 128//1
f 104//1 128//1 127//1
usemtl tileA
f 105//1 106//1 129//1
f 105//1 129//1 128//1
usemtl tileB
f 106//1 107//1 130//1
f 106//1 130//1 129//1
usemtl tileA
f 107//1 108//1 131//1
f 107//1 131//1 130//1
usemtl tileB
f 108//1 109//1 132//1
f 108//1 132//1 131//1
usemtl tileA
f 109//1 110//1 133//1
f 109//1 133//1 132//1
usemtl tileB
f 110//1 111//1 134//1
f 110//1 134//1 133//1
usemtl tileA
f 111//1 112//1 135//1
f 111//1 135//1 134//1
usemtl tileB
f 112//1 113//1 136//1
f 112//1 136//1 135//1
usemtl tileA
f 113//1 114//1 137//1
f 113//1 137//1 136//1
usemtl tileB
f 114//1 115//1 138//1
f 114//1 138//1 137//1
f 117//1 116//1 139//1
f 117//1 139//1 140//1
usemtl tileA
f 116//1 118//1 141//1
f 116//1 141//1 139//1
usemtl tileB
f 118//1 119//1 142//1
f 118//1 142//1 141//1
usemtl tileA
f 119//1 120//1 143//1
f 119//1 143//1 142//1
usemtl tileB
f 120//1 121//1 144//1
f 120//1 144//1 143//1
usemtl tileA
f 121//1 122//1 145//1
f 121//1 145//1 144//1
usemtl tileB
f 122//1 123//1 146//1
f 122//1 146//1 145//1
usemtl tileA
f 123//1 124//1 147//1
f 123//1 147//1 146//1
usemtl tileB
f 124//1 125//1 148//1
f 124//1 148//1 147//1
usemtl tileA
f 125//1 126//1 149//1
f 125//1 149//1 148//1
usemtl tileB
f 126//1 127//1 150//1
f 126//1 150//1 149//1
usemtl tileA
f 127//1 128//1 151//1
f 127//1 151//1 150//1
usemtl tileB
f 128//1 129//1 152//1
f 128//1 152//1 151//1
usemtl tileA
f 129//1 130//1 153//1
f 129//1 153//1 152//1
usemtl tileB
f 130//1 131//1 154//1
f 130//1 154//1 153//1
usemtl tileA
f 131//1 132//1 155//1
f 131//1 155//1 154//1
usemtl tileB
f 132//1 133//1 156//1
f 132//1 156//1 155//1
usemtl tileA
f 133//1 134//1 157//1
f 133//1 157//1 156//1
usemtl tileB
f 134//1 135//1 158//1
f 134//1 158//1 157//1
usemtl tileA
f 135//1 136//1 159//1
f 135//1 159//1 158//1
usemtl tileB
f 136//1 137//1 160//1
f 136//1 160//1 159//1
usemtl tileA
f 137//1 138//1 161//1
f 137//1 161//1 160//1
f 140//1 139//1 162//1
f 140//1 162//1 163//1
usemtl tileB
f 139//1 141//1 164//1
f 139//1 164//1 162//1
usemtl tileA
f 141//1 142//1 165//1
f 141//1 165//1 164//1
usemtl tileB
f 142//1 143//1 166//1
f 142//1 166//1 165//1
usemtl tileA
f 143//1 144//1 167//1
f 143//1 167//1 166//1
usemtl tileB
f 144//1 145//1 168//1
f 144//1 168//1 167//1
usemtl tileA
f 145//1 146//1 169//1
f 145//1 169//1 168//1
usemtl tileB
f 146//1 147//1 170//1
f 146//1 170//1 169//1
usemtl tileA
f 147//1 148//1 171//1
f 147//1 171//1 170//1
usemtl tileB
f 148//1 149//1 172//1
f 148//1 172//1 171//1
usemtl tileA
f 149//1 150//1 173//1
f 149//1 173//1 172//1
usemtl tileB
f 150//1 151//1 174//1
f 150//1 174//1 173//1
usemtl tileA
f 151//1 152//1 175//1
f 151//1 175//1 174//1
usemtl tileB
f 152//1 153//1 176//1
f 152//1 176//1 175//1
usemtl tileA
f 153//1 154//1 177//1
f 153//1 177//1 176//1
usemtl tileB
f 154//1 155//1 178//1
f 154//1 178//1 177//1
usemtl tileA
f 155//1 156//1 179//1
f 155//1 179//1 178//1
usemtl tileB
f 156//1 157//1 180//1
f 156//1 180//1 179//1
usemtl tileA
f 157//1 158//1 181//1
f 157//1 181//1 180//1
usemtl tileB
f 158//1 159//1 182//1
f 158//1 182//1 181//1
usemtl tileA
f 159//1 160//1 183//1
f 159//1 183//1 182//1
usemtl tileB
f 160//1 161//1 184//1
f 160//1 184//1 183//1
f 163//1 162//1 185//1
f 163//1 185//1 186//1
usemtl tileA
f 162//1 164//1 187//1
f 162//1 187//1 185//1
usemtl tileB
f 164//1 165//1 188//1
f 164//1 188//1 187//1
usemtl tileA
f 165//1 166//1 189//1
f 165//1 189//1 188//1
usemtl tileB
f 166//1 167//1 190//1
f 166//1 190//1 189//1
usemtl tileA
f 167//1 168//1 191//1
f 167//1 191//1 190//1
usemtl tileB
f 168//1 169//1 192//1
f 168//1 192//1 191//1
usemtl tileA
f 169//1 170//1 193//1
f 169//1 193//1 192//1
usemtl tileB
f 170//1 171//1 194//1
f 170//1 194//1 193//1
usemtl tileA
f 171//1 172//1 195//1
f 171//1 195//1 194//1
usemtl tileB
f 172//1 173//1 196//1
f 172//1 196//1 195//1
usemtl tileA
f 173//1 174//1 197//1
f 173//1 197//1 196//1
usemtl tileB
f 174//1 175//1 198//1
f 174//1 198//1 197//1
usemtl tileA
f 175//1 176//1 199//1
f 175//1 199//1 198//1
usemtl tileB
f 176//1 177//1 200//1
f 176//1 200//1 199//1
usemtl tileA
f 177//1 178//1 201//1
f 177//1 201//1 200//1
usemtl tileB
f 178//1 179//1 202//1
f 178//1 202//1 201//1
usemtl tileA
f 179//1 180//1 203//1
f 179//1 203//1 202//1
usemtl tileB
f 180//1 181//1 204//1
f 180//1 204//1 203//1
usemtl tileA
f 181//1 182//1 205//1
f 181//1 205//1 204//1
usemtl tileB
f 182//1 183//1 206//1
f 182//1 206//1 205//1
usemtl tileA
f 183//1 184//1 207//1
f 183//1 207//1 206//1
f 186//1 185//1 208//1
f 186//1 208//1 209//1
usemtl tileB
f 185//1 187//1 210//1
f 185//1 210//1 208//1
usemtl tileA
f 187//1 188//1 211//1
f 187//1 211//1 210//1
usemtl tileB
f 188//1 189//1 212//1
f 188//1 212//1 211//1
usemtl tileA
f 189//1 190//1 213//1
f 189//1 213//1 212//1
usemtl tileB
f 190//1 191//1 214//1
f 190//1 214//1 213//1
usemtl tileA
f 191//1 192//1 215//1
f 191//1 215//1 214//1
usemtl tileB
f 192//1 193//1 216//1
f 192//1 216//1 215//1
usemtl tileA
f 193//1 194//1 217//1
f 193//1 217//1 216//1
usemtl tileB
f 194//1 195//1 218//1
f 194//1 218//1 217//1
usemtl tileA
f 195//1 196//1 219//1
f 195//1 219//1 218//1
usemtl tileB
f 196//1 197//1 220//1
f 196//1 220//1 219//1
usemtl tileA
f 197//1 198//1 221//1
f 197//1 221//1 220//1
usemtl tileB
f 198//1 199//1 222//1
f 198//1 222//1 221//1
usemtl tileA
f 199//1 200//1 223//1
f 199//1 223//1 222//1
usemtl tileB
f 200//1 201//1 224//1
f 200//1 224//1 223//1
usemtl tileA
f 201//1 202//1 225//1
f 201//1 225//1 224//1
usemtl tileB
f 202//1 203//1 226//1
f 202//1 226//1 225//1
usemtl tileA
f 203//1 204//1 227//1
f 203//1 227//1 226//1
usemtl tileB
f 204//1 205//1 228//1
f 204//1 228//1 227//1
usemtl tileA
f 205//1 206//1 229//1
f 205//1 229//1 228//1
usemtl tileB
f 206//1 207//1 230//1
f 206//1 230//1 229//1
f 209//1 208//1 231//1
f 209//1 231//1 232//1
usemtl tileA
f 208//1 210//1 233//1
f 208//1 233//1 231//1
usemtl tileB
f 210//1 211//1 234//1
f 210//1 234//1 233//1
usemtl tileA
f 211//1 212//1 235//1
f 211//1 235//1 234//1
usemtl tileB
f 212//1 213//1 236//1
f 212//1 236//1 235//1
usemtl tileA
f 213//1 214//1 237//1
f 213//1 237//1 236//1
usemtl tileB
f 214//1 215//1 238//1
f 214//1 238//1 237//1
usemtl tileA
f 215//1 216//1 239//1
f 215//1 239//1 238//1
usemtl tileB
f 216//1 217//1 240//1
f 216//1 240//1 239//1
usemtl tileA
f 217//1 218//1 241//1
f 217//1 241//1 240//1
usemtl tileB
f 218//1 219//1 242//1
f 218//1 242//1 241//1
usemtl tileA
f 219//1 220//1 243//1
f 219//1 243//1 242//1
usemtl tileB
f 220//1 221//1 244//1
f 220//1 244//1 243//1
usemtl tileA
f 221//1 222//1 245//1
f 221//1 245//1 244//1
usemtl tileB
f 222//1 223//1 246//1
f 222//1 246//1 245//1
usemtl tileA
f 223//1 224//1 247//1
f 223//1 247//1 246//1
usemtl tileB
f 224//1 225//1 248//1
f 224//1 248//1 247//1
usemtl tileA
f 225//1 226//1 249//1
f 225//1 249//1 248//1
usemtl tileB
f 226//1 227//1 250//1
f 226//1 250//1 249//1
usemtl tileA
f 227//1 228//1 251//1
f 227//1 251//1 250//1
usemtl tileB
f 228//1 229//1 252//1
f 228//1 252//1 251//1
usemtl tileA
f 229//1 230//1 253//1
f 229//1 253//1 252//1
f 232//1 231//1 254//1
f 232//1 254//1 255//1
usemtl tileB
f 231//1 233//1 256//1
f 231//1 256//1 254//1
usemtl tileA
f 233//1 234//1 257//1
f 233//1 257//1 256//1
usemtl tileB
f 234//1 235//1 258//1
f 234//1 258//1 257//1
usemtl tileA
f 235//1 236//1 259//1
f 235//1 259//1 258//1
usemtl tileB
f 236//1 237//1 260//1
f 236//1 260//1 259//1
usemtl tileA
f 237//1 238//1 261//1
f 237//1 261//1 260//1
usemtl tileB
f 238//1 239//1 262//1
f 238//1 262//1 261//1
usemtl tileA
f 239//1 240//1 263//1
f 239//1 263//1 262//1
usemtl tileB
f 240//1 241//1 264//1
f 240//1 264//1 263//1
usemtl tileA
f 241//1 242//1 265//1
f 241//1 265//1 264//1
usemtl tileB
f 242//1 243//1 266//1
f 242//1 266//1 265//1
usemtl tileA
f 243//1 244//1 267//1
f 243//1 267//1 266//1
usemtl tileB
f 244//1 245//1 268//1
f 244//1 268//1 267//1
usemtl tileA
f 245//1 246//1 269//1
f 245//1 269//1 268//1
usemtl tileB
f 246//1 247//1 270//1
f 246//1 270//1 269//1
usemtl tileA
f 247//1 248//1 271//1
f 247//1 271//1 270//1
usemtl tileB
f 248//1 249//1 272//1
f 248//1 272//1 271//1
usemtl tileA
f 249//1 250//1 273//1
f 249//1 273//1 272//1
usemtl tileB
f 250//1 251//1 274//1
f 250//1 274//1 273//1
usemtl tileA
f 251//1 252//1 275//1
f 251//1 275//1 274//1
usemtl tileB
f 252//1 253//1 276//1
f 252//1 276//1 275//1
f 255//1 254//1 277//1
f 255//1 277//1 278//1
usemtl tileA
f 254//1 256//1 279//1
f 254//1 279//1 277//1
usemtl tileB
f 256//1 257//1 280//1
f 256//1 280//1 279//1
usemtl tileA
f 257//1 258//1 281//1
f 257//1 281//1 280//1
usemtl tileB
f 258//1 259//1 282//1
f 258//1 282//1 281//1
usemtl tileA
f 259//1 260//1 283//1
f 259//1 283//1 282//1
usemtl tileB
f 260//1 261//1 284//1
f 260//1 284//1 283//1
usemtl tileA
f 261//1 262//1 285//1
f 261//1 285//1 284//1
usemtl tileB
f 262//1 263//1 286//1
f 262//1 286//1 285//1
usemtl tileA
f 263//1 264//1 287//1
f 263//1 287//1 286//1
usemtl tileB
f 264//1 265//1 288//1
f 264//1 288//1 287//1
usemtl tileA
f 265//1 266//1 289//1
f 265//1 289//1 288//1
usemtl tileB
f 266//1 267//1 290//1
f 266//1 290//1 289//1
usemtl tileA
f 267//1 268//1 291//1
f 267//1 291//1 290//1
usemtl tileB
f 268//1 269//1 292//1
f 268//1 292//1 291//1
usemtl tileA
f 269//1 270//1 293//1
f 269//1 293//1 292//1
usemtl tileB
f 270//1 271//1 294//1
f 270//1 294//1 293//1
usemtl tileA
f 271//1 272//1 295//1
f 271//1 295//1 294//1
usemtl tileB
f 272//1 273//1 296//1
f 272//1 296//1 295//1
usemtl tileA
f 273//1 274//1 297//1
f 273//1 297//1 296//1
usemtl tileB
f 274//1 275//1 298//1
f 274//1 298//1 297//1
usemtl tileA
f 275//1 276//1 299//1
f 275//1 299//1 298//1
f 278//1 277//1 300//1
f 278//1 300//1 301//1
usemtl tileB
f 277//1 279//1 302//1
f 277//1 302//1 300//1
usemtl tileA
f 279//1 280//1 303//1
f 279//1 303//1 302//1
usemtl tileB
f 280//1 281//1 304//1
f 280//1 304//1 303//1
usemtl tileA
f 281//1 282//1 305//1
f 281//1 305//1 304//1
usemtl tileB
f 282//1 283//1 306//1
f 282//1 306//1 305//1
usemtl tileA
f 283//1 284//1 307//1
f 283//1 307//1 306//1
usemtl tileB
f 284//1 285//1 308//1
f 284//1 308//1 307//1
usemtl tileA
f 285//1 286//1 309//1
f 285//1 309//1 308//1
usemtl tileB
f 286//1 287//1 310//1
f 286//1 310//1 309//1
usemtl tileA
f 287//1 288//1 311//1
f 287//1 311//1 310//1
usemtl tileB
f 288//1 289//1 312//1
f 288//1 312//1 311//1
usemtl tileA
f 289//1 290//1 313//1
f 289//1 313//1 312//1
usemtl tileB
f 290//1 291//1 314//1
f 290//1 314//1 313//1
usemtl tileA
f 291//1 292//1 315//1
f 291//1 315//1 314//1
usemtl tileB
f 292//1 293//1 316//1
f 292//1 316//1 315//1
usemtl tileA
f 293//1 294//1 317//1
f 293//1 317//1 316//1
usemtl tileB
f 294//1 295//1 318//1
f 294//1 318//1 317//1
usemtl tileA
f 295//1 296//1 319//1
f 295//1 319//1 318//1
usemtl tileB
f 296//1 297//1 320//1
f 296//1 320//1 319//1
usemtl tileA
f 297//1 298//1 321//1
f 297//1 321//1 320//1
usemtl tileB
f 298//1 299//1 322//1
f 298//1 322//1 321//1
f 301//1 300//1 323//1
f 301//1 323//1 324//1
usemtl tileA
f 300//1 302//1 325//1
f 300//1 325//1 323//1
usemtl tileB
f 302//1 303//1 326//1
f 302//1 326//1 325//1
usemtl tileA
f 303//1 304//1 327//1
f 303//1 327//1 326//1
usemtl tileB
f 304//1 305//1 328//1
f 304//1 328//1 327//1
usemtl tileA
f 305//1 306//1 329//1
f 305//1 329//1 328//1
usemtl tileB
f 306//1 307//1 330//1
f 306//1 330//1 329//1
usemtl tileA
f 307//1 308//1 331//1
f 307//1 331//1 330//1
usemtl tileB
f 308//1 309//1 332//1
f 308//1 332//1 331//1
usemtl tileA
f 309//1 310//1 333//1
f 309//1 333//1 332//1
usemtl tileB
f 310//1 311//1 334//1
f 310//1 334//1 333//1
usemtl tileA
f 311//1 312//1 335//1
f 311//1 335//1 334//1
usemtl tileB
f 312//1 313//1 336//1
f 312//1 336//1 335//1
usemtl tileA
f 313//1 314//1 337//1
f 313//1 337//1 336//1
usemtl tileB
f 314//1 315//1 338//1
f 314//1 338//1 337//1
usemtl tileA
f 315//1 316//1 339//1
f 315//1 339//1 338//1
usemtl tileB
f 316//1 317//1 340//1
f 316//1 340//1 339//1
usemtl tileA
f 317//1 318//1 341//1
f 317//1 341//1 340//1
usemtl tileB
f 318//1 319//1 342//1
f 318//1 342//1 341//1
usemtl tileA
f 319//1 320//1 343//1
f 319//1 343//1 342//1
usemtl tileB
f 320//1 321//1 344//1
f 320//1 344//1 343//1
usemtl tileA
f 321//1 322//1 345//1
f 321//1 345//1 344//1
f 324//1 323//1 346//1
f 324//1 346//1 347//1
usemtl tileB
f 323//1 325//1 348//1
f 323//1 348//1 346//1
usemtl tileA
f 325//1 326//1 349//1
f 325//1 349//1 348//1
usemtl tileB
f 326//1 327//1 350//1
f 326//1 350//1 349//1
usemtl tileA
f 327//1 328//1 351//1
f 327//1 351//1 350//1
usemtl tileB
f 328//1 329//1 352//1
f 328//1 352//1 351//1
usemtl tileA
f 329//1 330//1 353//1
f 329//1 353//1 352//1
usemtl tileB
f 330//1 331//1 354//1
f 330//1 354//1 353//1
usemtl tileA
f 331//1 332//1 355//1
f 331//1 355//1 354//1
usemtl tileB
f 332//1 333//1 356//1
f 332//1 356//1 355//1
usemtl tileA
f 333//1 334//1 357//1
f 333//1 357//1 356//1
usemtl tileB
f 334//1 335//1 358//1
f 334//1 358//1 357//1
usemtl tileA
f 335//1 336//1 359//1
f 335//1 359//1 358//1
usemtl tileB
f 336//1 337//1 360//1
f 336//1 360//1 359//1
usemtl tileA
f 337//1 338//1 361//1
f 337//1 361//1 360//1
usemtl tileB
f 338//1 339//1 362//1
f 338//1 362//1 361//1
usemtl tileA
f 339//1 340//1 363//1
f 339//1 363//1 362//1
usemtl tileB
f 340//1 341//1 364//1
f 340//1 364//1 363//1
usemtl tileA
f 341//1 342//1 365//1
f 341//1 365//1 364//1
usemtl tileB
f 342//1 343//1 366//1
f 342//1 366//1 365//1
usemtl tileA
f 343//1 344//1 367//1
f 343//1 367//1 366//1
usemtl tileB
f 344//1 345//1 368//1
f 344//1 368//1 367//1
f 347//1 346//1 369//1
f 347//1 369//1 370//1
usemtl tileA
f 346//1 348//1 371//1
f 346//1 371//1 369//1
usemtl tileB
f 348//1 349//1 372//1
f 348//1 372//1 371//1
usemtl tileA
f 349//1 350//1 373//1
f 349//1 373//1 372//1
usemtl tileB
f 350//1 351//1 374//1
f 350//1 374//1 373//1
usemtl tileA
f 351//1 352//1 375//1
f 351//1 375//1 374//1
usemtl tileB
f 352//1 353//1 376//1
f 352//1 376//1 375//1
usemtl tileA
f 353//1 354//1 377//1
f 353//1 377//1 376//1
usemtl tileB
f 354//1 355//1 378//1
f 354//1 378//1 377//1
usemtl tileA
f 355//1 356//1 379//1
f 355//1 379//1 378//1
usemtl tileB
f 356//1 357//1 380//1
f 356//1 380//1 379//1
usemtl tileA
f 357//1 358//1 381//1
f 357//1 381//1 380//1
usemtl tileB
f 358//1 359//1 382//1
f 358//1 382//1 381//1
usemtl tileA
f 359//1 360//1 383//1
f 359//1 383//1 382//1
usemtl tileB
f 360//1 361//1 384//1
f 360//1 384//1 383//1
usemtl tileA
f 361//1 362//1 385//1
f 361//1 385//1 384//1
usemtl tileB
f 362//1 363//1 386//1
f 362//1 386//1 385//1
usemtl tileA
f 363//1 364//1 387//1
f 363//1 387//1 386//1
usemtl tileB
f 364//1 365//1 388//1
f 364//1 388//1 387//1
usemtl tileA
f 365//1 366//1 389//1
f 365//1 389//1 388//1
usemtl tileB
f 366//1 367//1 390//1
f 366//1 390//1 389//1
usemtl tileA
f 367//1 368//1 391//1
f 367//1 391//1 390//1
f 370//1 369//1 392//1
f 370//1 392//1 393//1
usemtl tileB
f 369//1 371//1 394//1
f 369//1 394//1 392//1
usemtl tileA
f 371//1 372//1 395//1
f 371//1 395//1 394//1
usemtl tileB
f 372//1 373//1 396//1
f 372//1 396//1 395//1
usemtl tileA
f 373//1 374//1 397//1
f 373//1 397//1 396//1
usemtl tileB
f 374//1 375//1 398//1
f 374//1 398//1 397//1
usemtl tileA
f 375//1 376//1 399//1
f 375//1 399//1 398//1
usemtl tileB
f 376//1 377//1 400//1
f 376//1 400//1 399//1
usemtl tileA
f 377//1 378//1 401//1
f 377//1 401//1 400//1
usemtl tileB
f 378//1 379//1 402//1
f 378//1 402//1 401//1
usemtl tileA
f 379//1 380//1 403//1
f 379//1 403//1 402//1
usemtl tileB
f 380//1 381//1 404//1
f 380//1 404//1 403//1
usemtl tileA
f 381//1 382//1 405//1
f 381//1 405//1 404//1
usemtl tileB
f 382//1 383//1 406//1
f 382//1 406//1 405//1
usemtl tileA
f 383//1 384//1 407//1
f 383//1 407//1 406//1
usemtl tileB
f 384//1 385//1 408//1
f 384//1 408//1 407//1
usemtl tileA
f 385//1 386//1 409//1
f 385//1 409//1 408//1
usemtl tileB
f 386//1 387//1 410//1
f 386//1 410//1 409//1
usemtl tileA
f 387//1 388//1 411//1
f 387//1 411//1 410//1
usemtl tileB
f 388//1 389//1 412//1
f 388//1 412//1 411//1
usemtl tileA
f 389//1 390//1 413//1
f 389//1 413//1 412//1
usemtl tileB
f 390//1 391//1 414//1
f 390//1 414//1 413//1
f 393//1 392//1 415//1
f 393//1 415//1 416//1
usemtl tileA
f 392//1 394//1 417//1
f 392//1 417//1 415//1
usemtl tileB
f 394//1 395//1 418//1
f 394//1 418//1 417//1
usemtl tileA
f 395//1 396//1 419//1
f 395//1 419//1 418//1
usemtl tileB
f 396//1 397//1 420//1
f 396//1 420//1 419//1
usemtl tileA
f 397//1 398//1 421//1
f 397//1 421//1 420//1
usemtl tileB
f 398//1 399//1 422//1
f 398//1 422//1 421//1
usemtl tileA
f 399//1 400//1 423//1
f 399//1 423//1 422//1
usemtl tileB
f 400//1 401//1 424//1
f 400//1 424//1 423//1
usemtl tileA
f 401//1 402//1 425//1
f 401//1 425//1 424//1
usemtl tileB
f 402//1 403//1 426//1
f 402//1 426//1 425//1
usemtl tileA
f 403//1 404//1 427//1
f 403//1 427//1 426//1
usemtl tileB
f 404//1 405//1 428//1
f 404//1 428//1 427//1
usemtl tileA
f 405//1 406//1 429//1
f 405//1 429//1 428//1
usemtl tileB
f 406//1 407//1 430//1
f 406//1 430//1 429//1
usemtl tileA
f 407//1 408//1 431//1
f 407//1 431//1 430//1
usemtl tileB
f 408//1 409//1 432//1
f 408//1 432//1 431//1
usemtl tileA
f 409//1 410//1 433//1
f 409//1 433//1 432//1
usemtl tileB
f 410//1 411//1 434//1
f 410//1 434//1 433//1
usemtl tileA
f 411//1 412//1 435//1
f 411//1 435//1 434//1
usemtl tileB
f 412//1 413//1 436//1
f 412//1 436//1 435//1
usemtl tileA
f 413//1 414//1 437//1
f 413//1 437//1 436//1
f 416//1 415//1 438//1
f 416//1 438//1 439//1
usemtl tileB
f 415//1 417//1 440//1
f 415//1 440//1 438//1
usemtl tileA
f 417//1 418//1 441//1
f 417//1 441//1 440//1
usemtl tileB
f 418//1 419//1 442//1
f 418//1 442//1 441//1
usemtl tileA
f 419//1 420//1 443//1
f 419//1 443//1 442//1
usemtl tileB
f 420//1 421//1 444//1
f 420//1 444//1 443//1
usemtl tileA
f 421//1 422//1 445//1
f 421//1 445//1 444//1
usemtl tileB
f 422//1 423//1 446//1
f 422//1 446//1 445//1
usemtl tileA
f 423//1 424//1 447//1
f 423//1 447//1 446//1
usemtl tileB
f 424//1 425//1 448//1
f 424//1 448//1 447//1
usemtl tileA
f 425//1 426//1 449//1
f 425//1 449//1 448//1
usemtl tileB
f 426//1 427//1 450//1
f 426//1 450//1 449//1
usemtl tileA
f 427//1 428//1 451//1
f 427//1 451//1 450//1
usemtl tileB
f 428//1 429//1 452//1
f 428//1 452//1 451//1
usemtl tileA
f 429//1 430//1 453//1
f 429//1 453//1 452//1
usemtl tileB
f 430//1 431//1 454//1
f 430//1 454//1 453//1
usemtl tileA
f 431//1 432//1 455//1
f 431//1 455//1 454//1
usemtl tileB
f 432//1 433//1 456//1
f 432//1 456//1 455//1
usemtl tileA
f 433//1 434//1 457//1
f 433//1 457//1 456//1
usemtl tileB
f 434//1 435//1 458//1
f 434//1 458//1 457//1
usemtl tileA
f 435//1 436//1 459//1
f 435//1 459//1 458//1
usemtl tileB
f 436//1 437//1 460//1
f 436//1 460//1 459//1
f 439//1 438//1 461//1
f 439//1 461//1 462//1
usemtl tileA
f 438//1 440//1 463//1
f 438//1 463//1 461//1
usemtl tileB
f 440//1 441//1 464//1
f 440//1 464//1 463//1
usemtl tileA
f 441//1 442//1 465//1
f 441//1 465//1 464//1
usemtl tileB
f 442//1 443//1 466//1
f 442//1 466//1 465//1
usemtl tileA
f 443//1 444//1 467//1
f 443//1 467//1 466//1
usemtl tileB
f 444//1 445//1 468//1
f 444//1 468//1 467//1
usemtl tileA
f 445//1 446//1 469//1
f 445//1 469//1 468//1
usemtl tileB
f 446//1 447//1 470//1
f 446//1 470//1 469//1
usemtl tileA
f 447//1 448//1 471//1
f 447//1 471//1 470//1
usemtl tileB
f 448//1 449//1 472//1
f 448//1 472//1 471//1
usemtl tileA
f 449//1 450//1 473//1
f 449//1 473//1 472//1
usemtl tileB
f 450//1 451//1 474//1
f 450//1 474//1 473//1
usemtl tileA
f 451//1 452//1 475//1
f 451//1 475//1 474//1
usemtl tileB
f 452//1 453//1 476//1
f 452//1 476//1 475//1
usemtl tileA
f 453//1 454//1 477//1
f 453//1 477//1 476//1
usemtl tileB
f 454//1 455//1 478//1
f 454//1 478//1 477//1
usemtl tileA
f 455//1 456//1 479//1
f 455//1 479//1 478//1
usemtl tileB
f 456//1 457//1 480//1
f 456//1 480//1 479//1
usemtl tileA
f 457//1 458//1 481//1
f 457//1 481//1 480//1
usemtl tileB
f 458//1 459//1 482//1
f 458//1 482//1 481//1
usemtl tileA
f 459//1 460//1 483//1
f 459//1 483//1 482//1
f 462//1 461//1 484//1
f 462//1 484//1 485//1
usemtl tileB
f 461//1 463//1 486//1
f 461//1 486//1 484//1
usemtl tileA
f 463//1 464//1 487//1
f 463//1 487//1 486//1
usemtl tileB
f 464//1 465//1 488//1
f 464//1 488//1 487//1
usemtl tileA
f 465//1 466//1 489//1
f 465//1 489//1 488//1
usemtl tileB
f 466//1 467//1 490//1
f 466//1 490//1 489//1
usemtl tileA
f 467//1 468//1 491//1
f 467//1 491//1 490//1
usemtl tileB
f 468//1 469//1 492//1
f 468//1 492//1 491//1
usemtl tileA
f 469//1 470//1 493//1
f 469//1 493//1 492//1
usemtl tileB
f 470//1 471//1 494//1
f 470//1 494//1 493//1
usemtl tileA
f 471//1 472//1 495//1
f 471//1 495//1 494//1
usemtl tileB
f 472//1 473//1 496//1
f 472//1 496//1 495//1
usemtl tileA
f 473//1 474//1 497//1
f 473//1 497//1 496//1
usemtl tileB
f 474//1 475//1 498//1
f 474//1 498//1 497//1
usemtl tileA
f 475//1 476//1 499//1
f 475//1 499//1 498//1
usemtl tileB
f 476//1 477//1 500//1
f 476//1 500//1 499//1
usemtl tileA
f 477//1 478//1 501//1
f 477//1 501//1 500//1
usemtl tileB
f 478//1 479//1 502//1
f 478//1 502//1 501//1
usemtl tileA
f 479//1 480//1 503//1
f 479//1 503//1 502//1
usemtl tileB
f 480//1 481//1 504//1
f 480//1 504//1 503//1
usemtl tileA
f 481//1 482//1 505//1
f 481//1 505//1 504//1
usemtl tileB
f 482//1 483//1 506//1
f 482//1 506//1 505//1
f 485//1 484//1 507//1
f 485//1 507//1 508//1
usemtl tileA
f 484//1 486//1 509//1
f 484//1 509//1 507//1
usemtl tileB
f 486//1 487//1 510//1
f 486//1 510//1 509//1
usemtl tileA
f 487//1 488//1 511//1
f 487//1 511//1 510//1
usemtl tileB
f 488//1 489//1 512//1
f 488//1 512//1 511//1
usemtl tileA
f 489//1 490//1 513//1
f 489//1 513//1 512//1
usemtl tileB
f 490//1 491//1 514//1
f 490//1 514//1 513//1
usemtl tileA
f 491//1 492//1 515//1
f 491//1 515//1 514//1
usemtl tileB
f 492//1 493//1 516//1
f 492//1 516//1 515//1
usemtl tileA
f 493//1 494//1 517//1
f 493//1 517//1 516//1
usemtl tileB
f 494//1 495//1 518//1
f 494//1 518//1 517//1
usemtl tileA
f 495//1 496//1 519//1
f 495//1 519//1 518//1
usemtl tileB
f 496//1 497//1 520//1
f 496//1 520//1 519//1
usemtl tileA
f 497//1 498//1 521//1
f 497//1 521//1 520//1
usemtl tileB
f 498//1 499//1 522//1
f 498//1 522//1 521//1
usemtl tileA
f 499//1 500//1 523//1
f 499//1 523//1 522//1
usemtl tileB
f 500//1 501//1 524//1
f 500//1 524//1 523//1
usemtl tileA
f 501//1 502//1 525//1
f 501//1 525//1 524//1
usemtl tileB
f 502//1 503//1 526//1
f 502//1 526//1 525//1
usemtl tileA
f 503//1 504//1 527//1
f 503//1 527//1 526//1
usemtl tileB
f 504//1 505//1 528//1
f 504//1 528//1 527//1
usemtl tileA
f 505//1 506//1 529//1
f 505//1 529//1 528//1
usemtl ior0
f 530//1 531//2 532//3
f 530//1 533//4 531//2
f 530//1 534//5 533//4
f 530//1 535//6 534//5
f 530//1 536//7 535//6
f 530//1 537//8 536//7
f 530//1 538//9 537//8
f 530//1 539//10 538//9
f 530//1 540//11 539//10
f 530//1 541//12 540//11
f 530//1 542//13 541//12
f 530//1 543//14 542//13
f 530//1 544//15 543//14
f 530//1 545//16 544//15
f 530//1 546//17 545//16
f 530//1 547//18 546//17
f 530//1 548//19 547//18
f 530//1 549//20 548//19
f 530//1 550//21 549//20
f 530//1 551//22 550//21
f 530//1 552//23 551//22
f 530//1 553//24 552//23
f 530//1 554//25 553//24
f 530//1 555//26 554//25
f 530//1 556//27 555//26
f 530//1 557//28 556//27
f 530//1 558//29 557//28
f 530//1 559//30 558//29
f 530//1 560//31 559//30
f 530//1 561//32 560//31
f 530//1 562//33 561//32
f 530//1 563//34 562//33
f 530//1 564//35 563//34
f 530//1 565//36 564//35
f 530//1 566//37 565//36
f 530//1 567//38 566//37
f 530//1 568//39 567//38
f 530//1 569//40 568//39
f 530//1 570//41 569//40
f 530//1 571//42 570//41
f 530//1 572//43 571//42
f 530//1 573//44 572//43
f 530//1 574//45 573//44
f 530//1 575//46 574//45
f 530//1 576//47 575//46
f 530//1 577//48 576//47
f 530//1 578//49 577//48
f 530//1 532//3 578//49
f 532//3 531//2 579//50
f 532//3 579//50 580//51
f 531//2 533//4 581//52
f 531//2 581//52 579//50
f 533//4 534//5 582//53
f 533//4 582//53 581//52
f 534//5 535//6 583//54
f 534//5 583//54 582//53
f 535//6 536//7 584//55
f 535//6 584//55 583//54
f 536//7 537//8 585//56
f 536//7 585//56 584//55
f 537//8 538//9 586//57
f 537//8 586//57 585//56
f 538//9 539//10 587//58
f 538//9 587//58 586//57
f 539//10 540//11 588//59
f 539//10 588//59 587//58
f 540//11 541//12 589//60
f 540//11 589//60 588//59
f 541//12 542//13 590//61
f 541//12 590//61 589//60
f 542//13 543//14 591//62
f 542//13 591//62 590//61
f 543//14 544//15 592//63
f 543//14 592//63 591//62
f 544//15 545//16 593//64
f 544//15 593//64 592//63
f 545//16 546//17 594//65
f 545//16 594//65 593//64
f 546//17 547//18 595//66
f 546//17 595//66 594//65
f 547//18 548//19 596//67
f 547//18 596//67 595//66
f 548//19 549//20 597//68
f 548//19 597//68 596//67
f 549//20 550//21 598//69
f 549//20 598//69 597//68
f 550//21 551//22 599//70
f 550//21 599//70 598//69
f 551//22 552//23 600//71
f 551//22 600//71 599//70
f 552//23 553//24 601//72
f 552//23 601//72 600//71
f 553//24 554//25 602//73
f 553//24 602//73 601//72
f 554//25 555//26 603//74
f 554//25 603//74 602//73
f 555//26 556//27 604//75
f 555//26 604//75 603//74
f 556//27 557//28 605//76
f 556//27 605//76 604//75
f 557//28 558//29 606//77
f 557//28 606//77 605//76
f 558//29 559//30 607//78
f 558//29 607//78 606//77
f 559//30 560//31 608//79
f 559//30 608//79 607//78
f 560//31 561//32 609//80
f 560//31 609//80 608//79
f 561//32 562//33 610//81
f 561//32 610//81 609//80
f 562//33 563//34 611//82
f 562//33 611//82 610//81
f 563//34 564//35 612//83
f 563//34 612//83 611//82
f 564//35 565//36 613//84
f 564//35 613//84 612//83
f 565//36 566//37 614//85
f 565//36 614//85 613//84
f 566//37 567//38 615//86
f 566//37 615//86 614//85
f 567//38 568//39 616//87
f 567//38 616//87 615//86
f 568//39 569//40 617//88
f 568//39 617//88 616//87
f 569//40 570//41 618//89
f 569//40 618//89 617//88
f 570//41 571//42 619//90
f 570//41 619//90 618//89
f 571//42 572//43 620//91
f 571//42 620//91 619//90
f 572//43 573//44 621//92
f 572//43 621//92 620//91
f 573//44 574//45 622//93
f 573//44 622//93 621//92
f 574//45 575//46 623//94
f 574//45 623//94 622//93
f 575//46 576//47 624//95
f 575//46 624//95 623//94
f 576//47 577//48 625//96
f 576//47 625//96 624//95
f 577//48 578//49 626//97
f 577//48 626//97 625//96
f 578//49 532//3 580//51
f 578//49 580//51 626//97
f 580//51 579//50 627//98
f 580//51 627//98 628//99
f 579//50 581//52 629//100
f 579//50 629//100 627//98
f 581//52 582//53 630//101
f 581//52 630//101 629//100
f 582//53 583//54 631//102
f 582//53 631//102 630//101
f 583//54 584//55 632//103
f 583//54 632//103 631//102
f 584//55 585//56 633//104
f 584//55 633//104 632//103
f 585//56 586//57 634//105
f 585//56 634//105 633//104
f 586//57 587//58 635//106
f 586//57 635//106 634//105
f 587//58 588//59 636//107
f 587//58 636//107 635//106
f 588//59 589//60 637//108
f 588//59 637//108 636//107
f 589//60 590//61 638//109
f 589//60 638//109 637//108
f 590//61 591//62 639//110
f 590//61 639//110 638//109
f 591//62 592//63 640//111
f 591//62 640//111 639//110
f 592//63 593//64 641//112
f 592//63 641//112 640//111
f 593//64 594//65 642//113
f 593//64 642//113 641//112
f 594//65 595//66 643//114
f 594//65 643//114 642//113
f 595//66 596//67 644//115
f 595//66 644//115 643//114
f 596//67 597//68 645//116
f 596//67 645//116 644//115
f 597//68 598//69 646//117
f 597//68 646//117 645//116
f 598//69 599//70 647//118
f 598//69 647//118 646//117
f 599//70 600//71 648//119
f 599//70 648//119 647//118
f 600//71 601//72 649//120
f 600//71 649//120 648//119
f 601//72 602//73 650//121
f 601//72 650//121 649//120
f 602//73 603//74 651//122
f 602//73 651//122 650//121
f 603//74 604//75 652//123
f 603//74 652//123 651//122
f 604//75 605//76 653//124
f 604//75 653//124 652//123
f 605//76 606//77 654//125
f 605//76 654//125 653//124
f 606//77 607//78 655//126
f 606//77 655//126 654//125
f 607//78 608//79 656//127
f 607//78 656//127 655//126
f 608//79 609//80 657//128
f 608//79 657//128 656//127
f 609//80 610//81 658//129
f 609//80 658//129 657//128
f 610//81 611//82 659//130
f 610//81 659//130 658//129
f 611//82 612//83 660//131
f 611//82 660//131 659//130
f 612//83 613//84 661//132
f 612//83 661//132 660//131
f 613//84 614//85 662//133
f 613//84 662//133 661//132
f 614//85 615//86 663//134
f 614//85 663//134 662//133
f 615//86 616//87 664//135
f 615//86 664//135 663//134
f 616//87 617//88 665//136
f 616//87 665//136 664//135
f 617//88 618//89 666//137
f 617//88 666//137 665//136
f 618//89 619//90 667//138
f 618//89 667//138 666//137
f 619//90 620//91 668//139
f 619//90 668//139 667//138
f 620//91 621//92 669//140
f 620//91 669//140 668//139
f 621//92 622//93 670//141
f 621//92 670//141 669//140
f 622//93 623//94 671//142
f 622//93 671//142 670//141
f 623//94 624//95 672//143
f 623//94 672//143 671//142
f 624//95 625//96 673//144
f 624//95 673//144 672//143
f 625//96 626//97 674//145
f 625//96 674//145 673//144
f 626//97 580//51 628//99
f 626//97 628//99 674//145
f 628//99 627//98 675//146
f 628//99 675//146 676//147
f 627//98 629//100 677//148
f 627//98 677//148 675//146
f 629//100 630//101 678//149
f 629//100 678//149 677//148
f 630//101 631//102 679//150
f 630//101 679//150 678//149
f 631//102 632//103 680//151
f 631//102 680//151 679//150
f 632//103 633//104 681//152
f 632//103 681//152 680//151
f 633//104 634//105 682//153
f 633//104 682//153 681//152
f 634//105 635//106 683//154
f 634//105 683//154 682//153
f 635//106 636//107 684//155
f 635//106 684//155 683//154
f 636//107 637//108 685//156
f 636//107 685//156 684//155
f 637//108 638//109 686//157
f 637//108 686//157 685//156
f 638//109 639//110 687//158
f 638//109 687//158 686//157
f 639//110 640//111 688//159
f 639//110 688//159 687//158
f 640//111 641//112 689//160
f 640//111 689//160 688//159
f 641//112 642//113 690//161
f 641//112 690//161 689//160
f 642//113 643//114 691//162
f 642//113 691//162 690//161
f 643//114 644//115 692//163
f 643//114 692//163 691//162
f 644//115 645//116 693//164
f 644//115 693//164 692//163
f 645//116 646//117 694//165
f 645//116 694//165 693//164
f 646//117 647//118 695//166
f 646//117 695//166 694//165
f 647//118 648//119 696//167
f 647//118 696//167 695//166
f 648//119 649//120 697//168
f 648//119 697//168 696//167
f 649//120 650//121 698//169
f 649//120 698//169 697//168
f 650//121 651//122 699//170
f 650//121 699//170 698//169
f 651//122 652//123 700//171
f 651//122 700//171 699//170
f 652//123 653//124 701//172
f 652//123 701//172 700//171
f 653//124 654//125 702//173
f 653//124 702//173 701//172
f 654//125 655//126 703//174
f 654//125 703//174 702//173
f 655//126 656//127 704//175
f 655//126 704//175 703//174
f 656//127 657//128 705//176
f 656//127 705//176 704//175
f 657//128 658//129 706//177
f 657//128 706//177 705//176
f 658//129 659//130 707//178
f 658//129 707//178 706//177
f 659//130 660//131 708//179
f 659//130 708//179 707//178
f 660//131 661//132 709//180
f 660//131 709//180 708//179
f 661//132 662//133 710//181
f 661//132 710//181 709//180
f 662//133 663//134 711//182
f 662//133 711//182 710//181
f 663//134 664//135 712//183
f 663//134 712//183 711//182
f 664//135 665//136 713//184
f 664//135 713//184 712//183
f 665//136 666//137 714//185
f 665//136 714//185 713//184
f 666//137 667//138 715//186
f 666//137 715//186 714//185
f 667//138 668//139 716//187
f 667//138 716//187 715//186
f 668//139 669//140 717//188
f 668//139 717//188 716//187
f 669//140 670//141 718//189
f 669//140 718//189 717//188
f 670//141 671//142 719//190
f 670//141 719//190 718//189
f 671//142 672//143 720//191
f 671//142 720//191 719//190
f 672//143 673//144 721//192
f 672//143 721//192 720//191
f 673//144 674//145 722//193
f 673//144 722//193 721//192
f 674//145 628//99 676//147
f 674//145 676//147 722//193
f 676//147 675//146 723//194
f 676//147 723//194 724//195
f 675//146 677//148 725//196
f 675//146 725//196 723//194
f 677//148 678//149 726//197
f 677//148 726//197 725//196
f 678//149 679//150 727//198
f 678//149 727//198 726//197
f 679//150 680//151 728//199
f 679//150 728//199 727//198
f 680//151 681//152 729//200
f 680//151 729//200 728//199
f 681//152 682//153 730//201
f 681//152 730//201 729//200
f 682//153 683//154 731//202
f 682//153 731//202 730//201
f 683//154 684//155 732//203
f 683//154 732//203 731//202
f 684//155 685//156 733//204
f 684//155 733//204 732//203
f 685//156 686//157 734//205
f 685//156 734//205 733//204
f 686//157 687//158 735//206
f 686//157 735//206 734//205
f 687//158 688//159 736//207
f 687//158 736//207 735//206
f 688//159 689//160 737//208
f 688//159 737//208 736//207
f 689//160 690//161 738//209
f 689//160 738//209 737//208
f 690//161 691//162 739//210
f 690//161 739//210 738//209
f 691//162 692//163 740//211
f 691//162 740//211 739//210
f 692//163 693//164 741//212
f 692//163 741//212 740//211
f 693//164 694//165 742//213
f 693//164 742//213 741//212
f 694//165 695//166 743//214
f 694//165 743//214 742//213
f 695//166 696//167 744//215
f 695//166 744//215 743//214
f 696//167 697//168 745//216
f 696//167 745//216 744//215
f 697//168 698//169 746//217
f 697//168 746//217 745//216
f 698//169 699//170 747//218
f 698//169 747//218 746//217
f 699//170 700//171 748//219
f 699//170 748//219 747//218
f 700//171 701//172 749//220
f 700//171 749//220 748//219
f 701//172 702//173 750//221
f 701//172 750//221 749//220
f 702//173 703//174 751//222
f 702//173 751//222 750//221
f 703//174 704//175 752//223
f 703//174 752//223 751//222
f 704//175 705//176 753//224
f 704//175 753//224 752//223
f 705//176 706//177 754//225
f 705//176 754//225 753//224
f 706//177 707//178 755//226
f 706//177 755//226 754//225
f 707//178 708//179 756//227
f 707//178 756//227 755//226
f 708//179 709//180 757//228
f 708//179 757//228 756//227
f 709//180 710//181 758//229
f 709//180 758//229 757//228
f 710//181 711//182 759//230
f 710//181 759//230 758//229
f 711//182 712//183 760//231
f 711//182 760//231 759//230
f 712//183 713//184 761//232
f 712//183 761//232 760//231
f 713//184 714//185 762//233
f 713//184 762//233 761//232
f 714//185 715//186 763//234
f 714//185 763//234 762//233
f 715//186 716//187 764//235
f 715//186 764//235 763//234
f 716//187 717//188 765//236
f 716//187 765//236 764//235
f 717//188 718//189 766//237
f 717//188 766//237 765//236
f 718//189 719//190 767//238
f 718//189 767//238 766//237
f 719//190 720//191 768//239
f 719//190 768//239 767//238
f 720//191 721//192 769//240
f 720//191 769//240 768//239
f 721//192 722//193 770//241
f 721//192 770//241 769//240
f 722//193 676//147 724//195
f 722//193 724//195 770//241
f 724//195 723//194 771//242
f 724//195 771//242 772//243
f 723//194 725//196 773//244
f 723//194 773//244 771//242
f 725//196 726//197 774//245
f 725//196 774//245 773//244
f 726//197 727//198 775//246
f 726//197 775//246 774//245
f 727//198 728//199 776//247
f 727//198 776//247 775//246
f 728//199 729//200 777//248
f 728//199 777//248 776//247
f 729//200 730//201 778//249
f 729//200 778//249 777//248
f 730//201 731//202 779//250
f 730//201 779//250 778//249
f 731//202 732//203 780//251
f 731//202 780//251 779//250
f 732//203 733//204 781//252
f 732//203 781//252 780//251
f 733//204 734//205 782//253
f 733//204 782//253 781//252
f 734//205 735//206 783//254
f 734//205 783//254 782//253
f 735//206 736//207 784//255
f 735//206 784//255 783//254
f 736//207 737//208 785//256
f 736//207 785//256 784//255
f 737//208 738//209 786//257
f 737//208 786//257 785//256
f 738//209 739//210 787//258
f 738//209 787//258 786//257
f 739//210 740//211 788//259
f 739//210 788//259 787//258
f 740//211 741//212 789//260
f 740//211 789//260 788//259
f 741//212 742//213 790//261
f 741//212 790//261 789//260
f 742//213 743//214 791//262
f 742//213 791//262 790//261
f 743//214 744//215 792//263
f 743//214 792//263 791//262
f 744//215 745//216 793//264
f 744//215 793//264 792//263
f 745//216 746//217 794//265
f 745//216 794//265 793//264
f 746//217 747//218 795//266
f 746//217 795//266 794//265
f 747//218 748//219 796//267
f 747//218 796//267 795//266
f 748//219 749//220 797//268
f 748//219 797//268 796//267
f 749//220 750//221 798//269
f 749//220 798//269 797//268
f 750//221 751//222 799//270
f 750//221 799//270 798//269
f 751//222 752//223 800//271
f 751//222 800//271 799//270
f 752//223 753//224 801//272
f 752//223 801//272 800//271
f 753//224 754//225 802//273
f 753//224 802//273 801//272
f 754//225 755//226 803//274
f 754//225 803//274 802//273
f 755//226 756//227 804//275
f 755//226 804//275 803//274
f 756//227 757//228 805//276
f 756//227 805//276 804//275
f 757//228 758//229 806//277
f 757//228 806//277 805//276
f 758//229 759//230 807//278
f 758//229 807//278 806//277
f 759//230 760//231 808//279
f 759//230 808//279 807//278
f 760//231 761//232 809//280
f 760//231 809//280 808//279
f 761//232 762//233 810//281
f 761//232 810//281 809//280
f 762//233 763//234 811//282
f 762//233 811//282 810//281
f 763//234 764//235 812//283
f 763//234 812//283 811//282
f 764//235 765//236 813//284
f 764//235 813//284 812//283
f 765//236 766//237 814//285
f 765//236 814//285 813//284
f 766//237 767//238 815//286
f 766//237 815//286 814//285
f 767//238 768//239 816//287
f 767//238 816//287 815//286
f 768//239 769//240 817//288
f 768//239 817//288 816//287
f 769//240 770//241 818//289
f 769//240 818//289 817//288
f 770//241 724//195 772//243
f 770//241 772//243 818//289
f 772//243 771//242 819//290
f 772//243 819//290 820//291
f 771//242 773//244 821//292
f 771//242 821//292 819//290
f 773//244 774//245 822//293
f 773//244 822//293 821//292
f 774//245 775//246 823//294
f 774//245 823//294 822//293
f 775//246 776//247 824//295
f 775//246 824//295 823//294
f 776//247 777//248 825//296
f 776//247 825//296 824//295
f 777//248 778//249 826//297
f 777//248 826//297 825//296
f 778//249 779//250 827//298
f 778//249 827//298 826//297
f 779//250 780//251 828//299
f 779//250 828//299 827//298
f 780//251 781//252 829//300
f 780//251 829//300 828//299
f 781//252 782//253 830//301
f 781//252 830//301 829//300
f 782//253 783//254 831//302
f 782//253 831//302 830//301
f 783//254 784//255 832//303
f 783//254 832//303 831//302
f 784//255 785//256 833//304
f 784//255 833//304 832//303
f 785//256 786//257 834//305
f 785//256 834//305 833//304
f 786//257 787//258 835//306
f 786//257 835//306 834//305
f 787//258 788//259 836//307
f 787//258 836//307 835//306
f 788//259 789//260 837//308
f 788//259 837//308 836//307
f 789//260 790//261 838//309
f 789//260 838//309 837//308
f 790//261 791//262 839//310
f 790//261 839//310 838//309
f 791//262 792//263 840//311
f 791//262 840//311 839//310
f 792//263 793//264 841//312
f 792//263 841//312 840//311
f 793//264 794//265 842//313
f 793//264 842//313 841//312
f 794//265 795//266 843//314
f 794//265 843//314 842//313
f 795//266 796//267 844//315
f 795//266 844//315 843//314
f 796//267 797//268 845//316
f 796//267 845//316 844//315
f 797//268 798//269 846//317
f 797//268 846//317 845//316
f 798//269 799//270 847//318
f 798//269 847//318 846//317
f 799//270 800//271 848//319
f 799//270 848//319 847//318
f 800//271 801//272 849//320
f 800//271 849//320 848//319
f 801//272 802//273 850//321
f 801//272 850//321 849//320
f 802//273 803//274 851//322
f 802//273 851//322 850//321
f 803//274 804//275 852//323
f 803//274 852//323 851//322
f 804//275 805//276 853//324
f 804//275 853//324 852//323
f 805//276 806//277 854//325
f 805//276 854//325 853//324
f 806//277 807//278 855//326
f 806//277 855//326 854//325
f 807//278 808//279 856//327
f 807//278 856//327 855//326
f 808//279 809//280 857//328
f 808//279 857//328 856//327
f 809//280 810//281 858//329
f 809//280 858//329 857//328
f 810//281 811//282 859//330
f 810//281 859//330 858//329
f 811//282 812//283 860//331
f 811//282 860//331 859//330
f 812//283 813//284 861//332
f 812//283 861//332 860//331
f 813//284 814//285 862//333
f 813//284 862//333 861//332
f 814//285 815//286 863//334
f 814//285 863//334 862//333
f 815//286 816//287 864//335
f 815//286 864//335 863//334
f 816//287 817//288 865//336
f 816//287 865//336 864//335
f 817//288 818//289 866//337
f 817//288 866//337 865//336
f 818//289 772//243 820//291
f 818//289 820//291 866//337
f 820//291 819//290 867//338
f 820//291 867//338 868//339
f 819//290 821//292 869//340
f 819//290 869//340 867//338
f 821//292 822//293 870//341
f 821//292 870//341 869//340
f 822//293 823//294 871//342
f 822//293 871//342 870//341
f 823//294 824//295 872//343
f 823//294 872//343 871//342
f 824//295 825//296 873//344
f 824//295 873//344 872//343
f 825//296 826//297 874//345
f 825//296 874//345 873//344
f 826//297 827//298 875//346
f 826//297 875//346 874//345
f 827//298 828//299 876//347
f 827//298 876//347 875//346
f 828//299 829//300 877//348
f 828//299 877//348 876//347
f 829//300 830//301 878//349
f 829//300 878//349 877//348
f 830//301 831//302 879//350
f 830//301 879//350 878//349
f 831//302 832//303 880//351
f 831//302 880//351 879//350
f 832//303 833//304 881//352
f 832//303 881//352 880//351
f 833//304 834//305 882//353
f 833//304 882//353 881//352
f 834//305 835//306 883//354
f 834//305 883//354 882//353
f 835//306 836//307 884//355
f 835//306 884//355 883//354
f 836//307 837//308 885//356
f 836//307 885//356 884//355
f 837//308 838//309 886//357
f 837//308 886//357 885//356
f 838//309 839//310 887//358
f 838//309 887//358 886//357
f 839//310 840//311 888//359
f 839//310 888//359 887//358
f 840//311 841//312 889//360
f 840//311 889//360 888//359
f 841//312 842//313 890//361
f 841//312 890//361 889//360
f 842//313 843//314 891//362
f 842//313 891//362 890//361
f 843//314 844//315 892//363
f 843//314 892//363 891//362
f 844//315 845//316 893//364
f 844//315 893//364 892//363
f 845//316 846//317 894//365
f 845//316 894//365 893//364
f 846//317 847//318 895//366
f 846//317 895//366 894//365
f 847//318 848//319 896//367
f 847//318 896//367 895//366
f 848//319 849//320 897//368
f 848//319 897//368 896//367
f 849//320 850//321 898//369
f 849//320 898//369 897//368
f 850//321 851//322 899//370
f 850//321 899//370 898//369
f 851//322 852//323 900//371
f 851//322 900//371 899//370
f 852//323 853//324 901//372
f 852//323 901//372 900//371
f 853//324 854//325 902//373
f 853//324 902//373 901//372
f 854//325 855//326 903//374
f 854//325 903//374 902//373
f 855//326 856//327 904//375
f 855//326 904//375 903//374
f 856//327 857//328 905//376
f 856//327 905//376 904//375
f 857//328 858//329 906//377
f 857//328 906//377 905//376
f 858//329 859//330 907//378
f 858//329 907//378 906//377
f 859//330 860//331 908//379
f 859//330 908//379 907//378
f 860//331 861//332 909//380
f 860//331 909//380 908//379
f 861//332 862//333 910//381
f 861//332 910//381 909//380
f 862//333 863//334 911//382
f 862//333 911//382 910//381
f 863//334 864//335 912//383
f 863//334 912//383 911//382
f 864//335 865//336 913//384
f 864//335 913//384 912//383
f 865//336 866//337 914//385
f 865//336 914//385 913//384
f 866//337 820//291 868//339
f 866//337 868//339 914//385
f 868//339 867//338 915//386
f 868//339 915//386 916//387
f 867//338 869//340 917//388
f 867//338 917//388 915//386
f 869//340 870//341 918//389
f 869//340 918//389 917//388
f 870//341 871//342 919//390
f 870//341 919//390 918//389
f 871//342 872//343 920//391
f 871//342 920//391 919//390
f 872//343 873//344 921//392
f 872//343 921//392 920//391
f 873//344 874//345 922//393
f 873//344 922//393 921//392
f 874//345 875//346 923//394
f 874//345 923//394 922//393
f 875//346 876//347 924//395
f 875//346 924//395 923//394
f 876//347 877//348 925//396
f 876//347 925//396 924//395
f 877//348 878//349 926//397
f 877//348 926//397 925//396
f 878//349 879//350 927//398
f 878//349 927//398 926//397
f 879//350 880//351 928//399
f 879//350 928//399 927//398
f 880//351 881//352 929//400
f 880//351 929//400 928//399
f 881//352 882//353 930//401
f 881//352 930//401 929//400
f 882//353 883//354 931//402
f 882//353 931//402 930//401
f 883//354 884//355 932//403
f 883//354 932//403 931//402
f 884//355 885//356 933//404
f 884//355 933//404 932//403
f 885//356 886//357 934//405
f 885//356 934//405 933//404
f 886//357 887//358 935//406
f 886//357 935//406 934//405
f 887//358 888//359 936//407
f 887//358 936//407 935//406
f 888//359 889//360 937//408
f 888//359 937//408 936//407
f 889//360 890//361 938//409
f 889//360 938//409 937//408
f 890//361 891//362 939//410
f 890//361 939//410 938//409
f 891//362 892//363 940//411
f 891//362 940//411 939//410
f 892//363 893//364 941//412
f 892//363 941//412 940//411
f 893//364 894//365 942//413
f 893//364 942//413 941//412
f 894//365 895//366 943//414
f 894//365 943//414 942//413
f 895//366 896//367 944//415
f 895//366 944//415 943//414
f 896//367 897//368 945//416
f 896//367 945//416 944//415
f 897//368 898//369 946//417
f 897//368 946//417 945//416
f 898//369 899//370 947//418
f 898//369 947//418 946//417
f 899//370 900//371 948//419
f 899//370 948//419 947//418
f 900//371 901//372 949//420
f 900//371 949//420 948//419
f 901//372 902//373 950//421
f 901//372 950//421 949//420
f 902//373 903//374 951//422
f 902//373 951//422 950//421
f 903//374 904//375 952//423
f 903//374 952//423 951//422
f 904//375 905//376 953//424
f 904//375 953//424 952//423
f 905//376 906//377 954//425
f 905//376 954//425 953//424
f 906//377 907//378 955//426
f 906//377 955//426 954//425
f 907//378 908//379 956//427
f 907//378 956//427 955//426
f 908//379 909//380 957//428
f 908//379 957//428 956//427
f 909//380 910//381 958//429
f 909//380 958//429 957//428
f 910//381 911//382 959//430
f 910//381 959//430 958//429
f 911//382 912//383 960//431
f 911//382 960//431 959//430
f 912//383 913//384 961//432
f 912//383 961//432 960//431
f 913//384 914//385 962//433
f 913//384 962//433 961//432
f 914//385 868//339 916//387
f 914//385 916//387 962//433
f 916//387 915//386 963//434
f 916//387 963//434 964//435
f 915//386 917//388 965//436
f 915//386 965//436 963//434
f 917//388 918//389 966//437
f 917//388 966//437 965//436
f 918//389 919//390 967//438
f 918//389 967//438 966//437
f 919//390 920//391 968//439
f 919//390 968//439 967//438
f 920//391 921//392 969//440
f 920//391 969//440 968//439
f 921//392 922//393 970//441
f 921//392 970//441 969//440
f 922//393 923//394 971//442
f 922//393 971//442 970//441
f 923//394 924//395 972//443
f 923//394 972//443 971//442
f 924//395 925//396 973//444
f 924//395 973//444 972//443
f 925//396 926//397 974//445
f 925//396 974//445 973//444
f 926//397 927//398 975//446
f 926//397 975//446 974//445
f 927//398 928//399 976//447
f 927//398 976//447 975//446
f 928//399 929//400 977//448
f 928//399 977//448 976//447
f 929//400 930//401 978//449
f 929//400 978//449 977//448
f 930//401 931//402 979//450
f 930//401 979//450 978//449
f 931//402 932//403 980//451
f 931//402 980//451 979//450
f 932//403 933//404 981//452
f 932//403 981//452 980//451
f 933//404 934//405 982//453
f 933//404 982//453 981//452
f 934//405 935//406 983//454
f 934//405 983//454 982//453
f 935//406 936//407 984//455
f 935//406 984//455 983//454
f 936//407 937//408 985//456
f 936//407 985//456 984//455
f 937//408 938//409 986//457
f 937//408 986//457 985//456
f 938//409 939//410 987//458
f 938//409 987//458 986//457
f 939//410 940//411 988//459
f 939//410 988//459 987//458
f 940//411 941//412 989//460
f 940//411 989//460 988//459
f 941//412 942//413 990//461
f 941//412 990//461 989//460
f 942//413 943//414 991//462
f 942//413 991//462 990//461
f 943//414 944//415 992//463
f 943//414 992//463 991//462
f 944//415 945//416 993//464
f 944//415 993//464 992//463
f 945//416 946//417 994//465
f 945//416 994//465 993//464
f 946//417 947//418 995//466
f 946//417 995//466 994//465
f 947//418 948//419 996//467
f 947//418 996//467 995//466
f 948//419 949//420 997//468
f 948//419 997//468 996//467
f 949//420 950//421 998//469
f 949//420 998//469 997//468
f 950//421 951//422 999//470
f 950//421 999//470 998//469
f 951//422 952//423 1000//471
f 951//422 1000//471 999//470
f 952//423 953//424 1001//472
f 952//423 1001//472 1000//471
f 953//424 954//425 1002//473
f 953//424 1002//473 1001//472
f 954//425 955//426 1003//474
f 954//425 1003//474 1002//473
f 955//426 956//427 1004//475
f 955//426 1004//475 1003//474
f 956//427 957//428 1005//476
f 956//427 1005//476 1004//475
f 957//428 958//429 1006//477
f 957//428 1006//477 1005//476
f 958//429 959//430 1007//478
f 958//429 1007//478 1006//477
f 959//430 960//431 1008//479
f 959//430 1008//479 1007//478
f 960//431 961//432 1009//480
f 960//431 1009//480 1008//479
f 961//432 962//433 1010//481
f 961//432 1010//481 1009//480
f 962//433 916//387 964//435
f 962//433 964//435 1010//481
f 964//435 963//434 1011//482
f 964//435 1011//482 1012//483
f 963//434 965//436 1013//484
f 963//434 1013//484 1011//482
f 965//436 966//437 1014//485
f 965//436 1014//485 1013//484
f 966//437 967//438 1015//486
f 966//437 1015//486 1014//485
f 967//438 968//439 1016//487
f 967//438 1016//487 1015//486
f 968//439 969//440 1017//488
f 968//439 1017//488 1016//487
f 969//440 970//441 1018//489
f 969//440 1018//489 1017//488
f 970//441 971//442 1019//490
f 970//441 1019//490 1018//489
f 971//442 972//443 1020//491
f 971//442 1020//491 1019//490
f 972//443 973//444 1021//492
f 972//443 1021//492 1020//491
f 973//444 974//445 1022//493
f 973//444 1022//493 1021//492
f 974//445 975//446 1023//494
f 974//445 1023//494 1022//493
f 975//446 976//447 1024//495
f 975//446 1024//495 1023//494
f 976//447 977//448 1025//496
f 976//447 1025//496 1024//495
f 977//448 978//449 1026//497
f 977//448 1026//497 1025//496
f 978//449 979//450 1027//498
f 978//449 1027//498 1026//497
f 979//450 980//451 1028//499
f 979//450 1028//499 1027//498
f 980//451 981//452 1029//500
f 980//451 1029//500 1028//499
f 981//452 982//453 1030//501
f 981//452 1030//501 1029//500
f 982//453 983//454 1031//502
f 982//453 1031//502 1030//501
f 983//454 984//455 1032//503
f 983//454 1032//503 1031//502
f 984//455 985//456 1033//504
f 984//455 1033//504 1032//503
f 985//456 986//457 1034//505
f 985//456 1034//505 1033//504
f 986//457 987//458 1035//506
f 986//457 1035//506 1034//505
f 987//458 988//459 1036//507
f 987//458 1036//507 1035//506
f 988//459 989//460 1037//508
f 988//459 1037//508 1036//507
f 989//460 990//461 1038//509
f 989//460 1038//509 1037//508
f 990//461 991//462 1039//510
f 990//461 1039//510 1038//509
f 991//462 992//463 1040//511
f 991//462 1040//511 1039//510
f 992//463 993//464 1041//512
f 992//463 1041//512 1040//511
f 993//464 994//465 1042//513
f 993//464 1042//513 1041//512
f 994//465 995//466 1043//514
f 994//465 1043//514 1042//513
f 995//466 996//467 1044//515
f 995//466 1044//515 1043//514
f 996//467 997//468 1045//516
f 996//467 1045//516 1044//515
f 997//468 998//469 1046//517
f 997//468 1046//517 1045//516
f 998//469 999//470 1047//518
f 998//469 1047//518 1046//517
f 999//470 1000//471 1048//519
f 999//470 1048//519 1047//518
f 1000//471 1001//472 1049//520
f 1000//471 1049//520 1048//519
f 1001//472 1002//473 1050//521
f 1001//472 1050//521 1049//520
f 1002//473 1003//474 1051//522
f 1002//473 1051//522 1050//521
f 1003//474 1004//475 1052//523
f 1003//474 1052//523 1051//522
f 1004//475 1005//476 1053//524
f 1004//475 1053//524 1052//523
f 1005//476 1006//477 1054//525
f 1005//476 1054//525 1053//524
f 1006//477 1007//478 1055//526
f 1006//477 1055//526 1054//525
f 1007//478 1008//479 1056//527
f 1007//478 1056//527 1055//526
f 1008//479 1009//480 1057//528
f 1008//479 1057//528 1056//527
f 1009//480 1010//481 1058//529
f 1009//480 1058//529 1057//528
f 1010//481 964//435 1012//483
f 1010//481 1012//483 1058//529
f 1012//483 1011//482 1059//530
f 1012//483 1059//530 1060//531
f 1011//482 1013//484 1061//532
f 1011//482 1061//532 1059//530
f 1013//484 1014//485 1062//533
f 1013//484 1062//533 1061//532
f 1014//485 1015//486 1063//534
f 1014//485 1063//534 1062//533
f 1015//486 1016//487 1064//535
f 1015//486 1064//535 1063//534
f 1016//487 1017//488 1065//536
f 1016//487 1065//536 1064//535
f 1017//488 1018//489 1066//537
f 1017//488 1066//537 1065//536
f 1018//489 1019//490 1067//538
f 1018//489 1067//538 1066//537
f 1019//490 1020//491 1068//539
f 1019//490 1068//539 1067//538
f 1020//491 1021//492 1069//540
f 1020//491 1069//540 1068//539
f 1021//492 1022//493 1070//541
f 1021//492 1070//541 1069//540
f 1022//493 1023//494 1071//542
f 1022//493 1071//542 1070//541
f 1023//494 1024//495 1072//543
f 1023//494 1072//543 1071//542
f 1024//495 1025//496 1073//544
f 1024//495 1073//544 1072//543
f 1025//496 1026//497 1074//545
f 1025//496 1074//545 1073//544
f 1026//497 1027//498 1075//546
f 1026//497 1075//546 1074//545
f 1027//498 1028//499 1076//547
f 1027//498 1076//547 1075//546
f 1028//499 1029//500 1077//548
f 1028//499 1077//548 1076//547
f 1029//500 1030//501 1078//549
f 1029//500 1078//549 1077//548
f 1030//501 1031//502 1079//550
f 1030//501 1079//550 1078//549
f 1031//502 1032//503 1080//551
f 1031//502 1080//551 1079//550
f 1032//503 1033//504 1081//552
f 1032//503 1081//552 1080//551
f 1033//504 1034//505 1082//553
f 1033//504 1082//553 1081//552
f 1034//505 1035//506 1083//554
f 1034//505 1083//554 1082//553
f 1035//506 1036//507 1084//555
f 1035//506 1084//555 1083//554
f 1036//507 1037//508 1085//556
f 1036//507 1085//556 1084//555
f 1037//508 1038//509 1086//557
f 1037//508 1086//557 1085//556
f 1038//509 1039//510 1087//558
f 1038//509 1087//558 1086//557
f 1039//510 1040//511 1088//559
f 1039//510 1088//559 1087//558
f 1040//511 1041//512 1089//560
f 1040//511 1089//560 1088//559
f 1041//512 1042//513 1090//561
f 1041//512 1090//561 1089//560
f 1042//513 1043//514 1091//562
f 1042//513 1091//562 1090//561
f 1043//514 1044//515 1092//563
f 1043//514 1092//563 1091//562
f 1044//515 1045//516 1093//564
f 1044//515 1093//564 1092//563
f 1045//516 1046//517 1094//565
f 1045//516 1094//565 1093//564
f 1046//517 1047//518 1095//566
f 1046//517 1095//566 1094//565
f 1047//518 1048//519 1096//567
f 1047//518 1096//567 1095//566
f 1048//519 1049//520 1097//568
f 1048//519 1097//568 1096//567
f 1049//520 1050//521 1098//569
f 1049//520 1098//569 1097//568
f 1050//521 1051//522 1099//570
f 1050//521 1099//570 1098//569
f 1051//522 1052//523 1100//571
f 1051//522 1100//571 1099//570
f 1052//523 1053//524 1101//572
f 1052//523 1101//572 1100//571
f 1053//524 1054//525 1102//573
f 1053//524 1102//573 1101//572
f 1054//525 1055//526 1103//574
f 1054//525 1103//574 1102//573
f 1055//526 1056//527 1104//575
f 1055//526 1104//575 1103//574
f 1056//527 1057//528 1105//576
f 1056//527 1105//576 1104//575
f 1057//528 1058//529 1106//577
f 1057//528 1106//577 1105//576
f 1058//529 1012//483 1060//531
f 1058//529 1060//531 1106//577
f 1060//531 1059//530 1107//578
f 1060//531 1107//578 1108//579
f 1059//530 1061//532 1109//580
f 1059//530 1109//580 1107//578
f 1061//532 1062//533 1110//581
f 1061//532 1110//581 1109//580
f 1062//533 1063//534 1111//582
f 1062//533 1111//582 1110//581
f 1063//534 1064//535 1112//583
f 1063//534 1112//583 1111//582
f 1064//535 1065//536 1113//584
f 1064//535 1113//584 1112//583
f 1065//536 1066//537 1114//585
f 1065//536 1114//585 1113//584
f 1066//537 1067//538 1115//586
f 1066//537 1115//586 1114//585
f 1067//538 1068//539 1116//587
f 1067//538 1116//587 1115//586
f 1068//539 1069//540 1117//588
f 1068//539 1117//588 1116//587
f 1069//540 1070//541 1118//589
f 1069//540 1118//589 1117//588
f 1070//541 1071//542 1119//590
f 1070//541 1119//590 1118//589
f 1071//542 1072//543 1120//591
f 1071//542 1120//591 1119//590
f 1072//543 1073//544 1121//592
f 1072//543 1121//592 1120//591
f 1073//544 1074//545 1122//593
f 1073//544 1122//593 1121//592
f 1074//545 1075//546 1123//594
f 1074//545 1123//594 1122//593
f 1075//546 1076//547 1124//595
f 1075//546 1124//595 1123//594
f 1076//547 1077//548 1125//596
f 1076//547 1125//596 1124//595
f 1077//548 1078//549 1126//597
f 1077//548 1126//597 1125//596
f 1078//549 1079//550 1127//598
f 1078//549 1127//598 1126//597
f 1079//550 1080//551 1128//599
f 1079//550 1128//599 1127//598
f 1080//551 1081//552 1129//600
f 1080//551 1129//600 1128//599
f 1081//552 1082//553 1130//601
f 1081//552 1130//601 1129//600
f 1082//553 1083//554 1131//602
f 1082//553 1131//602 1130//601
f 1083//554 1084//555 1132//603
f 1083//554 1132//603 1131//602
f 1084//555 1085//556 1133//604
f 1084//555 1133//604 1132//603
f 1085//556 1086//557 1134//605
f 1085//556 1134//605 1133//604
f 1086//557 1087//558 1135//606
f 1086//557 1135//606 1134//605
f 1087//558 1088//559 1136//607
f 1087//558 1136//607 1135//606
f 1088//559 1089//560 1137//608
f 1088//559 1137//608 1136//607
f 1089//560 1090//561 1138//609
f 1089//560 1138//609 1137//608
f 1090//561 1091//562 1139//610
f 1090//561 1139//610 1138//609
f 1091//562 1092//563 1140//611
f 1091//562 1140//611 1139//610
f 1092//563 1093//564 1141//612
f 1092//563 1141//612 1140//611
f 1093//564 1094//565 1142//613
f 1093//564 1142//613 1141//612
f 1094//565 1095//566 1143//614
f 1094//565 1143//614 1142//613
f 1095//566 1096//567 1144//615
f 1095//566 1144//615 1143//614
f 1096//567 1097//568 1145//616
f 1096//567 1145//616 1144//615
f 1097//568 1098//569 1146//617
f 1097//568 1146//617 1145//616
f 1098//569 1099//570 1147//618
f 1098//569 1147//618 1146//617
f 1099//570 1100//571 1148//619
f 1099//570 1148//619 1147//618
f 1100//571 1101//572 1149//620
f 1100//571 1149//620 1148//619
f 1101//572 1102//573 1150//621
f 1101//572 1150//621 1149//620
f 1102//573 1103//574 1151//622
f 1102//573 1151//622 1150//621
f 1103//574 1104//575 1152//623
f 1103//574 1152//623 1151//622
f 1104//575 1105//576 1153//624
f 1104//575 1153//624 1152//623
f 1105//576 1106//577 1154//625
f 1105//576 1154//625 1153//624
f 1106//577 1060//531 1108//579
f 1106//577 1108//579 1154//625
f 1108//579 1107//578 1155//626
f 1108//579 1155//626 1156//627
f 1107//578 1109//580 1157//628
f 1107//578 1157//628 1155//626
f 1109//580 1110//581 1158//629
f 1109//580 1158//629 1157//628
f 1110//581 1111//582 1159//630
f 1110//581 1159//630 1158//629
f 1111//582 1112//583 1160//631
f 1111//582 1160//631 1159//630
f 1112//583 1113//584 1161//632
f 1112//583 1161//632 1160//631
f 1113//584 1114//585 1162//633
f 1113//584 1162//633 1161//632
f 1114//585 1115//586 1163//634
f 1114//585 1163//634 1162//633
f 1115//586 1116//587 1164//635
f 1115//586 1164//635 1163//634
f 1116//587 1117//588 1165//636
f 1116//587 1165//636 1164//635
f 1117//588 1118//589 1166//637
f 1117//588 1166//637 1165//636
f 1118//589 1119//590 1167//638
f 1118//589 1167//638 1166//637
f 1119//590 1120//591 1168//639
f 1119//590 1168//639 1167//638
f 1120//591 1121//592 1169//640
f 1120//591 1169//640 1168//639
f 1121//592 1122//593 1170//641
f 1121//592 1170//641 1169//640
f 1122//593 1123//594 1171//642
f 1122//593 1171//642 1170//641
f 1123//594 1124//595 1172//643
f 1123//594 1172//643 1171//642
f 1124//595 1125//596 1173//644
f 1124//595 1173//644 1172//643
f 1125//596 1126//597 1174//645
f 1125//596 1174//645 1173//644
f 1126//597 1127//598 1175//646
f 1126//597 1175//646 1174//645
f 1127//598 1128//599 1176//647
f 1127//598 1176//647 1175//646
f 1128//599 1129//600 1177//648
f 1128//599 1177//648 1176//647
f 1129//600 1130//601 1178//649
f 1129//600 1178//649 1177//648
f 1130//601 1131//602 1179//650
f 1130//601 1179//650 1178//649
f 1131//602 1132//603 1180//651
f 1131//602 1180//651 1179//650
f 1132//603 1133//604 1181//652
f 1132//603 1181//652 1180//651
f 1133//604 1134//605 1182//653
f 1133//604 1182//653 1181//652
f 1134//605 1135//606 1183//654
f 1134//605 1183//654 1182//653
f 1135//606 1136//607 1184//655
f 1135//606 1184//655 1183//654
f 1136//607 1137//608 1185//656
f 1136//607 1185//656 1184//655
f 1137//608 1138//609 1186//657
f 1137//608 1186//657 1185//656
f 1138//609 1139//610 1187//658
f 1138//609 1187//658 1186//657
f 1139//610 1140//611 1188//659
f 1139//610 1188//659 1187//658
f 1140//611 1141//612 1189//660
f 1140//611 1189//660 1188//659
f 1141//612 1142//613 1190//661
f 1141//612 1190//661 1189//660
f 1142//613 1143//614 1191//662
f 1142//613 1191//662 1190//661
f 1143//614 1144//615 1192//663
f 1143//614 1192//663 1191//662
f 1144//615 1145//616 1193//664
f 1144//615 1193//664 1192//663
f 1145//616 1146//617 1194//665
f 1145//616 1194//665 1193//664
f 1146//617 1147//618 1195//666
f 1146//617 1195//666 1194//665
f 1147//618 1148//619 1196//667
f 1147//618 1196//667 1195//666
f 1148//619 1149//620 1197//668
f 1148//619 1197//668 1196//667
f 1149//620 1150//621 1198//669
f 1149//620 1198//669 1197//668
f 1150//621 1151//622 1199//670
f 1150//621 1199//670 1198//669
f 1151//622 1152//623 1200//671
f 1151//622 1200//671 1199//670
f 1152//623 1153//624 1201//672
f 1152//623 1201//672 1200//671
f 1153//624 1154//625 1202//673
f 1153//624 1202//673 1201//672
f 1154//625 1108//579 1156//627
f 1154//625 1156//627 1202//673
f 1156//627 1155//626 1203//674
f 1156//627 1203//674 1204//675
f 1155//626 1157//628 1205//676
f 1155//626 1205//676 1203//674
f 1157//628 1158//629 1206//677
f 1157//628 1206//677 1205//676
f 1158//629 1159//630 1207//678
f 1158//629 1207//678 1206//677
f 1159//630 1160//631 1208//679
f 1159//630 1208//679 1207//678
f 1160//631 1161//632 1209//680
f 1160//631 1209//680 1208//679
f 1161//632 1162//633 1210//681
f 1161//632 1210//681 1209//680
f 1162//633 1163//634 1211//682
f 1162//633 1211//682 1210//681
f 1163//634 1164//635 1212//683
f 1163//634 1212//683 1211//682
f 1164//635 1165//636 1213//684
f 1164//635 1213//684 1212//683
f 1165//636 1166//637 1214//685
f 1165//636 1214//685 1213//684
f 1166//637 1167//638 1215//686
f 1166//637 1215//686 1214//685
f 1167//638 1168//639 1216//687
f 1167//638 1216//687 1215//686
f 1168//639 1169//640 1217//688
f 1168//639 1217//688 1216//687
f 1169//640 1170//641 1218//689
f 1169//640 1218//689 1217//688
f 1170//641 1171//642 1219//690
f 1170//641 1219//690 1218//689
f 1171//642 1172//643 1220//691
f 1171//642 1220//691 1219//690
f 1172//643 1173//644 1221//692
f 1172//643 1221//692 1220//691
f 1173//644 1174//645 1222//693
f 1173//644 1222//693 1221//692
f 1174//645 1175//646 1223//694
f 1174//645 1223//694 1222//693
f 1175//646 1176//647 1224//695
f 1175//646 1224//695 1223//694
f 1176//647 1177//648 1225//696
f 1176//647 1225//696 1224//695
f 1177//648 1178//649 1226//697
f 1177//648 1226//697 1225//696
f 1178//649 1179//650 1227//698
f 1178//649 1227//698 1226//697
f 1179//650 1180//651 1228//699
f 1179//650 1228//699 1227//698
f 1180//651 1181//652 1229//700
f 1180//651 1229//700 1228//699
f 1181//652 1182//653 1230//701
f 1181//652 1230//701 1229//700
f 1182//653 1183//654 1231//702
f 1182//653 1231//702 1230//701
f 1183//654 1184//655 1232//703
f 1183//654 1232//703 1231//702
f 1184//655 1185//656 1233//704
f 1184//655 1233//704 1232//703
f 1185//656 1186//657 1234//705
f 1185//656 1234//705 1233//704
f 1186//657 1187//658 1235//706
f 1186//657 1235//706 1234//705
f 1187//658 1188//659 1236//707
f 1187//658 1236//707 1235//706
f 1188//659 1189//660 1237//708
f 1188//659 1237//708 1236//707
f 1189//660 1190//661 1238//709
f 1189//660 1238//709 1237//708
f 1190//661 1191//662 1239//710
f 1190//661 1239//710 1238//709
f 1191//662 1192//663 1240//711
f 1191//662 1240//711 1239//710
f 1192//663 1193//664 1241//712
f 1192//663 1241//712 1240//711
f 1193//664 1194//665 1242//713
f 1193//664 1242//713 1241//712
f 1194//665 1195//666 1243//714
f 1194//665 1243//714 1242//713
f 1195//666 1196//667 1244//715
f 1195//666 1244//715 1243//714
f 1196//667 1197//668 1245//716
f 1196//667 1245//716 1244//715
f 1197//668 1198//669 1246//717
f 1197//668 1246//717 1245//716
f 1198//669 1199//670 1247//718
f 1198//669 1247//718 1246//717
f 1199//670 1200//671 1248//719
f 1199//670 1248//719 1247//718
f 1200//671 1201//672 1249//720
f 1200//671 1249//720 1248//719
f 1201//672 1202//673 1250//721
f 1201//672 1250//721 1249//720
f 1202//673 1156//627 1204//675
f 1202//673 1204//675 1250//721
f 1204//675 1203//674 1251//722
f 1204//675 1251//722 1252//723
f 1203//674 1205//676 1253//724
f 1203//674 1253//724 1251//722
f 1205//676 1206//677 1254//725
f 1205//676 1254//725 1253//724
f 1206//677 1207//678 1255//726
f 1206//677 1255//726 1254//725
f 1207//678 1208//679 1256//727
f 1207//678 1256//727 1255//726
f 1208//679 1209//680 1257//728
f 1208//679 1257//728 1256//727
f 1209//680 1210//681 1258//729
f 1209//680 1258//729 1257//728
f 1210//681 1211//682 1259//730
f 1210//681 1259//730 1258//729
f 1211//682 1212//683 1260//731
f 1211//682 1260//731 1259//730
f 1212//683 1213//684 1261//732
f 1212//683 1261//732 1260//731
f 1213//684 1214//685 1262//733
f 1213//684 1262//733 1261//732
f 1214//685 1215//686 1263//734
f 1214//685 1263//734 1262//733
f 1215//686 1216//687 1264//735
f 1215//686 1264//735 1263//734
f 1216//687 1217//688 1265//736
f 1216//687 1265//736 1264//735
f 1217//688 1218//689 1266//737
f 1217//688 1266//737 1265//736
f 1218//689 1219//690 1267//738
f 1218//689 1267//738 1266//737
f 1219//690 1220//691 1268//739
f 1219//690 1268//739 1267//738
f 1220//691 1221//692 1269//740
f 1220//691 1269//740 1268//739
f 1221//692 1222//693 1270//741
f 1221//692 1270//741 1269//740
f 1222//693 1223//694 1271//742
f 1222//693 1271//742 1270//741
f 1223//694 1224//695 1272//743
f 1223//694 1272//743 1271//742
f 1224//695 1225//696 1273//744
f 1224//695 1273//744 1272//743
f 1225//696 1226//697 1274//745
f 1225//696 1274//745 1273//744
f 1226//697 1227//698 1275//746
f 1226//697 1275//746 1274//745
f 1227//698 1228//699 1276//747
f 1227//698 1276//747 1275//746
f 1228//699 1229//700 1277//748
f 1228//699 1277//748 1276//747
f 1229//700 1230//701 1278//749
f 1229//700 1278//749 1277//748
f 1230//701 1231//702 1279//750
f 1230//701 1279//750 1278//749
f 1231//702 1232//703 1280//751
f 1231//702 1280//751 1279//750
f 1232//703 1233//704 1281//752
f 1232//703 1281//752 1280//751
f 1233//704 1234//705 1282//753
f 1233//704 1282//753 1281//752
f 1234//705 1235//706 1283//754
f 1234//705 1283//754 1282//753
f 1235//706 1236//707 1284//755
f 1235//706 1284//755 1283//754
f 1236//707 1237//708 1285//756
f 1236//707 1285//756 1284//755
f 1237//708 1238//709 1286//757
f 1237//708 1286//757 1285//756
f 1238//709 1239//710 1287//758
f 1238//709 1287//758 1286//757
f 1239//710 1240//711 1288//759
f 1239//710 1288//759 1287//758
f 1240//711 1241//712 1289//760
f 1240//711 1289//760 1288//759
f 1241//712 1242//713 1290//761
f 1241//712 1290//761 1289//760
f 1242//713 1243//714 1291//762
f 1242//713 1291//762 1290//761
f 1243//714 1244//715 1292//763
f 1243//714 1292//763 1291//762
f 1244//715 1245//716 1293//764
f 1244//715 1293//764 1292//763
f 1245//716 1246//717 1294//765
f 1245//716 1294//765 1293//764
f 1246//717 1247//718 1295//766
f 1246//717 1295//766 1294//765
f 1247//718 1248//719 1296//767
f 1247//718 1296//767 1295//766
f 1248//719 1249//720 1297//768
f 1248//719 1297//768 1296//767
f 1249//720 1250//721 1298//769
f 1249//720 1298//769 1297//768
f 1250//721 1204//675 1252//723
f 1250//721 1252//723 1298//769
f 1252//723 1251//722 1299//770
f 1252//723 1299//770 1300//771
f 1251//722 1253//724 1301//772
f 1251//722 1301//772 1299//770
f 1253//724 1254//725 1302//773
f 1253//724 1302//773 1301//772
f 1254//725 1255//726 1303//774
f 1254//725 1303//774 1302//773
f 1255//726 1256//727 1304//775
f 1255//726 1304//775 1303//774
f 1256//727 1257//728 1305//776
f 1256//727 1305//776 1304//775
f 1257//728 1258//729 1306//777
f 1257//728 1306//777 1305//776
f 1258//729 1259//730 1307//778
f 1258//729 1307//778 1306//777
f 1259//730 1260//731 1308//779
f 1259//730 1308//779 1307//778
f 1260//731 1261//732 1309//780
f 1260//731 1309//780 1308//779
f 1261//732 1262//733 1310//781
f 1261//732 1310//781 1309//780
f 1262//733 1263//734 1311//782
f 1262//733 1311//782 1310//781
f 1263//734 1264//735 1312//783
f 1263//734 1312//783 1311//782
f 1264//735 1265//736 1313//784
f 1264//735 1313//784 1312//783
f 1265//736 1266//737 1314//785
f 1265//736 1314//785 1313//784
f 1266//737 1267//738 1315//786
f 1266//737 1315//786 1314//785
f 1267//738 1268//739 1316//787
f 1267//738 1316//787 1315//786
f 1268//739 1269//740 1317//788
f 1268//739 1317//788 1316//787
f 1269//740 1270//741 1318//789
f 1269//740 1318//789 1317//788
f 1270//741 1271//742 1319//790
f 1270//741 1319//790 1318//789
f 1271//742 1272//743 1320//791
f 1271//742 1320//791 1319//790
f 1272//743 1273//744 1321//792
f 1272//743 1321//792 1320//791
f 1273//744 1274//745 1322//793
f 1273//744 1322//793 1321//792
f 1274//745 1275//746 1323//794
f 1274//745 1323//794 1322//793
f 1275//746 1276//747 1324//795
f 1275//746 1324//795 1323//794
f 1276//747 1277//748 1325//796
f 1276//747 1325//796 1324//795
f 1277//748 1278//749 1326//797
f 1277//748 1326//797 1325//796
f 1278//749 1279//750 1327//798
f 1278//749 1327//798 1326//797
f 1279//750 1280//751 1328//799
f 1279//750 1328//799 1327//798
f 1280//751 1281//752 1329//800
f 1280//751 1329//800 1328//799
f 1281//752 1282//753 1330//801
f 1281//752 1330//801 1329//800
f 1282//753 1283//754 1331//802
f 1282//753 1331//802 1330//801
f 1283//754 1284//755 1332//803
f 1283//754 1332//803 1331//802
f 1284//755 1285//756 1333//804
f 1284//755 1333//804 1332//803
f 1285//756 1286//757 1334//805
f 1285//756 1334//805 1333//804
f 1286//757 1287//758 1335//806
f 1286//757 1335//806 1334//805
f 1287//758 1288//759 1336//807
f 1287//758 1336//807 1335//806
f 1288//759 1289//760 1337//808
f 1288//759 1337//808 1336//807
f 1289//760 1290//761 1338//809
f 1289//760 1338//809 1337//808
f 1290//761 1291//762 1339//810
f 1290//761 1339//810 1338//809
f 1291//762 1292//763 1340//811
f 1291//762 1340//811 1339//810
f 1292//763 1293//764 1341//812
f 1292//763 1341//812 1340//811
f 1293//764 1294//765 1342//813
f 1293//764 1342//813 1341//812
f 1294//765 1295//766 1343//814
f 1294//765 1343//814 1342//813
f 1295//766 1296//767 1344//815
f 1295//766 1344//815 1343//814
f 1296//767 1297//768 1345//816
f 1296//767 1345//816 1344//815
f 1297//768 1298//769 1346//817
f 1297//768 1346//817 1345//816
f 1298//769 1252//723 1300//771
f 1298//769 1300//771 1346//817
f 1300//771 1299//770 1347//818
f 1300//771 1347//818 1348//819
f 1299//770 1301//772 1349//820
f 1299//770 1349//820 1347//818
f 1301//772 1302//773 1350//821
f 1301//772 1350//821 1349//820
f 1302//773 1303//774 1351//822
f 1302//773 1351//822 1350//821
f 1303//774 1304//775 1352//823
f 1303//774 1352//823 1351//822
f 1304//775 1305//776 1353//824
f 1304//775 1353//824 1352//823
f 1305//776 1306//777 1354//825
f 1305//776 1354//825 1353//824
f 1306//777 1307//778 1355//826
f 1306//777 1355//826 1354//825
f 1307//778 1308//779 1356//827
f 1307//778 1356//827 1355//826
f 1308//779 1309//780 1357//828
f 1308//779 1357//828 1356//827
f 1309//780 1310//781 1358//829
f 1309//780 1358//829 1357//828
f 1310//781 1311//782 1359//830
f 1310//781 1359//830 1358//829
f 1311//782 1312//783 1360//831
f 1311//782 1360//831 1359//830
f 1312//783 1313//784 1361//832
f 1312//783 1361//832 1360//831
f 1313//784 1314//785 1362//833
f 1313//784 1362//833 1361//832
f 1314//785 1315//786 1363//834
f 1314//785 1363//834 1362//833
f 1315//786 1316//787 1364//835
f 1315//786 1364//835 1363//834
f 1316//787 1317//788 1365//836
f 1316//787 1365//836 1364//835
f 1317//788 1318//789 1366//837
f 1317//788 1366//837 1365//836
f 1318//789 1319//790 1367//838
f 1318//789 1367//838 1366//837
f 1319//790 1320//791 1368//839
f 1319//790 1368//839 1367//838
f 1320//791 1321//792 1369//840
f 1320//791 1369//840 1368//839
f 1321//792 1322//793 1370//841
f 1321//792 1370//841 1369//840
f 1322//793 1323//794 1371//842
f 1322//793 1371//842 1370//841
f 1323//794 1324//795 1372//843
f 1323//794 1372//843 1371//842
f 1324//795 1325//796 1373//844
f 1324//795 1373//844 1372//843
f 1325//796 1326//797 1374//845
f 1325//796 1374//845 1373//844
f 1326//797 1327//798 1375//846
f 1326//797 1375//846 1374//845
f 1327//798 1328//799 1376//847
f 1327//798 1376//847 1375//846
f 1328//799 1329//800 1377//848
f 1328//799 1377//848 1376//847
f 1329//800 1330//801 1378//849
f 1329//800 1378//849 1377//848
f 1330//801 1331//802 1379//850
f 1330//801 1379//850 1378//849
f 1331//802 1332//803 1380//851
f 1331//802 1380//851 1379//850
f 1332//803 1333//804 1381//852
f 1332//803 1381//852 1380//851
f 1333//804 1334//805 1382//853
f 1333//804 1382//853 1381//852
f 1334//805 1335//806 1383//854
f 1334//805 1383//854 1382//853
f 1335//806 1336//807 1384//855
f 1335//806 1384//855 1383//854
f 1336//807 1337//808 1385//856
f 1336//807 1385//856 1384//855
f 1337//808 1338//809 1386//857
f 1337//808 1386//857 1385//856
f 1338//809 1339//810 1387//858
f 1338//809 1387//858 1386//857
f 1339//810 1340//811 1388//859
f 1339//810 1388//859 1387//858
f 1340//811 1341//812 1389//860
f 1340//811 1389//860 1388//859
f 1341//812 1342//813 1390//861
f 1341//812 1390//861 1389//860
f 1342//813 1343//814 1391//862
f 1342//813 1391//862 1390//861
f 1343//814 1344//815 1392//863
f 1343//814 1392//863 1391//862
f 1344//815 1345//816 1393//864
f 1344//815 1393//864 1392//863
f 1345//816 1346//817 1394//865
f 1345//816 1394//865 1393//864
f 1346//817 1300//771 1348//819
f 1346//817 1348//819 1394//865
f 1348//819 1347//818 1395//866
f 1348//819 1395//866 1396//867
f 1347//818 1349//820 1397//868
f 1347//818 1397//868 1395//866
f 1349//820 1350//821 1398//869
f 1349//820 1398//869 1397//868
f 1350//821 1351//822 1399//870
f 1350//821 1399//870 1398//869
f 1351//822 1352//823 1400//871
f 1351//822 1400//871 1399//870
f 1352//823 1353//824 1401//872
f 1352//823 1401//872 1400//871
f 1353//824 1354//825 1402//873
f 1353//824 1402//873 1401//872
f 1354//825 1355//826 1403//874
f 1354//825 1403//874 1402//873
f 1355//826 1356//827 1404//875
f 1355//826 1404//875 1403//874
f 1356//827 1357//828 1405//876
f 1356//827 1405//876 1404//875
f 1357//828 1358//829 1406//877
f 1357//828 1406//877 1405//876
f 1358//829 1359//830 1407//878
f 1358//829 1407//878 1406//877
f 1359//830 1360//831 1408//879
f 1359//830 1408//879 1407//878
f 1360//831 1361//832 1409//880
f 1360//831 1409//880 1408//879
f 1361//832 1362//833 1410//881
f 1361//832 1410//881 1409//880
f 1362//833 1363//834 1411//882
f 1362//833 1411//882 1410//881
f 1363//834 1364//835 1412//883
f 1363//834 1412//883 1411//882
f 1364//835 1365//836 1413//884
f 1364//835 1413//884 1412//883
f 1365//836 1366//837 1414//885
f 1365//836 1414//885 1413//884
f 1366//837 1367//838 1415//886
f 1366//837 1415//886 1414//885
f 1367//838 1368//839 1416//887
f 1367//838 1416//887 1415//886
f 1368//839 1369//840 1417//888
f 1368//839 1417//888 1416//887
f 1369//840 1370//841 1418//889
f 1369//840 1418//889 1417//888
f 1370//841 1371//842 1419//890
f 1370//841 1419//890 1418//889
f 1371//842 1372//843 1420//891
f 1371//842 1420//891 1419//890
f 1372//843 1373//844 1421//892
f 1372//843 1421//892 1420//891
f 1373//844 1374//845 1422//893
f 1373//844 1422//893 1421//892
f 1374//845 1375//846 1423//894
f 1374//845 1423//894 1422//893
f 1375//846 1376//847 1424//895
f 1375//846 1424//895 1423//894
f 1376//847 1377//848 1425//896
f 1376//847 1425//896 1424//895
f 1377//848 1378//849 1426//897
f 1377//848 1426//897 1425//896
f 1378//849 1379//850 1427//898
f 1378//849 1427//898 1426//897
f 1379//850 1380//851 1428//899
f 1379//850 1428//899 1427//898
f 1380//851 1381//852 1429//900
f 1380//851 1429//900 1428//899
f 1381//852 1382//853 1430//901
f 1381//852 1430//901 1429//900
f 1382//853 1383//854 1431//902
f 1382//853 1431//902 1430//901
f 1383//854 1384//855 1432//903
f 1383//854 1432//903 1431//902
f 1384//855 1385//856 1433//904
f 1384//855 1433//904 1432//903
f 1385//856 1386//857 1434//905
f 1385//856 1434//905 1433//904
f 1386//857 1387//858 1435//906
f 1386//857 1435//906 1434//905
f 1387//858 1388//859 1436//907
f 1387//858 1436//907 1435//906
f 1388//859 1389//860 1437//908
f 1388//859 1437//908 1436//907
f 1389//860 1390//861 1438//909
f 1389//860 1438//909 1437//908
f 1390//861 1391//862 1439//910
f 1390//861 1439//910 1438//909
f 1391//862 1392//863 1440//911
f 1391//862 1440//911 1439//910
f 1392//863 1393//864 1441//912
f 1392//863 1441//912 1440//911
f 1393//864 1394//865 1442//913
f 1393//864 1442//913 1441//912
f 1394//865 1348//819 1396//867
f 1394//865 1396//867 1442//913
f 1396//867 1395//866 1443//914
f 1396//867 1443//914 1444//915
f 1395//866 1397//868 1445//916
f 1395//866 1445//916 1443//914
f 1397//868 1398//869 1446//917
f 1397//868 1446//917 1445//916
f 1398//869 1399//870 1447//918
f 1398//869 1447//918 1446//917
f 1399//870 1400//871 1448//919
f 1399//870 1448//919 1447//918
f 1400//871 1401//872 1449//920
f 1400//871 1449//920 1448//919
f 1401//872 1402//873 1450//921
f 1401//872 1450//921 1449//920
f 1402//873 1403//874 1451//922
f 1402//873 1451//922 1450//921
f 1403//874 1404//875 1452//923
f 1403//874 1452//923 1451//922
f 1404//875 1405//876 1453//924
f 1404//875 1453//924 1452//923
f 1405//876 1406//877 1454//925
f 1405//876 1454//925 1453//924
f 1406//877 1407//878 1455//926
f 1406//877 1455//926 1454//925
f 1407//878 1408//879 1456//927
f 1407//878 1456//927 1455//926
f 1408//879 1409//880 1457//928
f 1408//879 1457//928 1456//927
f 1409//880 1410//881 1458//929
f 1409//880 1458//929 1457//928
f 1410//881 1411//882 1459//930
f 1410//881 1459//930 1458//929
f 1411//882 1412//883 1460//931
f 1411//882 1460//931 1459//930
f 1412//883 1413//884 1461//932
f 1412//883 1461//932 1460//931
f 1413//884 1414//885 1462//933
f 1413//884 1462//933 1461//932
f 1414//885 1415//886 1463//934
f 1414//885 1463//934 1462//933
f 1415//886 1416//887 1464//935
f 1415//886 1464//935 1463//934
f 1416//887 1417//888 1465//936
f 1416//887 1465//936 1464//935
f 1417//888 1418//889 1466//937
f 1417//888 1466//937 1465//936
f 1418//889 1419//890 1467//938
f 1418//889 1467//938 1466//937
f 1419//890 1420//891 1468//939
f 1419//890 1468//939 1467//938
f 1420//891 1421//892 1469//940
f 1420//891 1469//940 1468//939
f 1421//892 1422//893 1470//941
f 1421//892 1470//941 1469//940
f 1422//893 1423//894 1471//942
f 1422//893 1471//942 1470//941
f 1423//894 1424//895 1472//943
f 1423//894 1472//943 1471//942
f 1424//895 1425//896 1473//944
f 1424//895 1473//944 1472//943
f 1425//896 1426//897 1474//945
f 1425//896 1474//945 1473//944
f 1426//897 1427//898 1475//946
f 1426//897 1475//946 1474//945
f 1427//898 1428//899 1476//947
f 1427//898 1476//947 1475//946
f 1428//899 1429//900 1477//948
f 1428//899 1477//948 1476//947
f 1429//900 1430//901 1478//949
f 1429//900 1478//949 1477//948
f 1430//901 1431//902 1479//950
f 1430//901 1479//950 1478//949
f 1431//902 1432//903 1480//951
f 1431//902 1480//951 1479//950
f 1432//903 1433//904 1481//952
f 1432//903 1481//952 1480//951
f 1433//904 1434//905 1482//953
f 1433//904 1482//953 1481//952
f 1434//905 1435//906 1483//954
f 1434//905 1483//954 1482//953
f 1435//906 1436//907 1484//955
f 1435//906 1484//955 1483//954
f 1436//907 1437//908 1485//956
f 1436//907 1485//956 1484//955
f 1437//908 1438//909 1486//957
f 1437//908 1486//957 1485//956
f 1438//909 1439//910 1487//958
f 1438//909 1487//958 1486//957
f 1439//910 1440//911 1488//959
f 1439//910 1488//959 1487//958
f 1440//911 1441//912 1489//960
f 1440//911 1489//960 1488//959
f 1441//912 1442//913 1490//961
f 1441//912 1490//961 1489//960
f 1442//913 1396//867 1444//915
f 1442//913 1444//915 1490//961
f 1444//915 1443//914 1491//962
f 1444//915 1491//962 1492//963
f 1443//914 1445//916 1493//964
f 1443//914 1493//964 1491//962
f 1445//916 1446//917 1494//965
f 1445//916 1494//965 1493//964
f 1446//917 1447//918 1495//966
f 1446//917 1495//966 1494//965
f 1447//918 1448//919 1496//967
f 1447//918 1496//967 1495//966
f 1448//919 1449//920 1497//968
f 1448//919 1497//968 1496//967
f 1449//920 1450//921 1498//969
f 1449//920 1498//969 1497//968
f 1450//921 1451//922 1499//970
f 1450//921 1499//970 1498//969
f 1451//922 1452//923 1500//971
f 1451//922 1500//971 1499//970
f 1452//923 1453//924 1501//972
f 1452//923 1501//972 1500//971
f 1453//924 1454//925 1502//973
f 1453//924 1502//973 1501//972
f 1454//925 1455//926 1503//974
f 1454//925 1503//974 1502//973
f 1455//926 1456//927 1504//975
f 1455//926 1504//975 1503//974
f 1456//927 1457//928 1505//976
f 1456//927 1505//976 1504//975
f 1457//928 1458//929 1506//977
f 1457//928 1506//977 1505//976
f 1458//929 1459//930 1507//978
f 1458//929 1507//978 1506//977
f 1459//930 1460//931 1508//979
f 1459//930 1508//979 1507//978
f 1460//931 1461//932 1509//980
f 1460//931 1509//980 1508//979
f 1461//932 1462//933 1510//981
f 1461//932 1510//981 1509//980
f 1462//933 1463//934 1511//982
f 1462//933 1511//982 1510//981
f 1463//934 1464//935 1512//983
f 1463//934 1512//983 1511//982
f 1464//935 1465//936 1513//984
f 1464//935 1513//984 1512//983
f 1465//936 1466//937 1514//985
f 1465//936 1514//985 1513//984
f 1466//937 1467//938 1515//986
f 1466//937 1515//986 1514//985
f 1467//938 1468//939 1516//987
f 1467//938 1516//987 1515//986
f 1468//939 1469//940 1517//988
f 1468//939 1517//988 1516//987
f 1469//940 1470//941 1518//989
f 1469//940 1518//989 1517//988
f 1470//941 1471//942 1519//990
f 1470//941 1519//990 1518//989
f 1471//942 1472//943 1520//991
f 1471//942 1520//991 1519//990
f 1472//943 1473//944 1521//992
f 1472//943 1521//992 1520//991
f 1473//944 1474//945 1522//993
f 1473//944 1522//993 1521//992
f 1474//945 1475//946 1523//994
f 1474//945 1523//994 1522//993
f 1475//946 1476//947 1524//995
f 1475//946 1524//995 1523//994
f 1476//947 1477//948 1525//996
f 1476//947 1525//996 1524//995
f 1477//948 1478//949 1526//997
f 1477//948 1526//997 1525//996
f 1478//949 1479//950 1527//998
f 1478//949 1527//998 1526//997
f 1479//950 1480//951 1528//999
f 1479//950 1528//999 1527//998
f 1480//951 1481//952 1529//1000
f 1480//951 1529//1000 1528//999
f 1481//952 1482//953 1530//1001
f 1481//952 1530//1001 1529//1000
f 1482//953 1483//954 1531//1002
f 1482//953 1531//1002 1530//1001
f 1483//954 1484//955 1532//1003
f 1483//954 1532//1003 1531//1002
f 1484//955 1485//956 1533//1004
f 1484//955 1533//1004 1532//1003
f 1485//956 1486//957 1534//1005
f 1485//956 1534//1005 1533//1004
f 1486//957 1487//958 1535//1006
f 1486//957 1535//1006 1534//1005
f 1487//958 1488//959 1536//1007
f 1487//958 1536//1007 1535//1006
f 1488//959 1489//960 1537//1008
f 1488//959 1537//1008 1536//1007
f 1489//960 1490//961 1538//1009
f 1489//960 1538//1009 1537//1008
f 1490//961 1444//915 1492//963
f 1490//961 1492//963 1538//1009
f 1492//963 1491//962 1539//1010
f 1492//963 1539//1010 1540//1011
f 1491//962 1493//964 1541//1012
f 1491//962 1541//1012 1539//1010
f 1493//964 1494//965 1542//1013
f 1493//964 1542//1013 1541//1012
f 1494//965 1495//966 1543//1014
f 1494//965 1543//1014 1542//1013
f 1495//966 1496//967 1544//1015
f 1495//966 1544//1015 1543//1014
f 1496//967 1497//968 1545//1016
f 1496//967 1545//1016 1544//1015
f 1497//968 1498//969 1546//1017
f 1497//968 1546//1017 1545//1016
f 1498//969 1499//970 1547//1018
f 1498//969 1547//1018 1546//1017
f 1499//970 1500//971 1548//1019
f 1499//970 1548//1019 1547//1018
f 1500//971 1501//972 1549//1020
f 1500//971 1549//1020 1548//1019
f 1501//972 1502//973 1550//1021
f 1501//972 1550//1021 1549//1020
f 1502//973 1503//974 1551//1022
f 1502//973 1551//1022 1550//1021
f 1503//974 1504//975 1552//1023
f 1503//974 1552//1023 1551//1022
f 1504//975 1505//976 1553//1024
f 1504//975 1553//1024 1552//1023
f 1505//976 1506//977 1554//1025
f 1505//976 1554//1025 1553//1024
f 1506//977 1507//978 1555//1026
f 1506//977 1555//1026 1554//1025
f 1507//978 1508//979 1556//1027
f 1507//978 1556//1027 1555//1026
f 1508//979 1509//980 1557//1028
f 1508//979 1557//1028 1556//1027
f 1509//980 1510//981 1558//1029
f 1509//980 1558//1029 1557//1028
f 1510//981 1511//982 1559//1030
f 1510//981 1559//1030 1558//1029
f 1511//982 1512//983 1560//1031
f 1511//982 1560//1031 1559//1030
f 1512//983 1513//984 1561//1032
f 1512//983 1561//1032 1560//1031
f 1513//984 1514//985 1562//1033
f 1513//984 1562//1033 1561//1032
f 1514//985 1515//986 1563//1034
f 1514//985 1563//1034 1562//1033
f 1515//986 1516//987 1564//1035
f 1515//986 1564//1035 1563//1034
f 1516//987 1517//988 1565//1036
f 1516//987 1565//1036 1564//1035
f 1517//988 1518//989 1566//1037
f 1517//988 1566//1037 1565//1036
f 1518//989 1519//990 1567//1038
f 1518//989 1567//1038 1566//1037
f 1519//990 1520//991 1568//1039
f 1519//990 1568//1039 1567//1038
f 1520//991 1521//992 1569//1040
f 1520//991 1569//1040 1568//1039
f 1521//992 1522//993 1570//1041
f 1521//992 1570//1041 1569//1040
f 1522//993 1523//994 1571//1042
f 1522//993 1571//1042 1570//1041
f 1523//994 1524//995 1572//1043
f 1523//994 1572//1043 1571//1042
f 1524//995 1525//996 1573//1044
f 1524//995 1573//1044 1572//1043
f 1525//996 1526//997 1574//1045
f 1525//996 1574//1045 1573//1044
f 1526//997 1527//998 1575//1046
f 1526//997 1575//1046 1574//1045
f 1527//998 1528//999 1576//1047
f 1527//998 1576//1047 1575//1046
f 1528//999 1529//1000 1577//1048
f 1528//999 1577//1048 1576//1047
f 1529//1000 1530//1001 1578//1049
f 1529//1000 1578//1049 1577//1048
f 1530//1001 1531//1002 1579//1050
f 1530//1001 1579//1050 1578//1049
f 1531//1002 1532//1003 1580//1051
f 1531//1002 1580//1051 1579//1050
f 1532//1003 1533//1004 1581//1052
f 1532//1003 1581//1052 1580//1051
f 1533//1004 1534//1005 1582//1053
f 1533//1004 1582//1053 1581//1052
f 1534//1005 1535//1006 1583//1054
f 1534//1005 1583//1054 1582//1053
f 1535//1006 1536//1007 1584//1055
f 1535//1006 1584//1055 1583//1054
f 1536//1007 1537//1008 1585//1056
f 1536//1007 1585//1056 1584//1055
f 1537//1008 1538//1009 1586//1057
f 1537//1008 1586//1057 1585//1056
f 1538//1009 1492//963 1540//1011
f 1538//1009 1540//1011 1586//1057
f 1540//1011 1539//1010 1587//1058
f 1540//1011 1587//1058 1588//1059
f 1539//1010 1541//1012 1589//1060
f 1539//1010 1589//1060 1587//1058
f 1541//1012 1542//1013 1590//1061
f 1541//1012 1590//1061 1589//1060
f 1542//1013 1543//1014 1591//1062
f 1542//1013 1591//1062 1590//1061
f 1543//1014 1544//1015 1592//1063
f 1543//1014 1592//1063 1591//1062
f 1544//1015 1545//1016 1593//1064
f 1544//1015 1593//1064 1592//1063
f 1545//1016 1546//1017 1594//1065
f 1545//1016 1594//1065 1593//1064
f 1546//1017 1547//1018 1595//1066
f 1546//1017 1595//1066 1594//1065
f 1547//1018 1548//1019 1596//1067
f 1547//1018 1596//1067 1595//1066
f 1548//1019 1549//1020 1597//1068
f 1548//1019 1597//1068 1596//1067
f 1549//1020 1550//1021 1598//1069
f 1549//1020 1598//1069 1597//1068
f 1550//1021 1551//1022 1599//1070
f 1550//1021 1599//1070 1598//1069
f 1551//1022 1552//1023 1600//1071
f 1551//1022 1600//1071 1599//1070
f 1552//1023 1553//1024 1601//1072
f 1552//1023 1601//1072 1600//1071
f 1553//1024 1554//1025 1602//1073
f 1553//1024 1602//1073 1601//1072
f 1554//1025 1555//1026 1603//1074
f 1554//1025 1603//1074 1602//1073
f 1555//1026 1556//1027 1604//1075
f 1555//1026 1604//1075 1603//1074
f 1556//1027 1557//1028 1605//1076
f 1556//1027 1605//1076 1604//1075
f 1557//1028 1558//1029 1606//1077
f 1557//1028 1606//1077 1605//1076
f 1558//1029 1559//1030 1607//1078
f 1558//1029 1607//1078 1606//1077
f 1559//1030 1560//1031 1608//1079
f 1559//1030 1608//1079 1607//1078
f 1560//1031 1561//1032 1609//1080
f 1560//1031 1609//1080 1608//1079
f 1561//1032 1562//1033 1610//1081
f 1561//1032 1610//1081 1609//1080
f 1562//1033 1563//1034 1611//1082
f 1562//1033 1611//1082 1610//1081
f 1563//1034 1564//1035 1612//1083
f 1563//1034 1612//1083 1611//1082
f 1564//1035 1565//1036 1613//1084
f 1564//1035 1613//1084 1612//1083
f 1565//1036 1566//1037 1614//1085
f 1565//1036 1614//1085 1613//1084
f 1566//1037 1567//1038 1615//1086
f 1566//1037 1615//1086 1614//1085
f 1567//1038 1568//1039 1616//1087
f 1567//1038 1616//1087 1615//1086
f 1568//1039 1569//1040 1617//1088
f 1568//1039 1617//1088 1616//1087
f 1569//1040 1570//1041 1618//1089
f 1569//1040 1618//1089 1617//1088
f 1570//1041 1571//1042 1619//1090
f 1570//1041 1619//1090 1618//1089
f 1571//1042 1572//1043 1620//1091
f 1571//1042 1620//1091 1619//1090
f 1572//1043 1573//1044 1621//1092
f 1572//1043 1621//1092 1620//1091
f 1573//1044 1574//1045 1622//1093
f 1573//1044 1622//1093 1621//1092
f 1574//1045 1575//1046 1623//1094
f 1574//1045 1623//1094 1622//1093
f 1575//1046 1576//1047 1624//1095
f 1575//1046 1624//1095 1623//1094
f 1576//1047 1577//1048 1625//1096
f 1576//1047 1625//1096 1624//1095
f 1577//1048 1578//1049 1626//1097
f 1577//1048 1626//1097 1625//1096
f 1578//1049 1579//1050 1627//1098
f 1578//1049 1627//1098 1626//1097
f 1579//1050 1580//1051 1628//1099
f 1579//1050 1628//1099 1627//1098
f 1580//1051 1581//1052 1629//1100
f 1580//1051 1629//1100 1628//1099
f 1581//1052 1582//1053 1630//1101
f 1581//1052 1630//1101 1629//1100
f 1582//1053 1583//1054 1631//1102
f 1582//1053 1631//1102 1630//1101
f 1583//1054 1584//1055 1632//1103
f 1583//1054 1632//1103 1631//1102
f 1584//1055 1585//1056 1633//1104
f 1584//1055 1633//1104 1632//1103
f 1585//1056 1586//1057 1634//1105
f 1585//1056 1634//1105 1633//1104
f 1586//1057 1540//1011 1588//1059
f 1586//1057 1588//1059 1634//1105
f 1588//1059 1587//1058 1635//1106
f 1587//1058 1589//1060 1635//1106
f 1589//1060 1590//1061 1635//1106
f 1590//1061 1591//1062 1635//1106
f 1591//1062 1592//1063 1635//1106
f 1592//1063 1593//1064 1635//1106
f 1593//1064 1594//1065 1635//1106
f 1594//1065 1595//1066 1635//1106
f 1595//1066 1596//1067 1635//1106
f 1596//1067 1597//1068 1635//1106
f 1597//1068 1598//1069 1635//1106
f 1598//1069 1599//1070 1635//1106
f 1599//1070 1600//1071 1635//1106
f 1600//1071 1601//1072 1635//1106
f 1601//1072 1602//1073 1635//1106
f 1602//1073 1603//1074 1635//1106
f 1603//1074 1604//1075 1635//1106
f 1604//1075 1605//1076 1635//1106
f 1605//1076 1606//1077 1635//1106
f 1606//1077 1607//1078 1635//1106
f 1607//1078 1608//1079 1635//1106
f 1608//1079 1609//1080 1635//1106
f 1609//1080 1610//1081 1635//1106
f 1610//1081 1611//1082 1635//1106
f 1611//1082 1612//1083 1635//1106
f 1612//1083 1613//1084 1635//1106
f 1613//1084 1614//1085 1635//1106
f 1614//1085 1615//1086 1635//1106
f 1615//1086 1616//1087 1635//1106
f 1616//1087 1617//1088 1635//1106
f 1617//1088 1618//1089 1635//1106
f 1618//1089 1619//1090 1635//1106
f 1619//1090 1620//1091 1635//1106
f 1620//1091 1621//1092 1635//1106
f 1621//1092 1622//1093 1635//1106
f 1622//1093 1623//1094 1635//1106
f 1623//1094 1624//1095 1635//1106
f 1624//1095 1625//1096 1635//1106
f 1625//1096 1626//1097 1635//1106
f 1626//1097 1627//1098 1635//1106
f 1627//1098 1628//1099 1635//1106
f 1628//1099 1629//1100 1635//1106
f 1629//1100 1630//1101 1635//1106
f 1630//1101 1631//1102 1635//1106
f 1631//1102 1632//1103 1635//1106
f 1632//1103 1633//1104 1635//1106
f 1633//1104 1634//1105 1635//1106
f 1634//1105 1588//1059 1635//1106
usemtl ior1
f 1636//1 1637//2 1638//3
f 1636//1 1639//4 1637//2
f 1636//1 1640//5 1639//4
f 1636//1 1641//6 1640//5
f 1636//1 1642//7 1641//6
f 1636//1 1643//8 1642//7
f 1636//1 1644//9 1643//8
f 1636//1 1645//10 1644//9
f 1636//1 1646//11 1645//10
f 1636//1 1647//12 1646//11
f 1636//1 1648//13 1647//12
f 1636//1 1649//14 1648//13
f 1636//1 1650//15 1649//14
f 1636//1 1651//16 1650//15
f 1636//1 1652//17 1651//16
f 1636//1 1653//18 1652//17
f 1636//1 1654//19 1653//18
f 1636//1 1655//20 1654//19
f 1636//1 1656//21 1655//20
f 1636//1 1657//22 1656//21
f 1636//1 1658//23 1657//22
f 1636//1 1659//24 1658//23
f 1636//1 1660//25 1659//24
f 1636//1 1661//26 1660//25
f 1636//1 1662//27 1661//26
f 1636//1 1663//28 1662//27
f 1636//1 1664//29 1663//28
f 1636//1 1665//30 1664//29
f 1636//1 1666//31 1665//30
f 1636//1 1667//32 1666//31
f 1636//1 1668//33 1667//32
f 1636//1 1669//34 1668//33
f 1636//1 1670//35 1669//34
f 1636//1 1671//36 1670//35
f 1636//1 1672//37 1671//36
f 1636//1 1673//38 1672//37
f 1636//1 1674//39 1673//38
f 1636//1 1675//40 1674//39
f 1636//1 1676//41 1675//40
f 1636//1 1677//42 1676//41
f 1636//1 1678//43 1677//42
f 1636//1 1679//44 1678//43
f 1636//1 1680//45 1679//44
f 1636//1 1681//46 1680//45
f 1636//1 1682//47 1681//46
f 1636//1 1683//48 1682//47
f 1636//1 1684//49 1683//48
f 1636//1 1638//3 1684//49
f 1638//3 1637//2 1685//50
f 1638//3 1685//50 1686//51
f 1637//2 1639//4 1687//52
f 1637//2 1687//52 1685//50
f 1639//4 1640//5 1688//53
f 1639//4 1688//53 1687//52
f 1640//5 1641//6 1689//54
f 1640//5 1689//54 1688//53
f 1641//6 1642//7 1690//55
f 1641//6 1690//55 1689//54
f 1642//7 1643//8 1691//56
f 1642//7 1691//56 1690//55
f 1643//8 1644//9 1692//57
f 1643//8 1692//57 1691//56
f 1644//9 1645//10 1693//58
f 1644//9 1693//58 1692//57
f 1645//10 1646//11 1694//59
f 1645//10 1694//59 1693//58
f 1646//11 1647//12 1695//60
f 1646//11 1695//60 1694//59
f 1647//12 1648//13 1696//61
f 1647//12 1696//61 1695//60
f 1648//13 1649//14 1697//62
f 1648//13 1697//62 1696//61
f 1649//14 1650//15 1698//63
f 1649//14 1698//63 1697//62
f 1650//15 1651//16 1699//64
f 1650//15 1699//64 1698//63
f 1651//16 1652//17 1700//65
f 1651//16 1700//65 1699//64
f 1652//17 1653//18 1701//66
f 1652//17 1701//66 1700//65
f 1653//18 1654//19 1702//67
f 1653//18 1702//67 1701//66
f 1654//19 1655//20 1703//68
f 1654//19 1703//68 1702//67
f 1655//20 1656//21 1704//69
f 1655//20 1704//69 1703//68
f 1656//21 1657//22 1705//70
f 1656//21 1705//70 1704//69
f 1657//22 1658//23 1706//71
f 1657//22 1706//71 1705//70
f 1658//23 1659//24 1707//72
f 1658//23 1707//72 1706//71
f 1659//24 1660//25 1708//73
f 1659//24 1708//73 1707//72
f 1660//25 1661//26 1709//74
f 1660//25 1709//74 1708//73
f 1661//26 1662//27 1710//75
f 1661//26 1710//75 1709//74
f 1662//27 1663//28 1711//76
f 1662//27 1711//76 1710//75
f 1663//28 1664//29 1712//77
f 1663//28 1712//77 1711//76
f 1664//29 1665//30 1713//78
f 1664//29 1713//78 1712//77
f 1665//30 1666//31 1714//79
f 1665//30 1714//79 1713//78
f 1666//31 1667//32 1715//80
f 1666//31 1715//80 1714//79
f 1667//32 1668//33 1716//81
f 1667//32 1716//81 1715//80
f 1668//33 1669//34 1717//82
f 1668//33 1717//82 1716//81
f 1669//34 1670//35 1718//83
f 1669//34 1718//83 1717//82
f 1670//35 1671//36 1719//84
f 1670//35 1719//84 1718//83
f 1671//36 1672//37 1720//85
f 1671//36 1720//85 1719//84
f 1672//37 1673//38 1721//86
f 1672//37 1721//86 1720//85
f 1673//38 1674//39 1722//87
f 1673//38 1722//87 1721//86
f 1674//39 1675//40 1723//88
f 1674//39 1723//88 1722//87
f 1675//40 1676//41 1724//89
f 1675//40 1724//89 1723//88
f 1676//41 1677//42 1725//90
f 1676//41 1725//90 1724//89
f 1677//42 1678//43 1726//91
f 1677//42 1726//91 1725//90
f 1678//43 1679//44 1727//92
f 1678//43 1727//92 1726//91
f 1679//44 1680//45 1728//93
f 1679//44 1728//93 1727//92
f 1680//45 1681//46 1729//94
f 1680//45 1729//94 1728//93
f 1681//46 1682//47 1730//95
f 1681//46 1730//95 1729//94
f 1682//47 1683//48 1731//96
f 1682//47 1731//96 1730//95
f 1683//48 1684//49 1732//97
f 1683//48 1732//97 1731//96
f 1684//49 1638//3 1686//51
f 1684//49 1686//51 1732//97
f 1686//51 1685//50 1733//98
f 1686//51 1733//98 1734//99
f 1685//50 1687//52 1735//100
f 1685//50 1735//100 1733//98
f 1687//52 1688//53 1736//101
f 1687//52 1736//101 1735//100
f 1688//53 1689//54 1737//102
f 1688//53 1737//102 1736//101
f 1689//54 1690//55 1738//103
f 1689//54 1738//103 1737//102
f 1690//55 1691//56 1739//104
f 1690//55 1739//104 1738//103
f 1691//56 1692//57 1740//105
f 1691//56 1740//105 1739//104
f 1692//57 1693//58 1741//106
f 1692//57 1741//106 1740//105
f 1693//58 1694//59 1742//107
f 1693//58 1742//107 1741//106
f 1694//59 1695//60 1743//108
f 1694//59 1743//108 1742//107
f 1695//60 1696//61 1744//109
f 1695//60 1744//109 1743//108
f 1696//61 1697//62 1745//110
f 1696//61 1745//110 1744//109
f 1697//62 1698//63 1746//111
f 1697//62 1746//111 1745//110
f 1698//63 1699//64 1747//112
f 1698//63 1747//112 1746//111
f 1699//64 1700//65 1748//113
f 1699//64 1748//113 1747//112
f 1700//65 1701//66 1749//114
f 1700//65 1749//114 1748//113
f 1701//66 1702//67 1750//115
f 1701//66 1750//115 1749//114
f 1702//67 1703//68 1751//116
f 1702//67 1751//116 1750//115
f 1703//68 1704//69 1752//117
f 1703//68 1752//117 1751//116
f 1704//69 1705//70 1753//118
f 1704//69 1753//118 1752//117
f 1705//70 1706//71 1754//119
f 1705//70 1754//119 1753//118
f 1706//71 1707//72 1755//120
f 1706//71 1755//120 1754//119
f 1707//72 1708//73 1756//121
f 1707//72 1756//121 1755//120
f 1708//73 1709//74 1757//122
f 1708//73 1757//122 1756//121
f 1709//74 1710//75 1758//123
f 1709//74 1758//123 1757//122
f 1710//75 1711//76 1759//124
f 1710//75 1759//124 1758//123
f 1711//76 1712//77 1760//125
f 1711//76 1760//125 1759//124
f 1712//77 1713//78 1761//126
f 1712//77 1761//126 1760//125
f 1713//78 1714//79 1762//127
f 1713//78 1762//127 1761//126
f 1714//79 1715//80 1763//128
f 1714//79 1763//128 1762//127
f 1715//80 1716//81 1764//129
f 1715//80 1764//129 1763//128
f 1716//81 1717//82 1765//130
f 1716//81 1765//130 1764//129
f 1717//82 1718//83 1766//131
f 1717//82 1766//131 1765//130
f 1718//83 1719//84 1767//132
f 1718//83 1767//132 1766//131
f 1719//84 1720//85 1768//133
f 1719//84 1768//133 1767//132
f 1720//85 1721//86 1769//134
f 1720//85 1769//134 1768//133
f 1721//86 1722//87 1770//135
f 1721//86 1770//135 1769//134
f 1722//87 1723//88 1771//136
f 1722//87 1771//136 1770//135
f 1723//88 1724//89 1772//137
f 1723//88 1772//137 1771//136
f 1724//89 1725//90 1773//138
f 1724//89 1773//138 1772//137
f 1725//90 1726//91 1774//139
f 1725//90 1774//139 1773//138
f 1726//91 1727//92 1775//140
f 1726//91 1775//140 1774//139
f 1727//92 1728//93 1776//141
f 1727//92 1776//141 1775//140
f 1728//93 1729//94 1777//142
f 1728//93 1777//142 1776//141
f 1729//94 1730//95 1778//143
f 1729//94 1778//143 1777//142
f 1730//95 1731//96 1779//144
f 1730//95 1779//144 1778//143
f 1731//96 1732//97 1780//145
f 1731//96 1780//145 1779//144
f 1732//97 1686//51 1734//99
f 1732//97 1734//99 1780//145
f 1734//99 1733//98 1781//146
f 1734//99 1781//146 1782//147
f 1733//98 1735//100 1783//148
f 1733//98 1783//148 1781//146
f 1735//100 1736//101 1784//149
f 1735//100 1784//149 1783//148
f 1736//101 1737//102 1785//150
f 1736//101 1785//150 1784//149
f 1737//102 1738//103 1786//151
f 1737//102 1786//151 1785//150
f 1738//103 1739//104 1787//152
f 1738//103 1787//152 1786//151
f 1739//104 1740//105 1788//153
f 1739//104 1788//153 1787//152
f 1740//105 1741//106 1789//154
f 1740//105 1789//154 1788//153
f 1741//106 1742//107 1790//155
f 1741//106 1790//155 1789//154
f 1742//107 1743//108 1791//156
f 1742//107 1791//156 1790//155
f 1743//108 1744//109 1792//157
f 1743//108 1792//157 1791//156
f 1744//109 1745//110 1793//158
f 1744//109 1793//158 1792//157
f 1745//110 1746//111 1794//159
f 1745//110 1794//159 1793//158
f 1746//111 1747//112 1795//160
f 1746//111 1795//160 1794//159
f 1747//112 1748//113 1796//161
f 1747//112 1796//161 1795//160
f 1748//113 1749//114 1797//162
f 1748//113 1797//162 1796//161
f 1749//114 1750//115 1798//163
f 1749//114 1798//163 1797//162
f 1750//115 1751//116 1799//164
f 1750//115 1799//164 1798//163
f 1751//116 1752//117 1800//165
f 1751//116 1800//165 1799//164
f 1752//117 1753//118 1801//166
f 1752//117 1801//166 1800//165
f 1753//118 1754//119 1802//167
f 1753//118 1802//167 1801//166
f 1754//119 1755//120 1803//168
f 1754//119 1803//168 1802//167
f 1755//120 1756//121 1804//169
f 1755//120 1804//169 1803//168
f 1756//121 1757//122 1805//170
f 1756//121 1805//170 1804//169
f 1757//122 1758//123 1806//171
f 1757//122 1806//171 1805//170
f 1758//123 1759//124 1807//172
f 1758//123 1807//172 1806//171
f 1759//124 1760//125 1808//173
f 1759//124 1808//173 1807//172
f 1760//125 1761//126 1809//174
f 1760//125 1809//174 1808//173
f 1761//126 1762//127 1810//175
f 1761//126 1810//175 1809//174
f 1762//127 1763//128 1811//176
f 1762//127 1811//176 1810//175
f 1763//128 1764//129 1812//177
f 1763//128 1812//177 1811//176
f 1764//129 1765//130 1813//178
f 1764//129 1813//178 1812//177
f 1765//130 1766//131 1814//179
f 1765//130 1814//179 1813//178
f 1766//131 1767//132 1815//180
f 1766//131 1815//180 1814//179
f 1767//132 1768//133 1816//181
f 1767//132 1816//181 1815//180
f 1768//133 1769//134 1817//182
f 1768//133 1817//182 1816//181
f 1769//134 1770//135 1818//183
f 1769//134 1818//183 1817//182
f 1770//135 1771//136 1819//184
f 1770//135 1819//184 1818//183
f 1771//136 1772//137 1820//185
f 1771//136 1820//185 1819//184
f 1772//137 1773//138 1821//186
f 1772//137 1821//186 1820//185
f 1773//138 1774//139 1822//187
f 1773//138 1822//187 1821//186
f 1774//139 1775//140 1823//188
f 1774//139 1823//188 1822//187
f 1775//140 1776//141 1824//189
f 1775//140 1824//189 1823//188
f 1776//141 1777//142 1825//190
f 1776//141 1825//190 1824//189
f 1777//142 1778//143 1826//191
f 1777//142 1826//191 1825//190
f 1778//143 1779//144 1827//192
f 1778//143 1827//192 1826//191
f 1779//144 1780//145 1828//193
f 1779//144 1828//193 1827//192
f 1780//145 1734//99 1782//147
f 1780//145 1782//147 1828//193
f 1782//147 1781//146 1829//194
f 1782//147 1829//194 1830//195
f 1781//146 1783//148 1831//196
f 1781//146 1831//196 1829//194
f 1783//148 1784//149 1832//197
f 1783//148 1832//197 1831//196
f 1784//149 1785//150 1833//198
f 1784//149 1833//198 1832//197
f 1785//150 1786//151 1834//199
f 1785//150 1834//199 1833//198
f 1786//151 1787//152 1835//200
f 1786//151 1835//200 1834//199
f 1787//152 1788//153 1836//201
f 1787//152 1836//201 1835//200
f 1788//153 1789//154 1837//202
f 1788//153 1837//202 1836//201
f 1789//154 1790//155 1838//203
f 1789//154 1838//203 1837//202
f 1790//155 1791//156 1839//204
f 1790//155 1839//204 1838//203
f 1791//156 1792//157 1840//205
f 1791//156 1840//205 1839//204
f 1792//157 1793//158 1841//206
f 1792//157 1841//206 1840//205
f 1793//158 1794//159 1842//207
f 1793//158 1842//207 1841//206
f 1794//159 1795//160 1843//208
f 1794//159 1843//208 1842//207
f 1795//160 1796//161 1844//209
f 1795//160 1844//209 1843//208
f 1796//161 1797//162 1845//210
f 1796//161 1845//210 1844//209
f 1797//162 1798//163 1846//211
f 1797//162 1846//211 1845//210
f 1798//163 1799//164 1847//212
f 1798//163 1847//212 1846//211
f 1799//164 1800//165 1848//213
f 1799//164 1848//213 1847//212
f 1800//165 1801//166 1849//214
f 1800//165 1849//214 1848//213
f 1801//166 1802//167 1850//215
f 1801//166 1850//215 1849//214
f 1802//167 1803//168 1851//216
f 1802//167 1851//216 1850//215
f 1803//168 1804//169 1852//217
f 1803//168 1852//217 1851//216
f 1804//169 1805//170 1853//218
f 1804//169 1853//218 1852//217
f 1805//170 1806//171 1854//219
f 1805//170 1854//219 1853//218
f 1806//171 1807//172 1855//220
f 1806//171 1855//220 1854//219
f 1807//172 1808//173 1856//221
f 1807//172 1856//221 1855//220
f 1808//173 1809//174 1857//222
f 1808//173 1857//222 1856//221
f 1809//174 1810//175 1858//223
f 1809//174 1858//223 1857//222
f 1810//175 1811//176 1859//224
f 1810//175 1859//224 1858//223
f 1811//176 1812//177 1860//225
f 1811//176 1860//225 1859//224
f 1812//177 1813//178 1861//226
f 1812//177 1861//226 1860//225
f 1813//178 1814//179 1862//227
f 1813//178 1862//227 1861//226
f 1814//179 1815//180 1863//228
f 1814//179 1863//228 1862//227
f 1815//180 1816//181 1864//229
f 1815//180 1864//229 1863//228
f 1816//181 1817//182 1865//230
f 1816//181 1865//230 1864//229
f 1817//182 1818//183 1866//231
f 1817//182 1866//231 1865//230
f 1818//183 1819//184 1867//232
f 1818//183 1867//232 1866//231
f 1819//184 1820//185 1868//233
f 1819//184 1868//233 1867//232
f 1820//185 1821//186 1869//234
f 1820//185 1869//234 1868//233
f 1821//186 1822//187 1870//235
f 1821//186 1870//235 1869//234
f 1822//187 1823//188 1871//236
f 1822//187 1871//236 1870//235
f 1823//188 1824//189 1872//237
f 1823//188 1872//237 1871//236
f 1824//189 1825//190 1873//238
f 1824//189 1873//238 1872//237
f 1825//190 1826//191 1874//239
f 1825//190 1874//239 1873//238
f 1826//191 1827//192 1875//240
f 1826//191 1875//240 1874//239
f 1827//192 1828//193 1876//241
f 1827//192 1876//241 1875//240
f 1828//193 1782//147 1830//195
f 1828//193 1830//195 1876//241
f 1830//195 1829//194 1877//242
f 1830//195 1877//242 1878//243
f 1829//194 1831//196 1879//244
f 1829//194 1879//244 1877//242
f 1831//196 1832//197 1880//245
f 1831//196 1880//245 1879//244
f 1832//197 1833//198 1881//246
f 1832//197 1881//246 1880//245
f 1833//198 1834//199 1882//247
f 1833//198 1882//247 1881//246
f 1834//199 1835//200 1883//248
f 1834//199 1883//248 1882//247
f 1835//200 1836//201 1884//249
f 1835//200 1884//249 1883//248
f 1836//201 1837//202 1885//250
f 1836//201 1885//250 1884//249
f 1837//202 1838//203 1886//251
f 1837//202 1886//251 1885//250
f 1838//203 1839//204 1887//252
f 1838//203 1887//252 1886//251
f 1839//204 1840//205 1888//253
f 1839//204 1888//253 1887//252
f 1840//205 1841//206 1889//254
f 1840//205 1889//254 1888//253
f 1841//206 1842//207 1890//255
f 1841//206 1890//255 1889//254
f 1842//207 1843//208 1891//256
f 1842//207 1891//256 1890//255
f 1843//208 1844//209 1892//257
f 1843//208 1892//257 1891//256
f 1844//209 1845//210 1893//258
f 1844//209 1893//258 1892//257
f 1845//210 1846//211 1894//259
f 1845//210 1894//259 1893//258
f 1846//211 1847//212 1895//260
f 1846//211 1895//260 1894//259
f 1847//212 1848//213 1896//261
f 1847//212 1896//261 1895//260
f 1848//213 1849//214 1897//262
f 1848//213 1897//262 1896//261
f 1849//214 1850//215 1898//263
f 1849//214 1898//263 1897//262
f 1850//215 1851//216 1899//264
f 1850//215 1899//264 1898//263
f 1851//216 1852//217 1900//265
f 1851//216 1900//265 1899//264
f 1852//217 1853//218 1901//266
f 1852//217 1901//266 1900//265
f 1853//218 1854//219 1902//267
f 1853//218 1902//267 1901//266
f 1854//219 1855//220 1903//268
f 1854//219 1903//268 1902//267
f 1855//220 1856//221 1904//269
f 1855//220 1904//269 1903//268
f 1856//221 1857//222 1905//270
f 1856//221 1905//270 1904//269
f 1857//222 1858//223 1906//271
f 1857//222 1906//271 1905//270
f 1858//223 1859//224 1907//272
f 1858//223 1907//272 1906//271
f 1859//224 1860//225 1908//273
f 1859//224 1908//273 1907//272
f 1860//225 1861//226 1909//274
f 1860//225 1909//274 1908//273
f 1861//226 1862//227 1910//275
f 1861//226 1910//275 1909//274
f 1862//227 1863//228 1911//276
f 1862//227 1911//276 1910//275
f 1863//228 1864//229 1912//277
f 1863//228 1912//277 1911//276
f 1864//229 1865//230 1913//278
f 1864//229 1913//278 1912//277
f 1865//230 1866//231 1914//279
f 1865//230 1914//279 1913//278
f 1866//231 1867//232 1915//280
f 1866//231 1915//280 1914//279
f 1867//232 1868//233 1916//281
f 1867//232 1916//281 1915//280
f 1868//233 1869//234 1917//282
f 1868//233 1917//282 1916//281
f 1869//234 1870//235 1918//283
f 1869//234 1918//283 1917//282
f 1870//235 1871//236 1919//284
f 1870//235 1919//284 1918//283
f 1871//236 1872//237 1920//285
f 1871//236 1920//285 1919//284
f 1872//237 1873//238 1921//286
f 1872//237 1921//286 1920//285
f 1873//238 1874//239 1922//287
f 1873//238 1922//287 1921//286
f 1874//239 1875//240 1923//288
f 1874//239 1923//288 1922//287
f 1875//240 1876//241 1924//289
f 1875//240 1924//289 1923//288
f 1876//241 1830//195 1878//243
f 1876//241 1878//243 1924//289
f 1878//243 1877//242 1925//290
f 1878//243 1925//290 1926//291
f 1877//242 1879//244 1927//292
f 1877//242 1927//292 1925//290
f 1879//244 1880//245 1928//293
f 1879//244 1928//293 1927//292
f 1880//245 1881//246 1929//294
f 1880//245 1929//294 1928//293
f 1881//246 1882//247 1930//295
f 1881//246 1930//295 1929//294
f 1882//247 1883//248 1931//296
f 1882//247 1931//296 1930//295
f 1883//248 1884//249 1932//297
f 1883//248 1932//297 1931//296
f 1884//249 1885//250 1933//298
f 1884//249 1933//298 1932//297
f 1885//250 1886//251 1934//299
f 1885//250 1934//299 1933//298
f 1886//251 1887//252 1935//300
f 1886//251 1935//300 1934//299
f 1887//252 1888//253 1936//301
f 1887//252 1936//301 1935//300
f 1888//253 1889//254 1937//302
f 1888//253 1937//302 1936//301
f 1889//254 1890//255 1938//303
f 1889//254 1938//303 1937//302
f 1890//255 1891//256 1939//304
f 1890//255 1939//304 1938//303
f 1891//256 1892//257 1940//305
f 1891//256 1940//305 1939//304
f 1892//257 1893//258 1941//306
f 1892//257 1941//306 1940//305
f 1893//258 1894//259 1942//307
f 1893//258 1942//307 1941//306
f 1894//259 1895//260 1943//308
f 1894//259 1943//308 1942//307
f 1895//260 1896//261 1944//309
f 1895//260 1944//309 1943//308
f 1896//261 1897//262 1945//310
f 1896//261 1945//310 1944//309
f 1897//262 1898//263 1946//311
f 1897//262 1946//311 1945//310
f 1898//263 1899//264 1947//312
f 1898//263 1947//312 1946//311
f 1899//264 1900//265 1948//313
f 1899//264 1948//313 1947//312
f 1900//265 1901//266 1949//314
f 1900//265 1949//314 1948//313
f 1901//266 1902//267 1950//315
f 1901//266 1950//315 1949//314
f 1902//267 1903//268 1951//316
f 1902//267 1951//316 1950//315
f 1903//268 1904//269 1952//317
f 1903//268 1952//317 1951//316
f 1904//269 1905//270 1953//318
f 1904//269 1953//318 1952//317
f 1905//270 1906//271 1954//319
f 1905//270 1954//319 1953//318
f 1906//271 1907//272 1955//320
f 1906//271 1955//320 1954//319
f 1907//272 1908//273 1956//321
f 1907//272 1956//321 1955//320
f 1908//273 1909//274 1957//322
f 1908//273 1957//322 1956//321
f 1909//274 1910//275 1958//323
f 1909//274 1958//323 1957//322
f 1910//275 1911//276 1959//324
f 1910//275 1959//324 1958//323
f 1911//276 1912//277 1960//325
f 1911//276 1960//325 1959//324
f 1912//277 1913//278 1961//326
f 1912//277 1961//326 1960//325
f 1913//278 1914//279 1962//327
f 1913//278 1962//327 1961//326
f 1914//279 1915//280 1963//328
f 1914//279 1963//328 1962//327
f 1915//280 1916//281 1964//329
f 1915//280 1964//329 1963//328
f 1916//281 1917//282 1965//330
f 1916//281 1965//330 1964//329
f 1917//282 1918//283 1966//331
f 1917//282 1966//331 1965//330
f 1918//283 1919//284 1967//332
f 1918//283 1967//332 1966//331
f 1919//284 1920//285 1968//333
f 1919//284 1968//333 1967//332
f 1920//285 1921//286 1969//334
f 1920//285 1969//334 1968//333
f 1921//286 1922//287 1970//335
f 1921//286 1970//335 1969//334
f 1922//287 1923//288 1971//336
f 1922//287 1971//336 1970//335
f 1923//288 1924//289 1972//337
f 1923//288 1972//337 1971//336
f 1924//289 1878//243 1926//291
f 1924//289 1926//291 1972//337
f 1926//291 1925//290 1973//338
f 1926//291 1973//338 1974//339
f 1925//290 1927//292 1975//340
f 1925//290 1975//340 1973//338
f 1927//292 1928//293 1976//341
f 1927//292 1976//341 1975//340
f 1928//293 1929//294 1977//342
f 1928//293 1977//342 1976//341
f 1929//294 1930//295 1978//343
f 1929//294 1978//343 1977//342
f 1930//295 1931//296 1979//344
f 1930//295 1979//344 1978//343
f 1931//296 1932//297 1980//345
f 1931//296 1980//345 1979//344
f 1932//297 1933//298 1981//346
f 1932//297 1981//346 1980//345
f 1933//298 1934//299 1982//347
f 1933//298 1982//347 1981//346
f 1934//299 1935//300 1983//348
f 1934//299 1983//348 1982//347
f 1935//300 1936//301 1984//349
f 1935//300 1984//349 1983//348
f 1936//301 1937//302 1985//350
f 1936//301 1985//350 1984//349
f 1937//302 1938//303 1986//351
f 1937//302 1986//351 1985//350
f 1938//303 1939//304 1987//352
f 1938//303 1987//352 1986//351
f 1939//304 1940//305 1988//353
f 1939//304 1988//353 1987//352
f 1940//305 1941//306 1989//354
f 1940//305 1989//354 1988//353
f 1941//306 1942//307 1990//355
f 1941//306 1990//355 1989//354
f 1942//307 1943//308 1991//356
f 1942//307 1991//356 1990//355
f 1943//308 1944//309 1992//357
f 1943//308 1992//357 1991//356
f 1944//309 1945//310 1993//358
f 1944//309 1993//358 1992//357
f 1945//310 1946//311 1994//359
f 1945//310 1994//359 1993//358
f 1946//311 1947//312 1995//360
f 1946//311 1995//360 1994//359
f 1947//312 1948//313 1996//361
f 1947//312 1996//361 1995//360
f 1948//313 1949//314 1997//362
f 1948//313 1997//362 1996//361
f 1949//314 1950//315 1998//363
f 1949//314 1998//363 1997//362
f 1950//315 1951//316 1999//364
f 1950//315 1999//364 1998//363
f 1951//316 1952//317 2000//365
f 1951//316 2000//365 1999//364
f 1952//317 1953//318 2001//366
f 1952//317 2001//366 2000//365
f 1953//318 1954//319 2002//367
f 1953//318 2002//367 2001//366
f 1954//319 1955//320 2003//368
f 1954//319 2003//368 2002//367
f 1955//320 1956//321 2004//369
f 1955//320 2004//369 2003//368
f 1956//321 1957//322 2005//370
f 1956//321 2005//370 2004//369
f 1957//322 1958//323 2006//371
f 1957//322 2006//371 2005//370
f 1958//323 1959//324 2007//372
f 1958//323 2007//372 2006//371
f 1959//324 1960//325 2008//373
f 1959//324 2008//373 2007//372
f 1960//325 1961//326 2009//374
f 1960//325 2009//374 2008//373
f 1961//326 1962//327 2010//375
f 1961//326 2010//375 2009//374
f 1962//327 1963//328 2011//376
f 1962//327 2011//376 2010//375
f 1963//328 1964//329 2012//377
f 1963//328 2012//377 2011//376
f 1964//329 1965//330 2013//378
f 1964//329 2013//378 2012//377
f 1965//330 1966//331 2014//379
f 1965//330 2014//379 2013//378
f 1966//331 1967//332 2015//380
f 1966//331 2015//380 2014//379
f 1967//332 1968//333 2016//381
f 1967//332 2016//381 2015//380
f 1968//333 1969//334 2017//382
f 1968//333 2017//382 2016//381
f 1969//334 1970//335 2018//383
f 1969//334 2018//383 2017//382
f 1970//335 1971//336 2019//384
f 1970//335 2019//384 2018//383
f 1971//336 1972//337 2020//385
f 1971//336 2020//385 2019//384
f 1972//337 1926//291 1974//339
f 1972//337 1974//339 2020//385
f 1974//339 1973//338 2021//386
f 1974//339 2021//386 2022//387
f 1973//338 1975//340 2023//388
f 1973//338 2023//388 2021//386
f 1975//340 1976//341 2024//389
f 1975//340 2024//389 2023//388
f 1976//341 1977//342 2025//390
f 1976//341 2025//390 2024//389
f 1977//342 1978//343 2026//391
f 1977//342 2026//391 2025//390
f 1978//343 1979//344 2027//392
f 1978//343 2027//392 2026//391
f 1979//344 1980//345 2028//393
f 1979//344 2028//393 2027//392
f 1980//345 1981//346 2029//394
f 1980//345 2029//394 2028//393
f 1981//346 1982//347 2030//395
f 1981//346 2030//395 2029//394
f 1982//347 1983//348 2031//396
f 1982//347 2031//396 2030//395
f 1983//348 1984//349 2032//397
f 1983//348 2032//397 2031//396
f 1984//349 1985//350 2033//398
f 1984//349 2033//398 2032//397
f 1985//350 1986//351 2034//399
f 1985//350 2034//399 2033//398
f 1986//351 1987//352 2035//400
f 1986//351 2035//400 2034//399
f 1987//352 1988//353 2036//401
f 1987//352 2036//401 2035//400
f 1988//353 1989//354 2037//402
f 1988//353 2037//402 2036//401
f 1989//354 1990//355 2038//403
f 1989//354 2038//403 2037//402
f 1990//355 1991//356 2039//404
f 1990//355 2039//404 2038//403
f 1991//356 1992//357 2040//405
f 1991//356 2040//405 2039//404
f 1992//357 1993//358 2041//406
f 1992//357 2041//406 2040//405
f 1993//358 1994//359 2042//407
f 1993//358 2042//407 2041//406
f 1994//359 1995//360 2043//408
f 1994//359 2043//408 2042//407
f 1995//360 1996//361 2044//409
f 1995//360 2044//409 2043//408
f 1996//361 1997//362 2045//410
f 1996//361 2045//410 2044//409
f 1997//362 1998//363 2046//411
f 1997//362 2046//411 2045//410
f 1998//363 1999//364 2047//412
f 1998//363 2047//412 2046//411
f 1999//364 2000//365 2048//413
f 1999//364 2048//413 2047//412
f 2000//365 2001//366 2049//414
f 2000//365 2049//414 2048//413
f 2001//366 2002//367 2050//415
f 2001//366 2050//415 2049//414
f 2002//367 2003//368 2051//416
f 2002//367 2051//416 2050//415
f 2003//368 2004//369 2052//417
f 2003//368 2052//417 2051//416
f 2004//369 2005//370 2053//418
f 2004//369 2053//418 2052//417
f 2005//370 2006//371 2054//419
f 2005//370 2054//419 2053//418
f 2006//371 2007//372 2055//420
f 2006//371 2055//420 2054//419
f 2007//372 2008//373 2056//421
f 2007//372 2056//421 2055//420
f 2008//373 2009//374 2057//422
f 2008//373 2057//422 2056//421
f 2009//374 2010//375 2058//423
f 2009//374 2058//423 2057//422
f 2010//375 2011//376 2059//424
f 2010//375 2059//424 2058//423
f 2011//376 2012//377 2060//425
f 2011//376 2060//425 2059//424
f 2012//377 2013//378 2061//426
f 2012//377 2061//426 2060//425
f 2013//378 2014//379 2062//427
f 2013//378 2062//427 2061//426
f 2014//379 2015//380 2063//428
f 2014//379 2063//428 2062//427
f 2015//380 2016//381 2064//429
f 2015//380 2064//429 2063//428
f 2016//381 2017//382 2065//430
f 2016//381 2065//430 2064//429
f 2017//382 2018//383 2066//431
f 2017//382 2066//431 2065//430
f 2018//383 2019//384 2067//432
f 2018//383 2067//432 2066//431
f 2019//384 2020//385 2068//433
f 2019//384 2068//433 2067//432
f 2020//385 1974//339 2022//387
f 2020//385 2022//387 2068//433
f 2022//387 2021//386 2069//434
f 2022//387 2069//434 2070//435
f 2021//386 2023//388 2071//436
f 2021//386 2071//436 2069//434
f 2023//388 2024//389 2072//437
f 2023//388 2072//437 2071//436
f 2024//389 2025//390 2073//438
f 2024//389 2073//438 2072//437
f 2025//390 2026//391 2074//439
f 2025//390 2074//439 2073//438
f 2026//391 2027//392 2075//440
f 2026//391 2075//440 2074//439
f 2027//392 2028//393 2076//441
f 2027//392 2076//441 2075//440
f 2028//393 2029//394 2077//442
f 2028//393 2077//442 2076//441
f 2029//394 2030//395 2078//443
f 2029//394 2078//443 2077//442
f 2030//395 2031//396 2079//444
f 2030//395 2079//444 2078//443
f 2031//396 2032//397 2080//445
f 2031//396 2080//445 2079//444
f 2032//397 2033//398 2081//446
f 2032//397 2081//446 2080//445
f 2033//398 2034//399 2082//447
f 2033//398 2082//447 2081//446
f 2034//399 2035//400 2083//448
f 2034//399 2083//448 2082//447
f 2035//400 2036//401 2084//449
f 2035//400 2084//449 2083//448
f 2036//401 2037//402 2085//450
f 2036//401 2085//450 2084//449
f 2037//402 2038//403 2086//451
f 2037//402 2086//451 2085//450
f 2038//403 2039//404 2087//452
f 2038//403 2087//452 2086//451
f 2039//404 2040//405 2088//453
f 2039//404 2088//453 2087//452
f 2040//405 2041//406 2089//454
f 2040//405 2089//454 2088//453
f 2041//406 2042//407 2090//455
f 2041//406 2090//455 2089//454
f 2042//407 2043//408 2091//456
f 2042//407 2091//456 2090//455
f 2043//408 2044//409 2092//457
f 2043//408 2092//457 2091//456
f 2044//409 2045//410 2093//458
f 2044//409 2093//458 2092//457
f 2045//410 2046//411 2094//459
f 2045//410 2094//459 2093//458
f 2046//411 2047//412 2095//460
f 2046//411 2095//460 2094//459
f 2047//412 2048//413 2096//461
f 2047//412 2096//461 2095//460
f 2048//413 2049//414 2097//462
f 2048//413 2097//462 2096//461
f 2049//414 2050//415 2098//463
f 2049//414 2098//463 2097//462
f 2050//415 2051//416 2099//464
f 2050//415 2099//464 2098//463
f 2051//416 2052//417 2100//465
f 2051//416 2100//465 2099//464
f 2052//417 2053//418 2101//466
f 2052//417 2101//466 2100//465
f 2053//418 2054//419 2102//467
f 2053//418 2102//467 2101//466
f 2054//419 2055//420 2103//468
f 2054//419 2103//468 2102//467
f 2055//420 2056//421 2104//469
f 2055//420 2104//469 2103//468
f 2056//421 2057//422 2105//470
f 2056//421 2105//470 2104//469
f 2057//422 2058//423 2106//471
f 2057//422 2106//471 2105//470
f 2058//423 2059//424 2107//472
f 2058//423 2107//472 2106//471
f 2059//424 2060//425 2108//473
f 2059//424 2108//473 2107//472
f 2060//425 2061//426 2109//474
f 2060//425 2109//474 2108//473
f 2061//426 2062//427 2110//475
f 2061//426 2110//475 2109//474
f 2062//427 2063//428 2111//476
f 2062//427 2111//476 2110//475
f 2063//428 2064//429 2112//477
f 2063//428 2112//477 2111//476
f 2064//429 2065//430 2113//478
f 2064//429 2113//478 2112//477
f 2065//430 2066//431 2114//479
f 2065//430 2114//479 2113//478
f 2066//431 2067//432 2115//480
f 2066//431 2115//480 2114//479
f 2067//432 2068//433 2116//481
f 2067//432 2116//481 2115//480
f 2068//433 2022//387 2070//435
f 2068//433 2070//435 2116//481
f 2070//435 2069//434 2117//482
f 2070//435 2117//482 2118//483
f 2069//434 2071//436 2119//484
f 2069//434 2119//484 2117//482
f 2071//436 2072//437 2120//485
f 2071//436 2120//485 2119//484
f 2072//437 2073//438 2121//486
f 2072//437 2121//486 2120//485
f 2073//438 2074//439 2122//487
f 2073//438 2122//487 2121//486
f 2074//439 2075//440 2123//488
f 2074//439 2123//488 2122//487
f 2075//440 2076//441 2124//489
f 2075//440 2124//489 2123//488
f 2076//441 2077//442 2125//490
f 2076//441 2125//490 2124//489
f 2077//442 2078//443 2126//491
f 2077//442 2126//491 2125//490
f 2078//443 2079//444 2127//492
f 2078//443 2127//492 2126//491
f 2079//444 2080//445 2128//493
f 2079//444 2128//493 2127//492
f 2080//445 2081//446 2129//494
f 2080//445 2129//494 2128//493
f 2081//446 2082//447 2130//495
f 2081//446 2130//495 2129//494
f 2082//447 2083//448 2131//496
f 2082//447 2131//496 2130//495
f 2083//448 2084//449 2132//497
f 2083//448 2132//497 2131//496
f 2084//449 2085//450 2133//498
f 2084//449 2133//498 2132//497
f 2085//450 2086//451 2134//499
f 2085//450 2134//499 2133//498
f 2086//451 2087//452 2135//500
f 2086//451 2135//500 2134//499
f 2087//452 2088//453 2136//501
f 2087//452 2136//501 2135//500
f 2088//453 2089//454 2137//502
f 2088//453 2137//502 2136//501
f 2089//454 2090//455 2138//503
f 2089//454 2138//503 2137//502
f 2090//455 2091//456 2139//504
f 2090//455 2139//504 2138//503
f 2091//456 2092//457 2140//505
f 2091//456 2140//505 2139//504
f 2092//457 2093//458 2141//506
f 2092//457 2141//506 2140//505
f 2093//458 2094//459 2142//507
f 2093//458 2142//507 2141//506
f 2094//459 2095//460 2143//508
f 2094//459 2143//508 2142//507
f 2095//460 2096//461 2144//509
f 2095//460 2144//509 2143//508
f 2096//461 2097//462 2145//510
f 2096//461 2145//510 2144//509
f 2097//462 2098//463 2146//511
f 2097//462 2146//511 2145//510
f 2098//463 2099//464 2147//512
f 2098//463 2147//512 2146//511
f 2099//464 2100//465 2148//513
f 2099//464 2148//513 2147//512
f 2100//465 2101//466 2149//514
f 2100//465 2149//514 2148//513
f 2101//466 2102//467 2150//515
f 2101//466 2150//515 2149//514
f 2102//467 2103//468 2151//516
f 2102//467 2151//516 2150//515
f 2103//468 2104//469 2152//517
f 2103//468 2152//517 2151//516
f 2104//469 2105//470 2153//518
f 2104//469 2153//518 2152//517
f 2105//470 2106//471 2154//519
f 2105//470 2154//519 2153//518
f 2106//471 2107//472 2155//520
f 2106//471 2155//520 2154//519
f 2107//472 2108//473 2156//521
f 2107//472 2156//521 2155//520
f 2108//473 2109//474 2157//522
f 2108//473 2157//522 2156//521
f 2109//474 2110//475 2158//523
f 2109//474 2158//523 2157//522
f 2110//475 2111//476 2159//524
f 2110//475 2159//524 2158//523
f 2111//476 2112//477 2160//525
f 2111//476 2160//525 2159//524
f 2112//477 2113//478 2161//526
f 2112//477 2161//526 2160//525
f 2113//478 2114//479 2162//527
f 2113//478 2162//527 2161//526
f 2114//479 2115//480 2163//528
f 2114//479 2163//528 2162//527
f 2115//480 2116//481 2164//529
f 2115//480 2164//529 2163//528
f 2116//481 2070//435 2118//483
f 2116//481 2118//483 2164//529
f 2118//483 2117//482 2165//530
f 2118//483 2165//530 2166//531
f 2117//482 2119//484 2167//532
f 2117//482 2167//532 2165//530
f 2119//484 2120//485 2168//533
f 2119//484 2168//533 2167//532
f 2120//485 2121//486 2169//534
f 2120//485 2169//534 2168//533
f 2121//486 2122//487 2170//535
f 2121//486 2170//535 2169//534
f 2122//487 2123//488 2171//536
f 2122//487 2171//536 2170//535
f 2123//488 2124//489 2172//537
f 2123//488 2172//537 2171//536
f 2124//489 2125//490 2173//538
f 2124//489 2173//538 2172//537
f 2125//490 2126//491 2174//539
f 2125//490 2174//539 2173//538
f 2126//491 2127//492 2175//540
f 2126//491 2175//540 2174//539
f 2127//492 2128//493 2176//541
f 2127//492 2176//541 2175//540
f 2128//493 2129//494 2177//542
f 2128//493 2177//542 2176//541
f 2129//494 2130//495 2178//543
f 2129//494 2178//543 2177//542
f 2130//495 2131//496 2179//544
f 2130//495 2179//544 2178//543
f 2131//496 2132//497 2180//545
f 2131//496 2180//545 2179//544
f 2132//497 2133//498 2181//546
f 2132//497 2181//546 2180//545
f 2133//498 2134//499 2182//547
f 2133//498 2182//547 2181//546
f 2134//499 2135//500 2183//548
f 2134//499 2183//548 2182//547
f 2135//500 2136//501 2184//549
f 2135//500 2184//549 2183//548
f 2136//501 2137//502 2185//550
f 2136//501 2185//550 2184//549
f 2137//502 2138//503 2186//551
f 2137//502 2186//551 2185//550
f 2138//503 2139//504 2187//552
f 2138//503 2187//552 2186//551
f 2139//504 2140//505 2188//553
f 2139//504 2188//553 2187//552
f 2140//505 2141//506 2189//554
f 2140//505 2189//554 2188//553
f 2141//506 2142//507 2190//555
f 2141//506 2190//555 2189//554
f 2142//507 2143//508 2191//556
f 2142//507 2191//556 2190//555
f 2143//508 2144//509 2192//557
f 2143//508 2192//557 2191//556
f 2144//509 2145//510 2193//558
f 2144//509 2193//558 2192//557
f 2145//510 2146//511 2194//559
f 2145//510 2194//559 2193//558
f 2146//511 2147//512 2195//560
f 2146//511 2195//560 2194//559
f 2147//512 2148//513 2196//561
f 2147//512 2196//561 2195//560
f 2148//513 2149//514 2197//562
f 2148//513 2197//562 2196//561
f 2149//514 2150//515 2198//563
f 2149//514 2198//563 2197//562
f 2150//515 2151//516 2199//564
f 2150//515 2199//564 2198//563
f 2151//516 2152//517 2200//565
f 2151//516 2200//565 2199//564
f 2152//517 2153//518 2201//566
f 2152//517 2201//566 2200//565
f 2153//518 2154//519 2202//567
f 2153//518 2202//567 2201//566
f 2154//519 2155//520 2203//568
f 2154//519 2203//568 2202//567
f 2155//520 2156//521 2204//569
f 2155//520 2204//569 2203//568
f 2156//521 2157//522 2205//570
f 2156//521 2205//570 2204//569
f 2157//522 2158//523 2206//571
f 2157//522 2206//571 2205//570
f 2158//523 2159//524 2207//572
f 2158//523 2207//572 2206//571
f 2159//524 2160//525 2208//573
f 2159//524 2208//573 2207//572
f 2160//525 2161//526 2209//574
f 2160//525 2209//574 2208//573
f 2161//526 2162//527 2210//575
f 2161//526 2210//575 2209//574
f 2162//527 2163//528 2211//576
f 2162//527 2211//576 2210//575
f 2163//528 2164//529 2212//577
f 2163//528 2212//577 2211//576
f 2164//529 2118//483 2166//531
f 2164//529 2166//531 2212//577
f 2166//531 2165//530 2213//578
f 2166//531 2213//578 2214//579
f 2165//530 2167//532 2215//580
f 2165//530 2215//580 2213//578
f 2167//532 2168//533 2216//581
f 2167//532 2216//581 2215//580
f 2168//533 2169//534 2217//582
f 2168//533 2217//582 2216//581
f 2169//534 2170//535 2218//583
f 2169//534 2218//583 2217//582
f 2170//535 2171//536 2219//584
f 2170//535 2219//584 2218//583
f 2171//536 2172//537 2220//585
f 2171//536 2220//585 2219//584
f 2172//537 2173//538 2221//586
f 2172//537 2221//586 2220//585
f 2173//538 2174//539 2222//587
f 2173//538 2222//587 2221//586
f 2174//539 2175//540 2223//588
f 2174//539 2223//588 2222//587
f 2175//540 2176//541 2224//589
f 2175//540 2224//589 2223//588
f 2176//541 2177//542 2225//590
f 2176//541 2225//590 2224//589
f 2177//542 2178//543 2226//591
f 2177//542 2226//591 2225//590
f 2178//543 2179//544 2227//592
f 2178//543 2227//592 2226//591
f 2179//544 2180//545 2228//593
f 2179//544 2228//593 2227//592
f 2180//545 2181//546 2229//594
f 2180//545 2229//594 2228//593
f 2181//546 2182//547 2230//595
f 2181//546 2230//595 2229//594
f 2182//547 2183//548 2231//596
f 2182//547 2231//596 2230//595
f 2183//548 2184//549 2232//597
f 2183//548 2232//597 2231//596
f 2184//549 2185//550 2233//598
f 2184//549 2233//598 2232//597
f 2185//550 2186//551 2234//599
f 2185//550 2234//599 2233//598
f 2186//551 2187//552 2235//600
f 2186//551 2235//600 2234//599
f 2187//552 2188//553 2236//601
f 2187//552 2236//601 2235//600
f 2188//553 2189//554 2237//602
f 2188//553 2237//602 2236//601
f 2189//554 2190//555 2238//603
f 2189//554 2238//603 2237//602
f 2190//555 2191//556 2239//604
f 2190//555 2239//604 2238//603
f 2191//556 2192//557 2240//605
f 2191//556 2240//605 2239//604
f 2192//557 2193//558 2241//606
f 2192//557 2241//606 2240//605
f 2193//558 2194//559 2242//607
f 2193//558 2242//607 2241//606
f 2194//559 2195//560 2243//608
f 2194//559 2243//608 2242//607
f 2195//560 2196//561 2244//609
f 2195//560 2244//609 2243//608
f 2196//561 2197//562 2245//610
f 2196//561 2245//610 2244//609
f 2197//562 2198//563 2246//611
f 2197//562 2246//611 2245//610
f 2198//563 2199//564 2247//612
f 2198//563 2247//612 2246//611
f 2199//564 2200//565 2248//613
f 2199//564 2248//613 2247//612
f 2200//565 2201//566 2249//614
f 2200//565 2249//614 2248//613
f 2201//566 2202//567 2250//615
f 2201//566 2250//615 2249//614
f 2202//567 2203//568 2251//616
f 2202//567 2251//616 2250//615
f 2203//568 2204//569 2252//617
f 2203//568 2252//617 2251//616
f 2204//569 2205//570 2253//618
f 2204//569 2253//618 2252//617
f 2205//570 2206//571 2254//619
f 2205//570 2254//619 2253//618
f 2206//571 2207//572 2255//620
f 2206//571 2255//620 2254//619
f 2207//572 2208//573 2256//621
f 2207//572 2256//621 2255//620
f 2208//573 2209//574 2257//622
f 2208//573 2257//622 2256//621
f 2209//574 2210//575 2258//623
f 2209//574 2258//623 2257//622
f 2210//575 2211//576 2259//624
f 2210//575 2259//624 2258//623
f 2211//576 2212//577 2260//625
f 2211//576 2260//625 2259//624
f 2212//577 2166//531 2214//579
f 2212//577 2214//579 2260//625
f 2214//579 2213//578 2261//626
f 2214//579 2261//626 2262//627
f 2213//578 2215//580 2263//628
f 2213//578 2263//628 2261//626
f 2215//580 2216//581 2264//629
f 2215//580 2264//629 2263//628
f 2216//581 2217//582 2265//630
f 2216//581 2265//630 2264//629
f 2217//582 2218//583 2266//631
f 2217//582 2266//631 2265//630
f 2218//583 2219//584 2267//632
f 2218//583 2267//632 2266//631
f 2219//584 2220//585 2268//633
f 2219//584 2268//633 2267//632
f 2220//585 2221//586 2269//634
f 2220//585 2269//634 2268//633
f 2221//586 2222//587 2270//635
f 2221//586 2270//635 2269//634
f 2222//587 2223//588 2271//636
f 2222//587 2271//636 2270//635
f 2223//588 2224//589 2272//637
f 2223//588 2272//637 2271//636
f 2224//589 2225//590 2273//638
f 2224//589 2273//638 2272//637
f 2225//590 2226//591 2274//639
f 2225//590 2274//639 2273//638
f 2226//591 2227//592 2275//640
f 2226//591 2275//640 2274//639
f 2227//592 2228//593 2276//641
f 2227//592 2276//641 2275//640
f 2228//593 2229//594 2277//642
f 2228//593 2277//642 2276//641
f 2229//594 2230//595 2278//643
f 2229//594 2278//643 2277//642
f 2230//595 2231//596 2279//644
f 2230//595 2279//644 2278//643
f 2231//596 2232//597 2280//645
f 2231//596 2280//645 2279//644
f 2232//597 2233//598 2281//646
f 2232//597 2281//646 2280//645
f 2233//598 2234//599 2282//647
f 2233//598 2282//647 2281//646
f 2234//599 2235//600 2283//648
f 2234//599 2283//648 2282//647
f 2235//600 2236//601 2284//649
f 2235//600 2284//649 2283//648
f 2236//601 2237//602 2285//650
f 2236//601 2285//650 2284//649
f 2237//602 2238//603 2286//651
f 2237//602 2286//651 2285//650
f 2238//603 2239//604 2287//652
f 2238//603 2287//652 2286//651
f 2239//604 2240//605 2288//653
f 2239//604 2288//653 2287//652
f 2240//605 2241//606 2289//654
f 2240//605 2289//654 2288//653
f 2241//606 2242//607 2290//655
f 2241//606 2290//655 2289//654
f 2242//607 2243//608 2291//656
f 2242//607 2291//656 2290//655
f 2243//608 2244//609 2292//657
f 2243//608 2292//657 2291//656
f 2244//609 2245//610 2293//658
f 2244//609 2293//658 2292//657
f 2245//610 2246//611 2294//659
f 2245//610 2294//659 2293//658
f 2246//611 2247//612 2295//660
f 2246//611 2295//660 2294//659
f 2247//612 2248//613 2296//661
f 2247//612 2296//661 2295//660
f 2248//613 2249//614 2297//662
f 2248//613 2297//662 2296//661
f 2249//614 2250//615 2298//663
f 2249//614 2298//663 2297//662
f 2250//615 2251//616 2299//664
f 2250//615 2299//664 2298//663
f 2251//616 2252//617 2300//665
f 2251//616 2300//665 2299//664
f 2252//617 2253//618 2301//666
f 2252//617 2301//666 2300//665
f 2253//618 2254//619 2302//667
f 2253//618 2302//667 2301//666
f 2254//619 2255//620 2303//668
f 2254//619 2303//668 2302//667
f 2255//620 2256//621 2304//669
f 2255//620 2304//669 2303//668
f 2256//621 2257//622 2305//670
f 2256//621 2305//670 2304//669
f 2257//622 2258//623 2306//671
f 2257//622 2306//671 2305//670
f 2258//623 2259//624 2307//672
f 2258//623 2307//672 2306//671
f 2259//624 2260//625 2308//673
f 2259//624 2308//673 2307//672
f 2260//625 2214//579 2262//627
f 2260//625 2262//627 2308//673
f 2262//627 2261//626 2309//674
f 2262//627 2309//674 2310//675
f 2261//626 2263//628 2311//676
f 2261//626 2311//676 2309//674
f 2263//628 2264//629 2312//677
f 2263//628 2312//677 2311//676
f 2264//629 2265//630 2313//678
f 2264//629 2313//678 2312//677
f 2265//630 2266//631 2314//679
f 2265//630 2314//679 2313//678
f 2266//631 2267//632 2315//680
f 2266//631 2315//680 2314//679
f 2267//632 2268//633 2316//681
f 2267//632 2316//681 2315//680
f 2268//633 2269//634 2317//682
f 2268//633 2317//682 2316//681
f 2269//634 2270//635 2318//683
f 2269//634 2318//683 2317//682
f 2270//635 2271//636 2319//684
f 2270//635 2319//684 2318//683
f 2271//636 2272//637 2320//685
f 2271//636 2320//685 2319//684
f 2272//637 2273//638 2321//686
f 2272//637 2321//686 2320//685
f 2273//638 2274//639 2322//687
f 2273//638 2322//687 2321//686
f 2274//639 2275//640 2323//688
f 2274//639 2323//688 2322//687
f 2275//640 2276//641 2324//689
f 2275//640 2324//689 2323//688
f 2276//641 2277//642 2325//690
f 2276//641 2325//690 2324//689
f 2277//642 2278//643 2326//691
f 2277//642 2326//691 2325//690
f 2278//643 2279//644 2327//692
f 2278//643 2327//692 2326//691
f 2279//644 2280//645 2328//693
f 2279//644 2328//693 2327//692
f 2280//645 2281//646 2329//694
f 2280//645 2329//694 2328//693
f 2281//646 2282//647 2330//695
f 2281//646 2330//695 2329//694
f 2282//647 2283//648 2331//696
f 2282//647 2331//696 2330//695
f 2283//648 2284//649 2332//697
f 2283//648 2332//697 2331//696
f 2284//649 2285//650 2333//698
f 2284//649 2333//698 2332//697
f 2285//650 2286//651 2334//699
f 2285//650 2334//699 2333//698
f 2286//651 2287//652 2335//700
f 2286//651 2335//700 2334//699
f 2287//652 2288//653 2336//701
f 2287//652 2336//701 2335//700
f 2288//653 2289//654 2337//702
f 2288//653 2337//702 2336//701
f 2289//654 2290//655 2338//703
f 2289//654 2338//703 2337//702
f 2290//655 2291//656 2339//704
f 2290//655 2339//704 2338//703
f 2291//656 2292//657 2340//705
f 2291//656 2340//705 2339//704
f 2292//657 2293//658 2341//706
f 2292//657 2341//706 2340//705
f 2293//658 2294//659 2342//707
f 2293//658 2342//707 2341//706
f 2294//659 2295//660 2343//708
f 2294//659 2343//708 2342//707
f 2295//660 2296//661 2344//709
f 2295//660 2344//709 2343//708
f 2296//661 2297//662 2345//710
f 2296//661 2345//710 2344//709
f 2297//662 2298//663 2346//711
f 2297//662 2346//711 2345//710
f 2298//663 2299//664 2347//712
f 2298//663 2347//712 2346//711
f 2299//664 2300//665 2348//713
f 2299//664 2348//713 2347//712
f 2300//665 2301//666 2349//714
f 2300//665 2349//714 2348//713
f 2301//666 2302//667 2350//715
f 2301//666 2350//715 2349//714
f 2302//667 2303//668 2351//716
f 2302//667 2351//716 2350//715
f 2303//668 2304//669 2352//717
f 2303//668 2352//717 2351//716
f 2304//669 2305//670 2353//718
f 2304//669 2353//718 2352//717
f 2305//670 2306//671 2354//719
f 2305//670 2354//719 2353//718
f 2306//671 2307//672 2355//720
f 2306//671 2355//720 2354//719
f 2307//672 2308//673 2356//721
f 2307//672 2356//721 2355//720
f 2308//673 2262//627 2310//675
f 2308//673 2310//675 2356//721
f 2310//675 2309//674 2357//722
f 2310//675 2357//722 2358//723
f 2309//674 2311//676 2359//724
f 2309//674 2359//724 2357//722
f 2311//676 2312//677 2360//725
f 2311//676 2360//725 2359//724
f 2312//677 2313//678 2361//726
f 2312//677 2361//726 2360//725
f 2313//678 2314//679 2362//727
f 2313//678 2362//727 2361//726
f 2314//679 2315//680 2363//728
f 2314//679 2363//728 2362//727
f 2315//680 2316//681 2364//729
f 2315//680 2364//729 2363//728
f 2316//681 2317//682 2365//730
f 2316//681 2365//730 2364//729
f 2317//682 2318//683 2366//731
f 2317//682 2366//731 2365//730
f 2318//683 2319//684 2367//732
f 2318//683 2367//732 2366//731
f 2319//684 2320//685 2368//733
f 2319//684 2368//733 2367//732
f 2320//685 2321//686 2369//734
f 2320//685 2369//734 2368//733
f 2321//686 2322//687 2370//735
f 2321//686 2370//735 2369//734
f 2322//687 2323//688 2371//736
f 2322//687 2371//736 2370//735
f 2323//688 2324//689 2372//737
f 2323//688 2372//737 2371//736
f 2324//689 2325//690 2373//738
f 2324//689 2373//738 2372//737
f 2325//690 2326//691 2374//739
f 2325//690 2374//739 2373//738
f 2326//691 2327//692 2375//740
f 2326//691 2375//740 2374//739
f 2327//692 2328//693 2376//741
f 2327//692 2376//741 2375//740
f 2328//693 2329//694 2377//742
f 2328//693 2377//742 2376//741
f 2329//694 2330//695 2378//743
f 2329//694 2378//743 2377//742
f 2330//695 2331//696 2379//744
f 2330//695 2379//744 2378//743
f 2331//696 2332//697 2380//745
f 2331//696 2380//745 2379//744
f 2332//697 2333//698 2381//746
f 2332//697 2381//746 2380//745
f 2333//698 2334//699 2382//747
f 2333//698 2382//747 2381//746
f 2334//699 2335//700 2383//748
f 2334//699 2383//748 2382//747
f 2335//700 2336//701 2384//749
f 2335//700 2384//749 2383//748
f 2336//701 2337//702 2385//750
f 2336//701 2385//750 2384//749
f 2337//702 2338//703 2386//751
f 2337//702 2386//751 2385//750
f 2338//703 2339//704 2387//752
f 2338//703 2387//752 2386//751
f 2339//704 2340//705 2388//753
f 2339//704 2388//753 2387//752
f 2340//705 2341//706 2389//754
f 2340//705 2389//754 2388//753
f 2341//706 2342//707 2390//755
f 2341//706 2390//755 2389//754
f 2342//707 2343//708 2391//756
f 2342//707 2391//756 2390//755
f 2343//708 2344//709 2392//757
f 2343//708 2392//757 2391//756
f 2344//709 2345//710 2393//758
f 2344//709 2393//758 2392//757
f 2345//710 2346//711 2394//759
f 2345//710 2394//759 2393//758
f 2346//711 2347//712 2395//760
f 2346//711 2395//760 2394//759
f 2347//712 2348//713 2396//761
f 2347//712 2396//761 2395//760
f 2348//713 2349//714 2397//762
f 2348//713 2397//762 2396//761
f 2349//714 2350//715 2398//763
f 2349//714 2398//763 2397//762
f 2350//715 2351//716 2399//764
f 2350//715 2399//764 2398//763
f 2351//716 2352//717 2400//765
f 2351//716 2400//765 2399//764
f 2352//717 2353//718 2401//766
f 2352//717 2401//766 2400//765
f 2353//718 2354//719 2402//767
f 2353//718 2402//767 2401//766
f 2354//719 2355//720 2403//768
f 2354//719 2403//768 2402//767
f 2355//720 2356//721 2404//769
f 2355//720 2404//769 2403//768
f 2356//721 2310//675 2358//723
f 2356//721 2358//723 2404//769
f 2358//723 2357//722 2405//770
f 2358//723 2405//770 2406//771
f 2357//722 2359//724 2407//772
f 2357//722 2407//772 2405//770
f 2359//724 2360//725 2408//773
f 2359//724 2408//773 2407//772
f 2360//725 2361//726 2409//774
f 2360//725 2409//774 2408//773
f 2361//726 2362//727 2410//775
f 2361//726 2410//775 2409//774
f 2362//727 2363//728 2411//776
f 2362//727 2411//776 2410//775
f 2363//728 2364//729 2412//777
f 2363//728 2412//777 2411//776
f 2364//729 2365//730 2413//778
f 2364//729 2413//778 2412//777
f 2365//730 2366//731 2414//779
f 2365//730 2414//779 2413//778
f 2366//731 2367//732 2415//780
f 2366//731 2415//780 2414//779
f 2367//732 2368//733 2416//781
f 2367//732 2416//781 2415//780
f 2368//733 2369//734 2417//782
f 2368//733 2417//782 2416//781
f 2369//734 2370//735 2418//783
f 2369//734 2418//783 2417//782
f 2370//735 2371//736 2419//784
f 2370//735 2419//784 2418//783
f 2371//736 2372//737 2420//785
f 2371//736 2420//785 2419//784
f 2372//737 2373//738 2421//786
f 2372//737 2421//786 2420//785
f 2373//738 2374//739 2422//787
f 2373//738 2422//787 2421//786
f 2374//739 2375//740 2423//788
f 2374//739 2423//788 2422//787
f 2375//740 2376//741 2424//789
f 2375//740 2424//789 2423//788
f 2376//741 2377//742 2425//790
f 2376//741 2425//790 2424//789
f 2377//742 2378//743 2426//791
f 2377//742 2426//791 2425//790
f 2378//743 2379//744 2427//792
f 2378//743 2427//792 2426//791
f 2379//744 2380//745 2428//793
f 2379//744 2428//793 2427//792
f 2380//745 2381//746 2429//794
f 2380//745 2429//794 2428//793
f 2381//746 2382//747 2430//795
f 2381//746 2430//795 2429//794
f 2382//747 2383//748 2431//796
f 2382//747 2431//796 2430//795
f 2383//748 2384//749 2432//797
f 2383//748 2432//797 2431//796
f 2384//749 2385//750 2433//798
f 2384//749 2433//798 2432//797
f 2385//750 2386//751 2434//799
f 2385//750 2434//799 2433//798
f 2386//751 2387//752 2435//800
f 2386//751 2435//800 2434//799
f 2387//752 2388//753 2436//801
f 2387//752 2436//801 2435//800
f 2388//753 2389//754 2437//802
f 2388//753 2437//802 2436//801
f 2389//754 2390//755 2438//803
f 2389//754 2438//803 2437//802
f 2390//755 2391//756 2439//804
f 2390//755 2439//804 2438//803
f 2391//756 2392//757 2440//805
f 2391//756 2440//805 2439//804
f 2392//757 2393//758 2441//806
f 2392//757 2441//806 2440//805
f 2393//758 2394//759 2442//807
f 2393//758 2442//807 2441//806
f 2394//759 2395//760 2443//808
f 2394//759 2443//808 2442//807
f 2395//760 2396//761 2444//809
f 2395//760 2444//809 2443//808
f 2396//761 2397//762 2445//810
f 2396//761 2445//810 2444//809
f 2397//762 2398//763 2446//811
f 2397//762 2446//811 2445//810
f 2398//763 2399//764 2447//812
f 2398//763 2447//812 2446//811
f 2399//764 2400//765 2448//813
f 2399//764 2448//813 2447//812
f 2400//765 2401//766 2449//814
f 2400//765 2449//814 2448//813
f 2401//766 2402//767 2450//815
f 2401//766 2450//815 2449//814
f 2402//767 2403//768 2451//816
f 2402//767 2451//816 2450//815
f 2403//768 2404//769 2452//817
f 2403//768 2452//817 2451//816
f 2404//769 2358//723 2406//771
f 2404//769 2406//771 2452//817
f 2406//771 2405//770 2453//818
f 2406//771 2453//818 2454//819
f 2405//770 2407//772 2455//820
f 2405//770 2455//820 2453//818
f 2407//772 2408//773 2456//821
f 2407//772 2456//821 2455//820
f 2408//773 2409//774 2457//822
f 2408//773 2457//822 2456//821
f 2409//774 2410//775 2458//823
f 2409//774 2458//823 2457//822
f 2410//775 2411//776 2459//824
f 2410//775 2459//824 2458//823
f 2411//776 2412//777 2460//825
f 2411//776 2460//825 2459//824
f 2412//777 2413//778 2461//826
f 2412//777 2461//826 2460//825
f 2413//778 2414//779 2462//827
f 2413//778 2462//827 2461//826
f 2414//779 2415//780 2463//828
f 2414//779 2463//828 2462//827
f 2415//780 2416//781 2464//829
f 2415//780 2464//829 2463//828
f 2416//781 2417//782 2465//830
f 2416//781 2465//830 2464//829
f 2417//782 2418//783 2466//831
f 2417//782 2466//831 2465//830
f 2418//783 2419//784 2467//832
f 2418//783 2467//832 2466//831
f 2419//784 2420//785 2468//833
f 2419//784 2468//833 2467//832
f 2420//785 2421//786 2469//834
f 2420//785 2469//834 2468//833
f 2421//786 2422//787 2470//835
f 2421//786 2470//835 2469//834
f 2422//787 2423//788 2471//836
f 2422//787 2471//836 2470//835
f 2423//788 2424//789 2472//837
f 2423//788 2472//837 2471//836
f 2424//789 2425//790 2473//838
f 2424//789 2473//838 2472//837
f 2425//790 2426//791 2474//839
f 2425//790 2474//839 2473//838
f 2426//791 2427//792 2475//840
f 2426//791 2475//840 2474//839
f 2427//792 2428//793 2476//841
f 2427//792 2476//841 2475//840
f 2428//793 2429//794 2477//842
f 2428//793 2477//842 2476//841
f 2429//794 2430//795 2478//843
f 2429//794 2478//843 2477//842
f 2430//795 2431//796 2479//844
f 2430//795 2479//844 2478//843
f 2431//796 2432//797 2480//845
f 2431//796 2480//845 2479//844
f 2432//797 2433//798 2481//846
f 2432//797 2481//846 2480//845
f 2433//798 2434//799 2482//847
f 2433//798 2482//847 2481//846
f 2434//799 2435//800 2483//848
f 2434//799 2483//848 2482//847
f 2435//800 2436//801 2484//849
f 2435//800 2484//849 2483//848
f 2436//801 2437//802 2485//850
f 2436//801 2485//850 2484//849
f 2437//802 2438//803 2486//851
f 2437//802 2486//851 2485//850
f 2438//803 2439//804 2487//852
f 2438//803 2487//852 2486//851
f 2439//804 2440//805 2488//853
f 2439//804 2488//853 2487//852
f 2440//805 2441//806 2489//854
f 2440//805 2489//854 2488//853
f 2441//806 2442//807 2490//855
f 2441//806 2490//855 2489//854
f 2442//807 2443//808 2491//856
f 2442//807 2491//856 2490//855
f 2443//808 2444//809 2492//857
f 2443//808 2492//857 2491//856
f 2444//809 2445//810 2493//858
f 2444//809 2493//858 2492//857
f 2445//810 2446//811 2494//859
f 2445//810 2494//859 2493//858
f 2446//811 2447//812 2495//860
f 2446//811 2495//860 2494//859
f 2447//812 2448//813 2496//861
f 2447//812 2496//861 2495//860
f 2448//813 2449//814 2497//862
f 2448//813 2497//862 2496//861
f 2449//814 2450//815 2498//863
f 2449//814 2498//863 2497//862
f 2450//815 2451//816 2499//864
f 2450//815 2499//864 2498//863
f 2451//816 2452//817 2500//865
f 2451//816 2500//865 2499//864
f 2452//817 2406//771 2454//819
f 2452//817 2454//819 2500//865
f 2454//819 2453//818 2501//866
f 2454//819 2501//866 2502//867
f 2453//818 2455//820 2503//868
f 2453//818 2503//868 2501//866
f 2455//820 2456//821 2504//869
f 2455//820 2504//869 2503//868
f 2456//821 2457//822 2505//870
f 2456//821 2505//870 2504//869
f 2457//822 2458//823 2506//871
f 2457//822 2506//871 2505//870
f 2458//823 2459//824 2507//872
f 2458//823 2507//872 2506//871
f 2459//824 2460//825 2508//873
f 2459//824 2508//873 2507//872
f 2460//825 2461//826 2509//874
f 2460//825 2509//874 2508//873
f 2461//826 2462//827 2510//875
f 2461//826 2510//875 2509//874
f 2462//827 2463//828 2511//876
f 2462//827 2511//876 2510//875
f 2463//828 2464//829 2512//877
f 2463//828 2512//877 2511//876
f 2464//829 2465//830 2513//878
f 2464//829 2513//878 2512//877
f 2465//830 2466//831 2514//879
f 2465//830 2514//879 2513//878
f 2466//831 2467//832 2515//880
f 2466//831 2515//880 2514//879
f 2467//832 2468//833 2516//881
f 2467//832 2516//881 2515//880
f 2468//833 2469//834 2517//882
f 2468//833 2517//882 2516//881
f 2469//834 2470//835 2518//883
f 2469//834 2518//883 2517//882
f 2470//835 2471//836 2519//884
f 2470//835 2519//884 2518//883
f 2471//836 2472//837 2520//885
f 2471//836 2520//885 2519//884
f 2472//837 2473//838 2521//886
f 2472//837 2521//886 2520//885
f 2473//838 2474//839 2522//887
f 2473//838 2522//887 2521//886
f 2474//839 2475//840 2523//888
f 2474//839 2523//888 2522//887
f 2475//840 2476//841 2524//889
f 2475//840 2524//889 2523//888
f 2476//841 2477//842 2525//890
f 2476//841 2525//890 2524//889
f 2477//842 2478//843 2526//891
f 2477//842 2526//891 2525//890
f 2478//843 2479//844 2527//892
f 2478//843 2527//892 2526//891
f 2479//844 2480//845 2528//893
f 2479//844 2528//893 2527//892
f 2480//845 2481//846 2529//894
f 2480//845 2529//894 2528//893
f 2481//846 2482//847 2530//895
f 2481//846 2530//895 2529//894
f 2482//847 2483//848 2531//896
f 2482//847 2531//896 2530//895
f 2483//848 2484//849 2532//897
f 2483//848 2532//897 2531//896
f 2484//849 2485//850 2533//898
f 2484//849 2533//898 2532//897
f 2485//850 2486//851 2534//899
f 2485//850 2534//899 2533//898
f 2486//851 2487//852 2535//900
f 2486//851 2535//900 2534//899
f 2487//852 2488//853 2536//901
f 2487//852 2536//901 2535//900
f 2488//853 2489//854 2537//902
f 2488//853 2537//902 2536//901
f 2489//854 2490//855 2538//903
f 2489//854 2538//903 2537//902
f 2490//855 2491//856 2539//904
f 2490//855 2539//904 2538//903
f 2491//856 2492//857 2540//905
f 2491//856 2540//905 2539//904
f 2492//857 2493//858 2541//906
f 2492//857 2541//906 2540//905
f 2493//858 2494//859 2542//907
f 2493//858 2542//907 2541//906
f 2494//859 2495//860 2543//908
f 2494//859 2543//908 2542//907
f 2495//860 2496//861 2544//909
f 2495//860 2544//909 2543//908
f 2496//861 2497//862 2545//910
f 2496//861 2545//910 2544//909
f 2497//862 2498//863 2546//911
f 2497//862 2546//911 2545//910
f 2498//863 2499//864 2547//912
f 2498//863 2547//912 2546//911
f 2499//864 2500//865 2548//913
f 2499//864 2548//913 2547//912
f 2500//865 2454//819 2502//867
f 2500//865 2502//867 2548//913
f 2502//867 2501//866 2549//914
f 2502//867 2549//914 2550//915
f 2501//866 2503//868 2551//916
f 2501//866 2551//916 2549//914
f 2503//868 2504//869 2552//917
f 2503//868 2552//917 2551//916
f 2504//869 2505//870 2553//918
f 2504//869 2553//918 2552//917
f 2505//870 2506//871 2554//919
f 2505//870 2554//919 2553//918
f 2506//871 2507//872 2555//920
f 2506//871 2555//920 2554//919
f 2507//872 2508//873 2556//921
f 2507//872 2556//921 2555//920
f 2508//873 2509//874 2557//922
f 2508//873 2557//922 2556//921
f 2509//874 2510//875 2558//923
f 2509//874 2558//923 2557//922
f 2510//875 2511//876 2559//924
f 2510//875 2559//924 2558//923
f 2511//876 2512//877 2560//925
f 2511//876 2560//925 2559//924
f 2512//877 2513//878 2561//926
f 2512//877 2561//926 2560//925
f 2513//878 2514//879 2562//927
f 2513//878 2562//927 2561//926
f 2514//879 2515//880 2563//928
f 2514//879 2563//928 2562//927
f 2515//880 2516//881 2564//929
f 2515//880 2564//929 2563//928
f 2516//881 2517//882 2565//930
f 2516//881 2565//930 2564//929
f 2517//882 2518//883 2566//931
f 2517//882 2566//931 2565//930
f 2518//883 2519//884 2567//932
f 2518//883 2567//932 2566//931
f 2519//884 2520//885 2568//933
f 2519//884 2568//933 2567//932
f 2520//885 2521//886 2569//934
f 2520//885 2569//934 2568//933
f 2521//886 2522//887 2570//935
f 2521//886 2570//935 2569//934
f 2522//887 2523//888 2571//936
f 2522//887 2571//936 2570//935
f 2523//888 2524//889 2572//937
f 2523//888 2572//937 2571//936
f 2524//889 2525//890 2573//938
f 2524//889 2573//938 2572//937
f 2525//890 2526//891 2574//939
f 2525//890 2574//939 2573//938
f 2526//891 2527//892 2575//940
f 2526//891 2575//940 2574//939
f 2527//892 2528//893 2576//941
f 2527//892 2576//941 2575//940
f 2528//893 2529//894 2577//942
f 2528//893 2577//942 2576//941
f 2529//894 2530//895 2578//943
f 2529//894 2578//943 2577//942
f 2530//895 2531//896 2579//944
f 2530//895 2579//944 2578//943
f 2531//896 2532//897 2580//945
f 2531//896 2580//945 2579//944
f 2532//897 2533//898 2581//946
f 2532//897 2581//946 2580//945
f 2533//898 2534//899 2582//947
f 2533//898 2582//947 2581//946
f 2534//899 2535//900 2583//948
f 2534//899 2583//948 2582//947
f 2535//900 2536//901 2584//949
f 2535//900 2584//949 2583//948
f 2536//901 2537//902 2585//950
f 2536//901 2585//950 2584//949
f 2537//902 2538//903 2586//951
f 2537//902 2586//951 2585//950
f 2538//903 2539//904 2587//952
f 2538//903 2587//952 2586//951
f 2539//904 2540//905 2588//953
f 2539//904 2588//953 2587//952
f 2540//905 2541//906 2589//954
f 2540//905 2589//954 2588//953
f 2541//906 2542//907 2590//955
f 2541//906 2590//955 2589//954
f 2542//907 2543//908 2591//956
f 2542//907 2591//956 2590//955
f 2543//908 2544//909 2592//957
f 2543//908 2592//957 2591//956
f 2544//909 2545//910 2593//958
f 2544//909 2593//958 2592//957
f 2545//910 2546//911 2594//959
f 2545//910 2594//959 2593//958
f 2546//911 2547//912 2595//960
f 2546//911 2595//960 2594//959
f 2547//912 2548//913 2596//961
f 2547//912 2596//961 2595//960
f 2548//913 2502//867 2550//915
f 2548//913 2550//915 2596//961
f 2550//915 2549//914 2597//962
f 2550//915 2597//962 2598//963
f 2549//914 2551//916 2599//964
f 2549//914 2599//964 2597//962
f 2551//916 2552//917 2600//965
f 2551//916 2600//965 2599//964
f 2552//917 2553//918 2601//966
f 2552//917 2601//966 2600//965
f 2553//918 2554//919 2602//967
f 2553//918 2602//967 2601//966
f 2554//919 2555//920 2603//968
f 2554//919 2603//968 2602//967
f 2555//920 2556//921 2604//969
f 2555//920 2604//969 2603//968
f 2556//921 2557//922 2605//970
f 2556//921 2605//970 2604//969
f 2557//922 2558//923 2606//971
f 2557//922 2606//971 2605//970
f 2558//923 2559//924 2607//972
f 2558//923 2607//972 2606//971
f 2559//924 2560//925 2608//973
f 2559//924 2608//973 2607//972
f 2560//925 2561//926 2609//974
f 2560//925 2609//974 2608//973
f 2561//926 2562//927 2610//975
f 2561//926 2610//975 2609//974
f 2562//927 2563//928 2611//976
f 2562//927 2611//976 2610//975
f 2563//928 2564//929 2612//977
f 2563//928 2612//977 2611//976
f 2564//929 2565//930 2613//978
f 2564//929 2613//978 2612//977
f 2565//930 2566//931 2614//979
f 2565//930 2614//979 2613//978
f 2566//931 2567//932 2615//980
f 2566//931 2615//980 2614//979
f 2567//932 2568//933 2616//981
f 2567//932 2616//981 2615//980
f 2568//933 2569//934 2617//982
f 2568//933 2617//982 2616//981
f 2569//934 2570//935 2618//983
f 2569//934 2618//983 2617//982
f 2570//935 2571//936 2619//984
f 2570//935 2619//984 2618//983
f 2571//936 2572//937 2620//985
f 2571//936 2620//985 2619//984
f 2572//937 2573//938 2621//986
f 2572//937 2621//986 2620//985
f 2573//938 2574//939 2622//987
f 2573//938 2622//987 2621//986
f 2574//939 2575//940 2623//988
f 2574//939 2623//988 2622//987
f 2575//940 2576//941 2624//989
f 2575//940 2624//989 2623//988
f 2576//941 2577//942 2625//990
f 2576//941 2625//990 2624//989
f 2577//942 2578//943 2626//991
f 2577//942 2626//991 2625//990
f 2578//943 2579//944 2627//992
f 2578//943 2627//992 2626//991
f 2579//944 2580//945 2628//993
f 2579//944 2628//993 2627//992
f 2580//945 2581//946 2629//994
f 2580//945 2629//994 2628//993
f 2581//946 2582//947 2630//995
f 2581//946 2630//995 2629//994
f 2582//947 2583//948 2631//996
f 2582//947 2631//996 2630//995
f 2583//948 2584//949 2632//997
f 2583//948 2632//997 2631//996
f 2584//949 2585//950 2633//998
f 2584//949 2633//998 2632//997
f 2585//950 2586//951 2634//999
f 2585//950 2634//999 2633//998
f 2586//951 2587//952 2635//1000
f 2586//951 2635//1000 2634//999
f 2587//952 2588//953 2636//1001
f 2587//952 2636//1001 2635//1000
f 2588//953 2589//954 2637//1002
f 2588//953 2637//1002 2636//1001
f 2589//954 2590//955 2638//1003
f 2589//954 2638//1003 2637//1002
f 2590//955 2591//956 2639//1004
f 2590//955 2639//1004 2638//1003
f 2591//956 2592//957 2640//1005
f 2591//956 2640//1005 2639//1004
f 2592//957 2593//958 2641//1006
f 2592//957 2641//1006 2640//1005
f 2593//958 2594//959 2642//1007
f 2593//958 2642//1007 2641//1006
f 2594//959 2595//960 2643//1008
f 2594//959 2643//1008 2642//1007
f 2595//960 2596//961 2644//1009
f 2595//960 2644//1009 2643//1008
f 2596//961 2550//915 2598//963
f 2596//961 2598//963 2644//1009
f 2598//963 2597//962 2645//1010
f 2598//963 2645//1010 2646//1011
f 2597//962 2599//964 2647//1012
f 2597//962 2647//1012 2645//1010
f 2599//964 2600//965 2648//1013
f 2599//964 2648//1013 2647//1012
f 2600//965 2601//966 2649//1014
f 2600//965 2649//1014 2648//1013
f 2601//966 2602//967 2650//1015
f 2601//966 2650//1015 2649//1014
f 2602//967 2603//968 2651//1016
f 2602//967 2651//1016 2650//1015
f 2603//968 2604//969 2652//1017
f 2603//968 2652//1017 2651//1016
f 2604//969 2605//970 2653//1018
f 2604//969 2653//1018 2652//1017
f 2605//970 2606//971 2654//1019
f 2605//970 2654//1019 2653//1018
f 2606//971 2607//972 2655//1020
f 2606//971 2655//1020 2654//1019
f 2607//972 2608//973 2656//1021
f 2607//972 2656//1021 2655//1020
f 2608//973 2609//974 2657//1022
f 2608//973 2657//1022 2656//1021
f 2609//974 2610//975 2658//1023
f 2609//974 2658//1023 2657//1022
f 2610//975 2611//976 2659//1024
f 2610//975 2659//1024 2658//1023
f 2611//976 2612//977 2660//1025
f 2611//976 2660//1025 2659//1024
f 2612//977 2613//978 2661//1026
f 2612//977 2661//1026 2660//1025
f 2613//978 2614//979 2662//1027
f 2613//978 2662//1027 2661//1026
f 2614//979 2615//980 2663//1028
f 2614//979 2663//1028 2662//1027
f 2615//980 2616//981 2664//1029
f 2615//980 2664//1029 2663//1028
f 2616//981 2617//982 2665//1030
f 2616//981 2665//1030 2664//1029
f 2617//982 2618//983 2666//1031
f 2617//982 2666//1031 2665//1030
f 2618//983 2619//984 2667//1032
f 2618//983 2667//1032 2666//1031
f 2619//984 2620//985 2668//1033
f 2619//984 2668//1033 2667//1032
f 2620//985 2621//986 2669//1034
f 2620//985 2669//1034 2668//1033
f 2621//986 2622//987 2670//1035
f 2621//986 2670//1035 2669//1034
f 2622//987 2623//988 2671//1036
f 2622//987 2671//1036 2670//1035
f 2623//988 2624//989 2672//1037
f 2623//988 2672//1037 2671//1036
f 2624//989 2625//990 2673//1038
f 2624//989 2673//1038 2672//1037
f 2625//990 2626//991 2674//1039
f 2625//990 2674//1039 2673//1038
f 2626//991 2627//992 2675//1040
f 2626//991 2675//1040 2674//1039
f 2627//992 2628//993 2676//1041
f 2627//992 2676//1041 2675//1040
f 2628//993 2629//994 2677//1042
f 2628//993 2677//1042 2676//1041
f 2629//994 2630//995 2678//1043
f 2629//994 2678//1043 2677//1042
f 2630//995 2631//996 2679//1044
f 2630//995 2679//1044 2678//1043
f 2631//996 2632//997 2680//1045
f 2631//996 2680//1045 2679//1044
f 2632//997 2633//998 2681//1046
f 2632//997 2681//1046 2680//1045
f 2633//998 2634//999 2682//1047
f 2633//998 2682//1047 2681//1046
f 2634//999 2635//1000 2683//1048
f 2634//999 2683//1048 2682//1047
f 2635//1000 2636//1001 2684//1049
f 2635//1000 2684//1049 2683//1048
f 2636//1001 2637//1002 2685//1050
f 2636//1001 2685//1050 2684//1049
f 2637//1002 2638//1003 2686//1051
f 2637//1002 2686//1051 2685//1050
f 2638//1003 2639//1004 2687//1052
f 2638//1003 2687//1052 2686//1051
f 2639//1004 2640//1005 2688//1053
f 2639//1004 2688//1053 2687//1052
f 2640//1005 2641//1006 2689//1054
f 2640//1005 2689//1054 2688//1053
f 2641//1006 2642//1007 2690//1055
f 2641//1006 2690//1055 2689//1054
f 2642//1007 2643//1008 2691//1056
f 2642//1007 2691//1056 2690//1055
f 2643//1008 2644//1009 2692//1057
f 2643//1008 2692//1057 2691//1056
f 2644//1009 2598//963 2646//1011
f 2644//1009 2646//1011 2692//1057
f 2646//1011 2645//1010 2693//1058
f 2646//1011 2693//1058 2694//1059
f 2645//1010 2647//1012 2695//1060
f 2645//1010 2695//1060 2693//1058
f 2647//1012 2648//1013 2696//1061
f 2647//1012 2696//1061 2695//1060
f 2648//1013 2649//1014 2697//1062
f 2648//1013 2697//1062 2696//1061
f 2649//1014 2650//1015 2698//1063
f 2649//1014 2698//1063 2697//1062
f 2650//1015 2651//1016 2699//1064
f 2650//1015 2699//1064 2698//1063
f 2651//1016 2652//1017 2700//1065
f 2651//1016 2700//1065 2699//1064
f 2652//1017 2653//1018 2701//1066
f 2652//1017 2701//1066 2700//1065
f 2653//1018 2654//1019 2702//1067
f 2653//1018 2702//1067 2701//1066
f 2654//1019 2655//1020 2703//1068
f 2654//1019 2703//1068 2702//1067
f 2655//1020 2656//1021 2704//1069
f 2655//1020 2704//1069 2703//1068
f 2656//1021 2657//1022 2705//1070
f 2656//1021 2705//1070 2704//1069
f 2657//1022 2658//1023 2706//1071
f 2657//1022 2706//1071 2705//1070
f 2658//1023 2659//1024 2707//1072
f 2658//1023 2707//1072 2706//1071
f 2659//1024 2660//1025 2708//1073
f 2659//1024 2708//1073 2707//1072
f 2660//1025 2661//1026 2709//1074
f 2660//1025 2709//1074 2708//1073
f 2661//1026 2662//1027 2710//1075
f 2661//1026 2710//1075 2709//1074
f 2662//1027 2663//1028 2711//1076
f 2662//1027 2711//1076 2710//1075
f 2663//1028 2664//1029 2712//1077
f 2663//1028 2712//1077 2711//1076
f 2664//1029 2665//1030 2713//1078
f 2664//1029 2713//1078 2712//1077
f 2665//1030 2666//1031 2714//1079
f 2665//1030 2714//1079 2713//1078
f 2666//1031 2667//1032 2715//1080
f 2666//1031 2715//1080 2714//1079
f 2667//1032 2668//1033 2716//1081
f 2667//1032 2716//1081 2715//1080
f 2668//1033 2669//1034 2717//1082
f 2668//1033 2717//1082 2716//1081
f 2669//1034 2670//1035 2718//1083
f 2669//1034 2718//1083 2717//1082
f 2670//1035 2671//1036 2719//1084
f 2670//1035 2719//1084 2718//1083
f 2671//1036 2672//1037 2720//1085
f 2671//1036 2720//1085 2719//1084
f 2672//1037 2673//1038 2721//1086
f 2672//1037 2721//1086 2720//1085
f 2673//1038 2674//1039 2722//1087
f 2673//1038 2722//1087 2721//1086
f 2674//1039 2675//1040 2723//1088
f 2674//1039 2723//1088 2722//1087
f 2675//1040 2676//1041 2724//1089
f 2675//1040 2724//1089 2723//1088
f 2676//1041 2677//1042 2725//1090
f 2676//1041 2725//1090 2724//1089
f 2677//1042 2678//1043 2726//1091
f 2677//1042 2726//1091 2725//1090
f 2678//1043 2679//1044 2727//1092
f 2678//1043 2727//1092 2726//1091
f 2679//1044 2680//1045 2728//1093
f 2679//1044 2728//1093 2727//1092
f 2680//1045 2681//1046 2729//1094
f 2680//1045 2729//1094 2728//1093
f 2681//1046 2682//1047 2730//1095
f 2681//1046 2730//1095 2729//1094
f 2682//1047 2683//1048 2731//1096
f 2682//1047 2731//1096 2730//1095
f 2683//1048 2684//1049 2732//1097
f 2683//1048 2732//1097 2731//1096
f 2684//1049 2685//1050 2733//1098
f 2684//1049 2733//1098 2732//1097
f 2685//1050 2686//1051 2734//1099
f 2685//1050 2734//1099 2733//1098
f 2686//1051 2687//1052 2735//1100
f 2686//1051 2735//1100 2734//1099
f 2687//1052 2688//1053 2736//1101
f 2687//1052 2736//1101 2735//1100
f 2688//1053 2689//1054 2737//1102
f 2688//1053 2737//1102 2736//1101
f 2689//1054 2690//1055 2738//1103
f 2689//1054 2738//1103 2737//1102
f 2690//1055 2691//1056 2739//1104
f 2690//1055 2739//1104 2738//1103
f 2691//1056 2692//1057 2740//1105
f 2691//1056 2740//1105 2739//1104
f 2692//1057 2646//1011 2694//1059
f 2692//1057 2694//1059 2740//1105
f 2694//1059 2693//1058 2741//1106
f 2693//1058 2695//1060 2741//1106
f 2695//1060 2696//1061 2741//1106
f 2696//1061 2697//1062 2741//1106
f 2697//1062 2698//1063 2741//1106
f 2698//1063 2699//1064 2741//1106
f 2699//1064 2700//1065 2741//1106
f 2700//1065 2701//1066 2741//1106
f 2701//1066 2702//1067 2741//1106
f 2702//1067 2703//1068 2741//1106
f 2703//1068 2704//1069 2741//1106
f 2704//1069 2705//1070 2741//1106
f 2705//1070 2706//1071 2741//1106
f 2706//1071 2707//1072 2741//1106
f 2707//1072 2708//1073 2741//1106
f 2708//1073 2709//1074 2741//1106
f 2709//1074 2710//1075 2741//1106
f 2710//1075 2711//1076 2741//1106
f 2711//1076 2712//1077 2741//1106
f 2712//1077 2713//1078 2741//1106
f 2713//1078 2714//1079 2741//1106
f 2714//1079 2715//1080 2741//1106
f 2715//1080 2716//1081 2741//1106
f 2716//1081 2717//1082 2741//1106
f 2717//1082 2718//1083 2741//1106
f 2718//1083 2719//1084 2741//1106
f 2719//1084 2720//1085 2741//1106
f 2720//1085 2721//1086 2741//1106
f 2721//1086 2722//1087 2741//1106
f 2722//1087 2723//1088 2741//1106
f 2723//1088 2724//1089 2741//1106
f 2724//1089 2725//1090 2741//1106
f 2725//1090 2726//1091 2741//1106
f 2726//1091 2727//1092 2741//1106
f 2727//1092 2728//1093 2741//1106
f 2728//1093 2729//1094 2741//1106
f 2729//1094 2730//1095 2741//1106
f 2730//1095 2731//1096 2741//1106
f 2731//1096 2732//1097 2741//1106
f 2732//1097 2733//1098 2741//1106
f 2733//1098 2734//1099 2741//1106
f 2734//1099 2735//1100 2741//1106
f 2735//1100 2736//1101 2741//1106
f 2736//1101 2737//1102 2741//1106
f 2737//1102 2738//1103 2741//1106
f 2738//1103 2739//1104 2741//1106
f 2739//1104 2740//1105 2741//1106
f 2740//1105 2694//1059 2741//1106
usemtl ior2
f 2742//1 2743//2 2744//3
f 2742//1 2745//4 2743//2
f 2742//1 2746//5 2745//4
f 2742//1 2747//6 2746//5
f 2742//1 2748//7 2747//6
f 2742//1 2749//8 2748//7
f 2742//1 2750//9 2749//8
f 2742//1 2751//10 2750//9
f 2742//1 2752//11 2751//10
f 2742//1 2753//12 2752//11
f 2742//1 2754//13 2753//12
f 2742//1 2755//14 2754//13
f 2742//1 2756//15 2755//14
f 2742//1 2757//16 2756//15
f 2742//1 2758//17 2757//16
f 2742//1 2759//18 2758//17
f 2742//1 2760//19 2759//18
f 2742//1 2761//20 2760//19
f 2742//1 2762//21 2761//20
f 2742//1 2763//22 2762//21
f 2742//1 2764//23 2763//22
f 2742//1 2765//24 2764//23
f 2742//1 2766//25 2765//24
f 2742//1 2767//26 2766//25
f 2742//1 2768//27 2767//26
f 2742//1 2769//28 2768//27
f 2742//1 2770//29 2769//28
f 2742//1 2771//30 2770//29
f 2742//1 2772//31 2771//30
f 2742//1 2773//32 2772//31
f 2742//1 2774//33 2773//32
f 2742//1 2775//34 2774//33
f 2742//1 2776//35 2775//34
f 2742//1 2777//36 2776//35
f 2742//1 2778//37 2777//36
f 2742//1 2779//38 2778//37
f 2742//1 2780//39 2779//38
f 2742//1 2781//40 2780//39
f 2742//1 2782//41 2781//40
f 2742//1 2783//42 2782//41
f 2742//1 2784//43 2783//42
f 2742//1 2785//44 2784//43
f 2742//1 2786//45 2785//44
f 2742//1 2787//46 2786//45
f 2742//1 2788//47 2787//46
f 2742//1 2789//48 2788//47
f 2742//1 2790//49 2789//48
f 2742//1 2744//3 2790//49
f 2744//3 2743//2 2791//50
f 2744//3 2791//50 2792//51
f 2743//2 2745//4 2793//52
f 2743//2 2793//52 2791//50
f 2745//4 2746//5 2794//53
f 2745//4 2794//53 2793//52
f 2746//5 2747//6 2795//54
f 2746//5 2795//54 2794//53
f 2747//6 2748//7 2796//55
f 2747//6 2796//55 2795//54
f 2748//7 2749//8 2797//56
f 2748//7 2797//56 2796//55
f 2749//8 2750//9 2798//57
f 2749//8 2798//57 2797//56
f 2750//9 2751//10 2799//58
f 2750//9 2799//58 2798//57
f 2751//10 2752//11 2800//59
f 2751//10 2800//59 2799//58
f 2752//11 2753//12 2801//60
f 2752//11 2801//60 2800//59
f 2753//12 2754//13 2802//61
f 2753//12 2802//61 2801//60
f 2754//13 2755//14 2803//62
f 2754//13 2803//62 2802//61
f 2755//14 2756//15 2804//63
f 2755//14 2804//63 2803//62
f 2756//15 2757//16 2805//64
f 2756//15 2805//64 2804//63
f 2757//16 2758//17 2806//65
f 2757//16 2806//65 2805//64
f 2758//17 2759//18 2807//66
f 2758//17 2807//66 2806//65
f 2759//18 2760//19 2808//67
f 2759//18 2808//67 2807//66
f 2760//19 2761//20 2809//68
f 2760//19 2809//68 2808//67
f 2761//20 2762//21 2810//69
f 2761//20 2810//69 2809//68
f 2762//21 2763//22 2811//70
f 2762//21 2811//70 2810//69
f 2763//22 2764//23 2812//71
f 2763//22 2812//71 2811//70
f 2764//23 2765//24 2813//72
f 2764//23 2813//72 2812//71
f 2765//24 2766//25 2814//73
f 2765//24 2814//73 2813//72
f 2766//25 2767//26 2815//74
f 2766//25 2815//74 2814//73
f 2767//26 2768//27 2816//75
f 2767//26 2816//75 2815//74
f 2768//27 2769//28 2817//76
f 2768//27 2817//76 2816//75
f 2769//28 2770//29 2818//77
f 2769//28 2818//77 2817//76
f 2770//29 2771//30 2819//78
f 2770//29 2819//78 2818//77
f 2771//30 2772//31 2820//79
f 2771//30 2820//79 2819//78
f 2772//31 2773//32 2821//80
f 2772//31 2821//80 2820//79
f 2773//32 2774//33 2822//81
f 2773//32 2822//81 2821//80
f 2774//33 2775//34 2823//82
f 2774//33 2823//82 2822//81
f 2775//34 2776//35 2824//83
f 2775//34 2824//83 2823//82
f 2776//35 2777//36 2825//84
f 2776//35 2825//84 2824//83
f 2777//36 2778//37 2826//85
f 2777//36 2826//85 2825//84
f 2778//37 2779//38 2827//86
f 2778//37 2827//86 2826//85
f 2779//38 2780//39 2828//87
f 2779//38 2828//87 2827//86
f 2780//39 2781//40 2829//88
f 2780//39 2829//88 2828//87
f 2781//40 2782//41 2830//89
f 2781//40 2830//89 2829//88
f 2782//41 2783//42 2831//90
f 2782//41 2831//90 2830//89
f 2783//42 2784//43 2832//91
f 2783//42 2832//91 2831//90
f 2784//43 2785//44 2833//92
f 2784//43 2833//92 2832//91
f 2785//44 2786//45 2834//93
f 2785//44 2834//93 2833//92
f 2786//45 2787//46 2835//94
f 2786//45 2835//94 2834//93
f 2787//46 2788//47 2836//95
f 2787//46 2836//95 2835//94
f 2788//47 2789//48 2837//96
f 2788//47 2837//96 2836//95
f 2789//48 2790//49 2838//97
f 2789//48 2838//97 2837//96
f 2790//49 2744//3 2792//51
f 2790//49 2792//51 2838//97
f 2792//51 2791//50 2839//98
f 2792//51 2839//98 2840//99
f 2791//50 2793//52 2841//100
f 2791//50 2841//100 2839//98
f 2793//52 2794//53 2842//101
f 2793//52 2842//101 2841//100
f 2794//53 2795//54 2843//102
f 2794//53 2843//102 2842//101
f 2795//54 2796//55 2844//103
f 2795//54 2844//103 2843//102
f 2796//55 2797//56 2845//104
f 2796//55 2845//104 2844//103
f 2797//56 2798//57 2846//105
f 2797//56 2846//105 2845//104
f 2798//57 2799//58 2847//106
f 2798//57 2847//106 2846//105
f 2799//58 2800//59 2848//107
f 2799//58 2848//107 2847//106
f 2800//59 2801//60 2849//108
f 2800//59 2849//108 2848//107
f 2801//60 2802//61 2850//109
f 2801//60 2850//109 2849//108
f 2802//61 2803//62 2851//110
f 2802//61 2851//110 2850//109
f 2803//62 2804//63 2852//111
f 2803//62 2852//111 2851//110
f 2804//63 2805//64 2853//112
f 2804//63 2853//112 2852//111
f 2805//64 2806//65 2854//113
f 2805//64 2854//113 2853//112
f 2806//65 2807//66 2855//114
f 2806//65 2855//114 2854//113
f 2807//66 2808//67 2856//115
f 2807//66 2856//115 2855//114
f 2808//67 2809//68 2857//116
f 2808//67 2857//116 2856//115
f 2809//68 2810//69 2858//117
f 2809//68 2858//117 2857//116
f 2810//69 2811//70 2859//118
f 2810//69 2859//118 2858//117
f 2811//70 2812//71 2860//119
f 2811//70 2860//119 2859//118
f 2812//71 2813//72 2861//120
f 2812//71 2861//120 2860//119
f 2813//72 2814//73 2862//121
f 2813//72 2862//121 2861//120
f 2814//73 2815//74 2863//122
f 2814//73 2863//122 2862//121
f 2815//74 2816//75 2864//123
f 2815//74 2864//123 2863//122
f 2816//75 2817//76 2865//124
f 2816//75 2865//124 2864//123
f 2817//76 2818//77 2866//125
f 2817//76 2866//125 2865//124
f 2818//77 2819//78 2867//126
f 2818//77 2867//126 2866//125
f 2819//78 2820//79 2868//127
f 2819//78 2868//127 2867//126
f 2820//79 2821//80 2869//128
f 2820//79 2869//128 2868//127
f 2821//80 2822//81 2870//129
f 2821//80 2870//129 2869//128
f 2822//81 2823//82 2871//130
f 2822//81 2871//130 2870//129
f 2823//82 2824//83 2872//131
f 2823//82 2872//131 2871//130
f 2824//83 2825//84 2873//132
f 2824//83 2873//132 2872//131
f 2825//84 2826//85 2874//133
f 2825//84 2874//133 2873//132
f 2826//85 2827//86 2875//134
f 2826//85 2875//134 2874//133
f 2827//86 2828//87 2876//135
f 2827//86 2876//135 2875//134
f 2828//87 2829//88 2877//136
f 2828//87 2877//136 2876//135
f 2829//88 2830//89 2878//137
f 2829//88 2878//137 2877//136
f 2830//89 2831//90 2879//138
f 2830//89 2879//138 2878//137
f 2831//90 2832//91 2880//139
f 2831//90 2880//139 2879//138
f 2832//91 2833//92 2881//140
f 2832//91 2881//140 2880//139
f 2833//92 2834//93 2882//141
f 2833//92 2882//141 2881//140
f 2834//93 2835//94 2883//142
f 2834//93 2883//142 2882//141
f 2835//94 2836//95 2884//143
f 2835//94 2884//143 2883//142
f 2836//95 2837//96 2885//144
f 2836//95 2885//144 2884//143
f 2837//96 2838//97 2886//145
f 2837//96 2886//145 2885//144
f 2838//97 2792//51 2840//99
f 2838//97 2840//99 2886//145
f 2840//99 2839//98 2887//146
f 2840//99 2887//146 2888//147
f 2839//98 2841//100 2889//148
f 2839//98 2889//148 2887//146
f 2841//100 2842//101 2890//149
f 2841//100 2890//149 2889//148
f 2842//101 2843//102 2891//150
f 2842//101 2891//150 2890//149
f 2843//102 2844//103 2892//151
f 2843//102 2892//151 2891//150
f 2844//103 2845//104 2893//152
f 2844//103 2893//152 2892//151
f 2845//104 2846//105 2894//153
f 2845//104 2894//153 2893//152
f 2846//105 2847//106 2895//154
f 2846//105 2895//154 2894//153
f 2847//106 2848//107 2896//155
f 2847//106 2896//155 2895//154
f 2848//107 2849//108 2897//156
f 2848//107 2897//156 2896//155
f 2849//108 2850//109 2898//157
f 2849//108 2898//157 2897//156
f 2850//109 2851//110 2899//158
f 2850//109 2899//158 2898//157
f 2851//110 2852//111 2900//159
f 2851//110 2900//159 2899//158
f 2852//111 2853//112 2901//160
f 2852//111 2901//160 2900//159
f 2853//112 2854//113 2902//161
f 2853//112 2902//161 2901//160
f 2854//113 2855//114 2903//162
f 2854//113 2903//162 2902//161
f 2855//114 2856//115 2904//163
f 2855//114 2904//163 2903//162
f 2856//115 2857//116 2905//164
f 2856//115 2905//164 2904//163
f 2857//116 2858//117 2906//165
f 2857//116 2906//165 2905//164
f 2858//117 2859//118 2907//166
f 2858//117 2907//166 2906//165
f 2859//118 2860//119 2908//167
f 2859//118 2908//167 2907//166
f 2860//119 2861//120 2909//168
f 2860//119 2909//168 2908//167
f 2861//120 2862//121 2910//169
f 2861//120 2910//169 2909//168
f 2862//121 2863//122 2911//170
f 2862//121 2911//170 2910//169
f 2863//122 2864//123 2912//171
f 2863//122 2912//171 2911//170
f 2864//123 2865//124 2913//172
f 2864//123 2913//172 2912//171
f 2865//124 2866//125 2914//173
f 2865//124 2914//173 2913//172
f 2866//125 2867//126 2915//174
f 2866//125 2915//174 2914//173
f 2867//126 2868//127 2916//175
f 2867//126 2916//175 2915//174
f 2868//127 2869//128 2917//176
f 2868//127 2917//176 2916//175
f 2869//128 2870//129 2918//177
f 2869//128 2918//177 2917//176
f 2870//129 2871//130 2919//178
f 2870//129 2919//178 2918//177
f 2871//130 2872//131 2920//179
f 2871//130 2920//179 2919//178
f 2872//131 2873//132 2921//180
f 2872//131 2921//180 2920//179
f 2873//132 2874//133 2922//181
f 2873//132 2922//181 2921//180
f 2874//133 2875//134 2923//182
f 2874//133 2923//182 2922//181
f 2875//134 2876//135 2924//183
f 2875//134 2924//183 2923//182
f 2876//135 2877//136 2925//184
f 2876//135 2925//184 2924//183
f 2877//136 2878//137 2926//185
f 2877//136 2926//185 2925//184
f 2878//137 2879//138 2927//186
f 2878//137 2927//186 2926//185
f 2879//138 2880//139 2928//187
f 2879//138 2928//187 2927//186
f 2880//139 2881//140 2929//188
f 2880//139 2929//188 2928//187
f 2881//140 2882//141 2930//189
f 2881//140 2930//189 2929//188
f 2882//141 2883//142 2931//190
f 2882//141 2931//190 2930//189
f 2883//142 2884//143 2932//191
f 2883//142 2932//191 2931//190
f 2884//143 2885//144 2933//192
f 2884//143 2933//192 2932//191
f 2885//144 2886//145 2934//193
f 2885//144 2934//193 2933//192
f 2886//145 2840//99 2888//147
f 2886//145 2888//147 2934//193
f 2888//147 2887//146 2935//194
f 2888//147 2935//194 2936//195
f 2887//146 2889//148 2937//196
f 2887//146 2937//196 2935//194
f 2889//148 2890//149 2938//197
f 2889//148 2938//197 2937//196
f 2890//149 2891//150 2939//198
f 2890//149 2939//198 2938//197
f 2891//150 2892//151 2940//199
f 2891//150 2940//199 2939//198
f 2892//151 2893//152 2941//200
f 2892//151 2941//200 2940//199
f 2893//152 2894//153 2942//201
f 2893//152 2942//201 2941//200
f 2894//153 2895//154 2943//202
f 2894//153 2943//202 2942//201
f 2895//154 2896//155 2944//203
f 2895//154 2944//203 2943//202
f 2896//155 2897//156 2945//204
f 2896//155 2945//204 2944//203
f 2897//156 2898//157 2946//205
f 2897//156 2946//205 2945//204
f 2898//157 2899//158 2947//206
f 2898//157 2947//206 2946//205
f 2899//158 2900//159 2948//207
f 2899//158 2948//207 2947//206
f 2900//159 2901//160 2949//208
f 2900//159 2949//208 2948//207
f 2901//160 2902//161 2950//209
f 2901//160 2950//209 2949//208
f 2902//161 2903//162 2951//210
f 2902//161 2951//210 2950//209
f 2903//162 2904//163 2952//211
f 2903//162 2952//211 2951//210
f 2904//163 2905//164 2953//212
f 2904//163 2953//212 2952//211
f 2905//164 2906//165 2954//213
f 2905//164 2954//213 2953//212
f 2906//165 2907//166 2955//214
f 2906//165 2955//214 2954//213
f 2907//166 2908//167 2956//215
f 2907//166 2956//215 2955//214
f 2908//167 2909//168 2957//216
f 2908//167 2957//216 2956//215
f 2909//168 2910//169 2958//217
f 2909//168 2958//217 2957//216
f 2910//169 2911//170 2959//218
f 2910//169 2959//218 2958//217
f 2911//170 2912//171 2960//219
f 2911//170 2960//219 2959//218
f 2912//171 2913//172 2961//220
f 2912//171 2961//220 2960//219
f 2913//172 2914//173 2962//221
f 2913//172 2962//221 2961//220
f 2914//173 2915//174 2963//222
f 2914//173 2963//222 2962//221
f 2915//174 2916//175 2964//223
f 2915//174 2964//223 2963//222
f 2916//175 2917//176 2965//224
f 2916//175 2965//224 2964//223
f 2917//176 2918//177 2966//225
f 2917//176 2966//225 2965//224
f 2918//177 2919//178 2967//226
f 2918//177 2967//226 2966//225
f 2919//178 2920//179 2968//227
f 2919//178 2968//227 2967//226
f 2920//179 2921//180 2969//228
f 2920//179 2969//228 2968//227
f 2921//180 2922//181 2970//229
f 2921//180 2970//229 2969//228
f 2922//181 2923//182 2971//230
f 2922//181 2971//230 2970//229
f 2923//182 2924//183 2972//231
f 2923//182 2972//231 2971//230
f 2924//183 2925//184 2973//232
f 2924//183 2973//232 2972//231
f 2925//184 2926//185 2974//233
f 2925//184 2974//233 2973//232
f 2926//185 2927//186 2975//234
f 2926//185 2975//234 2974//233
f 2927//186 2928//187 2976//235
f 2927//186 2976//235 2975//234
f 2928//187 2929//188 2977//236
f 2928//187 2977//236 2976//235
f 2929//188 2930//189 2978//237
f 2929//188 2978//237 2977//236
f 2930//189 2931//190 2979//238
f 2930//189 2979//238 2978//237
f 2931//190 2932//191 2980//239
f 2931//190 2980//239 2979//238
f 2932//191 2933//192 2981//240
f 2932//191 2981//240 2980//239
f 2933//192 2934//193 2982//241
f 2933//192 2982//241 2981//240
f 2934//193 2888//147 2936//195
f 2934//193 2936//195 2982//241
f 2936//195 2935//194 2983//242
f 2936//195 2983//242 2984//243
f 2935//194 2937//196 2985//244
f 2935//194 2985//244 2983//242
f 2937//196 2938//197 2986//245
f 2937//196 2986//245 2985//244
f 2938//197 2939//198 2987//246
f 2938//197 2987//246 2986//245
f 2939//198 2940//199 2988//247
f 2939//198 2988//247 2987//246
f 2940//199 2941//200 2989//248
f 2940//199 2989//248 2988//247
f 2941//200 2942//201 2990//249
f 2941//200 2990//249 2989//248
f 2942//201 2943//202 2991//250
f 2942//201 2991//250 2990//249
f 2943//202 2944//203 2992//251
f 2943//202 2992//251 2991//250
f 2944//203 2945//204 2993//252
f 2944//203 2993//252 2992//251
f 2945//204 2946//205 2994//253
f 2945//204 2994//253 2993//252
f 2946//205 2947//206 2995//254
f 2946//205 2995//254 2994//253
f 2947//206 2948//207 2996//255
f 2947//206 2996//255 2995//254
f 2948//207 2949//208 2997//256
f 2948//207 2997//256 2996//255
f 2949//208 2950//209 2998//257
f 2949//208 2998//257 2997//256
f 2950//209 2951//210 2999//258
f 2950//209 2999//258 2998//257
f 2951//210 2952//211 3000//259
f 2951//210 3000//259 2999//258
f 2952//211 2953//212 3001//260
f 2952//211 3001//260 3000//259
f 2953//212 2954//213 3002//261
f 2953//212 3002//261 3001//260
f 2954//213 2955//214 3003//262
f 2954//213 3003//262 3002//261
f 2955//214 2956//215 3004//263
f 2955//214 3004//263 3003//262
f 2956//215 2957//216 3005//264
f 2956//215 3005//264 3004//263
f 2957//216 2958//217 3006//265
f 2957//216 3006//265 3005//264
f 2958//217 2959//218 3007//266
f 2958//217 3007//266 3006//265
f 2959//218 2960//219 3008//267
f 2959//218 3008//267 3007//266
f 2960//219 2961//220 3009//268
f 2960//219 3009//268 3008//267
f 2961//220 2962//221 3010//269
f 2961//220 3010//269 3009//268
f 2962//221 2963//222 3011//270
f 2962//221 3011//270 3010//269
f 2963//222 2964//223 3012//271
f 2963//222 3012//271 3011//270
f 2964//223 2965//224 3013//272
f 2964//223 3013//272 3012//271
f 2965//224 2966//225 3014//273
f 2965//224 3014//273 3013//272
f 2966//225 2967//226 3015//274
f 2966//225 3015//274 3014//273
f 2967//226 2968//227 3016//275
f 2967//226 3016//275 3015//274
f 2968//227 2969//228 3017//276
f 2968//227 3017//276 3016//275
f 2969//228 2970//229 3018//277
f 2969//228 3018//277 3017//276
f 2970//229 2971//230 3019//278
f 2970//229 3019//278 3018//277
f 2971//230 2972//231 3020//279
f 2971//230 3020//279 3019//278
f 2972//231 2973//232 3021//280
f 2972//231 3021//280 3020//279
f 2973//232 2974//233 3022//281
f 2973//232 3022//281 3021//280
f 2974//233 2975//234 3023//282
f 2974//233 3023//282 3022//281
f 2975//234 2976//235 3024//283
f 2975//234 3024//283 3023//282
f 2976//235 2977//236 3025//284
f 2976//235 3025//284 3024//283
f 2977//236 2978//237 3026//285
f 2977//236 3026//285 3025//284
f 2978//237 2979//238 3027//286
f 2978//237 3027//286 3026//285
f 2979//238 2980//239 3028//287
f 2979//238 3028//287 3027//286
f 2980//239 2981//240 3029//288
f 2980//239 3029//288 3028//287
f 2981//240 2982//241 3030//289
f 2981//240 3030//289 3029//288
f 2982//241 2936//195 2984//243
f 2982//241 2984//243 3030//289
f 2984//243 2983//242 3031//290
f 2984//243 3031//290 3032//291
f 2983//242 2985//244 3033//292
f 2983//242 3033//292 3031//290
f 2985//244 2986//245 3034//293
f 2985//244 3034//293 3033//292
f 2986//245 2987//246 3035//294
f 2986//245 3035//294 3034//293
f 2987//246 2988//247 3036//295
f 2987//246 3036//295 3035//294
f 2988//247 2989//248 3037//296
f 2988//247 3037//296 3036//295
f 2989//248 2990//249 3038//297
f 2989//248 3038//297 3037//296
f 2990//249 2991//250 3039//298
f 2990//249 3039//298 3038//297
f 2991//250 2992//251 3040//299
f 2991//250 3040//299 3039//298
f 2992//251 2993//252 3041//300
f 2992//251 3041//300 3040//299
f 2993//252 2994//253 3042//301
f 2993//252 3042//301 3041//300
f 2994//253 2995//254 3043//302
f 2994//253 3043//302 3042//301
f 2995//254 2996//255 3044//303
f 2995//254 3044//303 3043//302
f 2996//255 2997//256 3045//304
f 2996//255 3045//304 3044//303
f 2997//256 2998//257 3046//305
f 2997//256 3046//305 3045//304
f 2998//257 2999//258 3047//306
f 2998//257 3047//306 3046//305
f 2999//258 3000//259 3048//307
f 2999//258 3048//307 3047//306
f 3000//259 3001//260 3049//308
f 3000//259 3049//308 3048//307
f 3001//260 3002//261 3050//309
f 3001//260 3050//309 3049//308
f 3002//261 3003//262 3051//310
f 3002//261 3051//310 3050//309
f 3003//262 3004//263 3052//311
f 3003//262 3052//311 3051//310
f 3004//263 3005//264 3053//312
f 3004//263 3053//312 3052//311
f 3005//264 3006//265 3054//313
f 3005//264 3054//313 3053//312
f 3006//265 3007//266 3055//314
f 3006//265 3055//314 3054//313
f 3007//266 3008//267 3056//315
f 3007//266 3056//315 3055//314
f 3008//267 3009//268 3057//316
f 3008//267 3057//316 3056//315
f 3009//268 3010//269 3058//317
f 3009//268 3058//317 3057//316
f 3010//269 3011//270 3059//318
f 3010//269 3059//318 3058//317
f 3011//270 3012//271 3060//319
f 3011//270 3060//319 3059//318
f 3012//271 3013//272 3061//320
f 3012//271 3061//320 3060//319
f 3013//272 3014//273 3062//321
f 3013//272 3062//321 3061//320
f 3014//273 3015//274 3063//322
f 3014//273 3063//322 3062//321
f 3015//274 3016//275 3064//323
f 3015//274 3064//323 3063//322
f 3016//275 3017//276 3065//324
f 3016//275 3065//324 3064//323
f 3017//276 3018//277 3066//325
f 3017//276 3066//325 3065//324
f 3018//277 3019//278 3067//326
f 3018//277 3067//326 3066//325
f 3019//278 3020//279 3068//327
f 3019//278 3068//327 3067//326
f 3020//279 3021//280 3069//328
f 3020//279 3069//328 3068//327
f 3021//280 3022//281 3070//329
f 3021//280 3070//329 3069//328
f 3022//281 3023//282 3071//330
f 3022//281 3071//330 3070//329
f 3023//282 3024//283 3072//331
f 3023//282 3072//331 3071//330
f 3024//283 3025//284 3073//332
f 3024//283 3073//332 3072//331
f 3025//284 3026//285 3074//333
f 3025//284 3074//333 3073//332
f 3026//285 3027//286 3075//334
f 3026//285 3075//334 3074//333
f 3027//286 3028//287 3076//335
f 3027//286 3076//335 3075//334
f 3028//287 3029//288 3077//336
f 3028//287 3077//336 3076//335
f 3029//288 3030//289 3078//337
f 3029//288 3078//337 3077//336
f 3030//289 2984//243 3032//291
f 3030//289 3032//291 3078//337
f 3032//291 3031//290 3079//338
f 3032//291 3079//338 3080//339
f 3031//290 3033//292 3081//340
f 3031//290 3081//340 3079//338
f 3033//292 3034//293 3082//341
f 3033//292 3082//341 3081//340
f 3034//293 3035//294 3083//342
f 3034//293 3083//342 3082//341
f 3035//294 3036//295 3084//343
f 3035//294 3084//343 3083//342
f 3036//295 3037//296 3085//344
f 3036//295 3085//344 3084//343
f 3037//296 3038//297 3086//345
f 3037//296 3086//345 3085//344
f 3038//297 3039//298 3087//346
f 3038//297 3087//346 3086//345
f 3039//298 3040//299 3088//347
f 3039//298 3088//347 3087//346
f 3040//299 3041//300 3089//348
f 3040//299 3089//348 3088//347
f 3041//300 3042//301 3090//349
f 3041//300 3090//349 3089//348
f 3042//301 3043//302 3091//350
f 3042//301 3091//350 3090//349
f 3043//302 3044//303 3092//351
f 3043//302 3092//351 3091//350
f 3044//303 3045//304 3093//352
f 3044//303 3093//352 3092//351
f 3045//304 3046//305 3094//353
f 3045//304 3094//353 3093//352
f 3046//305 3047//306 3095//354
f 3046//305 3095//354 3094//353
f 3047//306 3048//307 3096//355
f 3047//306 3096//355 3095//354
f 3048//307 3049//308 3097//356
f 3048//307 3097//356 3096//355
f 3049//308 3050//309 3098//357
f 3049//308 3098//357 3097//356
f 3050//309 3051//310 3099//358
f 3050//309 3099//358 3098//357
f 3051//310 3052//311 3100//359
f 3051//310 3100//359 3099//358
f 3052//311 3053//312 3101//360
f 3052//311 3101//360 3100//359
f 3053//312 3054//313 3102//361
f 3053//312 3102//361 3101//360
f 3054//313 3055//314 3103//362
f 3054//313 3103//362 3102//361
f 3055//314 3056//315 3104//363
f 3055//314 3104//363 3103//362
f 3056//315 3057//316 3105//364
f 3056//315 3105//364 3104//363
f 3057//316 3058//317 3106//365
f 3057//316 3106//365 3105//364
f 3058//317 3059//318 3107//366
f 3058//317 3107//366 3106//365
f 3059//318 3060//319 3108//367
f 3059//318 3108//367 3107//366
f 3060//319 3061//320 3109//368
f 3060//319 3109//368 3108//367
f 3061//320 3062//321 3110//369
f 3061//320 3110//369 3109//368
f 3062//321 3063//322 3111//370
f 3062//321 3111//370 3110//369
f 3063//322 3064//323 3112//371
f 3063//322 3112//371 3111//370
f 3064//323 3065//324 3113//372
f 3064//323 3113//372 3112//371
f 3065//324 3066//325 3114//373
f 3065//324 3114//373 3113//372
f 3066//325 3067//326 3115//374
f 3066//325 3115//374 3114//373
f 3067//326 3068//327 3116//375
f 3067//326 3116//375 3115//374
f 3068//327 3069//328 3117//376
f 3068//327 3117//376 3116//375
f 3069//328 3070//329 3118//377
f 3069//328 3118//377 3117//376
f 3070//329 3071//330 3119//378
f 3070//329 3119//378 3118//377
f 3071//330 3072//331 3120//379
f 3071//330 3120//379 3119//378
f 3072//331 3073//332 3121//380
f 3072//331 3121//380 3120//379
f 3073//332 3074//333 3122//381
f 3073//332 3122//381 3121//380
f 3074//333 3075//334 3123//382
f 3074//333 3123//382 3122//381
f 3075//334 3076//335 3124//383
f 3075//334 3124//383 3123//382
f 3076//335 3077//336 3125//384
f 3076//335 3125//384 3124//383
f 3077//336 3078//337 3126//385
f 3077//336 3126//385 3125//384
f 3078//337 3032//291 3080//339
f 3078//337 3080//339 3126//385
f 3080//339 3079//338 3127//386
f 3080//339 3127//386 3128//387
f 3079//338 3081//340 3129//388
f 3079//338 3129//388 3127//386
f 3081//340 3082//341 3130//389
f 3081//340 3130//389 3129//388
f 3082//341 3083//342 3131//390
f 3082//341 3131//390 3130//389
f 3083//342 3084//343 3132//391
f 3083//342 3132//391 3131//390
f 3084//343 3085//344 3133//392
f 3084//343 3133//392 3132//391
f 3085//344 3086//345 3134//393
f 3085//344 3134//393 3133//392
f 3086//345 3087//346 3135//394
f 3086//345 3135//394 3134//393
f 3087//346 3088//347 3136//395
f 3087//346 3136//395 3135//394
f 3088//347 3089//348 3137//396
f 3088//347 3137//396 3136//395
f 3089//348 3090//349 3138//397
f 3089//348 3138//397 3137//396
f 3090//349 3091//350 3139//398
f 3090//349 3139//398 3138//397
f 3091//350 3092//351 3140//399
f 3091//350 3140//399 3139//398
f 3092//351 3093//352 3141//400
f 3092//351 3141//400 3140//399
f 3093//352 3094//353 3142//401
f 3093//352 3142//401 3141//400
f 3094//353 3095//354 3143//402
f 3094//353 3143//402 3142//401
f 3095//354 3096//355 3144//403
f 3095//354 3144//403 3143//402
f 3096//355 3097//356 3145//404
f 3096//355 3145//404 3144//403
f 3097//356 3098//357 3146//405
f 3097//356 3146//405 3145//404
f 3098//357 3099//358 3147//406
f 3098//357 3147//406 3146//405
f 3099//358 3100//359 3148//407
f 3099//358 3148//407 3147//406
f 3100//359 3101//360 3149//408
f 3100//359 3149//408 3148//407
f 3101//360 3102//361 3150//409
f 3101//360 3150//409 3149//408
f 3102//361 3103//362 3151//410
f 3102//361 3151//410 3150//409
f 3103//362 3104//363 3152//411
f 3103//362 3152//411 3151//410
f 3104//363 3105//364 3153//412
f 3104//363 3153//412 3152//411
f 3105//364 3106//365 3154//413
f 3105//364 3154//413 3153//412
f 3106//365 3107//366 3155//414
f 3106//365 3155//414 3154//413
f 3107//366 3108//367 3156//415
f 3107//366 3156//415 3155//414
f 3108//367 3109//368 3157//416
f 3108//367 3157//416 3156//415
f 3109//368 3110//369 3158//417
f 3109//368 3158//417 3157//416
f 3110//369 3111//370 3159//418
f 3110//369 3159//418 3158//417
f 3111//370 3112//371 3160//419
f 3111//370 3160//419 3159//418
f 3112//371 3113//372 3161//420
f 3112//371 3161//420 3160//419
f 3113//372 3114//373 3162//421
f 3113//372 3162//421 3161//420
f 3114//373 3115//374 3163//422
f 3114//373 3163//422 3162//421
f 3115//374 3116//375 3164//423
f 3115//374 3164//423 3163//422
f 3116//375 3117//376 3165//424
f 3116//375 3165//424 3164//423
f 3117//376 3118//377 3166//425
f 3117//376 3166//425 3165//424
f 3118//377 3119//378 3167//426
f 3118//377 3167//426 3166//425
f 3119//378 3120//379 3168//427
f 3119//378 3168//427 3167//426
f 3120//379 3121//380 3169//428
f 3120//379 3169//428 3168//427
f 3121//380 3122//381 3170//429
f 3121//380 3170//429 3169//428
f 3122//381 3123//382 3171//430
f 3122//381 3171//430 3170//429
f 3123//382 3124//383 3172//431
f 3123//382 3172//431 3171//430
f 3124//383 3125//384 3173//432
f 3124//383 3173//432 3172//431
f 3125//384 3126//385 3174//433
f 3125//384 3174//433 3173//432
f 3126//385 3080//339 3128//387
f 3126//385 3128//387 3174//433
f 3128//387 3127//386 3175//434
f 3128//387 3175//434 3176//435
f 3127//386 3129//388 3177//436
f 3127//386 3177//436 3175//434
f 3129//388 3130//389 3178//437
f 3129//388 3178//437 3177//436
f 3130//389 3131//390 3179//438
f 3130//389 3179//438 3178//437
f 3131//390 3132//391 3180//439
f 3131//390 3180//439 3179//438
f 3132//391 3133//392 3181//440
f 3132//391 3181//440 3180//439
f 3133//392 3134//393 3182//441
f 3133//392 3182//441 3181//440
f 3134//393 3135//394 3183//442
f 3134//393 3183//442 3182//441
f 3135//394 3136//395 3184//443
f 3135//394 3184//443 3183//442
f 3136//395 3137//396 3185//444
f 3136//395 3185//444 3184//443
f 3137//396 3138//397 3186//445
f 3137//396 3186//445 3185//444
f 3138//397 3139//398 3187//446
f 3138//397 3187//446 3186//445
f 3139//398 3140//399 3188//447
f 3139//398 3188//447 3187//446
f 3140//399 3141//400 3189//448
f 3140//399 3189//448 3188//447
f 3141//400 3142//401 3190//449
f 3141//400 3190//449 3189//448
f 3142//401 3143//402 3191//450
f 3142//401 3191//450 3190//449
f 3143//402 3144//403 3192//451
f 3143//402 3192//451 3191//450
f 3144//403 3145//404 3193//452
f 3144//403 3193//452 3192//451
f 3145//404 3146//405 3194//453
f 3145//404 3194//453 3193//452
f 3146//405 3147//406 3195//454
f 3146//405 3195//454 3194//453
f 3147//406 3148//407 3196//455
f 3147//406 3196//455 3195//454
f 3148//407 3149//408 3197//456
f 3148//407 3197//456 3196//455
f 3149//408 3150//409 3198//457
f 3149//408 3198//457 3197//456
f 3150//409 3151//410 3199//458
f 3150//409 3199//458 3198//457
f 3151//410 3152//411 3200//459
f 3151//410 3200//459 3199//458
f 3152//411 3153//412 3201//460
f 3152//411 3201//460 3200//459
f 3153//412 3154//413 3202//461
f 3153//412 3202//461 3201//460
f 3154//413 3155//414 3203//462
f 3154//413 3203//462 3202//461
f 3155//414 3156//415 3204//463
f 3155//414 3204//463 3203//462
f 3156//415 3157//416 3205//464
f 3156//415 3205//464 3204//463
f 3157//416 3158//417 3206//465
f 3157//416 3206//465 3205//464
f 3158//417 3159//418 3207//466
f 3158//417 3207//466 3206//465
f 3159//418 3160//419 3208//467
f 3159//418 3208//467 3207//466
f 3160//419 3161//420 3209//468
f 3160//419 3209//468 3208//467
f 3161//420 3162//421 3210//469
f 3161//420 3210//469 3209//468
f 3162//421 3163//422 3211//470
f 3162//421 3211//470 3210//469
f 3163//422 3164//423 3212//471
f 3163//422 3212//471 3211//470
f 3164//423 3165//424 3213//472
f 3164//423 3213//472 3212//471
f 3165//424 3166//425 3214//473
f 3165//424 3214//473 3213//472
f 3166//425 3167//426 3215//474
f 3166//425 3215//474 3214//473
f 3167//426 3168//427 3216//475
f 3167//426 3216//475 3215//474
f 3168//427 3169//428 3217//476
f 3168//427 3217//476 3216//475
f 3169//428 3170//429 3218//477
f 3169//428 3218//477 3217//476
f 3170//429 3171//430 3219//478
f 3170//429 3219//478 3218//477
f 3171//430 3172//431 3220//479
f 3171//430 3220//479 3219//478
f 3172//431 3173//432 3221//480
f 3172//431 3221//480 3220//479
f 3173//432 3174//433 3222//481
f 3173//432 3222//481 3221//480
f 3174//433 3128//387 3176//435
f 3174//433 3176//435 3222//481
f 3176//435 3175//434 3223//482
f 3176//435 3223//482 3224//483
f 3175//434 3177//436 3225//484
f 3175//434 3225//484 3223//482
f 3177//436 3178//437 3226//485
f 3177//436 3226//485 3225//484
f 3178//437 3179//438 3227//486
f 3178//437 3227//486 3226//485
f 3179//438 3180//439 3228//487
f 3179//438 3228//487 3227//486
f 3180//439 3181//440 3229//488
f 3180//439 3229//488 3228//487
f 3181//440 3182//441 3230//489
f 3181//440 3230//489 3229//488
f 3182//441 3183//442 3231//490
f 3182//441 3231//490 3230//489
f 3183//442 3184//443 3232//491
f 3183//442 3232//491 3231//490
f 3184//443 3185//444 3233//492
f 3184//443 3233//492 3232//491
f 3185//444 3186//445 3234//493
f 3185//444 3234//493 3233//492
f 3186//445 3187//446 3235//494
f 3186//445 3235//494 3234//493
f 3187//446 3188//447 3236//495
f 3187//446 3236//495 3235//494
f 3188//447 3189//448 3237//496
f 3188//447 3237//496 3236//495
f 3189//448 3190//449 3238//497
f 3189//448 3238//497 3237//496
f 3190//449 3191//450 3239//498
f 3190//449 3239//498 3238//497
f 3191//450 3192//451 3240//499
f 3191//450 3240//499 3239//498
f 3192//451 3193//452 3241//500
f 3192//451 3241//500 3240//499
f 3193//452 3194//453 3242//501
f 3193//452 3242//501 3241//500
f 3194//453 3195//454 3243//502
f 3194//453 3243//502 3242//501
f 3195//454 3196//455 3244//503
f 3195//454 3244//503 3243//502
f 3196//455 3197//456 3245//504
f 3196//455 3245//504 3244//503
f 3197//456 3198//457 3246//505
f 3197//456 3246//505 3245//504
f 3198//457 3199//458 3247//506
f 3198//457 3247//506 3246//505
f 3199//458 3200//459 3248//507
f 3199//458 3248//507 3247//506
f 3200//459 3201//460 3249//508
f 3200//459 3249//508 3248//507
f 3201//460 3202//461 3250//509
f 3201//460 3250//509 3249//508
f 3202//461 3203//462 3251//510
f 3202//461 3251//510 3250//509
f 3203//462 3204//463 3252//511
f 3203//462 3252//511 3251//510
f 3204//463 3205//464 3253//512
f 3204//463 3253//512 3252//511
f 3205//464 3206//465 3254//513
f 3205//464 3254//513 3253//512
f 3206//465 3207//466 3255//514
f 3206//465 3255//514 3254//513
f 3207//466 3208//467 3256//515
f 3207//466 3256//515 3255//514
f 3208//467 3209//468 3257//516
f 3208//467 3257//516 3256//515
f 3209//468 3210//469 3258//517
f 3209//468 3258//517 3257//516
f 3210//469 3211//470 3259//518
f 3210//469 3259//518 3258//517
f 3211//470 3212//471 3260//519
f 3211//470 3260//519 3259//518
f 3212//471 3213//472 3261//520
f 3212//471 3261//520 3260//519
f 3213//472 3214//473 3262//521
f 3213//472 3262//521 3261//520
f 3214//473 3215//474 3263//522
f 3214//473 3263//522 3262//521
f 3215//474 3216//475 3264//523
f 3215//474 3264//523 3263//522
f 3216//475 3217//476 3265//524
f 3216//475 3265//524 3264//523
f 3217//476 3218//477 3266//525
f 3217//476 3266//525 3265//524
f 3218//477 3219//478 3267//526
f 3218//477 3267//526 3266//525
f 3219//478 3220//479 3268//527
f 3219//478 3268//527 3267//526
f 3220//479 3221//480 3269//528
f 3220//479 3269//528 3268//527
f 3221//480 3222//481 3270//529
f 3221//480 3270//529 3269//528
f 3222//481 3176//435 3224//483
f 3222//481 3224//483 3270//529
f 3224//483 3223//482 3271//530
f 3224//483 3271//530 3272//531
f 3223//482 3225//484 3273//532
f 3223//482 3273//532 3271//530
f 3225//484 3226//485 3274//533
f 3225//484 3274//533 3273//532
f 3226//485 3227//486 3275//534
f 3226//485 3275//534 3274//533
f 3227//486 3228//487 3276//535
f 3227//486 3276//535 3275//534
f 3228//487 3229//488 3277//536
f 3228//487 3277//536 3276//535
f 3229//488 3230//489 3278//537
f 3229//488 3278//537 3277//536
f 3230//489 3231//490 3279//538
f 3230//489 3279//538 3278//537
f 3231//490 3232//491 3280//539
f 3231//490 3280//539 3279//538
f 3232//491 3233//492 3281//540
f 3232//491 3281//540 3280//539
f 3233//492 3234//493 3282//541
f 3233//492 3282//541 3281//540
f 3234//493 3235//494 3283//542
f 3234//493 3283//542 3282//541
f 3235//494 3236//495 3284//543
f 3235//494 3284//543 3283//542
f 3236//495 3237//496 3285//544
f 3236//495 3285//544 3284//543
f 3237//496 3238//497 3286//545
f 3237//496 3286//545 3285//544
f 3238//497 3239//498 3287//546
f 3238//497 3287//546 3286//545
f 3239//498 3240//499 3288//547
f 3239//498 3288//547 3287//546
f 3240//499 3241//500 3289//548
f 3240//499 3289//548 3288//547
f 3241//500 3242//501 3290//549
f 3241//500 3290//549 3289//548
f 3242//501 3243//502 3291//550
f 3242//501 3291//550 3290//549
f 3243//502 3244//503 3292//551
f 3243//502 3292//551 3291//550
f 3244//503 3245//504 3293//552
f 3244//503 3293//552 3292//551
f 3245//504 3246//505 3294//553
f 3245//504 3294//553 3293//552
f 3246//505 3247//506 3295//554
f 3246//505 3295//554 3294//553
f 3247//506 3248//507 3296//555
f 3247//506 3296//555 3295//554
f 3248//507 3249//508 3297//556
f 3248//507 3297//556 3296//555
f 3249//508 3250//509 3298//557
f 3249//508 3298//557 3297//556
f 3250//509 3251//510 3299//558
f 3250//509 3299//558 3298//557
f 3251//510 3252//511 3300//559
f 3251//510 3300//559 3299//558
f 3252//511 3253//512 3301//560
f 3252//511 3301//560 3300//559
f 3253//512 3254//513 3302//561
f 3253//512 3302//561 3301//560
f 3254//513 3255//514 3303//562
f 3254//513 3303//562 3302//561
f 3255//514 3256//515 3304//563
f 3255//514 3304//563 3303//562
f 3256//515 3257//516 3305//564
f 3256//515 3305//564 3304//563
f 3257//516 3258//517 3306//565
f 3257//516 3306//565 3305//564
f 3258//517 3259//518 3307//566
f 3258//517 3307//566 3306//565
f 3259//518 3260//519 3308//567
f 3259//518 3308//567 3307//566
f 3260//519 3261//520 3309//568
f 3260//519 3309//568 3308//567
f 3261//520 3262//521 3310//569
f 3261//520 3310//569 3309//568
f 3262//521 3263//522 3311//570
f 3262//521 3311//570 3310//569
f 3263//522 3264//523 3312//571
f 3263//522 3312//571 3311//570
f 3264//523 3265//524 3313//572
f 3264//523 3313//572 3312//571
f 3265//524 3266//525 3314//573
f 3265//524 3314//573 3313//572
f 3266//525 3267//526 3315//574
f 3266//525 3315//574 3314//573
f 3267//526 3268//527 3316//575
f 3267//526 3316//575 3315//574
f 3268//527 3269//528 3317//576
f 3268//527 3317//576 3316//575
f 3269//528 3270//529 3318//577
f 3269//528 3318//577 3317//576
f 3270//529 3224//483 3272//531
f 3270//529 3272//531 3318//577
f 3272//531 3271//530 3319//578
f 3272//531 3319//578 3320//579
f 3271//530 3273//532 3321//580
f 3271//530 3321//580 3319//578
f 3273//532 3274//533 3322//581
f 3273//532 3322//581 3321//580
f 3274//533 3275//534 3323//582
f 3274//533 3323//582 3322//581
f 3275//534 3276//535 3324//583
f 3275//534 3324//583 3323//582
f 3276//535 3277//536 3325//584
f 3276//535 3325//584 3324//583
f 3277//536 3278//537 3326//585
f 3277//536 3326//585 3325//584
f 3278//537 3279//538 3327//586
f 3278//537 3327//586 3326//585
f 3279//538 3280//539 3328//587
f 3279//538 3328//587 3327//586
f 3280//539 3281//540 3329//588
f 3280//539 3329//588 3328//587
f 3281//540 3282//541 3330//589
f 3281//540 3330//589 3329//588
f 3282//541 3283//542 3331//590
f 3282//541 3331//590 3330//589
f 3283//542 3284//543 3332//591
f 3283//542 3332//591 3331//590
f 3284//543 3285//544 3333//592
f 3284//543 3333//592 3332//591
f 3285//544 3286//545 3334//593
f 3285//544 3334//593 3333//592
f 3286//545 3287//546 3335//594
f 3286//545 3335//594 3334//593
f 3287//546 3288//547 3336//595
f 3287//546 3336//595 3335//594
f 3288//547 3289//548 3337//596
f 3288//547 3337//596 3336//595
f 3289//548 3290//549 3338//597
f 3289//548 3338//597 3337//596
f 3290//549 3291//550 3339//598
f 3290//549 3339//598 3338//597
f 3291//550 3292//551 3340//599
f 3291//550 3340//599 3339//598
f 3292//551 3293//552 3341//600
f 3292//551 3341//600 3340//599
f 3293//552 3294//553 3342//601
f 3293//552 3342//601 3341//600
f 3294//553 3295//554 3343//602
f 3294//553 3343//602 3342//601
f 3295//554 3296//555 3344//603
f 3295//554 3344//603 3343//602
f 3296//555 3297//556 3345//604
f 3296//555 3345//604 3344//603
f 3297//556 3298//557 3346//605
f 3297//556 3346//605 3345//604
f 3298//557 3299//558 3347//606
f 3298//557 3347//606 3346//605
f 3299//558 3300//559 3348//607
f 3299//558 3348//607 3347//606
f 3300//559 3301//560 3349//608
f 3300//559 3349//608 3348//607
f 3301//560 3302//561 3350//609
f 3301//560 3350//609 3349//608
f 3302//561 3303//562 3351//610
f 3302//561 3351//610 3350//609
f 3303//562 3304//563 3352//611
f 3303//562 3352//611 3351//610
f 3304//563 3305//564 3353//612
f 3304//563 3353//612 3352//611
f 3305//564 3306//565 3354//613
f 3305//564 3354//613 3353//612
f 3306//565 3307//566 3355//614
f 3306//565 3355//614 3354//613
f 3307//566 3308//567 3356//615
f 3307//566 3356//615 3355//614
f 3308//567 3309//568 3357//616
f 3308//567 3357//616 3356//615
f 3309//568 3310//569 3358//617
f 3309//568 3358//617 3357//616
f 3310//569 3311//570 3359//618
f 3310//569 3359//618 3358//617
f 3311//570 3312//571 3360//619
f 3311//570 3360//619 3359//618
f 3312//571 3313//572 3361//620
f 3312//571 3361//620 3360//619
f 3313//572 3314//573 3362//621
f 3313//572 3362//621 3361//620
f 3314//573 3315//574 3363//622
f 3314//573 3363//622 3362//621
f 3315//574 3316//575 3364//623
f 3315//574 3364//623 3363//622
f 3316//575 3317//576 3365//624
f 3316//575 3365//624 3364//623
f 3317//576 3318//577 3366//625
f 3317//576 3366//625 3365//624
f 3318//577 3272//531 3320//579
f 3318//577 3320//579 3366//625
f 3320//579 3319//578 3367//626
f 3320//579 3367//626 3368//627
f 3319//578 3321//580 3369//628
f 3319//578 3369//628 3367//626
f 3321//580 3322//581 3370//629
f 3321//580 3370//629 3369//628
f 3322//581 3323//582 3371//630
f 3322//581 3371//630 3370//629
f 3323//582 3324//583 3372//631
f 3323//582 3372//631 3371//630
f 3324//583 3325//584 3373//632
f 3324//583 3373//632 3372//631
f 3325//584 3326//585 3374//633
f 3325//584 3374//633 3373//632
f 3326//585 3327//586 3375//634
f 3326//585 3375//634 3374//633
f 3327//586 3328//587 3376//635
f 3327//586 3376//635 3375//634
f 3328//587 3329//588 3377//636
f 3328//587 3377//636 3376//635
f 3329//588 3330//589 3378//637
f 3329//588 3378//637 3377//636
f 3330//589 3331//590 3379//638
f 3330//589 3379//638 3378//637
f 3331//590 3332//591 3380//639
f 3331//590 3380//639 3379//638
f 3332//591 3333//592 3381//640
f 3332//591 3381//640 3380//639
f 3333//592 3334//593 3382//641
f 3333//592 3382//641 3381//640
f 3334//593 3335//594 3383//642
f 3334//593 3383//642 3382//641
f 3335//594 3336//595 3384//643
f 3335//594 3384//643 3383//642
f 3336//595 3337//596 3385//644
f 3336//595 3385//644 3384//643
f 3337//596 3338//597 3386//645
f 3337//596 3386//645 3385//644
f 3338//597 3339//598 3387//646
f 3338//597 3387//646 3386//645
f 3339//598 3340//599 3388//647
f 3339//598 3388//647 3387//646
f 3340//599 3341//600 3389//648
f 3340//599 3389//648 3388//647
f 3341//600 3342//601 3390//649
f 3341//600 3390//649 3389//648
f 3342//601 3343//602 3391//650
f 3342//601 3391//650 3390//649
f 3343//602 3344//603 3392//651
f 3343//602 3392//651 3391//650
f 3344//603 3345//604 3393//652
f 3344//603 3393//652 3392//651
f 3345//604 3346//605 3394//653
f 3345//604 3394//653 3393//652
f 3346//605 3347//606 3395//654
f 3346//605 3395//654 3394//653
f 3347//606 3348//607 3396//655
f 3347//606 3396//655 3395//654
f 3348//607 3349//608 3397//656
f 3348//607 3397//656 3396//655
f 3349//608 3350//609 3398//657
f 3349//608 3398//657 3397//656
f 3350//609 3351//610 3399//658
f 3350//609 3399//658 3398//657
f 3351//610 3352//611 3400//659
f 3351//610 3400//659 3399//658
f 3352//611 3353//612 3401//660
f 3352//611 3401//660 3400//659
f 3353//612 3354//613 3402//661
f 3353//612 3402//661 3401//660
f 3354//613 3355//614 3403//662
f 3354//613 3403//662 3402//661
f 3355//614 3356//615 3404//663
f 3355//614 3404//663 3403//662
f 3356//615 3357//616 3405//664
f 3356//615 3405//664 3404//663
f 3357//616 3358//617 3406//665
f 3357//616 3406//665 3405//664
f 3358//617 3359//618 3407//666
f 3358//617 3407//666 3406//665
f 3359//618 3360//619 3408//667
f 3359//618 3408//667 3407//666
f 3360//619 3361//620 3409//668
f 3360//619 3409//668 3408//667
f 3361//620 3362//621 3410//669
f 3361//620 3410//669 3409//668
f 3362//621 3363//622 3411//670
f 3362//621 3411//670 3410//669
f 3363//622 3364//623 3412//671
f 3363//622 3412//671 3411//670
f 3364//623 3365//624 3413//672
f 3364//623 3413//672 3412//671
f 3365//624 3366//625 3414//673
f 3365//624 3414//673 3413//672
f 3366//625 3320//579 3368//627
f 3366//625 3368//627 3414//673
f 3368//627 3367//626 3415//674
f 3368//627 3415//674 3416//675
f 3367//626 3369//628 3417//676
f 3367//626 3417//676 3415//674
f 3369//628 3370//629 3418//677
f 3369//628 3418//677 3417//676
f 3370//629 3371//630 3419//678
f 3370//629 3419//678 3418//677
f 3371//630 3372//631 3420//679
f 3371//630 3420//679 3419//678
f 3372//631 3373//632 3421//680
f 3372//631 3421//680 3420//679
f 3373//632 3374//633 3422//681
f 3373//632 3422//681 3421//680
f 3374//633 3375//634 3423//682
f 3374//633 3423//682 3422//681
f 3375//634 3376//635 3424//683
f 3375//634 3424//683 3423//682
f 3376//635 3377//636 3425//684
f 3376//635 3425//684 3424//683
f 3377//636 3378//637 3426//685
f 3377//636 3426//685 3425//684
f 3378//637 3379//638 3427//686
f 3378//637 3427//686 3426//685
f 3379//638 3380//639 3428//687
f 3379//638 3428//687 3427//686
f 3380//639 3381//640 3429//688
f 3380//639 3429//688 3428//687
f 3381//640 3382//641 3430//689
f 3381//640 3430//689 3429//688
f 3382//641 3383//642 3431//690
f 3382//641 3431//690 3430//689
f 3383//642 3384//643 3432//691
f 3383//642 3432//691 3431//690
f 3384//643 3385//644 3433//692
f 3384//643 3433//692 3432//691
f 3385//644 3386//645 3434//693
f 3385//644 3434//693 3433//692
f 3386//645 3387//646 3435//694
f 3386//645 3435//694 3434//693
f 3387//646 3388//647 3436//695
f 3387//646 3436//695 3435//694
f 3388//647 3389//648 3437//696
f 3388//647 3437//696 3436//695
f 3389//648 3390//649 3438//697
f 3389//648 3438//697 3437//696
f 3390//649 3391//650 3439//698
f 3390//649 3439//698 3438//697
f 3391//650 3392//651 3440//699
f 3391//650 3440//699 3439//698
f 3392//651 3393//652 3441//700
f 3392//651 3441//700 3440//699
f 3393//652 3394//653 3442//701
f 3393//652 3442//701 3441//700
f 3394//653 3395//654 3443//702
f 3394//653 3443//702 3442//701
f 3395//654 3396//655 3444//703
f 3395//654 3444//703 3443//702
f 3396//655 3397//656 3445//704
f 3396//655 3445//704 3444//703
f 3397//656 3398//657 3446//705
f 3397//656 3446//705 3445//704
f 3398//657 3399//658 3447//706
f 3398//657 3447//706 3446//705
f 3399//658 3400//659 3448//707
f 3399//658 3448//707 3447//706
f 3400//659 3401//660 3449//708
f 3400//659 3449//708 3448//707
f 3401//660 3402//661 3450//709
f 3401//660 3450//709 3449//708
f 3402//661 3403//662 3451//710
f 3402//661 3451//710 3450//709
f 3403//662 3404//663 3452//711
f 3403//662 3452//711 3451//710
f 3404//663 3405//664 3453//712
f 3404//663 3453//712 3452//711
f 3405//664 3406//665 3454//713
f 3405//664 3454//713 3453//712
f 3406//665 3407//666 3455//714
f 3406//665 3455//714 3454//713
f 3407//666 3408//667 3456//715
f 3407//666 3456//715 3455//714
f 3408//667 3409//668 3457//716
f 3408//667 3457//716 3456//715
f 3409//668 3410//669 3458//717
f 3409//668 3458//717 3457//716
f 3410//669 3411//670 3459//718
f 3410//669 3459//718 3458//717
f 3411//670 3412//671 3460//719
f 3411//670 3460//719 3459//718
f 3412//671 3413//672 3461//720
f 3412//671 3461//720 3460//719
f 3413//672 3414//673 3462//721
f 3413//672 3462//721 3461//720
f 3414//673 3368//627 3416//675
f 3414//673 3416//675 3462//721
f 3416//675 3415//674 3463//722
f 3416//675 3463//722 3464//723
f 3415//674 3417//676 3465//724
f 3415//674 3465//724 3463//722
f 3417//676 3418//677 3466//725
f 3417//676 3466//725 3465//724
f 3418//677 3419//678 3467//726
f 3418//677 3467//726 3466//725
f 3419//678 3420//679 3468//727
f 3419//678 3468//727 3467//726
f 3420//679 3421//680 3469//728
f 3420//679 3469//728 3468//727
f 3421//680 3422//681 3470//729
f 3421//680 3470//729 3469//728
f 3422//681 3423//682 3471//730
f 3422//681 3471//730 3470//729
f 3423//682 3424//683 3472//731
f 3423//682 3472//731 3471//730
f 3424//683 3425//684 3473//732
f 3424//683 3473//732 3472//731
f 3425//684 3426//685 3474//733
f 3425//684 3474//733 3473//732
f 3426//685 3427//686 3475//734
f 3426//685 3475//734 3474//733
f 3427//686 3428//687 3476//735
f 3427//686 3476//735 3475//734
f 3428//687 3429//688 3477//736
f 3428//687 3477//736 3476//735
f 3429//688 3430//689 3478//737
f 3429//688 3478//737 3477//736
f 3430//689 3431//690 3479//738
f 3430//689 3479//738 3478//737
f 3431//690 3432//691 3480//739
f 3431//690 3480//739 3479//738
f 3432//691 3433//692 3481//740
f 3432//691 3481//740 3480//739
f 3433//692 3434//693 3482//741
f 3433//692 3482//741 3481//740
f 3434//693 3435//694 3483//742
f 3434//693 3483//742 3482//741
f 3435//694 3436//695 3484//743
f 3435//694 3484//743 3483//742
f 3436//695 3437//696 3485//744
f 3436//695 3485//744 3484//743
f 3437//696 3438//697 3486//745
f 3437//696 3486//745 3485//744
f 3438//697 3439//698 3487//746
f 3438//697 3487//746 3486//745
f 3439//698 3440//699 3488//747
f 3439//698 3488//747 3487//746
f 3440//699 3441//700 3489//748
f 3440//699 3489//748 3488//747
f 3441//700 3442//701 3490//749
f 3441//700 3490//749 3489//748
f 3442//701 3443//702 3491//750
f 3442//701 3491//750 3490//749
f 3443//702 3444//703 3492//751
f 3443//702 3492//751 3491//750
f 3444//703 3445//704 3493//752
f 3444//703 3493//752 3492//751
f 3445//704 3446//705 3494//753
f 3445//704 3494//753 3493//752
f 3446//705 3447//706 3495//754
f 3446//705 3495//754 3494//753
f 3447//706 3448//707 3496//755
f 3447//706 3496//755 3495//754
f 3448//707 3449//708 3497//756
f 3448//707 3497//756 3496//755
f 3449//708 3450//709 3498//757
f 3449//708 3498//757 3497//756
f 3450//709 3451//710 3499//758
f 3450//709 3499//758 3498//757
f 3451//710 3452//711 3500//759
f 3451//710 3500//759 3499//758
f 3452//711 3453//712 3501//760
f 3452//711 3501//760 3500//759
f 3453//712 3454//713 3502//761
f 3453//712 3502//761 3501//760
f 3454//713 3455//714 3503//762
f 3454//713 3503//762 3502//761
f 3455//714 3456//715 3504//763
f 3455//714 3504//763 3503//762
f 3456//715 3457//716 3505//764
f 3456//715 3505//764 3504//763
f 3457//716 3458//717 3506//765
f 3457//716 3506//765 3505//764
f 3458//717 3459//718 3507//766
f 3458//717 3507//766 3506//765
f 3459//718 3460//719 3508//767
f 3459//718 3508//767 3507//766
f 3460//719 3461//720 3509//768
f 3460//719 3509//768 3508//767
f 3461//720 3462//721 3510//769
f 3461//720 3510//769 3509//768
f 3462//721 3416//675 3464//723
f 3462//721 3464//723 3510//769
f 3464//723 3463//722 3511//770
f 3464//723 3511//770 3512//771
f 3463//722 3465//724 3513//772
f 3463//722 3513//772 3511//770
f 3465//724 3466//725 3514//773
f 3465//724 3514//773 3513//772
f 3466//725 3467//726 3515//774
f 3466//725 3515//774 3514//773
f 3467//726 3468//727 3516//775
f 3467//726 3516//775 3515//774
f 3468//727 3469//728 3517//776
f 3468//727 3517//776 3516//775
f 3469//728 3470//729 3518//777
f 3469//728 3518//777 3517//776
f 3470//729 3471//730 3519//778
f 3470//729 3519//778 3518//777
f 3471//730 3472//731 3520//779
f 3471//730 3520//779 3519//778
f 3472//731 3473//732 3521//780
f 3472//731 3521//780 3520//779
f 3473//732 3474//733 3522//781
f 3473//732 3522//781 3521//780
f 3474//733 3475//734 3523//782
f 3474//733 3523//782 3522//781
f 3475//734 3476//735 3524//783
f 3475//734 3524//783 3523//782
f 3476//735 3477//736 3525//784
f 3476//735 3525//784 3524//783
f 3477//736 3478//737 3526//785
f 3477//736 3526//785 3525//784
f 3478//737 3479//738 3527//786
f 3478//737 3527//786 3526//785
f 3479//738 3480//739 3528//787
f 3479//738 3528//787 3527//786
f 3480//739 3481//740 3529//788
f 3480//739 3529//788 3528//787
f 3481//740 3482//741 3530//789
f 3481//740 3530//789 3529//788
f 3482//741 3483//742 3531//790
f 3482//741 3531//790 3530//789
f 3483//742 3484//743 3532//791
f 3483//742 3532//791 3531//790
f 3484//743 3485//744 3533//792
f 3484//743 3533//792 3532//791
f 3485//744 3486//745 3534//793
f 3485//744 3534//793 3533//792
f 3486//745 3487//746 3535//794
f 3486//745 3535//794 3534//793
f 3487//746 3488//747 3536//795
f 3487//746 3536//795 3535//794
f 3488//747 3489//748 3537//796
f 3488//747 3537//796 3536//795
f 3489//748 3490//749 3538//797
f 3489//748 3538//797 3537//796
f 3490//749 3491//750 3539//798
f 3490//749 3539//798 3538//797
f 3491//750 3492//751 3540//799
f 3491//750 3540//799 3539//798
f 3492//751 3493//752 3541//800
f 3492//751 3541//800 3540//799
f 3493//752 3494//753 3542//801
f 3493//752 3542//801 3541//800
f 3494//753 3495//754 3543//802
f 3494//753 3543//802 3542//801
f 3495//754 3496//755 3544//803
f 3495//754 3544//803 3543//802
f 3496//755 3497//756 3545//804
f 3496//755 3545//804 3544//803
f 3497//756 3498//757 3546//805
f 3497//756 3546//805 3545//804
f 3498//757 3499//758 3547//806
f 3498//757 3547//806 3546//805
f 3499//758 3500//759 3548//807
f 3499//758 3548//807 3547//806
f 3500//759 3501//760 3549//808
f 3500//759 3549//808 3548//807
f 3501//760 3502//761 3550//809
f 3501//760 3550//809 3549//808
f 3502//761 3503//762 3551//810
f 3502//761 3551//810 3550//809
f 3503//762 3504//763 3552//811
f 3503//762 3552//811 3551//810
f 3504//763 3505//764 3553//812
f 3504//763 3553//812 3552//811
f 3505//764 3506//765 3554//813
f 3505//764 3554//813 3553//812
f 3506//765 3507//766 3555//814
f 3506//765 3555//814 3554//813
f 3507//766 3508//767 3556//815
f 3507//766 3556//815 3555//814
f 3508//767 3509//768 3557//816
f 3508//767 3557//816 3556//815
f 3509//768 3510//769 3558//817
f 3509//768 3558//817 3557//816
f 3510//769 3464//723 3512//771
f 3510//769 3512//771 3558//817
f 3512//771 3511//770 3559//818
f 3512//771 3559//818 3560//819
f 3511//770 3513//772 3561//820
f 3511//770 3561//820 3559//818
f 3513//772 3514//773 3562//821
f 3513//772 3562//821 3561//820
f 3514//773 3515//774 3563//822
f 3514//773 3563//822 3562//821
f 3515//774 3516//775 3564//823
f 3515//774 3564//823 3563//822
f 3516//775 3517//776 3565//824
f 3516//775 3565//824 3564//823
f 3517//776 3518//777 3566//825
f 3517//776 3566//825 3565//824
f 3518//777 3519//778 3567//826
f 3518//777 3567//826 3566//825
f 3519//778 3520//779 3568//827
f 3519//778 3568//827 3567//826
f 3520//779 3521//780 3569//828
f 3520//779 3569//828 3568//827
f 3521//780 3522//781 3570//829
f 3521//780 3570//829 3569//828
f 3522//781 3523//782 3571//830
f 3522//781 3571//830 3570//829
f 3523//782 3524//783 3572//831
f 3523//782 3572//831 3571//830
f 3524//783 3525//784 3573//832
f 3524//783 3573//832 3572//831
f 3525//784 3526//785 3574//833
f 3525//784 3574//833 3573//832
f 3526//785 3527//786 3575//834
f 3526//785 3575//834 3574//833
f 3527//786 3528//787 3576//835
f 3527//786 3576//835 3575//834
f 3528//787 3529//788 3577//836
f 3528//787 3577//836 3576//835
f 3529//788 3530//789 3578//837
f 3529//788 3578//837 3577//836
f 3530//789 3531//790 3579//838
f 3530//789 3579//838 3578//837
f 3531//790 3532//791 3580//839
f 3531//790 3580//839 3579//838
f 3532//791 3533//792 3581//840
f 3532//791 3581//840 3580//839
f 3533//792 3534//793 3582//841
f 3533//792 3582//841 3581//840
f 3534//793 3535//794 3583//842
f 3534//793 3583//842 3582//841
f 3535//794 3536//795 3584//843
f 3535//794 3584//843 3583//842
f 3536//795 3537//796 3585//844
f 3536//795 3585//844 3584//843
f 3537//796 3538//797 3586//845
f 3537//796 3586//845 3585//844
f 3538//797 3539//798 3587//846
f 3538//797 3587//846 3586//845
f 3539//798 3540//799 3588//847
f 3539//798 3588//847 3587//846
f 3540//799 3541//800 3589//848
f 3540//799 3589//848 3588//847
f 3541//800 3542//801 3590//849
f 3541//800 3590//849 3589//848
f 3542//801 3543//802 3591//850
f 3542//801 3591//850 3590//849
f 3543//802 3544//803 3592//851
f 3543//802 3592//851 3591//850
f 3544//803 3545//804 3593//852
f 3544//803 3593//852 3592//851
f 3545//804 3546//805 3594//853
f 3545//804 3594//853 3593//852
f 3546//805 3547//806 3595//854
f 3546//805 3595//854 3594//853
f 3547//806 3548//807 3596//855
f 3547//806 3596//855 3595//854
f 3548//807 3549//808 3597//856
f 3548//807 3597//856 3596//855
f 3549//808 3550//809 3598//857
f 3549//808 3598//857 3597//856
f 3550//809 3551//810 3599//858
f 3550//809 3599//858 3598//857
f 3551//810 3552//811 3600//859
f 3551//810 3600//859 3599//858
f 3552//811 3553//812 3601//860
f 3552//811 3601//860 3600//859
f 3553//812 3554//813 3602//861
f 3553//812 3602//861 3601//860
f 3554//813 3555//814 3603//862
f 3554//813 3603//862 3602//861
f 3555//814 3556//815 3604//863
f 3555//814 3604//863 3603//862
f 3556//815 3557//816 3605//864
f 3556//815 3605//864 3604//863
f 3557//816 3558//817 3606//865
f 3557//816 3606//865 3605//864
f 3558//817 3512//771 3560//819
f 3558//817 3560//819 3606//865
f 3560//819 3559//818 3607//866
f 3560//819 3607//866 3608//867
f 3559//818 3561//820 3609//868
f 3559//818 3609//868 3607//866
f 3561//820 3562//821 3610//869
f 3561//820 3610//869 3609//868
f 3562//821 3563//822 3611//870
f 3562//821 3611//870 3610//869
f 3563//822 3564//823 3612//871
f 3563//822 3612//871 3611//870
f 3564//823 3565//824 3613//872
f 3564//823 3613//872 3612//871
f 3565//824 3566//825 3614//873
f 3565//824 3614//873 3613//872
f 3566//825 3567//826 3615//874
f 3566//825 3615//874 3614//873
f 3567//826 3568//827 3616//875
f 3567//826 3616//875 3615//874
f 3568//827 3569//828 3617//876
f 3568//827 3617//876 3616//875
f 3569//828 3570//829 3618//877
f 3569//828 3618//877 3617//876
f 3570//829 3571//830 3619//878
f 3570//829 3619//878 3618//877
f 3571//830 3572//831 3620//879
f 3571//830 3620//879 3619//878
f 3572//831 3573//832 3621//880
f 3572//831 3621//880 3620//879
f 3573//832 3574//833 3622//881
f 3573//832 3622//881 3621//880
f 3574//833 3575//834 3623//882
f 3574//833 3623//882 3622//881
f 3575//834 3576//835 3624//883
f 3575//834 3624//883 3623//882
f 3576//835 3577//836 3625//884
f 3576//835 3625//884 3624//883
f 3577//836 3578//837 3626//885
f 3577//836 3626//885 3625//884
f 3578//837 3579//838 3627//886
f 3578//837 3627//886 3626//885
f 3579//838 3580//839 3628//887
f 3579//838 3628//887 3627//886
f 3580//839 3581//840 3629//888
f 3580//839 3629//888 3628//887
f 3581//840 3582//841 3630//889
f 3581//840 3630//889 3629//888
f 3582//841 3583//842 3631//890
f 3582//841 3631//890 3630//889
f 3583//842 3584//843 3632//891
f 3583//842 3632//891 3631//890
f 3584//843 3585//844 3633//892
f 3584//843 3633//892 3632//891
f 3585//844 3586//845 3634//893
f 3585//844 3634//893 3633//892
f 3586//845 3587//846 3635//894
f 3586//845 3635//894 3634//893
f 3587//846 3588//847 3636//895
f 3587//846 3636//895 3635//894
f 3588//847 3589//848 3637//896
f 3588//847 3637//896 3636//895
f 3589//848 3590//849 3638//897
f 3589//848 3638//897 3637//896
f 3590//849 3591//850 3639//898
f 3590//849 3639//898 3638//897
f 3591//850 3592//851 3640//899
f 3591//850 3640//899 3639//898
f 3592//851 3593//852 3641//900
f 3592//851 3641//900 3640//899
f 3593//852 3594//853 3642//901
f 3593//852 3642//901 3641//900
f 3594//853 3595//854 3643//902
f 3594//853 3643//902 3642//901
f 3595//854 3596//855 3644//903
f 3595//854 3644//903 3643//902
f 3596//855 3597//856 3645//904
f 3596//855 3645//904 3644//903
f 3597//856 3598//857 3646//905
f 3597//856 3646//905 3645//904
f 3598//857 3599//858 3647//906
f 3598//857 3647//906 3646//905
f 3599//858 3600//859 3648//907
f 3599//858 3648//907 3647//906
f 3600//859 3601//860 3649//908
f 3600//859 3649//908 3648//907
f 3601//860 3602//861 3650//909
f 3601//860 3650//909 3649//908
f 3602//861 3603//862 3651//910
f 3602//861 3651//910 3650//909
f 3603//862 3604//863 3652//911
f 3603//862 3652//911 3651//910
f 3604//863 3605//864 3653//912
f 3604//863 3653//912 3652//911
f 3605//864 3606//865 3654//913
f 3605//864 3654//913 3653//912
f 3606//865 3560//819 3608//867
f 3606//865 3608//867 3654//913
f 3608//867 3607//866 3655//914
f 3608//867 3655//914 3656//915
f 3607//866 3609//868 3657//916
f 3607//866 3657//916 3655//914
f 3609//868 3610//869 3658//917
f 3609//868 3658//917 3657//916
f 3610//869 3611//870 3659//918
f 3610//869 3659//918 3658//917
f 3611//870 3612//871 3660//919
f 3611//870 3660//919 3659//918
f 3612//871 3613//872 3661//920
f 3612//871 3661//920 3660//919
f 3613//872 3614//873 3662//921
f 3613//872 3662//921 3661//920
f 3614//873 3615//874 3663//922
f 3614//873 3663//922 3662//921
f 3615//874 3616//875 3664//923
f 3615//874 3664//923 3663//922
f 3616//875 3617//876 3665//924
f 3616//875 3665//924 3664//923
f 3617//876 3618//877 3666//925
f 3617//876 3666//925 3665//924
f 3618//877 3619//878 3667//926
f 3618//877 3667//926 3666//925
f 3619//878 3620//879 3668//927
f 3619//878 3668//927 3667//926
f 3620//879 3621//880 3669//928
f 3620//879 3669//928 3668//927
f 3621//880 3622//881 3670//929
f 3621//880 3670//929 3669//928
f 3622//881 3623//882 3671//930
f 3622//881 3671//930 3670//929
f 3623//882 3624//883 3672//931
f 3623//882 3672//931 3671//930
f 3624//883 3625//884 3673//932
f 3624//883 3673//932 3672//931
f 3625//884 3626//885 3674//933
f 3625//884 3674//933 3673//932
f 3626//885 3627//886 3675//934
f 3626//885 3675//934 3674//933
f 3627//886 3628//887 3676//935
f 3627//886 3676//935 3675//934
f 3628//887 3629//888 3677//936
f 3628//887 3677//936 3676//935
f 3629//888 3630//889 3678//937
f 3629//888 3678//937 3677//936
f 3630//889 3631//890 3679//938
f 3630//889 3679//938 3678//937
f 3631//890 3632//891 3680//939
f 3631//890 3680//939 3679//938
f 3632//891 3633//892 3681//940
f 3632//891 3681//940 3680//939
f 3633//892 3634//893 3682//941
f 3633//892 3682//941 3681//940
f 3634//893 3635//894 3683//942
f 3634//893 3683//942 3682//941
f 3635//894 3636//895 3684//943
f 3635//894 3684//943 3683//942
f 3636//895 3637//896 3685//944
f 3636//895 3685//944 3684//943
f 3637//896 3638//897 3686//945
f 3637//896 3686//945 3685//944
f 3638//897 3639//898 3687//946
f 3638//897 3687//946 3686//945
f 3639//898 3640//899 3688//947
f 3639//898 3688//947 3687//946
f 3640//899 3641//900 3689//948
f 3640//899 3689//948 3688//947
f 3641//900 3642//901 3690//949
f 3641//900 3690//949 3689//948
f 3642//901 3643//902 3691//950
f 3642//901 3691//950 3690//949
f 3643//902 3644//903 3692//951
f 3643//902 3692//951 3691//950
f 3644//903 3645//904 3693//952
f 3644//903 3693//952 3692//951
f 3645//904 3646//905 3694//953
f 3645//904 3694//953 3693//952
f 3646//905 3647//906 3695//954
f 3646//905 3695//954 3694//953
f 3647//906 3648//907 3696//955
f 3647//906 3696//955 3695//954
f 3648//907 3649//908 3697//956
f 3648//907 3697//956 3696//955
f 3649//908 3650//909 3698//957
f 3649//908 3698//957 3697//956
f 3650//909 3651//910 3699//958
f 3650//909 3699//958 3698//957
f 3651//910 3652//911 3700//959
f 3651//910 3700//959 3699//958
f 3652//911 3653//912 3701//960
f 3652//911 3701//960 3700//959
f 3653//912 3654//913 3702//961
f 3653//912 3702//961 3701//960
f 3654//913 3608//867 3656//915
f 3654//913 3656//915 3702//961
f 3656//915 3655//914 3703//962
f 3656//915 3703//962 3704//963
f 3655//914 3657//916 3705//964
f 3655//914 3705//964 3703//962
f 3657//916 3658//917 3706//965
f 3657//916 3706//965 3705//964
f 3658//917 3659//918 3707//966
f 3658//917 3707//966 3706//965
f 3659//918 3660//919 3708//967
f 3659//918 3708//967 3707//966
f 3660//919 3661//920 3709//968
f 3660//919 3709//968 3708//967
f 3661//920 3662//921 3710//969
f 3661//920 3710//969 3709//968
f 3662//921 3663//922 3711//970
f 3662//921 3711//970 3710//969
f 3663//922 3664//923 3712//971
f 3663//922 3712//971 3711//970
f 3664//923 3665//924 3713//972
f 3664//923 3713//972 3712//971
f 3665//924 3666//925 3714//973
f 3665//924 3714//973 3713//972
f 3666//925 3667//926 3715//974
f 3666//925 3715//974 3714//973
f 3667//926 3668//927 3716//975
f 3667//926 3716//975 3715//974
f 3668//927 3669//928 3717//976
f 3668//927 3717//976 3716//975
f 3669//928 3670//929 3718//977
f 3669//928 3718//977 3717//976
f 3670//929 3671//930 3719//978
f 3670//929 3719//978 3718//977
f 3671//930 3672//931 3720//979
f 3671//930 3720//979 3719//978
f 3672//931 3673//932 3721//980
f 3672//931 3721//980 3720//979
f 3673//932 3674//933 3722//981
f 3673//932 3722//981 3721//980
f 3674//933 3675//934 3723//982
f 3674//933 3723//982 3722//981
f 3675//934 3676//935 3724//983
f 3675//934 3724//983 3723//982
f 3676//935 3677//936 3725//984
f 3676//935 3725//984 3724//983
f 3677//936 3678//937 3726//985
f 3677//936 3726//985 3725//984
f 3678//937 3679//938 3727//986
f 3678//937 3727//986 3726//985
f 3679//938 3680//939 3728//987
f 3679//938 3728//987 3727//986
f 3680//939 3681//940 3729//988
f 3680//939 3729//988 3728//987
f 3681//940 3682//941 3730//989
f 3681//940 3730//989 3729//988
f 3682//941 3683//942 3731//990
f 3682//941 3731//990 3730//989
f 3683//942 3684//943 3732//991
f 3683//942 3732//991 3731//990
f 3684//943 3685//944 3733//992
f 3684//943 3733//992 3732//991
f 3685//944 3686//945 3734//993
f 3685//944 3734//993 3733//992
f 3686//945 3687//946 3735//994
f 3686//945 3735//994 3734//993
f 3687//946 3688//947 3736//995
f 3687//946 3736//995 3735//994
f 3688//947 3689//948 3737//996
f 3688//947 3737//996 3736//995
f 3689//948 3690//949 3738//997
f 3689//948 3738//997 3737//996
f 3690//949 3691//950 3739//998
f 3690//949 3739//998 3738//997
f 3691//950 3692//951 3740//999
f 3691//950 3740//999 3739//998
f 3692//951 3693//952 3741//1000
f 3692//951 3741//1000 3740//999
f 3693//952 3694//953 3742//1001
f 3693//952 3742//1001 3741//1000
f 3694//953 3695//954 3743//1002
f 3694//953 3743//1002 3742//1001
f 3695//954 3696//955 3744//1003
f 3695//954 3744//1003 3743//1002
f 3696//955 3697//956 3745//1004
f 3696//955 3745//1004 3744//1003
f 3697//956 3698//957 3746//1005
f 3697//956 3746//1005 3745//1004
f 3698//957 3699//958 3747//1006
f 3698//957 3747//1006 3746//1005
f 3699//958 3700//959 3748//1007
f 3699//958 3748//1007 3747//1006
f 3700//959 3701//960 3749//1008
f 3700//959 3749//1008 3748//1007
f 3701//960 3702//961 3750//1009
f 3701//960 3750//1009 3749//1008
f 3702//961 3656//915 3704//963
f 3702//961 3704//963 3750//1009
f 3704//963 3703//962 3751//1010
f 3704//963 3751//1010 3752//1011
f 3703//962 3705//964 3753//1012
f 3703//962 3753//1012 3751//1010
f 3705//964 3706//965 3754//1013
f 3705//964 3754//1013 3753//1012
f 3706//965 3707//966 3755//1014
f 3706//965 3755//1014 3754//1013
f 3707//966 3708//967 3756//1015
f 3707//966 3756//1015 3755//1014
f 3708//967 3709//968 3757//1016
f 3708//967 3757//1016 3756//1015
f 3709//968 3710//969 3758//1017
f 3709//968 3758//1017 3757//1016
f 3710//969 3711//970 3759//1018
f 3710//969 3759//1018 3758//1017
f 3711//970 3712//971 3760//1019
f 3711//970 3760//1019 3759//1018
f 3712//971 3713//972 3761//1020
f 3712//971 3761//1020 3760//1019
f 3713//972 3714//973 3762//1021
f 3713//972 3762//1021 3761//1020
f 3714//973 3715//974 3763//1022
f 3714//973 3763//1022 3762//1021
f 3715//974 3716//975 3764//1023
f 3715//974 3764//1023 3763//1022
f 3716//975 3717//976 3765//1024
f 3716//975 3765//1024 3764//1023
f 3717//976 3718//977 3766//1025
f 3717//976 3766//1025 3765//1024
f 3718//977 3719//978 3767//1026
f 3718//977 3767//1026 3766//1025
f 3719//978 3720//979 3768//1027
f 3719//978 3768//1027 3767//1026
f 3720//979 3721//980 3769//1028
f 3720//979 3769//1028 3768//1027
f 3721//980 3722//981 3770//1029
f 3721//980 3770//1029 3769//1028
f 3722//981 3723//982 3771//1030
f 3722//981 3771//1030 3770//1029
f 3723//982 3724//983 3772//1031
f 3723//982 3772//1031 3771//1030
f 3724//983 3725//984 3773//1032
f 3724//983 3773//1032 3772//1031
f 3725//984 3726//985 3774//1033
f 3725//984 3774//1033 3773//1032
f 3726//985 3727//986 3775//1034
f 3726//985 3775//1034 3774//1033
f 3727//986 3728//987 3776//1035
f 3727//986 3776//1035 3775//1034
f 3728//987 3729//988 3777//1036
f 3728//987 3777//1036 3776//1035
f 3729//988 3730//989 3778//1037
f 3729//988 3778//1037 3777//1036
f 3730//989 3731//990 3779//1038
f 3730//989 3779//1038 3778//1037
f 3731//990 3732//991 3780//1039
f 3731//990 3780//1039 3779//1038
f 3732//991 3733//992 3781//1040
f 3732//991 3781//1040 3780//1039
f 3733//992 3734//993 3782//1041
f 3733//992 3782//1041 3781//1040
f 3734//993 3735//994 3783//1042
f 3734//993 3783//1042 3782//1041
f 3735//994 3736//995 3784//1043
f 3735//994 3784//1043 3783//1042
f 3736//995 3737//996 3785//1044
f 3736//995 3785//1044 3784//1043
f 3737//996 3738//997 3786//1045
f 3737//996 3786//1045 3785//1044
f 3738//997 3739//998 3787//1046
f 3738//997 3787//1046 3786//1045
f 3739//998 3740//999 3788//1047
f 3739//998 3788//1047 3787//1046
f 3740//999 3741//1000 3789//1048
f 3740//999 3789//1048 3788//1047
f 3741//1000 3742//1001 3790//1049
f 3741//1000 3790//1049 3789//1048
f 3742//1001 3743//1002 3791//1050
f 3742//1001 3791//1050 3790//1049
f 3743//1002 3744//1003 3792//1051
f 3743//1002 3792//1051 3791//1050
f 3744//1003 3745//1004 3793//1052
f 3744//1003 3793//1052 3792//1051
f 3745//1004 3746//1005 3794//1053
f 3745//1004 3794//1053 3793//1052
f 3746//1005 3747//1006 3795//1054
f 3746//1005 3795//1054 3794//1053
f 3747//1006 3748//1007 3796//1055
f 3747//1006 3796//1055 3795//1054
f 3748//1007 3749//1008 3797//1056
f 3748//1007 3797//1056 3796//1055
f 3749//1008 3750//1009 3798//1057
f 3749//1008 3798//1057 3797//1056
f 3750//1009 3704//963 3752//1011
f 3750//1009 3752//1011 3798//1057
f 3752//1011 3751//1010 3799//1058
f 3752//1011 3799//1058 3800//1059
f 3751//1010 3753//1012 3801//1060
f 3751//1010 3801//1060 3799//1058
f 3753//1012 3754//1013 3802//1061
f 3753//1012 3802//1061 3801//1060
f 3754//1013 3755//1014 3803//1062
f 3754//1013 3803//1062 3802//1061
f 3755//1014 3756//1015 3804//1063
f 3755//1014 3804//1063 3803//1062
f 3756//1015 3757//1016 3805//1064
f 3756//1015 3805//1064 3804//1063
f 3757//1016 3758//1017 3806//1065
f 3757//1016 3806//1065 3805//1064
f 3758//1017 3759//1018 3807//1066
f 3758//1017 3807//1066 3806//1065
f 3759//1018 3760//1019 3808//1067
f 3759//1018 3808//1067 3807//1066
f 3760//1019 3761//1020 3809//1068
f 3760//1019 3809//1068 3808//1067
f 3761//1020 3762//1021 3810//1069
f 3761//1020 3810//1069 3809//1068
f 3762//1021 3763//1022 3811//1070
f 3762//1021 3811//1070 3810//1069
f 3763//1022 3764//1023 3812//1071
f 3763//1022 3812//1071 3811//1070
f 3764//1023 3765//1024 3813//1072
f 3764//1023 3813//1072 3812//1071
f 3765//1024 3766//1025 3814//1073
f 3765//1024 3814//1073 3813//1072
f 3766//1025 3767//1026 3815//1074
f 3766//1025 3815//1074 3814//1073
f 3767//1026 3768//1027 3816//1075
f 3767//1026 3816//1075 3815//1074
f 3768//1027 3769//1028 3817//1076
f 3768//1027 3817//1076 3816//1075
f 3769//1028 3770//1029 3818//1077
f 3769//1028 3818//1077 3817//1076
f 3770//1029 3771//1030 3819//1078
f 3770//1029 3819//1078 3818//1077
f 3771//1030 3772//1031 3820//1079
f 3771//1030 3820//1079 3819//1078
f 3772//1031 3773//1032 3821//1080
f 3772//1031 3821//1080 3820//1079
f 3773//1032 3774//1033 3822//1081
f 3773//1032 3822//1081 3821//1080
f 3774//1033 3775//1034 3823//1082
f 3774//1033 3823//1082 3822//1081
f 3775//1034 3776//1035 3824//1083
f 3775//1034 3824//1083 3823//1082
f 3776//1035 3777//1036 3825//1084
f 3776//1035 3825//1084 3824//1083
f 3777//1036 3778//1037 3826//1085
f 3777//1036 3826//1085 3825//1084
f 3778//1037 3779//1038 3827//1086
f 3778//1037 3827//1086 3826//1085
f 3779//1038 3780//1039 3828//1087
f 3779//1038 3828//1087 3827//1086
f 3780//1039 3781//1040 3829//1088
f 3780//1039 3829//1088 3828//1087
f 3781//1040 3782//1041 3830//1089
f 3781//1040 3830//1089 3829//1088
f 3782//1041 3783//1042 3831//1090
f 3782//1041 3831//1090 3830//1089
f 3783//1042 3784//1043 3832//1091
f 3783//1042 3832//1091 3831//1090
f 3784//1043 3785//1044 3833//1092
f 3784//1043 3833//1092 3832//1091
f 3785//1044 3786//1045 3834//1093
f 3785//1044 3834//1093 3833//1092
f 3786//1045 3787//1046 3835//1094
f 3786//1045 3835//1094 3834//1093
f 3787//1046 3788//1047 3836//1095
f 3787//1046 3836//1095 3835//1094
f 3788//1047 3789//1048 3837//1096
f 3788//1047 3837//1096 3836//1095
f 3789//1048 3790//1049 3838//1097
f 3789//1048 3838//1097 3837//1096
f 3790//1049 3791//1050 3839//1098
f 3790//1049 3839//1098 3838//1097
f 3791//1050 3792//1051 3840//1099
f 3791//1050 3840//1099 3839//1098
f 3792//1051 3793//1052 3841//1100
f 3792//1051 3841//1100 3840//1099
f 3793//1052 3794//1053 3842//1101
f 3793//1052 3842//1101 3841//1100
f 3794//1053 3795//1054 3843//1102
f 3794//1053 3843//1102 3842//1101
f 3795//1054 3796//1055 3844//1103
f 3795//1054 3844//1103 3843//1102
f 3796//1055 3797//1056 3845//1104
f 3796//1055 3845//1104 3844//1103
f 3797//1056 3798//1057 3846//1105
f 3797//1056 3846//1105 3845//1104
f 3798//1057 3752//1011 3800//1059
f 3798//1057 3800//1059 3846//1105
f 3800//1059 3799//1058 265//1106
f 3799//1058 3801//1060 265//1106
f 3801//1060 3802//1061 265//1106
f 3802//1061 3803//1062 265//1106
f 3803//1062 3804//1063 265//1106
f 3804//1063 3805//1064 265//1106
f 3805//1064 3806//1065 265//1106
f 3806//1065 3807//1066 265//1106
f 3807//1066 3808//1067 265//1106
f 3808//1067 3809//1068 265//1106
f 3809//1068 3810//1069 265//1106
f 3810//1069 3811//1070 265//1106
f 3811//1070 3812//1071 265//1106
f 3812//1071 3813//1072 265//1106
f 3813//1072 3814//1073 265//1106
f 3814//1073 3815//1074 265//1106
f 3815//1074 3816//1075 265//1106
f 3816//1075 3817//1076 265//1106
f 3817//1076 3818//1077 265//1106
f 3818//1077 3819//1078 265//1106
f 3819//1078 3820//1079 265//1106
f 3820//1079 3821//1080 265//1106
f 3821//1080 3822//1081 265//1106
f 3822//1081 3823//1082 265//1106
f 3823//1082 3824//1083 265//1106
f 3824//1083 3825//1084 265//1106
f 3825//1084 3826//1085 265//1106
f 3826//1085 3827//1086 265//1106
f 3827//1086 3828//1087 265//1106
f 3828//1087 3829//1088 265//1106
f 3829//1088 3830//1089 265//1106
f 3830//1089 3831//1090 265//1106
f 3831//1090 3832//1091 265//1106
f 3832//1091 3833//1092 265//1106
f 3833//1092 3834//1093 265//1106
f 3834//1093 3835//1094 265//1106
f 3835//1094 3836//1095 265//1106
f 3836//1095 3837//1096 265//1106
f 3837//1096 3838//1097 265//1106
f 3838//1097 3839//1098 265//1106
f 3839//1098 3840//1099 265//1106
f 3840//1099 3841//1100 265//1106
f 3841//1100 3842//1101 265//1106
f 3842//1101 3843//1102 265//1106
f 3843//1102 3844//1103 265//1106
f 3844//1103 3845//1104 265//1106
f 3845//1104 3846//1105 265//1106
f 3846//1105 3800//1059 265//1106
usemtl ior3
f 3847//1 3848//2 3849//3
f 3847//1 3850//4 3848//2
f 3847//1 3851//5 3850//4
f 3847//1 3852//6 3851//5
f 3847//1 3853//7 3852//6
f 3847//1 3854//8 3853//7
f 3847//1 3855//9 3854//8
f 3847//1 3856//10 3855//9
f 3847//1 3857//11 3856//10
f 3847//1 3858//12 3857//11
f 3847//1 3859//13 3858//12
f 3847//1 3860//14 3859//13
f 3847//1 3861//15 3860//14
f 3847//1 3862//16 3861//15
f 3847//1 3863//17 3862//16
f 3847//1 3864//18 3863//17
f 3847//1 3865//19 3864//18
f 3847//1 3866//20 3865//19
f 3847//1 3867//21 3866//20
f 3847//1 3868//22 3867//21
f 3847//1 3869//23 3868//22
f 3847//1 3870//24 3869//23
f 3847//1 3871//25 3870//24
f 3847//1 3872//26 3871//25
f 3847//1 3873//27 3872//26
f 3847//1 3874//28 3873//27
f 3847//1 3875//29 3874//28
f 3847//1 3876//30 3875//29
f 3847//1 3877//31 3876//30
f 3847//1 3878//32 3877//31
f 3847//1 3879//33 3878//32
f 3847//1 3880//34 3879//33
f 3847//1 3881//35 3880//34
f 3847//1 3882//36 3881//35
f 3847//1 3883//37 3882//36
f 3847//1 3884//38 3883//37
f 3847//1 3885//39 3884//38
f 3847//1 3886//40 3885//39
f 3847//1 3887//41 3886//40
f 3847//1 3888//42 3887//41
f 3847//1 3889//43 3888//42
f 3847//1 3890//44 3889//43
f 3847//1 3891//45 3890//44
f 3847//1 3892//46 3891//45
f 3847//1 3893//47 3892//46
f 3847//1 3894//48 3893//47
f 3847//1 3895//49 3894//48
f 3847//1 3849//3 3895//49
f 3849//3 3848//2 3896//50
f 3849//3 3896//50 3897//51
f 3848//2 3850//4 3898//52
f 3848//2 3898//52 3896//50
f 3850//4 3851//5 3899//53
f 3850//4 3899//53 3898//52
f 3851//5 3852//6 3900//54
f 3851//5 3900//54 3899//53
f 3852//6 3853//7 3901//55
f 3852//6 3901//55 3900//54
f 3853//7 3854//8 3902//56
f 3853//7 3902//56 3901//55
f 3854//8 3855//9 3903//57
f 3854//8 3903//57 3902//56
f 3855//9 3856//10 3904//58
f 3855//9 3904//58 3903//57
f 3856//10 3857//11 3905//59
f 3856//10 3905//59 3904//58
f 3857//11 3858//12 3906//60
f 3857//11 3906//60 3905//59
f 3858//12 3859//13 3907//61
f 3858//12 3907//61 3906//60
f 3859//13 3860//14 3908//62
f 3859//13 3908//62 3907//61
f 3860//14 3861//15 3909//63
f 3860//14 3909//63 3908//62
f 3861//15 3862//16 3910//64
f 3861//15 3910//64 3909//63
f 3862//16 3863//17 3911//65
f 3862//16 3911//65 3910//64
f 3863//17 3864//18 3912//66
f 3863//17 3912//66 3911//65
f 3864//18 3865//19 3913//67
f 3864//18 3913//67 3912//66
f 3865//19 3866//20 3914//68
f 3865//19 3914//68 3913//67
f 3866//20 3867//21 3915//69
f 3866//20 3915//69 3914//68
f 3867//21 3868//22 3916//70
f 3867//21 3916//70 3915//69
f 3868//22 3869//23 3917//71
f 3868//22 3917//71 3916//70
f 3869//23 3870//24 3918//72
f 3869//23 3918//72 3917//71
f 3870//24 3871//25 3919//73
f 3870//24 3919//73 3918//72
f 3871//25 3872//26 3920//74
f 3871//25 3920//74 3919//73
f 3872//26 3873//27 3921//75
f 3872//26 3921//75 3920//74
f 3873//27 3874//28 3922//76
f 3873//27 3922//76 3921//75
f 3874//28 3875//29 3923//77
f 3874//28 3923//77 3922//76
f 3875//29 3876//30 3924//78
f 3875//29 3924//78 3923//77
f 3876//30 3877//31 3925//79
f 3876//30 3925//79 3924//78
f 3877//31 3878//32 3926//80
f 3877//31 3926//80 3925//79
f 3878//32 3879//33 3927//81
f 3878//32 3927//81 3926//80
f 3879//33 3880//34 3928//82
f 3879//33 3928//82 3927//81
f 3880//34 3881//35 3929//83
f 3880//34 3929//83 3928//82
f 3881//35 3882//36 3930//84
f 3881//35 3930//84 3929//83
f 3882//36 3883//37 3931//85
f 3882//36 3931//85 3930//84
f 3883//37 3884//38 3932//86
f 3883//37 3932//86 3931//85
f 3884//38 3885//39 3933//87
f 3884//38 3933//87 3932//86
f 3885//39 3886//40 3934//88
f 3885//39 3934//88 3933//87
f 3886//40 3887//41 3935//89
f 3886//40 3935//89 3934//88
f 3887//41 3888//42 3936//90
f 3887//41 3936//90 3935//89
f 3888//42 3889//43 3937//91
f 3888//42 3937//91 3936//90
f 3889//43 3890//44 3938//92
f 3889//43 3938//92 3937//91
f 3890//44 3891//45 3939//93
f 3890//44 3939//93 3938//92
f 3891//45 3892//46 3940//94
f 3891//45 3940//94 3939//93
f 3892//46 3893//47 3941//95
f 3892//46 3941//95 3940//94
f 3893//47 3894//48 3942//96
f 3893//47 3942//96 3941//95
f 3894//48 3895//49 3943//97
f 3894//48 3943//97 3942//96
f 3895//49 3849//3 3897//51
f 3895//49 3897//51 3943//97
f 3897//51 3896//50 3944//98
f 3897//51 3944//98 3945//99
f 3896//50 3898//52 3946//100
f 3896//50 3946//100 3944//98
f 3898//52 3899//53 3947//101
f 3898//52 3947//101 3946//100
f 3899//53 3900//54 3948//102
f 3899//53 3948//102 3947//101
f 3900//54 3901//55 3949//103
f 3900//54 3949//103 3948//102
f 3901//55 3902//56 3950//104
f 3901//55 3950//104 3949//103
f 3902//56 3903//57 3951//105
f 3902//56 3951//105 3950//104
f 3903//57 3904//58 3952//106
f 3903//57 3952//106 3951//105
f 3904//58 3905//59 3953//107
f 3904//58 3953//107 3952//106
f 3905//59 3906//60 3954//108
f 3905//59 3954//108 3953//107
f 3906//60 3907//61 3955//109
f 3906//60 3955//109 3954//108
f 3907//61 3908//62 3956//110
f 3907//61 3956//110 3955//109
f 3908//62 3909//63 3957//111
f 3908//62 3957//111 3956//110
f 3909//63 3910//64 3958//112
f 3909//63 3958//112 3957//111
f 3910//64 3911//65 3959//113
f 3910//64 3959//113 3958//112
f 3911//65 3912//66 3960//114
f 3911//65 3960//114 3959//113
f 3912//66 3913//67 3961//115
f 3912//66 3961//115 3960//114
f 3913//67 3914//68 3962//116
f 3913//67 3962//116 3961//115
f 3914//68 3915//69 3963//117
f 3914//68 3963//117 3962//116
f 3915//69 3916//70 3964//118
f 3915//69 3964//118 3963//117
f 3916//70 3917//71 3965//119
f 3916//70 3965//119 3964//118
f 3917//71 3918//72 3966//120
f 3917//71 3966//120 3965//119
f 3918//72 3919//73 3967//121
f 3918//72 3967//121 3966//120
f 3919//73 3920//74 3968//122
f 3919//73 3968//122 3967//121
f 3920//74 3921//75 3969//123
f 3920//74 3969//123 3968//122
f 3921//75 3922//76 3970//124
f 3921//75 3970//124 3969//123
f 3922//76 3923//77 3971//125
f 3922//76 3971//125 3970//124
f 3923//77 3924//78 3972//126
f 3923//77 3972//126 3971//125
f 3924//78 3925//79 3973//127
f 3924//78 3973//127 3972//126
f 3925//79 3926//80 3974//128
f 3925//79 3974//128 3973//127
f 3926//80 3927//81 3975//129
f 3926//80 3975//129 3974//128
f 3927//81 3928//82 3976//130
f 3927//81 3976//130 3975//129
f 3928//82 3929//83 3977//131
f 3928//82 3977//131 3976//130
f 3929//83 3930//84 3978//132
f 3929//83 3978//132 3977//131
f 3930//84 3931//85 3979//133
f 3930//84 3979//133 3978//132
f 3931//85 3932//86 3980//134
f 3931//85 3980//134 3979//133
f 3932//86 3933//87 3981//135
f 3932//86 3981//135 3980//134
f 3933//87 3934//88 3982//136
f 3933//87 3982//136 3981//135
f 3934//88 3935//89 3983//137
f 3934//88 3983//137 3982//136
f 3935//89 3936//90 3984//138
f 3935//89 3984//138 3983//137
f 3936//90 3937//91 3985//139
f 3936//90 3985//139 3984//138
f 3937//91 3938//92 3986//140
f 3937//91 3986//140 3985//139
f 3938//92 3939//93 3987//141
f 3938//92 3987//141 3986//140
f 3939//93 3940//94 3988//142
f 3939//93 3988//142 3987//141
f 3940//94 3941//95 3989//143
f 3940//94 3989//143 3988//142
f 3941//95 3942//96 3990//144
f 3941//95 3990//144 3989//143
f 3942//96 3943//97 3991//145
f 3942//96 3991//145 3990//144
f 3943//97 3897//51 3945//99
f 3943//97 3945//99 3991//145
f 3945//99 3944//98 3992//146
f 3945//99 3992//146 3993//147
f 3944//98 3946//100 3994//148
f 3944//98 3994//148 3992//146
f 3946//100 3947//101 3995//149
f 3946//100 3995//149 3994//148
f 3947//101 3948//102 3996//150
f 3947//101 3996//150 3995//149
f 3948//102 3949//103 3997//151
f 3948//102 3997//151 3996//150
f 3949//103 3950//104 3998//152
f 3949//103 3998//152 3997//151
f 3950//104 3951//105 3999//153
f 3950//104 3999//153 3998//152
f 3951//105 3952//106 4000//154
f 3951//105 4000//154 3999//153
f 3952//106 3953//107 4001//155
f 3952//106 4001//155 4000//154
f 3953//107 3954//108 4002//156
f 3953//107 4002//156 4001//155
f 3954//108 3955//109 4003//157
f 3954//108 4003//157 4002//156
f 3955//109 3956//110 4004//158
f 3955//109 4004//158 4003//157
f 3956//110 3957//111 4005//159
f 3956//110 4005//159 4004//158
f 3957//111 3958//112 4006//160
f 3957//111 4006//160 4005//159
f 3958//112 3959//113 4007//161
f 3958//112 4007//161 4006//160
f 3959//113 3960//114 4008//162
f 3959//113 4008//162 4007//161
f 3960//114 3961//115 4009//163
f 3960//114 4009//163 4008//162
f 3961//115 3962//116 4010//164
f 3961//115 4010//164 4009//163
f 3962//116 3963//117 4011//165
f 3962//116 4011//165 4010//164
f 3963//117 3964//118 4012//166
f 3963//117 4012//166 4011//165
f 3964//118 3965//119 4013//167
f 3964//118 4013//167 4012//166
f 3965//119 3966//120 4014//168
f 3965//119 4014//168 4013//167
f 3966//120 3967//121 4015//169
f 3966//120 4015//169 4014//168
f 3967//121 3968//122 4016//170
f 3967//121 4016//170 4015//169
f 3968//122 3969//123 4017//171
f 3968//122 4017//171 4016//170
f 3969//123 3970//124 4018//172
f 3969//123 4018//172 4017//171
f 3970//124 3971//125 4019//173
f 3970//124 4019//173 4018//172
f 3971//125 3972//126 4020//174
f 3971//125 4020//174 4019//173
f 3972//126 3973//127 4021//175
f 3972//126 4021//175 4020//174
f 3973//127 3974//128 4022//176
f 3973//127 4022//176 4021//175
f 3974//128 3975//129 4023//177
f 3974//128 4023//177 4022//176
f 3975//129 3976//130 4024//178
f 3975//129 4024//178 4023//177
f 3976//130 3977//131 4025//179
f 3976//130 4025//179 4024//178
f 3977//131 3978//132 4026//180
f 3977//131 4026//180 4025//179
f 3978//132 3979//133 4027//181
f 3978//132 4027//181 4026//180
f 3979//133 3980//134 4028//182
f 3979//133 4028//182 4027//181
f 3980//134 3981//135 4029//183
f 3980//134 4029//183 4028//182
f 3981//135 3982//136 4030//184
f 3981//135 4030//184 4029//183
f 3982//136 3983//137 4031//185
f 3982//136 4031//185 4030//184
f 3983//137 3984//138 4032//186
f 3983//137 4032//186 4031//185
f 3984//138 3985//139 4033//187
f 3984//138 4033//187 4032//186
f 3985//139 3986//140 4034//188
f 3985//139 4034//188 4033//187
f 3986//140 3987//141 4035//189
f 3986//140 4035//189 4034//188
f 3987//141 3988//142 4036//190
f 3987//141 4036//190 4035//189
f 3988//142 3989//143 4037//191
f 3988//142 4037//191 4036//190
f 3989//143 3990//144 4038//192
f 3989//143 4038//192 4037//191
f 3990//144 3991//145 4039//193
f 3990//144 4039//193 4038//192
f 3991//145 3945//99 3993//147
f 3991//145 3993//147 4039//193
f 3993//147 3992//146 4040//194
f 3993//147 4040//194 4041//195
f 3992//146 3994//148 4042//196
f 3992//146 4042//196 4040//194
f 3994//148 3995//149 4043//197
f 3994//148 4043//197 4042//196
f 3995//149 3996//150 4044//198
f 3995//149 4044//198 4043//197
f 3996//150 3997//151 4045//199
f 3996//150 4045//199 4044//198
f 3997//151 3998//152 4046//200
f 3997//151 4046//200 4045//199
f 3998//152 3999//153 4047//201
f 3998//152 4047//201 4046//200
f 3999//153 4000//154 4048//202
f 3999//153 4048//202 4047//201
f 4000//154 4001//155 4049//203
f 4000//154 4049//203 4048//202
f 4001//155 4002//156 4050//204
f 4001//155 4050//204 4049//203
f 4002//156 4003//157 4051//205
f 4002//156 4051//205 4050//204
f 4003//157 4004//158 4052//206
f 4003//157 4052//206 4051//205
f 4004//158 4005//159 4053//207
f 4004//158 4053//207 4052//206
f 4005//159 4006//160 4054//208
f 4005//159 4054//208 4053//207
f 4006//160 4007//161 4055//209
f 4006//160 4055//209 4054//208
f 4007//161 4008//162 4056//210
f 4007//161 4056//210 4055//209
f 4008//162 4009//163 4057//211
f 4008//162 4057//211 4056//210
f 4009//163 4010//164 4058//212
f 4009//163 4058//212 4057//211
f 4010//164 4011//165 4059//213
f 4010//164 4059//213 4058//212
f 4011//165 4012//166 4060//214
f 4011//165 4060//214 4059//213
f 4012//166 4013//167 4061//215
f 4012//166 4061//215 4060//214
f 4013//167 4014//168 4062//216
f 4013//167 4062//216 4061//215
f 4014//168 4015//169 4063//217
f 4014//168 4063//217 4062//216
f 4015//169 4016//170 4064//218
f 4015//169 4064//218 4063//217
f 4016//170 4017//171 4065//219
f 4016//170 4065//219 4064//218
f 4017//171 4018//172 4066//220
f 4017//171 4066//220 4065//219
f 4018//172 4019//173 4067//221
f 4018//172 4067//221 4066//220
f 4019//173 4020//174 4068//222
f 4019//173 4068//222 4067//221
f 4020//174 4021//175 4069//223
f 4020//174 4069//223 4068//222
f 4021//175 4022//176 4070//224
f 4021//175 4070//224 4069//223
f 4022//176 4023//177 4071//225
f 4022//176 4071//225 4070//224
f 4023//177 4024//178 4072//226
f 4023//177 4072//226 4071//225
f 4024//178 4025//179 4073//227
f 4024//178 4073//227 4072//226
f 4025//179 4026//180 4074//228
f 4025//179 4074//228 4073//227
f 4026//180 4027//181 4075//229
f 4026//180 4075//229 4074//228
f 4027//181 4028//182 4076//230
f 4027//181 4076//230 4075//229
f 4028//182 4029//183 4077//231
f 4028//182 4077//231 4076//230
f 4029//183 4030//184 4078//232
f 4029//183 4078//232 4077//231
f 4030//184 4031//185 4079//233
f 4030//184 4079//233 4078//232
f 4031//185 4032//186 4080//234
f 4031//185 4080//234 4079//233
f 4032//186 4033//187 4081//235
f 4032//186 4081//235 4080//234
f 4033//187 4034//188 4082//236
f 4033//187 4082//236 4081//235
f 4034//188 4035//189 4083//237
f 4034//188 4083//237 4082//236
f 4035//189 4036//190 4084//238
f 4035//189 4084//238 4083//237
f 4036//190 4037//191 4085//239
f 4036//190 4085//239 4084//238
f 4037//191 4038//192 4086//240
f 4037//191 4086//240 4085//239
f 4038//192 4039//193 4087//241
f 4038//192 4087//241 4086//240
f 4039//193 3993//147 4041//195
f 4039//193 4041//195 4087//241
f 4041//195 4040//194 4088//242
f 4041//195 4088//242 4089//243
f 4040//194 4042//196 4090//244
f 4040//194 4090//244 4088//242
f 4042//196 4043//197 4091//245
f 4042//196 4091//245 4090//244
f 4043//197 4044//198 4092//246
f 4043//197 4092//246 4091//245
f 4044//198 4045//199 4093//247
f 4044//198 4093//247 4092//246
f 4045//199 4046//200 4094//248
f 4045//199 4094//248 4093//247
f 4046//200 4047//201 4095//249
f 4046//200 4095//249 4094//248
f 4047//201 4048//202 4096//250
f 4047//201 4096//250 4095//249
f 4048//202 4049//203 4097//251
f 4048//202 4097//251 4096//250
f 4049//203 4050//204 4098//252
f 4049//203 4098//252 4097//251
f 4050//204 4051//205 4099//253
f 4050//204 4099//253 4098//252
f 4051//205 4052//206 4100//254
f 4051//205 4100//254 4099//253
f 4052//206 4053//207 4101//255
f 4052//206 4101//255 4100//254
f 4053//207 4054//208 4102//256
f 4053//207 4102//256 4101//255
f 4054//208 4055//209 4103//257
f 4054//208 4103//257 4102//256
f 4055//209 4056//210 4104//258
f 4055//209 4104//258 4103//257
f 4056//210 4057//211 4105//259
f 4056//210 4105//259 4104//258
f 4057//211 4058//212 4106//260
f 4057//211 4106//260 4105//259
f 4058//212 4059//213 4107//261
f 4058//212 4107//261 4106//260
f 4059//213 4060//214 4108//262
f 4059//213 4108//262 4107//261
f 4060//214 4061//215 4109//263
f 4060//214 4109//263 4108//262
f 4061//215 4062//216 4110//264
f 4061//215 4110//264 4109//263
f 4062//216 4063//217 4111//265
f 4062//216 4111//265 4110//264
f 4063//217 4064//218 4112//266
f 4063//217 4112//266 4111//265
f 4064//218 4065//219 4113//267
f 4064//218 4113//267 4112//266
f 4065//219 4066//220 4114//268
f 4065//219 4114//268 4113//267
f 4066//220 4067//221 4115//269
f 4066//220 4115//269 4114//268
f 4067//221 4068//222 4116//270
f 4067//221 4116//270 4115//269
f 4068//222 4069//223 4117//271
f 4068//222 4117//271 4116//270
f 4069//223 4070//224 4118//272
f 4069//223 4118//272 4117//271
f 4070//224 4071//225 4119//273
f 4070//224 4119//273 4118//272
f 4071//225 4072//226 4120//274
f 4071//225 4120//274 4119//273
f 4072//226 4073//227 4121//275
f 4072//226 4121//275 4120//274
f 4073//227 4074//228 4122//276
f 4073//227 4122//276 4121//275
f 4074//228 4075//229 4123//277
f 4074//228 4123//277 4122//276
f 4075//229 4076//230 4124//278
f 4075//229 4124//278 4123//277
f 4076//230 4077//231 4125//279
f 4076//230 4125//279 4124//278
f 4077//231 4078//232 4126//280
f 4077//231 4126//280 4125//279
f 4078//232 4079//233 4127//281
f 4078//232 4127//281 4126//280
f 4079//233 4080//234 4128//282
f 4079//233 4128//282 4127//281
f 4080//234 4081//235 4129//283
f 4080//234 4129//283 4128//282
f 4081//235 4082//236 4130//284
f 4081//235 4130//284 4129//283
f 4082//236 4083//237 4131//285
f 4082//236 4131//285 4130//284
f 4083//237 4084//238 4132//286
f 4083//237 4132//286 4131//285
f 4084//238 4085//239 4133//287
f 4084//238 4133//287 4132//286
f 4085//239 4086//240 4134//288
f 4085//239 4134//288 4133//287
f 4086//240 4087//241 4135//289
f 4086//240 4135//289 4134//288
f 4087//241 4041//195 4089//243
f 4087//241 4089//243 4135//289
f 4089//243 4088//242 4136//290
f 4089//243 4136//290 4137//291
f 4088//242 4090//244 4138//292
f 4088//242 4138//292 4136//290
f 4090//244 4091//245 4139//293
f 4090//244 4139//293 4138//292
f 4091//245 4092//246 4140//294
f 4091//245 4140//294 4139//293
f 4092//246 4093//247 4141//295
f 4092//246 4141//295 4140//294
f 4093//247 4094//248 4142//296
f 4093//247 4142//296 4141//295
f 4094//248 4095//249 4143//297
f 4094//248 4143//297 4142//296
f 4095//249 4096//250 4144//298
f 4095//249 4144//298 4143//297
f 4096//250 4097//251 4145//299
f 4096//250 4145//299 4144//298
f 4097//251 4098//252 4146//300
f 4097//251 4146//300 4145//299
f 4098//252 4099//253 4147//301
f 4098//252 4147//301 4146//300
f 4099//253 4100//254 4148//302
f 4099//253 4148//302 4147//301
f 4100//254 4101//255 4149//303
f 4100//254 4149//303 4148//302
f 4101//255 4102//256 4150//304
f 4101//255 4150//304 4149//303
f 4102//256 4103//257 4151//305
f 4102//256 4151//305 4150//304
f 4103//257 4104//258 4152//306
f 4103//257 4152//306 4151//305
f 4104//258 4105//259 4153//307
f 4104//258 4153//307 4152//306
f 4105//259 4106//260 4154//308
f 4105//259 4154//308 4153//307
f 4106//260 4107//261 4155//309
f 4106//260 4155//309 4154//308
f 4107//261 4108//262 4156//310
f 4107//261 4156//310 4155//309
f 4108//262 4109//263 4157//311
f 4108//262 4157//311 4156//310
f 4109//263 4110//264 4158//312
f 4109//263 4158//312 4157//311
f 4110//264 4111//265 4159//313
f 4110//264 4159//313 4158//312
f 4111//265 4112//266 4160//314
f 4111//265 4160//314 4159//313
f 4112//266 4113//267 4161//315
f 4112//266 4161//315 4160//314
f 4113//267 4114//268 4162//316
f 4113//267 4162//316 4161//315
f 4114//268 4115//269 4163//317
f 4114//268 4163//317 4162//316
f 4115//269 4116//270 4164//318
f 4115//269 4164//318 4163//317
f 4116//270 4117//271 4165//319
f 4116//270 4165//319 4164//318
f 4117//271 4118//272 4166//320
f 4117//271 4166//320 4165//319
f 4118//272 4119//273 4167//321
f 4118//272 4167//321 4166//320
f 4119//273 4120//274 4168//322
f 4119//273 4168//322 4167//321
f 4120//274 4121//275 4169//323
f 4120//274 4169//323 4168//322
f 4121//275 4122//276 4170//324
f 4121//275 4170//324 4169//323
f 4122//276 4123//277 4171//325
f 4122//276 4171//325 4170//324
f 4123//277 4124//278 4172//326
f 4123//277 4172//326 4171//325
f 4124//278 4125//279 4173//327
f 4124//278 4173//327 4172//326
f 4125//279 4126//280 4174//328
f 4125//279 4174//328 4173//327
f 4126//280 4127//281 4175//329
f 4126//280 4175//329 4174//328
f 4127//281 4128//282 4176//330
f 4127//281 4176//330 4175//329
f 4128//282 4129//283 4177//331
f 4128//282 4177//331 4176//330
f 4129//283 4130//284 4178//332
f 4129//283 4178//332 4177//331
f 4130//284 4131//285 4179//333
f 4130//284 4179//333 4178//332
f 4131//285 4132//286 4180//334
f 4131//285 4180//334 4179//333
f 4132//286 4133//287 4181//335
f 4132//286 4181//335 4180//334
f 4133//287 4134//288 4182//336
f 4133//287 4182//336 4181//335
f 4134//288 4135//289 4183//337
f 4134//288 4183//337 4182//336
f 4135//289 4089//243 4137//291
f 4135//289 4137//291 4183//337
f 4137//291 4136//290 4184//338
f 4137//291 4184//338 4185//339
f 4136//290 4138//292 4186//340
f 4136//290 4186//340 4184//338
f 4138//292 4139//293 4187//341
f 4138//292 4187//341 4186//340
f 4139//293 4140//294 4188//342
f 4139//293 4188//342 4187//341
f 4140//294 4141//295 4189//343
f 4140//294 4189//343 4188//342
f 4141//295 4142//296 4190//344
f 4141//295 4190//344 4189//343
f 4142//296 4143//297 4191//345
f 4142//296 4191//345 4190//344
f 4143//297 4144//298 4192//346
f 4143//297 4192//346 4191//345
f 4144//298 4145//299 4193//347
f 4144//298 4193//347 4192//346
f 4145//299 4146//300 4194//348
f 4145//299 4194//348 4193//347
f 4146//300 4147//301 4195//349
f 4146//300 4195//349 4194//348
f 4147//301 4148//302 4196//350
f 4147//301 4196//350 4195//349
f 4148//302 4149//303 4197//351
f 4148//302 4197//351 4196//350
f 4149//303 4150//304 4198//352
f 4149//303 4198//352 4197//351
f 4150//304 4151//305 4199//353
f 4150//304 4199//353 4198//352
f 4151//305 4152//306 4200//354
f 4151//305 4200//354 4199//353
f 4152//306 4153//307 4201//355
f 4152//306 4201//355 4200//354
f 4153//307 4154//308 4202//356
f 4153//307 4202//356 4201//355
f 4154//308 4155//309 4203//357
f 4154//308 4203//357 4202//356
f 4155//309 4156//310 4204//358
f 4155//309 4204//358 4203//357
f 4156//310 4157//311 4205//359
f 4156//310 4205//359 4204//358
f 4157//311 4158//312 4206//360
f 4157//311 4206//360 4205//359
f 4158//312 4159//313 4207//361
f 4158//312 4207//361 4206//360
f 4159//313 4160//314 4208//362
f 4159//313 4208//362 4207//361
f 4160//314 4161//315 4209//363
f 4160//314 4209//363 4208//362
f 4161//315 4162//316 4210//364
f 4161//315 4210//364 4209//363
f 4162//316 4163//317 4211//365
f 4162//316 4211//365 4210//364
f 4163//317 4164//318 4212//366
f 4163//317 4212//366 4211//365
f 4164//318 4165//319 4213//367
f 4164//318 4213//367 4212//366
f 4165//319 4166//320 4214//368
f 4165//319 4214//368 4213//367
f 4166//320 4167//321 4215//369
f 4166//320 4215//369 4214//368
f 4167//321 4168//322 4216//370
f 4167//321 4216//370 4215//369
f 4168//322 4169//323 4217//371
f 4168//322 4217//371 4216//370
f 4169//323 4170//324 4218//372
f 4169//323 4218//372 4217//371
f 4170//324 4171//325 4219//373
f 4170//324 4219//373 4218//372
f 4171//325 4172//326 4220//374
f 4171//325 4220//374 4219//373
f 4172//326 4173//327 4221//375
f 4172//326 4221//375 4220//374
f 4173//327 4174//328 4222//376
f 4173//327 4222//376 4221//375
f 4174//328 4175//329 4223//377
f 4174//328 4223//377 4222//376
f 4175//329 4176//330 4224//378
f 4175//329 4224//378 4223//377
f 4176//330 4177//331 4225//379
f 4176//330 4225//379 4224//378
f 4177//331 4178//332 4226//380
f 4177//331 4226//380 4225//379
f 4178//332 4179//333 4227//381
f 4178//332 4227//381 4226//380
f 4179//333 4180//334 4228//382
f 4179//333 4228//382 4227//381
f 4180//334 4181//335 4229//383
f 4180//334 4229//383 4228//382
f 4181//335 4182//336 4230//384
f 4181//335 4230//384 4229//383
f 4182//336 4183//337 4231//385
f 4182//336 4231//385 4230//384
f 4183//337 4137//291 4185//339
f 4183//337 4185//339 4231//385
f 4185//339 4184//338 4232//386
f 4185//339 4232//386 4233//387
f 4184//338 4186//340 4234//388
f 4184//338 4234//388 4232//386
f 4186//340 4187//341 4235//389
f 4186//340 4235//389 4234//388
f 4187//341 4188//342 4236//390
f 4187//341 4236//390 4235//389
f 4188//342 4189//343 4237//391
f 4188//342 4237//391 4236//390
f 4189//343 4190//344 4238//392
f 4189//343 4238//392 4237//391
f 4190//344 4191//345 4239//393
f 4190//344 4239//393 4238//392
f 4191//345 4192//346 4240//394
f 4191//345 4240//394 4239//393
f 4192//346 4193//347 4241//395
f 4192//346 4241//395 4240//394
f 4193//347 4194//348 4242//396
f 4193//347 4242//396 4241//395
f 4194//348 4195//349 4243//397
f 4194//348 4243//397 4242//396
f 4195//349 4196//350 4244//398
f 4195//349 4244//398 4243//397
f 4196//350 4197//351 4245//399
f 4196//350 4245//399 4244//398
f 4197//351 4198//352 4246//400
f 4197//351 4246//400 4245//399
f 4198//352 4199//353 4247//401
f 4198//352 4247//401 4246//400
f 4199//353 4200//354 4248//402
f 4199//353 4248//402 4247//401
f 4200//354 4201//355 4249//403
f 4200//354 4249//403 4248//402
f 4201//355 4202//356 4250//404
f 4201//355 4250//404 4249//403
f 4202//356 4203//357 4251//405
f 4202//356 4251//405 4250//404
f 4203//357 4204//358 4252//406
f 4203//357 4252//406 4251//405
f 4204//358 4205//359 4253//407
f 4204//358 4253//407 4252//406
f 4205//359 4206//360 4254//408
f 4205//359 4254//408 4253//407
f 4206//360 4207//361 4255//409
f 4206//360 4255//409 4254//408
f 4207//361 4208//362 4256//410
f 4207//361 4256//410 4255//409
f 4208//362 4209//363 4257//411
f 4208//362 4257//411 4256//410
f 4209//363 4210//364 4258//412
f 4209//363 4258//412 4257//411
f 4210//364 4211//365 4259//413
f 4210//364 4259//413 4258//412
f 4211//365 4212//366 4260//414
f 4211//365 4260//414 4259//413
f 4212//366 4213//367 4261//415
f 4212//366 4261//415 4260//414
f 4213//367 4214//368 4262//416
f 4213//367 4262//416 4261//415
f 4214//368 4215//369 4263//417
f 4214//368 4263//417 4262//416
f 4215//369 4216//370 4264//418
f 4215//369 4264//418 4263//417
f 4216//370 4217//371 4265//419
f 4216//370 4265//419 4264//418
f 4217//371 4218//372 4266//420
f 4217//371 4266//420 4265//419
f 4218//372 4219//373 4267//421
f 4218//372 4267//421 4266//420
f 4219//373 4220//374 4268//422
f 4219//373 4268//422 4267//421
f 4220//374 4221//375 4269//423
f 4220//374 4269//423 4268//422
f 4221//375 4222//376 4270//424
f 4221//375 4270//424 4269//423
f 4222//376 4223//377 4271//425
f 4222//376 4271//425 4270//424
f 4223//377 4224//378 4272//426
f 4223//377 4272//426 4271//425
f 4224//378 4225//379 4273//427
f 4224//378 4273//427 4272//426
f 4225//379 4226//380 4274//428
f 4225//379 4274//428 4273//427
f 4226//380 4227//381 4275//429
f 4226//380 4275//429 4274//428
f 4227//381 4228//382 4276//430
f 4227//381 4276//430 4275//429
f 4228//382 4229//383 4277//431
f 4228//382 4277//431 4276//430
f 4229//383 4230//384 4278//432
f 4229//383 4278//432 4277//431
f 4230//384 4231//385 4279//433
f 4230//384 4279//433 4278//432
f 4231//385 4185//339 4233//387
f 4231//385 4233//387 4279//433
f 4233//387 4232//386 4280//434
f 4233//387 4280//434 4281//435
f 4232//386 4234//388 4282//436
f 4232//386 4282//436 4280//434
f 4234//388 4235//389 4283//437
f 4234//388 4283//437 4282//436
f 4235//389 4236//390 4284//438
f 4235//389 4284//438 4283//437
f 4236//390 4237//391 4285//439
f 4236//390 4285//439 4284//438
f 4237//391 4238//392 4286//440
f 4237//391 4286//440 4285//439
f 4238//392 4239//393 4287//441
f 4238//392 4287//441 4286//440
f 4239//393 4240//394 4288//442
f 4239//393 4288//442 4287//441
f 4240//394 4241//395 4289//443
f 4240//394 4289//443 4288//442
f 4241//395 4242//396 4290//444
f 4241//395 4290//444 4289//443
f 4242//396 4243//397 4291//445
f 4242//396 4291//445 4290//444
f 4243//397 4244//398 4292//446
f 4243//397 4292//446 4291//445
f 4244//398 4245//399 4293//447
f 4244//398 4293//447 4292//446
f 4245//399 4246//400 4294//448
f 4245//399 4294//448 4293//447
f 4246//400 4247//401 4295//449
f 4246//400 4295//449 4294//448
f 4247//401 4248//402 4296//450
f 4247//401 4296//450 4295//449
f 4248//402 4249//403 4297//451
f 4248//402 4297//451 4296//450
f 4249//403 4250//404 4298//452
f 4249//403 4298//452 4297//451
f 4250//404 4251//405 4299//453
f 4250//404 4299//453 4298//452
f 4251//405 4252//406 4300//454
f 4251//405 4300//454 4299//453
f 4252//406 4253//407 4301//455
f 4252//406 4301//455 4300//454
f 4253//407 4254//408 4302//456
f 4253//407 4302//456 4301//455
f 4254//408 4255//409 4303//457
f 4254//408 4303//457 4302//456
f 4255//409 4256//410 4304//458
f 4255//409 4304//458 4303//457
f 4256//410 4257//411 4305//459
f 4256//410 4305//459 4304//458
f 4257//411 4258//412 4306//460
f 4257//411 4306//460 4305//459
f 4258//412 4259//413 4307//461
f 4258//412 4307//461 4306//460
f 4259//413 4260//414 4308//462
f 4259//413 4308//462 4307//461
f 4260//414 4261//415 4309//463
f 4260//414 4309//463 4308//462
f 4261//415 4262//416 4310//464
f 4261//415 4310//464 4309//463
f 4262//416 4263//417 4311//465
f 4262//416 4311//465 4310//464
f 4263//417 4264//418 4312//466
f 4263//417 4312//466 4311//465
f 4264//418 4265//419 4313//467
f 4264//418 4313//467 4312//466
f 4265//419 4266//420 4314//468
f 4265//419 4314//468 4313//467
f 4266//420 4267//421 4315//469
f 4266//420 4315//469 4314//468
f 4267//421 4268//422 4316//470
f 4267//421 4316//470 4315//469
f 4268//422 4269//423 4317//471
f 4268//422 4317//471 4316//470
f 4269//423 4270//424 4318//472
f 4269//423 4318//472 4317//471
f 4270//424 4271//425 4319//473
f 4270//424 4319//473 4318//472
f 4271//425 4272//426 4320//474
f 4271//425 4320//474 4319//473
f 4272//426 4273//427 4321//475
f 4272//426 4321//475 4320//474
f 4273//427 4274//428 4322//476
f 4273//427 4322//476 4321//475
f 4274//428 4275//429 4323//477
f 4274//428 4323//477 4322//476
f 4275//429 4276//430 4324//478
f 4275//429 4324//478 4323//477
f 4276//430 4277//431 4325//479
f 4276//430 4325//479 4324//478
f 4277//431 4278//432 4326//480
f 4277//431 4326//480 4325//479
f 4278//432 4279//433 4327//481
f 4278//432 4327//481 4326//480
f 4279//433 4233//387 4281//435
f 4279//433 4281//435 4327//481
f 4281//435 4280//434 4328//482
f 4281//435 4328//482 4329//483
f 4280//434 4282//436 4330//484
f 4280//434 4330//484 4328//482
f 4282//436 4283//437 4331//485
f 4282//436 4331//485 4330//484
f 4283//437 4284//438 4332//486
f 4283//437 4332//486 4331//485
f 4284//438 4285//439 4333//487
f 4284//438 4333//487 4332//486
f 4285//439 4286//440 4334//488
f 4285//439 4334//488 4333//487
f 4286//440 4287//441 4335//489
f 4286//440 4335//489 4334//488
f 4287//441 4288//442 4336//490
f 4287//441 4336//490 4335//489
f 4288//442 4289//443 4337//491
f 4288//442 4337//491 4336//490
f 4289//443 4290//444 4338//492
f 4289//443 4338//492 4337//491
f 4290//444 4291//445 4339//493
f 4290//444 4339//493 4338//492
f 4291//445 4292//446 4340//494
f 4291//445 4340//494 4339//493
f 4292//446 4293//447 4341//495
f 4292//446 4341//495 4340//494
f 4293//447 4294//448 4342//496
f 4293//447 4342//496 4341//495
f 4294//448 4295//449 4343//497
f 4294//448 4343//497 4342//496
f 4295//449 4296//450 4344//498
f 4295//449 4344//498 4343//497
f 4296//450 4297//451 4345//499
f 4296//450 4345//499 4344//498
f 4297//451 4298//452 4346//500
f 4297//451 4346//500 4345//499
f 4298//452 4299//453 4347//501
f 4298//452 4347//501 4346//500
f 4299//453 4300//454 4348//502
f 4299//453 4348//502 4347//501
f 4300//454 4301//455 4349//503
f 4300//454 4349//503 4348//502
f 4301//455 4302//456 4350//504
f 4301//455 4350//504 4349//503
f 4302//456 4303//457 4351//505
f 4302//456 4351//505 4350//504
f 4303//457 4304//458 4352//506
f 4303//457 4352//506 4351//505
f 4304//458 4305//459 4353//507
f 4304//458 4353//507 4352//506
f 4305//459 4306//460 4354//508
f 4305//459 4354//508 4353//507
f 4306//460 4307//461 4355//509
f 4306//460 4355//509 4354//508
f 4307//461 4308//462 4356//510
f 4307//461 4356//510 4355//509
f 4308//462 4309//463 4357//511
f 4308//462 4357//511 4356//510
f 4309//463 4310//464 4358//512
f 4309//463 4358//512 4357//511
f 4310//464 4311//465 4359//513
f 4310//464 4359//513 4358//512
f 4311//465 4312//466 4360//514
f 4311//465 4360//514 4359//513
f 4312//466 4313//467 4361//515
f 4312//466 4361//515 4360//514
f 4313//467 4314//468 4362//516
f 4313//467 4362//516 4361//515
f 4314//468 4315//469 4363//517
f 4314//468 4363//517 4362//516
f 4315//469 4316//470 4364//518
f 4315//469 4364//518 4363//517
f 4316//470 4317//471 4365//519
f 4316//470 4365//519 4364//518
f 4317//471 4318//472 4366//520
f 4317//471 4366//520 4365//519
f 4318//472 4319//473 4367//521
f 4318//472 4367//521 4366//520
f 4319//473 4320//474 4368//522
f 4319//473 4368//522 4367//521
f 4320//474 4321//475 4369//523
f 4320//474 4369//523 4368//522
f 4321//475 4322//476 4370//524
f 4321//475 4370//524 4369//523
f 4322//476 4323//477 4371//525
f 4322//476 4371//525 4370//524
f 4323//477 4324//478 4372//526
f 4323//477 4372//526 4371//525
f 4324//478 4325//479 4373//527
f 4324//478 4373//527 4372//526
f 4325//479 4326//480 4374//528
f 4325//479 4374//528 4373//527
f 4326//480 4327//481 4375//529
f 4326//480 4375//529 4374//528
f 4327//481 4281//435 4329//483
f 4327//481 4329//483 4375//529
f 4329//483 4328//482 4376//530
f 4329//483 4376//530 4377//531
f 4328//482 4330//484 4378//532
f 4328//482 4378//532 4376//530
f 4330//484 4331//485 4379//533
f 4330//484 4379//533 4378//532
f 4331//485 4332//486 4380//534
f 4331//485 4380//534 4379//533
f 4332//486 4333//487 4381//535
f 4332//486 4381//535 4380//534
f 4333//487 4334//488 4382//536
f 4333//487 4382//536 4381//535
f 4334//488 4335//489 4383//537
f 4334//488 4383//537 4382//536
f 4335//489 4336//490 4384//538
f 4335//489 4384//538 4383//537
f 4336//490 4337//491 4385//539
f 4336//490 4385//539 4384//538
f 4337//491 4338//492 4386//540
f 4337//491 4386//540 4385//539
f 4338//492 4339//493 4387//541
f 4338//492 4387//541 4386//540
f 4339//493 4340//494 4388//542
f 4339//493 4388//542 4387//541
f 4340//494 4341//495 4389//543
f 4340//494 4389//543 4388//542
f 4341//495 4342//496 4390//544
f 4341//495 4390//544 4389//543
f 4342//496 4343//497 4391//545
f 4342//496 4391//545 4390//544
f 4343//497 4344//498 4392//546
f 4343//497 4392//546 4391//545
f 4344//498 4345//499 4393//547
f 4344//498 4393//547 4392//546
f 4345//499 4346//500 4394//548
f 4345//499 4394//548 4393//547
f 4346//500 4347//501 4395//549
f 4346//500 4395//549 4394//548
f 4347//501 4348//502 4396//550
f 4347//501 4396//550 4395//549
f 4348//502 4349//503 4397//551
f 4348//502 4397//551 4396//550
f 4349//503 4350//504 4398//552
f 4349//503 4398//552 4397//551
f 4350//504 4351//505 4399//553
f 4350//504 4399//553 4398//552
f 4351//505 4352//506 4400//554
f 4351//505 4400//554 4399//553
f 4352//506 4353//507 4401//555
f 4352//506 4401//555 4400//554
f 4353//507 4354//508 4402//556
f 4353//507 4402//556 4401//555
f 4354//508 4355//509 4403//557
f 4354//508 4403//557 4402//556
f 4355//509 4356//510 4404//558
f 4355//509 4404//558 4403//557
f 4356//510 4357//511 4405//559
f 4356//510 4405//559 4404//558
f 4357//511 4358//512 4406//560
f 4357//511 4406//560 4405//559
f 4358//512 4359//513 4407//561
f 4358//512 4407//561 4406//560
f 4359//513 4360//514 4408//562
f 4359//513 4408//562 4407//561
f 4360//514 4361//515 4409//563
f 4360//514 4409//563 4408//562
f 4361//515 4362//516 4410//564
f 4361//515 4410//564 4409//563
f 4362//516 4363//517 4411//565
f 4362//516 4411//565 4410//564
f 4363//517 4364//518 4412//566
f 4363//517 4412//566 4411//565
f 4364//518 4365//519 4413//567
f 4364//518 4413//567 4412//566
f 4365//519 4366//520 4414//568
f 4365//519 4414//568 4413//567
f 4366//520 4367//521 4415//569
f 4366//520 4415//569 4414//568
f 4367//521 4368//522 4416//570
f 4367//521 4416//570 4415//569
f 4368//522 4369//523 4417//571
f 4368//522 4417//571 4416//570
f 4369//523 4370//524 4418//572
f 4369//523 4418//572 4417//571
f 4370//524 4371//525 4419//573
f 4370//524 4419//573 4418//572
f 4371//525 4372//526 4420//574
f 4371//525 4420//574 4419//573
f 4372//526 4373//527 4421//575
f 4372//526 4421//575 4420//574
f 4373//527 4374//528 4422//576
f 4373//527 4422//576 4421//575
f 4374//528 4375//529 4423//577
f 4374//528 4423//577 4422//576
f 4375//529 4329//483 4377//531
f 4375//529 4377//531 4423//577
f 4377//531 4376//530 4424//578
f 4377//531 4424//578 4425//579
f 4376//530 4378//532 4426//580
f 4376//530 4426//580 4424//578
f 4378//532 4379//533 4427//581
f 4378//532 4427//581 4426//580
f 4379//533 4380//534 4428//582
f 4379//533 4428//582 4427//581
f 4380//534 4381//535 4429//583
f 4380//534 4429//583 4428//582
f 4381//535 4382//536 4430//584
f 4381//535 4430//584 4429//583
f 4382//536 4383//537 4431//585
f 4382//536 4431//585 4430//584
f 4383//537 4384//538 4432//586
f 4383//537 4432//586 4431//585
f 4384//538 4385//539 4433//587
f 4384//538 4433//587 4432//586
f 4385//539 4386//540 4434//588
f 4385//539 4434//588 4433//587
f 4386//540 4387//541 4435//589
f 4386//540 4435//589 4434//588
f 4387//541 4388//542 4436//590
f 4387//541 4436//590 4435//589
f 4388//542 4389//543 4437//591
f 4388//542 4437//591 4436//590
f 4389//543 4390//544 4438//592
f 4389//543 4438//592 4437//591
f 4390//544 4391//545 4439//593
f 4390//544 4439//593 4438//592
f 4391//545 4392//546 4440//594
f 4391//545 4440//594 4439//593
f 4392//546 4393//547 4441//595
f 4392//546 4441//595 4440//594
f 4393//547 4394//548 4442//596
f 4393//547 4442//596 4441//595
f 4394//548 4395//549 4443//597
f 4394//548 4443//597 4442//596
f 4395//549 4396//550 4444//598
f 4395//549 4444//598 4443//597
f 4396//550 4397//551 4445//599
f 4396//550 4445//599 4444//598
f 4397//551 4398//552 4446//600
f 4397//551 4446//600 4445//599
f 4398//552 4399//553 4447//601
f 4398//552 4447//601 4446//600
f 4399//553 4400//554 4448//602
f 4399//553 4448//602 4447//601
f 4400//554 4401//555 4449//603
f 4400//554 4449//603 4448//602
f 4401//555 4402//556 4450//604
f 4401//555 4450//604 4449//603
f 4402//556 4403//557 4451//605
f 4402//556 4451//605 4450//604
f 4403//557 4404//558 4452//606
f 4403//557 4452//606 4451//605
f 4404//558 4405//559 4453//607
f 4404//558 4453//607 4452//606
f 4405//559 4406//560 4454//608
f 4405//559 4454//608 4453//607
f 4406//560 4407//561 4455//609
f 4406//560 4455//609 4454//608
f 4407//561 4408//562 4456//610
f 4407//561 4456//610 4455//609
f 4408//562 4409//563 4457//611
f 4408//562 4457//611 4456//610
f 4409//563 4410//564 4458//612
f 4409//563 4458//612 4457//611
f 4410//564 4411//565 4459//613
f 4410//564 4459//613 4458//612
f 4411//565 4412//566 4460//614
f 4411//565 4460//614 4459//613
f 4412//566 4413//567 4461//615
f 4412//566 4461//615 4460//614
f 4413//567 4414//568 4462//616
f 4413//567 4462//616 4461//615
f 4414//568 4415//569 4463//617
f 4414//568 4463//617 4462//616
f 4415//569 4416//570 4464//618
f 4415//569 4464//618 4463//617
f 4416//570 4417//571 4465//619
f 4416//570 4465//619 4464//618
f 4417//571 4418//572 4466//620
f 4417//571 4466//620 4465//619
f 4418//572 4419//573 4467//621
f 4418//572 4467//621 4466//620
f 4419//573 4420//574 4468//622
f 4419//573 4468//622 4467//621
f 4420//574 4421//575 4469//623
f 4420//574 4469//623 4468//622
f 4421//575 4422//576 4470//624
f 4421//575 4470//624 4469//623
f 4422//576 4423//577 4471//625
f 4422//576 4471//625 4470//624
f 4423//577 4377//531 4425//579
f 4423//577 4425//579 4471//625
f 4425//579 4424//578 4472//626
f 4425//579 4472//626 4473//627
f 4424//578 4426//580 4474//628
f 4424//578 4474//628 4472//626
f 4426//580 4427//581 4475//629
f 4426//580 4475//629 4474//628
f 4427//581 4428//582 4476//630
f 4427//581 4476//630 4475//629
f 4428//582 4429//583 4477//631
f 4428//582 4477//631 4476//630
f 4429//583 4430//584 4478//632
f 4429//583 4478//632 4477//631
f 4430//584 4431//585 4479//633
f 4430//584 4479//633 4478//632
f 4431//585 4432//586 4480//634
f 4431//585 4480//634 4479//633
f 4432//586 4433//587 4481//635
f 4432//586 4481//635 4480//634
f 4433//587 4434//588 4482//636
f 4433//587 4482//636 4481//635
f 4434//588 4435//589 4483//637
f 4434//588 4483//637 4482//636
f 4435//589 4436//590 4484//638
f 4435//589 4484//638 4483//637
f 4436//590 4437//591 4485//639
f 4436//590 4485//639 4484//638
f 4437//591 4438//592 4486//640
f 4437//591 4486//640 4485//639
f 4438//592 4439//593 4487//641
f 4438//592 4487//641 4486//640
f 4439//593 4440//594 4488//642
f 4439//593 4488//642 4487//641
f 4440//594 4441//595 4489//643
f 4440//594 4489//643 4488//642
f 4441//595 4442//596 4490//644
f 4441//595 4490//644 4489//643
f 4442//596 4443//597 4491//645
f 4442//596 4491//645 4490//644
f 4443//597 4444//598 4492//646
f 4443//597 4492//646 4491//645
f 4444//598 4445//599 4493//647
f 4444//598 4493//647 4492//646
f 4445//599 4446//600 4494//648
f 4445//599 4494//648 4493//647
f 4446//600 4447//601 4495//649
f 4446//600 4495//649 4494//648
f 4447//601 4448//602 4496//650
f 4447//601 4496//650 4495//649
f 4448//602 4449//603 4497//651
f 4448//602 4497//651 4496//650
f 4449//603 4450//604 4498//652
f 4449//603 4498//652 4497//651
f 4450//604 4451//605 4499//653
f 4450//604 4499//653 4498//652
f 4451//605 4452//606 4500//654
f 4451//605 4500//654 4499//653
f 4452//606 4453//607 4501//655
f 4452//606 4501//655 4500//654
f 4453//607 4454//608 4502//656
f 4453//607 4502//656 4501//655
f 4454//608 4455//609 4503//657
f 4454//608 4503//657 4502//656
f 4455//609 4456//610 4504//658
f 4455//609 4504//658 4503//657
f 4456//610 4457//611 4505//659
f 4456//610 4505//659 4504//658
f 4457//611 4458//612 4506//660
f 4457//611 4506//660 4505//659
f 4458//612 4459//613 4507//661
f 4458//612 4507//661 4506//660
f 4459//613 4460//614 4508//662
f 4459//613 4508//662 4507//661
f 4460//614 4461//615 4509//663
f 4460//614 4509//663 4508//662
f 4461//615 4462//616 4510//664
f 4461//615 4510//664 4509//663
f 4462//616 4463//617 4511//665
f 4462//616 4511//665 4510//664
f 4463//617 4464//618 4512//666
f 4463//617 4512//666 4511//665
f 4464//618 4465//619 4513//667
f 4464//618 4513//667 4512//666
f 4465//619 4466//620 4514//668
f 4465//619 4514//668 4513//667
f 4466//620 4467//621 4515//669
f 4466//620 4515//669 4514//668
f 4467//621 4468//622 4516//670
f 4467//621 4516//670 4515//669
f 4468//622 4469//623 4517//671
f 4468//622 4517//671 4516//670
f 4469//623 4470//624 4518//672
f 4469//623 4518//672 4517//671
f 4470//624 4471//625 4519//673
f 4470//624 4519//673 4518//672
f 4471//625 4425//579 4473//627
f 4471//625 4473//627 4519//673
f 4473//627 4472//626 4520//674
f 4473//627 4520//674 4521//675
f 4472//626 4474//628 4522//676
f 4472//626 4522//676 4520//674
f 4474//628 4475//629 4523//677
f 4474//628 4523//677 4522//676
f 4475//629 4476//630 4524//678
f 4475//629 4524//678 4523//677
f 4476//630 4477//631 4525//679
f 4476//630 4525//679 4524//678
f 4477//631 4478//632 4526//680
f 4477//631 4526//680 4525//679
f 4478//632 4479//633 4527//681
f 4478//632 4527//681 4526//680
f 4479//633 4480//634 4528//682
f 4479//633 4528//682 4527//681
f 4480//634 4481//635 4529//683
f 4480//634 4529//683 4528//682
f 4481//635 4482//636 4530//684
f 4481//635 4530//684 4529//683
f 4482//636 4483//637 4531//685
f 4482//636 4531//685 4530//684
f 4483//637 4484//638 4532//686
f 4483//637 4532//686 4531//685
f 4484//638 4485//639 4533//687
f 4484//638 4533//687 4532//686
f 4485//639 4486//640 4534//688
f 4485//639 4534//688 4533//687
f 4486//640 4487//641 4535//689
f 4486//640 4535//689 4534//688
f 4487//641 4488//642 4536//690
f 4487//641 4536//690 4535//689
f 4488//642 4489//643 4537//691
f 4488//642 4537//691 4536//690
f 4489//643 4490//644 4538//692
f 4489//643 4538//692 4537//691
f 4490//644 4491//645 4539//693
f 4490//644 4539//693 4538//692
f 4491//645 4492//646 4540//694
f 4491//645 4540//694 4539//693
f 4492//646 4493//647 4541//695
f 4492//646 4541//695 4540//694
f 4493//647 4494//648 4542//696
f 4493//647 4542//696 4541//695
f 4494//648 4495//649 4543//697
f 4494//648 4543//697 4542//696
f 4495//649 4496//650 4544//698
f 4495//649 4544//698 4543//697
f 4496//650 4497//651 4545//699
f 4496//650 4545//699 4544//698
f 4497//651 4498//652 4546//700
f 4497//651 4546//700 4545//699
f 4498//652 4499//653 4547//701
f 4498//652 4547//701 4546//700
f 4499//653 4500//654 4548//702
f 4499//653 4548//702 4547//701
f 4500//654 4501//655 4549//703
f 4500//654 4549//703 4548//702
f 4501//655 4502//656 4550//704
f 4501//655 4550//704 4549//703
f 4502//656 4503//657 4551//705
f 4502//656 4551//705 4550//704
f 4503//657 4504//658 4552//706
f 4503//657 4552//706 4551//705
f 4504//658 4505//659 4553//707
f 4504//658 4553//707 4552//706
f 4505//659 4506//660 4554//708
f 4505//659 4554//708 4553//707
f 4506//660 4507//661 4555//709
f 4506//660 4555//709 4554//708
f 4507//661 4508//662 4556//710
f 4507//661 4556//710 4555//709
f 4508//662 4509//663 4557//711
f 4508//662 4557//711 4556//710
f 4509//663 4510//664 4558//712
f 4509//663 4558//712 4557//711
f 4510//664 4511//665 4559//713
f 4510//664 4559//713 4558//712
f 4511//665 4512//666 4560//714
f 4511//665 4560//714 4559//713
f 4512//666 4513//667 4561//715
f 4512//666 4561//715 4560//714
f 4513//667 4514//668 4562//716
f 4513//667 4562//716 4561//715
f 4514//668 4515//669 4563//717
f 4514//668 4563//717 4562//716
f 4515//669 4516//670 4564//718
f 4515//669 4564//718 4563//717
f 4516//670 4517//671 4565//719
f 4516//670 4565//719 4564//718
f 4517//671 4518//672 4566//720
f 4517//671 4566//720 4565//719
f 4518//672 4519//673 4567//721
f 4518//672 4567//721 4566//720
f 4519//673 4473//627 4521//675
f 4519//673 4521//675 4567//721
f 4521//675 4520//674 4568//722
f 4521//675 4568//722 4569//723
f 4520//674 4522//676 4570//724
f 4520//674 4570//724 4568//722
f 4522//676 4523//677 4571//725
f 4522//676 4571//725 4570//724
f 4523//677 4524//678 4572//726
f 4523//677 4572//726 4571//725
f 4524//678 4525//679 4573//727
f 4524//678 4573//727 4572//726
f 4525//679 4526//680 4574//728
f 4525//679 4574//728 4573//727
f 4526//680 4527//681 4575//729
f 4526//680 4575//729 4574//728
f 4527//681 4528//682 4576//730
f 4527//681 4576//730 4575//729
f 4528//682 4529//683 4577//731
f 4528//682 4577//731 4576//730
f 4529//683 4530//684 4578//732
f 4529//683 4578//732 4577//731
f 4530//684 4531//685 4579//733
f 4530//684 4579//733 4578//732
f 4531//685 4532//686 4580//734
f 4531//685 4580//734 4579//733
f 4532//686 4533//687 4581//735
f 4532//686 4581//735 4580//734
f 4533//687 4534//688 4582//736
f 4533//687 4582//736 4581//735
f 4534//688 4535//689 4583//737
f 4534//688 4583//737 4582//736
f 4535//689 4536//690 4584//738
f 4535//689 4584//738 4583//737
f 4536//690 4537//691 4585//739
f 4536//690 4585//739 4584//738
f 4537//691 4538//692 4586//740
f 4537//691 4586//740 4585//739
f 4538//692 4539//693 4587//741
f 4538//692 4587//741 4586//740
f 4539//693 4540//694 4588//742
f 4539//693 4588//742 4587//741
f 4540//694 4541//695 4589//743
f 4540//694 4589//743 4588//742
f 4541//695 4542//696 4590//744
f 4541//695 4590//744 4589//743
f 4542//696 4543//697 4591//745
f 4542//696 4591//745 4590//744
f 4543//697 4544//698 4592//746
f 4543//697 4592//746 4591//745
f 4544//698 4545//699 4593//747
f 4544//698 4593//747 4592//746
f 4545//699 4546//700 4594//748
f 4545//699 4594//748 4593//747
f 4546//700 4547//701 4595//749
f 4546//700 4595//749 4594//748
f 4547//701 4548//702 4596//750
f 4547//701 4596//750 4595//749
f 4548//702 4549//703 4597//751
f 4548//702 4597//751 4596//750
f 4549//703 4550//704 4598//752
f 4549//703 4598//752 4597//751
f 4550//704 4551//705 4599//753
f 4550//704 4599//753 4598//752
f 4551//705 4552//706 4600//754
f 4551//705 4600//754 4599//753
f 4552//706 4553//707 4601//755
f 4552//706 4601//755 4600//754
f 4553//707 4554//708 4602//756
f 4553//707 4602//756 4601//755
f 4554//708 4555//709 4603//757
f 4554//708 4603//757 4602//756
f 4555//709 4556//710 4604//758
f 4555//709 4604//758 4603//757
f 4556//710 4557//711 4605//759
f 4556//710 4605//759 4604//758
f 4557//711 4558//712 4606//760
f 4557//711 4606//760 4605//759
f 4558//712 4559//713 4607//761
f 4558//712 4607//761 4606//760
f 4559//713 4560//714 4608//762
f 4559//713 4608//762 4607//761
f 4560//714 4561//715 4609//763
f 4560//714 4609//763 4608//762
f 4561//715 4562//716 4610//764
f 4561//715 4610//764 4609//763
f 4562//716 4563//717 4611//765
f 4562//716 4611//765 4610//764
f 4563//717 4564//718 4612//766
f 4563//717 4612//766 4611//765
f 4564//718 4565//719 4613//767
f 4564//718 4613//767 4612//766
f 4565//719 4566//720 4614//768
f 4565//719 4614//768 4613//767
f 4566//720 4567//721 4615//769
f 4566//720 4615//769 4614//768
f 4567//721 4521//675 4569//723
f 4567//721 4569//723 4615//769
f 4569//723 4568//722 4616//770
f 4569//723 4616//770 4617//771
f 4568//722 4570//724 4618//772
f 4568//722 4618//772 4616//770
f 4570//724 4571//725 4619//773
f 4570//724 4619//773 4618//772
f 4571//725 4572//726 4620//774
f 4571//725 4620//774 4619//773
f 4572//726 4573//727 4621//775
f 4572//726 4621//775 4620//774
f 4573//727 4574//728 4622//776
f 4573//727 4622//776 4621//775
f 4574//728 4575//729 4623//777
f 4574//728 4623//777 4622//776
f 4575//729 4576//730 4624//778
f 4575//729 4624//778 4623//777
f 4576//730 4577//731 4625//779
f 4576//730 4625//779 4624//778
f 4577//731 4578//732 4626//780
f 4577//731 4626//780 4625//779
f 4578//732 4579//733 4627//781
f 4578//732 4627//781 4626//780
f 4579//733 4580//734 4628//782
f 4579//733 4628//782 4627//781
f 4580//734 4581//735 4629//783
f 4580//734 4629//783 4628//782
f 4581//735 4582//736 4630//784
f 4581//735 4630//784 4629//783
f 4582//736 4583//737 4631//785
f 4582//736 4631//785 4630//784
f 4583//737 4584//738 4632//786
f 4583//737 4632//786 4631//785
f 4584//738 4585//739 4633//787
f 4584//738 4633//787 4632//786
f 4585//739 4586//740 4634//788
f 4585//739 4634//788 4633//787
f 4586//740 4587//741 4635//789
f 4586//740 4635//789 4634//788
f 4587//741 4588//742 4636//790
f 4587//741 4636//790 4635//789
f 4588//742 4589//743 4637//791
f 4588//742 4637//791 4636//790
f 4589//743 4590//744 4638//792
f 4589//743 4638//792 4637//791
f 4590//744 4591//745 4639//793
f 4590//744 4639//793 4638//792
f 4591//745 4592//746 4640//794
f 4591//745 4640//794 4639//793
f 4592//746 4593//747 4641//795
f 4592//746 4641//795 4640//794
f 4593//747 4594//748 4642//796
f 4593//747 4642//796 4641//795
f 4594//748 4595//749 4643//797
f 4594//748 4643//797 4642//796
f 4595//749 4596//750 4644//798
f 4595//749 4644//798 4643//797
f 4596//750 4597//751 4645//799
f 4596//750 4645//799 4644//798
f 4597//751 4598//752 4646//800
f 4597//751 4646//800 4645//799
f 4598//752 4599//753 4647//801
f 4598//752 4647//801 4646//800
f 4599//753 4600//754 4648//802
f 4599//753 4648//802 4647//801
f 4600//754 4601//755 4649//803
f 4600//754 4649//803 4648//802
f 4601//755 4602//756 4650//804
f 4601//755 4650//804 4649//803
f 4602//756 4603//757 4651//805
f 4602//756 4651//805 4650//804
f 4603//757 4604//758 4652//806
f 4603//757 4652//806 4651//805
f 4604//758 4605//759 4653//807
f 4604//758 4653//807 4652//806
f 4605//759 4606//760 4654//808
f 4605//759 4654//808 4653//807
f 4606//760 4607//761 4655//809
f 4606//760 4655//809 4654//808
f 4607//761 4608//762 4656//810
f 4607//761 4656//810 4655//809
f 4608//762 4609//763 4657//811
f 4608//762 4657//811 4656//810
f 4609//763 4610//764 4658//812
f 4609//763 4658//812 4657//811
f 4610//764 4611//765 4659//813
f 4610//764 4659//813 4658//812
f 4611//765 4612//766 4660//814
f 4611//765 4660//814 4659//813
f 4612//766 4613//767 4661//815
f 4612//766 4661//815 4660//814
f 4613//767 4614//768 4662//816
f 4613//767 4662//816 4661//815
f 4614//768 4615//769 4663//817
f 4614//768 4663//817 4662//816
f 4615//769 4569//723 4617//771
f 4615//769 4617//771 4663//817
f 4617//771 4616//770 4664//818
f 4617//771 4664//818 4665//819
f 4616//770 4618//772 4666//820
f 4616//770 4666//820 4664//818
f 4618//772 4619//773 4667//821
f 4618//772 4667//821 4666//820
f 4619//773 4620//774 4668//822
f 4619//773 4668//822 4667//821
f 4620//774 4621//775 4669//823
f 4620//774 4669//823 4668//822
f 4621//775 4622//776 4670//824
f 4621//775 4670//824 4669//823
f 4622//776 4623//777 4671//825
f 4622//776 4671//825 4670//824
f 4623//777 4624//778 4672//826
f 4623//777 4672//826 4671//825
f 4624//778 4625//779 4673//827
f 4624//778 4673//827 4672//826
f 4625//779 4626//780 4674//828
f 4625//779 4674//828 4673//827
f 4626//780 4627//781 4675//829
f 4626//780 4675//829 4674//828
f 4627//781 4628//782 4676//830
f 4627//781 4676//830 4675//829
f 4628//782 4629//783 4677//831
f 4628//782 4677//831 4676//830
f 4629//783 4630//784 4678//832
f 4629//783 4678//832 4677//831
f 4630//784 4631//785 4679//833
f 4630//784 4679//833 4678//832
f 4631//785 4632//786 4680//834
f 4631//785 4680//834 4679//833
f 4632//786 4633//787 4681//835
f 4632//786 4681//835 4680//834
f 4633//787 4634//788 4682//836
f 4633//787 4682//836 4681//835
f 4634//788 4635//789 4683//837
f 4634//788 4683//837 4682//836
f 4635//789 4636//790 4684//838
f 4635//789 4684//838 4683//837
f 4636//790 4637//791 4685//839
f 4636//790 4685//839 4684//838
f 4637//791 4638//792 4686//840
f 4637//791 4686//840 4685//839
f 4638//792 4639//793 4687//841
f 4638//792 4687//841 4686//840
f 4639//793 4640//794 4688//842
f 4639//793 4688//842 4687//841
f 4640//794 4641//795 4689//843
f 4640//794 4689//843 4688//842
f 4641//795 4642//796 4690//844
f 4641//795 4690//844 4689//843
f 4642//796 4643//797 4691//845
f 4642//796 4691//845 4690//844
f 4643//797 4644//798 4692//846
f 4643//797 4692//846 4691//845
f 4644//798 4645//799 4693//847
f 4644//798 4693//847 4692//846
f 4645//799 4646//800 4694//848
f 4645//799 4694//848 4693//847
f 4646//800 4647//801 4695//849
f 4646//800 4695//849 4694//848
f 4647//801 4648//802 4696//850
f 4647//801 4696//850 4695//849
f 4648//802 4649//803 4697//851
f 4648//802 4697//851 4696//850
f 4649//803 4650//804 4698//852
f 4649//803 4698//852 4697//851
f 4650//804 4651//805 4699//853
f 4650//804 4699//853 4698//852
f 4651//805 4652//806 4700//854
f 4651//805 4700//854 4699//853
f 4652//806 4653//807 4701//855
f 4652//806 4701//855 4700//854
f 4653//807 4654//808 4702//856
f 4653//807 4702//856 4701//855
f 4654//808 4655//809 4703//857
f 4654//808 4703//857 4702//856
f 4655//809 4656//810 4704//858
f 4655//809 4704//858 4703//857
f 4656//810 4657//811 4705//859
f 4656//810 4705//859 4704//858
f 4657//811 4658//812 4706//860
f 4657//811 4706//860 4705//859
f 4658//812 4659//813 4707//861
f 4658//812 4707//861 4706//860
f 4659//813 4660//814 4708//862
f 4659//813 4708//862 4707//861
f 4660//814 4661//815 4709//863
f 4660//814 4709//863 4708//862
f 4661//815 4662//816 4710//864
f 4661//815 4710//864 4709//863
f 4662//816 4663//817 4711//865
f 4662//816 4711//865 4710//864
f 4663//817 4617//771 4665//819
f 4663//817 4665//819 4711//865
f 4665//819 4664//818 4712//866
f 4665//819 4712//866 4713//867
f 4664//818 4666//820 4714//868
f 4664//818 4714//868 4712//866
f 4666//820 4667//821 4715//869
f 4666//820 4715//869 4714//868
f 4667//821 4668//822 4716//870
f 4667//821 4716//870 4715//869
f 4668//822 4669//823 4717//871
f 4668//822 4717//871 4716//870
f 4669//823 4670//824 4718//872
f 4669//823 4718//872 4717//871
f 4670//824 4671//825 4719//873
f 4670//824 4719//873 4718//872
f 4671//825 4672//826 4720//874
f 4671//825 4720//874 4719//873
f 4672//826 4673//827 4721//875
f 4672//826 4721//875 4720//874
f 4673//827 4674//828 4722//876
f 4673//827 4722//876 4721//875
f 4674//828 4675//829 4723//877
f 4674//828 4723//877 4722//876
f 4675//829 4676//830 4724//878
f 4675//829 4724//878 4723//877
f 4676//830 4677//831 4725//879
f 4676//830 4725//879 4724//878
f 4677//831 4678//832 4726//880
f 4677//831 4726//880 4725//879
f 4678//832 4679//833 4727//881
f 4678//832 4727//881 4726//880
f 4679//833 4680//834 4728//882
f 4679//833 4728//882 4727//881
f 4680//834 4681//835 4729//883
f 4680//834 4729//883 4728//882
f 4681//835 4682//836 4730//884
f 4681//835 4730//884 4729//883
f 4682//836 4683//837 4731//885
f 4682//836 4731//885 4730//884
f 4683//837 4684//838 4732//886
f 4683//837 4732//886 4731//885
f 4684//838 4685//839 4733//887
f 4684//838 4733//887 4732//886
f 4685//839 4686//840 4734//888
f 4685//839 4734//888 4733//887
f 4686//840 4687//841 4735//889
f 4686//840 4735//889 4734//888
f 4687//841 4688//842 4736//890
f 4687//841 4736//890 4735//889
f 4688//842 4689//843 4737//891
f 4688//842 4737//891 4736//890
f 4689//843 4690//844 4738//892
f 4689//843 4738//892 4737//891
f 4690//844 4691//845 4739//893
f 4690//844 4739//893 4738//892
f 4691//845 4692//846 4740//894
f 4691//845 4740//894 4739//893
f 4692//846 4693//847 4741//895
f 4692//846 4741//895 4740//894
f 4693//847 4694//848 4742//896
f 4693//847 4742//896 4741//895
f 4694//848 4695//849 4743//897
f 4694//848 4743//897 4742//896
f 4695//849 4696//850 4744//898
f 4695//849 4744//898 4743//897
f 4696//850 4697//851 4745//899
f 4696//850 4745//899 4744//898
f 4697//851 4698//852 4746//900
f 4697//851 4746//900 4745//899
f 4698//852 4699//853 4747//901
f 4698//852 4747//901 4746//900
f 4699//853 4700//854 4748//902
f 4699//853 4748//902 4747//901
f 4700//854 4701//855 4749//903
f 4700//854 4749//903 4748//902
f 4701//855 4702//856 4750//904
f 4701//855 4750//904 4749//903
f 4702//856 4703//857 4751//905
f 4702//856 4751//905 4750//904
f 4703//857 4704//858 4752//906
f 4703//857 4752//906 4751//905
f 4704//858 4705//859 4753//907
f 4704//858 4753//907 4752//906
f 4705//859 4706//860 4754//908
f 4705//859 4754//908 4753//907
f 4706//860 4707//861 4755//909
f 4706//860 4755//909 4754//908
f 4707//861 4708//862 4756//910
f 4707//861 4756//910 4755//909
f 4708//862 4709//863 4757//911
f 4708//862 4757//911 4756//910
f 4709//863 4710//864 4758//912
f 4709//863 4758//912 4757//911
f 4710//864 4711//865 4759//913
f 4710//864 4759//913 4758//912
f 4711//865 4665//819 4713//867
f 4711//865 4713//867 4759//913
f 4713//867 4712//866 4760//914
f 4713//867 4760//914 4761//915
f 4712//866 4714//868 4762//916
f 4712//866 4762//916 4760//914
f 4714//868 4715//869 4763//917
f 4714//868 4763//917 4762//916
f 4715//869 4716//870 4764//918
f 4715//869 4764//918 4763//917
f 4716//870 4717//871 4765//919
f 4716//870 4765//919 4764//918
f 4717//871 4718//872 4766//920
f 4717//871 4766//920 4765//919
f 4718//872 4719//873 4767//921
f 4718//872 4767//921 4766//920
f 4719//873 4720//874 4768//922
f 4719//873 4768//922 4767//921
f 4720//874 4721//875 4769//923
f 4720//874 4769//923 4768//922
f 4721//875 4722//876 4770//924
f 4721//875 4770//924 4769//923
f 4722//876 4723//877 4771//925
f 4722//876 4771//925 4770//924
f 4723//877 4724//878 4772//926
f 4723//877 4772//926 4771//925
f 4724//878 4725//879 4773//927
f 4724//878 4773//927 4772//926
f 4725//879 4726//880 4774//928
f 4725//879 4774//928 4773//927
f 4726//880 4727//881 4775//929
f 4726//880 4775//929 4774//928
f 4727//881 4728//882 4776//930
f 4727//881 4776//930 4775//929
f 4728//882 4729//883 4777//931
f 4728//882 4777//931 4776//930
f 4729//883 4730//884 4778//932
f 4729//883 4778//932 4777//931
f 4730//884 4731//885 4779//933
f 4730//884 4779//933 4778//932
f 4731//885 4732//886 4780//934
f 4731//885 4780//934 4779//933
f 4732//886 4733//887 4781//935
f 4732//886 4781//935 4780//934
f 4733//887 4734//888 4782//936
f 4733//887 4782//936 4781//935
f 4734//888 4735//889 4783//937
f 4734//888 4783//937 4782//936
f 4735//889 4736//890 4784//938
f 4735//889 4784//938 4783//937
f 4736//890 4737//891 4785//939
f 4736//890 4785//939 4784//938
f 4737//891 4738//892 4786//940
f 4737//891 4786//940 4785//939
f 4738//892 4739//893 4787//941
f 4738//892 4787//941 4786//940
f 4739//893 4740//894 4788//942
f 4739//893 4788//942 4787//941
f 4740//894 4741//895 4789//943
f 4740//894 4789//943 4788//942
f 4741//895 4742//896 4790//944
f 4741//895 4790//944 4789//943
f 4742//896 4743//897 4791//945
f 4742//896 4791//945 4790//944
f 4743//897 4744//898 4792//946
f 4743//897 4792//946 4791//945
f 4744//898 4745//899 4793//947
f 4744//898 4793//947 4792//946
f 4745//899 4746//900 4794//948
f 4745//899 4794//948 4793//947
f 4746//900 4747//901 4795//949
f 4746//900 4795//949 4794//948
f 4747//901 4748//902 4796//950
f 4747//901 4796//950 4795//949
f 4748//902 4749//903 4797//951
f 4748//902 4797//951 4796//950
f 4749//903 4750//904 4798//952
f 4749//903 4798//952 4797//951
f 4750//904 4751//905 4799//953
f 4750//904 4799//953 4798//952
f 4751//905 4752//906 4800//954
f 4751//905 4800//954 4799//953
f 4752//906 4753//907 4801//955
f 4752//906 4801//955 4800//954
f 4753//907 4754//908 4802//956
f 4753//907 4802//956 4801//955
f 4754//908 4755//909 4803//957
f 4754//908 4803//957 4802//956
f 4755//909 4756//910 4804//958
f 4755//909 4804//958 4803//957
f 4756//910 4757//911 4805//959
f 4756//910 4805//959 4804//958
f 4757//911 4758//912 4806//960
f 4757//911 4806//960 4805//959
f 4758//912 4759//913 4807//961
f 4758//912 4807//961 4806//960
f 4759//913 4713//867 4761//915
f 4759//913 4761//915 4807//961
f 4761//915 4760//914 4808//962
f 4761//915 4808//962 4809//963
f 4760//914 4762//916 4810//964
f 4760//914 4810//964 4808//962
f 4762//916 4763//917 4811//965
f 4762//916 4811//965 4810//964
f 4763//917 4764//918 4812//966
f 4763//917 4812//966 4811//965
f 4764//918 4765//919 4813//967
f 4764//918 4813//967 4812//966
f 4765//919 4766//920 4814//968
f 4765//919 4814//968 4813//967
f 4766//920 4767//921 4815//969
f 4766//920 4815//969 4814//968
f 4767//921 4768//922 4816//970
f 4767//921 4816//970 4815//969
f 4768//922 4769//923 4817//971
f 4768//922 4817//971 4816//970
f 4769//923 4770//924 4818//972
f 4769//923 4818//972 4817//971
f 4770//924 4771//925 4819//973
f 4770//924 4819//973 4818//972
f 4771//925 4772//926 4820//974
f 4771//925 4820//974 4819//973
f 4772//926 4773//927 4821//975
f 4772//926 4821//975 4820//974
f 4773//927 4774//928 4822//976
f 4773//927 4822//976 4821//975
f 4774//928 4775//929 4823//977
f 4774//928 4823//977 4822//976
f 4775//929 4776//930 4824//978
f 4775//929 4824//978 4823//977
f 4776//930 4777//931 4825//979
f 4776//930 4825//979 4824//978
f 4777//931 4778//932 4826//980
f 4777//931 4826//980 4825//979
f 4778//932 4779//933 4827//981
f 4778//932 4827//981 4826//980
f 4779//933 4780//934 4828//982
f 4779//933 4828//982 4827//981
f 4780//934 4781//935 4829//983
f 4780//934 4829//983 4828//982
f 4781//935 4782//936 4830//984
f 4781//935 4830//984 4829//983
f 4782//936 4783//937 4831//985
f 4782//936 4831//985 4830//984
f 4783//937 4784//938 4832//986
f 4783//937 4832//986 4831//985
f 4784//938 4785//939 4833//987
f 4784//938 4833//987 4832//986
f 4785//939 4786//940 4834//988
f 4785//939 4834//988 4833//987
f 4786//940 4787//941 4835//989
f 4786//940 4835//989 4834//988
f 4787//941 4788//942 4836//990
f 4787//941 4836//990 4835//989
f 4788//942 4789//943 4837//991
f 4788//942 4837//991 4836//990
f 4789//943 4790//944 4838//992
f 4789//943 4838//992 4837//991
f 4790//944 4791//945 4839//993
f 4790//944 4839//993 4838//992
f 4791//945 4792//946 4840//994
f 4791//945 4840//994 4839//993
f 4792//946 4793//947 4841//995
f 4792//946 4841//995 4840//994
f 4793//947 4794//948 4842//996
f 4793//947 4842//996 4841//995
f 4794//948 4795//949 4843//997
f 4794//948 4843//997 4842//996
f 4795//949 4796//950 4844//998
f 4795//949 4844//998 4843//997
f 4796//950 4797//951 4845//999
f 4796//950 4845//999 4844//998
f 4797//951 4798//952 4846//1000
f 4797//951 4846//1000 4845//999
f 4798//952 4799//953 4847//1001
f 4798//952 4847//1001 4846//1000
f 4799//953 4800//954 4848//1002
f 4799//953 4848//1002 4847//1001
f 4800//954 4801//955 4849//1003
f 4800//954 4849//1003 4848//1002
f 4801//955 4802//956 4850//1004
f 4801//955 4850//1004 4849//1003
f 4802//956 4803//957 4851//1005
f 4802//956 4851//1005 4850//1004
f 4803//957 4804//958 4852//1006
f 4803//957 4852//1006 4851//1005
f 4804//958 4805//959 4853//1007
f 4804//958 4853//1007 4852//1006
f 4805//959 4806//960 4854//1008
f 4805//959 4854//1008 4853//1007
f 4806//960 4807//961 4855//1009
f 4806//960 4855//1009 4854//1008
f 4807//961 4761//915 4809//963
f 4807//961 4809//963 4855//1009
f 4809//963 4808//962 4856//1010
f 4809//963 4856//1010 4857//1011
f 4808//962 4810//964 4858//1012
f 4808//962 4858//1012 4856//1010
f 4810//964 4811//965 4859//1013
f 4810//964 4859//1013 4858//1012
f 4811//965 4812//966 4860//1014
f 4811//965 4860//1014 4859//1013
f 4812//966 4813//967 4861//1015
f 4812//966 4861//1015 4860//1014
f 4813//967 4814//968 4862//1016
f 4813//967 4862//1016 4861//1015
f 4814//968 4815//969 4863//1017
f 4814//968 4863//1017 4862//1016
f 4815//969 4816//970 4864//1018
f 4815//969 4864//1018 4863//1017
f 4816//970 4817//971 4865//1019
f 4816//970 4865//1019 4864//1018
f 4817//971 4818//972 4866//1020
f 4817//971 4866//1020 4865//1019
f 4818//972 4819//973 4867//1021
f 4818//972 4867//1021 4866//1020
f 4819//973 4820//974 4868//1022
f 4819//973 4868//1022 4867//1021
f 4820//974 4821//975 4869//1023
f 4820//974 4869//1023 4868//1022
f 4821//975 4822//976 4870//1024
f 4821//975 4870//1024 4869//1023
f 4822//976 4823//977 4871//1025
f 4822//976 4871//1025 4870//1024
f 4823//977 4824//978 4872//1026
f 4823//977 4872//1026 4871//1025
f 4824//978 4825//979 4873//1027
f 4824//978 4873//1027 4872//1026
f 4825//979 4826//980 4874//1028
f 4825//979 4874//1028 4873//1027
f 4826//980 4827//981 4875//1029
f 4826//980 4875//1029 4874//1028
f 4827//981 4828//982 4876//1030
f 4827//981 4876//1030 4875//1029
f 4828//982 4829//983 4877//1031
f 4828//982 4877//1031 4876//1030
f 4829//983 4830//984 4878//1032
f 4829//983 4878//1032 4877//1031
f 4830//984 4831//985 4879//1033
f 4830//984 4879//1033 4878//1032
f 4831//985 4832//986 4880//1034
f 4831//985 4880//1034 4879//1033
f 4832//986 4833//987 4881//1035
f 4832//986 4881//1035 4880//1034
f 4833//987 4834//988 4882//1036
f 4833//987 4882//1036 4881//1035
f 4834//988 4835//989 4883//1037
f 4834//988 4883//1037 4882//1036
f 4835//989 4836//990 4884//1038
f 4835//989 4884//1038 4883//1037
f 4836//990 4837//991 4885//1039
f 4836//990 4885//1039 4884//1038
f 4837//991 4838//992 4886//1040
f 4837//991 4886//1040 4885//1039
f 4838//992 4839//993 4887//1041
f 4838//992 4887//1041 4886//1040
f 4839//993 4840//994 4888//1042
f 4839//993 4888//1042 4887//1041
f 4840//994 4841//995 4889//1043
f 4840//994 4889//1043 4888//1042
f 4841//995 4842//996 4890//1044
f 4841//995 4890//1044 4889//1043
f 4842//996 4843//997 4891//1045
f 4842//996 4891//1045 4890//1044
f 4843//997 4844//998 4892//1046
f 4843//997 4892//1046 4891//1045
f 4844//998 4845//999 4893//1047
f 4844//998 4893//1047 4892//1046
f 4845//999 4846//1000 4894//1048
f 4845//999 4894//1048 4893//1047
f 4846//1000 4847//1001 4895//1049
f 4846//1000 4895//1049 4894//1048
f 4847//1001 4848//1002 4896//1050
f 4847//1001 4896//1050 4895//1049
f 4848//1002 4849//1003 4897//1051
f 4848//1002 4897//1051 4896//1050
f 4849//1003 4850//1004 4898//1052
f 4849//1003 4898//1052 4897//1051
f 4850//1004 4851//1005 4899//1053
f 4850//1004 4899//1053 4898//1052
f 4851//1005 4852//1006 4900//1054
f 4851//1005 4900//1054 4899//1053
f 4852//1006 4853//1007 4901//1055
f 4852//1006 4901//1055 4900//1054
f 4853//1007 4854//1008 4902//1056
f 4853//1007 4902//1056 4901//1055
f 4854//1008 4855//1009 4903//1057
f 4854//1008 4903//1057 4902//1056
f 4855//1009 4809//963 4857//1011
f 4855//1009 4857//1011 4903//1057
f 4857//1011 4856//1010 4904//1058
f 4857//1011 4904//1058 4905//1059
f 4856//1010 4858//1012 4906//1060
f 4856//1010 4906//1060 4904//1058
f 4858//1012 4859//1013 4907//1061
f 4858//1012 4907//1061 4906//1060
f 4859//1013 4860//1014 4908//1062
f 4859//1013 4908//1062 4907//1061
f 4860//1014 4861//1015 4909//1063
f 4860//1014 4909//1063 4908//1062
f 4861//1015 4862//1016 4910//1064
f 4861//1015 4910//1064 4909//1063
f 4862//1016 4863//1017 4911//1065
f 4862//1016 4911//1065 4910//1064
f 4863//1017 4864//1018 4912//1066
f 4863//1017 4912//1066 4911//1065
f 4864//1018 4865//1019 4913//1067
f 4864//1018 4913//1067 4912//1066
f 4865//1019 4866//1020 4914//1068
f 4865//1019 4914//1068 4913//1067
f 4866//1020 4867//1021 4915//1069
f 4866//1020 4915//1069 4914//1068
f 4867//1021 4868//1022 4916//1070
f 4867//1021 4916//1070 4915//1069
f 4868//1022 4869//1023 4917//1071
f 4868//1022 4917//1071 4916//1070
f 4869//1023 4870//1024 4918//1072
f 4869//1023 4918//1072 4917//1071
f 4870//1024 4871//1025 4919//1073
f 4870//1024 4919//1073 4918//1072
f 4871//1025 4872//1026 4920//1074
f 4871//1025 4920//1074 4919//1073
f 4872//1026 4873//1027 4921//1075
f 4872//1026 4921//1075 4920//1074
f 4873//1027 4874//1028 4922//1076
f 4873//1027 4922//1076 4921//1075
f 4874//1028 4875//1029 4923//1077
f 4874//1028 4923//1077 4922//1076
f 4875//1029 4876//1030 4924//1078
f 4875//1029 4924//1078 4923//1077
f 4876//1030 4877//1031 4925//1079
f 4876//1030 4925//1079 4924//1078
f 4877//1031 4878//1032 4926//1080
f 4877//1031 4926//1080 4925//1079
f 4878//1032 4879//1033 4927//1081
f 4878//1032 4927//1081 4926//1080
f 4879//1033 4880//1034 4928//1082
f 4879//1033 4928//1082 4927//1081
f 4880//1034 4881//1035 4929//1083
f 4880//1034 4929//1083 4928//1082
f 4881//1035 4882//1036 4930//1084
f 4881//1035 4930//1084 4929//1083
f 4882//1036 4883//1037 4931//1085
f 4882//1036 4931//1085 4930//1084
f 4883//1037 4884//1038 4932//1086
f 4883//1037 4932//1086 4931//1085
f 4884//1038 4885//1039 4933//1087
f 4884//1038 4933//1087 4932//1086
f 4885//1039 4886//1040 4934//1088
f 4885//1039 4934//1088 4933//1087
f 4886//1040 4887//1041 4935//1089
f 4886//1040 4935//1089 4934//1088
f 4887//1041 4888//1042 4936//1090
f 4887//1041 4936//1090 4935//1089
f 4888//1042 4889//1043 4937//1091
f 4888//1042 4937//1091 4936//1090
f 4889//1043 4890//1044 4938//1092
f 4889//1043 4938//1092 4937//1091
f 4890//1044 4891//1045 4939//1093
f 4890//1044 4939//1093 4938//1092
f 4891//1045 4892//1046 4940//1094
f 4891//1045 4940//1094 4939//1093
f 4892//1046 4893//1047 4941//1095
f 4892//1046 4941//1095 4940//1094
f 4893//1047 4894//1048 4942//1096
f 4893//1047 4942//1096 4941//1095
f 4894//1048 4895//1049 4943//1097
f 4894//1048 4943//1097 4942//1096
f 4895//1049 4896//1050 4944//1098
f 4895//1049 4944//1098 4943//1097
f 4896//1050 4897//1051 4945//1099
f 4896//1050 4945//1099 4944//1098
f 4897//1051 4898//1052 4946//1100
f 4897//1051 4946//1100 4945//1099
f 4898//1052 4899//1053 4947//1101
f 4898//1052 4947//1101 4946//1100
f 4899//1053 4900//1054 4948//1102
f 4899//1053 4948//1102 4947//1101
f 4900//1054 4901//1055 4949//1103
f 4900//1054 4949//1103 4948//1102
f 4901//1055 4902//1056 4950//1104
f 4901//1055 4950//1104 4949//1103
f 4902//1056 4903//1057 4951//1105
f 4902//1056 4951//1105 4950//1104
f 4903//1057 4857//1011 4905//1059
f 4903//1057 4905//1059 4951//1105
f 4905//1059 4904//1058 4952//1106
f 4904//1058 4906//1060 4952//1106
f 4906//1060 4907//1061 4952//1106
f 4907//1061 4908//1062 4952//1106
f 4908//1062 4909//1063 4952//1106
f 4909//1063 4910//1064 4952//1106
f 4910//1064 4911//1065 4952//1106
f 4911//1065 4912//1066 4952//1106
f 4912//1066 4913//1067 4952//1106
f 4913//1067 4914//1068 4952//1106
f 4914//1068 4915//1069 4952//1106
f 4915//1069 4916//1070 4952//1106
f 4916//1070 4917//1071 4952//1106
f 4917//1071 4918//1072 4952//1106
f 4918//1072 4919//1073 4952//1106
f 4919//1073 4920//1074 4952//1106
f 4920//1074 4921//1075 4952//1106
f 4921//1075 4922//1076 4952//1106
f 4922//1076 4923//1077 4952//1106
f 4923//1077 4924//1078 4952//1106
f 4924//1078 4925//1079 4952//1106
f 4925//1079 4926//1080 4952//1106
f 4926//1080 4927//1081 4952//1106
f 4927//1081 4928//1082 4952//1106
f 4928//1082 4929//1083 4952//1106
f 4929//1083 4930//1084 4952//1106
f 4930//1084 4931//1085 4952//1106
f 4931//1085 4932//1086 4952//1106
f 4932//1086 4933//1087 4952//1106
f 4933//1087 4934//1088 4952//1106
f 4934//1088 4935//1089 4952//1106
f 4935//1089 4936//1090 4952//1106
f 4936//1090 4937//1091 4952//1106
f 4937//1091 4938//1092 4952//1106
f 4938//1092 4939//1093 4952//1106
f 4939//1093 4940//1094 4952//1106
f 4940//1094 4941//1095 4952//1106
f 4941//1095 4942//1096 4952//1106
f 4942//1096 4943//1097 4952//1106
f 4943//1097 4944//1098 4952//1106
f 4944//1098 4945//1099 4952//1106
f 4945//1099 4946//1100 4952//1106
f 4946//1100 4947//1101 4952//1106
f 4947//1101 4948//1102 4952//1106
f 4948//1102 4949//1103 4952//1106
f 4949//1103 4950//1104 4952//1106
f 4950//1104 4951//1105 4952//1106
f 4951//1105 4905//1059 4952//1106
usemtl ior4
f 4953//1 4954//2 4955//3
f 4953//1 4956//4 4954//2
f 4953//1 4957//5 4956//4
f 4953//1 4958//6 4957//5
f 4953//1 4959//7 4958//6
f 4953//1 4960//8 4959//7
f 4953//1 4961//9 4960//8
f 4953//1 4962//10 4961//9
f 4953//1 4963//11 4962//10
f 4953//1 4964//12 4963//11
f 4953//1 4965//13 4964//12
f 4953//1 4966//14 4965//13
f 4953//1 4967//15 4966//14
f 4953//1 4968//16 4967//15
f 4953//1 4969//17 4968//16
f 4953//1 4970//18 4969//17
f 4953//1 4971//19 4970//18
f 4953//1 4972//20 4971//19
f 4953//1 4973//21 4972//20
f 4953//1 4974//22 4973//21
f 4953//1 4975//23 4974//22
f 4953//1 4976//24 4975//23
f 4953//1 4977//25 4976//24
f 4953//1 4978//26 4977//25
f 4953//1 4979//27 4978//26
f 4953//1 4980//28 4979//27
f 4953//1 4981//29 4980//28
f 4953//1 4982//30 4981//29
f 4953//1 4983//31 4982//30
f 4953//1 4984//32 4983//31
f 4953//1 4985//33 4984//32
f 4953//1 4986//34 4985//33
f 4953//1 4987//35 4986//34
f 4953//1 4988//36 4987//35
f 4953//1 4989//37 4988//36
f 4953//1 4990//38 4989//37
f 4953//1 4991//39 4990//38
f 4953//1 4992//40 4991//39
f 4953//1 4993//41 4992//40
f 4953//1 4994//42 4993//41
f 4953//1 4995//43 4994//42
f 4953//1 4996//44 4995//43
f 4953//1 4997//45 4996//44
f 4953//1 4998//46 4997//45
f 4953//1 4999//47 4998//46
f 4953//1 5000//48 4999//47
f 4953//1 5001//49 5000//48
f 4953//1 4955//3 5001//49
f 4955//3 4954//2 5002//50
f 4955//3 5002//50 5003//51
f 4954//2 4956//4 5004//52
f 4954//2 5004//52 5002//50
f 4956//4 4957//5 5005//53
f 4956//4 5005//53 5004//52
f 4957//5 4958//6 5006//54
f 4957//5 5006//54 5005//53
f 4958//6 4959//7 5007//55
f 4958//6 5007//55 5006//54
f 4959//7 4960//8 5008//56
f 4959//7 5008//56 5007//55
f 4960//8 4961//9 5009//57
f 4960//8 5009//57 5008//56
f 4961//9 4962//10 5010//58
f 4961//9 5010//58 5009//57
f 4962//10 4963//11 5011//59
f 4962//10 5011//59 5010//58
f 4963//11 4964//12 5012//60
f 4963//11 5012//60 5011//59
f 4964//12 4965//13 5013//61
f 4964//12 5013//61 5012//60
f 4965//13 4966//14 5014//62
f 4965//13 5014//62 5013//61
f 4966//14 4967//15 5015//63
f 4966//14 5015//63 5014//62
f 4967//15 4968//16 5016//64
f 4967//15 5016//64 5015//63
f 4968//16 4969//17 5017//65
f 4968//16 5017//65 5016//64
f 4969//17 4970//18 5018//66
f 4969//17 5018//66 5017//65
f 4970//18 4971//19 5019//67
f 4970//18 5019//67 5018//66
f 4971//19 4972//20 5020//68
f 4971//19 5020//68 5019//67
f 4972//20 4973//21 5021//69
f 4972//20 5021//69 5020//68
f 4973//21 4974//22 5022//70
f 4973//21 5022//70 5021//69
f 4974//22 4975//23 5023//71
f 4974//22 5023//71 5022//70
f 4975//23 4976//24 5024//72
f 4975//23 5024//72 5023//71
f 4976//24 4977//25 5025//73
f 4976//24 5025//73 5024//72
f 4977//25 4978//26 5026//74
f 4977//25 5026//74 5025//73
f 4978//26 4979//27 5027//75
f 4978//26 5027//75 5026//74
f 4979//27 4980//28 5028//76
f 4979//27 5028//76 5027//75
f 4980//28 4981//29 5029//77
f 4980//28 5029//77 5028//76
f 4981//29 4982//30 5030//78
f 4981//29 5030//78 5029//77
f 4982//30 4983//31 5031//79
f 4982//30 5031//79 5030//78
f 4983//31 4984//32 5032//80
f 4983//31 5032//80 5031//79
f 4984//32 4985//33 5033//81
f 4984//32 5033//81 5032//80
f 4985//33 4986//34 5034//82
f 4985//33 5034//82 5033//81
f 4986//34 4987//35 5035//83
f 4986//34 5035//83 5034//82
f 4987//35 4988//36 5036//84
f 4987//35 5036//84 5035//83
f 4988//36 4989//37 5037//85
f 4988//36 5037//85 5036//84
f 4989//37 4990//38 5038//86
f 4989//37 5038//86 5037//85
f 4990//38 4991//39 5039//87
f 4990//38 5039//87 5038//86
f 4991//39 4992//40 5040//88
f 4991//39 5040//88 5039//87
f 4992//40 4993//41 5041//89
f 4992//40 5041//89 5040//88
f 4993//41 4994//42 5042//90
f 4993//41 5042//90 5041//89
f 4994//42 4995//43 5043//91
f 4994//42 5043//91 5042//90
f 4995//43 4996//44 5044//92
f 4995//43 5044//92 5043//91
f 4996//44 4997//45 5045//93
f 4996//44 5045//93 5044//92
f 4997//45 4998//46 5046//94
f 4997//45 5046//94 5045//93
f 4998//46 4999//47 5047//95
f 4998//46 5047//95 5046//94
f 4999//47 5000//48 5048//96
f 4999//47 5048//96 5047//95
f 5000//48 5001//49 5049//97
f 5000//48 5049//97 5048//96
f 5001//49 4955//3 5003//51
f 5001//49 5003//51 5049//97
f 5003//51 5002//50 5050//98
f 5003//51 5050//98 5051//99
f 5002//50 5004//52 5052//100
f 5002//50 5052//100 5050//98
f 5004//52 5005//53 5053//101
f 5004//52 5053//101 5052//100
f 5005//53 5006//54 5054//102
f 5005//53 5054//102 5053//101
f 5006//54 5007//55 5055//103
f 5006//54 5055//103 5054//102
f 5007//55 5008//56 5056//104
f 5007//55 5056//104 5055//103
f 5008//56 5009//57 5057//105
f 5008//56 5057//105 5056//104
f 5009//57 5010//58 5058//106
f 5009//57 5058//106 5057//105
f 5010//58 5011//59 5059//107
f 5010//58 5059//107 5058//106
f 5011//59 5012//60 5060//108
f 5011//59 5060//108 5059//107
f 5012//60 5013//61 5061//109
f 5012//60 5061//109 5060//108
f 5013//61 5014//62 5062//110
f 5013//61 5062//110 5061//109
f 5014//62 5015//63 5063//111
f 5014//62 5063//111 5062//110
f 5015//63 5016//64 5064//112
f 5015//63 5064//112 5063//111
f 5016//64 5017//65 5065//113
f 5016//64 5065//113 5064//112
f 5017//65 5018//66 5066//114
f 5017//65 5066//114 5065//113
f 5018//66 5019//67 5067//115
f 5018//66 5067//115 5066//114
f 5019//67 5020//68 5068//116
f 5019//67 5068//116 5067//115
f 5020//68 5021//69 5069//117
f 5020//68 5069//117 5068//116
f 5021//69 5022//70 5070//118
f 5021//69 5070//118 5069//117
f 5022//70 5023//71 5071//119
f 5022//70 5071//119 5070//118
f 5023//71 5024//72 5072//120
f 5023//71 5072//120 5071//119
f 5024//72 5025//73 5073//121
f 5024//72 5073//121 5072//120
f 5025//73 5026//74 5074//122
f 5025//73 5074//122 5073//121
f 5026//74 5027//75 5075//123
f 5026//74 5075//123 5074//122
f 5027//75 5028//76 5076//124
f 5027//75 5076//124 5075//123
f 5028//76 5029//77 5077//125
f 5028//76 5077//125 5076//124
f 5029//77 5030//78 5078//126
f 5029//77 5078//126 5077//125
f 5030//78 5031//79 5079//127
f 5030//78 5079//127 5078//126
f 5031//79 5032//80 5080//128
f 5031//79 5080//128 5079//127
f 5032//80 5033//81 5081//129
f 5032//80 5081//129 5080//128
f 5033//81 5034//82 5082//130
f 5033//81 5082//130 5081//129
f 5034//82 5035//83 5083//131
f 5034//82 5083//131 5082//130
f 5035//83 5036//84 5084//132
f 5035//83 5084//132 5083//131
f 5036//84 5037//85 5085//133
f 5036//84 5085//133 5084//132
f 5037//85 5038//86 5086//134
f 5037//85 5086//134 5085//133
f 5038//86 5039//87 5087//135
f 5038//86 5087//135 5086//134
f 5039//87 5040//88 5088//136
f 5039//87 5088//136 5087//135
f 5040//88 5041//89 5089//137
f 5040//88 5089//137 5088//136
f 5041//89 5042//90 5090//138
f 5041//89 5090//138 5089//137
f 5042//90 5043//91 5091//139
f 5042//90 5091//139 5090//138
f 5043//91 5044//92 5092//140
f 5043//91 5092//140 5091//139
f 5044//92 5045//93 5093//141
f 5044//92 5093//141 5092//140
f 5045//93 5046//94 5094//142
f 5045//93 5094//142 5093//141
f 5046//94 5047//95 5095//143
f 5046//94 5095//143 5094//142
f 5047//95 5048//96 5096//144
f 5047//95 5096//144 5095//143
f 5048//96 5049//97 5097//145
f 5048//96 5097//145 5096//144
f 5049//97 5003//51 5051//99
f 5049//97 5051//99 5097//145
f 5051//99 5050//98 5098//146
f 5051//99 5098//146 5099//147
f 5050//98 5052//100 5100//148
f 5050//98 5100//148 5098//146
f 5052//100 5053//101 5101//149
f 5052//100 5101//149 5100//148
f 5053//101 5054//102 5102//150
f 5053//101 5102//150 5101//149
f 5054//102 5055//103 5103//151
f 5054//102 5103//151 5102//150
f 5055//103 5056//104 5104//152
f 5055//103 5104//152 5103//151
f 5056//104 5057//105 5105//153
f 5056//104 5105//153 5104//152
f 5057//105 5058//106 5106//154
f 5057//105 5106//154 5105//153
f 5058//106 5059//107 5107//155
f 5058//106 5107//155 5106//154
f 5059//107 5060//108 5108//156
f 5059//107 5108//156 5107//155
f 5060//108 5061//109 5109//157
f 5060//108 5109//157 5108//156
f 5061//109 5062//110 5110//158
f 5061//109 5110//158 5109//157
f 5062//110 5063//111 5111//159
f 5062//110 5111//159 5110//158
f 5063//111 5064//112 5112//160
f 5063//111 5112//160 5111//159
f 5064//112 5065//113 5113//161
f 5064//112 5113//161 5112//160
f 5065//113 5066//114 5114//162
f 5065//113 5114//162 5113//161
f 5066//114 5067//115 5115//163
f 5066//114 5115//163 5114//162
f 5067//115 5068//116 5116//164
f 5067//115 5116//164 5115//163
f 5068//116 5069//117 5117//165
f 5068//116 5117//165 5116//164
f 5069//117 5070//118 5118//166
f 5069//117 5118//166 5117//165
f 5070//118 5071//119 5119//167
f 5070//118 5119//167 5118//166
f 5071//119 5072//120 5120//168
f 5071//119 5120//168 5119//167
f 5072//120 5073//121 5121//169
f 5072//120 5121//169 5120//168
f 5073//121 5074//122 5122//170
f 5073//121 5122//170 5121//169
f 5074//122 5075//123 5123//171
f 5074//122 5123//171 5122//170
f 5075//123 5076//124 5124//172
f 5075//123 5124//172 5123//171
f 5076//124 5077//125 5125//173
f 5076//124 5125//173 5124//172
f 5077//125 5078//126 5126//174
f 5077//125 5126//174 5125//173
f 5078//126 5079//127 5127//175
f 5078//126 5127//175 5126//174
f 5079//127 5080//128 5128//176
f 5079//127 5128//176 5127//175
f 5080//128 5081//129 5129//177
f 5080//128 5129//177 5128//176
f 5081//129 5082//130 5130//178
f 5081//129 5130//178 5129//177
f 5082//130 5083//131 5131//179
f 5082//130 5131//179 5130//178
f 5083//131 5084//132 5132//180
f 5083//131 5132//180 5131//179
f 5084//132 5085//133 5133//181
f 5084//132 5133//181 5132//180
f 5085//133 5086//134 5134//182
f 5085//133 5134//182 5133//181
f 5086//134 5087//135 5135//183
f 5086//134 5135//183 5134//182
f 5087//135 5088//136 5136//184
f 5087//135 5136//184 5135//183
f 5088//136 5089//137 5137//185
f 5088//136 5137//185 5136//184
f 5089//137 5090//138 5138//186
f 5089//137 5138//186 5137//185
f 5090//138 5091//139 5139//187
f 5090//138 5139//187 5138//186
f 5091//139 5092//140 5140//188
f 5091//139 5140//188 5139//187
f 5092//140 5093//141 5141//189
f 5092//140 5141//189 5140//188
f 5093//141 5094//142 5142//190
f 5093//141 5142//190 5141//189
f 5094//142 5095//143 5143//191
f 5094//142 5143//191 5142//190
f 5095//143 5096//144 5144//192
f 5095//143 5144//192 5143//191
f 5096//144 5097//145 5145//193
f 5096//144 5145//193 5144//192
f 5097//145 5051//99 5099//147
f 5097//145 5099//147 5145//193
f 5099//147 5098//146 5146//194
f 5099//147 5146//194 5147//195
f 5098//146 5100//148 5148//196
f 5098//146 5148//196 5146//194
f 5100//148 5101//149 5149//197
f 5100//148 5149//197 5148//196
f 5101//149 5102//150 5150//198
f 5101//149 5150//198 5149//197
f 5102//150 5103//151 5151//199
f 5102//150 5151//199 5150//198
f 5103//151 5104//152 5152//200
f 5103//151 5152//200 5151//199
f 5104//152 5105//153 5153//201
f 5104//152 5153//201 5152//200
f 5105//153 5106//154 5154//202
f 5105//153 5154//202 5153//201
f 5106//154 5107//155 5155//203
f 5106//154 5155//203 5154//202
f 5107//155 5108//156 5156//204
f 5107//155 5156//204 5155//203
f 5108//156 5109//157 5157//205
f 5108//156 5157//205 5156//204
f 5109//157 5110//158 5158//206
f 5109//157 5158//206 5157//205
f 5110//158 5111//159 5159//207
f 5110//158 5159//207 5158//206
f 5111//159 5112//160 5160//208
f 5111//159 5160//208 5159//207
f 5112//160 5113//161 5161//209
f 5112//160 5161//209 5160//208
f 5113//161 5114//162 5162//210
f 5113//161 5162//210 5161//209
f 5114//162 5115//163 5163//211
f 5114//162 5163//211 5162//210
f 5115//163 5116//164 5164//212
f 5115//163 5164//212 5163//211
f 5116//164 5117//165 5165//213
f 5116//164 5165//213 5164//212
f 5117//165 5118//166 5166//214
f 5117//165 5166//214 5165//213
f 5118//166 5119//167 5167//215
f 5118//166 5167//215 5166//214
f 5119//167 5120//168 5168//216
f 5119//167 5168//216 5167//215
f 5120//168 5121//169 5169//217
f 5120//168 5169//217 5168//216
f 5121//169 5122//170 5170//218
f 5121//169 5170//218 5169//217
f 5122//170 5123//171 5171//219
f 5122//170 5171//219 5170//218
f 5123//171 5124//172 5172//220
f 5123//171 5172//220 5171//219
f 5124//172 5125//173 5173//221
f 5124//172 5173//221 5172//220
f 5125//173 5126//174 5174//222
f 5125//173 5174//222 5173//221
f 5126//174 5127//175 5175//223
f 5126//174 5175//223 5174//222
f 5127//175 5128//176 5176//224
f 5127//175 5176//224 5175//223
f 5128//176 5129//177 5177//225
f 5128//176 5177//225 5176//224
f 5129//177 5130//178 5178//226
f 5129//177 5178//226 5177//225
f 5130//178 5131//179 5179//227
f 5130//178 5179//227 5178//226
f 5131//179 5132//180 5180//228
f 5131//179 5180//228 5179//227
f 5132//180 5133//181 5181//229
f 5132//180 5181//229 5180//228
f 5133//181 5134//182 5182//230
f 5133//181 5182//230 5181//229
f 5134//182 5135//183 5183//231
f 5134//182 5183//231 5182//230
f 5135//183 5136//184 5184//232
f 5135//183 5184//232 5183//231
f 5136//184 5137//185 5185//233
f 5136//184 5185//233 5184//232
f 5137//185 5138//186 5186//234
f 5137//185 5186//234 5185//233
f 5138//186 5139//187 5187//235
f 5138//186 5187//235 5186//234
f 5139//187 5140//188 5188//236
f 5139//187 5188//236 5187//235
f 5140//188 5141//189 5189//237
f 5140//188 5189//237 5188//236
f 5141//189 5142//190 5190//238
f 5141//189 5190//238 5189//237
f 5142//190 5143//191 5191//239
f 5142//190 5191//239 5190//238
f 5143//191 5144//192 5192//240
f 5143//191 5192//240 5191//239
f 5144//192 5145//193 5193//241
f 5144//192 5193//241 5192//240
f 5145//193 5099//147 5147//195
f 5145//193 5147//195 5193//241
f 5147//195 5146//194 5194//242
f 5147//195 5194//242 5195//243
f 5146//194 5148//196 5196//244
f 5146//194 5196//244 5194//242
f 5148//196 5149//197 5197//245
f 5148//196 5197//245 5196//244
f 5149//197 5150//198 5198//246
f 5149//197 5198//246 5197//245
f 5150//198 5151//199 5199//247
f 5150//198 5199//247 5198//246
f 5151//199 5152//200 5200//248
f 5151//199 5200//248 5199//247
f 5152//200 5153//201 5201//249
f 5152//200 5201//249 5200//248
f 5153//201 5154//202 5202//250
f 5153//201 5202//250 5201//249
f 5154//202 5155//203 5203//251
f 5154//202 5203//251 5202//250
f 5155//203 5156//204 5204//252
f 5155//203 5204//252 5203//251
f 5156//204 5157//205 5205//253
f 5156//204 5205//253 5204//252
f 5157//205 5158//206 5206//254
f 5157//205 5206//254 5205//253
f 5158//206 5159//207 5207//255
f 5158//206 5207//255 5206//254
f 5159//207 5160//208 5208//256
f 5159//207 5208//256 5207//255
f 5160//208 5161//209 5209//257
f 5160//208 5209//257 5208//256
f 5161//209 5162//210 5210//258
f 5161//209 5210//258 5209//257
f 5162//210 5163//211 5211//259
f 5162//210 5211//259 5210//258
f 5163//211 5164//212 5212//260
f 5163//211 5212//260 5211//259
f 5164//212 5165//213 5213//261
f 5164//212 5213//261 5212//260
f 5165//213 5166//214 5214//262
f 5165//213 5214//262 5213//261
f 5166//214 5167//215 5215//263
f 5166//214 5215//263 5214//262
f 5167//215 5168//216 5216//264
f 5167//215 5216//264 5215//263
f 5168//216 5169//217 5217//265
f 5168//216 5217//265 5216//264
f 5169//217 5170//218 5218//266
f 5169//217 5218//266 5217//265
f 5170//218 5171//219 5219//267
f 5170//218 5219//267 5218//266
f 5171//219 5172//220 5220//268
f 5171//219 5220//268 5219//267
f 5172//220 5173//221 5221//269
f 5172//220 5221//269 5220//268
f 5173//221 5174//222 5222//270
f 5173//221 5222//270 5221//269
f 5174//222 5175//223 5223//271
f 5174//222 5223//271 5222//270
f 5175//223 5176//224 5224//272
f 5175//223 5224//272 5223//271
f 5176//224 5177//225 5225//273
f 5176//224 5225//273 5224//272
f 5177//225 5178//226 5226//274
f 5177//225 5226//274 5225//273
f 5178//226 5179//227 5227//275
f 5178//226 5227//275 5226//274
f 5179//227 5180//228 5228//276
f 5179//227 5228//276 5227//275
f 5180//228 5181//229 5229//277
f 5180//228 5229//277 5228//276
f 5181//229 5182//230 5230//278
f 5181//229 5230//278 5229//277
f 5182//230 5183//231 5231//279
f 5182//230 5231//279 5230//278
f 5183//231 5184//232 5232//280
f 5183//231 5232//280 5231//279
f 5184//232 5185//233 5233//281
f 5184//232 5233//281 5232//280
f 5185//233 5186//234 5234//282
f 5185//233 5234//282 5233//281
f 5186//234 5187//235 5235//283
f 5186//234 5235//283 5234//282
f 5187//235 5188//236 5236//284
f 5187//235 5236//284 5235//283
f 5188//236 5189//237 5237//285
f 5188//236 5237//285 5236//284
f 5189//237 5190//238 5238//286
f 5189//237 5238//286 5237//285
f 5190//238 5191//239 5239//287
f 5190//238 5239//287 5238//286
f 5191//239 5192//240 5240//288
f 5191//239 5240//288 5239//287
f 5192//240 5193//241 5241//289
f 5192//240 5241//289 5240//288
f 5193//241 5147//195 5195//243
f 5193//241 5195//243 5241//289
f 5195//243 5194//242 5242//290
f 5195//243 5242//290 5243//291
f 5194//242 5196//244 5244//292
f 5194//242 5244//292 5242//290
f 5196//244 5197//245 5245//293
f 5196//244 5245//293 5244//292
f 5197//245 5198//246 5246//294
f 5197//245 5246//294 5245//293
f 5198//246 5199//247 5247//295
f 5198//246 5247//295 5246//294
f 5199//247 5200//248 5248//296
f 5199//247 5248//296 5247//295
f 5200//248 5201//249 5249//297
f 5200//248 5249//297 5248//296
f 5201//249 5202//250 5250//298
f 5201//249 5250//298 5249//297
f 5202//250 5203//251 5251//299
f 5202//250 5251//299 5250//298
f 5203//251 5204//252 5252//300
f 5203//251 5252//300 5251//299
f 5204//252 5205//253 5253//301
f 5204//252 5253//301 5252//300
f 5205//253 5206//254 5254//302
f 5205//253 5254//302 5253//301
f 5206//254 5207//255 5255//303
f 5206//254 5255//303 5254//302
f 5207//255 5208//256 5256//304
f 5207//255 5256//304 5255//303
f 5208//256 5209//257 5257//305
f 5208//256 5257//305 5256//304
f 5209//257 5210//258 5258//306
f 5209//257 5258//306 5257//305
f 5210//258 5211//259 5259//307
f 5210//258 5259//307 5258//306
f 5211//259 5212//260 5260//308
f 5211//259 5260//308 5259//307
f 5212//260 5213//261 5261//309
f 5212//260 5261//309 5260//308
f 5213//261 5214//262 5262//310
f 5213//261 5262//310 5261//309
f 5214//262 5215//263 5263//311
f 5214//262 5263//311 5262//310
f 5215//263 5216//264 5264//312
f 5215//263 5264//312 5263//311
f 5216//264 5217//265 5265//313
f 5216//264 5265//313 5264//312
f 5217//265 5218//266 5266//314
f 5217//265 5266//314 5265//313
f 5218//266 5219//267 5267//315
f 5218//266 5267//315 5266//314
f 5219//267 5220//268 5268//316
f 5219//267 5268//316 5267//315
f 5220//268 5221//269 5269//317
f 5220//268 5269//317 5268//316
f 5221//269 5222//270 5270//318
f 5221//269 5270//318 5269//317
f 5222//270 5223//271 5271//319
f 5222//270 5271//319 5270//318
f 5223//271 5224//272 5272//320
f 5223//271 5272//320 5271//319
f 5224//272 5225//273 5273//321
f 5224//272 5273//321 5272//320
f 5225//273 5226//274 5274//322
f 5225//273 5274//322 5273//321
f 5226//274 5227//275 5275//323
f 5226//274 5275//323 5274//322
f 5227//275 5228//276 5276//324
f 5227//275 5276//324 5275//323
f 5228//276 5229//277 5277//325
f 5228//276 5277//325 5276//324
f 5229//277 5230//278 5278//326
f 5229//277 5278//326 5277//325
f 5230//278 5231//279 5279//327
f 5230//278 5279//327 5278//326
f 5231//279 5232//280 5280//328
f 5231//279 5280//328 5279//327
f 5232//280 5233//281 5281//329
f 5232//280 5281//329 5280//328
f 5233//281 5234//282 5282//330
f 5233//281 5282//330 5281//329
f 5234//282 5235//283 5283//331
f 5234//282 5283//331 5282//330
f 5235//283 5236//284 5284//332
f 5235//283 5284//332 5283//331
f 5236//284 5237//285 5285//333
f 5236//284 5285//333 5284//332
f 5237//285 5238//286 5286//334
f 5237//285 5286//334 5285//333
f 5238//286 5239//287 5287//335
f 5238//286 5287//335 5286//334
f 5239//287 5240//288 5288//336
f 5239//287 5288//336 5287//335
f 5240//288 5241//289 5289//337
f 5240//288 5289//337 5288//336
f 5241//289 5195//243 5243//291
f 5241//289 5243//291 5289//337
f 5243//291 5242//290 5290//338
f 5243//291 5290//338 5291//339
f 5242//290 5244//292 5292//340
f 5242//290 5292//340 5290//338
f 5244//292 5245//293 5293//341
f 5244//292 5293//341 5292//340
f 5245//293 5246//294 5294//342
f 5245//293 5294//342 5293//341
f 5246//294 5247//295 5295//343
f 5246//294 5295//343 5294//342
f 5247//295 5248//296 5296//344
f 5247//295 5296//344 5295//343
f 5248//296 5249//297 5297//345
f 5248//296 5297//345 5296//344
f 5249//297 5250//298 5298//346
f 5249//297 5298//346 5297//345
f 5250//298 5251//299 5299//347
f 5250//298 5299//347 5298//346
f 5251//299 5252//300 5300//348
f 5251//299 5300//348 5299//347
f 5252//300 5253//301 5301//349
f 5252//300 5301//349 5300//348
f 5253//301 5254//302 5302//350
f 5253//301 5302//350 5301//349
f 5254//302 5255//303 5303//351
f 5254//302 5303//351 5302//350
f 5255//303 5256//304 5304//352
f 5255//303 5304//352 5303//351
f 5256//304 5257//305 5305//353
f 5256//304 5305//353 5304//352
f 5257//305 5258//306 5306//354
f 5257//305 5306//354 5305//353
f 5258//306 5259//307 5307//355
f 5258//306 5307//355 5306//354
f 5259//307 5260//308 5308//356
f 5259//307 5308//356 5307//355
f 5260//308 5261//309 5309//357
f 5260//308 5309//357 5308//356
f 5261//309 5262//310 5310//358
f 5261//309 5310//358 5309//357
f 5262//310 5263//311 5311//359
f 5262//310 5311//359 5310//358
f 5263//311 5264//312 5312//360
f 5263//311 5312//360 5311//359
f 5264//312 5265//313 5313//361
f 5264//312 5313//361 5312//360
f 5265//313 5266//314 5314//362
f 5265//313 5314//362 5313//361
f 5266//314 5267//315 5315//363
f 5266//314 5315//363 5314//362
f 5267//315 5268//316 5316//364
f 5267//315 5316//364 5315//363
f 5268//316 5269//317 5317//365
f 5268//316 5317//365 5316//364
f 5269//317 5270//318 5318//366
f 5269//317 5318//366 5317//365
f 5270//318 5271//319 5319//367
f 5270//318 5319//367 5318//366
f 5271//319 5272//320 5320//368
f 5271//319 5320//368 5319//367
f 5272//320 5273//321 5321//369
f 5272//320 5321//369 5320//368
f 5273//321 5274//322 5322//370
f 5273//321 5322//370 5321//369
f 5274//322 5275//323 5323//371
f 5274//322 5323//371 5322//370
f 5275//323 5276//324 5324//372
f 5275//323 5324//372 5323//371
f 5276//324 5277//325 5325//373
f 5276//324 5325//373 5324//372
f 5277//325 5278//326 5326//374
f 5277//325 5326//374 5325//373
f 5278//326 5279//327 5327//375
f 5278//326 5327//375 5326//374
f 5279//327 5280//328 5328//376
f 5279//327 5328//376 5327//375
f 5280//328 5281//329 5329//377
f 5280//328 5329//377 5328//376
f 5281//329 5282//330 5330//378
f 5281//329 5330//378 5329//377
f 5282//330 5283//331 5331//379
f 5282//330 5331//379 5330//378
f 5283//331 5284//332 5332//380
f 5283//331 5332//380 5331//379
f 5284//332 5285//333 5333//381
f 5284//332 5333//381 5332//380
f 5285//333 5286//334 5334//382
f 5285//333 5334//382 5333//381
f 5286//334 5287//335 5335//383
f 5286//334 5335//383 5334//382
f 5287//335 5288//336 5336//384
f 5287//335 5336//384 5335//383
f 5288//336 5289//337 5337//385
f 5288//336 5337//385 5336//384
f 5289//337 5243//291 5291//339
f 5289//337 5291//339 5337//385
f 5291//339 5290//338 5338//386
f 5291//339 5338//386 5339//387
f 5290//338 5292//340 5340//388
f 5290//338 5340//388 5338//386
f 5292//340 5293//341 5341//389
f 5292//340 5341//389 5340//388
f 5293//341 5294//342 5342//390
f 5293//341 5342//390 5341//389
f 5294//342 5295//343 5343//391
f 5294//342 5343//391 5342//390
f 5295//343 5296//344 5344//392
f 5295//343 5344//392 5343//391
f 5296//344 5297//345 5345//393
f 5296//344 5345//393 5344//392
f 5297//345 5298//346 5346//394
f 5297//345 5346//394 5345//393
f 5298//346 5299//347 5347//395
f 5298//346 5347//395 5346//394
f 5299//347 5300//348 5348//396
f 5299//347 5348//396 5347//395
f 5300//348 5301//349 5349//397
f 5300//348 5349//397 5348//396
f 5301//349 5302//350 5350//398
f 5301//349 5350//398 5349//397
f 5302//350 5303//351 5351//399
f 5302//350 5351//399 5350//398
f 5303//351 5304//352 5352//400
f 5303//351 5352//400 5351//399
f 5304//352 5305//353 5353//401
f 5304//352 5353//401 5352//400
f 5305//353 5306//354 5354//402
f 5305//353 5354//402 5353//401
f 5306//354 5307//355 5355//403
f 5306//354 5355//403 5354//402
f 5307//355 5308//356 5356//404
f 5307//355 5356//404 5355//403
f 5308//356 5309//357 5357//405
f 5308//356 5357//405 5356//404
f 5309//357 5310//358 5358//406
f 5309//357 5358//406 5357//405
f 5310//358 5311//359 5359//407
f 5310//358 5359//407 5358//406
f 5311//359 5312//360 5360//408
f 5311//359 5360//408 5359//407
f 5312//360 5313//361 5361//409
f 5312//360 5361//409 5360//408
f 5313//361 5314//362 5362//410
f 5313//361 5362//410 5361//409
f 5314//362 5315//363 5363//411
f 5314//362 5363//411 5362//410
f 5315//363 5316//364 5364//412
f 5315//363 5364//412 5363//411
f 5316//364 5317//365 5365//413
f 5316//364 5365//413 5364//412
f 5317//365 5318//366 5366//414
f 5317//365 5366//414 5365//413
f 5318//366 5319//367 5367//415
f 5318//366 5367//415 5366//414
f 5319//367 5320//368 5368//416
f 5319//367 5368//416 5367//415
f 5320//368 5321//369 5369//417
f 5320//368 5369//417 5368//416
f 5321//369 5322//370 5370//418
f 5321//369 5370//418 5369//417
f 5322//370 5323//371 5371//419
f 5322//370 5371//419 5370//418
f 5323//371 5324//372 5372//420
f 5323//371 5372//420 5371//419
f 5324//372 5325//373 5373//421
f 5324//372 5373//421 5372//420
f 5325//373 5326//374 5374//422
f 5325//373 5374//422 5373//421
f 5326//374 5327//375 5375//423
f 5326//374 5375//423 5374//422
f 5327//375 5328//376 5376//424
f 5327//375 5376//424 5375//423
f 5328//376 5329//377 5377//425
f 5328//376 5377//425 5376//424
f 5329//377 5330//378 5378//426
f 5329//377 5378//426 5377//425
f 5330//378 5331//379 5379//427
f 5330//378 5379//427 5378//426
f 5331//379 5332//380 5380//428
f 5331//379 5380//428 5379//427
f 5332//380 5333//381 5381//429
f 5332//380 5381//429 5380//428
f 5333//381 5334//382 5382//430
f 5333//381 5382//430 5381//429
f 5334//382 5335//383 5383//431
f 5334//382 5383//431 5382//430
f 5335//383 5336//384 5384//432
f 5335//383 5384//432 5383//431
f 5336//384 5337//385 5385//433
f 5336//384 5385//433 5384//432
f 5337//385 5291//339 5339//387
f 5337//385 5339//387 5385//433
f 5339//387 5338//386 5386//434
f 5339//387 5386//434 5387//435
f 5338//386 5340//388 5388//436
f 5338//386 5388//436 5386//434
f 5340//388 5341//389 5389//437
f 5340//388 5389//437 5388//436
f 5341//389 5342//390 5390//438
f 5341//389 5390//438 5389//437
f 5342//390 5343//391 5391//439
f 5342//390 5391//439 5390//438
f 5343//391 5344//392 5392//440
f 5343//391 5392//440 5391//439
f 5344//392 5345//393 5393//441
f 5344//392 5393//441 5392//440
f 5345//393 5346//394 5394//442
f 5345//393 5394//442 5393//441
f 5346//394 5347//395 5395//443
f 5346//394 5395//443 5394//442
f 5347//395 5348//396 5396//444
f 5347//395 5396//444 5395//443
f 5348//396 5349//397 5397//445
f 5348//396 5397//445 5396//444
f 5349//397 5350//398 5398//446
f 5349//397 5398//446 5397//445
f 5350//398 5351//399 5399//447
f 5350//398 5399//447 5398//446
f 5351//399 5352//400 5400//448
f 5351//399 5400//448 5399//447
f 5352//400 5353//401 5401//449
f 5352//400 5401//449 5400//448
f 5353//401 5354//402 5402//450
f 5353//401 5402//450 5401//449
f 5354//402 5355//403 5403//451
f 5354//402 5403//451 5402//450
f 5355//403 5356//404 5404//452
f 5355//403 5404//452 5403//451
f 5356//404 5357//405 5405//453
f 5356//404 5405//453 5404//452
f 5357//405 5358//406 5406//454
f 5357//405 5406//454 5405//453
f 5358//406 5359//407 5407//455
f 5358//406 5407//455 5406//454
f 5359//407 5360//408 5408//456
f 5359//407 5408//456 5407//455
f 5360//408 5361//409 5409//457
f 5360//408 5409//457 5408//456
f 5361//409 5362//410 5410//458
f 5361//409 5410//458 5409//457
f 5362//410 5363//411 5411//459
f 5362//410 5411//459 5410//458
f 5363//411 5364//412 5412//460
f 5363//411 5412//460 5411//459
f 5364//412 5365//413 5413//461
f 5364//412 5413//461 5412//460
f 5365//413 5366//414 5414//462
f 5365//413 5414//462 5413//461
f 5366//414 5367//415 5415//463
f 5366//414 5415//463 5414//462
f 5367//415 5368//416 5416//464
f 5367//415 5416//464 5415//463
f 5368//416 5369//417 5417//465
f 5368//416 5417//465 5416//464
f 5369//417 5370//418 5418//466
f 5369//417 5418//466 5417//465
f 5370//418 5371//419 5419//467
f 5370//418 5419//467 5418//466
f 5371//419 5372//420 5420//468
f 5371//419 5420//468 5419//467
f 5372//420 5373//421 5421//469
f 5372//420 5421//469 5420//468
f 5373//421 5374//422 5422//470
f 5373//421 5422//470 5421//469
f 5374//422 5375//423 5423//471
f 5374//422 5423//471 5422//470
f 5375//423 5376//424 5424//472
f 5375//423 5424//472 5423//471
f 5376//424 5377//425 5425//473
f 5376//424 5425//473 5424//472
f 5377//425 5378//426 5426//474
f 5377//425 5426//474 5425//473
f 5378//426 5379//427 5427//475
f 5378//426 5427//475 5426//474
f 5379//427 5380//428 5428//476
f 5379//427 5428//476 5427//475
f 5380//428 5381//429 5429//477
f 5380//428 5429//477 5428//476
f 5381//429 5382//430 5430//478
f 5381//429 5430//478 5429//477
f 5382//430 5383//431 5431//479
f 5382//430 5431//479 5430//478
f 5383//431 5384//432 5432//480
f 5383//431 5432//480 5431//479
f 5384//432 5385//433 5433//481
f 5384//432 5433//481 5432//480
f 5385//433 5339//387 5387//435
f 5385//433 5387//435 5433//481
f 5387//435 5386//434 5434//482
f 5387//435 5434//482 5435//483
f 5386//434 5388//436 5436//484
f 5386//434 5436//484 5434//482
f 5388//436 5389//437 5437//485
f 5388//436 5437//485 5436//484
f 5389//437 5390//438 5438//486
f 5389//437 5438//486 5437//485
f 5390//438 5391//439 5439//487
f 5390//438 5439//487 5438//486
f 5391//439 5392//440 5440//488
f 5391//439 5440//488 5439//487
f 5392//440 5393//441 5441//489
f 5392//440 5441//489 5440//488
f 5393//441 5394//442 5442//490
f 5393//441 5442//490 5441//489
f 5394//442 5395//443 5443//491
f 5394//442 5443//491 5442//490
f 5395//443 5396//444 5444//492
f 5395//443 5444//492 5443//491
f 5396//444 5397//445 5445//493
f 5396//444 5445//493 5444//492
f 5397//445 5398//446 5446//494
f 5397//445 5446//494 5445//493
f 5398//446 5399//447 5447//495
f 5398//446 5447//495 5446//494
f 5399//447 5400//448 5448//496
f 5399//447 5448//496 5447//495
f 5400//448 5401//449 5449//497
f 5400//448 5449//497 5448//496
f 5401//449 5402//450 5450//498
f 5401//449 5450//498 5449//497
f 5402//450 5403//451 5451//499
f 5402//450 5451//499 5450//498
f 5403//451 5404//452 5452//500
f 5403//451 5452//500 5451//499
f 5404//452 5405//453 5453//501
f 5404//452 5453//501 5452//500
f 5405//453 5406//454 5454//502
f 5405//453 5454//502 5453//501
f 5406//454 5407//455 5455//503
f 5406//454 5455//503 5454//502
f 5407//455 5408//456 5456//504
f 5407//455 5456//504 5455//503
f 5408//456 5409//457 5457//505
f 5408//456 5457//505 5456//504
f 5409//457 5410//458 5458//506
f 5409//457 5458//506 5457//505
f 5410//458 5411//459 5459//507
f 5410//458 5459//507 5458//506
f 5411//459 5412//460 5460//508
f 5411//459 5460//508 5459//507
f 5412//460 5413//461 5461//509
f 5412//460 5461//509 5460//508
f 5413//461 5414//462 5462//510
f 5413//461 5462//510 5461//509
f 5414//462 5415//463 5463//511
f 5414//462 5463//511 5462//510
f 5415//463 5416//464 5464//512
f 5415//463 5464//512 5463//511
f 5416//464 5417//465 5465//513
f 5416//464 5465//513 5464//512
f 5417//465 5418//466 5466//514
f 5417//465 5466//514 5465//513
f 5418//466 5419//467 5467//515
f 5418//466 5467//515 5466//514
f 5419//467 5420//468 5468//516
f 5419//467 5468//516 5467//515
f 5420//468 5421//469 5469//517
f 5420//468 5469//517 5468//516
f 5421//469 5422//470 5470//518
f 5421//469 5470//518 5469//517
f 5422//470 5423//471 5471//519
f 5422//470 5471//519 5470//518
f 5423//471 5424//472 5472//520
f 5423//471 5472//520 5471//519
f 5424//472 5425//473 5473//521
f 5424//472 5473//521 5472//520
f 5425//473 5426//474 5474//522
f 5425//473 5474//522 5473//521
f 5426//474 5427//475 5475//523
f 5426//474 5475//523 5474//522
f 5427//475 5428//476 5476//524
f 5427//475 5476//524 5475//523
f 5428//476 5429//477 5477//525
f 5428//476 5477//525 5476//524
f 5429//477 5430//478 5478//526
f 5429//477 5478//526 5477//525
f 5430//478 5431//479 5479//527
f 5430//478 5479//527 5478//526
f 5431//479 5432//480 5480//528
f 5431//479 5480//528 5479//527
f 5432//480 5433//481 5481//529
f 5432//480 5481//529 5480//528
f 5433//481 5387//435 5435//483
f 5433//481 5435//483 5481//529
f 5435//483 5434//482 5482//530
f 5435//483 5482//530 5483//531
f 5434//482 5436//484 5484//532
f 5434//482 5484//532 5482//530
f 5436//484 5437//485 5485//533
f 5436//484 5485//533 5484//532
f 5437//485 5438//486 5486//534
f 5437//485 5486//534 5485//533
f 5438//486 5439//487 5487//535
f 5438//486 5487//535 5486//534
f 5439//487 5440//488 5488//536
f 5439//487 5488//536 5487//535
f 5440//488 5441//489 5489//537
f 5440//488 5489//537 5488//536
f 5441//489 5442//490 5490//538
f 5441//489 5490//538 5489//537
f 5442//490 5443//491 5491//539
f 5442//490 5491//539 5490//538
f 5443//491 5444//492 5492//540
f 5443//491 5492//540 5491//539
f 5444//492 5445//493 5493//541
f 5444//492 5493//541 5492//540
f 5445//493 5446//494 5494//542
f 5445//493 5494//542 5493//541
f 5446//494 5447//495 5495//543
f 5446//494 5495//543 5494//542
f 5447//495 5448//496 5496//544
f 5447//495 5496//544 5495//543
f 5448//496 5449//497 5497//545
f 5448//496 5497//545 5496//544
f 5449//497 5450//498 5498//546
f 5449//497 5498//546 5497//545
f 5450//498 5451//499 5499//547
f 5450//498 5499//547 5498//546
f 5451//499 5452//500 5500//548
f 5451//499 5500//548 5499//547
f 5452//500 5453//501 5501//549
f 5452//500 5501//549 5500//548
f 5453//501 5454//502 5502//550
f 5453//501 5502//550 5501//549
f 5454//502 5455//503 5503//551
f 5454//502 5503//551 5502//550
f 5455//503 5456//504 5504//552
f 5455//503 5504//552 5503//551
f 5456//504 5457//505 5505//553
f 5456//504 5505//553 5504//552
f 5457//505 5458//506 5506//554
f 5457//505 5506//554 5505//553
f 5458//506 5459//507 5507//555
f 5458//506 5507//555 5506//554
f 5459//507 5460//508 5508//556
f 5459//507 5508//556 5507//555
f 5460//508 5461//509 5509//557
f 5460//508 5509//557 5508//556
f 5461//509 5462//510 5510//558
f 5461//509 5510//558 5509//557
f 5462//510 5463//511 5511//559
f 5462//510 5511//559 5510//558
f 5463//511 5464//512 5512//560
f 5463//511 5512//560 5511//559
f 5464//512 5465//513 5513//561
f 5464//512 5513//561 5512//560
f 5465//513 5466//514 5514//562
f 5465//513 5514//562 5513//561
f 5466//514 5467//515 5515//563
f 5466//514 5515//563 5514//562
f 5467//515 5468//516 5516//564
f 5467//515 5516//564 5515//563
f 5468//516 5469//517 5517//565
f 5468//516 5517//565 5516//564
f 5469//517 5470//518 5518//566
f 5469//517 5518//566 5517//565
f 5470//518 5471//519 5519//567
f 5470//518 5519//567 5518//566
f 5471//519 5472//520 5520//568
f 5471//519 5520//568 5519//567
f 5472//520 5473//521 5521//569
f 5472//520 5521//569 5520//568
f 5473//521 5474//522 5522//570
f 5473//521 5522//570 5521//569
f 5474//522 5475//523 5523//571
f 5474//522 5523//571 5522//570
f 5475//523 5476//524 5524//572
f 5475//523 5524//572 5523//571
f 5476//524 5477//525 5525//573
f 5476//524 5525//573 5524//572
f 5477//525 5478//526 5526//574
f 5477//525 5526//574 5525//573
f 5478//526 5479//527 5527//575
f 5478//526 5527//575 5526//574
f 5479//527 5480//528 5528//576
f 5479//527 5528//576 5527//575
f 5480//528 5481//529 5529//577
f 5480//528 5529//577 5528//576
f 5481//529 5435//483 5483//531
f 5481//529 5483//531 5529//577
f 5483//531 5482//530 5530//578
f 5483//531 5530//578 5531//579
f 5482//530 5484//532 5532//580
f 5482//530 5532//580 5530//578
f 5484//532 5485//533 5533//581
f 5484//532 5533//581 5532//580
f 5485//533 5486//534 5534//582
f 5485//533 5534//582 5533//581
f 5486//534 5487//535 5535//583
f 5486//534 5535//583 5534//582
f 5487//535 5488//536 5536//584
f 5487//535 5536//584 5535//583
f 5488//536 5489//537 5537//585
f 5488//536 5537//585 5536//584
f 5489//537 5490//538 5538//586
f 5489//537 5538//586 5537//585
f 5490//538 5491//539 5539//587
f 5490//538 5539//587 5538//586
f 5491//539 5492//540 5540//588
f 5491//539 5540//588 5539//587
f 5492//540 5493//541 5541//589
f 5492//540 5541//589 5540//588
f 5493//541 5494//542 5542//590
f 5493//541 5542//590 5541//589
f 5494//542 5495//543 5543//591
f 5494//542 5543//591 5542//590
f 5495//543 5496//544 5544//592
f 5495//543 5544//592 5543//591
f 5496//544 5497//545 5545//593
f 5496//544 5545//593 5544//592
f 5497//545 5498//546 5546//594
f 5497//545 5546//594 5545//593
f 5498//546 5499//547 5547//595
f 5498//546 5547//595 5546//594
f 5499//547 5500//548 5548//596
f 5499//547 5548//596 5547//595
f 5500//548 5501//549 5549//597
f 5500//548 5549//597 5548//596
f 5501//549 5502//550 5550//598
f 5501//549 5550//598 5549//597
f 5502//550 5503//551 5551//599
f 5502//550 5551//599 5550//598
f 5503//551 5504//552 5552//600
f 5503//551 5552//600 5551//599
f 5504//552 5505//553 5553//601
f 5504//552 5553//601 5552//600
f 5505//553 5506//554 5554//602
f 5505//553 5554//602 5553//601
f 5506//554 5507//555 5555//603
f 5506//554 5555//603 5554//602
f 5507//555 5508//556 5556//604
f 5507//555 5556//604 5555//603
f 5508//556 5509//557 5557//605
f 5508//556 5557//605 5556//604
f 5509//557 5510//558 5558//606
f 5509//557 5558//606 5557//605
f 5510//558 5511//559 5559//607
f 5510//558 5559//607 5558//606
f 5511//559 5512//560 5560//608
f 5511//559 5560//608 5559//607
f 5512//560 5513//561 5561//609
f 5512//560 5561//609 5560//608
f 5513//561 5514//562 5562//610
f 5513//561 5562//610 5561//609
f 5514//562 5515//563 5563//611
f 5514//562 5563//611 5562//610
f 5515//563 5516//564 5564//612
f 5515//563 5564//612 5563//611
f 5516//564 5517//565 5565//613
f 5516//564 5565//613 5564//612
f 5517//565 5518//566 5566//614
f 5517//565 5566//614 5565//613
f 5518//566 5519//567 5567//615
f 5518//566 5567//615 5566//614
f 5519//567 5520//568 5568//616
f 5519//567 5568//616 5567//615
f 5520//568 5521//569 5569//617
f 5520//568 5569//617 5568//616
f 5521//569 5522//570 5570//618
f 5521//569 5570//618 5569//617
f 5522//570 5523//571 5571//619
f 5522//570 5571//619 5570//618
f 5523//571 5524//572 5572//620
f 5523//571 5572//620 5571//619
f 5524//572 5525//573 5573//621
f 5524//572 5573//621 5572//620
f 5525//573 5526//574 5574//622
f 5525//573 5574//622 5573//621
f 5526//574 5527//575 5575//623
f 5526//574 5575//623 5574//622
f 5527//575 5528//576 5576//624
f 5527//575 5576//624 5575//623
f 5528//576 5529//577 5577//625
f 5528//576 5577//625 5576//624
f 5529//577 5483//531 5531//579
f 5529//577 5531//579 5577//625
f 5531//579 5530//578 5578//626
f 5531//579 5578//626 5579//627
f 5530//578 5532//580 5580//628
f 5530//578 5580//628 5578//626
f 5532//580 5533//581 5581//629
f 5532//580 5581//629 5580//628
f 5533//581 5534//582 5582//630
f 5533//581 5582//630 5581//629
f 5534//582 5535//583 5583//631
f 5534//582 5583//631 5582//630
f 5535//583 5536//584 5584//632
f 5535//583 5584//632 5583//631
f 5536//584 5537//585 5585//633
f 5536//584 5585//633 5584//632
f 5537//585 5538//586 5586//634
f 5537//585 5586//634 5585//633
f 5538//586 5539//587 5587//635
f 5538//586 5587//635 5586//634
f 5539//587 5540//588 5588//636
f 5539//587 5588//636 5587//635
f 5540//588 5541//589 5589//637
f 5540//588 5589//637 5588//636
f 5541//589 5542//590 5590//638
f 5541//589 5590//638 5589//637
f 5542//590 5543//591 5591//639
f 5542//590 5591//639 5590//638
f 5543//591 5544//592 5592//640
f 5543//591 5592//640 5591//639
f 5544//592 5545//593 5593//641
f 5544//592 5593//641 5592//640
f 5545//593 5546//594 5594//642
f 5545//593 5594//642 5593//641
f 5546//594 5547//595 5595//643
f 5546//594 5595//643 5594//642
f 5547//595 5548//596 5596//644
f 5547//595 5596//644 5595//643
f 5548//596 5549//597 5597//645
f 5548//596 5597//645 5596//644
f 5549//597 5550//598 5598//646
f 5549//597 5598//646 5597//645
f 5550//598 5551//599 5599//647
f 5550//598 5599//647 5598//646
f 5551//599 5552//600 5600//648
f 5551//599 5600//648 5599//647
f 5552//600 5553//601 5601//649
f 5552//600 5601//649 5600//648
f 5553//601 5554//602 5602//650
f 5553//601 5602//650 5601//649
f 5554//602 5555//603 5603//651
f 5554//602 5603//651 5602//650
f 5555//603 5556//604 5604//652
f 5555//603 5604//652 5603//651
f 5556//604 5557//605 5605//653
f 5556//604 5605//653 5604//652
f 5557//605 5558//606 5606//654
f 5557//605 5606//654 5605//653
f 5558//606 5559//607 5607//655
f 5558//606 5607//655 5606//654
f 5559//607 5560//608 5608//656
f 5559//607 5608//656 5607//655
f 5560//608 5561//609 5609//657
f 5560//608 5609//657 5608//656
f 5561//609 5562//610 5610//658
f 5561//609 5610//658 5609//657
f 5562//610 5563//611 5611//659
f 5562//610 5611//659 5610//658
f 5563//611 5564//612 5612//660
f 5563//611 5612//660 5611//659
f 5564//612 5565//613 5613//661
f 5564//612 5613//661 5612//660
f 5565//613 5566//614 5614//662
f 5565//613 5614//662 5613//661
f 5566//614 5567//615 5615//663
f 5566//614 5615//663 5614//662
f 5567//615 5568//616 5616//664
f 5567//615 5616//664 5615//663
f 5568//616 5569//617 5617//665
f 5568//616 5617//665 5616//664
f 5569//617 5570//618 5618//666
f 5569//617 5618//666 5617//665
f 5570//618 5571//619 5619//667
f 5570//618 5619//667 5618//666
f 5571//619 5572//620 5620//668
f 5571//619 5620//668 5619//667
f 5572//620 5573//621 5621//669
f 5572//620 5621//669 5620//668
f 5573//621 5574//622 5622//670
f 5573//621 5622//670 5621//669
f 5574//622 5575//623 5623//671
f 5574//622 5623//671 5622//670
f 5575//623 5576//624 5624//672
f 5575//623 5624//672 5623//671
f 5576//624 5577//625 5625//673
f 5576//624 5625//673 5624//672
f 5577//625 5531//579 5579//627
f 5577//625 5579//627 5625//673
f 5579//627 5578//626 5626//674
f 5579//627 5626//674 5627//675
f 5578//626 5580//628 5628//676
f 5578//626 5628//676 5626//674
f 5580//628 5581//629 5629//677
f 5580//628 5629//677 5628//676
f 5581//629 5582//630 5630//678
f 5581//629 5630//678 5629//677
f 5582//630 5583//631 5631//679
f 5582//630 5631//679 5630//678
f 5583//631 5584//632 5632//680
f 5583//631 5632//680 5631//679
f 5584//632 5585//633 5633//681
f 5584//632 5633//681 5632//680
f 5585//633 5586//634 5634//682
f 5585//633 5634//682 5633//681
f 5586//634 5587//635 5635//683
f 5586//634 5635//683 5634//682
f 5587//635 5588//636 5636//684
f 5587//635 5636//684 5635//683
f 5588//636 5589//637 5637//685
f 5588//636 5637//685 5636//684
f 5589//637 5590//638 5638//686
f 5589//637 5638//686 5637//685
f 5590//638 5591//639 5639//687
f 5590//638 5639//687 5638//686
f 5591//639 5592//640 5640//688
f 5591//639 5640//688 5639//687
f 5592//640 5593//641 5641//689
f 5592//640 5641//689 5640//688
f 5593//641 5594//642 5642//690
f 5593//641 5642//690 5641//689
f 5594//642 5595//643 5643//691
f 5594//642 5643//691 5642//690
f 5595//643 5596//644 5644//692
f 5595//643 5644//692 5643//691
f 5596//644 5597//645 5645//693
f 5596//644 5645//693 5644//692
f 5597//645 5598//646 5646//694
f 5597//645 5646//694 5645//693
f 5598//646 5599//647 5647//695
f 5598//646 5647//695 5646//694
f 5599//647 5600//648 5648//696
f 5599//647 5648//696 5647//695
f 5600//648 5601//649 5649//697
f 5600//648 5649//697 5648//696
f 5601//649 5602//650 5650//698
f 5601//649 5650//698 5649//697
f 5602//650 5603//651 5651//699
f 5602//650 5651//699 5650//698
f 5603//651 5604//652 5652//700
f 5603//651 5652//700 5651//699
f 5604//652 5605//653 5653//701
f 5604//652 5653//701 5652//700
f 5605//653 5606//654 5654//702
f 5605//653 5654//702 5653//701
f 5606//654 5607//655 5655//703
f 5606//654 5655//703 5654//702
f 5607//655 5608//656 5656//704
f 5607//655 5656//704 5655//703
f 5608//656 5609//657 5657//705
f 5608//656 5657//705 5656//704
f 5609//657 5610//658 5658//706
f 5609//657 5658//706 5657//705
f 5610//658 5611//659 5659//707
f 5610//658 5659//707 5658//706
f 5611//659 5612//660 5660//708
f 5611//659 5660//708 5659//707
f 5612//660 5613//661 5661//709
f 5612//660 5661//709 5660//708
f 5613//661 5614//662 5662//710
f 5613//661 5662//710 5661//709
f 5614//662 5615//663 5663//711
f 5614//662 5663//711 5662//710
f 5615//663 5616//664 5664//712
f 5615//663 5664//712 5663//711
f 5616//664 5617//665 5665//713
f 5616//664 5665//713 5664//712
f 5617//665 5618//666 5666//714
f 5617//665 5666//714 5665//713
f 5618//666 5619//667 5667//715
f 5618//666 5667//715 5666//714
f 5619//667 5620//668 5668//716
f 5619//667 5668//716 5667//715
f 5620//668 5621//669 5669//717
f 5620//668 5669//717 5668//716
f 5621//669 5622//670 5670//718
f 5621//669 5670//718 5669//717
f 5622//670 5623//671 5671//719
f 5622//670 5671//719 5670//718
f 5623//671 5624//672 5672//720
f 5623//671 5672//720 5671//719
f 5624//672 5625//673 5673//721
f 5624//672 5673//721 5672//720
f 5625//673 5579//627 5627//675
f 5625//673 5627//675 5673//721
f 5627//675 5626//674 5674//722
f 5627//675 5674//722 5675//723
f 5626//674 5628//676 5676//724
f 5626//674 5676//724 5674//722
f 5628//676 5629//677 5677//725
f 5628//676 5677//725 5676//724
f 5629//677 5630//678 5678//726
f 5629//677 5678//726 5677//725
f 5630//678 5631//679 5679//727
f 5630//678 5679//727 5678//726
f 5631//679 5632//680 5680//728
f 5631//679 5680//728 5679//727
f 5632//680 5633//681 5681//729
f 5632//680 5681//729 5680//728
f 5633//681 5634//682 5682//730
f 5633//681 5682//730 5681//729
f 5634//682 5635//683 5683//731
f 5634//682 5683//731 5682//730
f 5635//683 5636//684 5684//732
f 5635//683 5684//732 5683//731
f 5636//684 5637//685 5685//733
f 5636//684 5685//733 5684//732
f 5637//685 5638//686 5686//734
f 5637//685 5686//734 5685//733
f 5638//686 5639//687 5687//735
f 5638//686 5687//735 5686//734
f 5639//687 5640//688 5688//736
f 5639//687 5688//736 5687//735
f 5640//688 5641//689 5689//737
f 5640//688 5689//737 5688//736
f 5641//689 5642//690 5690//738
f 5641//689 5690//738 5689//737
f 5642//690 5643//691 5691//739
f 5642//690 5691//739 5690//738
f 5643//691 5644//692 5692//740
f 5643//691 5692//740 5691//739
f 5644//692 5645//693 5693//741
f 5644//692 5693//741 5692//740
f 5645//693 5646//694 5694//742
f 5645//693 5694//742 5693//741
f 5646//694 5647//695 5695//743
f 5646//694 5695//743 5694//742
f 5647//695 5648//696 5696//744
f 5647//695 5696//744 5695//743
f 5648//696 5649//697 5697//745
f 5648//696 5697//745 5696//744
f 5649//697 5650//698 5698//746
f 5649//697 5698//746 5697//745
f 5650//698 5651//699 5699//747
f 5650//698 5699//747 5698//746
f 5651//699 5652//700 5700//748
f 5651//699 5700//748 5699//747
f 5652//700 5653//701 5701//749
f 5652//700 5701//749 5700//748
f 5653//701 5654//702 5702//750
f 5653//701 5702//750 5701//749
f 5654//702 5655//703 5703//751
f 5654//702 5703//751 5702//750
f 5655//703 5656//704 5704//752
f 5655//703 5704//752 5703//751
f 5656//704 5657//705 5705//753
f 5656//704 5705//753 5704//752
f 5657//705 5658//706 5706//754
f 5657//705 5706//754 5705//753
f 5658//706 5659//707 5707//755
f 5658//706 5707//755 5706//754
f 5659//707 5660//708 5708//756
f 5659//707 5708//756 5707//755
f 5660//708 5661//709 5709//757
f 5660//708 5709//757 5708//756
f 5661//709 5662//710 5710//758
f 5661//709 5710//758 5709//757
f 5662//710 5663//711 5711//759
f 5662//710 5711//759 5710//758
f 5663//711 5664//712 5712//760
f 5663//711 5712//760 5711//759
f 5664//712 5665//713 5713//761
f 5664//712 5713//761 5712//760
f 5665//713 5666//714 5714//762
f 5665//713 5714//762 5713//761
f 5666//714 5667//715 5715//763
f 5666//714 5715//763 5714//762
f 5667//715 5668//716 5716//764
f 5667//715 5716//764 5715//763
f 5668//716 5669//717 5717//765
f 5668//716 5717//765 5716//764
f 5669//717 5670//718 5718//766
f 5669//717 5718//766 5717//765
f 5670//718 5671//719 5719//767
f 5670//718 5719//767 5718//766
f 5671//719 5672//720 5720//768
f 5671//719 5720//768 5719//767
f 5672//720 5673//721 5721//769
f 5672//720 5721//769 5720//768
f 5673//721 5627//675 5675//723
f 5673//721 5675//723 5721//769
f 5675//723 5674//722 5722//770
f 5675//723 5722//770 5723//771
f 5674//722 5676//724 5724//772
f 5674//722 5724//772 5722//770
f 5676//724 5677//725 5725//773
f 5676//724 5725//773 5724//772
f 5677//725 5678//726 5726//774
f 5677//725 5726//774 5725//773
f 5678//726 5679//727 5727//775
f 5678//726 5727//775 5726//774
f 5679//727 5680//728 5728//776
f 5679//727 5728//776 5727//775
f 5680//728 5681//729 5729//777
f 5680//728 5729//777 5728//776
f 5681//729 5682//730 5730//778
f 5681//729 5730//778 5729//777
f 5682//730 5683//731 5731//779
f 5682//730 5731//779 5730//778
f 5683//731 5684//732 5732//780
f 5683//731 5732//780 5731//779
f 5684//732 5685//733 5733//781
f 5684//732 5733//781 5732//780
f 5685//733 5686//734 5734//782
f 5685//733 5734//782 5733//781
f 5686//734 5687//735 5735//783
f 5686//734 5735//783 5734//782
f 5687//735 5688//736 5736//784
f 5687//735 5736//784 5735//783
f 5688//736 5689//737 5737//785
f 5688//736 5737//785 5736//784
f 5689//737 5690//738 5738//786
f 5689//737 5738//786 5737//785
f 5690//738 5691//739 5739//787
f 5690//738 5739//787 5738//786
f 5691//739 5692//740 5740//788
f 5691//739 5740//788 5739//787
f 5692//740 5693//741 5741//789
f 5692//740 5741//789 5740//788
f 5693//741 5694//742 5742//790
f 5693//741 5742//790 5741//789
f 5694//742 5695//743 5743//791
f 5694//742 5743//791 5742//790
f 5695//743 5696//744 5744//792
f 5695//743 5744//792 5743//791
f 5696//744 5697//745 5745//793
f 5696//744 5745//793 5744//792
f 5697//745 5698//746 5746//794
f 5697//745 5746//794 5745//793
f 5698//746 5699//747 5747//795
f 5698//746 5747//795 5746//794
f 5699//747 5700//748 5748//796
f 5699//747 5748//796 5747//795
f 5700//748 5701//749 5749//797
f 5700//748 5749//797 5748//796
f 5701//749 5702//750 5750//798
f 5701//749 5750//798 5749//797
f 5702//750 5703//751 5751//799
f 5702//750 5751//799 5750//798
f 5703//751 5704//752 5752//800
f 5703//751 5752//800 5751//799
f 5704//752 5705//753 5753//801
f 5704//752 5753//801 5752//800
f 5705//753 5706//754 5754//802
f 5705//753 5754//802 5753//801
f 5706//754 5707//755 5755//803
f 5706//754 5755//803 5754//802
f 5707//755 5708//756 5756//804
f 5707//755 5756//804 5755//803
f 5708//756 5709//757 5757//805
f 5708//756 5757//805 5756//804
f 5709//757 5710//758 5758//806
f 5709//757 5758//806 5757//805
f 5710//758 5711//759 5759//807
f 5710//758 5759//807 5758//806
f 5711//759 5712//760 5760//808
f 5711//759 5760//808 5759//807
f 5712//760 5713//761 5761//809
f 5712//760 5761//809 5760//808
f 5713//761 5714//762 5762//810
f 5713//761 5762//810 5761//809
f 5714//762 5715//763 5763//811
f 5714//762 5763//811 5762//810
f 5715//763 5716//764 5764//812
f 5715//763 5764//812 5763//811
f 5716//764 5717//765 5765//813
f 5716//764 5765//813 5764//812
f 5717//765 5718//766 5766//814
f 5717//765 5766//814 5765//813
f 5718//766 5719//767 5767//815
f 5718//766 5767//815 5766//814
f 5719//767 5720//768 5768//816
f 5719//767 5768//816 5767//815
f 5720//768 5721//769 5769//817
f 5720//768 5769//817 5768//816
f 5721//769 5675//723 5723//771
f 5721//769 5723//771 5769//817
f 5723//771 5722//770 5770//818
f 5723//771 5770//818 5771//819
f 5722//770 5724//772 5772//820
f 5722//770 5772//820 5770//818
f 5724//772 5725//773 5773//821
f 5724//772 5773//821 5772//820
f 5725//773 5726//774 5774//822
f 5725//773 5774//822 5773//821
f 5726//774 5727//775 5775//823
f 5726//774 5775//823 5774//822
f 5727//775 5728//776 5776//824
f 5727//775 5776//824 5775//823
f 5728//776 5729//777 5777//825
f 5728//776 5777//825 5776//824
f 5729//777 5730//778 5778//826
f 5729//777 5778//826 5777//825
f 5730//778 5731//779 5779//827
f 5730//778 5779//827 5778//826
f 5731//779 5732//780 5780//828
f 5731//779 5780//828 5779//827
f 5732//780 5733//781 5781//829
f 5732//780 5781//829 5780//828
f 5733//781 5734//782 5782//830
f 5733//781 5782//830 5781//829
f 5734//782 5735//783 5783//831
f 5734//782 5783//831 5782//830
f 5735//783 5736//784 5784//832
f 5735//783 5784//832 5783//831
f 5736//784 5737//785 5785//833
f 5736//784 5785//833 5784//832
f 5737//785 5738//786 5786//834
f 5737//785 5786//834 5785//833
f 5738//786 5739//787 5787//835
f 5738//786 5787//835 5786//834
f 5739//787 5740//788 5788//836
f 5739//787 5788//836 5787//835
f 5740//788 5741//789 5789//837
f 5740//788 5789//837 5788//836
f 5741//789 5742//790 5790//838
f 5741//789 5790//838 5789//837
f 5742//790 5743//791 5791//839
f 5742//790 5791//839 5790//838
f 5743//791 5744//792 5792//840
f 5743//791 5792//840 5791//839
f 5744//792 5745//793 5793//841
f 5744//792 5793//841 5792//840
f 5745//793 5746//794 5794//842
f 5745//793 5794//842 5793//841
f 5746//794 5747//795 5795//843
f 5746//794 5795//843 5794//842
f 5747//795 5748//796 5796//844
f 5747//795 5796//844 5795//843
f 5748//796 5749//797 5797//845
f 5748//796 5797//845 5796//844
f 5749//797 5750//798 5798//846
f 5749//797 5798//846 5797//845
f 5750//798 5751//799 5799//847
f 5750//798 5799//847 5798//846
f 5751//799 5752//800 5800//848
f 5751//799 5800//848 5799//847
f 5752//800 5753//801 5801//849
f 5752//800 5801//849 5800//848
f 5753//801 5754//802 5802//850
f 5753//801 5802//850 5801//849
f 5754//802 5755//803 5803//851
f 5754//802 5803//851 5802//850
f 5755//803 5756//804 5804//852
f 5755//803 5804//852 5803//851
f 5756//804 5757//805 5805//853
f 5756//804 5805//853 5804//852
f 5757//805 5758//806 5806//854
f 5757//805 5806//854 5805//853
f 5758//806 5759//807 5807//855
f 5758//806 5807//855 5806//854
f 5759//807 5760//808 5808//856
f 5759//807 5808//856 5807//855
f 5760//808 5761//809 5809//857
f 5760//808 5809//857 5808//856
f 5761//809 5762//810 5810//858
f 5761//809 5810//858 5809//857
f 5762//810 5763//811 5811//859
f 5762//810 5811//859 5810//858
f 5763//811 5764//812 5812//860
f 5763//811 5812//860 5811//859
f 5764//812 5765//813 5813//861
f 5764//812 5813//861 5812//860
f 5765//813 5766//814 5814//862
f 5765//813 5814//862 5813//861
f 5766//814 5767//815 5815//863
f 5766//814 5815//863 5814//862
f 5767//815 5768//816 5816//864
f 5767//815 5816//864 5815//863
f 5768//816 5769//817 5817//865
f 5768//816 5817//865 5816//864
f 5769//817 5723//771 5771//819
f 5769//817 5771//819 5817//865
f 5771//819 5770//818 5818//866
f 5771//819 5818//866 5819//867
f 5770//818 5772//820 5820//868
f 5770//818 5820//868 5818//866
f 5772//820 5773//821 5821//869
f 5772//820 5821//869 5820//868
f 5773//821 5774//822 5822//870
f 5773//821 5822//870 5821//869
f 5774//822 5775//823 5823//871
f 5774//822 5823//871 5822//870
f 5775//823 5776//824 5824//872
f 5775//823 5824//872 5823//871
f 5776//824 5777//825 5825//873
f 5776//824 5825//873 5824//872
f 5777//825 5778//826 5826//874
f 5777//825 5826//874 5825//873
f 5778//826 5779//827 5827//875
f 5778//826 5827//875 5826//874
f 5779//827 5780//828 5828//876
f 5779//827 5828//876 5827//875
f 5780//828 5781//829 5829//877
f 5780//828 5829//877 5828//876
f 5781//829 5782//830 5830//878
f 5781//829 5830//878 5829//877
f 5782//830 5783//831 5831//879
f 5782//830 5831//879 5830//878
f 5783//831 5784//832 5832//880
f 5783//831 5832//880 5831//879
f 5784//832 5785//833 5833//881
f 5784//832 5833//881 5832//880
f 5785//833 5786//834 5834//882
f 5785//833 5834//882 5833//881
f 5786//834 5787//835 5835//883
f 5786//834 5835//883 5834//882
f 5787//835 5788//836 5836//884
f 5787//835 5836//884 5835//883
f 5788//836 5789//837 5837//885
f 5788//836 5837//885 5836//884
f 5789//837 5790//838 5838//886
f 5789//837 5838//886 5837//885
f 5790//838 5791//839 5839//887
f 5790//838 5839//887 5838//886
f 5791//839 5792//840 5840//888
f 5791//839 5840//888 5839//887
f 5792//840 5793//841 5841//889
f 5792//840 5841//889 5840//888
f 5793//841 5794//842 5842//890
f 5793//841 5842//890 5841//889
f 5794//842 5795//843 5843//891
f 5794//842 5843//891 5842//890
f 5795//843 5796//844 5844//892
f 5795//843 5844//892 5843//891
f 5796//844 5797//845 5845//893
f 5796//844 5845//893 5844//892
f 5797//845 5798//846 5846//894
f 5797//845 5846//894 5845//893
f 5798//846 5799//847 5847//895
f 5798//846 5847//895 5846//894
f 5799//847 5800//848 5848//896
f 5799//847 5848//896 5847//895
f 5800//848 5801//849 5849//897
f 5800//848 5849//897 5848//896
f 5801//849 5802//850 5850//898
f 5801//849 5850//898 5849//897
f 5802//850 5803//851 5851//899
f 5802//850 5851//899 5850//898
f 5803//851 5804//852 5852//900
f 5803//851 5852//900 5851//899
f 5804//852 5805//853 5853//901
f 5804//852 5853//901 5852//900
f 5805//853 5806//854 5854//902
f 5805//853 5854//902 5853//901
f 5806//854 5807//855 5855//903
f 5806//854 5855//903 5854//902
f 5807//855 5808//856 5856//904
f 5807//855 5856//904 5855//903
f 5808//856 5809//857 5857//905
f 5808//856 5857//905 5856//904
f 5809//857 5810//858 5858//906
f 5809//857 5858//906 5857//905
f 5810//858 5811//859 5859//907
f 5810//858 5859//907 5858//906
f 5811//859 5812//860 5860//908
f 5811//859 5860//908 5859//907
f 5812//860 5813//861 5861//909
f 5812//860 5861//909 5860//908
f 5813//861 5814//862 5862//910
f 5813//861 5862//910 5861//909
f 5814//862 5815//863 5863//911
f 5814//862 5863//911 5862//910
f 5815//863 5816//864 5864//912
f 5815//863 5864//912 5863//911
f 5816//864 5817//865 5865//913
f 5816//864 5865//913 5864//912
f 5817//865 5771//819 5819//867
f 5817//865 5819//867 5865//913
f 5819//867 5818//866 5866//914
f 5819//867 5866//914 5867//915
f 5818//866 5820//868 5868//916
f 5818//866 5868//916 5866//914
f 5820//868 5821//869 5869//917
f 5820//868 5869//917 5868//916
f 5821//869 5822//870 5870//918
f 5821//869 5870//918 5869//917
f 5822//870 5823//871 5871//919
f 5822//870 5871//919 5870//918
f 5823//871 5824//872 5872//920
f 5823//871 5872//920 5871//919
f 5824//872 5825//873 5873//921
f 5824//872 5873//921 5872//920
f 5825//873 5826//874 5874//922
f 5825//873 5874//922 5873//921
f 5826//874 5827//875 5875//923
f 5826//874 5875//923 5874//922
f 5827//875 5828//876 5876//924
f 5827//875 5876//924 5875//923
f 5828//876 5829//877 5877//925
f 5828//876 5877//925 5876//924
f 5829//877 5830//878 5878//926
f 5829//877 5878//926 5877//925
f 5830//878 5831//879 5879//927
f 5830//878 5879//927 5878//926
f 5831//879 5832//880 5880//928
f 5831//879 5880//928 5879//927
f 5832//880 5833//881 5881//929
f 5832//880 5881//929 5880//928
f 5833//881 5834//882 5882//930
f 5833//881 5882//930 5881//929
f 5834//882 5835//883 5883//931
f 5834//882 5883//931 5882//930
f 5835//883 5836//884 5884//932
f 5835//883 5884//932 5883//931
f 5836//884 5837//885 5885//933
f 5836//884 5885//933 5884//932
f 5837//885 5838//886 5886//934
f 5837//885 5886//934 5885//933
f 5838//886 5839//887 5887//935
f 5838//886 5887//935 5886//934
f 5839//887 5840//888 5888//936
f 5839//887 5888//936 5887//935
f 5840//888 5841//889 5889//937
f 5840//888 5889//937 5888//936
f 5841//889 5842//890 5890//938
f 5841//889 5890//938 5889//937
f 5842//890 5843//891 5891//939
f 5842//890 5891//939 5890//938
f 5843//891 5844//892 5892//940
f 5843//891 5892//940 5891//939
f 5844//892 5845//893 5893//941
f 5844//892 5893//941 5892//940
f 5845//893 5846//894 5894//942
f 5845//893 5894//942 5893//941
f 5846//894 5847//895 5895//943
f 5846//894 5895//943 5894//942
f 5847//895 5848//896 5896//944
f 5847//895 5896//944 5895//943
f 5848//896 5849//897 5897//945
f 5848//896 5897//945 5896//944
f 5849//897 5850//898 5898//946
f 5849//897 5898//946 5897//945
f 5850//898 5851//899 5899//947
f 5850//898 5899//947 5898//946
f 5851//899 5852//900 5900//948
f 5851//899 5900//948 5899//947
f 5852//900 5853//901 5901//949
f 5852//900 5901//949 5900//948
f 5853//901 5854//902 5902//950
f 5853//901 5902//950 5901//949
f 5854//902 5855//903 5903//951
f 5854//902 5903//951 5902//950
f 5855//903 5856//904 5904//952
f 5855//903 5904//952 5903//951
f 5856//904 5857//905 5905//953
f 5856//904 5905//953 5904//952
f 5857//905 5858//906 5906//954
f 5857//905 5906//954 5905//953
f 5858//906 5859//907 5907//955
f 5858//906 5907//955 5906//954
f 5859//907 5860//908 5908//956
f 5859//907 5908//956 5907//955
f 5860//908 5861//909 5909//957
f 5860//908 5909//957 5908//956
f 5861//909 5862//910 5910//958
f 5861//909 5910//958 5909//957
f 5862//910 5863//911 5911//959
f 5862//910 5911//959 5910//958
f 5863//911 5864//912 5912//960
f 5863//911 5912//960 5911//959
f 5864//912 5865//913 5913//961
f 5864//912 5913//961 5912//960
f 5865//913 5819//867 5867//915
f 5865//913 5867//915 5913//961
f 5867//915 5866//914 5914//962
f 5867//915 5914//962 5915//963
f 5866//914 5868//916 5916//964
f 5866//914 5916//964 5914//962
f 5868//916 5869//917 5917//965
f 5868//916 5917//965 5916//964
f 5869//917 5870//918 5918//966
f 5869//917 5918//966 5917//965
f 5870//918 5871//919 5919//967
f 5870//918 5919//967 5918//966
f 5871//919 5872//920 5920//968
f 5871//919 5920//968 5919//967
f 5872//920 5873//921 5921//969
f 5872//920 5921//969 5920//968
f 5873//921 5874//922 5922//970
f 5873//921 5922//970 5921//969
f 5874//922 5875//923 5923//971
f 5874//922 5923//971 5922//970
f 5875//923 5876//924 5924//972
f 5875//923 5924//972 5923//971
f 5876//924 5877//925 5925//973
f 5876//924 5925//973 5924//972
f 5877//925 5878//926 5926//974
f 5877//925 5926//974 5925//973
f 5878//926 5879//927 5927//975
f 5878//926 5927//975 5926//974
f 5879//927 5880//928 5928//976
f 5879//927 5928//976 5927//975
f 5880//928 5881//929 5929//977
f 5880//928 5929//977 5928//976
f 5881//929 5882//930 5930//978
f 5881//929 5930//978 5929//977
f 5882//930 5883//931 5931//979
f 5882//930 5931//979 5930//978
f 5883//931 5884//932 5932//980
f 5883//931 5932//980 5931//979
f 5884//932 5885//933 5933//981
f 5884//932 5933//981 5932//980
f 5885//933 5886//934 5934//982
f 5885//933 5934//982 5933//981
f 5886//934 5887//935 5935//983
f 5886//934 5935//983 5934//982
f 5887//935 5888//936 5936//984
f 5887//935 5936//984 5935//983
f 5888//936 5889//937 5937//985
f 5888//936 5937//985 5936//984
f 5889//937 5890//938 5938//986
f 5889//937 5938//986 5937//985
f 5890//938 5891//939 5939//987
f 5890//938 5939//987 5938//986
f 5891//939 5892//940 5940//988
f 5891//939 5940//988 5939//987
f 5892//940 5893//941 5941//989
f 5892//940 5941//989 5940//988
f 5893//941 5894//942 5942//990
f 5893//941 5942//990 5941//989
f 5894//942 5895//943 5943//991
f 5894//942 5943//991 5942//990
f 5895//943 5896//944 5944//992
f 5895//943 5944//992 5943//991
f 5896//944 5897//945 5945//993
f 5896//944 5945//993 5944//992
f 5897//945 5898//946 5946//994
f 5897//945 5946//994 5945//993
f 5898//946 5899//947 5947//995
f 5898//946 5947//995 5946//994
f 5899//947 5900//948 5948//996
f 5899//947 5948//996 5947//995
f 5900//948 5901//949 5949//997
f 5900//948 5949//997 5948//996
f 5901//949 5902//950 5950//998
f 5901//949 5950//998 5949//997
f 5902//950 5903//951 5951//999
f 5902//950 5951//999 5950//998
f 5903//951 5904//952 5952//1000
f 5903//951 5952//1000 5951//999
f 5904//952 5905//953 5953//1001
f 5904//952 5953//1001 5952//1000
f 5905//953 5906//954 5954//1002
f 5905//953 5954//1002 5953//1001
f 5906//954 5907//955 5955//1003
f 5906//954 5955//1003 5954//1002
f 5907//955 5908//956 5956//1004
f 5907//955 5956//1004 5955//1003
f 5908//956 5909//957 5957//1005
f 5908//956 5957//1005 5956//1004
f 5909//957 5910//958 5958//1006
f 5909//957 5958//1006 5957//1005
f 5910//958 5911//959 5959//1007
f 5910//958 5959//1007 5958//1006
f 5911//959 5912//960 5960//1008
f 5911//959 5960//1008 5959//1007
f 5912//960 5913//961 5961//1009
f 5912//960 5961//1009 5960//1008
f 5913//961 5867//915 5915//963
f 5913//961 5915//963 5961//1009
f 5915//963 5914//962 5962//1010
f 5915//963 5962//1010 5963//1011
f 5914//962 5916//964 5964//1012
f 5914//962 5964//1012 5962//1010
f 5916//964 5917//965 5965//1013
f 5916//964 5965//1013 5964//1012
f 5917//965 5918//966 5966//1014
f 5917//965 5966//1014 5965//1013
f 5918//966 5919//967 5967//1015
f 5918//966 5967//1015 5966//1014
f 5919//967 5920//968 5968//1016
f 5919//967 5968//1016 5967//1015
f 5920//968 5921//969 5969//1017
f 5920//968 5969//1017 5968//1016
f 5921//969 5922//970 5970//1018
f 5921//969 5970//1018 5969//1017
f 5922//970 5923//971 5971//1019
f 5922//970 5971//1019 5970//1018
f 5923//971 5924//972 5972//1020
f 5923//971 5972//1020 5971//1019
f 5924//972 5925//973 5973//1021
f 5924//972 5973//1021 5972//1020
f 5925//973 5926//974 5974//1022
f 5925//973 5974//1022 5973//1021
f 5926//974 5927//975 5975//1023
f 5926//974 5975//1023 5974//1022
f 5927//975 5928//976 5976//1024
f 5927//975 5976//1024 5975//1023
f 5928//976 5929//977 5977//1025
f 5928//976 5977//1025 5976//1024
f 5929//977 5930//978 5978//1026
f 5929//977 5978//1026 5977//1025
f 5930//978 5931//979 5979//1027
f 5930//978 5979//1027 5978//1026
f 5931//979 5932//980 5980//1028
f 5931//979 5980//1028 5979//1027
f 5932//980 5933//981 5981//1029
f 5932//980 5981//1029 5980//1028
f 5933//981 5934//982 5982//1030
f 5933//981 5982//1030 5981//1029
f 5934//982 5935//983 5983//1031
f 5934//982 5983//1031 5982//1030
f 5935//983 5936//984 5984//1032
f 5935//983 5984//1032 5983//1031
f 5936//984 5937//985 5985//1033
f 5936//984 5985//1033 5984//1032
f 5937//985 5938//986 5986//1034
f 5937//985 5986//1034 5985//1033
f 5938//986 5939//987 5987//1035
f 5938//986 5987//1035 5986//1034
f 5939//987 5940//988 5988//1036
f 5939//987 5988//1036 5987//1035
f 5940//988 5941//989 5989//1037
f 5940//988 5989//1037 5988//1036
f 5941//989 5942//990 5990//1038
f 5941//989 5990//1038 5989//1037
f 5942//990 5943//991 5991//1039
f 5942//990 5991//1039 5990//1038
f 5943//991 5944//992 5992//1040
f 5943//991 5992//1040 5991//1039
f 5944//992 5945//993 5993//1041
f 5944//992 5993//1041 5992//1040
f 5945//993 5946//994 5994//1042
f 5945//993 5994//1042 5993//1041
f 5946//994 5947//995 5995//1043
f 5946//994 5995//1043 5994//1042
f 5947//995 5948//996 5996//1044
f 5947//995 5996//1044 5995//1043
f 5948//996 5949//997 5997//1045
f 5948//996 5997//1045 5996//1044
f 5949//997 5950//998 5998//1046
f 5949//997 5998//1046 5997//1045
f 5950//998 5951//999 5999//1047
f 5950//998 5999//1047 5998//1046
f 5951//999 5952//1000 6000//1048
f 5951//999 6000//1048 5999//1047
f 5952//1000 5953//1001 6001//1049
f 5952//1000 6001//1049 6000//1048
f 5953//1001 5954//1002 6002//1050
f 5953//1001 6002//1050 6001//1049
f 5954//1002 5955//1003 6003//1051
f 5954//1002 6003//1051 6002//1050
f 5955//1003 5956//1004 6004//1052
f 5955//1003 6004//1052 6003//1051
f 5956//1004 5957//1005 6005//1053
f 5956//1004 6005//1053 6004//1052
f 5957//1005 5958//1006 6006//1054
f 5957//1005 6006//1054 6005//1053
f 5958//1006 5959//1007 6007//1055
f 5958//1006 6007//1055 6006//1054
f 5959//1007 5960//1008 6008//1056
f 5959//1007 6008//1056 6007//1055
f 5960//1008 5961//1009 6009//1057
f 5960//1008 6009//1057 6008//1056
f 5961//1009 5915//963 5963//1011
f 5961//1009 5963//1011 6009//1057
f 5963//1011 5962//1010 6010//1058
f 5963//1011 6010//1058 6011//1059
f 5962//1010 5964//1012 6012//1060
f 5962//1010 6012//1060 6010//1058
f 5964//1012 5965//1013 6013//1061
f 5964//1012 6013//1061 6012//1060
f 5965//1013 5966//1014 6014//1062
f 5965//1013 6014//1062 6013//1061
f 5966//1014 5967//1015 6015//1063
f 5966//1014 6015//1063 6014//1062
f 5967//1015 5968//1016 6016//1064
f 5967//1015 6016//1064 6015//1063
f 5968//1016 5969//1017 6017//1065
f 5968//1016 6017//1065 6016//1064
f 5969//1017 5970//1018 6018//1066
f 5969//1017 6018//1066 6017//1065
f 5970//1018 5971//1019 6019//1067
f 5970//1018 6019//1067 6018//1066
f 5971//1019 5972//1020 6020//1068
f 5971//1019 6020//1068 6019//1067
f 5972//1020 5973//1021 6021//1069
f 5972//1020 6021//1069 6020//1068
f 5973//1021 5974//1022 6022//1070
f 5973//1021 6022//1070 6021//1069
f 5974//1022 5975//1023 6023//1071
f 5974//1022 6023//1071 6022//1070
f 5975//1023 5976//1024 6024//1072
f 5975//1023 6024//1072 6023//1071
f 5976//1024 5977//1025 6025//1073
f 5976//1024 6025//1073 6024//1072
f 5977//1025 5978//1026 6026//1074
f 5977//1025 6026//1074 6025//1073
f 5978//1026 5979//1027 6027//1075
f 5978//1026 6027//1075 6026//1074
f 5979//1027 5980//1028 6028//1076
f 5979//1027 6028//1076 6027//1075
f 5980//1028 5981//1029 6029//1077
f 5980//1028 6029//1077 6028//1076
f 5981//1029 5982//1030 6030//1078
f 5981//1029 6030//1078 6029//1077
f 5982//1030 5983//1031 6031//1079
f 5982//1030 6031//1079 6030//1078
f 5983//1031 5984//1032 6032//1080
f 5983//1031 6032//1080 6031//1079
f 5984//1032 5985//1033 6033//1081
f 5984//1032 6033//1081 6032//1080
f 5985//1033 5986//1034 6034//1082
f 5985//1033 6034//1082 6033//1081
f 5986//1034 5987//1035 6035//1083
f 5986//1034 6035//1083 6034//1082
f 5987//1035 5988//1036 6036//1084
f 5987//1035 6036//1084 6035//1083
f 5988//1036 5989//1037 6037//1085
f 5988//1036 6037//1085 6036//1084
f 5989//1037 5990//1038 6038//1086
f 5989//1037 6038//1086 6037//1085
f 5990//1038 5991//1039 6039//1087
f 5990//1038 6039//1087 6038//1086
f 5991//1039 5992//1040 6040//1088
f 5991//1039 6040//1088 6039//1087
f 5992//1040 5993//1041 6041//1089
f 5992//1040 6041//1089 6040//1088
f 5993//1041 5994//1042 6042//1090
f 5993//1041 6042//1090 6041//1089
f 5994//1042 5995//1043 6043//1091
f 5994//1042 6043//1091 6042//1090
f 5995//1043 5996//1044 6044//1092
f 5995//1043 6044//1092 6043//1091
f 5996//1044 5997//1045 6045//1093
f 5996//1044 6045//1093 6044//1092
f 5997//1045 5998//1046 6046//1094
f 5997//1045 6046//1094 6045//1093
f 5998//1046 5999//1047 6047//1095
f 5998//1046 6047//1095 6046//1094
f 5999//1047 6000//1048 6048//1096
f 5999//1047 6048//1096 6047//1095
f 6000//1048 6001//1049 6049//1097
f 6000//1048 6049//1097 6048//1096
f 6001//1049 6002//1050 6050//1098
f 6001//1049 6050//1098 6049//1097
f 6002//1050 6003//1051 6051//1099
f 6002//1050 6051//1099 6050//1098
f 6003//1051 6004//1052 6052//1100
f 6003//1051 6052//1100 6051//1099
f 6004//1052 6005//1053 6053//1101
f 6004//1052 6053//1101 6052//1100
f 6005//1053 6006//1054 6054//1102
f 6005//1053 6054//1102 6053//1101
f 6006//1054 6007//1055 6055//1103
f 6006//1054 6055//1103 6054//1102
f 6007//1055 6008//1056 6056//1104
f 6007//1055 6056//1104 6055//1103
f 6008//1056 6009//1057 6057//1105
f 6008//1056 6057//1105 6056//1104
f 6009//1057 5963//1011 6011//1059
f 6009//1057 6011//1059 6057//1105
f 6011//1059 6010//1058 6058//1106
f 6010//1058 6012//1060 6058//1106
f 6012//1060 6013//1061 6058//1106
f 6013//1061 6014//1062 6058//1106
f 6014//1062 6015//1063 6058//1106
f 6015//1063 6016//1064 6058//1106
f 6016//1064 6017//1065 6058//1106
f 6017//1065 6018//1066 6058//1106
f 6018//1066 6019//1067 6058//1106
f 6019//1067 6020//1068 6058//1106
f 6020//1068 6021//1069 6058//1106
f 6021//1069 6022//1070 6058//1106
f 6022//1070 6023//1071 6058//1106
f 6023//1071 6024//1072 6058//1106
f 6024//1072 6025//1073 6058//1106
f 6025//1073 6026//1074 6058//1106
f 6026//1074 6027//1075 6058//1106
f 6027//1075 6028//1076 6058//1106
f 6028//1076 6029//1077 6058//1106
f 6029//1077 6030//1078 6058//1106
f 6030//1078 6031//1079 6058//1106
f 6031//1079 6032//1080 6058//1106
f 6032//1080 6033//1081 6058//1106
f 6033//1081 6034//1082 6058//1106
f 6034//1082 6035//1083 6058//1106
f 6035//1083 6036//1084 6058//1106
f 6036//1084 6037//1085 6058//1106
f 6037//1085 6038//1086 6058//1106
f 6038//1086 6039//1087 6058//1106
f 6039//1087 6040//1088 6058//1106
f 6040//1088 6041//1089 6058//1106
f 6041//1089 6042//1090 6058//1106
f 6042//1090 6043//1091 6058//1106
f 6043//1091 6044//1092 6058//1106
f 6044//1092 6045//1093 6058//1106
f 6045//1093 6046//1094 6058//1106
f 6046//1094 6047//1095 6058//1106
f 6047//1095 6048//1096 6058//1106
f 6048//1096 6049//1097 6058//1106
f 6049//1097 6050//1098 6058//1106
f 6050//1098 6051//1099 6058//1106
f 6051//1099 6052//1100 6058//1106
f 6052//1100 6053//1101 6058//1106
f 6053//1101 6054//1102 6058//1106
f 6054//1102 6055//1103 6058//1106
f 6055//1103 6056//1104 6058//1106
f 6056//1104 6057//1105 6058//1106
f 6057//1105 6011//1059 6058//1106
