mtllib lanterns.mtl
v -840.0000 0.0000 -735.0000
v -840.0000 0.0000 945.0000
v 840.0000 0.0000 945.0000
v 840.0000 0.0000 -735.0000
v -770.0000 0.0000 437.5000
v 770.0000 0.0000 437.5000
v 770.0000 0.0000 458.5000
v -770.0000 0.0000 458.5000
v -770.0000 595.0000 437.5000
v -770.0000 595.0000 458.5000
v 770.0000 595.0000 458.5000
v 770.0000 595.0000 437.5000
v -546.0000 0.0000 -210.0000
v -525.0000 0.0000 -210.0000
v -525.0000 0.0000 437.5000
v -546.0000 0.0000 437.5000
v -546.0000 525.0000 -210.0000
v -546.0000 525.0000 437.5000
v -525.0000 525.0000 437.5000
v -525.0000 525.0000 -210.0000
v 525.0000 0.0000 -210.0000
v 546.0000 0.0000 -210.0000
v 546.0000 0.0000 437.5000
v 525.0000 0.0000 437.5000
v 525.0000 525.0000 -210.0000
v 525.0000 525.0000 437.5000
v 546.0000 525.0000 437.5000
v 546.0000 525.0000 -210.0000
v -333.9000 187.9500 219.1000
v -226.1000 187.9500 219.1000
v -226.1000 187.9500 326.9000
v -333.9000 187.9500 326.9000
v -333.9000 246.0500 219.1000
v -333.9000 246.0500 326.9000
v -226.1000 246.0500 326.9000
v -226.1000 246.0500 219.1000
v -233.8000 296.8000 228.2000
v -200.2000 296.8000 228.2000
v -200.2000 296.8000 261.8000
v -233.8000 296.8000 261.8000
v -233.8000 319.2000 228.2000
v -233.8000 319.2000 261.8000
v -200.2000 319.2000 261.8000
v -200.2000 319.2000 228.2000
v -76.6500 226.1000 280.3500
v -7.3500 226.1000 280.3500
v -7.3500 226.1000 349.6500
v -76.6500 226.1000 349.6500
v -76.6500 263.9000 280.3500
v -76.6500 263.9000 349.6500
v -7.3500 263.9000 349.6500
v -7.3500 263.9000 280.3500
v 74.2000 137.9000 7.7000
v 100.8000 137.9000 7.7000
v 100.8000 137.9000 34.3000
v 74.2000 137.9000 34.3000
v 74.2000 156.1000 7.7000
v 74.2000 156.1000 34.3000
v 100.8000 156.1000 34.3000
v 100.8000 156.1000 7.7000
v 158.9000 241.5000 158.9000
v 275.1000 241.5000 158.9000
v 275.1000 241.5000 275.1000
v 158.9000 241.5000 275.1000
v 158.9000 304.5000 158.9000
v 158.9000 304.5000 275.1000
v 275.1000 304.5000 275.1000
v 275.1000 304.5000 158.9000
v 298.9000 199.1500 312.9000
v 359.1000 199.1500 312.9000
v 359.1000 199.1500 373.1000
v 298.9000 199.1500 373.1000
v 298.9000 234.8500 312.9000
v 298.9000 234.8500 373.1000
v 359.1000 234.8500 373.1000
v 359.1000 234.8500 312.9000
v -284.9000 302.7500 128.1000
v -247.1000 302.7500 128.1000
v -247.1000 302.7500 165.9000
v -284.9000 302.7500 165.9000
v -284.9000 327.2500 128.1000
v -284.9000 327.2500 165.9000
v -247.1000 327.2500 165.9000
v -247.1000 327.2500 128.1000
v -8.0500 49.7000 236.9500
v 50.0500 49.7000 236.9500
v 50.0500 49.7000 295.0500
v -8.0500 49.7000 295.0500
v -8.0500 83.3000 236.9500
v -8.0500 83.3000 295.0500
v 50.0500 83.3000 295.0500
v 50.0500 83.3000 236.9500
v 107.8000 321.6500 303.8000
v 186.2000 321.6500 303.8000
v 186.2000 321.6500 382.2000
v 107.8000 321.6500 382.2000
v 107.8000 364.3500 303.8000
v 107.8000 364.3500 382.2000
v 186.2000 364.3500 382.2000
v 186.2000 364.3500 303.8000
v -130.9000 159.2500 324.1000
v -79.1000 159.2500 324.1000
v -79.1000 159.2500 375.9000
v -130.9000 159.2500 375.9000
v -130.9000 190.7500 324.1000
v -130.9000 190.7500 375.9000
v -79.1000 190.7500 375.9000
v -79.1000 190.7500 324.1000
v 167.3000 59.8500 -77.7000
v 196.7000 59.8500 -77.7000
v 196.7000 59.8500 -48.3000
v 167.3000 59.8500 -48.3000
v 167.3000 80.1500 -77.7000
v 167.3000 80.1500 -48.3000
v 196.7000 80.1500 -48.3000
v 196.7000 80.1500 -77.7000
v -341.2500 82.6000 155.7500
v -260.7500 82.6000 155.7500
v -260.7500 82.6000 236.2500
v -341.2500 82.6000 236.2500
v -341.2500 127.4000 155.7500
v -341.2500 127.4000 236.2500
v -260.7500 127.4000 236.2500
v -260.7500 127.4000 155.7500
v -115.5000 77.0000 49.0000
v -110.5177 76.6706 49.6559
v -110.4747 76.6706 49.0000
v -110.6460 76.6706 50.3006
v -110.8573 76.6706 50.9231
v -111.1480 76.6706 51.5126
v -111.5132 76.6706 52.0592
v -111.9466 76.6706 52.5534
v -112.4408 76.6706 52.9868
v -112.9874 76.6706 53.3520
v -113.5769 76.6706 53.6427
v -114.1994 76.6706 53.8540
v -114.8441 76.6706 53.9823
v -115.5000 76.6706 54.0253
v -116.1559 76.6706 53.9823
v -116.8006 76.6706 53.8540
v -117.4231 76.6706 53.6427
v -118.0126 76.6706 53.3520
v -118.5592 76.6706 52.9868
v -119.0534 76.6706 52.5534
v -119.4868 76.6706 52.0592
v -119.8520 76.6706 51.5126
v -120.1427 76.6706 50.9231
v -120.3540 76.6706 50.3006
v -120.4823 76.6706 49.6559
v -120.5253 76.6706 49.0000
v -120.4823 76.6706 48.3441
v -120.3540 76.6706 47.6994
v -120.1427 76.6706 47.0769
v -119.8520 76.6706 46.4874
v -119.4868 76.6706 45.9408
v -119.0534 76.6706 45.4466
v -118.5592 76.6706 45.0132
v -118.0126 76.6706 44.6480
v -117.4231 76.6706 44.3573
v -116.8006 76.6706 44.1460
v -116.1559 76.6706 44.0177
v -115.5000 76.6706 43.9747
v -114.8441 76.6706 44.0177
v -114.1994 76.6706 44.1460
v -113.5769 76.6706 44.3573
v -112.9874 76.6706 44.6480
v -112.4408 76.6706 45.0132
v -111.9466 76.6706 45.4466
v -111.5132 76.6706 45.9408
v -111.1480 76.6706 46.4874
v -110.8573 76.6706 47.0769
v -110.6460 76.6706 47.6994
v -110.5177 76.6706 48.3441
v -105.6207 75.6881 50.3006
v -105.5355 75.6881 49.0000
v -105.8750 75.6881 51.5790
v -106.2940 75.6881 52.8133
v -106.8705 75.6881 53.9823
v -107.5946 75.6881 55.0660
v -108.4540 75.6881 56.0460
v -109.4340 75.6881 56.9054
v -110.5177 75.6881 57.6295
v -111.6867 75.6881 58.2060
v -112.9210 75.6881 58.6250
v -114.1994 75.6881 58.8793
v -115.5000 75.6881 58.9645
v -116.8006 75.6881 58.8793
v -118.0790 75.6881 58.6250
v -119.3133 75.6881 58.2060
v -120.4823 75.6881 57.6295
v -121.5660 75.6881 56.9054
v -122.5460 75.6881 56.0460
v -123.4054 75.6881 55.0660
v -124.1295 75.6881 53.9823
v -124.7060 75.6881 52.8133
v -125.1250 75.6881 51.5790
v -125.3793 75.6881 50.3006
v -125.4645 75.6881 49.0000
v -125.3793 75.6881 47.6994
v -125.1250 75.6881 46.4210
v -124.7060 75.6881 45.1867
v -124.1295 75.6881 44.0177
v -123.4054 75.6881 42.9340
v -122.5460 75.6881 41.9540
v -121.5660 75.6881 41.0946
v -120.4823 75.6881 40.3705
v -119.3133 75.6881 39.7940
v -118.0790 75.6881 39.3750
v -116.8006 75.6881 39.1207
v -115.5000 75.6881 39.0355
v -114.1994 75.6881 39.1207
v -112.9210 75.6881 39.3750
v -111.6867 75.6881 39.7940
v -110.5177 75.6881 40.3705
v -109.4340 75.6881 41.0946
v -108.4540 75.6881 41.9540
v -107.5946 75.6881 42.9340
v -106.8705 75.6881 44.0177
v -106.2940 75.6881 45.1867
v -105.8750 75.6881 46.4210
v -105.6207 75.6881 47.6994
v -100.8927 74.0694 50.9231
v -100.7667 74.0694 49.0000
v -101.2687 74.0694 52.8133
v -101.8882 74.0694 54.6382
v -102.7406 74.0694 56.3667
v -103.8113 74.0694 57.9691
v -105.0820 74.0694 59.4180
v -106.5309 74.0694 60.6887
v -108.1333 74.0694 61.7594
v -109.8618 74.0694 62.6118
v -111.6867 74.0694 63.2313
v -113.5769 74.0694 63.6073
v -115.5000 74.0694 63.7333
v -117.4231 74.0694 63.6073
v -119.3133 74.0694 63.2313
v -121.1382 74.0694 62.6118
v -122.8667 74.0694 61.7594
v -124.4691 74.0694 60.6887
v -125.9180 74.0694 59.4180
v -127.1887 74.0694 57.9691
v -128.2594 74.0694 56.3667
v -129.1118 74.0694 54.6382
v -129.7313 74.0694 52.8133
v -130.1073 74.0694 50.9231
v -130.2333 74.0694 49.0000
v -130.1073 74.0694 47.0769
v -129.7313 74.0694 45.1867
v -129.1118 74.0694 43.3618
v -128.2594 74.0694 41.6333
v -127.1887 74.0694 40.0309
v -125.9180 74.0694 38.5820
v -124.4691 74.0694 37.3113
v -122.8667 74.0694 36.2406
v -121.1382 74.0694 35.3882
v -119.3133 74.0694 34.7687
v -117.4231 74.0694 34.3927
v -115.5000 74.0694 34.2667
v -113.5769 74.0694 34.3927
v -111.6867 74.0694 34.7687
v -109.8618 74.0694 35.3882
v -108.1333 74.0694 36.2406
v -106.5309 74.0694 37.3113
v -105.0820 74.0694 38.5820
v -103.8113 74.0694 40.0309
v -102.7406 74.0694 41.6333
v -101.8882 74.0694 43.3618
v -101.2687 74.0694 45.1867
v -100.8927 74.0694 47.0769
v -96.4147 71.8420 51.5126
v -96.2500 71.8420 49.0000
v -96.9059 71.8420 53.9823
v -97.7153 71.8420 56.3667
v -98.8290 71.8420 58.6250
v -100.2279 71.8420 60.7187
v -101.8882 71.8420 62.6118
v -103.7813 71.8420 64.2721
v -105.8750 71.8420 65.6710
v -108.1333 71.8420 66.7847
v -110.5177 71.8420 67.5941
v -112.9874 71.8420 68.0853
v -115.5000 71.8420 68.2500
v -118.0126 71.8420 68.0853
v -120.4823 71.8420 67.5941
v -122.8667 71.8420 66.7847
v -125.1250 71.8420 65.6710
v -127.2187 71.8420 64.2721
v -129.1118 71.8420 62.6118
v -130.7721 71.8420 60.7187
v -132.1710 71.8420 58.6250
v -133.2847 71.8420 56.3667
v -134.0941 71.8420 53.9823
v -134.5853 71.8420 51.5126
v -134.7500 71.8420 49.0000
v -134.5853 71.8420 46.4874
v -134.0941 71.8420 44.0177
v -133.2847 71.8420 41.6333
v -132.1710 71.8420 39.3750
v -130.7721 71.8420 37.2813
v -129.1118 71.8420 35.3882
v -127.2187 71.8420 33.7279
v -125.1250 71.8420 32.3290
v -122.8667 71.8420 31.2153
v -120.4823 71.8420 30.4059
v -118.0126 71.8420 29.9147
v -115.5000 71.8420 29.7500
v -112.9874 71.8420 29.9147
v -110.5177 71.8420 30.4059
v -108.1333 71.8420 31.2153
v -105.8750 71.8420 32.3290
v -103.7813 71.8420 33.7279
v -101.8882 71.8420 35.3882
v -100.2279 71.8420 37.2813
v -98.8290 71.8420 39.3750
v -97.7153 71.8420 41.6333
v -96.9059 71.8420 44.0177
v -96.4147 71.8420 46.4874
v -92.2632 69.0441 52.0592
v -92.0627 69.0441 49.0000
v -92.8613 69.0441 55.0660
v -93.8467 69.0441 57.9691
v -95.2027 69.0441 60.7187
v -96.9059 69.0441 63.2677
v -98.9273 69.0441 65.5727
v -101.2323 69.0441 67.5941
v -103.7813 69.0441 69.2973
v -106.5309 69.0441 70.6533
v -109.4340 69.0441 71.6387
v -112.4408 69.0441 72.2368
v -115.5000 69.0441 72.4373
v -118.5592 69.0441 72.2368
v -121.5660 69.0441 71.6387
v -124.4691 69.0441 70.6533
v -127.2187 69.0441 69.2973
v -129.7677 69.0441 67.5941
v -132.0727 69.0441 65.5727
v -134.0941 69.0441 63.2677
v -135.7973 69.0441 60.7187
v -137.1533 69.0441 57.9691
v -138.1387 69.0441 55.0660
v -138.7368 69.0441 52.0592
v -138.9373 69.0441 49.0000
v -138.7368 69.0441 45.9408
v -138.1387 69.0441 42.9340
v -137.1533 69.0441 40.0309
v -135.7973 69.0441 37.2813
v -134.0941 69.0441 34.7323
v -132.0727 69.0441 32.4273
v -129.7677 69.0441 30.4059
v -127.2187 69.0441 28.7027
v -124.4691 69.0441 27.3467
v -121.5660 69.0441 26.3613
v -118.5592 69.0441 25.7632
v -115.5000 69.0441 25.5627
v -112.4408 69.0441 25.7632
v -109.4340 69.0441 26.3613
v -106.5309 69.0441 27.3467
v -103.7813 69.0441 28.7027
v -101.2323 69.0441 30.4059
v -98.9273 69.0441 32.4273
v -96.9059 69.0441 34.7323
v -95.2027 69.0441 37.2813
v -93.8467 69.0441 40.0309
v -92.8613 69.0441 42.9340
v -92.2632 69.0441 45.9408
v -88.5093 65.7236 52.5534
v -88.2764 65.7236 49.0000
v -89.2040 65.7236 56.0460
v -90.3487 65.7236 59.4180
v -91.9237 65.7236 62.6118
v -93.9021 65.7236 65.5727
v -96.2500 65.7236 68.2500
v -98.9273 65.7236 70.5979
v -101.8882 65.7236 72.5763
v -105.0820 65.7236 74.1513
v -108.4540 65.7236 75.2960
v -111.9466 65.7236 75.9907
v -115.5000 65.7236 76.2236
v -119.0534 65.7236 75.9907
v -122.5460 65.7236 75.2960
v -125.9180 65.7236 74.1513
v -129.1118 65.7236 72.5763
v -132.0727 65.7236 70.5979
v -134.7500 65.7236 68.2500
v -137.0979 65.7236 65.5727
v -139.0763 65.7236 62.6118
v -140.6513 65.7236 59.4180
v -141.7960 65.7236 56.0460
v -142.4907 65.7236 52.5534
v -142.7236 65.7236 49.0000
v -142.4907 65.7236 45.4466
v -141.7960 65.7236 41.9540
v -140.6513 65.7236 38.5820
v -139.0763 65.7236 35.3882
v -137.0979 65.7236 32.4273
v -134.7500 65.7236 29.7500
v -132.0727 65.7236 27.4021
v -129.1118 65.7236 25.4237
v -125.9180 65.7236 23.8487
v -122.5460 65.7236 22.7040
v -119.0534 65.7236 22.0093
v -115.5000 65.7236 21.7764
v -111.9466 65.7236 22.0093
v -108.4540 65.7236 22.7040
v -105.0820 65.7236 23.8487
v -101.8882 65.7236 25.4237
v -98.9273 65.7236 27.4021
v -96.2500 65.7236 29.7500
v -93.9021 65.7236 32.4273
v -91.9237 65.7236 35.3882
v -90.3487 65.7236 38.5820
v -89.2040 65.7236 41.9540
v -88.5093 65.7236 45.4466
v -85.2172 61.9373 52.9868
v -84.9559 61.9373 49.0000
v -85.9967 61.9373 56.9054
v -87.2809 61.9373 60.6887
v -89.0480 61.9373 64.2721
v -91.2677 61.9373 67.5941
v -93.9021 61.9373 70.5979
v -96.9059 61.9373 73.2323
v -100.2279 61.9373 75.4520
v -103.8113 61.9373 77.2191
v -107.5946 61.9373 78.5033
v -111.5132 61.9373 79.2828
v -115.5000 61.9373 79.5441
v -119.4868 61.9373 79.2828
v -123.4054 61.9373 78.5033
v -127.1887 61.9373 77.2191
v -130.7721 61.9373 75.4520
v -134.0941 61.9373 73.2323
v -137.0979 61.9373 70.5979
v -139.7323 61.9373 67.5941
v -141.9520 61.9373 64.2721
v -143.7191 61.9373 60.6887
v -145.0033 61.9373 56.9054
v -145.7828 61.9373 52.9868
v -146.0441 61.9373 49.0000
v -145.7828 61.9373 45.0132
v -145.0033 61.9373 41.0946
v -143.7191 61.9373 37.3113
v -141.9520 61.9373 33.7279
v -139.7323 61.9373 30.4059
v -137.0979 61.9373 27.4021
v -134.0941 61.9373 24.7677
v -130.7721 61.9373 22.5480
v -127.1887 61.9373 20.7809
v -123.4054 61.9373 19.4967
v -119.4868 61.9373 18.7172
v -115.5000 61.9373 18.4559
v -111.5132 61.9373 18.7172
v -107.5946 61.9373 19.4967
v -103.8113 61.9373 20.7809
v -100.2279 61.9373 22.5480
v -96.9059 61.9373 24.7677
v -93.9021 61.9373 27.4021
v -91.2677 61.9373 30.4059
v -89.0480 61.9373 33.7279
v -87.2809 61.9373 37.3113
v -85.9967 61.9373 41.0946
v -85.2172 61.9373 45.0132
v -82.4433 57.7500 53.3520
v -82.1580 57.7500 49.0000
v -83.2941 57.7500 57.6295
v -84.6960 57.7500 61.7594
v -86.6250 57.7500 65.6710
v -89.0480 57.7500 69.2973
v -91.9237 57.7500 72.5763
v -95.2027 57.7500 75.4520
v -98.8290 57.7500 77.8750
v -102.7406 57.7500 79.8040
v -106.8705 57.7500 81.2059
v -111.1480 57.7500 82.0567
v -115.5000 57.7500 82.3420
v -119.8520 57.7500 82.0567
v -124.1295 57.7500 81.2059
v -128.2594 57.7500 79.8040
v -132.1710 57.7500 77.8750
v -135.7973 57.7500 75.4520
v -139.0763 57.7500 72.5763
v -141.9520 57.7500 69.2973
v -144.3750 57.7500 65.6710
v -146.3040 57.7500 61.7594
v -147.7059 57.7500 57.6295
v -148.5567 57.7500 53.3520
v -148.8420 57.7500 49.0000
v -148.5567 57.7500 44.6480
v -147.7059 57.7500 40.3705
v -146.3040 57.7500 36.2406
v -144.3750 57.7500 32.3290
v -141.9520 57.7500 28.7027
v -139.0763 57.7500 25.4237
v -135.7973 57.7500 22.5480
v -132.1710 57.7500 20.1250
v -128.2594 57.7500 18.1960
v -124.1295 57.7500 16.7941
v -119.8520 57.7500 15.9433
v -115.5000 57.7500 15.6580
v -111.1480 57.7500 15.9433
v -106.8705 57.7500 16.7941
v -102.7406 57.7500 18.1960
v -98.8290 57.7500 20.1250
v -95.2027 57.7500 22.5480
v -91.9237 57.7500 25.4237
v -89.0480 57.7500 28.7027
v -86.6250 57.7500 32.3290
v -84.6960 57.7500 36.2406
v -83.2941 57.7500 40.3705
v -82.4433 57.7500 44.6480
v -80.2349 53.2333 53.6427
v -79.9306 53.2333 49.0000
v -81.1426 53.2333 58.2060
v -82.6382 53.2333 62.6118
v -84.6960 53.2333 66.7847
v -87.2809 53.2333 70.6533
v -90.3487 53.2333 74.1513
v -93.8467 53.2333 77.2191
v -97.7153 53.2333 79.8040
v -101.8882 53.2333 81.8618
v -106.2940 53.2333 83.3574
v -110.8573 53.2333 84.2651
v -115.5000 53.2333 84.5694
v -120.1427 53.2333 84.2651
v -124.7060 53.2333 83.3574
v -129.1118 53.2333 81.8618
v -133.2847 53.2333 79.8040
v -137.1533 53.2333 77.2191
v -140.6513 53.2333 74.1513
v -143.7191 53.2333 70.6533
v -146.3040 53.2333 66.7847
v -148.3618 53.2333 62.6118
v -149.8574 53.2333 58.2060
v -150.7651 53.2333 53.6427
v -151.0694 53.2333 49.0000
v -150.7651 53.2333 44.3573
v -149.8574 53.2333 39.7940
v -148.3618 53.2333 35.3882
v -146.3040 53.2333 31.2153
v -143.7191 53.2333 27.3467
v -140.6513 53.2333 23.8487
v -137.1533 53.2333 20.7809
v -133.2847 53.2333 18.1960
v -129.1118 53.2333 16.1382
v -124.7060 53.2333 14.6426
v -120.1427 53.2333 13.7349
v -115.5000 53.2333 13.4306
v -110.8573 53.2333 13.7349
v -106.2940 53.2333 14.6426
v -101.8882 53.2333 16.1382
v -97.7153 53.2333 18.1960
v -93.8467 53.2333 20.7809
v -90.3487 53.2333 23.8487
v -87.2809 53.2333 27.3467
v -84.6960 53.2333 31.2153
v -82.6382 53.2333 35.3882
v -81.1426 53.2333 39.7940
v -80.2349 53.2333 44.3573
v -78.6300 48.4645 53.8540
v -78.3119 48.4645 49.0000
v -79.5790 48.4645 58.6250
v -81.1426 48.4645 63.2313
v -83.2941 48.4645 67.5941
v -85.9967 48.4645 71.6387
v -89.2040 48.4645 75.2960
v -92.8613 48.4645 78.5033
v -96.9059 48.4645 81.2059
v -101.2687 48.4645 83.3574
v -105.8750 48.4645 84.9210
v -110.6460 48.4645 85.8700
v -115.5000 48.4645 86.1881
v -120.3540 48.4645 85.8700
v -125.1250 48.4645 84.9210
v -129.7313 48.4645 83.3574
v -134.0941 48.4645 81.2059
v -138.1387 48.4645 78.5033
v -141.7960 48.4645 75.2960
v -145.0033 48.4645 71.6387
v -147.7059 48.4645 67.5941
v -149.8574 48.4645 63.2313
v -151.4210 48.4645 58.6250
v -152.3700 48.4645 53.8540
v -152.6881 48.4645 49.0000
v -152.3700 48.4645 44.1460
v -151.4210 48.4645 39.3750
v -149.8574 48.4645 34.7687
v -147.7059 48.4645 30.4059
v -145.0033 48.4645 26.3613
v -141.7960 48.4645 22.7040
v -138.1387 48.4645 19.4967
v -134.0941 48.4645 16.7941
v -129.7313 48.4645 14.6426
v -125.1250 48.4645 13.0790
v -120.3540 48.4645 12.1300
v -115.5000 48.4645 11.8119
v -110.6460 48.4645 12.1300
v -105.8750 48.4645 13.0790
v -101.2687 48.4645 14.6426
v -96.9059 48.4645 16.7941
v -92.8613 48.4645 19.4967
v -89.2040 48.4645 22.7040
v -85.9967 48.4645 26.3613
v -83.2941 48.4645 30.4059
v -81.1426 48.4645 34.7687
v -79.5790 48.4645 39.3750
v -78.6300 48.4645 44.1460
v -77.6559 43.5253 53.9823
v -77.3294 43.5253 49.0000
v -78.6300 43.5253 58.8793
v -80.2349 43.5253 63.6073
v -82.4433 43.5253 68.0853
v -85.2172 43.5253 72.2368
v -88.5093 43.5253 75.9907
v -92.2632 43.5253 79.2828
v -96.4147 43.5253 82.0567
v -100.8927 43.5253 84.2651
v -105.6207 43.5253 85.8700
v -110.5177 43.5253 86.8441
v -115.5000 43.5253 87.1706
v -120.4823 43.5253 86.8441
v -125.3793 43.5253 85.8700
v -130.1073 43.5253 84.2651
v -134.5853 43.5253 82.0567
v -138.7368 43.5253 79.2828
v -142.4907 43.5253 75.9907
v -145.7828 43.5253 72.2368
v -148.5567 43.5253 68.0853
v -150.7651 43.5253 63.6073
v -152.3700 43.5253 58.8793
v -153.3441 43.5253 53.9823
v -153.6706 43.5253 49.0000
v -153.3441 43.5253 44.0177
v -152.3700 43.5253 39.1207
v -150.7651 43.5253 34.3927
v -148.5567 43.5253 29.9147
v -145.7828 43.5253 25.7632
v -142.4907 43.5253 22.0093
v -138.7368 43.5253 18.7172
v -134.5853 43.5253 15.9433
v -130.1073 43.5253 13.7349
v -125.3793 43.5253 12.1300
v -120.4823 43.5253 11.1559
v -115.5000 43.5253 10.8294
v -110.5177 43.5253 11.1559
v -105.6207 43.5253 12.1300
v -100.8927 43.5253 13.7349
v -96.4147 43.5253 15.9433
v -92.2632 43.5253 18.7172
v -88.5093 43.5253 22.0093
v -85.2172 43.5253 25.7632
v -82.4433 43.5253 29.9147
v -80.2349 43.5253 34.3927
v -78.6300 43.5253 39.1207
v -77.6559 43.5253 44.0177
v -77.3294 38.5000 54.0253
v -77.0000 38.5000 49.0000
v -78.3119 38.5000 58.9645
v -79.9306 38.5000 63.7333
v -82.1580 38.5000 68.2500
v -84.9559 38.5000 72.4373
v -88.2764 38.5000 76.2236
v -92.0627 38.5000 79.5441
v -96.2500 38.5000 82.3420
v -100.7667 38.5000 84.5694
v -105.5355 38.5000 86.1881
v -110.4747 38.5000 87.1706
v -115.5000 38.5000 87.5000
v -120.5253 38.5000 87.1706
v -125.4645 38.5000 86.1881
v -130.2333 38.5000 84.5694
v -134.7500 38.5000 82.3420
v -138.9373 38.5000 79.5441
v -142.7236 38.5000 76.2236
v -146.0441 38.5000 72.4373
v -148.8420 38.5000 68.2500
v -151.0694 38.5000 63.7333
v -152.6881 38.5000 58.9645
v -153.6706 38.5000 54.0253
v -154.0000 38.5000 49.0000
v -153.6706 38.5000 43.9747
v -152.6881 38.5000 39.0355
v -151.0694 38.5000 34.2667
v -148.8420 38.5000 29.7500
v -146.0441 38.5000 25.5627
v -142.7236 38.5000 21.7764
v -138.9373 38.5000 18.4559
v -134.7500 38.5000 15.6580
v -130.2333 38.5000 13.4306
v -125.4645 38.5000 11.8119
v -120.5253 38.5000 10.8294
v -115.5000 38.5000 10.5000
v -110.4747 38.5000 10.8294
v -105.5355 38.5000 11.8119
v -100.7667 38.5000 13.4306
v -96.2500 38.5000 15.6580
v -92.0627 38.5000 18.4559
v -88.2764 38.5000 21.7764
v -84.9559 38.5000 25.5627
v -82.1580 38.5000 29.7500
v -79.9306 38.5000 34.2667
v -78.3119 38.5000 39.0355
v -77.3294 38.5000 43.9747
v -77.6559 33.4747 53.9823
v -77.3294 33.4747 49.0000
v -78.6300 33.4747 58.8793
v -80.2349 33.4747 63.6073
v -82.4433 33.4747 68.0853
v -85.2172 33.4747 72.2368
v -88.5093 33.4747 75.9907
v -92.2632 33.4747 79.2828
v -96.4147 33.4747 82.0567
v -100.8927 33.4747 84.2651
v -105.6207 33.4747 85.8700
v -110.5177 33.4747 86.8441
v -115.5000 33.4747 87.1706
v -120.4823 33.4747 86.8441
v -125.3793 33.4747 85.8700
v -130.1073 33.4747 84.2651
v -134.5853 33.4747 82.0567
v -138.7368 33.4747 79.2828
v -142.4907 33.4747 75.9907
v -145.7828 33.4747 72.2368
v -148.5567 33.4747 68.0853
v -150.7651 33.4747 63.6073
v -152.3700 33.4747 58.8793
v -153.3441 33.4747 53.9823
v -153.6706 33.4747 49.0000
v -153.3441 33.4747 44.0177
v -152.3700 33.4747 39.1207
v -150.7651 33.4747 34.3927
v -148.5567 33.4747 29.9147
v -145.7828 33.4747 25.7632
v -142.4907 33.4747 22.0093
v -138.7368 33.4747 18.7172
v -134.5853 33.4747 15.9433
v -130.1073 33.4747 13.7349
v -125.3793 33.4747 12.1300
v -120.4823 33.4747 11.1559
v -115.5000 33.4747 10.8294
v -110.5177 33.4747 11.1559
v -105.6207 33.4747 12.1300
v -100.8927 33.4747 13.7349
v -96.4147 33.4747 15.9433
v -92.2632 33.4747 18.7172
v -88.5093 33.4747 22.0093
v -85.2172 33.4747 25.7632
v -82.4433 33.4747 29.9147
v -80.2349 33.4747 34.3927
v -78.6300 33.4747 39.1207
v -77.6559 33.4747 44.0177
v -78.6300 28.5355 53.8540
v -78.3119 28.5355 49.0000
v -79.5790 28.5355 58.6250
v -81.1426 28.5355 63.2313
v -83.2941 28.5355 67.5941
v -85.9967 28.5355 71.6387
v -89.2040 28.5355 75.2960
v -92.8613 28.5355 78.5033
v -96.9059 28.5355 81.2059
v -101.2687 28.5355 83.3574
v -105.8750 28.5355 84.9210
v -110.6460 28.5355 85.8700
v -115.5000 28.5355 86.1881
v -120.3540 28.5355 85.8700
v -125.1250 28.5355 84.9210
v -129.7313 28.5355 83.3574
v -134.0941 28.5355 81.2059
v -138.1387 28.5355 78.5033
v -141.7960 28.5355 75.2960
v -145.0033 28.5355 71.6387
v -147.7059 28.5355 67.5941
v -149.8574 28.5355 63.2313
v -151.4210 28.5355 58.6250
v -152.3700 28.5355 53.8540
v -152.6881 28.5355 49.0000
v -152.3700 28.5355 44.1460
v -151.4210 28.5355 39.3750
v -149.8574 28.5355 34.7687
v -147.7059 28.5355 30.4059
v -145.0033 28.5355 26.3613
v -141.7960 28.5355 22.7040
v -138.1387 28.5355 19.4967
v -134.0941 28.5355 16.7941
v -129.7313 28.5355 14.6426
v -125.1250 28.5355 13.0790
v -120.3540 28.5355 12.1300
v -115.5000 28.5355 11.8119
v -110.6460 28.5355 12.1300
v -105.8750 28.5355 13.0790
v -101.2687 28.5355 14.6426
v -96.9059 28.5355 16.7941
v -92.8613 28.5355 19.4967
v -89.2040 28.5355 22.7040
v -85.9967 28.5355 26.3613
v -83.2941 28.5355 30.4059
v -81.1426 28.5355 34.7687
v -79.5790 28.5355 39.3750
v -78.6300 28.5355 44.1460
v -80.2349 23.7667 53.6427
v -79.9306 23.7667 49.0000
v -81.1426 23.7667 58.2060
v -82.6382 23.7667 62.6118
v -84.6960 23.7667 66.7847
v -87.2809 23.7667 70.6533
v -90.3487 23.7667 74.1513
v -93.8467 23.7667 77.2191
v -97.7153 23.7667 79.8040
v -101.8882 23.7667 81.8618
v -106.2940 23.7667 83.3574
v -110.8573 23.7667 84.2651
v -115.5000 23.7667 84.5694
v -120.1427 23.7667 84.2651
v -124.7060 23.7667 83.3574
v -129.1118 23.7667 81.8618
v -133.2847 23.7667 79.8040
v -137.1533 23.7667 77.2191
v -140.6513 23.7667 74.1513
v -143.7191 23.7667 70.6533
v -146.3040 23.7667 66.7847
v -148.3618 23.7667 62.6118
v -149.8574 23.7667 58.2060
v -150.7651 23.7667 53.6427
v -151.0694 23.7667 49.0000
v -150.7651 23.7667 44.3573
v -149.8574 23.7667 39.7940
v -148.3618 23.7667 35.3882
v -146.3040 23.7667 31.2153
v -143.7191 23.7667 27.3467
v -140.6513 23.7667 23.8487
v -137.1533 23.7667 20.7809
v -133.2847 23.7667 18.1960
v -129.1118 23.7667 16.1382
v -124.7060 23.7667 14.6426
v -120.1427 23.7667 13.7349
v -115.5000 23.7667 13.4306
v -110.8573 23.7667 13.7349
v -106.2940 23.7667 14.6426
v -101.8882 23.7667 16.1382
v -97.7153 23.7667 18.1960
v -93.8467 23.7667 20.7809
v -90.3487 23.7667 23.8487
v -87.2809 23.7667 27.3467
v -84.6960 23.7667 31.2153
v -82.6382 23.7667 35.3882
v -81.1426 23.7667 39.7940
v -80.2349 23.7667 44.3573
v -82.4433 19.2500 53.3520
v -82.1580 19.2500 49.0000
v -83.2941 19.2500 57.6295
v -84.6960 19.2500 61.7594
v -86.6250 19.2500 65.6710
v -89.0480 19.2500 69.2973
v -91.9237 19.2500 72.5763
v -95.2027 19.2500 75.4520
v -98.8290 19.2500 77.8750
v -102.7406 19.2500 79.8040
v -106.8705 19.2500 81.2059
v -111.1480 19.2500 82.0567
v -115.5000 19.2500 82.3420
v -119.8520 19.2500 82.0567
v -124.1295 19.2500 81.2059
v -128.2594 19.2500 79.8040
v -132.1710 19.2500 77.8750
v -135.7973 19.2500 75.4520
v -139.0763 19.2500 72.5763
v -141.9520 19.2500 69.2973
v -144.3750 19.2500 65.6710
v -146.3040 19.2500 61.7594
v -147.7059 19.2500 57.6295
v -148.5567 19.2500 53.3520
v -148.8420 19.2500 49.0000
v -148.5567 19.2500 44.6480
v -147.7059 19.2500 40.3705
v -146.3040 19.2500 36.2406
v -144.3750 19.2500 32.3290
v -141.9520 19.2500 28.7027
v -139.0763 19.2500 25.4237
v -135.7973 19.2500 22.5480
v -132.1710 19.2500 20.1250
v -128.2594 19.2500 18.1960
v -124.1295 19.2500 16.7941
v -119.8520 19.2500 15.9433
v -115.5000 19.2500 15.6580
v -111.1480 19.2500 15.9433
v -106.8705 19.2500 16.7941
v -102.7406 19.2500 18.1960
v -98.8290 19.2500 20.1250
v -95.2027 19.2500 22.5480
v -91.9237 19.2500 25.4237
v -89.0480 19.2500 28.7027
v -86.6250 19.2500 32.3290
v -84.6960 19.2500 36.2406
v -83.2941 19.2500 40.3705
v -82.4433 19.2500 44.6480
v -85.2172 15.0627 52.9868
v -84.9559 15.0627 49.0000
v -85.9967 15.0627 56.9054
v -87.2809 15.0627 60.6887
v -89.0480 15.0627 64.2721
v -91.2677 15.0627 67.5941
v -93.9021 15.0627 70.5979
v -96.9059 15.0627 73.2323
v -100.2279 15.0627 75.4520
v -103.8113 15.0627 77.2191
v -107.5946 15.0627 78.5033
v -111.5132 15.0627 79.2828
v -115.5000 15.0627 79.5441
v -119.4868 15.0627 79.2828
v -123.4054 15.0627 78.5033
v -127.1887 15.0627 77.2191
v -130.7721 15.0627 75.4520
v -134.0941 15.0627 73.2323
v -137.0979 15.0627 70.5979
v -139.7323 15.0627 67.5941
v -141.9520 15.0627 64.2721
v -143.7191 15.0627 60.6887
v -145.0033 15.0627 56.9054
v -145.7828 15.0627 52.9868
v -146.0441 15.0627 49.0000
v -145.7828 15.0627 45.0132
v -145.0033 15.0627 41.0946
v -143.7191 15.0627 37.3113
v -141.9520 15.0627 33.7279
v -139.7323 15.0627 30.4059
v -137.0979 15.0627 27.4021
v -134.0941 15.0627 24.7677
v -130.7721 15.0627 22.5480
v -127.1887 15.0627 20.7809
v -123.4054 15.0627 19.4967
v -119.4868 15.0627 18.7172
v -115.5000 15.0627 18.4559
v -111.5132 15.0627 18.7172
v -107.5946 15.0627 19.4967
v -103.8113 15.0627 20.7809
v -100.2279 15.0627 22.5480
v -96.9059 15.0627 24.7677
v -93.9021 15.0627 27.4021
v -91.2677 15.0627 30.4059
v -89.0480 15.0627 33.7279
v -87.2809 15.0627 37.3113
v -85.9967 15.0627 41.0946
v -85.2172 15.0627 45.0132
v -88.5093 11.2764 52.5534
v -88.2764 11.2764 49.0000
v -89.2040 11.2764 56.0460
v -90.3487 11.2764 59.4180
v -91.9237 11.2764 62.6118
v -93.9021 11.2764 65.5727
v -96.2500 11.2764 68.2500
v -98.9273 11.2764 70.5979
v -101.8882 11.2764 72.5763
v -105.0820 11.2764 74.1513
v -108.4540 11.2764 75.2960
v -111.9466 11.2764 75.9907
v -115.5000 11.2764 76.2236
v -119.0534 11.2764 75.9907
v -122.5460 11.2764 75.2960
v -125.9180 11.2764 74.1513
v -129.1118 11.2764 72.5763
v -132.0727 11.2764 70.5979
v -134.7500 11.2764 68.2500
v -137.0979 11.2764 65.5727
v -139.0763 11.2764 62.6118
v -140.6513 11.2764 59.4180
v -141.7960 11.2764 56.0460
v -142.4907 11.2764 52.5534
v -142.7236 11.2764 49.0000
v -142.4907 11.2764 45.4466
v -141.7960 11.2764 41.9540
v -140.6513 11.2764 38.5820
v -139.0763 11.2764 35.3882
v -137.0979 11.2764 32.4273
v -134.7500 11.2764 29.7500
v -132.0727 11.2764 27.4021
v -129.1118 11.2764 25.4237
v -125.9180 11.2764 23.8487
v -122.5460 11.2764 22.7040
v -119.0534 11.2764 22.0093
v -115.5000 11.2764 21.7764
v -111.9466 11.2764 22.0093
v -108.4540 11.2764 22.7040
v -105.0820 11.2764 23.8487
v -101.8882 11.2764 25.4237
v -98.9273 11.2764 27.4021
v -96.2500 11.2764 29.7500
v -93.9021 11.2764 32.4273
v -91.9237 11.2764 35.3882
v -90.3487 11.2764 38.5820
v -89.2040 11.2764 41.9540
v -88.5093 11.2764 45.4466
v -92.2632 7.9559 52.0592
v -92.0627 7.9559 49.0000
v -92.8613 7.9559 55.0660
v -93.8467 7.9559 57.9691
v -95.2027 7.9559 60.7187
v -96.9059 7.9559 63.2677
v -98.9273 7.9559 65.5727
v -101.2323 7.9559 67.5941
v -103.7813 7.9559 69.2973
v -106.5309 7.9559 70.6533
v -109.4340 7.9559 71.6387
v -112.4408 7.9559 72.2368
v -115.5000 7.9559 72.4373
v -118.5592 7.9559 72.2368
v -121.5660 7.9559 71.6387
v -124.4691 7.9559 70.6533
v -127.2187 7.9559 69.2973
v -129.7677 7.9559 67.5941
v -132.0727 7.9559 65.5727
v -134.0941 7.9559 63.2677
v -135.7973 7.9559 60.7187
v -137.1533 7.9559 57.9691
v -138.1387 7.9559 55.0660
v -138.7368 7.9559 52.0592
v -138.9373 7.9559 49.0000
v -138.7368 7.9559 45.9408
v -138.1387 7.9559 42.9340
v -137.1533 7.9559 40.0309
v -135.7973 7.9559 37.2813
v -134.0941 7.9559 34.7323
v -132.0727 7.9559 32.4273
v -129.7677 7.9559 30.4059
v -127.2187 7.9559 28.7027
v -124.4691 7.9559 27.3467
v -121.5660 7.9559 26.3613
v -118.5592 7.9559 25.7632
v -115.5000 7.9559 25.5627
v -112.4408 7.9559 25.7632
v -109.4340 7.9559 26.3613
v -106.5309 7.9559 27.3467
v -103.7813 7.9559 28.7027
v -101.2323 7.9559 30.4059
v -98.9273 7.9559 32.4273
v -96.9059 7.9559 34.7323
v -95.2027 7.9559 37.2813
v -93.8467 7.9559 40.0309
v -92.8613 7.9559 42.9340
v -92.2632 7.9559 45.9408
v -96.4147 5.1580 51.5126
v -96.2500 5.1580 49.0000
v -96.9059 5.1580 53.9823
v -97.7153 5.1580 56.3667
v -98.8290 5.1580 58.6250
v -100.2279 5.1580 60.7187
v -101.8882 5.1580 62.6118
v -103.7813 5.1580 64.2721
v -105.8750 5.1580 65.6710
v -108.1333 5.1580 66.7847
v -110.5177 5.1580 67.5941
v -112.9874 5.1580 68.0853
v -115.5000 5.1580 68.2500
v -118.0126 5.1580 68.0853
v -120.4823 5.1580 67.5941
v -122.8667 5.1580 66.7847
v -125.1250 5.1580 65.6710
v -127.2187 5.1580 64.2721
v -129.1118 5.1580 62.6118
v -130.7721 5.1580 60.7187
v -132.1710 5.1580 58.6250
v -133.2847 5.1580 56.3667
v -134.0941 5.1580 53.9823
v -134.5853 5.1580 51.5126
v -134.7500 5.1580 49.0000
v -134.5853 5.1580 46.4874
v -134.0941 5.1580 44.0177
v -133.2847 5.1580 41.6333
v -132.1710 5.1580 39.3750
v -130.7721 5.1580 37.2813
v -129.1118 5.1580 35.3882
v -127.2187 5.1580 33.7279
v -125.1250 5.1580 32.3290
v -122.8667 5.1580 31.2153
v -120.4823 5.1580 30.4059
v -118.0126 5.1580 29.9147
v -115.5000 5.1580 29.7500
v -112.9874 5.1580 29.9147
v -110.5177 5.1580 30.4059
v -108.1333 5.1580 31.2153
v -105.8750 5.1580 32.3290
v -103.7813 5.1580 33.7279
v -101.8882 5.1580 35.3882
v -100.2279 5.1580 37.2813
v -98.8290 5.1580 39.3750
v -97.7153 5.1580 41.6333
v -96.9059 5.1580 44.0177
v -96.4147 5.1580 46.4874
v -100.8927 2.9306 50.9231
v -100.7667 2.9306 49.0000
v -101.2687 2.9306 52.8133
v -101.8882 2.9306 54.6382
v -102.7406 2.9306 56.3667
v -103.8113 2.9306 57.9691
v -105.0820 2.9306 59.4180
v -106.5309 2.9306 60.6887
v -108.1333 2.9306 61.7594
v -109.8618 2.9306 62.6118
v -111.6867 2.9306 63.2313
v -113.5769 2.9306 63.6073
v -115.5000 2.9306 63.7333
v -117.4231 2.9306 63.6073
v -119.3133 2.9306 63.2313
v -121.1382 2.9306 62.6118
v -122.8667 2.9306 61.7594
v -124.4691 2.9306 60.6887
v -125.9180 2.9306 59.4180
v -127.1887 2.9306 57.9691
v -128.2594 2.9306 56.3667
v -129.1118 2.9306 54.6382
v -129.7313 2.9306 52.8133
v -130.1073 2.9306 50.9231
v -130.2333 2.9306 49.0000
v -130.1073 2.9306 47.0769
v -129.7313 2.9306 45.1867
v -129.1118 2.9306 43.3618
v -128.2594 2.9306 41.6333
v -127.1887 2.9306 40.0309
v -125.9180 2.9306 38.5820
v -124.4691 2.9306 37.3113
v -122.8667 2.9306 36.2406
v -121.1382 2.9306 35.3882
v -119.3133 2.9306 34.7687
v -117.4231 2.9306 34.3927
v -115.5000 2.9306 34.2667
v -113.5769 2.9306 34.3927
v -111.6867 2.9306 34.7687
v -109.8618 2.9306 35.3882
v -108.1333 2.9306 36.2406
v -106.5309 2.9306 37.3113
v -105.0820 2.9306 38.5820
v -103.8113 2.9306 40.0309
v -102.7406 2.9306 41.6333
v -101.8882 2.9306 43.3618
v -101.2687 2.9306 45.1867
v -100.8927 2.9306 47.0769
v -105.6207 1.3119 50.3006
v -105.5355 1.3119 49.0000
v -105.8750 1.3119 51.5790
v -106.2940 1.3119 52.8133
v -106.8705 1.3119 53.9823
v -107.5946 1.3119 55.0660
v -108.4540 1.3119 56.0460
v -109.4340 1.3119 56.9054
v -110.5177 1.3119 57.6295
v -111.6867 1.3119 58.2060
v -112.9210 1.3119 58.6250
v -114.1994 1.3119 58.8793
v -115.5000 1.3119 58.9645
v -116.8006 1.3119 58.8793
v -118.0790 1.3119 58.6250
v -119.3133 1.3119 58.2060
v -120.4823 1.3119 57.6295
v -121.5660 1.3119 56.9054
v -122.5460 1.3119 56.0460
v -123.4054 1.3119 55.0660
v -124.1295 1.3119 53.9823
v -124.7060 1.3119 52.8133
v -125.1250 1.3119 51.5790
v -125.3793 1.3119 50.3006
v -125.4645 1.3119 49.0000
v -125.3793 1.3119 47.6994
v -125.1250 1.3119 46.4210
v -124.7060 1.3119 45.1867
v -124.1295 1.3119 44.0177
v -123.4054 1.3119 42.9340
v -122.5460 1.3119 41.9540
v -121.5660 1.3119 41.0946
v -120.4823 1.3119 40.3705
v -119.3133 1.3119 39.7940
v -118.0790 1.3119 39.3750
v -116.8006 1.3119 39.1207
v -115.5000 1.3119 39.0355
v -114.1994 1.3119 39.1207
v -112.9210 1.3119 39.3750
v -111.6867 1.3119 39.7940
v -110.5177 1.3119 40.3705
v -109.4340 1.3119 41.0946
v -108.4540 1.3119 41.9540
v -107.5946 1.3119 42.9340
v -106.8705 1.3119 44.0177
v -106.2940 1.3119 45.1867
v -105.8750 1.3119 46.4210
v -105.6207 1.3119 47.6994
v -110.5177 0.3294 49.6559
v -110.4747 0.3294 49.0000
v -110.6460 0.3294 50.3006
v -110.8573 0.3294 50.9231
v -111.1480 0.3294 51.5126
v -111.5132 0.3294 52.0592
v -111.9466 0.3294 52.5534
v -112.4408 0.3294 52.9868
v -112.9874 0.3294 53.3520
v -113.5769 0.3294 53.6427
v -114.1994 0.3294 53.8540
v -114.8441 0.3294 53.9823
v -115.5000 0.3294 54.0253
v -116.1559 0.3294 53.9823
v -116.8006 0.3294 53.8540
v -117.4231 0.3294 53.6427
v -118.0126 0.3294 53.3520
v -118.5592 0.3294 52.9868
v -119.0534 0.3294 52.5534
v -119.4868 0.3294 52.0592
v -119.8520 0.3294 51.5126
v -120.1427 0.3294 50.9231
v -120.3540 0.3294 50.3006
v -120.4823 0.3294 49.6559
v -120.5253 0.3294 49.0000
v -120.4823 0.3294 48.3441
v -120.3540 0.3294 47.6994
v -120.1427 0.3294 47.0769
v -119.8520 0.3294 46.4874
v -119.4868 0.3294 45.9408
v -119.0534 0.3294 45.4466
v -118.5592 0.3294 45.0132
v -118.0126 0.3294 44.6480
v -117.4231 0.3294 44.3573
v -116.8006 0.3294 44.1460
v -116.1559 0.3294 44.0177
v -115.5000 0.3294 43.9747
v -114.8441 0.3294 44.0177
v -114.1994 0.3294 44.1460
v -113.5769 0.3294 44.3573
v -112.9874 0.3294 44.6480
v -112.4408 0.3294 45.0132
v -111.9466 0.3294 45.4466
v -111.5132 0.3294 45.9408
v -111.1480 0.3294 46.4874
v -110.8573 0.3294 47.0769
v -110.6460 0.3294 47.6994
v -110.5177 0.3294 48.3441
v -115.5000 0.0000 49.0000
v -252.0000 108.5000 182.0000
v -244.9795 108.0359 182.9243
v -244.9190 108.0359 182.0000
v -245.1602 108.0359 183.8327
v -245.4580 108.0359 184.7098
v -245.8676 108.0359 185.5405
v -246.3822 108.0359 186.3107
v -246.9929 108.0359 187.0071
v -247.6893 108.0359 187.6178
v -248.4595 108.0359 188.1324
v -249.2902 108.0359 188.5420
v -250.1673 108.0359 188.8398
v -251.0757 108.0359 189.0205
v -252.0000 108.0359 189.0810
v -252.9243 108.0359 189.0205
v -253.8327 108.0359 188.8398
v -254.7098 108.0359 188.5420
v -255.5405 108.0359 188.1324
v -256.3107 108.0359 187.6178
v -257.0071 108.0359 187.0071
v -257.6178 108.0359 186.3107
v -258.1324 108.0359 185.5405
v -258.5420 108.0359 184.7098
v -258.8398 108.0359 183.8327
v -259.0205 108.0359 182.9243
v -259.0810 108.0359 182.0000
v -259.0205 108.0359 181.0757
v -258.8398 108.0359 180.1673
v -258.5420 108.0359 179.2902
v -258.1324 108.0359 178.4595
v -257.6178 108.0359 177.6893
v -257.0071 108.0359 176.9929
v -256.3107 108.0359 176.3822
v -255.5405 108.0359 175.8676
v -254.7098 108.0359 175.4580
v -253.8327 108.0359 175.1602
v -252.9243 108.0359 174.9795
v -252.0000 108.0359 174.9190
v -251.0757 108.0359 174.9795
v -250.1673 108.0359 175.1602
v -249.2902 108.0359 175.4580
v -248.4595 108.0359 175.8676
v -247.6893 108.0359 176.3822
v -246.9929 108.0359 176.9929
v -246.3822 108.0359 177.6893
v -245.8676 108.0359 178.4595
v -245.4580 108.0359 179.2902
v -245.1602 108.0359 180.1673
v -244.9795 108.0359 181.0757
v -238.0792 106.6515 183.8327
v -237.9591 106.6515 182.0000
v -238.4375 106.6515 185.6341
v -239.0279 106.6515 187.3732
v -239.8402 106.6515 189.0205
v -240.8606 106.6515 190.5476
v -242.0716 106.6515 191.9284
v -243.4524 106.6515 193.1394
v -244.9795 106.6515 194.1598
v -246.6268 106.6515 194.9721
v -248.3659 106.6515 195.5625
v -250.1673 106.6515 195.9208
v -252.0000 106.6515 196.0409
v -253.8327 106.6515 195.9208
v -255.6341 106.6515 195.5625
v -257.3732 106.6515 194.9721
v -259.0205 106.6515 194.1598
v -260.5476 106.6515 193.1394
v -261.9284 106.6515 191.9284
v -263.1394 106.6515 190.5476
v -264.1598 106.6515 189.0205
v -264.9721 106.6515 187.3732
v -265.5625 106.6515 185.6341
v -265.9208 106.6515 183.8327
v -266.0409 106.6515 182.0000
v -265.9208 106.6515 180.1673
v -265.5625 106.6515 178.3659
v -264.9721 106.6515 176.6268
v -264.1598 106.6515 174.9795
v -263.1394 106.6515 173.4524
v -261.9284 106.6515 172.0716
v -260.5476 106.6515 170.8606
v -259.0205 106.6515 169.8402
v -257.3732 106.6515 169.0279
v -255.6341 106.6515 168.4375
v -253.8327 106.6515 168.0792
v -252.0000 106.6515 167.9591
v -250.1673 106.6515 168.0792
v -248.3659 106.6515 168.4375
v -246.6268 106.6515 169.0279
v -244.9795 106.6515 169.8402
v -243.4524 106.6515 170.8606
v -242.0716 106.6515 172.0716
v -240.8606 106.6515 173.4524
v -239.8402 106.6515 174.9795
v -239.0279 106.6515 176.6268
v -238.4375 106.6515 178.3659
v -238.0792 106.6515 180.1673
v -231.4170 104.3705 184.7098
v -231.2394 104.3705 182.0000
v -231.9468 104.3705 187.3732
v -232.8197 104.3705 189.9447
v -234.0208 104.3705 192.3803
v -235.5295 104.3705 194.6382
v -237.3201 104.3705 196.6799
v -239.3618 104.3705 198.4705
v -241.6197 104.3705 199.9792
v -244.0553 104.3705 201.1803
v -246.6268 104.3705 202.0532
v -249.2902 104.3705 202.5830
v -252.0000 104.3705 202.7606
v -254.7098 104.3705 202.5830
v -257.3732 104.3705 202.0532
v -259.9447 104.3705 201.1803
v -262.3803 104.3705 199.9792
v -264.6382 104.3705 198.4705
v -266.6799 104.3705 196.6799
v -268.4705 104.3705 194.6382
v -269.9792 104.3705 192.3803
v -271.1803 104.3705 189.9447
v -272.0532 104.3705 187.3732
v -272.5830 104.3705 184.7098
v -272.7606 104.3705 182.0000
v -272.5830 104.3705 179.2902
v -272.0532 104.3705 176.6268
v -271.1803 104.3705 174.0553
v -269.9792 104.3705 171.6197
v -268.4705 104.3705 169.3618
v -266.6799 104.3705 167.3201
v -264.6382 104.3705 165.5295
v -262.3803 104.3705 164.0208
v -259.9447 104.3705 162.8197
v -257.3732 104.3705 161.9468
v -254.7098 104.3705 161.4170
v -252.0000 104.3705 161.2394
v -249.2902 104.3705 161.4170
v -246.6268 104.3705 161.9468
v -244.0553 104.3705 162.8197
v -241.6197 104.3705 164.0208
v -239.3618 104.3705 165.5295
v -237.3201 104.3705 167.3201
v -235.5295 104.3705 169.3618
v -234.0208 104.3705 171.6197
v -232.8197 104.3705 174.0553
v -231.9468 104.3705 176.6268
v -231.4170 104.3705 179.2902
v -225.1071 101.2319 185.5405
v -224.8750 101.2319 182.0000
v -225.7993 101.2319 189.0205
v -226.9398 101.2319 192.3803
v -228.5091 101.2319 195.5625
v -230.4803 101.2319 198.5127
v -232.8197 101.2319 201.1803
v -235.4873 101.2319 203.5197
v -238.4375 101.2319 205.4909
v -241.6197 101.2319 207.0602
v -244.9795 101.2319 208.2007
v -248.4595 101.2319 208.8929
v -252.0000 101.2319 209.1250
v -255.5405 101.2319 208.8929
v -259.0205 101.2319 208.2007
v -262.3803 101.2319 207.0602
v -265.5625 101.2319 205.4909
v -268.5127 101.2319 203.5197
v -271.1803 101.2319 201.1803
v -273.5197 101.2319 198.5127
v -275.4909 101.2319 195.5625
v -277.0602 101.2319 192.3803
v -278.2007 101.2319 189.0205
v -278.8929 101.2319 185.5405
v -279.1250 101.2319 182.0000
v -278.8929 101.2319 178.4595
v -278.2007 101.2319 174.9795
v -277.0602 101.2319 171.6197
v -275.4909 101.2319 168.4375
v -273.5197 101.2319 165.4873
v -271.1803 101.2319 162.8197
v -268.5127 101.2319 160.4803
v -265.5625 101.2319 158.5091
v -262.3803 101.2319 156.9398
v -259.0205 101.2319 155.7993
v -255.5405 101.2319 155.1071
v -252.0000 101.2319 154.8750
v -248.4595 101.2319 155.1071
v -244.9795 101.2319 155.7993
v -241.6197 101.2319 156.9398
v -238.4375 101.2319 158.5091
v -235.4873 101.2319 160.4803
v -232.8197 101.2319 162.8197
v -230.4803 101.2319 165.4873
v -228.5091 101.2319 168.4375
v -226.9398 101.2319 171.6197
v -225.7993 101.2319 174.9795
v -225.1071 101.2319 178.4595
v -219.2572 97.2894 186.3107
v -218.9747 97.2894 182.0000
v -220.1000 97.2894 190.5476
v -221.4886 97.2894 194.6382
v -223.3992 97.2894 198.5127
v -225.7993 97.2894 202.1045
v -228.6476 97.2894 205.3524
v -231.8955 97.2894 208.2007
v -235.4873 97.2894 210.6008
v -239.3618 97.2894 212.5114
v -243.4524 97.2894 213.9000
v -247.6893 97.2894 214.7428
v -252.0000 97.2894 215.0253
v -256.3107 97.2894 214.7428
v -260.5476 97.2894 213.9000
v -264.6382 97.2894 212.5114
v -268.5127 97.2894 210.6008
v -272.1045 97.2894 208.2007
v -275.3524 97.2894 205.3524
v -278.2007 97.2894 202.1045
v -280.6008 97.2894 198.5127
v -282.5114 97.2894 194.6382
v -283.9000 97.2894 190.5476
v -284.7428 97.2894 186.3107
v -285.0253 97.2894 182.0000
v -284.7428 97.2894 177.6893
v -283.9000 97.2894 173.4524
v -282.5114 97.2894 169.3618
v -280.6008 97.2894 165.4873
v -278.2007 97.2894 161.8955
v -275.3524 97.2894 158.6476
v -272.1045 97.2894 155.7993
v -268.5127 97.2894 153.3992
v -264.6382 97.2894 151.4886
v -260.5476 97.2894 150.1000
v -256.3107 97.2894 149.2572
v -252.0000 97.2894 148.9747
v -247.6893 97.2894 149.2572
v -243.4524 97.2894 150.1000
v -239.3618 97.2894 151.4886
v -235.4873 97.2894 153.3992
v -231.8955 97.2894 155.7993
v -228.6476 97.2894 158.6476
v -225.7993 97.2894 161.8955
v -223.3992 97.2894 165.4873
v -221.4886 97.2894 169.3618
v -220.1000 97.2894 173.4524
v -219.2572 97.2894 177.6893
v -213.9676 92.6105 187.0071
v -213.6395 92.6105 182.0000
v -214.9466 92.6105 191.9284
v -216.5595 92.6105 196.6799
v -218.7788 92.6105 201.1803
v -221.5665 92.6105 205.3524
v -224.8750 92.6105 209.1250
v -228.6476 92.6105 212.4335
v -232.8197 92.6105 215.2212
v -237.3201 92.6105 217.4405
v -242.0716 92.6105 219.0534
v -246.9929 92.6105 220.0324
v -252.0000 92.6105 220.3605
v -257.0071 92.6105 220.0324
v -261.9284 92.6105 219.0534
v -266.6799 92.6105 217.4405
v -271.1803 92.6105 215.2212
v -275.3524 92.6105 212.4335
v -279.1250 92.6105 209.1250
v -282.4335 92.6105 205.3524
v -285.2212 92.6105 201.1803
v -287.4405 92.6105 196.6799
v -289.0534 92.6105 191.9284
v -290.0324 92.6105 187.0071
v -290.3605 92.6105 182.0000
v -290.0324 92.6105 176.9929
v -289.0534 92.6105 172.0716
v -287.4405 92.6105 167.3201
v -285.2212 92.6105 162.8197
v -282.4335 92.6105 158.6476
v -279.1250 92.6105 154.8750
v -275.3524 92.6105 151.5665
v -271.1803 92.6105 148.7788
v -266.6799 92.6105 146.5595
v -261.9284 92.6105 144.9466
v -257.0071 92.6105 143.9676
v -252.0000 92.6105 143.6395
v -246.9929 92.6105 143.9676
v -242.0716 92.6105 144.9466
v -237.3201 92.6105 146.5595
v -232.8197 92.6105 148.7788
v -228.6476 92.6105 151.5665
v -224.8750 92.6105 154.8750
v -221.5665 92.6105 158.6476
v -218.7788 92.6105 162.8197
v -216.5595 92.6105 167.3201
v -214.9466 92.6105 172.0716
v -213.9676 92.6105 176.9929
v -209.3288 87.2753 187.6178
v -208.9606 87.2753 182.0000
v -210.4271 87.2753 193.1394
v -212.2368 87.2753 198.4705
v -214.7268 87.2753 203.5197
v -217.8545 87.2753 208.2007
v -221.5665 87.2753 212.4335
v -225.7993 87.2753 216.1455
v -230.4803 87.2753 219.2732
v -235.5295 87.2753 221.7632
v -240.8606 87.2753 223.5729
v -246.3822 87.2753 224.6712
v -252.0000 87.2753 225.0394
v -257.6178 87.2753 224.6712
v -263.1394 87.2753 223.5729
v -268.4705 87.2753 221.7632
v -273.5197 87.2753 219.2732
v -278.2007 87.2753 216.1455
v -282.4335 87.2753 212.4335
v -286.1455 87.2753 208.2007
v -289.2732 87.2753 203.5197
v -291.7632 87.2753 198.4705
v -293.5729 87.2753 193.1394
v -294.6712 87.2753 187.6178
v -295.0394 87.2753 182.0000
v -294.6712 87.2753 176.3822
v -293.5729 87.2753 170.8606
v -291.7632 87.2753 165.5295
v -289.2732 87.2753 160.4803
v -286.1455 87.2753 155.7993
v -282.4335 87.2753 151.5665
v -278.2007 87.2753 147.8545
v -273.5197 87.2753 144.7268
v -268.4705 87.2753 142.2368
v -263.1394 87.2753 140.4271
v -257.6178 87.2753 139.3288
v -252.0000 87.2753 138.9606
v -246.3822 87.2753 139.3288
v -240.8606 87.2753 140.4271
v -235.5295 87.2753 142.2368
v -230.4803 87.2753 144.7268
v -225.7993 87.2753 147.8545
v -221.5665 87.2753 151.5665
v -217.8545 87.2753 155.7993
v -214.7268 87.2753 160.4803
v -212.2368 87.2753 165.5295
v -210.4271 87.2753 170.8606
v -209.3288 87.2753 176.3822
v -205.4201 81.3750 188.1324
v -205.0181 81.3750 182.0000
v -206.6190 81.3750 194.1598
v -208.5944 81.3750 199.9792
v -211.3125 81.3750 205.4909
v -214.7268 81.3750 210.6008
v -218.7788 81.3750 215.2212
v -223.3992 81.3750 219.2732
v -228.5091 81.3750 222.6875
v -234.0208 81.3750 225.4056
v -239.8402 81.3750 227.3810
v -245.8676 81.3750 228.5799
v -252.0000 81.3750 228.9819
v -258.1324 81.3750 228.5799
v -264.1598 81.3750 227.3810
v -269.9792 81.3750 225.4056
v -275.4909 81.3750 222.6875
v -280.6008 81.3750 219.2732
v -285.2212 81.3750 215.2212
v -289.2732 81.3750 210.6008
v -292.6875 81.3750 205.4909
v -295.4056 81.3750 199.9792
v -297.3810 81.3750 194.1598
v -298.5799 81.3750 188.1324
v -298.9819 81.3750 182.0000
v -298.5799 81.3750 175.8676
v -297.3810 81.3750 169.8402
v -295.4056 81.3750 164.0208
v -292.6875 81.3750 158.5091
v -289.2732 81.3750 153.3992
v -285.2212 81.3750 148.7788
v -280.6008 81.3750 144.7268
v -275.4909 81.3750 141.3125
v -269.9792 81.3750 138.5944
v -264.1598 81.3750 136.6190
v -258.1324 81.3750 135.4201
v -252.0000 81.3750 135.0181
v -245.8676 81.3750 135.4201
v -239.8402 81.3750 136.6190
v -234.0208 81.3750 138.5944
v -228.5091 81.3750 141.3125
v -223.3992 81.3750 144.7268
v -218.7788 81.3750 148.7788
v -214.7268 81.3750 153.3992
v -211.3125 81.3750 158.5091
v -208.5944 81.3750 164.0208
v -206.6190 81.3750 169.8402
v -205.4201 81.3750 175.8676
v -202.3083 75.0106 188.5420
v -201.8795 75.0106 182.0000
v -203.5873 75.0106 194.9721
v -205.6947 75.0106 201.1803
v -208.5944 75.0106 207.0602
v -212.2368 75.0106 212.5114
v -216.5595 75.0106 217.4405
v -221.4886 75.0106 221.7632
v -226.9398 75.0106 225.4056
v -232.8197 75.0106 228.3053
v -239.0279 75.0106 230.4127
v -245.4580 75.0106 231.6917
v -252.0000 75.0106 232.1205
v -258.5420 75.0106 231.6917
v -264.9721 75.0106 230.4127
v -271.1803 75.0106 228.3053
v -277.0602 75.0106 225.4056
v -282.5114 75.0106 221.7632
v -287.4405 75.0106 217.4405
v -291.7632 75.0106 212.5114
v -295.4056 75.0106 207.0602
v -298.3053 75.0106 201.1803
v -300.4127 75.0106 194.9721
v -301.6917 75.0106 188.5420
v -302.1205 75.0106 182.0000
v -301.6917 75.0106 175.4580
v -300.4127 75.0106 169.0279
v -298.3053 75.0106 162.8197
v -295.4056 75.0106 156.9398
v -291.7632 75.0106 151.4886
v -287.4405 75.0106 146.5595
v -282.5114 75.0106 142.2368
v -277.0602 75.0106 138.5944
v -271.1803 75.0106 135.6947
v -264.9721 75.0106 133.5873
v -258.5420 75.0106 132.3083
v -252.0000 75.0106 131.8795
v -245.4580 75.0106 132.3083
v -239.0279 75.0106 133.5873
v -232.8197 75.0106 135.6947
v -226.9398 75.0106 138.5944
v -221.4886 75.0106 142.2368
v -216.5595 75.0106 146.5595
v -212.2368 75.0106 151.4886
v -208.5944 75.0106 156.9398
v -205.6947 75.0106 162.8197
v -203.5873 75.0106 169.0279
v -202.3083 75.0106 175.4580
v -200.0468 68.2909 188.8398
v -199.5985 68.2909 182.0000
v -201.3841 68.2909 195.5625
v -203.5873 68.2909 202.0532
v -206.6190 68.2909 208.2007
v -210.4271 68.2909 213.9000
v -214.9466 68.2909 219.0534
v -220.1000 68.2909 223.5729
v -225.7993 68.2909 227.3810
v -231.9468 68.2909 230.4127
v -238.4375 68.2909 232.6159
v -245.1602 68.2909 233.9532
v -252.0000 68.2909 234.4015
v -258.8398 68.2909 233.9532
v -265.5625 68.2909 232.6159
v -272.0532 68.2909 230.4127
v -278.2007 68.2909 227.3810
v -283.9000 68.2909 223.5729
v -289.0534 68.2909 219.0534
v -293.5729 68.2909 213.9000
v -297.3810 68.2909 208.2007
v -300.4127 68.2909 202.0532
v -302.6159 68.2909 195.5625
v -303.9532 68.2909 188.8398
v -304.4015 68.2909 182.0000
v -303.9532 68.2909 175.1602
v -302.6159 68.2909 168.4375
v -300.4127 68.2909 161.9468
v -297.3810 68.2909 155.7993
v -293.5729 68.2909 150.1000
v -289.0534 68.2909 144.9466
v -283.9000 68.2909 140.4271
v -278.2007 68.2909 136.6190
v -272.0532 68.2909 133.5873
v -265.5625 68.2909 131.3841
v -258.8398 68.2909 130.0468
v -252.0000 68.2909 129.5985
v -245.1602 68.2909 130.0468
v -238.4375 68.2909 131.3841
v -231.9468 68.2909 133.5873
v -225.7993 68.2909 136.6190
v -220.1000 68.2909 140.4271
v -214.9466 68.2909 144.9466
v -210.4271 68.2909 150.1000
v -206.6190 68.2909 155.7993
v -203.5873 68.2909 161.9468
v -201.3841 68.2909 168.4375
v -200.0468 68.2909 175.1602
v -198.6743 61.3310 189.0205
v -198.2141 61.3310 182.0000
v -200.0468 61.3310 195.9208
v -202.3083 61.3310 202.5830
v -205.4201 61.3310 208.8929
v -209.3288 61.3310 214.7428
v -213.9676 61.3310 220.0324
v -219.2572 61.3310 224.6712
v -225.1071 61.3310 228.5799
v -231.4170 61.3310 231.6917
v -238.0792 61.3310 233.9532
v -244.9795 61.3310 235.3257
v -252.0000 61.3310 235.7859
v -259.0205 61.3310 235.3257
v -265.9208 61.3310 233.9532
v -272.5830 61.3310 231.6917
v -278.8929 61.3310 228.5799
v -284.7428 61.3310 224.6712
v -290.0324 61.3310 220.0324
v -294.6712 61.3310 214.7428
v -298.5799 61.3310 208.8929
v -301.6917 61.3310 202.5830
v -303.9532 61.3310 195.9208
v -305.3257 61.3310 189.0205
v -305.7859 61.3310 182.0000
v -305.3257 61.3310 174.9795
v -303.9532 61.3310 168.0792
v -301.6917 61.3310 161.4170
v -298.5799 61.3310 155.1071
v -294.6712 61.3310 149.2572
v -290.0324 61.3310 143.9676
v -284.7428 61.3310 139.3288
v -278.8929 61.3310 135.4201
v -272.5830 61.3310 132.3083
v -265.9208 61.3310 130.0468
v -259.0205 61.3310 128.6743
v -252.0000 61.3310 128.2141
v -244.9795 61.3310 128.6743
v -238.0792 61.3310 130.0468
v -231.4170 61.3310 132.3083
v -225.1071 61.3310 135.4201
v -219.2572 61.3310 139.3288
v -213.9676 61.3310 143.9676
v -209.3288 61.3310 149.2572
v -205.4201 61.3310 155.1071
v -202.3083 61.3310 161.4170
v -200.0468 61.3310 168.0792
v -198.6743 61.3310 174.9795
v -198.2141 54.2500 189.0810
v -197.7500 54.2500 182.0000
v -199.5985 54.2500 196.0409
v -201.8795 54.2500 202.7606
v -205.0181 54.2500 209.1250
v -208.9606 54.2500 215.0253
v -213.6395 54.2500 220.3605
v -218.9747 54.2500 225.0394
v -224.8750 54.2500 228.9819
v -231.2394 54.2500 232.1205
v -237.9591 54.2500 234.4015
v -244.9190 54.2500 235.7859
v -252.0000 54.2500 236.2500
v -259.0810 54.2500 235.7859
v -266.0409 54.2500 234.4015
v -272.7606 54.2500 232.1205
v -279.1250 54.2500 228.9819
v -285.0253 54.2500 225.0394
v -290.3605 54.2500 220.3605
v -295.0394 54.2500 215.0253
v -298.9819 54.2500 209.1250
v -302.1205 54.2500 202.7606
v -304.4015 54.2500 196.0409
v -305.7859 54.2500 189.0810
v -306.2500 54.2500 182.0000
v -305.7859 54.2500 174.9190
v -304.4015 54.2500 167.9591
v -302.1205 54.2500 161.2394
v -298.9819 54.2500 154.8750
v -295.0394 54.2500 148.9747
v -290.3605 54.2500 143.6395
v -285.0253 54.2500 138.9606
v -279.1250 54.2500 135.0181
v -272.7606 54.2500 131.8795
v -266.0409 54.2500 129.5985
v -259.0810 54.2500 128.2141
v -252.0000 54.2500 127.7500
v -244.9190 54.2500 128.2141
v -237.9591 54.2500 129.5985
v -231.2394 54.2500 131.8795
v -224.8750 54.2500 135.0181
v -218.9747 54.2500 138.9606
v -213.6395 54.2500 143.6395
v -208.9606 54.2500 148.9747
v -205.0181 54.2500 154.8750
v -201.8795 54.2500 161.2394
v -199.5985 54.2500 167.9591
v -198.2141 54.2500 174.9190
v -198.6743 47.1690 189.0205
v -198.2141 47.1690 182.0000
v -200.0468 47.1690 195.9208
v -202.3083 47.1690 202.5830
v -205.4201 47.1690 208.8929
v -209.3288 47.1690 214.7428
v -213.9676 47.1690 220.0324
v -219.2572 47.1690 224.6712
v -225.1071 47.1690 228.5799
v -231.4170 47.1690 231.6917
v -238.0792 47.1690 233.9532
v -244.9795 47.1690 235.3257
v -252.0000 47.1690 235.7859
v -259.0205 47.1690 235.3257
v -265.9208 47.1690 233.9532
v -272.5830 47.1690 231.6917
v -278.8929 47.1690 228.5799
v -284.7428 47.1690 224.6712
v -290.0324 47.1690 220.0324
v -294.6712 47.1690 214.7428
v -298.5799 47.1690 208.8929
v -301.6917 47.1690 202.5830
v -303.9532 47.1690 195.9208
v -305.3257 47.1690 189.0205
v -305.7859 47.1690 182.0000
v -305.3257 47.1690 174.9795
v -303.9532 47.1690 168.0792
v -301.6917 47.1690 161.4170
v -298.5799 47.1690 155.1071
v -294.6712 47.1690 149.2572
v -290.0324 47.1690 143.9676
v -284.7428 47.1690 139.3288
v -278.8929 47.1690 135.4201
v -272.5830 47.1690 132.3083
v -265.9208 47.1690 130.0468
v -259.0205 47.1690 128.6743
v -252.0000 47.1690 128.2141
v -244.9795 47.1690 128.6743
v -238.0792 47.1690 130.0468
v -231.4170 47.1690 132.3083
v -225.1071 47.1690 135.4201
v -219.2572 47.1690 139.3288
v -213.9676 47.1690 143.9676
v -209.3288 47.1690 149.2572
v -205.4201 47.1690 155.1071
v -202.3083 47.1690 161.4170
v -200.0468 47.1690 168.0792
v -198.6743 47.1690 174.9795
v -200.0468 40.2091 188.8398
v -199.5985 40.2091 182.0000
v -201.3841 40.2091 195.5625
v -203.5873 40.2091 202.0532
v -206.6190 40.2091 208.2007
v -210.4271 40.2091 213.9000
v -214.9466 40.2091 219.0534
v -220.1000 40.2091 223.5729
v -225.7993 40.2091 227.3810
v -231.9468 40.2091 230.4127
v -238.4375 40.2091 232.6159
v -245.1602 40.2091 233.9532
v -252.0000 40.2091 234.4015
v -258.8398 40.2091 233.9532
v -265.5625 40.2091 232.6159
v -272.0532 40.2091 230.4127
v -278.2007 40.2091 227.3810
v -283.9000 40.2091 223.5729
v -289.0534 40.2091 219.0534
v -293.5729 40.2091 213.9000
v -297.3810 40.2091 208.2007
v -300.4127 40.2091 202.0532
v -302.6159 40.2091 195.5625
v -303.9532 40.2091 188.8398
v -304.4015 40.2091 182.0000
v -303.9532 40.2091 175.1602
v -302.6159 40.2091 168.4375
v -300.4127 40.2091 161.9468
v -297.3810 40.2091 155.7993
v -293.5729 40.2091 150.1000
v -289.0534 40.2091 144.9466
v -283.9000 40.2091 140.4271
v -278.2007 40.2091 136.6190
v -272.0532 40.2091 133.5873
v -265.5625 40.2091 131.3841
v -258.8398 40.2091 130.0468
v -252.0000 40.2091 129.5985
v -245.1602 40.2091 130.0468
v -238.4375 40.2091 131.3841
v -231.9468 40.2091 133.5873
v -225.7993 40.2091 136.6190
v -220.1000 40.2091 140.4271
v -214.9466 40.2091 144.9466
v -210.4271 40.2091 150.1000
v -206.6190 40.2091 155.7993
v -203.5873 40.2091 161.9468
v -201.3841 40.2091 168.4375
v -200.0468 40.2091 175.1602
v -202.3083 33.4894 188.5420
v -201.8795 33.4894 182.0000
v -203.5873 33.4894 194.9721
v -205.6947 33.4894 201.1803
v -208.5944 33.4894 207.0602
v -212.2368 33.4894 212.5114
v -216.5595 33.4894 217.4405
v -221.4886 33.4894 221.7632
v -226.9398 33.4894 225.4056
v -232.8197 33.4894 228.3053
v -239.0279 33.4894 230.4127
v -245.4580 33.4894 231.6917
v -252.0000 33.4894 232.1205
v -258.5420 33.4894 231.6917
v -264.9721 33.4894 230.4127
v -271.1803 33.4894 228.3053
v -277.0602 33.4894 225.4056
v -282.5114 33.4894 221.7632
v -287.4405 33.4894 217.4405
v -291.7632 33.4894 212.5114
v -295.4056 33.4894 207.0602
v -298.3053 33.4894 201.1803
v -300.4127 33.4894 194.9721
v -301.6917 33.4894 188.5420
v -302.1205 33.4894 182.0000
v -301.6917 33.4894 175.4580
v -300.4127 33.4894 169.0279
v -298.3053 33.4894 162.8197
v -295.4056 33.4894 156.9398
v -291.7632 33.4894 151.4886
v -287.4405 33.4894 146.5595
v -282.5114 33.4894 142.2368
v -277.0602 33.4894 138.5944
v -271.1803 33.4894 135.6947
v -264.9721 33.4894 133.5873
v -258.5420 33.4894 132.3083
v -252.0000 33.4894 131.8795
v -245.4580 33.4894 132.3083
v -239.0279 33.4894 133.5873
v -232.8197 33.4894 135.6947
v -226.9398 33.4894 138.5944
v -221.4886 33.4894 142.2368
v -216.5595 33.4894 146.5595
v -212.2368 33.4894 151.4886
v -208.5944 33.4894 156.9398
v -205.6947 33.4894 162.8197
v -203.5873 33.4894 169.0279
v -202.3083 33.4894 175.4580
v -205.4201 27.1250 188.1324
v -205.0181 27.1250 182.0000
v -206.6190 27.1250 194.1598
v -208.5944 27.1250 199.9792
v -211.3125 27.1250 205.4909
v -214.7268 27.1250 210.6008
v -218.7788 27.1250 215.2212
v -223.3992 27.1250 219.2732
v -228.5091 27.1250 222.6875
v -234.0208 27.1250 225.4056
v -239.8402 27.1250 227.3810
v -245.8676 27.1250 228.5799
v -252.0000 27.1250 228.9819
v -258.1324 27.1250 228.5799
v -264.1598 27.1250 227.3810
v -269.9792 27.1250 225.4056
v -275.4909 27.1250 222.6875
v -280.6008 27.1250 219.2732
v -285.2212 27.1250 215.2212
v -289.2732 27.1250 210.6008
v -292.6875 27.1250 205.4909
v -295.4056 27.1250 199.9792
v -297.3810 27.1250 194.1598
v -298.5799 27.1250 188.1324
v -298.9819 27.1250 182.0000
v -298.5799 27.1250 175.8676
v -297.3810 27.1250 169.8402
v -295.4056 27.1250 164.0208
v -292.6875 27.1250 158.5091
v -289.2732 27.1250 153.3992
v -285.2212 27.1250 148.7788
v -280.6008 27.1250 144.7268
v -275.4909 27.1250 141.3125
v -269.9792 27.1250 138.5944
v -264.1598 27.1250 136.6190
v -258.1324 27.1250 135.4201
v -252.0000 27.1250 135.0181
v -245.8676 27.1250 135.4201
v -239.8402 27.1250 136.6190
v -234.0208 27.1250 138.5944
v -228.5091 27.1250 141.3125
v -223.3992 27.1250 144.7268
v -218.7788 27.1250 148.7788
v -214.7268 27.1250 153.3992
v -211.3125 27.1250 158.5091
v -208.5944 27.1250 164.0208
v -206.6190 27.1250 169.8402
v -205.4201 27.1250 175.8676
v -209.3288 21.2247 187.6178
v -208.9606 21.2247 182.0000
v -210.4271 21.2247 193.1394
v -212.2368 21.2247 198.4705
v -214.7268 21.2247 203.5197
v -217.8545 21.2247 208.2007
v -221.5665 21.2247 212.4335
v -225.7993 21.2247 216.1455
v -230.4803 21.2247 219.2732
v -235.5295 21.2247 221.7632
v -240.8606 21.2247 223.5729
v -246.3822 21.2247 224.6712
v -252.0000 21.2247 225.0394
v -257.6178 21.2247 224.6712
v -263.1394 21.2247 223.5729
v -268.4705 21.2247 221.7632
v -273.5197 21.2247 219.2732
v -278.2007 21.2247 216.1455
v -282.4335 21.2247 212.4335
v -286.1455 21.2247 208.2007
v -289.2732 21.2247 203.5197
v -291.7632 21.2247 198.4705
v -293.5729 21.2247 193.1394
v -294.6712 21.2247 187.6178
v -295.0394 21.2247 182.0000
v -294.6712 21.2247 176.3822
v -293.5729 21.2247 170.8606
v -291.7632 21.2247 165.5295
v -289.2732 21.2247 160.4803
v -286.1455 21.2247 155.7993
v -282.4335 21.2247 151.5665
v -278.2007 21.2247 147.8545
v -273.5197 21.2247 144.7268
v -268.4705 21.2247 142.2368
v -263.1394 21.2247 140.4271
v -257.6178 21.2247 139.3288
v -252.0000 21.2247 138.9606
v -246.3822 21.2247 139.3288
v -240.8606 21.2247 140.4271
v -235.5295 21.2247 142.2368
v -230.4803 21.2247 144.7268
v -225.7993 21.2247 147.8545
v -221.5665 21.2247 151.5665
v -217.8545 21.2247 155.7993
v -214.7268 21.2247 160.4803
v -212.2368 21.2247 165.5295
v -210.4271 21.2247 170.8606
v -209.3288 21.2247 176.3822
v -213.9676 15.8895 187.0071
v -213.6395 15.8895 182.0000
v -214.9466 15.8895 191.9284
v -216.5595 15.8895 196.6799
v -218.7788 15.8895 201.1803
v -221.5665 15.8895 205.3524
v -224.8750 15.8895 209.1250
v -228.6476 15.8895 212.4335
v -232.8197 15.8895 215.2212
v -237.3201 15.8895 217.4405
v -242.0716 15.8895 219.0534
v -246.9929 15.8895 220.0324
v -252.0000 15.8895 220.3605
v -257.0071 15.8895 220.0324
v -261.9284 15.8895 219.0534
v -266.6799 15.8895 217.4405
v -271.1803 15.8895 215.2212
v -275.3524 15.8895 212.4335
v -279.1250 15.8895 209.1250
v -282.4335 15.8895 205.3524
v -285.2212 15.8895 201.1803
v -287.4405 15.8895 196.6799
v -289.0534 15.8895 191.9284
v -290.0324 15.8895 187.0071
v -290.3605 15.8895 182.0000
v -290.0324 15.8895 176.9929
v -289.0534 15.8895 172.0716
v -287.4405 15.8895 167.3201
v -285.2212 15.8895 162.8197
v -282.4335 15.8895 158.6476
v -279.1250 15.8895 154.8750
v -275.3524 15.8895 151.5665
v -271.1803 15.8895 148.7788
v -266.6799 15.8895 146.5595
v -261.9284 15.8895 144.9466
v -257.0071 15.8895 143.9676
v -252.0000 15.8895 143.6395
v -246.9929 15.8895 143.9676
v -242.0716 15.8895 144.9466
v -237.3201 15.8895 146.5595
v -232.8197 15.8895 148.7788
v -228.6476 15.8895 151.5665
v -224.8750 15.8895 154.8750
v -221.5665 15.8895 158.6476
v -218.7788 15.8895 162.8197
v -216.5595 15.8895 167.3201
v -214.9466 15.8895 172.0716
v -213.9676 15.8895 176.9929
v -219.2572 11.2106 186.3107
v -218.9747 11.2106 182.0000
v -220.1000 11.2106 190.5476
v -221.4886 11.2106 194.6382
v -223.3992 11.2106 198.5127
v -225.7993 11.2106 202.1045
v -228.6476 11.2106 205.3524
v -231.8955 11.2106 208.2007
v -235.4873 11.2106 210.6008
v -239.3618 11.2106 212.5114
v -243.4524 11.2106 213.9000
v -247.6893 11.2106 214.7428
v -252.0000 11.2106 215.0253
v -256.3107 11.2106 214.7428
v -260.5476 11.2106 213.9000
v -264.6382 11.2106 212.5114
v -268.5127 11.2106 210.6008
v -272.1045 11.2106 208.2007
v -275.3524 11.2106 205.3524
v -278.2007 11.2106 202.1045
v -280.6008 11.2106 198.5127
v -282.5114 11.2106 194.6382
v -283.9000 11.2106 190.5476
v -284.7428 11.2106 186.3107
v -285.0253 11.2106 182.0000
v -284.7428 11.2106 177.6893
v -283.9000 11.2106 173.4524
v -282.5114 11.2106 169.3618
v -280.6008 11.2106 165.4873
v -278.2007 11.2106 161.8955
v -275.3524 11.2106 158.6476
v -272.1045 11.2106 155.7993
v -268.5127 11.2106 153.3992
v -264.6382 11.2106 151.4886
v -260.5476 11.2106 150.1000
v -256.3107 11.2106 149.2572
v -252.0000 11.2106 148.9747
v -247.6893 11.2106 149.2572
v -243.4524 11.2106 150.1000
v -239.3618 11.2106 151.4886
v -235.4873 11.2106 153.3992
v -231.8955 11.2106 155.7993
v -228.6476 11.2106 158.6476
v -225.7993 11.2106 161.8955
v -223.3992 11.2106 165.4873
v -221.4886 11.2106 169.3618
v -220.1000 11.2106 173.4524
v -219.2572 11.2106 177.6893
v -225.1071 7.2681 185.5405
v -224.8750 7.2681 182.0000
v -225.7993 7.2681 189.0205
v -226.9398 7.2681 192.3803
v -228.5091 7.2681 195.5625
v -230.4803 7.2681 198.5127
v -232.8197 7.2681 201.1803
v -235.4873 7.2681 203.5197
v -238.4375 7.2681 205.4909
v -241.6197 7.2681 207.0602
v -244.9795 7.2681 208.2007
v -248.4595 7.2681 208.8929
v -252.0000 7.2681 209.1250
v -255.5405 7.2681 208.8929
v -259.0205 7.2681 208.2007
v -262.3803 7.2681 207.0602
v -265.5625 7.2681 205.4909
v -268.5127 7.2681 203.5197
v -271.1803 7.2681 201.1803
v -273.5197 7.2681 198.5127
v -275.4909 7.2681 195.5625
v -277.0602 7.2681 192.3803
v -278.2007 7.2681 189.0205
v -278.8929 7.2681 185.5405
v -279.1250 7.2681 182.0000
v -278.8929 7.2681 178.4595
v -278.2007 7.2681 174.9795
v -277.0602 7.2681 171.6197
v -275.4909 7.2681 168.4375
v -273.5197 7.2681 165.4873
v -271.1803 7.2681 162.8197
v -268.5127 7.2681 160.4803
v -265.5625 7.2681 158.5091
v -262.3803 7.2681 156.9398
v -259.0205 7.2681 155.7993
v -255.5405 7.2681 155.1071
v -252.0000 7.2681 154.8750
v -248.4595 7.2681 155.1071
v -244.9795 7.2681 155.7993
v -241.6197 7.2681 156.9398
v -238.4375 7.2681 158.5091
v -235.4873 7.2681 160.4803
v -232.8197 7.2681 162.8197
v -230.4803 7.2681 165.4873
v -228.5091 7.2681 168.4375
v -226.9398 7.2681 171.6197
v -225.7993 7.2681 174.9795
v -225.1071 7.2681 178.4595
v -231.4170 4.1295 184.7098
v -231.2394 4.1295 182.0000
v -231.9468 4.1295 187.3732
v -232.8197 4.1295 189.9447
v -234.0208 4.1295 192.3803
v -235.5295 4.1295 194.6382
v -237.3201 4.1295 196.6799
v -239.3618 4.1295 198.4705
v -241.6197 4.1295 199.9792
v -244.0553 4.1295 201.1803
v -246.6268 4.1295 202.0532
v -249.2902 4.1295 202.5830
v -252.0000 4.1295 202.7606
v -254.7098 4.1295 202.5830
v -257.3732 4.1295 202.0532
v -259.9447 4.1295 201.1803
v -262.3803 4.1295 199.9792
v -264.6382 4.1295 198.4705
v -266.6799 4.1295 196.6799
v -268.4705 4.1295 194.6382
v -269.9792 4.1295 192.3803
v -271.1803 4.1295 189.9447
v -272.0532 4.1295 187.3732
v -272.5830 4.1295 184.7098
v -272.7606 4.1295 182.0000
v -272.5830 4.1295 179.2902
v -272.0532 4.1295 176.6268
v -271.1803 4.1295 174.0553
v -269.9792 4.1295 171.6197
v -268.4705 4.1295 169.3618
v -266.6799 4.1295 167.3201
v -264.6382 4.1295 165.5295
v -262.3803 4.1295 164.0208
v -259.9447 4.1295 162.8197
v -257.3732 4.1295 161.9468
v -254.7098 4.1295 161.4170
v -252.0000 4.1295 161.2394
v -249.2902 4.1295 161.4170
v -246.6268 4.1295 161.9468
v -244.0553 4.1295 162.8197
v -241.6197 4.1295 164.0208
v -239.3618 4.1295 165.5295
v -237.3201 4.1295 167.3201
v -235.5295 4.1295 169.3618
v -234.0208 4.1295 171.6197
v -232.8197 4.1295 174.0553
v -231.9468 4.1295 176.6268
v -231.4170 4.1295 179.2902
v -238.0792 1.8485 183.8327
v -237.9591 1.8485 182.0000
v -238.4375 1.8485 185.6341
v -239.0279 1.8485 187.3732
v -239.8402 1.8485 189.0205
v -240.8606 1.8485 190.5476
v -242.0716 1.8485 191.9284
v -243.4524 1.8485 193.1394
v -244.9795 1.8485 194.1598
v -246.6268 1.8485 194.9721
v -248.3659 1.8485 195.5625
v -250.1673 1.8485 195.9208
v -252.0000 1.8485 196.0409
v -253.8327 1.8485 195.9208
v -255.6341 1.8485 195.5625
v -257.3732 1.8485 194.9721
v -259.0205 1.8485 194.1598
v -260.5476 1.8485 193.1394
v -261.9284 1.8485 191.9284
v -263.1394 1.8485 190.5476
v -264.1598 1.8485 189.0205
v -264.9721 1.8485 187.3732
v -265.5625 1.8485 185.6341
v -265.9208 1.8485 183.8327
v -266.0409 1.8485 182.0000
v -265.9208 1.8485 180.1673
v -265.5625 1.8485 178.3659
v -264.9721 1.8485 176.6268
v -264.1598 1.8485 174.9795
v -263.1394 1.8485 173.4524
v -261.9284 1.8485 172.0716
v -260.5476 1.8485 170.8606
v -259.0205 1.8485 169.8402
v -257.3732 1.8485 169.0279
v -255.6341 1.8485 168.4375
v -253.8327 1.8485 168.0792
v -252.0000 1.8485 167.9591
v -250.1673 1.8485 168.0792
v -248.3659 1.8485 168.4375
v -246.6268 1.8485 169.0279
v -244.9795 1.8485 169.8402
v -243.4524 1.8485 170.8606
v -242.0716 1.8485 172.0716
v -240.8606 1.8485 173.4524
v -239.8402 1.8485 174.9795
v -239.0279 1.8485 176.6268
v -238.4375 1.8485 178.3659
v -238.0792 1.8485 180.1673
v -244.9795 0.4641 182.9243
v -244.9190 0.4641 182.0000
v -245.1602 0.4641 183.8327
v -245.4580 0.4641 184.7098
v -245.8676 0.4641 185.5405
v -246.3822 0.4641 186.3107
v -246.9929 0.4641 187.0071
v -247.6893 0.4641 187.6178
v -248.4595 0.4641 188.1324
v -249.2902 0.4641 188.5420
v -250.1673 0.4641 188.8398
v -251.0757 0.4641 189.0205
v -252.0000 0.4641 189.0810
v -252.9243 0.4641 189.0205
v -253.8327 0.4641 188.8398
v -254.7098 0.4641 188.5420
v -255.5405 0.4641 188.1324
v -256.3107 0.4641 187.6178
v -257.0071 0.4641 187.0071
v -257.6178 0.4641 186.3107
v -258.1324 0.4641 185.5405
v -258.5420 0.4641 184.7098
v -258.8398 0.4641 183.8327
v -259.0205 0.4641 182.9243
v -259.0810 0.4641 182.0000
v -259.0205 0.4641 181.0757
v -258.8398 0.4641 180.1673
v -258.5420 0.4641 179.2902
v -258.1324 0.4641 178.4595
v -257.6178 0.4641 177.6893
v -257.0071 0.4641 176.9929
v -256.3107 0.4641 176.3822
v -255.5405 0.4641 175.8676
v -254.7098 0.4641 175.4580
v -253.8327 0.4641 175.1602
v -252.9243 0.4641 174.9795
v -252.0000 0.4641 174.9190
v -251.0757 0.4641 174.9795
v -250.1673 0.4641 175.1602
v -249.2902 0.4641 175.4580
v -248.4595 0.4641 175.8676
v -247.6893 0.4641 176.3822
v -246.9929 0.4641 176.9929
v -246.3822 0.4641 177.6893
v -245.8676 0.4641 178.4595
v -245.4580 0.4641 179.2902
v -245.1602 0.4641 180.1673
v -244.9795 0.4641 181.0757
v -252.0000 0.0000 182.0000
v 24.5000 122.5000 150.5000
v 32.4263 121.9760 151.5435
v 32.4947 121.9760 150.5000
v 32.2223 121.9760 152.5692
v 31.8862 121.9760 153.5595
v 31.4236 121.9760 154.4974
v 30.8426 121.9760 155.3669
v 30.1531 121.9760 156.1531
v 29.3669 121.9760 156.8426
v 28.4974 121.9760 157.4236
v 27.5595 121.9760 157.8862
v 26.5692 121.9760 158.2223
v 25.5435 121.9760 158.4263
v 24.5000 121.9760 158.4947
v 23.4565 121.9760 158.4263
v 22.4308 121.9760 158.2223
v 21.4405 121.9760 157.8862
v 20.5026 121.9760 157.4236
v 19.6331 121.9760 156.8426
v 18.8469 121.9760 156.1531
v 18.1574 121.9760 155.3669
v 17.5764 121.9760 154.4974
v 17.1138 121.9760 153.5595
v 16.7777 121.9760 152.5692
v 16.5737 121.9760 151.5435
v 16.5053 121.9760 150.5000
v 16.5737 121.9760 149.4565
v 16.7777 121.9760 148.4308
v 17.1138 121.9760 147.4405
v 17.5764 121.9760 146.5026
v 18.1574 121.9760 145.6331
v 18.8469 121.9760 144.8469
v 19.6331 121.9760 144.1574
v 20.5026 121.9760 143.5764
v 21.4405 121.9760 143.1138
v 22.4308 121.9760 142.7777
v 23.4565 121.9760 142.5737
v 24.5000 121.9760 142.5053
v 25.5435 121.9760 142.5737
v 26.5692 121.9760 142.7777
v 27.5595 121.9760 143.1138
v 28.4974 121.9760 143.5764
v 29.3669 121.9760 144.1574
v 30.1531 121.9760 144.8469
v 30.8426 121.9760 145.6331
v 31.4236 121.9760 146.5026
v 31.8862 121.9760 147.4405
v 32.2223 121.9760 148.4308
v 32.4263 121.9760 149.4565
v 40.2170 120.4130 152.5692
v 40.3527 120.4130 150.5000
v 39.8125 120.4130 154.6030
v 39.1460 120.4130 156.5666
v 38.2288 120.4130 158.4263
v 37.0768 120.4130 160.1505
v 35.7095 120.4130 161.7095
v 34.1505 120.4130 163.0768
v 32.4263 120.4130 164.2288
v 30.5666 120.4130 165.1460
v 28.6030 120.4130 165.8125
v 26.5692 120.4130 166.2170
v 24.5000 120.4130 166.3527
v 22.4308 120.4130 166.2170
v 20.3970 120.4130 165.8125
v 18.4334 120.4130 165.1460
v 16.5737 120.4130 164.2288
v 14.8495 120.4130 163.0768
v 13.2905 120.4130 161.7095
v 11.9232 120.4130 160.1505
v 10.7712 120.4130 158.4263
v 9.8540 120.4130 156.5666
v 9.1875 120.4130 154.6030
v 8.7830 120.4130 152.5692
v 8.6473 120.4130 150.5000
v 8.7830 120.4130 148.4308
v 9.1875 120.4130 146.3970
v 9.8540 120.4130 144.4334
v 10.7712 120.4130 142.5737
v 11.9232 120.4130 140.8495
v 13.2905 120.4130 139.2905
v 14.8495 120.4130 137.9232
v 16.5737 120.4130 136.7712
v 18.4334 120.4130 135.8540
v 20.3970 120.4130 135.1875
v 22.4308 120.4130 134.7830
v 24.5000 120.4130 134.6473
v 26.5692 120.4130 134.7830
v 28.6030 120.4130 135.1875
v 30.5666 120.4130 135.8540
v 32.4263 120.4130 136.7712
v 34.1505 120.4130 137.9232
v 35.7095 120.4130 139.2905
v 37.0768 120.4130 140.8495
v 38.2288 120.4130 142.5737
v 39.1460 120.4130 144.4334
v 39.8125 120.4130 146.3970
v 40.2170 120.4130 148.4308
v 47.7388 117.8376 153.5595
v 47.9394 117.8376 150.5000
v 47.1407 117.8376 156.5666
v 46.1551 117.8376 159.4699
v 44.7991 117.8376 162.2197
v 43.0957 117.8376 164.7690
v 41.0741 117.8376 167.0741
v 38.7690 117.8376 169.0957
v 36.2197 117.8376 170.7991
v 33.4699 117.8376 172.1551
v 30.5666 117.8376 173.1407
v 27.5595 117.8376 173.7388
v 24.5000 117.8376 173.9394
v 21.4405 117.8376 173.7388
v 18.4334 117.8376 173.1407
v 15.5301 117.8376 172.1551
v 12.7803 117.8376 170.7991
v 10.2310 117.8376 169.0957
v 7.9259 117.8376 167.0741
v 5.9043 117.8376 164.7690
v 4.2009 117.8376 162.2197
v 2.8449 117.8376 159.4699
v 1.8593 117.8376 156.5666
v 1.2612 117.8376 153.5595
v 1.0606 117.8376 150.5000
v 1.2612 117.8376 147.4405
v 1.8593 117.8376 144.4334
v 2.8449 117.8376 141.5301
v 4.2009 117.8376 138.7803
v 5.9043 117.8376 136.2310
v 7.9259 117.8376 133.9259
v 10.2310 117.8376 131.9043
v 12.7803 117.8376 130.2009
v 15.5301 117.8376 128.8449
v 18.4334 117.8376 127.8593
v 21.4405 117.8376 127.2612
v 24.5000 117.8376 127.0606
v 27.5595 117.8376 127.2612
v 30.5666 117.8376 127.8593
v 33.4699 117.8376 128.8449
v 36.2197 117.8376 130.2009
v 38.7690 117.8376 131.9043
v 41.0741 117.8376 133.9259
v 43.0957 117.8376 136.2310
v 44.7991 117.8376 138.7803
v 46.1551 117.8376 141.5301
v 47.1407 117.8376 144.4334
v 47.7388 117.8376 147.4405
v 54.8630 114.2941 154.4974
v 55.1250 114.2941 150.5000
v 54.0815 114.2941 158.4263
v 52.7938 114.2941 162.2197
v 51.0220 114.2941 165.8125
v 48.7964 114.2941 169.1433
v 46.1551 114.2941 172.1551
v 43.1433 114.2941 174.7964
v 39.8125 114.2941 177.0220
v 36.2197 114.2941 178.7938
v 32.4263 114.2941 180.0815
v 28.4974 114.2941 180.8630
v 24.5000 114.2941 181.1250
v 20.5026 114.2941 180.8630
v 16.5737 114.2941 180.0815
v 12.7803 114.2941 178.7938
v 9.1875 114.2941 177.0220
v 5.8567 114.2941 174.7964
v 2.8449 114.2941 172.1551
v 0.2036 114.2941 169.1433
v -2.0220 114.2941 165.8125
v -3.7938 114.2941 162.2197
v -5.0815 114.2941 158.4263
v -5.8630 114.2941 154.4974
v -6.1250 114.2941 150.5000
v -5.8630 114.2941 146.5026
v -5.0815 114.2941 142.5737
v -3.7938 114.2941 138.7803
v -2.0220 114.2941 135.1875
v 0.2036 114.2941 131.8567
v 2.8449 114.2941 128.8449
v 5.8567 114.2941 126.2036
v 9.1875 114.2941 123.9780
v 12.7803 114.2941 122.2062
v 16.5737 114.2941 120.9185
v 20.5026 114.2941 120.1370
v 24.5000 114.2941 119.8750
v 28.4974 114.2941 120.1370
v 32.4263 114.2941 120.9185
v 36.2197 114.2941 122.2062
v 39.8125 114.2941 123.9780
v 43.1433 114.2941 126.2036
v 46.1551 114.2941 128.8449
v 48.7964 114.2941 131.8567
v 51.0220 114.2941 135.1875
v 52.7938 114.2941 138.7803
v 54.0815 114.2941 142.5737
v 54.8630 114.2941 146.5026
v 61.4676 109.8429 155.3669
v 61.7866 109.8429 150.5000
v 60.5161 109.8429 160.1505
v 58.9484 109.8429 164.7690
v 56.7912 109.8429 169.1433
v 54.0815 109.8429 173.1987
v 50.8656 109.8429 176.8656
v 47.1987 109.8429 180.0815
v 43.1433 109.8429 182.7912
v 38.7690 109.8429 184.9484
v 34.1505 109.8429 186.5161
v 29.3669 109.8429 187.4676
v 24.5000 109.8429 187.7866
v 19.6331 109.8429 187.4676
v 14.8495 109.8429 186.5161
v 10.2310 109.8429 184.9484
v 5.8567 109.8429 182.7912
v 1.8013 109.8429 180.0815
v -1.8656 109.8429 176.8656
v -5.0815 109.8429 173.1987
v -7.7912 109.8429 169.1433
v -9.9484 109.8429 164.7690
v -11.5161 109.8429 160.1505
v -12.4676 109.8429 155.3669
v -12.7866 109.8429 150.5000
v -12.4676 109.8429 145.6331
v -11.5161 109.8429 140.8495
v -9.9484 109.8429 136.2310
v -7.7912 109.8429 131.8567
v -5.0815 109.8429 127.8013
v -1.8656 109.8429 124.1344
v 1.8013 109.8429 120.9185
v 5.8567 109.8429 118.2088
v 10.2310 109.8429 116.0516
v 14.8495 109.8429 114.4839
v 19.6331 109.8429 113.5324
v 24.5000 109.8429 113.2134
v 29.3669 109.8429 113.5324
v 34.1505 109.8429 114.4839
v 38.7690 109.8429 116.0516
v 43.1433 109.8429 118.2088
v 47.1987 109.8429 120.9185
v 50.8656 109.8429 124.1344
v 54.0815 109.8429 127.8013
v 56.7912 109.8429 131.8567
v 58.9484 109.8429 136.2310
v 60.5161 109.8429 140.8495
v 61.4676 109.8429 145.6331
v 67.4398 104.5603 156.1531
v 67.8103 104.5603 150.5000
v 66.3345 104.5603 161.7095
v 64.5135 104.5603 167.0741
v 62.0078 104.5603 172.1551
v 58.8604 104.5603 176.8656
v 55.1250 104.5603 181.1250
v 50.8656 104.5603 184.8604
v 46.1551 104.5603 188.0078
v 41.0741 104.5603 190.5135
v 35.7095 104.5603 192.3345
v 30.1531 104.5603 193.4398
v 24.5000 104.5603 193.8103
v 18.8469 104.5603 193.4398
v 13.2905 104.5603 192.3345
v 7.9259 104.5603 190.5135
v 2.8449 104.5603 188.0078
v -1.8656 104.5603 184.8604
v -6.1250 104.5603 181.1250
v -9.8604 104.5603 176.8656
v -13.0078 104.5603 172.1551
v -15.5135 104.5603 167.0741
v -17.3345 104.5603 161.7095
v -18.4398 104.5603 156.1531
v -18.8103 104.5603 150.5000
v -18.4398 104.5603 144.8469
v -17.3345 104.5603 139.2905
v -15.5135 104.5603 133.9259
v -13.0078 104.5603 128.8449
v -9.8604 104.5603 124.1344
v -6.1250 104.5603 119.8750
v -1.8656 104.5603 116.1396
v 2.8449 104.5603 112.9922
v 7.9259 104.5603 110.4865
v 13.2905 104.5603 108.6655
v 18.8469 104.5603 107.5602
v 24.5000 104.5603 107.1897
v 30.1531 104.5603 107.5602
v 35.7095 104.5603 108.6655
v 41.0741 104.5603 110.4865
v 46.1551 104.5603 112.9922
v 50.8656 104.5603 116.1396
v 55.1250 104.5603 119.8750
v 58.8604 104.5603 124.1344
v 62.0078 104.5603 128.8449
v 64.5135 104.5603 133.9259
v 66.3345 104.5603 139.2905
v 67.4398 104.5603 144.8469
v 72.6772 98.5366 156.8426
v 73.0929 98.5366 150.5000
v 71.4371 98.5366 163.0768
v 69.3940 98.5366 169.0957
v 66.5827 98.5366 174.7964
v 63.0513 98.5366 180.0815
v 58.8604 98.5366 184.8604
v 54.0815 98.5366 189.0513
v 48.7964 98.5366 192.5827
v 43.0957 98.5366 195.3940
v 37.0768 98.5366 197.4371
v 30.8426 98.5366 198.6772
v 24.5000 98.5366 199.0929
v 18.1574 98.5366 198.6772
v 11.9232 98.5366 197.4371
v 5.9043 98.5366 195.3940
v 0.2036 98.5366 192.5827
v -5.0815 98.5366 189.0513
v -9.8604 98.5366 184.8604
v -14.0513 98.5366 180.0815
v -17.5827 98.5366 174.7964
v -20.3940 98.5366 169.0957
v -22.4371 98.5366 163.0768
v -23.6772 98.5366 156.8426
v -24.0929 98.5366 150.5000
v -23.6772 98.5366 144.1574
v -22.4371 98.5366 137.9232
v -20.3940 98.5366 131.9043
v -17.5827 98.5366 126.2036
v -14.0513 98.5366 120.9185
v -9.8604 98.5366 116.1396
v -5.0815 98.5366 111.9487
v 0.2036 98.5366 108.4173
v 5.9043 98.5366 105.6060
v 11.9232 98.5366 103.5629
v 18.1574 98.5366 102.3228
v 24.5000 98.5366 101.9071
v 30.8426 98.5366 102.3228
v 37.0768 98.5366 103.5629
v 43.0957 98.5366 105.6060
v 48.7964 98.5366 108.4173
v 54.0815 98.5366 111.9487
v 58.8604 98.5366 116.1396
v 63.0513 98.5366 120.9185
v 66.5827 98.5366 126.2036
v 69.3940 98.5366 131.9043
v 71.4371 98.5366 137.9232
v 72.6772 98.5366 144.1574
v 77.0903 91.8750 157.4236
v 77.5441 91.8750 150.5000
v 75.7366 91.8750 164.2288
v 73.5063 91.8750 170.7991
v 70.4375 91.8750 177.0220
v 66.5827 91.8750 182.7912
v 62.0078 91.8750 188.0078
v 56.7912 91.8750 192.5827
v 51.0220 91.8750 196.4375
v 44.7991 91.8750 199.5063
v 38.2288 91.8750 201.7366
v 31.4236 91.8750 203.0903
v 24.5000 91.8750 203.5441
v 17.5764 91.8750 203.0903
v 10.7712 91.8750 201.7366
v 4.2009 91.8750 199.5063
v -2.0220 91.8750 196.4375
v -7.7912 91.8750 192.5827
v -13.0078 91.8750 188.0078
v -17.5827 91.8750 182.7912
v -21.4375 91.8750 177.0220
v -24.5063 91.8750 170.7991
v -26.7366 91.8750 164.2288
v -28.0903 91.8750 157.4236
v -28.5441 91.8750 150.5000
v -28.0903 91.8750 143.5764
v -26.7366 91.8750 136.7712
v -24.5063 91.8750 130.2009
v -21.4375 91.8750 123.9780
v -17.5827 91.8750 118.2088
v -13.0078 91.8750 112.9922
v -7.7912 91.8750 108.4173
v -2.0220 91.8750 104.5625
v 4.2009 91.8750 101.4937
v 10.7712 91.8750 99.2634
v 17.5764 91.8750 97.9097
v 24.5000 91.8750 97.4559
v 31.4236 91.8750 97.9097
v 38.2288 91.8750 99.2634
v 44.7991 91.8750 101.4937
v 51.0220 91.8750 104.5625
v 56.7912 91.8750 108.4173
v 62.0078 91.8750 112.9922
v 66.5827 91.8750 118.2088
v 70.4375 91.8750 123.9780
v 73.5063 91.8750 130.2009
v 75.7366 91.8750 136.7712
v 77.0903 91.8750 143.5764
v 80.6035 84.6894 157.8862
v 81.0876 84.6894 150.5000
v 79.1594 84.6894 165.1460
v 76.7801 84.6894 172.1551
v 73.5063 84.6894 178.7938
v 69.3940 84.6894 184.9484
v 64.5135 84.6894 190.5135
v 58.9484 84.6894 195.3940
v 52.7938 84.6894 199.5063
v 46.1551 84.6894 202.7801
v 39.1460 84.6894 205.1594
v 31.8862 84.6894 206.6035
v 24.5000 84.6894 207.0876
v 17.1138 84.6894 206.6035
v 9.8540 84.6894 205.1594
v 2.8449 84.6894 202.7801
v -3.7938 84.6894 199.5063
v -9.9484 84.6894 195.3940
v -15.5135 84.6894 190.5135
v -20.3940 84.6894 184.9484
v -24.5063 84.6894 178.7938
v -27.7801 84.6894 172.1551
v -30.1594 84.6894 165.1460
v -31.6035 84.6894 157.8862
v -32.0876 84.6894 150.5000
v -31.6035 84.6894 143.1138
v -30.1594 84.6894 135.8540
v -27.7801 84.6894 128.8449
v -24.5063 84.6894 122.2062
v -20.3940 84.6894 116.0516
v -15.5135 84.6894 110.4865
v -9.9484 84.6894 105.6060
v -3.7938 84.6894 101.4937
v 2.8449 84.6894 98.2199
v 9.8540 84.6894 95.8406
v 17.1138 84.6894 94.3965
v 24.5000 84.6894 93.9124
v 31.8862 84.6894 94.3965
v 39.1460 84.6894 95.8406
v 46.1551 84.6894 98.2199
v 52.7938 84.6894 101.4937
v 58.9484 84.6894 105.6060
v 64.5135 84.6894 110.4865
v 69.3940 84.6894 116.0516
v 73.5063 84.6894 122.2062
v 76.7801 84.6894 128.8449
v 79.1594 84.6894 135.8540
v 80.6035 84.6894 143.1138
v 83.1568 77.1027 158.2223
v 83.6630 77.1027 150.5000
v 81.6470 77.1027 165.8125
v 79.1594 77.1027 173.1407
v 75.7366 77.1027 180.0815
v 71.4371 77.1027 186.5161
v 66.3345 77.1027 192.3345
v 60.5161 77.1027 197.4371
v 54.0815 77.1027 201.7366
v 47.1407 77.1027 205.1594
v 39.8125 77.1027 207.6470
v 32.2223 77.1027 209.1568
v 24.5000 77.1027 209.6630
v 16.7777 77.1027 209.1568
v 9.1875 77.1027 207.6470
v 1.8593 77.1027 205.1594
v -5.0815 77.1027 201.7366
v -11.5161 77.1027 197.4371
v -17.3345 77.1027 192.3345
v -22.4371 77.1027 186.5161
v -26.7366 77.1027 180.0815
v -30.1594 77.1027 173.1407
v -32.6470 77.1027 165.8125
v -34.1568 77.1027 158.2223
v -34.6630 77.1027 150.5000
v -34.1568 77.1027 142.7777
v -32.6470 77.1027 135.1875
v -30.1594 77.1027 127.8593
v -26.7366 77.1027 120.9185
v -22.4371 77.1027 114.4839
v -17.3345 77.1027 108.6655
v -11.5161 77.1027 103.5629
v -5.0815 77.1027 99.2634
v 1.8593 77.1027 95.8406
v 9.1875 77.1027 93.3530
v 16.7777 77.1027 91.8432
v 24.5000 77.1027 91.3370
v 32.2223 77.1027 91.8432
v 39.8125 77.1027 93.3530
v 47.1407 77.1027 95.8406
v 54.0815 77.1027 99.2634
v 60.5161 77.1027 103.5629
v 66.3345 77.1027 108.6655
v 71.4371 77.1027 114.4839
v 75.7366 77.1027 120.9185
v 79.1594 77.1027 127.8593
v 81.6470 77.1027 135.1875
v 83.1568 77.1027 142.7777
v 84.7065 69.2447 158.4263
v 85.2260 69.2447 150.5000
v 83.1568 69.2447 166.2170
v 80.6035 69.2447 173.7388
v 77.0903 69.2447 180.8630
v 72.6772 69.2447 187.4676
v 67.4398 69.2447 193.4398
v 61.4676 69.2447 198.6772
v 54.8630 69.2447 203.0903
v 47.7388 69.2447 206.6035
v 40.2170 69.2447 209.1568
v 32.4263 69.2447 210.7065
v 24.5000 69.2447 211.2260
v 16.5737 69.2447 210.7065
v 8.7830 69.2447 209.1568
v 1.2612 69.2447 206.6035
v -5.8630 69.2447 203.0903
v -12.4676 69.2447 198.6772
v -18.4398 69.2447 193.4398
v -23.6772 69.2447 187.4676
v -28.0903 69.2447 180.8630
v -31.6035 69.2447 173.7388
v -34.1568 69.2447 166.2170
v -35.7065 69.2447 158.4263
v -36.2260 69.2447 150.5000
v -35.7065 69.2447 142.5737
v -34.1568 69.2447 134.7830
v -31.6035 69.2447 127.2612
v -28.0903 69.2447 120.1370
v -23.6772 69.2447 113.5324
v -18.4398 69.2447 107.5602
v -12.4676 69.2447 102.3228
v -5.8630 69.2447 97.9097
v 1.2612 69.2447 94.3965
v 8.7830 69.2447 91.8432
v 16.5737 69.2447 90.2935
v 24.5000 69.2447 89.7740
v 32.4263 69.2447 90.2935
v 40.2170 69.2447 91.8432
v 47.7388 69.2447 94.3965
v 54.8630 69.2447 97.9097
v 61.4676 69.2447 102.3228
v 67.4398 69.2447 107.5602
v 72.6772 69.2447 113.5324
v 77.0903 69.2447 120.1370
v 80.6035 69.2447 127.2612
v 83.1568 69.2447 134.7830
v 84.7065 69.2447 142.5737
v 85.2260 61.2500 158.4947
v 85.7500 61.2500 150.5000
v 83.6630 61.2500 166.3527
v 81.0876 61.2500 173.9394
v 77.5441 61.2500 181.1250
v 73.0929 61.2500 187.7866
v 67.8103 61.2500 193.8103
v 61.7866 61.2500 199.0929
v 55.1250 61.2500 203.5441
v 47.9394 61.2500 207.0876
v 40.3527 61.2500 209.6630
v 32.4947 61.2500 211.2260
v 24.5000 61.2500 211.7500
v 16.5053 61.2500 211.2260
v 8.6473 61.2500 209.6630
v 1.0606 61.2500 207.0876
v -6.1250 61.2500 203.5441
v -12.7866 61.2500 199.0929
v -18.8103 61.2500 193.8103
v -24.0929 61.2500 187.7866
v -28.5441 61.2500 181.1250
v -32.0876 61.2500 173.9394
v -34.6630 61.2500 166.3527
v -36.2260 61.2500 158.4947
v -36.7500 61.2500 150.5000
v -36.2260 61.2500 142.5053
v -34.6630 61.2500 134.6473
v -32.0876 61.2500 127.0606
v -28.5441 61.2500 119.8750
v -24.0929 61.2500 113.2134
v -18.8103 61.2500 107.1897
v -12.7866 61.2500 101.9071
v -6.1250 61.2500 97.4559
v 1.0606 61.2500 93.9124
v 8.6473 61.2500 91.3370
v 16.5053 61.2500 89.7740
v 24.5000 61.2500 89.2500
v 32.4947 61.2500 89.7740
v 40.3527 61.2500 91.3370
v 47.9394 61.2500 93.9124
v 55.1250 61.2500 97.4559
v 61.7866 61.2500 101.9071
v 67.8103 61.2500 107.1897
v 73.0929 61.2500 113.2134
v 77.5441 61.2500 119.8750
v 81.0876 61.2500 127.0606
v 83.6630 61.2500 134.6473
v 85.2260 61.2500 142.5053
v 84.7065 53.2553 158.4263
v 85.2260 53.2553 150.5000
v 83.1568 53.2553 166.2170
v 80.6035 53.2553 173.7388
v 77.0903 53.2553 180.8630
v 72.6772 53.2553 187.4676
v 67.4398 53.2553 193.4398
v 61.4676 53.2553 198.6772
v 54.8630 53.2553 203.0903
v 47.7388 53.2553 206.6035
v 40.2170 53.2553 209.1568
v 32.4263 53.2553 210.7065
v 24.5000 53.2553 211.2260
v 16.5737 53.2553 210.7065
v 8.7830 53.2553 209.1568
v 1.2612 53.2553 206.6035
v -5.8630 53.2553 203.0903
v -12.4676 53.2553 198.6772
v -18.4398 53.2553 193.4398
v -23.6772 53.2553 187.4676
v -28.0903 53.2553 180.8630
v -31.6035 53.2553 173.7388
v -34.1568 53.2553 166.2170
v -35.7065 53.2553 158.4263
v -36.2260 53.2553 150.5000
v -35.7065 53.2553 142.5737
v -34.1568 53.2553 134.7830
v -31.6035 53.2553 127.2612
v -28.0903 53.2553 120.1370
v -23.6772 53.2553 113.5324
v -18.4398 53.2553 107.5602
v -12.4676 53.2553 102.3228
v -5.8630 53.2553 97.9097
v 1.2612 53.2553 94.3965
v 8.7830 53.2553 91.8432
v 16.5737 53.2553 90.2935
v 24.5000 53.2553 89.7740
v 32.4263 53.2553 90.2935
v 40.2170 53.2553 91.8432
v 47.7388 53.2553 94.3965
v 54.8630 53.2553 97.9097
v 61.4676 53.2553 102.3228
v 67.4398 53.2553 107.5602
v 72.6772 53.2553 113.5324
v 77.0903 53.2553 120.1370
v 80.6035 53.2553 127.2612
v 83.1568 53.2553 134.7830
v 84.7065 53.2553 142.5737
v 83.1568 45.3973 158.2223
v 83.6630 45.3973 150.5000
v 81.6470 45.3973 165.8125
v 79.1594 45.3973 173.1407
v 75.7366 45.3973 180.0815
v 71.4371 45.3973 186.5161
v 66.3345 45.3973 192.3345
v 60.5161 45.3973 197.4371
v 54.0815 45.3973 201.7366
v 47.1407 45.3973 205.1594
v 39.8125 45.3973 207.6470
v 32.2223 45.3973 209.1568
v 24.5000 45.3973 209.6630
v 16.7777 45.3973 209.1568
v 9.1875 45.3973 207.6470
v 1.8593 45.3973 205.1594
v -5.0815 45.3973 201.7366
v -11.5161 45.3973 197.4371
v -17.3345 45.3973 192.3345
v -22.4371 45.3973 186.5161
v -26.7366 45.3973 180.0815
v -30.1594 45.3973 173.1407
v -32.6470 45.3973 165.8125
v -34.1568 45.3973 158.2223
v -34.6630 45.3973 150.5000
v -34.1568 45.3973 142.7777
v -32.6470 45.3973 135.1875
v -30.1594 45.3973 127.8593
v -26.7366 45.3973 120.9185
v -22.4371 45.3973 114.4839
v -17.3345 45.3973 108.6655
v -11.5161 45.3973 103.5629
v -5.0815 45.3973 99.2634
v 1.8593 45.3973 95.8406
v 9.1875 45.3973 93.3530
v 16.7777 45.3973 91.8432
v 24.5000 45.3973 91.3370
v 32.2223 45.3973 91.8432
v 39.8125 45.3973 93.3530
v 47.1407 45.3973 95.8406
v 54.0815 45.3973 99.2634
v 60.5161 45.3973 103.5629
v 66.3345 45.3973 108.6655
v 71.4371 45.3973 114.4839
v 75.7366 45.3973 120.9185
v 79.1594 45.3973 127.8593
v 81.6470 45.3973 135.1875
v 83.1568 45.3973 142.7777
v 80.6035 37.8106 157.8862
v 81.0876 37.8106 150.5000
v 79.1594 37.8106 165.1460
v 76.7801 37.8106 172.1551
v 73.5063 37.8106 178.7938
v 69.3940 37.8106 184.9484
v 64.5135 37.8106 190.5135
v 58.9484 37.8106 195.3940
v 52.7938 37.8106 199.5063
v 46.1551 37.8106 202.7801
v 39.1460 37.8106 205.1594
v 31.8862 37.8106 206.6035
v 24.5000 37.8106 207.0876
v 17.1138 37.8106 206.6035
v 9.8540 37.8106 205.1594
v 2.8449 37.8106 202.7801
v -3.7938 37.8106 199.5063
v -9.9484 37.8106 195.3940
v -15.5135 37.8106 190.5135
v -20.3940 37.8106 184.9484
v -24.5063 37.8106 178.7938
v -27.7801 37.8106 172.1551
v -30.1594 37.8106 165.1460
v -31.6035 37.8106 157.8862
v -32.0876 37.8106 150.5000
v -31.6035 37.8106 143.1138
v -30.1594 37.8106 135.8540
v -27.7801 37.8106 128.8449
v -24.5063 37.8106 122.2062
v -20.3940 37.8106 116.0516
v -15.5135 37.8106 110.4865
v -9.9484 37.8106 105.6060
v -3.7938 37.8106 101.4937
v 2.8449 37.8106 98.2199
v 9.8540 37.8106 95.8406
v 17.1138 37.8106 94.3965
v 24.5000 37.8106 93.9124
v 31.8862 37.8106 94.3965
v 39.1460 37.8106 95.8406
v 46.1551 37.8106 98.2199
v 52.7938 37.8106 101.4937
v 58.9484 37.8106 105.6060
v 64.5135 37.8106 110.4865
v 69.3940 37.8106 116.0516
v 73.5063 37.8106 122.2062
v 76.7801 37.8106 128.8449
v 79.1594 37.8106 135.8540
v 80.6035 37.8106 143.1138
v 77.0903 30.6250 157.4236
v 77.5441 30.6250 150.5000
v 75.7366 30.6250 164.2288
v 73.5063 30.6250 170.7991
v 70.4375 30.6250 177.0220
v 66.5827 30.6250 182.7912
v 62.0078 30.6250 188.0078
v 56.7912 30.6250 192.5827
v 51.0220 30.6250 196.4375
v 44.7991 30.6250 199.5063
v 38.2288 30.6250 201.7366
v 31.4236 30.6250 203.0903
v 24.5000 30.6250 203.5441
v 17.5764 30.6250 203.0903
v 10.7712 30.6250 201.7366
v 4.2009 30.6250 199.5063
v -2.0220 30.6250 196.4375
v -7.7912 30.6250 192.5827
v -13.0078 30.6250 188.0078
v -17.5827 30.6250 182.7912
v -21.4375 30.6250 177.0220
v -24.5063 30.6250 170.7991
v -26.7366 30.6250 164.2288
v -28.0903 30.6250 157.4236
v -28.5441 30.6250 150.5000
v -28.0903 30.6250 143.5764
v -26.7366 30.6250 136.7712
v -24.5063 30.6250 130.2009
v -21.4375 30.6250 123.9780
v -17.5827 30.6250 118.2088
v -13.0078 30.6250 112.9922
v -7.7912 30.6250 108.4173
v -2.0220 30.6250 104.5625
v 4.2009 30.6250 101.4937
v 10.7712 30.6250 99.2634
v 17.5764 30.6250 97.9097
v 24.5000 30.6250 97.4559
v 31.4236 30.6250 97.9097
v 38.2288 30.6250 99.2634
v 44.7991 30.6250 101.4937
v 51.0220 30.6250 104.5625
v 56.7912 30.6250 108.4173
v 62.0078 30.6250 112.9922
v 66.5827 30.6250 118.2088
v 70.4375 30.6250 123.9780
v 73.5063 30.6250 130.2009
v 75.7366 30.6250 136.7712
v 77.0903 30.6250 143.5764
v 72.6772 23.9634 156.8426
v 73.0929 23.9634 150.5000
v 71.4371 23.9634 163.0768
v 69.3940 23.9634 169.0957
v 66.5827 23.9634 174.7964
v 63.0513 23.9634 180.0815
v 58.8604 23.9634 184.8604
v 54.0815 23.9634 189.0513
v 48.7964 23.9634 192.5827
v 43.0957 23.9634 195.3940
v 37.0768 23.9634 197.4371
v 30.8426 23.9634 198.6772
v 24.5000 23.9634 199.0929
v 18.1574 23.9634 198.6772
v 11.9232 23.9634 197.4371
v 5.9043 23.9634 195.3940
v 0.2036 23.9634 192.5827
v -5.0815 23.9634 189.0513
v -9.8604 23.9634 184.8604
v -14.0513 23.9634 180.0815
v -17.5827 23.9634 174.7964
v -20.3940 23.9634 169.0957
v -22.4371 23.9634 163.0768
v -23.6772 23.9634 156.8426
v -24.0929 23.9634 150.5000
v -23.6772 23.9634 144.1574
v -22.4371 23.9634 137.9232
v -20.3940 23.9634 131.9043
v -17.5827 23.9634 126.2036
v -14.0513 23.9634 120.9185
v -9.8604 23.9634 116.1396
v -5.0815 23.9634 111.9487
v 0.2036 23.9634 108.4173
v 5.9043 23.9634 105.6060
v 11.9232 23.9634 103.5629
v 18.1574 23.9634 102.3228
v 24.5000 23.9634 101.9071
v 30.8426 23.9634 102.3228
v 37.0768 23.9634 103.5629
v 43.0957 23.9634 105.6060
v 48.7964 23.9634 108.4173
v 54.0815 23.9634 111.9487
v 58.8604 23.9634 116.1396
v 63.0513 23.9634 120.9185
v 66.5827 23.9634 126.2036
v 69.3940 23.9634 131.9043
v 71.4371 23.9634 137.9232
v 72.6772 23.9634 144.1574
v 67.4398 17.9397 156.1531
v 67.8103 17.9397 150.5000
v 66.3345 17.9397 161.7095
v 64.5135 17.9397 167.0741
v 62.0078 17.9397 172.1551
v 58.8604 17.9397 176.8656
v 55.1250 17.9397 181.1250
v 50.8656 17.9397 184.8604
v 46.1551 17.9397 188.0078
v 41.0741 17.9397 190.5135
v 35.7095 17.9397 192.3345
v 30.1531 17.9397 193.4398
v 24.5000 17.9397 193.8103
v 18.8469 17.9397 193.4398
v 13.2905 17.9397 192.3345
v 7.9259 17.9397 190.5135
v 2.8449 17.9397 188.0078
v -1.8656 17.9397 184.8604
v -6.1250 17.9397 181.1250
v -9.8604 17.9397 176.8656
v -13.0078 17.9397 172.1551
v -15.5135 17.9397 167.0741
v -17.3345 17.9397 161.7095
v -18.4398 17.9397 156.1531
v -18.8103 17.9397 150.5000
v -18.4398 17.9397 144.8469
v -17.3345 17.9397 139.2905
v -15.5135 17.9397 133.9259
v -13.0078 17.9397 128.8449
v -9.8604 17.9397 124.1344
v -6.1250 17.9397 119.8750
v -1.8656 17.9397 116.1396
v 2.8449 17.9397 112.9922
v 7.9259 17.9397 110.4865
v 13.2905 17.9397 108.6655
v 18.8469 17.9397 107.5602
v 24.5000 17.9397 107.1897
v 30.1531 17.9397 107.5602
v 35.7095 17.9397 108.6655
v 41.0741 17.9397 110.4865
v 46.1551 17.9397 112.9922
v 50.8656 17.9397 116.1396
v 55.1250 17.9397 119.8750
v 58.8604 17.9397 124.1344
v 62.0078 17.9397 128.8449
v 64.5135 17.9397 133.9259
v 66.3345 17.9397 139.2905
v 67.4398 17.9397 144.8469
v 61.4676 12.6571 155.3669
v 61.7866 12.6571 150.5000
v 60.5161 12.6571 160.1505
v 58.9484 12.6571 164.7690
v 56.7912 12.6571 169.1433
v 54.0815 12.6571 173.1987
v 50.8656 12.6571 176.8656
v 47.1987 12.6571 180.0815
v 43.1433 12.6571 182.7912
v 38.7690 12.6571 184.9484
v 34.1505 12.6571 186.5161
v 29.3669 12.6571 187.4676
v 24.5000 12.6571 187.7866
v 19.6331 12.6571 187.4676
v 14.8495 12.6571 186.5161
v 10.2310 12.6571 184.9484
v 5.8567 12.6571 182.7912
v 1.8013 12.6571 180.0815
v -1.8656 12.6571 176.8656
v -5.0815 12.6571 173.1987
v -7.7912 12.6571 169.1433
v -9.9484 12.6571 164.7690
v -11.5161 12.6571 160.1505
v -12.4676 12.6571 155.3669
v -12.7866 12.6571 150.5000
v -12.4676 12.6571 145.6331
v -11.5161 12.6571 140.8495
v -9.9484 12.6571 136.2310
v -7.7912 12.6571 131.8567
v -5.0815 12.6571 127.8013
v -1.8656 12.6571 124.1344
v 1.8013 12.6571 120.9185
v 5.8567 12.6571 118.2088
v 10.2310 12.6571 116.0516
v 14.8495 12.6571 114.4839
v 19.6331 12.6571 113.5324
v 24.5000 12.6571 113.2134
v 29.3669 12.6571 113.5324
v 34.1505 12.6571 114.4839
v 38.7690 12.6571 116.0516
v 43.1433 12.6571 118.2088
v 47.1987 12.6571 120.9185
v 50.8656 12.6571 124.1344
v 54.0815 12.6571 127.8013
v 56.7912 12.6571 131.8567
v 58.9484 12.6571 136.2310
v 60.5161 12.6571 140.8495
v 61.4676 12.6571 145.6331
v 54.8630 8.2059 154.4974
v 55.1250 8.2059 150.5000
v 54.0815 8.2059 158.4263
v 52.7938 8.2059 162.2197
v 51.0220 8.2059 165.8125
v 48.7964 8.2059 169.1433
v 46.1551 8.2059 172.1551
v 43.1433 8.2059 174.7964
v 39.8125 8.2059 177.0220
v 36.2197 8.2059 178.7938
v 32.4263 8.2059 180.0815
v 28.4974 8.2059 180.8630
v 24.5000 8.2059 181.1250
v 20.5026 8.2059 180.8630
v 16.5737 8.2059 180.0815
v 12.7803 8.2059 178.7938
v 9.1875 8.2059 177.0220
v 5.8567 8.2059 174.7964
v 2.8449 8.2059 172.1551
v 0.2036 8.2059 169.1433
v -2.0220 8.2059 165.8125
v -3.7938 8.2059 162.2197
v -5.0815 8.2059 158.4263
v -5.8630 8.2059 154.4974
v -6.1250 8.2059 150.5000
v -5.8630 8.2059 146.5026
v -5.0815 8.2059 142.5737
v -3.7938 8.2059 138.7803
v -2.0220 8.2059 135.1875
v 0.2036 8.2059 131.8567
v 2.8449 8.2059 128.8449
v 5.8567 8.2059 126.2036
v 9.1875 8.2059 123.9780
v 12.7803 8.2059 122.2062
v 16.5737 8.2059 120.9185
v 20.5026 8.2059 120.1370
v 24.5000 8.2059 119.8750
v 28.4974 8.2059 120.1370
v 32.4263 8.2059 120.9185
v 36.2197 8.2059 122.2062
v 39.8125 8.2059 123.9780
v 43.1433 8.2059 126.2036
v 46.1551 8.2059 128.8449
v 48.7964 8.2059 131.8567
v 51.0220 8.2059 135.1875
v 52.7938 8.2059 138.7803
v 54.0815 8.2059 142.5737
v 54.8630 8.2059 146.5026
v 47.7388 4.6624 153.5595
v 47.9394 4.6624 150.5000
v 47.1407 4.6624 156.5666
v 46.1551 4.6624 159.4699
v 44.7991 4.6624 162.2197
v 43.0957 4.6624 164.7690
v 41.0741 4.6624 167.0741
v 38.7690 4.6624 169.0957
v 36.2197 4.6624 170.7991
v 33.4699 4.6624 172.1551
v 30.5666 4.6624 173.1407
v 27.5595 4.6624 173.7388
v 24.5000 4.6624 173.9394
v 21.4405 4.6624 173.7388
v 18.4334 4.6624 173.1407
v 15.5301 4.6624 172.1551
v 12.7803 4.6624 170.7991
v 10.2310 4.6624 169.0957
v 7.9259 4.6624 167.0741
v 5.9043 4.6624 164.7690
v 4.2009 4.6624 162.2197
v 2.8449 4.6624 159.4699
v 1.8593 4.6624 156.5666
v 1.2612 4.6624 153.5595
v 1.0606 4.6624 150.5000
v 1.2612 4.6624 147.4405
v 1.8593 4.6624 144.4334
v 2.8449 4.6624 141.5301
v 4.2009 4.6624 138.7803
v 5.9043 4.6624 136.2310
v 7.9259 4.6624 133.9259
v 10.2310 4.6624 131.9043
v 12.7803 4.6624 130.2009
v 15.5301 4.6624 128.8449
v 18.4334 4.6624 127.8593
v 21.4405 4.6624 127.2612
v 24.5000 4.6624 127.0606
v 27.5595 4.6624 127.2612
v 30.5666 4.6624 127.8593
v 33.4699 4.6624 128.8449
v 36.2197 4.6624 130.2009
v 38.7690 4.6624 131.9043
v 41.0741 4.6624 133.9259
v 43.0957 4.6624 136.2310
v 44.7991 4.6624 138.7803
v 46.1551 4.6624 141.5301
v 47.1407 4.6624 144.4334
v 47.7388 4.6624 147.4405
v 40.2170 2.0870 152.5692
v 40.3527 2.0870 150.5000
v 39.8125 2.0870 154.6030
v 39.1460 2.0870 156.5666
v 38.2288 2.0870 158.4263
v 37.0768 2.0870 160.1505
v 35.7095 2.0870 161.7095
v 34.1505 2.0870 163.0768
v 32.4263 2.0870 164.2288
v 30.5666 2.0870 165.1460
v 28.6030 2.0870 165.8125
v 26.5692 2.0870 166.2170
v 24.5000 2.0870 166.3527
v 22.4308 2.0870 166.2170
v 20.3970 2.0870 165.8125
v 18.4334 2.0870 165.1460
v 16.5737 2.0870 164.2288
v 14.8495 2.0870 163.0768
v 13.2905 2.0870 161.7095
v 11.9232 2.0870 160.1505
v 10.7712 2.0870 158.4263
v 9.8540 2.0870 156.5666
v 9.1875 2.0870 154.6030
v 8.7830 2.0870 152.5692
v 8.6473 2.0870 150.5000
v 8.7830 2.0870 148.4308
v 9.1875 2.0870 146.3970
v 9.8540 2.0870 144.4334
v 10.7712 2.0870 142.5737
v 11.9232 2.0870 140.8495
v 13.2905 2.0870 139.2905
v 14.8495 2.0870 137.9232
v 16.5737 2.0870 136.7712
v 18.4334 2.0870 135.8540
v 20.3970 2.0870 135.1875
v 22.4308 2.0870 134.7830
v 24.5000 2.0870 134.6473
v 26.5692 2.0870 134.7830
v 28.6030 2.0870 135.1875
v 30.5666 2.0870 135.8540
v 32.4263 2.0870 136.7712
v 34.1505 2.0870 137.9232
v 35.7095 2.0870 139.2905
v 37.0768 2.0870 140.8495
v 38.2288 2.0870 142.5737
v 39.1460 2.0870 144.4334
v 39.8125 2.0870 146.3970
v 40.2170 2.0870 148.4308
v 32.4263 0.5240 151.5435
v 32.4947 0.5240 150.5000
v 32.2223 0.5240 152.5692
v 31.8862 0.5240 153.5595
v 31.4236 0.5240 154.4974
v 30.8426 0.5240 155.3669
v 30.1531 0.5240 156.1531
v 29.3669 0.5240 156.8426
v 28.4974 0.5240 157.4236
v 27.5595 0.5240 157.8862
v 26.5692 0.5240 158.2223
v 25.5435 0.5240 158.4263
v 24.5000 0.5240 158.4947
v 23.4565 0.5240 158.4263
v 22.4308 0.5240 158.2223
v 21.4405 0.5240 157.8862
v 20.5026 0.5240 157.4236
v 19.6331 0.5240 156.8426
v 18.8469 0.5240 156.1531
v 18.1574 0.5240 155.3669
v 17.5764 0.5240 154.4974
v 17.1138 0.5240 153.5595
v 16.7777 0.5240 152.5692
v 16.5737 0.5240 151.5435
v 16.5053 0.5240 150.5000
v 16.5737 0.5240 149.4565
v 16.7777 0.5240 148.4308
v 17.1138 0.5240 147.4405
v 17.5764 0.5240 146.5026
v 18.1574 0.5240 145.6331
v 18.8469 0.5240 144.8469
v 19.6331 0.5240 144.1574
v 20.5026 0.5240 143.5764
v 21.4405 0.5240 143.1138
v 22.4308 0.5240 142.7777
v 23.4565 0.5240 142.5737
v 24.5000 0.5240 142.5053
v 25.5435 0.5240 142.5737
v 26.5692 0.5240 142.7777
v 27.5595 0.5240 143.1138
v 28.4974 0.5240 143.5764
v 29.3669 0.5240 144.1574
v 30.1531 0.5240 144.8469
v 30.8426 0.5240 145.6331
v 31.4236 0.5240 146.5026
v 31.8862 0.5240 147.4405
v 32.2223 0.5240 148.4308
v 32.4263 0.5240 149.4565
v 24.5000 0.0000 150.5000
v 182.0000 87.5000 59.5000
v 188.7597 86.9614 60.5706
v 188.8440 86.9614 59.5000
v 188.5090 86.9614 61.6149
v 188.0981 86.9614 62.6071
v 187.5369 86.9614 63.5228
v 186.8394 86.9614 64.3394
v 186.0228 86.9614 65.0369
v 185.1071 86.9614 65.5981
v 184.1149 86.9614 66.0090
v 183.0706 86.9614 66.2597
v 182.0000 86.9614 66.3440
v 180.9294 86.9614 66.2597
v 179.8851 86.9614 66.0090
v 178.8929 86.9614 65.5981
v 177.9772 86.9614 65.0369
v 177.1606 86.9614 64.3394
v 176.4631 86.9614 63.5228
v 175.9019 86.9614 62.6071
v 175.4910 86.9614 61.6149
v 175.2403 86.9614 60.5706
v 175.1560 86.9614 59.5000
v 175.2403 86.9614 58.4294
v 175.4910 86.9614 57.3851
v 175.9019 86.9614 56.3929
v 176.4631 86.9614 55.4772
v 177.1606 86.9614 54.6606
v 177.9772 86.9614 53.9631
v 178.8929 86.9614 53.4019
v 179.8851 86.9614 52.9910
v 180.9294 86.9614 52.7403
v 182.0000 86.9614 52.6560
v 183.0706 86.9614 52.7403
v 184.1149 86.9614 52.9910
v 185.1071 86.9614 53.4019
v 186.0228 86.9614 53.9631
v 186.8394 86.9614 54.6606
v 187.5369 86.9614 55.4772
v 188.0981 86.9614 56.3929
v 188.5090 86.9614 57.3851
v 188.7597 86.9614 58.4294
v 195.3530 85.3587 61.6149
v 195.5195 85.3587 59.5000
v 194.8578 85.3587 63.6778
v 194.0460 85.3587 65.6377
v 192.9375 85.3587 67.4466
v 191.5597 85.3587 69.0597
v 189.9466 85.3587 70.4375
v 188.1377 85.3587 71.5460
v 186.1778 85.3587 72.3578
v 184.1149 85.3587 72.8530
v 182.0000 85.3587 73.0195
v 179.8851 85.3587 72.8530
v 177.8222 85.3587 72.3578
v 175.8623 85.3587 71.5460
v 174.0534 85.3587 70.4375
v 172.4403 85.3587 69.0597
v 171.0625 85.3587 67.4466
v 169.9540 85.3587 65.6377
v 169.1422 85.3587 63.6778
v 168.6470 85.3587 61.6149
v 168.4805 85.3587 59.5000
v 168.6470 85.3587 57.3851
v 169.1422 85.3587 55.3222
v 169.9540 85.3587 53.3623
v 171.0625 85.3587 51.5534
v 172.4403 85.3587 49.9403
v 174.0534 85.3587 48.5625
v 175.8623 85.3587 47.4540
v 177.8222 85.3587 46.6422
v 179.8851 85.3587 46.1470
v 182.0000 85.3587 45.9805
v 184.1149 85.3587 46.1470
v 186.1778 85.3587 46.6422
v 188.1377 85.3587 47.4540
v 189.9466 85.3587 48.5625
v 191.5597 85.3587 49.9403
v 192.9375 85.3587 51.5534
v 194.0460 85.3587 53.3623
v 194.8578 85.3587 55.3222
v 195.3530 85.3587 57.3851
v 201.6175 82.7315 62.6071
v 201.8621 82.7315 59.5000
v 200.8900 82.7315 65.6377
v 199.6972 82.7315 68.5172
v 198.0688 82.7315 71.1746
v 196.0446 82.7315 73.5446
v 193.6746 82.7315 75.5688
v 191.0172 82.7315 77.1972
v 188.1377 82.7315 78.3900
v 185.1071 82.7315 79.1175
v 182.0000 82.7315 79.3621
v 178.8929 82.7315 79.1175
v 175.8623 82.7315 78.3900
v 172.9828 82.7315 77.1972
v 170.3254 82.7315 75.5688
v 167.9554 82.7315 73.5446
v 165.9312 82.7315 71.1746
v 164.3028 82.7315 68.5172
v 163.1100 82.7315 65.6377
v 162.3825 82.7315 62.6071
v 162.1379 82.7315 59.5000
v 162.3825 82.7315 56.3929
v 163.1100 82.7315 53.3623
v 164.3028 82.7315 50.4828
v 165.9312 82.7315 47.8254
v 167.9554 82.7315 45.4554
v 170.3254 82.7315 43.4312
v 172.9828 82.7315 41.8028
v 175.8623 82.7315 40.6100
v 178.8929 82.7315 39.8825
v 182.0000 82.7315 39.6379
v 185.1071 82.7315 39.8825
v 188.1377 82.7315 40.6100
v 191.0172 82.7315 41.8028
v 193.6746 82.7315 43.4312
v 196.0446 82.7315 45.4554
v 198.0688 82.7315 47.8254
v 199.6972 82.7315 50.4828
v 200.8900 82.7315 53.3623
v 201.6175 82.7315 56.3929
v 207.3990 79.1445 63.5228
v 207.7156 79.1445 59.5000
v 206.4570 79.1445 67.4466
v 204.9128 79.1445 71.1746
v 202.8044 79.1445 74.6153
v 200.1837 79.1445 77.6837
v 197.1153 79.1445 80.3044
v 193.6746 79.1445 82.4128
v 189.9466 79.1445 83.9570
v 186.0228 79.1445 84.8990
v 182.0000 79.1445 85.2156
v 177.9772 79.1445 84.8990
v 174.0534 79.1445 83.9570
v 170.3254 79.1445 82.4128
v 166.8847 79.1445 80.3044
v 163.8163 79.1445 77.6837
v 161.1956 79.1445 74.6153
v 159.0872 79.1445 71.1746
v 157.5430 79.1445 67.4466
v 156.6010 79.1445 63.5228
v 156.2844 79.1445 59.5000
v 156.6010 79.1445 55.4772
v 157.5430 79.1445 51.5534
v 159.0872 79.1445 47.8254
v 161.1956 79.1445 44.3847
v 163.8163 79.1445 41.3163
v 166.8847 79.1445 38.6956
v 170.3254 79.1445 36.5872
v 174.0534 79.1445 35.0430
v 177.9772 79.1445 34.1010
v 182.0000 79.1445 33.7844
v 186.0228 79.1445 34.1010
v 189.9466 79.1445 35.0430
v 193.6746 79.1445 36.5872
v 197.1153 79.1445 38.6956
v 200.1837 79.1445 41.3163
v 202.8044 79.1445 44.3847
v 204.9128 79.1445 47.8254
v 206.4570 79.1445 51.5534
v 207.3990 79.1445 55.4772
v 212.5550 74.6859 64.3394
v 212.9359 74.6859 59.5000
v 211.4218 74.6859 69.0597
v 209.5641 74.6859 73.5446
v 207.0277 74.6859 77.6837
v 203.8750 74.6859 81.3750
v 200.1837 74.6859 84.5277
v 196.0446 74.6859 87.0641
v 191.5597 74.6859 88.9218
v 186.8394 74.6859 90.0550
v 182.0000 74.6859 90.4359
v 177.1606 74.6859 90.0550
v 172.4403 74.6859 88.9218
v 167.9554 74.6859 87.0641
v 163.8163 74.6859 84.5277
v 160.1250 74.6859 81.3750
v 156.9723 74.6859 77.6837
v 154.4359 74.6859 73.5446
v 152.5782 74.6859 69.0597
v 151.4450 74.6859 64.3394
v 151.0641 74.6859 59.5000
v 151.4450 74.6859 54.6606
v 152.5782 74.6859 49.9403
v 154.4359 74.6859 45.4554
v 156.9723 74.6859 41.3163
v 160.1250 74.6859 37.6250
v 163.8163 74.6859 34.4723
v 167.9554 74.6859 31.9359
v 172.4403 74.6859 30.0782
v 177.1606 74.6859 28.9450
v 182.0000 74.6859 28.5641
v 186.8394 74.6859 28.9450
v 191.5597 74.6859 30.0782
v 196.0446 74.6859 31.9359
v 200.1837 74.6859 34.4723
v 203.8750 74.6859 37.6250
v 207.0277 74.6859 41.3163
v 209.5641 74.6859 45.4554
v 211.4218 74.6859 49.9403
v 212.5550 74.6859 54.6606
v 216.9587 69.4656 65.0369
v 217.3945 69.4656 59.5000
v 215.6622 69.4656 70.4375
v 213.5367 69.4656 75.5688
v 210.6347 69.4656 80.3044
v 207.0277 69.4656 84.5277
v 202.8044 69.4656 88.1347
v 198.0688 69.4656 91.0367
v 192.9375 69.4656 93.1622
v 187.5369 69.4656 94.4587
v 182.0000 69.4656 94.8945
v 176.4631 69.4656 94.4587
v 171.0625 69.4656 93.1622
v 165.9312 69.4656 91.0367
v 161.1956 69.4656 88.1347
v 156.9723 69.4656 84.5277
v 153.3653 69.4656 80.3044
v 150.4633 69.4656 75.5688
v 148.3378 69.4656 70.4375
v 147.0413 69.4656 65.0369
v 146.6055 69.4656 59.5000
v 147.0413 69.4656 53.9631
v 148.3378 69.4656 48.5625
v 150.4633 69.4656 43.4312
v 153.3653 69.4656 38.6956
v 156.9723 69.4656 34.4723
v 161.1956 69.4656 30.8653
v 165.9312 69.4656 27.9633
v 171.0625 69.4656 25.8378
v 176.4631 69.4656 24.5413
v 182.0000 69.4656 24.1055
v 187.5369 69.4656 24.5413
v 192.9375 69.4656 25.8378
v 198.0688 69.4656 27.9633
v 202.8044 69.4656 30.8653
v 207.0277 69.4656 34.4723
v 210.6347 69.4656 38.6956
v 213.5367 69.4656 43.4312
v 215.6622 69.4656 48.5625
v 216.9587 69.4656 53.9631
v 220.5016 63.6121 65.5981
v 220.9815 63.6121 59.5000
v 219.0736 63.6121 71.5460
v 216.7328 63.6121 77.1972
v 213.5367 63.6121 82.4128
v 209.5641 63.6121 87.0641
v 204.9128 63.6121 91.0367
v 199.6972 63.6121 94.2328
v 194.0460 63.6121 96.5736
v 188.0981 63.6121 98.0016
v 182.0000 63.6121 98.4815
v 175.9019 63.6121 98.0016
v 169.9540 63.6121 96.5736
v 164.3028 63.6121 94.2328
v 159.0872 63.6121 91.0367
v 154.4359 63.6121 87.0641
v 150.4633 63.6121 82.4128
v 147.2672 63.6121 77.1972
v 144.9264 63.6121 71.5460
v 143.4984 63.6121 65.5981
v 143.0185 63.6121 59.5000
v 143.4984 63.6121 53.4019
v 144.9264 63.6121 47.4540
v 147.2672 63.6121 41.8028
v 150.4633 63.6121 36.5872
v 154.4359 63.6121 31.9359
v 159.0872 63.6121 27.9633
v 164.3028 63.6121 24.7672
v 169.9540 63.6121 22.4264
v 175.9019 63.6121 20.9984
v 182.0000 63.6121 20.5185
v 188.0981 63.6121 20.9984
v 194.0460 63.6121 22.4264
v 199.6972 63.6121 24.7672
v 204.9128 63.6121 27.9633
v 209.5641 63.6121 31.9359
v 213.5367 63.6121 36.5872
v 216.7328 63.6121 41.8028
v 219.0736 63.6121 47.4540
v 220.5016 63.6121 53.4019
v 223.0965 57.2695 66.0090
v 223.6087 57.2695 59.5000
v 221.5722 57.2695 72.3578
v 219.0736 57.2695 78.3900
v 215.6622 57.2695 83.9570
v 211.4218 57.2695 88.9218
v 206.4570 57.2695 93.1622
v 200.8900 57.2695 96.5736
v 194.8578 57.2695 99.0722
v 188.5090 57.2695 100.5965
v 182.0000 57.2695 101.1087
v 175.4910 57.2695 100.5965
v 169.1422 57.2695 99.0722
v 163.1100 57.2695 96.5736
v 157.5430 57.2695 93.1622
v 152.5782 57.2695 88.9218
v 148.3378 57.2695 83.9570
v 144.9264 57.2695 78.3900
v 142.4278 57.2695 72.3578
v 140.9035 57.2695 66.0090
v 140.3913 57.2695 59.5000
v 140.9035 57.2695 52.9910
v 142.4278 57.2695 46.6422
v 144.9264 57.2695 40.6100
v 148.3378 57.2695 35.0430
v 152.5782 57.2695 30.0782
v 157.5430 57.2695 25.8378
v 163.1100 57.2695 22.4264
v 169.1422 57.2695 19.9278
v 175.4910 57.2695 18.4035
v 182.0000 57.2695 17.8913
v 188.5090 57.2695 18.4035
v 194.8578 57.2695 19.9278
v 200.8900 57.2695 22.4264
v 206.4570 57.2695 25.8378
v 211.4218 57.2695 30.0782
v 215.6622 57.2695 35.0430
v 219.0736 57.2695 40.6100
v 221.5722 57.2695 46.6422
v 223.0965 57.2695 52.9910
v 224.6794 50.5940 66.2597
v 225.2114 50.5940 59.5000
v 223.0965 50.5940 72.8530
v 220.5016 50.5940 79.1175
v 216.9587 50.5940 84.8990
v 212.5550 50.5940 90.0550
v 207.3990 50.5940 94.4587
v 201.6175 50.5940 98.0016
v 195.3530 50.5940 100.5965
v 188.7597 50.5940 102.1794
v 182.0000 50.5940 102.7114
v 175.2403 50.5940 102.1794
v 168.6470 50.5940 100.5965
v 162.3825 50.5940 98.0016
v 156.6010 50.5940 94.4587
v 151.4450 50.5940 90.0550
v 147.0413 50.5940 84.8990
v 143.4984 50.5940 79.1175
v 140.9035 50.5940 72.8530
v 139.3206 50.5940 66.2597
v 138.7886 50.5940 59.5000
v 139.3206 50.5940 52.7403
v 140.9035 50.5940 46.1470
v 143.4984 50.5940 39.8825
v 147.0413 50.5940 34.1010
v 151.4450 50.5940 28.9450
v 156.6010 50.5940 24.5413
v 162.3825 50.5940 20.9984
v 168.6470 50.5940 18.4035
v 175.2403 50.5940 16.8206
v 182.0000 50.5940 16.2886
v 188.7597 50.5940 16.8206
v 195.3530 50.5940 18.4035
v 201.6175 50.5940 20.9984
v 207.3990 50.5940 24.5413
v 212.5550 50.5940 28.9450
v 216.9587 50.5940 34.1010
v 220.5016 50.5940 39.8825
v 223.0965 50.5940 46.1470
v 224.6794 50.5940 52.7403
v 225.2114 43.7500 66.3440
v 225.7500 43.7500 59.5000
v 223.6087 43.7500 73.0195
v 220.9815 43.7500 79.3621
v 217.3945 43.7500 85.2156
v 212.9359 43.7500 90.4359
v 207.7156 43.7500 94.8945
v 201.8621 43.7500 98.4815
v 195.5195 43.7500 101.1087
v 188.8440 43.7500 102.7114
v 182.0000 43.7500 103.2500
v 175.1560 43.7500 102.7114
v 168.4805 43.7500 101.1087
v 162.1379 43.7500 98.4815
v 156.2844 43.7500 94.8945
v 151.0641 43.7500 90.4359
v 146.6055 43.7500 85.2156
v 143.0185 43.7500 79.3621
v 140.3913 43.7500 73.0195
v 138.7886 43.7500 66.3440
v 138.2500 43.7500 59.5000
v 138.7886 43.7500 52.6560
v 140.3913 43.7500 45.9805
v 143.0185 43.7500 39.6379
v 146.6055 43.7500 33.7844
v 151.0641 43.7500 28.5641
v 156.2844 43.7500 24.1055
v 162.1379 43.7500 20.5185
v 168.4805 43.7500 17.8913
v 175.1560 43.7500 16.2886
v 182.0000 43.7500 15.7500
v 188.8440 43.7500 16.2886
v 195.5195 43.7500 17.8913
v 201.8621 43.7500 20.5185
v 207.7156 43.7500 24.1055
v 212.9359 43.7500 28.5641
v 217.3945 43.7500 33.7844
v 220.9815 43.7500 39.6379
v 223.6087 43.7500 45.9805
v 225.2114 43.7500 52.6560
v 224.6794 36.9060 66.2597
v 225.2114 36.9060 59.5000
v 223.0965 36.9060 72.8530
v 220.5016 36.9060 79.1175
v 216.9587 36.9060 84.8990
v 212.5550 36.9060 90.0550
v 207.3990 36.9060 94.4587
v 201.6175 36.9060 98.0016
v 195.3530 36.9060 100.5965
v 188.7597 36.9060 102.1794
v 182.0000 36.9060 102.7114
v 175.2403 36.9060 102.1794
v 168.6470 36.9060 100.5965
v 162.3825 36.9060 98.0016
v 156.6010 36.9060 94.4587
v 151.4450 36.9060 90.0550
v 147.0413 36.9060 84.8990
v 143.4984 36.9060 79.1175
v 140.9035 36.9060 72.8530
v 139.3206 36.9060 66.2597
v 138.7886 36.9060 59.5000
v 139.3206 36.9060 52.7403
v 140.9035 36.9060 46.1470
v 143.4984 36.9060 39.8825
v 147.0413 36.9060 34.1010
v 151.4450 36.9060 28.9450
v 156.6010 36.9060 24.5413
v 162.3825 36.9060 20.9984
v 168.6470 36.9060 18.4035
v 175.2403 36.9060 16.8206
v 182.0000 36.9060 16.2886
v 188.7597 36.9060 16.8206
v 195.3530 36.9060 18.4035
v 201.6175 36.9060 20.9984
v 207.3990 36.9060 24.5413
v 212.5550 36.9060 28.9450
v 216.9587 36.9060 34.1010
v 220.5016 36.9060 39.8825
v 223.0965 36.9060 46.1470
v 224.6794 36.9060 52.7403
v 223.0965 30.2305 66.0090
v 223.6087 30.2305 59.5000
v 221.5722 30.2305 72.3578
v 219.0736 30.2305 78.3900
v 215.6622 30.2305 83.9570
v 211.4218 30.2305 88.9218
v 206.4570 30.2305 93.1622
v 200.8900 30.2305 96.5736
v 194.8578 30.2305 99.0722
v 188.5090 30.2305 100.5965
v 182.0000 30.2305 101.1087
v 175.4910 30.2305 100.5965
v 169.1422 30.2305 99.0722
v 163.1100 30.2305 96.5736
v 157.5430 30.2305 93.1622
v 152.5782 30.2305 88.9218
v 148.3378 30.2305 83.9570
v 144.9264 30.2305 78.3900
v 142.4278 30.2305 72.3578
v 140.9035 30.2305 66.0090
v 140.3913 30.2305 59.5000
v 140.9035 30.2305 52.9910
v 142.4278 30.2305 46.6422
v 144.9264 30.2305 40.6100
v 148.3378 30.2305 35.0430
v 152.5782 30.2305 30.0782
v 157.5430 30.2305 25.8378
v 163.1100 30.2305 22.4264
v 169.1422 30.2305 19.9278
v 175.4910 30.2305 18.4035
v 182.0000 30.2305 17.8913
v 188.5090 30.2305 18.4035
v 194.8578 30.2305 19.9278
v 200.8900 30.2305 22.4264
v 206.4570 30.2305 25.8378
v 211.4218 30.2305 30.0782
v 215.6622 30.2305 35.0430
v 219.0736 30.2305 40.6100
v 221.5722 30.2305 46.6422
v 223.0965 30.2305 52.9910
v 220.5016 23.8879 65.5981
v 220.9815 23.8879 59.5000
v 219.0736 23.8879 71.5460
v 216.7328 23.8879 77.1972
v 213.5367 23.8879 82.4128
v 209.5641 23.8879 87.0641
v 204.9128 23.8879 91.0367
v 199.6972 23.8879 94.2328
v 194.0460 23.8879 96.5736
v 188.0981 23.8879 98.0016
v 182.0000 23.8879 98.4815
v 175.9019 23.8879 98.0016
v 169.9540 23.8879 96.5736
v 164.3028 23.8879 94.2328
v 159.0872 23.8879 91.0367
v 154.4359 23.8879 87.0641
v 150.4633 23.8879 82.4128
v 147.2672 23.8879 77.1972
v 144.9264 23.8879 71.5460
v 143.4984 23.8879 65.5981
v 143.0185 23.8879 59.5000
v 143.4984 23.8879 53.4019
v 144.9264 23.8879 47.4540
v 147.2672 23.8879 41.8028
v 150.4633 23.8879 36.5872
v 154.4359 23.8879 31.9359
v 159.0872 23.8879 27.9633
v 164.3028 23.8879 24.7672
v 169.9540 23.8879 22.4264
v 175.9019 23.8879 20.9984
v 182.0000 23.8879 20.5185
v 188.0981 23.8879 20.9984
v 194.0460 23.8879 22.4264
v 199.6972 23.8879 24.7672
v 204.9128 23.8879 27.9633
v 209.5641 23.8879 31.9359
v 213.5367 23.8879 36.5872
v 216.7328 23.8879 41.8028
v 219.0736 23.8879 47.4540
v 220.5016 23.8879 53.4019
v 216.9587 18.0344 65.0369
v 217.3945 18.0344 59.5000
v 215.6622 18.0344 70.4375
v 213.5367 18.0344 75.5688
v 210.6347 18.0344 80.3044
v 207.0277 18.0344 84.5277
v 202.8044 18.0344 88.1347
v 198.0688 18.0344 91.0367
v 192.9375 18.0344 93.1622
v 187.5369 18.0344 94.4587
v 182.0000 18.0344 94.8945
v 176.4631 18.0344 94.4587
v 171.0625 18.0344 93.1622
v 165.9312 18.0344 91.0367
v 161.1956 18.0344 88.1347
v 156.9723 18.0344 84.5277
v 153.3653 18.0344 80.3044
v 150.4633 18.0344 75.5688
v 148.3378 18.0344 70.4375
v 147.0413 18.0344 65.0369
v 146.6055 18.0344 59.5000
v 147.0413 18.0344 53.9631
v 148.3378 18.0344 48.5625
v 150.4633 18.0344 43.4312
v 153.3653 18.0344 38.6956
v 156.9723 18.0344 34.4723
v 161.1956 18.0344 30.8653
v 165.9312 18.0344 27.9633
v 171.0625 18.0344 25.8378
v 176.4631 18.0344 24.5413
v 182.0000 18.0344 24.1055
v 187.5369 18.0344 24.5413
v 192.9375 18.0344 25.8378
v 198.0688 18.0344 27.9633
v 202.8044 18.0344 30.8653
v 207.0277 18.0344 34.4723
v 210.6347 18.0344 38.6956
v 213.5367 18.0344 43.4312
v 215.6622 18.0344 48.5625
v 216.9587 18.0344 53.9631
v 212.5550 12.8141 64.3394
v 212.9359 12.8141 59.5000
v 211.4218 12.8141 69.0597
v 209.5641 12.8141 73.5446
v 207.0277 12.8141 77.6837
v 203.8750 12.8141 81.3750
v 200.1837 12.8141 84.5277
v 196.0446 12.8141 87.0641
v 191.5597 12.8141 88.9218
v 186.8394 12.8141 90.0550
v 182.0000 12.8141 90.4359
v 177.1606 12.8141 90.0550
v 172.4403 12.8141 88.9218
v 167.9554 12.8141 87.0641
v 163.8163 12.8141 84.5277
v 160.1250 12.8141 81.3750
v 156.9723 12.8141 77.6837
v 154.4359 12.8141 73.5446
v 152.5782 12.8141 69.0597
v 151.4450 12.8141 64.3394
v 151.0641 12.8141 59.5000
v 151.4450 12.8141 54.6606
v 152.5782 12.8141 49.9403
v 154.4359 12.8141 45.4554
v 156.9723 12.8141 41.3163
v 160.1250 12.8141 37.6250
v 163.8163 12.8141 34.4723
v 167.9554 12.8141 31.9359
v 172.4403 12.8141 30.0782
v 177.1606 12.8141 28.9450
v 182.0000 12.8141 28.5641
v 186.8394 12.8141 28.9450
v 191.5597 12.8141 30.0782
v 196.0446 12.8141 31.9359
v 200.1837 12.8141 34.4723
v 203.8750 12.8141 37.6250
v 207.0277 12.8141 41.3163
v 209.5641 12.8141 45.4554
v 211.4218 12.8141 49.9403
v 212.5550 12.8141 54.6606
v 207.3990 8.3555 63.5228
v 207.7156 8.3555 59.5000
v 206.4570 8.3555 67.4466
v 204.9128 8.3555 71.1746
v 202.8044 8.3555 74.6153
v 200.1837 8.3555 77.6837
v 197.1153 8.3555 80.3044
v 193.6746 8.3555 82.4128
v 189.9466 8.3555 83.9570
v 186.0228 8.3555 84.8990
v 182.0000 8.3555 85.2156
v 177.9772 8.3555 84.8990
v 174.0534 8.3555 83.9570
v 170.3254 8.3555 82.4128
v 166.8847 8.3555 80.3044
v 163.8163 8.3555 77.6837
v 161.1956 8.3555 74.6153
v 159.0872 8.3555 71.1746
v 157.5430 8.3555 67.4466
v 156.6010 8.3555 63.5228
v 156.2844 8.3555 59.5000
v 156.6010 8.3555 55.4772
v 157.5430 8.3555 51.5534
v 159.0872 8.3555 47.8254
v 161.1956 8.3555 44.3847
v 163.8163 8.3555 41.3163
v 166.8847 8.3555 38.6956
v 170.3254 8.3555 36.5872
v 174.0534 8.3555 35.0430
v 177.9772 8.3555 34.1010
v 182.0000 8.3555 33.7844
v 186.0228 8.3555 34.1010
v 189.9466 8.3555 35.0430
v 193.6746 8.3555 36.5872
v 197.1153 8.3555 38.6956
v 200.1837 8.3555 41.3163
v 202.8044 8.3555 44.3847
v 204.9128 8.3555 47.8254
v 206.4570 8.3555 51.5534
v 207.3990 8.3555 55.4772
v 201.6175 4.7685 62.6071
v 201.8621 4.7685 59.5000
v 200.8900 4.7685 65.6377
v 199.6972 4.7685 68.5172
v 198.0688 4.7685 71.1746
v 196.0446 4.7685 73.5446
v 193.6746 4.7685 75.5688
v 191.0172 4.7685 77.1972
v 188.1377 4.7685 78.3900
v 185.1071 4.7685 79.1175
v 182.0000 4.7685 79.3621
v 178.8929 4.7685 79.1175
v 175.8623 4.7685 78.3900
v 172.9828 4.7685 77.1972
v 170.3254 4.7685 75.5688
v 167.9554 4.7685 73.5446
v 165.9312 4.7685 71.1746
v 164.3028 4.7685 68.5172
v 163.1100 4.7685 65.6377
v 162.3825 4.7685 62.6071
v 162.1379 4.7685 59.5000
v 162.3825 4.7685 56.3929
v 163.1100 4.7685 53.3623
v 164.3028 4.7685 50.4828
v 165.9312 4.7685 47.8254
v 167.9554 4.7685 45.4554
v 170.3254 4.7685 43.4312
v 172.9828 4.7685 41.8028
v 175.8623 4.7685 40.6100
v 178.8929 4.7685 39.8825
v 182.0000 4.7685 39.6379
v 185.1071 4.7685 39.8825
v 188.1377 4.7685 40.6100
v 191.0172 4.7685 41.8028
v 193.6746 4.7685 43.4312
v 196.0446 4.7685 45.4554
v 198.0688 4.7685 47.8254
v 199.6972 4.7685 50.4828
v 200.8900 4.7685 53.3623
v 201.6175 4.7685 56.3929
v 195.3530 2.1413 61.6149
v 195.5195 2.1413 59.5000
v 194.8578 2.1413 63.6778
v 194.0460 2.1413 65.6377
v 192.9375 2.1413 67.4466
v 191.5597 2.1413 69.0597
v 189.9466 2.1413 70.4375
v 188.1377 2.1413 71.5460
v 186.1778 2.1413 72.3578
v 184.1149 2.1413 72.8530
v 182.0000 2.1413 73.0195
v 179.8851 2.1413 72.8530
v 177.8222 2.1413 72.3578
v 175.8623 2.1413 71.5460
v 174.0534 2.1413 70.4375
v 172.4403 2.1413 69.0597
v 171.0625 2.1413 67.4466
v 169.9540 2.1413 65.6377
v 169.1422 2.1413 63.6778
v 168.6470 2.1413 61.6149
v 168.4805 2.1413 59.5000
v 168.6470 2.1413 57.3851
v 169.1422 2.1413 55.3222
v 169.9540 2.1413 53.3623
v 171.0625 2.1413 51.5534
v 172.4403 2.1413 49.9403
v 174.0534 2.1413 48.5625
v 175.8623 2.1413 47.4540
v 177.8222 2.1413 46.6422
v 179.8851 2.1413 46.1470
v 182.0000 2.1413 45.9805
v 184.1149 2.1413 46.1470
v 186.1778 2.1413 46.6422
v 188.1377 2.1413 47.4540
v 189.9466 2.1413 48.5625
v 191.5597 2.1413 49.9403
v 192.9375 2.1413 51.5534
v 194.0460 2.1413 53.3623
v 194.8578 2.1413 55.3222
v 195.3530 2.1413 57.3851
v 188.7597 0.5386 60.5706
v 188.8440 0.5386 59.5000
v 188.5090 0.5386 61.6149
v 188.0981 0.5386 62.6071
v 187.5369 0.5386 63.5228
v 186.8394 0.5386 64.3394
v 186.0228 0.5386 65.0369
v 185.1071 0.5386 65.5981
v 184.1149 0.5386 66.0090
v 183.0706 0.5386 66.2597
v 182.0000 0.5386 66.3440
v 180.9294 0.5386 66.2597
v 179.8851 0.5386 66.0090
v 178.8929 0.5386 65.5981
v 177.9772 0.5386 65.0369
v 177.1606 0.5386 64.3394
v 176.4631 0.5386 63.5228
v 175.9019 0.5386 62.6071
v 175.4910 0.5386 61.6149
v 175.2403 0.5386 60.5706
v 175.1560 0.5386 59.5000
v 175.2403 0.5386 58.4294
v 175.4910 0.5386 57.3851
v 175.9019 0.5386 56.3929
v 176.4631 0.5386 55.4772
v 177.1606 0.5386 54.6606
v 177.9772 0.5386 53.9631
v 178.8929 0.5386 53.4019
v 179.8851 0.5386 52.9910
v 180.9294 0.5386 52.7403
v 182.0000 0.5386 52.6560
v 183.0706 0.5386 52.7403
v 184.1149 0.5386 52.9910
v 185.1071 0.5386 53.4019
v 186.0228 0.5386 53.9631
v 186.8394 0.5386 54.6606
v 187.5369 0.5386 55.4772
v 188.0981 0.5386 56.3929
v 188.5090 0.5386 57.3851
v 188.7597 0.5386 58.4294
v 182.0000 0.0000 59.5000
v 362.2500 75.2500 224.0000
v 361.7674 75.2500 228.2835
v 361.2972 66.8787 228.2835
v 361.7768 66.8247 224.0000
v 360.3437 75.2500 232.3523
v 359.8825 67.0381 232.3523
v 358.0503 75.2500 236.0022
v 357.6035 67.2949 236.0022
v 355.0022 75.2500 239.0503
v 354.5746 67.6362 239.0503
v 351.3523 75.2500 241.3437
v 350.9476 68.0448 241.3437
v 347.2835 75.2500 242.7674
v 346.9045 68.5004 242.7674
v 343.0000 75.2500 243.2500
v 342.6479 68.9800 243.2500
v 338.7165 75.2500 242.7674
v 338.3913 69.4596 242.7674
v 334.6477 75.2500 241.3437
v 334.3481 69.9151 241.3437
v 330.9978 75.2500 239.0503
v 330.7212 70.3238 239.0503
v 327.9497 75.2500 236.0022
v 327.6923 70.6651 236.0022
v 325.6563 75.2500 232.3523
v 325.4133 70.9219 232.3523
v 324.2326 75.2500 228.2835
v 323.9985 71.0813 228.2835
v 323.7500 75.2500 224.0000
v 323.5189 71.1353 224.0000
v 324.2326 75.2500 219.7165
v 323.9985 71.0813 219.7165
v 325.6563 75.2500 215.6477
v 325.4133 70.9219 215.6477
v 327.9497 75.2500 211.9978
v 327.6923 70.6651 211.9978
v 330.9978 75.2500 208.9497
v 330.7212 70.3238 208.9497
v 334.6477 75.2500 206.6563
v 334.3481 69.9151 206.6563
v 338.7165 75.2500 205.2326
v 338.3913 69.4596 205.2326
v 343.0000 75.2500 204.7500
v 342.6479 68.9800 204.7500
v 347.2835 75.2500 205.2326
v 346.9045 68.5004 205.2326
v 351.3523 75.2500 206.6563
v 350.9476 68.0448 206.6563
v 355.0022 75.2500 208.9497
v 354.5746 67.6362 208.9497
v 358.0503 75.2500 211.9978
v 357.6035 67.2949 211.9978
v 360.3437 75.2500 215.6477
v 359.8825 67.0381 215.6477
v 361.7674 75.2500 219.7165
v 361.2972 66.8787 219.7165
v 359.8928 58.6127 228.2835
v 360.3633 58.5053 224.0000
v 358.5048 58.9295 232.3523
v 356.2689 59.4398 236.0022
v 353.2972 60.1181 239.0503
v 349.7388 60.9303 241.3437
v 345.7721 61.8357 242.7674
v 341.5960 62.7888 243.2500
v 337.4198 63.7420 242.7674
v 333.4531 64.6474 241.3437
v 329.8947 65.4596 239.0503
v 326.9230 66.1378 236.0022
v 324.6872 66.6482 232.3523
v 323.2991 66.9650 228.2835
v 322.8286 67.0724 224.0000
v 323.2991 66.9650 219.7165
v 324.6872 66.6482 215.6477
v 326.9230 66.1378 211.9978
v 329.8947 65.4596 208.9497
v 333.4531 64.6474 206.6563
v 337.4198 63.7420 205.2326
v 341.5960 62.7888 204.7500
v 345.7721 61.8357 205.2326
v 349.7388 60.9303 206.6563
v 353.2972 60.1181 208.9497
v 356.2689 59.4398 211.9978
v 358.5048 58.9295 215.6477
v 359.8928 58.6127 219.7165
v 357.5717 50.5559 228.2835
v 358.0272 50.3965 224.0000
v 356.2278 51.0261 232.3523
v 354.0632 51.7836 236.0022
v 351.1861 52.7903 239.0503
v 347.7410 53.9958 241.3437
v 343.9006 55.3396 242.7674
v 339.8575 56.7544 243.2500
v 335.8143 58.1691 242.7674
v 331.9739 59.5129 241.3437
v 328.5288 60.7184 239.0503
v 325.6518 61.7252 236.0022
v 323.4871 62.4826 232.3523
v 322.1433 62.9528 228.2835
v 321.6877 63.1122 224.0000
v 322.1433 62.9528 219.7165
v 323.4871 62.4826 215.6477
v 325.6518 61.7252 211.9978
v 328.5288 60.7184 208.9497
v 331.9739 59.5129 206.6563
v 335.8143 58.1691 205.2326
v 339.8575 56.7544 204.7500
v 343.9006 55.3396 205.2326
v 347.7410 53.9958 206.6563
v 351.1861 52.7903 208.9497
v 354.0632 51.7836 211.9978
v 356.2278 51.0261 215.6477
v 357.5717 50.5559 219.7165
v 354.3631 42.8097 228.2835
v 354.7979 42.6002 224.0000
v 353.0803 43.4274 232.3523
v 351.0141 44.4224 236.0022
v 348.2678 45.7450 239.0503
v 344.9794 47.3286 241.3437
v 341.3136 49.0940 242.7674
v 337.4543 50.9525 243.2500
v 333.5949 52.8111 242.7674
v 329.9291 54.5764 241.3437
v 326.6407 56.1601 239.0503
v 323.8944 57.4826 236.0022
v 321.8282 58.4776 232.3523
v 320.5454 59.0954 228.2835
v 320.1106 59.3048 224.0000
v 320.5454 59.0954 219.7165
v 321.8282 58.4776 215.6477
v 323.8944 57.4826 211.9978
v 326.6407 56.1601 208.9497
v 329.9291 54.5764 206.6563
v 333.5949 52.8111 205.2326
v 337.4543 50.9525 204.7500
v 341.3136 49.0940 205.2326
v 344.9794 47.3286 206.6563
v 348.2678 45.7450 208.9497
v 351.0141 44.4224 211.9978
v 353.0803 43.4274 215.6477
v 354.3631 42.8097 219.7165
v 350.3073 35.4714 228.2835
v 350.7160 35.2146 224.0000
v 349.1018 36.2288 232.3523
v 347.1600 37.4490 236.0022
v 344.5791 39.0707 239.0503
v 341.4886 41.0125 241.3437
v 338.0435 43.1772 242.7674
v 334.4166 45.4562 243.2500
v 330.7896 47.7352 242.7674
v 327.3445 49.8999 241.3437
v 324.2540 51.8417 239.0503
v 321.6731 53.4634 236.0022
v 319.7313 54.6836 232.3523
v 318.5258 55.4410 228.2835
v 318.1171 55.6978 224.0000
v 318.5258 55.4410 219.7165
v 319.7313 54.6836 215.6477
v 321.6731 53.4634 211.9978
v 324.2540 51.8417 208.9497
v 327.3445 49.8999 206.6563
v 330.7896 47.7352 205.2326
v 334.4166 45.4562 204.7500
v 338.0435 43.1772 205.2326
v 341.4886 41.0125 206.6563
v 344.5791 39.0707 208.9497
v 347.1600 37.4490 211.9978
v 349.1018 36.2288 215.6477
v 350.3073 35.4714 219.7165
v 345.4555 28.6333 228.2835
v 345.8328 28.3324 224.0000
v 344.3424 29.5210 232.3523
v 342.5493 30.9509 236.0022
v 340.1662 32.8513 239.0503
v 337.3126 35.1270 241.3437
v 334.1316 37.6638 242.7674
v 330.7826 40.3346 243.2500
v 327.4336 43.0053 242.7674
v 324.2525 45.5421 241.3437
v 321.3989 47.8178 239.0503
v 319.0158 49.7183 236.0022
v 317.2228 51.1482 232.3523
v 316.1096 52.0358 228.2835
v 315.7323 52.3367 224.0000
v 316.1096 52.0358 219.7165
v 317.2228 51.1482 215.6477
v 319.0158 49.7183 211.9978
v 321.3989 47.8178 208.9497
v 324.2525 45.5421 206.6563
v 327.4336 43.0053 205.2326
v 330.7826 40.3346 204.7500
v 334.1316 37.6638 205.2326
v 337.3126 35.1270 206.6563
v 340.1662 32.8513 208.9497
v 342.5493 30.9509 211.9978
v 344.3424 29.5210 215.6477
v 345.4555 28.6333 219.7165
v 339.8685 22.3815 228.2835
v 340.2098 22.0402 224.0000
v 338.8618 23.3882 232.3523
v 337.2401 25.0099 236.0022
v 335.0848 27.1652 239.0503
v 332.5039 29.7461 241.3437
v 329.6269 32.6231 242.7674
v 326.5980 35.6520 243.2500
v 323.5691 38.6809 242.7674
v 320.6920 41.5580 241.3437
v 318.1112 44.1388 239.0503
v 315.9558 46.2942 236.0022
v 314.3342 47.9158 232.3523
v 313.3275 48.9225 228.2835
v 312.9862 49.2638 224.0000
v 313.3275 48.9225 219.7165
v 314.3342 47.9158 215.6477
v 315.9558 46.2942 211.9978
v 318.1112 44.1388 208.9497
v 320.6920 41.5580 206.6563
v 323.5691 38.6809 205.2326
v 326.5980 35.6520 204.7500
v 329.6269 32.6231 205.2326
v 332.5039 29.7461 206.6563
v 335.0848 27.1652 208.9497
v 337.2401 25.0099 211.9978
v 338.8618 23.3882 215.6477
v 339.8685 22.3815 219.7165
v 333.6167 16.7945 228.2835
v 333.9176 16.4172 224.0000
v 332.7290 17.9076 232.3523
v 331.2991 19.7007 236.0022
v 329.3987 22.0838 239.0503
v 327.1230 24.9374 241.3437
v 324.5862 28.1184 242.7674
v 321.9154 31.4674 243.2500
v 319.2447 34.8164 242.7674
v 316.7079 37.9975 241.3437
v 314.4322 40.8511 239.0503
v 312.5317 43.2342 236.0022
v 311.1018 45.0272 232.3523
v 310.2142 46.1404 228.2835
v 309.9133 46.5177 224.0000
v 310.2142 46.1404 219.7165
v 311.1018 45.0272 215.6477
v 312.5317 43.2342 211.9978
v 314.4322 40.8511 208.9497
v 316.7079 37.9975 206.6563
v 319.2447 34.8164 205.2326
v 321.9154 31.4674 204.7500
v 324.5862 28.1184 205.2326
v 327.1230 24.9374 206.6563
v 329.3987 22.0838 208.9497
v 331.2991 19.7007 211.9978
v 332.7290 17.9076 215.6477
v 333.6167 16.7945 219.7165
v 326.7786 11.9427 228.2835
v 327.0354 11.5340 224.0000
v 326.0212 13.1482 232.3523
v 324.8010 15.0900 236.0022
v 323.1793 17.6709 239.0503
v 321.2375 20.7614 241.3437
v 319.0728 24.2065 242.7674
v 316.7938 27.8334 243.2500
v 314.5148 31.4604 242.7674
v 312.3501 34.9055 241.3437
v 310.4083 37.9960 239.0503
v 308.7866 40.5769 236.0022
v 307.5664 42.5187 232.3523
v 306.8090 43.7242 228.2835
v 306.5522 44.1329 224.0000
v 306.8090 43.7242 219.7165
v 307.5664 42.5187 215.6477
v 308.7866 40.5769 211.9978
v 310.4083 37.9960 208.9497
v 312.3501 34.9055 206.6563
v 314.5148 31.4604 205.2326
v 316.7938 27.8334 204.7500
v 319.0728 24.2065 205.2326
v 321.2375 20.7614 206.6563
v 323.1793 17.6709 208.9497
v 324.8010 15.0900 211.9978
v 326.0212 13.1482 215.6477
v 326.7786 11.9427 219.7165
v 319.4403 7.8869 228.2835
v 319.6498 7.4521 224.0000
v 318.8226 9.1697 232.3523
v 317.8276 11.2359 236.0022
v 316.5050 13.9822 239.0503
v 314.9214 17.2706 241.3437
v 313.1560 20.9364 242.7674
v 311.2975 24.7957 243.2500
v 309.4389 28.6551 242.7674
v 307.6736 32.3209 241.3437
v 306.0899 35.6093 239.0503
v 304.7674 38.3556 236.0022
v 303.7724 40.4218 232.3523
v 303.1546 41.7046 228.2835
v 302.9452 42.1394 224.0000
v 303.1546 41.7046 219.7165
v 303.7724 40.4218 215.6477
v 304.7674 38.3556 211.9978
v 306.0899 35.6093 208.9497
v 307.6736 32.3209 206.6563
v 309.4389 28.6551 205.2326
v 311.2975 24.7957 204.7500
v 313.1560 20.9364 205.2326
v 314.9214 17.2706 206.6563
v 316.5050 13.9822 208.9497
v 317.8276 11.2359 211.9978
v 318.8226 9.1697 215.6477
v 319.4403 7.8869 219.7165
v 311.6941 4.6783 228.2835
v 311.8535 4.2228 224.0000
v 311.2239 6.0222 232.3523
v 310.4664 8.1868 236.0022
v 309.4597 11.0639 239.0503
v 308.2542 14.5090 241.3437
v 306.9104 18.3494 242.7674
v 305.4956 22.3925 243.2500
v 304.0809 26.4357 242.7674
v 302.7371 30.2761 241.3437
v 301.5316 33.7212 239.0503
v 300.5248 36.5982 236.0022
v 299.7674 38.7629 232.3523
v 299.2972 40.1067 228.2835
v 299.1378 40.5623 224.0000
v 299.2972 40.1067 219.7165
v 299.7674 38.7629 215.6477
v 300.5248 36.5982 211.9978
v 301.5316 33.7212 208.9497
v 302.7371 30.2761 206.6563
v 304.0809 26.4357 205.2326
v 305.4956 22.3925 204.7500
v 306.9104 18.3494 205.2326
v 308.2542 14.5090 206.6563
v 309.4597 11.0639 208.9497
v 310.4664 8.1868 211.9978
v 311.2239 6.0222 215.6477
v 311.6941 4.6783 219.7165
v 303.6373 2.3572 228.2835
v 303.7447 1.8867 224.0000
v 303.3205 3.7452 232.3523
v 302.8102 5.9811 236.0022
v 302.1319 8.9528 239.0503
v 301.3197 12.5112 241.3437
v 300.4143 16.4779 242.7674
v 299.4612 20.6540 243.2500
v 298.5080 24.8302 242.7674
v 297.6026 28.7969 241.3437
v 296.7904 32.3553 239.0503
v 296.1122 35.3270 236.0022
v 295.6018 37.5628 232.3523
v 295.2850 38.9509 228.2835
v 295.1776 39.4214 224.0000
v 295.2850 38.9509 219.7165
v 295.6018 37.5628 215.6477
v 296.1122 35.3270 211.9978
v 296.7904 32.3553 208.9497
v 297.6026 28.7969 206.6563
v 298.5080 24.8302 205.2326
v 299.4612 20.6540 204.7500
v 300.4143 16.4779 205.2326
v 301.3197 12.5112 206.6563
v 302.1319 8.9528 208.9497
v 302.8102 5.9811 211.9978
v 303.3205 3.7452 215.6477
v 303.6373 2.3572 219.7165
v 295.3713 0.9528 228.2835
v 295.4253 0.4732 224.0000
v 295.2119 2.3675 232.3523
v 294.9551 4.6465 236.0022
v 294.6138 7.6754 239.0503
v 294.2052 11.3024 241.3437
v 293.7496 15.3455 242.7674
v 293.2700 19.6021 243.2500
v 292.7904 23.8587 242.7674
v 292.3349 27.9019 241.3437
v 291.9262 31.5288 239.0503
v 291.5849 34.5577 236.0022
v 291.3281 36.8367 232.3523
v 291.1687 38.2515 228.2835
v 291.1147 38.7311 224.0000
v 291.1687 38.2515 219.7165
v 291.3281 36.8367 215.6477
v 291.5849 34.5577 211.9978
v 291.9262 31.5288 208.9497
v 292.3349 27.9019 206.6563
v 292.7904 23.8587 205.2326
v 293.2700 19.6021 204.7500
v 293.7496 15.3455 205.2326
v 294.2052 11.3024 206.6563
v 294.6138 7.6754 208.9497
v 294.9551 4.6465 211.9978
v 295.2119 2.3675 215.6477
v 295.3713 0.9528 219.7165
v 287.0000 0.4826 228.2835
v 287.0000 0.0000 224.0000
v 287.0000 1.9063 232.3523
v 287.0000 4.1997 236.0022
v 287.0000 7.2478 239.0503
v 287.0000 10.8977 241.3437
v 287.0000 14.9665 242.7674
v 287.0000 19.2500 243.2500
v 287.0000 23.5335 242.7674
v 287.0000 27.6023 241.3437
v 287.0000 31.2522 239.0503
v 287.0000 34.3003 236.0022
v 287.0000 36.5937 232.3523
v 287.0000 38.0174 228.2835
v 287.0000 38.5000 224.0000
v 287.0000 38.0174 219.7165
v 287.0000 36.5937 215.6477
v 287.0000 34.3003 211.9978
v 287.0000 31.2522 208.9497
v 287.0000 27.6023 206.6563
v 287.0000 23.5335 205.2326
v 287.0000 19.2500 204.7500
v 287.0000 14.9665 205.2326
v 287.0000 10.8977 206.6563
v 287.0000 7.2478 208.9497
v 287.0000 4.1997 211.9978
v 287.0000 1.9063 215.6477
v 287.0000 0.4826 219.7165
v 278.6287 0.9528 228.2835
v 278.5747 0.4732 224.0000
v 278.7881 2.3675 232.3523
v 279.0449 4.6465 236.0022
v 279.3862 7.6754 239.0503
v 279.7948 11.3024 241.3437
v 280.2504 15.3455 242.7674
v 280.7300 19.6021 243.2500
v 281.2096 23.8587 242.7674
v 281.6651 27.9019 241.3437
v 282.0738 31.5288 239.0503
v 282.4151 34.5577 236.0022
v 282.6719 36.8367 232.3523
v 282.8313 38.2515 228.2835
v 282.8853 38.7311 224.0000
v 282.8313 38.2515 219.7165
v 282.6719 36.8367 215.6477
v 282.4151 34.5577 211.9978
v 282.0738 31.5288 208.9497
v 281.6651 27.9019 206.6563
v 281.2096 23.8587 205.2326
v 280.7300 19.6021 204.7500
v 280.2504 15.3455 205.2326
v 279.7948 11.3024 206.6563
v 279.3862 7.6754 208.9497
v 279.0449 4.6465 211.9978
v 278.7881 2.3675 215.6477
v 278.6287 0.9528 219.7165
v 270.3627 2.3572 228.2835
v 270.2553 1.8867 224.0000
v 270.6795 3.7452 232.3523
v 271.1898 5.9811 236.0022
v 271.8681 8.9528 239.0503
v 272.6803 12.5112 241.3437
v 273.5857 16.4779 242.7674
v 274.5388 20.6540 243.2500
v 275.4920 24.8302 242.7674
v 276.3974 28.7969 241.3437
v 277.2096 32.3553 239.0503
v 277.8878 35.3270 236.0022
v 278.3982 37.5628 232.3523
v 278.7150 38.9509 228.2835
v 278.8224 39.4214 224.0000
v 278.7150 38.9509 219.7165
v 278.3982 37.5628 215.6477
v 277.8878 35.3270 211.9978
v 277.2096 32.3553 208.9497
v 276.3974 28.7969 206.6563
v 275.4920 24.8302 205.2326
v 274.5388 20.6540 204.7500
v 273.5857 16.4779 205.2326
v 272.6803 12.5112 206.6563
v 271.8681 8.9528 208.9497
v 271.1898 5.9811 211.9978
v 270.6795 3.7452 215.6477
v 270.3627 2.3572 219.7165
v 262.3059 4.6783 228.2835
v 262.1465 4.2228 224.0000
v 262.7761 6.0222 232.3523
v 263.5336 8.1868 236.0022
v 264.5403 11.0639 239.0503
v 265.7458 14.5090 241.3437
v 267.0896 18.3494 242.7674
v 268.5044 22.3925 243.2500
v 269.9191 26.4357 242.7674
v 271.2629 30.2761 241.3437
v 272.4684 33.7212 239.0503
v 273.4752 36.5982 236.0022
v 274.2326 38.7629 232.3523
v 274.7028 40.1067 228.2835
v 274.8622 40.5623 224.0000
v 274.7028 40.1067 219.7165
v 274.2326 38.7629 215.6477
v 273.4752 36.5982 211.9978
v 272.4684 33.7212 208.9497
v 271.2629 30.2761 206.6563
v 269.9191 26.4357 205.2326
v 268.5044 22.3925 204.7500
v 267.0896 18.3494 205.2326
v 265.7458 14.5090 206.6563
v 264.5403 11.0639 208.9497
v 263.5336 8.1868 211.9978
v 262.7761 6.0222 215.6477
v 262.3059 4.6783 219.7165
v 254.5597 7.8869 228.2835
v 254.3502 7.4521 224.0000
v 255.1774 9.1697 232.3523
v 256.1724 11.2359 236.0022
v 257.4950 13.9822 239.0503
v 259.0786 17.2706 241.3437
v 260.8440 20.9364 242.7674
v 262.7025 24.7957 243.2500
v 264.5611 28.6551 242.7674
v 266.3264 32.3209 241.3437
v 267.9101 35.6093 239.0503
v 269.2326 38.3556 236.0022
v 270.2276 40.4218 232.3523
v 270.8454 41.7046 228.2835
v 271.0548 42.1394 224.0000
v 270.8454 41.7046 219.7165
v 270.2276 40.4218 215.6477
v 269.2326 38.3556 211.9978
v 267.9101 35.6093 208.9497
v 266.3264 32.3209 206.6563
v 264.5611 28.6551 205.2326
v 262.7025 24.7957 204.7500
v 260.8440 20.9364 205.2326
v 259.0786 17.2706 206.6563
v 257.4950 13.9822 208.9497
v 256.1724 11.2359 211.9978
v 255.1774 9.1697 215.6477
v 254.5597 7.8869 219.7165
v 247.2214 11.9427 228.2835
v 246.9646 11.5340 224.0000
v 247.9788 13.1482 232.3523
v 249.1990 15.0900 236.0022
v 250.8207 17.6709 239.0503
v 252.7625 20.7614 241.3437
v 254.9272 24.2065 242.7674
v 257.2062 27.8334 243.2500
v 259.4852 31.4604 242.7674
v 261.6499 34.9055 241.3437
v 263.5917 37.9960 239.0503
v 265.2134 40.5769 236.0022
v 266.4336 42.5187 232.3523
v 267.1910 43.7242 228.2835
v 267.4478 44.1329 224.0000
v 267.1910 43.7242 219.7165
v 266.4336 42.5187 215.6477
v 265.2134 40.5769 211.9978
v 263.5917 37.9960 208.9497
v 261.6499 34.9055 206.6563
v 259.4852 31.4604 205.2326
v 257.2062 27.8334 204.7500
v 254.9272 24.2065 205.2326
v 252.7625 20.7614 206.6563
v 250.8207 17.6709 208.9497
v 249.1990 15.0900 211.9978
v 247.9788 13.1482 215.6477
v 247.2214 11.9427 219.7165
v 240.3833 16.7945 228.2835
v 240.0824 16.4172 224.0000
v 241.2710 17.9076 232.3523
v 242.7009 19.7007 236.0022
v 244.6013 22.0838 239.0503
v 246.8770 24.9374 241.3437
v 249.4138 28.1184 242.7674
v 252.0846 31.4674 243.2500
v 254.7553 34.8164 242.7674
v 257.2921 37.9975 241.3437
v 259.5678 40.8511 239.0503
v 261.4683 43.2342 236.0022
v 262.8982 45.0272 232.3523
v 263.7858 46.1404 228.2835
v 264.0867 46.5177 224.0000
v 263.7858 46.1404 219.7165
v 262.8982 45.0272 215.6477
v 261.4683 43.2342 211.9978
v 259.5678 40.8511 208.9497
v 257.2921 37.9975 206.6563
v 254.7553 34.8164 205.2326
v 252.0846 31.4674 204.7500
v 249.4138 28.1184 205.2326
v 246.8770 24.9374 206.6563
v 244.6013 22.0838 208.9497
v 242.7009 19.7007 211.9978
v 241.2710 17.9076 215.6477
v 240.3833 16.7945 219.7165
v 234.1315 22.3815 228.2835
v 233.7902 22.0402 224.0000
v 235.1382 23.3882 232.3523
v 236.7599 25.0099 236.0022
v 238.9152 27.1652 239.0503
v 241.4961 29.7461 241.3437
v 244.3731 32.6231 242.7674
v 247.4020 35.6520 243.2500
v 250.4309 38.6809 242.7674
v 253.3080 41.5580 241.3437
v 255.8888 44.1388 239.0503
v 258.0442 46.2942 236.0022
v 259.6658 47.9158 232.3523
v 260.6725 48.9225 228.2835
v 261.0138 49.2638 224.0000
v 260.6725 48.9225 219.7165
v 259.6658 47.9158 215.6477
v 258.0442 46.2942 211.9978
v 255.8888 44.1388 208.9497
v 253.3080 41.5580 206.6563
v 250.4309 38.6809 205.2326
v 247.4020 35.6520 204.7500
v 244.3731 32.6231 205.2326
v 241.4961 29.7461 206.6563
v 238.9152 27.1652 208.9497
v 236.7599 25.0099 211.9978
v 235.1382 23.3882 215.6477
v 234.1315 22.3815 219.7165
v 228.5445 28.6333 228.2835
v 228.1672 28.3324 224.0000
v 229.6576 29.5210 232.3523
v 231.4507 30.9509 236.0022
v 233.8338 32.8513 239.0503
v 236.6874 35.1270 241.3437
v 239.8684 37.6638 242.7674
v 243.2174 40.3346 243.2500
v 246.5664 43.0053 242.7674
v 249.7475 45.5421 241.3437
v 252.6011 47.8178 239.0503
v 254.9842 49.7183 236.0022
v 256.7772 51.1482 232.3523
v 257.8904 52.0358 228.2835
v 258.2677 52.3367 224.0000
v 257.8904 52.0358 219.7165
v 256.7772 51.1482 215.6477
v 254.9842 49.7183 211.9978
v 252.6011 47.8178 208.9497
v 249.7475 45.5421 206.6563
v 246.5664 43.0053 205.2326
v 243.2174 40.3346 204.7500
v 239.8684 37.6638 205.2326
v 236.6874 35.1270 206.6563
v 233.8338 32.8513 208.9497
v 231.4507 30.9509 211.9978
v 229.6576 29.5210 215.6477
v 228.5445 28.6333 219.7165
v 223.6927 35.4714 228.2835
v 223.2840 35.2146 224.0000
v 224.8982 36.2288 232.3523
v 226.8400 37.4490 236.0022
v 229.4209 39.0707 239.0503
v 232.5114 41.0125 241.3437
v 235.9565 43.1772 242.7674
v 239.5834 45.4562 243.2500
v 243.2104 47.7352 242.7674
v 246.6555 49.8999 241.3437
v 249.7460 51.8417 239.0503
v 252.3269 53.4634 236.0022
v 254.2687 54.6836 232.3523
v 255.4742 55.4410 228.2835
v 255.8829 55.6978 224.0000
v 255.4742 55.4410 219.7165
v 254.2687 54.6836 215.6477
v 252.3269 53.4634 211.9978
v 249.7460 51.8417 208.9497
v 246.6555 49.8999 206.6563
v 243.2104 47.7352 205.2326
v 239.5834 45.4562 204.7500
v 235.9565 43.1772 205.2326
v 232.5114 41.0125 206.6563
v 229.4209 39.0707 208.9497
v 226.8400 37.4490 211.9978
v 224.8982 36.2288 215.6477
v 223.6927 35.4714 219.7165
v 219.6369 42.8097 228.2835
v 219.2021 42.6002 224.0000
v 220.9197 43.4274 232.3523
v 222.9859 44.4224 236.0022
v 225.7322 45.7450 239.0503
v 229.0206 47.3286 241.3437
v 232.6864 49.0940 242.7674
v 236.5457 50.9525 243.2500
v 240.4051 52.8111 242.7674
v 244.0709 54.5764 241.3437
v 247.3593 56.1601 239.0503
v 250.1056 57.4826 236.0022
v 252.1718 58.4776 232.3523
v 253.4546 59.0954 228.2835
v 253.8894 59.3048 224.0000
v 253.4546 59.0954 219.7165
v 252.1718 58.4776 215.6477
v 250.1056 57.4826 211.9978
v 247.3593 56.1601 208.9497
v 244.0709 54.5764 206.6563
v 240.4051 52.8111 205.2326
v 236.5457 50.9525 204.7500
v 232.6864 49.0940 205.2326
v 229.0206 47.3286 206.6563
v 225.7322 45.7450 208.9497
v 222.9859 44.4224 211.9978
v 220.9197 43.4274 215.6477
v 219.6369 42.8097 219.7165
v 216.4283 50.5559 228.2835
v 215.9728 50.3965 224.0000
v 217.7722 51.0261 232.3523
v 219.9368 51.7836 236.0022
v 222.8139 52.7903 239.0503
v 226.2590 53.9958 241.3437
v 230.0994 55.3396 242.7674
v 234.1425 56.7544 243.2500
v 238.1857 58.1691 242.7674
v 242.0261 59.5129 241.3437
v 245.4712 60.7184 239.0503
v 248.3482 61.7252 236.0022
v 250.5129 62.4826 232.3523
v 251.8567 62.9528 228.2835
v 252.3123 63.1122 224.0000
v 251.8567 62.9528 219.7165
v 250.5129 62.4826 215.6477
v 248.3482 61.7252 211.9978
v 245.4712 60.7184 208.9497
v 242.0261 59.5129 206.6563
v 238.1857 58.1691 205.2326
v 234.1425 56.7544 204.7500
v 230.0994 55.3396 205.2326
v 226.2590 53.9958 206.6563
v 222.8139 52.7903 208.9497
v 219.9368 51.7836 211.9978
v 217.7722 51.0261 215.6477
v 216.4283 50.5559 219.7165
v 214.1072 58.6127 228.2835
v 213.6367 58.5053 224.0000
v 215.4952 58.9295 232.3523
v 217.7311 59.4398 236.0022
v 220.7028 60.1181 239.0503
v 224.2612 60.9303 241.3437
v 228.2279 61.8357 242.7674
v 232.4040 62.7888 243.2500
v 236.5802 63.7420 242.7674
v 240.5469 64.6474 241.3437
v 244.1053 65.4596 239.0503
v 247.0770 66.1378 236.0022
v 249.3128 66.6482 232.3523
v 250.7009 66.9650 228.2835
v 251.1714 67.0724 224.0000
v 250.7009 66.9650 219.7165
v 249.3128 66.6482 215.6477
v 247.0770 66.1378 211.9978
v 244.1053 65.4596 208.9497
v 240.5469 64.6474 206.6563
v 236.5802 63.7420 205.2326
v 232.4040 62.7888 204.7500
v 228.2279 61.8357 205.2326
v 224.2612 60.9303 206.6563
v 220.7028 60.1181 208.9497
v 217.7311 59.4398 211.9978
v 215.4952 58.9295 215.6477
v 214.1072 58.6127 219.7165
v 212.7028 66.8787 228.2835
v 212.2232 66.8247 224.0000
v 214.1175 67.0381 232.3523
v 216.3965 67.2949 236.0022
v 219.4254 67.6362 239.0503
v 223.0524 68.0448 241.3437
v 227.0955 68.5004 242.7674
v 231.3521 68.9800 243.2500
v 235.6087 69.4596 242.7674
v 239.6519 69.9151 241.3437
v 243.2788 70.3238 239.0503
v 246.3077 70.6651 236.0022
v 248.5867 70.9219 232.3523
v 250.0015 71.0813 228.2835
v 250.4811 71.1353 224.0000
v 250.0015 71.0813 219.7165
v 248.5867 70.9219 215.6477
v 246.3077 70.6651 211.9978
v 243.2788 70.3238 208.9497
v 239.6519 69.9151 206.6563
v 235.6087 69.4596 205.2326
v 231.3521 68.9800 204.7500
v 227.0955 68.5004 205.2326
v 223.0524 68.0448 206.6563
v 219.4254 67.6362 208.9497
v 216.3965 67.2949 211.9978
v 214.1175 67.0381 215.6477
v 212.7028 66.8787 219.7165
v 212.2326 75.2500 228.2835
v 211.7500 75.2500 224.0000
v 213.6563 75.2500 232.3523
v 215.9497 75.2500 236.0022
v 218.9978 75.2500 239.0503
v 222.6477 75.2500 241.3437
v 226.7165 75.2500 242.7674
v 231.0000 75.2500 243.2500
v 235.2835 75.2500 242.7674
v 239.3523 75.2500 241.3437
v 243.0022 75.2500 239.0503
v 246.0503 75.2500 236.0022
v 248.3437 75.2500 232.3523
v 249.7674 75.2500 228.2835
v 250.2500 75.2500 224.0000
v 249.7674 75.2500 219.7165
v 248.3437 75.2500 215.6477
v 246.0503 75.2500 211.9978
v 243.0022 75.2500 208.9497
v 239.3523 75.2500 206.6563
v 235.2835 75.2500 205.2326
v 231.0000 75.2500 204.7500
v 226.7165 75.2500 205.2326
v 222.6477 75.2500 206.6563
v 218.9978 75.2500 208.9497
v 215.9497 75.2500 211.9978
v 213.6563 75.2500 215.6477
v 212.2326 75.2500 219.7165
v 212.7028 83.6213 228.2835
v 212.2232 83.6753 224.0000
v 214.1175 83.4619 232.3523
v 216.3965 83.2051 236.0022
v 219.4254 82.8638 239.0503
v 223.0524 82.4552 241.3437
v 227.0955 81.9996 242.7674
v 231.3521 81.5200 243.2500
v 235.6087 81.0404 242.7674
v 239.6519 80.5849 241.3437
v 243.2788 80.1762 239.0503
v 246.3077 79.8349 236.0022
v 248.5867 79.5781 232.3523
v 250.0015 79.4187 228.2835
v 250.4811 79.3647 224.0000
v 250.0015 79.4187 219.7165
v 248.5867 79.5781 215.6477
v 246.3077 79.8349 211.9978
v 243.2788 80.1762 208.9497
v 239.6519 80.5849 206.6563
v 235.6087 81.0404 205.2326
v 231.3521 81.5200 204.7500
v 227.0955 81.9996 205.2326
v 223.0524 82.4552 206.6563
v 219.4254 82.8638 208.9497
v 216.3965 83.2051 211.9978
v 214.1175 83.4619 215.6477
v 212.7028 83.6213 219.7165
v 214.1072 91.8873 228.2835
v 213.6367 91.9947 224.0000
v 215.4952 91.5705 232.3523
v 217.7311 91.0602 236.0022
v 220.7028 90.3819 239.0503
v 224.2612 89.5697 241.3437
v 228.2279 88.6643 242.7674
v 232.4040 87.7112 243.2500
v 236.5802 86.7580 242.7674
v 240.5469 85.8526 241.3437
v 244.1053 85.0404 239.0503
v 247.0770 84.3622 236.0022
v 249.3128 83.8518 232.3523
v 250.7009 83.5350 228.2835
v 251.1714 83.4276 224.0000
v 250.7009 83.5350 219.7165
v 249.3128 83.8518 215.6477
v 247.0770 84.3622 211.9978
v 244.1053 85.0404 208.9497
v 240.5469 85.8526 206.6563
v 236.5802 86.7580 205.2326
v 232.4040 87.7112 204.7500
v 228.2279 88.6643 205.2326
v 224.2612 89.5697 206.6563
v 220.7028 90.3819 208.9497
v 217.7311 91.0602 211.9978
v 215.4952 91.5705 215.6477
v 214.1072 91.8873 219.7165
v 216.4283 99.9441 228.2835
v 215.9728 100.1035 224.0000
v 217.7722 99.4739 232.3523
v 219.9368 98.7164 236.0022
v 222.8139 97.7097 239.0503
v 226.2590 96.5042 241.3437
v 230.0994 95.1604 242.7674
v 234.1425 93.7456 243.2500
v 238.1857 92.3309 242.7674
v 242.0261 90.9871 241.3437
v 245.4712 89.7816 239.0503
v 248.3482 88.7748 236.0022
v 250.5129 88.0174 232.3523
v 251.8567 87.5472 228.2835
v 252.3123 87.3878 224.0000
v 251.8567 87.5472 219.7165
v 250.5129 88.0174 215.6477
v 248.3482 88.7748 211.9978
v 245.4712 89.7816 208.9497
v 242.0261 90.9871 206.6563
v 238.1857 92.3309 205.2326
v 234.1425 93.7456 204.7500
v 230.0994 95.1604 205.2326
v 226.2590 96.5042 206.6563
v 222.8139 97.7097 208.9497
v 219.9368 98.7164 211.9978
v 217.7722 99.4739 215.6477
v 216.4283 99.9441 219.7165
v 219.6369 107.6903 228.2835
v 219.2021 107.8998 224.0000
v 220.9197 107.0726 232.3523
v 222.9859 106.0776 236.0022
v 225.7322 104.7550 239.0503
v 229.0206 103.1714 241.3437
v 232.6864 101.4060 242.7674
v 236.5457 99.5475 243.2500
v 240.4051 97.6889 242.7674
v 244.0709 95.9236 241.3437
v 247.3593 94.3399 239.0503
v 250.1056 93.0174 236.0022
v 252.1718 92.0224 232.3523
v 253.4546 91.4046 228.2835
v 253.8894 91.1952 224.0000
v 253.4546 91.4046 219.7165
v 252.1718 92.0224 215.6477
v 250.1056 93.0174 211.9978
v 247.3593 94.3399 208.9497
v 244.0709 95.9236 206.6563
v 240.4051 97.6889 205.2326
v 236.5457 99.5475 204.7500
v 232.6864 101.4060 205.2326
v 229.0206 103.1714 206.6563
v 225.7322 104.7550 208.9497
v 222.9859 106.0776 211.9978
v 220.9197 107.0726 215.6477
v 219.6369 107.6903 219.7165
v 223.6927 115.0286 228.2835
v 223.2840 115.2854 224.0000
v 224.8982 114.2712 232.3523
v 226.8400 113.0510 236.0022
v 229.4209 111.4293 239.0503
v 232.5114 109.4875 241.3437
v 235.9565 107.3228 242.7674
v 239.5834 105.0438 243.2500
v 243.2104 102.7648 242.7674
v 246.6555 100.6001 241.3437
v 249.7460 98.6583 239.0503
v 252.3269 97.0366 236.0022
v 254.2687 95.8164 232.3523
v 255.4742 95.0590 228.2835
v 255.8829 94.8022 224.0000
v 255.4742 95.0590 219.7165
v 254.2687 95.8164 215.6477
v 252.3269 97.0366 211.9978
v 249.7460 98.6583 208.9497
v 246.6555 100.6001 206.6563
v 243.2104 102.7648 205.2326
v 239.5834 105.0438 204.7500
v 235.9565 107.3228 205.2326
v 232.5114 109.4875 206.6563
v 229.4209 111.4293 208.9497
v 226.8400 113.0510 211.9978
v 224.8982 114.2712 215.6477
v 223.6927 115.0286 219.7165
v 228.5445 121.8667 228.2835
v 228.1672 122.1676 224.0000
v 229.6576 120.9790 232.3523
v 231.4507 119.5491 236.0022
v 233.8338 117.6487 239.0503
v 236.6874 115.3730 241.3437
v 239.8684 112.8362 242.7674
v 243.2174 110.1654 243.2500
v 246.5664 107.4947 242.7674
v 249.7475 104.9579 241.3437
v 252.6011 102.6822 239.0503
v 254.9842 100.7817 236.0022
v 256.7772 99.3518 232.3523
v 257.8904 98.4642 228.2835
v 258.2677 98.1633 224.0000
v 257.8904 98.4642 219.7165
v 256.7772 99.3518 215.6477
v 254.9842 100.7817 211.9978
v 252.6011 102.6822 208.9497
v 249.7475 104.9579 206.6563
v 246.5664 107.4947 205.2326
v 243.2174 110.1654 204.7500
v 239.8684 112.8362 205.2326
v 236.6874 115.3730 206.6563
v 233.8338 117.6487 208.9497
v 231.4507 119.5491 211.9978
v 229.6576 120.9790 215.6477
v 228.5445 121.8667 219.7165
v 234.1315 128.1185 228.2835
v 233.7902 128.4598 224.0000
v 235.1382 127.1118 232.3523
v 236.7599 125.4901 236.0022
v 238.9152 123.3348 239.0503
v 241.4961 120.7539 241.3437
v 244.3731 117.8769 242.7674
v 247.4020 114.8480 243.2500
v 250.4309 111.8191 242.7674
v 253.3080 108.9420 241.3437
v 255.8888 106.3612 239.0503
v 258.0442 104.2058 236.0022
v 259.6658 102.5842 232.3523
v 260.6725 101.5775 228.2835
v 261.0138 101.2362 224.0000
v 260.6725 101.5775 219.7165
v 259.6658 102.5842 215.6477
v 258.0442 104.2058 211.9978
v 255.8888 106.3612 208.9497
v 253.3080 108.9420 206.6563
v 250.4309 111.8191 205.2326
v 247.4020 114.8480 204.7500
v 244.3731 117.8769 205.2326
v 241.4961 120.7539 206.6563
v 238.9152 123.3348 208.9497
v 236.7599 125.4901 211.9978
v 235.1382 127.1118 215.6477
v 234.1315 128.1185 219.7165
v 240.3833 133.7055 228.2835
v 240.0824 134.0828 224.0000
v 241.2710 132.5924 232.3523
v 242.7009 130.7993 236.0022
v 244.6013 128.4162 239.0503
v 246.8770 125.5626 241.3437
v 249.4138 122.3816 242.7674
v 252.0846 119.0326 243.2500
v 254.7553 115.6836 242.7674
v 257.2921 112.5025 241.3437
v 259.5678 109.6489 239.0503
v 261.4683 107.2658 236.0022
v 262.8982 105.4728 232.3523
v 263.7858 104.3596 228.2835
v 264.0867 103.9823 224.0000
v 263.7858 104.3596 219.7165
v 262.8982 105.4728 215.6477
v 261.4683 107.2658 211.9978
v 259.5678 109.6489 208.9497
v 257.2921 112.5025 206.6563
v 254.7553 115.6836 205.2326
v 252.0846 119.0326 204.7500
v 249.4138 122.3816 205.2326
v 246.8770 125.5626 206.6563
v 244.6013 128.4162 208.9497
v 242.7009 130.7993 211.9978
v 241.2710 132.5924 215.6477
v 240.3833 133.7055 219.7165
v 247.2214 138.5573 228.2835
v 246.9646 138.9660 224.0000
v 247.9788 137.3518 232.3523
v 249.1990 135.4100 236.0022
v 250.8207 132.8291 239.0503
v 252.7625 129.7386 241.3437
v 254.9272 126.2935 242.7674
v 257.2062 122.6666 243.2500
v 259.4852 119.0396 242.7674
v 261.6499 115.5945 241.3437
v 263.5917 112.5040 239.0503
v 265.2134 109.9231 236.0022
v 266.4336 107.9813 232.3523
v 267.1910 106.7758 228.2835
v 267.4478 106.3671 224.0000
v 267.1910 106.7758 219.7165
v 266.4336 107.9813 215.6477
v 265.2134 109.9231 211.9978
v 263.5917 112.5040 208.9497
v 261.6499 115.5945 206.6563
v 259.4852 119.0396 205.2326
v 257.2062 122.6666 204.7500
v 254.9272 126.2935 205.2326
v 252.7625 129.7386 206.6563
v 250.8207 132.8291 208.9497
v 249.1990 135.4100 211.9978
v 247.9788 137.3518 215.6477
v 247.2214 138.5573 219.7165
v 254.5597 142.6131 228.2835
v 254.3502 143.0479 224.0000
v 255.1774 141.3303 232.3523
v 256.1724 139.2641 236.0022
v 257.4950 136.5178 239.0503
v 259.0786 133.2294 241.3437
v 260.8440 129.5636 242.7674
v 262.7025 125.7043 243.2500
v 264.5611 121.8449 242.7674
v 266.3264 118.1791 241.3437
v 267.9101 114.8907 239.0503
v 269.2326 112.1444 236.0022
v 270.2276 110.0782 232.3523
v 270.8454 108.7954 228.2835
v 271.0548 108.3606 224.0000
v 270.8454 108.7954 219.7165
v 270.2276 110.0782 215.6477
v 269.2326 112.1444 211.9978
v 267.9101 114.8907 208.9497
v 266.3264 118.1791 206.6563
v 264.5611 121.8449 205.2326
v 262.7025 125.7043 204.7500
v 260.8440 129.5636 205.2326
v 259.0786 133.2294 206.6563
v 257.4950 136.5178 208.9497
v 256.1724 139.2641 211.9978
v 255.1774 141.3303 215.6477
v 254.5597 142.6131 219.7165
v 262.3059 145.8217 228.2835
v 262.1465 146.2772 224.0000
v 262.7761 144.4778 232.3523
v 263.5336 142.3132 236.0022
v 264.5403 139.4361 239.0503
v 265.7458 135.9910 241.3437
v 267.0896 132.1506 242.7674
v 268.5044 128.1075 243.2500
v 269.9191 124.0643 242.7674
v 271.2629 120.2239 241.3437
v 272.4684 116.7788 239.0503
v 273.4752 113.9018 236.0022
v 274.2326 111.7371 232.3523
v 274.7028 110.3933 228.2835
v 274.8622 109.9377 224.0000
v 274.7028 110.3933 219.7165
v 274.2326 111.7371 215.6477
v 273.4752 113.9018 211.9978
v 272.4684 116.7788 208.9497
v 271.2629 120.2239 206.6563
v 269.9191 124.0643 205.2326
v 268.5044 128.1075 204.7500
v 267.0896 132.1506 205.2326
v 265.7458 135.9910 206.6563
v 264.5403 139.4361 208.9497
v 263.5336 142.3132 211.9978
v 262.7761 144.4778 215.6477
v 262.3059 145.8217 219.7165
v 270.3627 148.1428 228.2835
v 270.2553 148.6133 224.0000
v 270.6795 146.7548 232.3523
v 271.1898 144.5189 236.0022
v 271.8681 141.5472 239.0503
v 272.6803 137.9888 241.3437
v 273.5857 134.0221 242.7674
v 274.5388 129.8460 243.2500
v 275.4920 125.6698 242.7674
v 276.3974 121.7031 241.3437
v 277.2096 118.1447 239.0503
v 277.8878 115.1730 236.0022
v 278.3982 112.9372 232.3523
v 278.7150 111.5491 228.2835
v 278.8224 111.0786 224.0000
v 278.7150 111.5491 219.7165
v 278.3982 112.9372 215.6477
v 277.8878 115.1730 211.9978
v 277.2096 118.1447 208.9497
v 276.3974 121.7031 206.6563
v 275.4920 125.6698 205.2326
v 274.5388 129.8460 204.7500
v 273.5857 134.0221 205.2326
v 272.6803 137.9888 206.6563
v 271.8681 141.5472 208.9497
v 271.1898 144.5189 211.9978
v 270.6795 146.7548 215.6477
v 270.3627 148.1428 219.7165
v 278.6287 149.5472 228.2835
v 278.5747 150.0268 224.0000
v 278.7881 148.1325 232.3523
v 279.0449 145.8535 236.0022
v 279.3862 142.8246 239.0503
v 279.7948 139.1976 241.3437
v 280.2504 135.1545 242.7674
v 280.7300 130.8979 243.2500
v 281.2096 126.6413 242.7674
v 281.6651 122.5981 241.3437
v 282.0738 118.9712 239.0503
v 282.4151 115.9423 236.0022
v 282.6719 113.6633 232.3523
v 282.8313 112.2485 228.2835
v 282.8853 111.7689 224.0000
v 282.8313 112.2485 219.7165
v 282.6719 113.6633 215.6477
v 282.4151 115.9423 211.9978
v 282.0738 118.9712 208.9497
v 281.6651 122.5981 206.6563
v 281.2096 126.6413 205.2326
v 280.7300 130.8979 204.7500
v 280.2504 135.1545 205.2326
v 279.7948 139.1976 206.6563
v 279.3862 142.8246 208.9497
v 279.0449 145.8535 211.9978
v 278.7881 148.1325 215.6477
v 278.6287 149.5472 219.7165
v 287.0000 150.0174 228.2835
v 287.0000 150.5000 224.0000
v 287.0000 148.5937 232.3523
v 287.0000 146.3003 236.0022
v 287.0000 143.2522 239.0503
v 287.0000 139.6023 241.3437
v 287.0000 135.5335 242.7674
v 287.0000 131.2500 243.2500
v 287.0000 126.9665 242.7674
v 287.0000 122.8977 241.3437
v 287.0000 119.2478 239.0503
v 287.0000 116.1997 236.0022
v 287.0000 113.9063 232.3523
v 287.0000 112.4826 228.2835
v 287.0000 112.0000 224.0000
v 287.0000 112.4826 219.7165
v 287.0000 113.9063 215.6477
v 287.0000 116.1997 211.9978
v 287.0000 119.2478 208.9497
v 287.0000 122.8977 206.6563
v 287.0000 126.9665 205.2326
v 287.0000 131.2500 204.7500
v 287.0000 135.5335 205.2326
v 287.0000 139.6023 206.6563
v 287.0000 143.2522 208.9497
v 287.0000 146.3003 211.9978
v 287.0000 148.5937 215.6477
v 287.0000 150.0174 219.7165
v 295.3713 149.5472 228.2835
v 295.4253 150.0268 224.0000
v 295.2119 148.1325 232.3523
v 294.9551 145.8535 236.0022
v 294.6138 142.8246 239.0503
v 294.2052 139.1976 241.3437
v 293.7496 135.1545 242.7674
v 293.2700 130.8979 243.2500
v 292.7904 126.6413 242.7674
v 292.3349 122.5981 241.3437
v 291.9262 118.9712 239.0503
v 291.5849 115.9423 236.0022
v 291.3281 113.6633 232.3523
v 291.1687 112.2485 228.2835
v 291.1147 111.7689 224.0000
v 291.1687 112.2485 219.7165
v 291.3281 113.6633 215.6477
v 291.5849 115.9423 211.9978
v 291.9262 118.9712 208.9497
v 292.3349 122.5981 206.6563
v 292.7904 126.6413 205.2326
v 293.2700 130.8979 204.7500
v 293.7496 135.1545 205.2326
v 294.2052 139.1976 206.6563
v 294.6138 142.8246 208.9497
v 294.9551 145.8535 211.9978
v 295.2119 148.1325 215.6477
v 295.3713 149.5472 219.7165
v 303.6373 148.1428 228.2835
v 303.7447 148.6133 224.0000
v 303.3205 146.7548 232.3523
v 302.8102 144.5189 236.0022
v 302.1319 141.5472 239.0503
v 301.3197 137.9888 241.3437
v 300.4143 134.0221 242.7674
v 299.4612 129.8460 243.2500
v 298.5080 125.6698 242.7674
v 297.6026 121.7031 241.3437
v 296.7904 118.1447 239.0503
v 296.1122 115.1730 236.0022
v 295.6018 112.9372 232.3523
v 295.2850 111.5491 228.2835
v 295.1776 111.0786 224.0000
v 295.2850 111.5491 219.7165
v 295.6018 112.9372 215.6477
v 296.1122 115.1730 211.9978
v 296.7904 118.1447 208.9497
v 297.6026 121.7031 206.6563
v 298.5080 125.6698 205.2326
v 299.4612 129.8460 204.7500
v 300.4143 134.0221 205.2326
v 301.3197 137.9888 206.6563
v 302.1319 141.5472 208.9497
v 302.8102 144.5189 211.9978
v 303.3205 146.7548 215.6477
v 303.6373 148.1428 219.7165
v 311.6941 145.8217 228.2835
v 311.8535 146.2772 224.0000
v 311.2239 144.4778 232.3523
v 310.4664 142.3132 236.0022
v 309.4597 139.4361 239.0503
v 308.2542 135.9910 241.3437
v 306.9104 132.1506 242.7674
v 305.4956 128.1075 243.2500
v 304.0809 124.0643 242.7674
v 302.7371 120.2239 241.3437
v 301.5316 116.7788 239.0503
v 300.5248 113.9018 236.0022
v 299.7674 111.7371 232.3523
v 299.2972 110.3933 228.2835
v 299.1378 109.9377 224.0000
v 299.2972 110.3933 219.7165
v 299.7674 111.7371 215.6477
v 300.5248 113.9018 211.9978
v 301.5316 116.7788 208.9497
v 302.7371 120.2239 206.6563
v 304.0809 124.0643 205.2326
v 305.4956 128.1075 204.7500
v 306.9104 132.1506 205.2326
v 308.2542 135.9910 206.6563
v 309.4597 139.4361 208.9497
v 310.4664 142.3132 211.9978
v 311.2239 144.4778 215.6477
v 311.6941 145.8217 219.7165
v 319.4403 142.6131 228.2835
v 319.6498 143.0479 224.0000
v 318.8226 141.3303 232.3523
v 317.8276 139.2641 236.0022
v 316.5050 136.5178 239.0503
v 314.9214 133.2294 241.3437
v 313.1560 129.5636 242.7674
v 311.2975 125.7043 243.2500
v 309.4389 121.8449 242.7674
v 307.6736 118.1791 241.3437
v 306.0899 114.8907 239.0503
v 304.7674 112.1444 236.0022
v 303.7724 110.0782 232.3523
v 303.1546 108.7954 228.2835
v 302.9452 108.3606 224.0000
v 303.1546 108.7954 219.7165
v 303.7724 110.0782 215.6477
v 304.7674 112.1444 211.9978
v 306.0899 114.8907 208.9497
v 307.6736 118.1791 206.6563
v 309.4389 121.8449 205.2326
v 311.2975 125.7043 204.7500
v 313.1560 129.5636 205.2326
v 314.9214 133.2294 206.6563
v 316.5050 136.5178 208.9497
v 317.8276 139.2641 211.9978
v 318.8226 141.3303 215.6477
v 319.4403 142.6131 219.7165
v 326.7786 138.5573 228.2835
v 327.0354 138.9660 224.0000
v 326.0212 137.3518 232.3523
v 324.8010 135.4100 236.0022
v 323.1793 132.8291 239.0503
v 321.2375 129.7386 241.3437
v 319.0728 126.2935 242.7674
v 316.7938 122.6666 243.2500
v 314.5148 119.0396 242.7674
v 312.3501 115.5945 241.3437
v 310.4083 112.5040 239.0503
v 308.7866 109.9231 236.0022
v 307.5664 107.9813 232.3523
v 306.8090 106.7758 228.2835
v 306.5522 106.3671 224.0000
v 306.8090 106.7758 219.7165
v 307.5664 107.9813 215.6477
v 308.7866 109.9231 211.9978
v 310.4083 112.5040 208.9497
v 312.3501 115.5945 206.6563
v 314.5148 119.0396 205.2326
v 316.7938 122.6666 204.7500
v 319.0728 126.2935 205.2326
v 321.2375 129.7386 206.6563
v 323.1793 132.8291 208.9497
v 324.8010 135.4100 211.9978
v 326.0212 137.3518 215.6477
v 326.7786 138.5573 219.7165
v 333.6167 133.7055 228.2835
v 333.9176 134.0828 224.0000
v 332.7290 132.5924 232.3523
v 331.2991 130.7993 236.0022
v 329.3987 128.4162 239.0503
v 327.1230 125.5626 241.3437
v 324.5862 122.3816 242.7674
v 321.9154 119.0326 243.2500
v 319.2447 115.6836 242.7674
v 316.7079 112.5025 241.3437
v 314.4322 109.6489 239.0503
v 312.5317 107.2658 236.0022
v 311.1018 105.4728 232.3523
v 310.2142 104.3596 228.2835
v 309.9133 103.9823 224.0000
v 310.2142 104.3596 219.7165
v 311.1018 105.4728 215.6477
v 312.5317 107.2658 211.9978
v 314.4322 109.6489 208.9497
v 316.7079 112.5025 206.6563
v 319.2447 115.6836 205.2326
v 321.9154 119.0326 204.7500
v 324.5862 122.3816 205.2326
v 327.1230 125.5626 206.6563
v 329.3987 128.4162 208.9497
v 331.2991 130.7993 211.9978
v 332.7290 132.5924 215.6477
v 333.6167 133.7055 219.7165
v 339.8685 128.1185 228.2835
v 340.2098 128.4598 224.0000
v 338.8618 127.1118 232.3523
v 337.2401 125.4901 236.0022
v 335.0848 123.3348 239.0503
v 332.5039 120.7539 241.3437
v 329.6269 117.8769 242.7674
v 326.5980 114.8480 243.2500
v 323.5691 111.8191 242.7674
v 320.6920 108.9420 241.3437
v 318.1112 106.3612 239.0503
v 315.9558 104.2058 236.0022
v 314.3342 102.5842 232.3523
v 313.3275 101.5775 228.2835
v 312.9862 101.2362 224.0000
v 313.3275 101.5775 219.7165
v 314.3342 102.5842 215.6477
v 315.9558 104.2058 211.9978
v 318.1112 106.3612 208.9497
v 320.6920 108.9420 206.6563
v 323.5691 111.8191 205.2326
v 326.5980 114.8480 204.7500
v 329.6269 117.8769 205.2326
v 332.5039 120.7539 206.6563
v 335.0848 123.3348 208.9497
v 337.2401 125.4901 211.9978
v 338.8618 127.1118 215.6477
v 339.8685 128.1185 219.7165
v 345.4555 121.8667 228.2835
v 345.8328 122.1676 224.0000
v 344.3424 120.9790 232.3523
v 342.5493 119.5491 236.0022
v 340.1662 117.6487 239.0503
v 337.3126 115.3730 241.3437
v 334.1316 112.8362 242.7674
v 330.7826 110.1654 243.2500
v 327.4336 107.4947 242.7674
v 324.2525 104.9579 241.3437
v 321.3989 102.6822 239.0503
v 319.0158 100.7817 236.0022
v 317.2228 99.3518 232.3523
v 316.1096 98.4642 228.2835
v 315.7323 98.1633 224.0000
v 316.1096 98.4642 219.7165
v 317.2228 99.3518 215.6477
v 319.0158 100.7817 211.9978
v 321.3989 102.6822 208.9497
v 324.2525 104.9579 206.6563
v 327.4336 107.4947 205.2326
v 330.7826 110.1654 204.7500
v 334.1316 112.8362 205.2326
v 337.3126 115.3730 206.6563
v 340.1662 117.6487 208.9497
v 342.5493 119.5491 211.9978
v 344.3424 120.9790 215.6477
v 345.4555 121.8667 219.7165
v 350.3073 115.0286 228.2835
v 350.7160 115.2854 224.0000
v 349.1018 114.2712 232.3523
v 347.1600 113.0510 236.0022
v 344.5791 111.4293 239.0503
v 341.4886 109.4875 241.3437
v 338.0435 107.3228 242.7674
v 334.4166 105.0438 243.2500
v 330.7896 102.7648 242.7674
v 327.3445 100.6001 241.3437
v 324.2540 98.6583 239.0503
v 321.6731 97.0366 236.0022
v 319.7313 95.8164 232.3523
v 318.5258 95.0590 228.2835
v 318.1171 94.8022 224.0000
v 318.5258 95.0590 219.7165
v 319.7313 95.8164 215.6477
v 321.6731 97.0366 211.9978
v 324.2540 98.6583 208.9497
v 327.3445 100.6001 206.6563
v 330.7896 102.7648 205.2326
v 334.4166 105.0438 204.7500
v 338.0435 107.3228 205.2326
v 341.4886 109.4875 206.6563
v 344.5791 111.4293 208.9497
v 347.1600 113.0510 211.9978
v 349.1018 114.2712 215.6477
v 350.3073 115.0286 219.7165
v 354.3631 107.6903 228.2835
v 354.7979 107.8998 224.0000
v 353.0803 107.0726 232.3523
v 351.0141 106.0776 236.0022
v 348.2678 104.7550 239.0503
v 344.9794 103.1714 241.3437
v 341.3136 101.4060 242.7674
v 337.4543 99.5475 243.2500
v 333.5949 97.6889 242.7674
v 329.9291 95.9236 241.3437
v 326.6407 94.3399 239.0503
v 323.8944 93.0174 236.0022
v 321.8282 92.0224 232.3523
v 320.5454 91.4046 228.2835
v 320.1106 91.1952 224.0000
v 320.5454 91.4046 219.7165
v 321.8282 92.0224 215.6477
v 323.8944 93.0174 211.9978
v 326.6407 94.3399 208.9497
v 329.9291 95.9236 206.6563
v 333.5949 97.6889 205.2326
v 337.4543 99.5475 204.7500
v 341.3136 101.4060 205.2326
v 344.9794 103.1714 206.6563
v 348.2678 104.7550 208.9497
v 351.0141 106.0776 211.9978
v 353.0803 107.0726 215.6477
v 354.3631 107.6903 219.7165
v 357.5717 99.9441 228.2835
v 358.0272 100.1035 224.0000
v 356.2278 99.4739 232.3523
v 354.0632 98.7164 236.0022
v 351.1861 97.7097 239.0503
v 347.7410 96.5042 241.3437
v 343.9006 95.1604 242.7674
v 339.8575 93.7456 243.2500
v 335.8143 92.3309 242.7674
v 331.9739 90.9871 241.3437
v 328.5288 89.7816 239.0503
v 325.6518 88.7748 236.0022
v 323.4871 88.0174 232.3523
v 322.1433 87.5472 228.2835
v 321.6877 87.3878 224.0000
v 322.1433 87.5472 219.7165
v 323.4871 88.0174 215.6477
v 325.6518 88.7748 211.9978
v 328.5288 89.7816 208.9497
v 331.9739 90.9871 206.6563
v 335.8143 92.3309 205.2326
v 339.8575 93.7456 204.7500
v 343.9006 95.1604 205.2326
v 347.7410 96.5042 206.6563
v 351.1861 97.7097 208.9497
v 354.0632 98.7164 211.9978
v 356.2278 99.4739 215.6477
v 357.5717 99.9441 219.7165
v 359.8928 91.8873 228.2835
v 360.3633 91.9947 224.0000
v 358.5048 91.5705 232.3523
v 356.2689 91.0602 236.0022
v 353.2972 90.3819 239.0503
v 349.7388 89.5697 241.3437
v 345.7721 88.6643 242.7674
v 341.5960 87.7112 243.2500
v 337.4198 86.7580 242.7674
v 333.4531 85.8526 241.3437
v 329.8947 85.0404 239.0503
v 326.9230 84.3622 236.0022
v 324.6872 83.8518 232.3523
v 323.2991 83.5350 228.2835
v 322.8286 83.4276 224.0000
v 323.2991 83.5350 219.7165
v 324.6872 83.8518 215.6477
v 326.9230 84.3622 211.9978
v 329.8947 85.0404 208.9497
v 333.4531 85.8526 206.6563
v 337.4198 86.7580 205.2326
v 341.5960 87.7112 204.7500
v 345.7721 88.6643 205.2326
v 349.7388 89.5697 206.6563
v 353.2972 90.3819 208.9497
v 356.2689 91.0602 211.9978
v 358.5048 91.5705 215.6477
v 359.8928 91.8873 219.7165
v 361.2972 83.6213 228.2835
v 361.7768 83.6753 224.0000
v 359.8825 83.4619 232.3523
v 357.6035 83.2051 236.0022
v 354.5746 82.8638 239.0503
v 350.9476 82.4552 241.3437
v 346.9045 81.9996 242.7674
v 342.6479 81.5200 243.2500
v 338.3913 81.0404 242.7674
v 334.3481 80.5849 241.3437
v 330.7212 80.1762 239.0503
v 327.6923 79.8349 236.0022
v 325.4133 79.5781 232.3523
v 323.9985 79.4187 228.2835
v 323.5189 79.3647 224.0000
v 323.9985 79.4187 219.7165
v 325.4133 79.5781 215.6477
v 327.6923 79.8349 211.9978
v 330.7212 80.1762 208.9497
v 334.3481 80.5849 206.6563
v 338.3913 81.0404 205.2326
v 342.6479 81.5200 204.7500
v 346.9045 81.9996 205.2326
v 350.9476 82.4552 206.6563
v 354.5746 82.8638 208.9497
v 357.6035 83.2051 211.9978
v 359.8825 83.4619 215.6477
v 361.2972 83.6213 219.7165
vn 0.000000 1.000000 0.000000
vn 0.000000 -1.000000 0.000000
vn 0.000000 0.000000 -1.000000
vn 0.000000 0.000000 1.000000
vn -1.000000 0.000000 0.000000
vn 1.000000 0.000000 0.000000
vn 0.129410 0.991445 0.017037
vn 0.130526 0.991445 0.000000
vn 0.126079 0.991445 0.033783
vn 0.120590 0.991445 0.049950
vn 0.113039 0.991445 0.065263
vn 0.103553 0.991445 0.079459
vn 0.092296 0.991445 0.092296
vn 0.079459 0.991445 0.103553
vn 0.065263 0.991445 0.113039
vn 0.049950 0.991445 0.120590
vn 0.033783 0.991445 0.126079
vn 0.017037 0.991445 0.129410
vn 0.000000 0.991445 0.130526
vn -0.017037 0.991445 0.129410
vn -0.033783 0.991445 0.126079
vn -0.049950 0.991445 0.120590
vn -0.065263 0.991445 0.113039
vn -0.079459 0.991445 0.103553
vn -0.092296 0.991445 0.092296
vn -0.103553 0.991445 0.079459
vn -0.113039 0.991445 0.065263
vn -0.120590 0.991445 0.049950
vn -0.126079 0.991445 0.033783
vn -0.129410 0.991445 0.017037
vn -0.130526 0.991445 0.000000
vn -0.129410 0.991445 -0.017037
vn -0.126079 0.991445 -0.033783
vn -0.120590 0.991445 -0.049950
vn -0.113039 0.991445 -0.065263
vn -0.103553 0.991445 -0.079459
vn -0.092296 0.991445 -0.092296
vn -0.079459 0.991445 -0.103553
vn -0.065263 0.991445 -0.113039
vn -0.049950 0.991445 -0.120590
vn -0.033783 0.991445 -0.126079
vn -0.017037 0.991445 -0.129410
vn -0.000000 0.991445 -0.130526
vn 0.017037 0.991445 -0.129410
vn 0.033783 0.991445 -0.126079
vn 0.049950 0.991445 -0.120590
vn 0.065263 0.991445 -0.113039
vn 0.079459 0.991445 -0.103553
vn 0.092296 0.991445 -0.092296
vn 0.103553 0.991445 -0.079459
vn 0.113039 0.991445 -0.065263
vn 0.120590 0.991445 -0.049950
vn 0.126079 0.991445 -0.033783
vn 0.129410 0.991445 -0.017037
vn 0.256605 0.965926 0.033783
vn 0.258819 0.965926 0.000000
vn 0.250000 0.965926 0.066987
vn 0.239118 0.965926 0.099046
vn 0.224144 0.965926 0.129410
vn 0.205335 0.965926 0.157559
vn 0.183013 0.965926 0.183013
vn 0.157559 0.965926 0.205335
vn 0.129410 0.965926 0.224144
vn 0.099046 0.965926 0.239118
vn 0.066987 0.965926 0.250000
vn 0.033783 0.965926 0.256605
vn 0.000000 0.965926 0.258819
vn -0.033783 0.965926 0.256605
vn -0.066987 0.965926 0.250000
vn -0.099046 0.965926 0.239118
vn -0.129410 0.965926 0.224144
vn -0.157559 0.965926 0.205335
vn -0.183013 0.965926 0.183013
vn -0.205335 0.965926 0.157559
vn -0.224144 0.965926 0.129410
vn -0.239118 0.965926 0.099046
vn -0.250000 0.965926 0.066987
vn -0.256605 0.965926 0.033783
vn -0.258819 0.965926 0.000000
vn -0.256605 0.965926 -0.033783
vn -0.250000 0.965926 -0.066987
vn -0.239118 0.965926 -0.099046
vn -0.224144 0.965926 -0.129410
vn -0.205335 0.965926 -0.157559
vn -0.183013 0.965926 -0.183013
vn -0.157559 0.965926 -0.205335
vn -0.129410 0.965926 -0.224144
vn -0.099046 0.965926 -0.239118
vn -0.066987 0.965926 -0.250000
vn -0.033783 0.965926 -0.256605
vn -0.000000 0.965926 -0.258819
vn 0.033783 0.965926 -0.256605
vn 0.066987 0.965926 -0.250000
vn 0.099046 0.965926 -0.239118
vn 0.129410 0.965926 -0.224144
vn 0.157559 0.965926 -0.205335
vn 0.183013 0.965926 -0.183013
vn 0.205335 0.965926 -0.157559
vn 0.224144 0.965926 -0.129410
vn 0.239118 0.965926 -0.099046
vn 0.250000 0.965926 -0.066987
vn 0.256605 0.965926 -0.033783
vn 0.379410 0.923880 0.049950
vn 0.382683 0.923880 0.000000
vn 0.369644 0.923880 0.099046
vn 0.353553 0.923880 0.146447
vn 0.331414 0.923880 0.191342
vn 0.303603 0.923880 0.232963
vn 0.270598 0.923880 0.270598
vn 0.232963 0.923880 0.303603
vn 0.191342 0.923880 0.331414
vn 0.146447 0.923880 0.353553
vn 0.099046 0.923880 0.369644
vn 0.049950 0.923880 0.379410
vn 0.000000 0.923880 0.382683
vn -0.049950 0.923880 0.379410
vn -0.099046 0.923880 0.369644
vn -0.146447 0.923880 0.353553
vn -0.191342 0.923880 0.331414
vn -0.232963 0.923880 0.303603
vn -0.270598 0.923880 0.270598
vn -0.303603 0.923880 0.232963
vn -0.331414 0.923880 0.191342
vn -0.353553 0.923880 0.146447
vn -0.369644 0.923880 0.099046
vn -0.379410 0.923880 0.049950
vn -0.382683 0.923880 0.000000
vn -0.379410 0.923880 -0.049950
vn -0.369644 0.923880 -0.099046
vn -0.353553 0.923880 -0.146447
vn -0.331414 0.923880 -0.191342
vn -0.303603 0.923880 -0.232963
vn -0.270598 0.923880 -0.270598
vn -0.232963 0.923880 -0.303603
vn -0.191342 0.923880 -0.331414
vn -0.146447 0.923880 -0.353553
vn -0.099046 0.923880 -0.369644
vn -0.049950 0.923880 -0.379410
vn -0.000000 0.923880 -0.382683
vn 0.049950 0.923880 -0.379410
vn 0.099046 0.923880 -0.369644
vn 0.146447 0.923880 -0.353553
vn 0.191342 0.923880 -0.331414
vn 0.232963 0.923880 -0.303603
vn 0.270598 0.923880 -0.270598
vn 0.303603 0.923880 -0.232963
vn 0.331414 0.923880 -0.191342
vn 0.353553 0.923880 -0.146447
vn 0.369644 0.923880 -0.099046
vn 0.379410 0.923880 -0.049950
vn 0.495722 0.866025 0.065263
vn 0.500000 0.866025 0.000000
vn 0.482963 0.866025 0.129410
vn 0.461940 0.866025 0.191342
vn 0.433013 0.866025 0.250000
vn 0.396677 0.866025 0.304381
vn 0.353553 0.866025 0.353553
vn 0.304381 0.866025 0.396677
vn 0.250000 0.866025 0.433013
vn 0.191342 0.866025 0.461940
vn 0.129410 0.866025 0.482963
vn 0.065263 0.866025 0.495722
vn 0.000000 0.866025 0.500000
vn -0.065263 0.866025 0.495722
vn -0.129410 0.866025 0.482963
vn -0.191342 0.866025 0.461940
vn -0.250000 0.866025 0.433013
vn -0.304381 0.866025 0.396677
vn -0.353553 0.866025 0.353553
vn -0.396677 0.866025 0.304381
vn -0.433013 0.866025 0.250000
vn -0.461940 0.866025 0.191342
vn -0.482963 0.866025 0.129410
vn -0.495722 0.866025 0.065263
vn -0.500000 0.866025 0.000000
vn -0.495722 0.866025 -0.065263
vn -0.482963 0.866025 -0.129410
vn -0.461940 0.866025 -0.191342
vn -0.433013 0.866025 -0.250000
vn -0.396677 0.866025 -0.304381
vn -0.353553 0.866025 -0.353553
vn -0.304381 0.866025 -0.396677
vn -0.250000 0.866025 -0.433013
vn -0.191342 0.866025 -0.461940
vn -0.129410 0.866025 -0.482963
vn -0.065263 0.866025 -0.495722
vn -0.000000 0.866025 -0.500000
vn 0.065263 0.866025 -0.495722
vn 0.129410 0.866025 -0.482963
vn 0.191342 0.866025 -0.461940
vn 0.250000 0.866025 -0.433013
vn 0.304381 0.866025 -0.396677
vn 0.353553 0.866025 -0.353553
vn 0.396677 0.866025 -0.304381
vn 0.433013 0.866025 -0.250000
vn 0.461940 0.866025 -0.191342
vn 0.482963 0.866025 -0.129410
vn 0.495722 0.866025 -0.065263
vn 0.603553 0.793353 0.079459
vn 0.608761 0.793353 0.000000
vn 0.588018 0.793353 0.157559
vn 0.562422 0.793353 0.232963
vn 0.527203 0.793353 0.304381
vn 0.482963 0.793353 0.370590
vn 0.430459 0.793353 0.430459
vn 0.370590 0.793353 0.482963
vn 0.304381 0.793353 0.527203
vn 0.232963 0.793353 0.562422
vn 0.157559 0.793353 0.588018
vn 0.079459 0.793353 0.603553
vn 0.000000 0.793353 0.608761
vn -0.079459 0.793353 0.603553
vn -0.157559 0.793353 0.588018
vn -0.232963 0.793353 0.562422
vn -0.304381 0.793353 0.527203
vn -0.370590 0.793353 0.482963
vn -0.430459 0.793353 0.430459
vn -0.482963 0.793353 0.370590
vn -0.527203 0.793353 0.304381
vn -0.562422 0.793353 0.232963
vn -0.588018 0.793353 0.157559
vn -0.603553 0.793353 0.079459
vn -0.608761 0.793353 0.000000
vn -0.603553 0.793353 -0.079459
vn -0.588018 0.793353 -0.157559
vn -0.562422 0.793353 -0.232963
vn -0.527203 0.793353 -0.304381
vn -0.482963 0.793353 -0.370590
vn -0.430459 0.793353 -0.430459
vn -0.370590 0.793353 -0.482963
vn -0.304381 0.793353 -0.527203
vn -0.232963 0.793353 -0.562422
vn -0.157559 0.793353 -0.588018
vn -0.079459 0.793353 -0.603553
vn -0.000000 0.793353 -0.608761
vn 0.079459 0.793353 -0.603553
vn 0.157559 0.793353 -0.588018
vn 0.232963 0.793353 -0.562422
vn 0.304381 0.793353 -0.527203
vn 0.370590 0.793353 -0.482963
vn 0.430459 0.793353 -0.430459
vn 0.482963 0.793353 -0.370590
vn 0.527203 0.793353 -0.304381
vn 0.562422 0.793353 -0.232963
vn 0.588018 0.793353 -0.157559
vn 0.603553 0.793353 -0.079459
vn 0.701057 0.707107 0.092296
vn 0.707107 0.707107 0.000000
vn 0.683013 0.707107 0.183013
vn 0.653281 0.707107 0.270598
vn 0.612372 0.707107 0.353553
vn 0.560986 0.707107 0.430459
vn 0.500000 0.707107 0.500000
vn 0.430459 0.707107 0.560986
vn 0.353553 0.707107 0.612372
vn 0.270598 0.707107 0.653281
vn 0.183013 0.707107 0.683013
vn 0.092296 0.707107 0.701057
vn 0.000000 0.707107 0.707107
vn -0.092296 0.707107 0.701057
vn -0.183013 0.707107 0.683013
vn -0.270598 0.707107 0.653281
vn -0.353553 0.707107 0.612372
vn -0.430459 0.707107 0.560986
vn -0.500000 0.707107 0.500000
vn -0.560986 0.707107 0.430459
vn -0.612372 0.707107 0.353553
vn -0.653281 0.707107 0.270598
vn -0.683013 0.707107 0.183013
vn -0.701057 0.707107 0.092296
vn -0.707107 0.707107 0.000000
vn -0.701057 0.707107 -0.092296
vn -0.683013 0.707107 -0.183013
vn -0.653281 0.707107 -0.270598
vn -0.612372 0.707107 -0.353553
vn -0.560986 0.707107 -0.430459
vn -0.500000 0.707107 -0.500000
vn -0.430459 0.707107 -0.560986
vn -0.353553 0.707107 -0.612372
vn -0.270598 0.707107 -0.653281
vn -0.183013 0.707107 -0.683013
vn -0.092296 0.707107 -0.701057
vn -0.000000 0.707107 -0.707107
vn 0.092296 0.707107 -0.701057
vn 0.183013 0.707107 -0.683013
vn 0.270598 0.707107 -0.653281
vn 0.353553 0.707107 -0.612372
vn 0.430459 0.707107 -0.560986
vn 0.500000 0.707107 -0.500000
vn 0.560986 0.707107 -0.430459
vn 0.612372 0.707107 -0.353553
vn 0.653281 0.707107 -0.270598
vn 0.683013 0.707107 -0.183013
vn 0.701057 0.707107 -0.092296
vn 0.786566 0.608761 0.103553
vn 0.793353 0.608761 0.000000
vn 0.766320 0.608761 0.205335
vn 0.732963 0.608761 0.303603
vn 0.687064 0.608761 0.396677
vn 0.629410 0.608761 0.482963
vn 0.560986 0.608761 0.560986
vn 0.482963 0.608761 0.629410
vn 0.396677 0.608761 0.687064
vn 0.303603 0.608761 0.732963
vn 0.205335 0.608761 0.766320
vn 0.103553 0.608761 0.786566
vn 0.000000 0.608761 0.793353
vn -0.103553 0.608761 0.786566
vn -0.205335 0.608761 0.766320
vn -0.303603 0.608761 0.732963
vn -0.396677 0.608761 0.687064
vn -0.482963 0.608761 0.629410
vn -0.560986 0.608761 0.560986
vn -0.629410 0.608761 0.482963
vn -0.687064 0.608761 0.396677
vn -0.732963 0.608761 0.303603
vn -0.766320 0.608761 0.205335
vn -0.786566 0.608761 0.103553
vn -0.793353 0.608761 0.000000
vn -0.786566 0.608761 -0.103553
vn -0.766320 0.608761 -0.205335
vn -0.732963 0.608761 -0.303603
vn -0.687064 0.608761 -0.396677
vn -0.629410 0.608761 -0.482963
vn -0.560986 0.608761 -0.560986
vn -0.482963 0.608761 -0.629410
vn -0.396677 0.608761 -0.687064
vn -0.303603 0.608761 -0.732963
vn -0.205335 0.608761 -0.766320
vn -0.103553 0.608761 -0.786566
vn -0.000000 0.608761 -0.793353
vn 0.103553 0.608761 -0.786566
vn 0.205335 0.608761 -0.766320
vn 0.303603 0.608761 -0.732963
vn 0.396677 0.608761 -0.687064
vn 0.482963 0.608761 -0.629410
vn 0.560986 0.608761 -0.560986
vn 0.629410 0.608761 -0.482963
vn 0.687064 0.608761 -0.396677
vn 0.732963 0.608761 -0.303603
vn 0.766320 0.608761 -0.205335
vn 0.786566 0.608761 -0.103553
vn 0.858616 0.500000 0.113039
vn 0.866025 0.500000 0.000000
vn 0.836516 0.500000 0.224144
vn 0.800103 0.500000 0.331414
vn 0.750000 0.500000 0.433013
vn 0.687064 0.500000 0.527203
vn 0.612372 0.500000 0.612372
vn 0.527203 0.500000 0.687064
vn 0.433013 0.500000 0.750000
vn 0.331414 0.500000 0.800103
vn 0.224144 0.500000 0.836516
vn 0.113039 0.500000 0.858616
vn 0.000000 0.500000 0.866025
vn -0.113039 0.500000 0.858616
vn -0.224144 0.500000 0.836516
vn -0.331414 0.500000 0.800103
vn -0.433013 0.500000 0.750000
vn -0.527203 0.500000 0.687064
vn -0.612372 0.500000 0.612372
vn -0.687064 0.500000 0.527203
vn -0.750000 0.500000 0.433013
vn -0.800103 0.500000 0.331414
vn -0.836516 0.500000 0.224144
vn -0.858616 0.500000 0.113039
vn -0.866025 0.500000 0.000000
vn -0.858616 0.500000 -0.113039
vn -0.836516 0.500000 -0.224144
vn -0.800103 0.500000 -0.331414
vn -0.750000 0.500000 -0.433013
vn -0.687064 0.500000 -0.527203
vn -0.612372 0.500000 -0.612372
vn -0.527203 0.500000 -0.687064
vn -0.433013 0.500000 -0.750000
vn -0.331414 0.500000 -0.800103
vn -0.224144 0.500000 -0.836516
vn -0.113039 0.500000 -0.858616
vn -0.000000 0.500000 -0.866025
vn 0.113039 0.500000 -0.858616
vn 0.224144 0.500000 -0.836516
vn 0.331414 0.500000 -0.800103
vn 0.433013 0.500000 -0.750000
vn 0.527203 0.500000 -0.687064
vn 0.612372 0.500000 -0.612372
vn 0.687064 0.500000 -0.527203
vn 0.750000 0.500000 -0.433013
vn 0.800103 0.500000 -0.331414
vn 0.836516 0.500000 -0.224144
vn 0.858616 0.500000 -0.113039
vn 0.915976 0.382683 0.120590
vn 0.923880 0.382683 0.000000
vn 0.892399 0.382683 0.239118
vn 0.853553 0.382683 0.353553
vn 0.800103 0.382683 0.461940
vn 0.732963 0.382683 0.562422
vn 0.653281 0.382683 0.653281
vn 0.562422 0.382683 0.732963
vn 0.461940 0.382683 0.800103
vn 0.353553 0.382683 0.853553
vn 0.239118 0.382683 0.892399
vn 0.120590 0.382683 0.915976
vn 0.000000 0.382683 0.923880
vn -0.120590 0.382683 0.915976
vn -0.239118 0.382683 0.892399
vn -0.353553 0.382683 0.853553
vn -0.461940 0.382683 0.800103
vn -0.562422 0.382683 0.732963
vn -0.653281 0.382683 0.653281
vn -0.732963 0.382683 0.562422
vn -0.800103 0.382683 0.461940
vn -0.853553 0.382683 0.353553
vn -0.892399 0.382683 0.239118
vn -0.915976 0.382683 0.120590
vn -0.923880 0.382683 0.000000
vn -0.915976 0.382683 -0.120590
vn -0.892399 0.382683 -0.239118
vn -0.853553 0.382683 -0.353553
vn -0.800103 0.382683 -0.461940
vn -0.732963 0.382683 -0.562422
vn -0.653281 0.382683 -0.653281
vn -0.562422 0.382683 -0.732963
vn -0.461940 0.382683 -0.800103
vn -0.353553 0.382683 -0.853553
vn -0.239118 0.382683 -0.892399
vn -0.120590 0.382683 -0.915976
vn -0.000000 0.382683 -0.923880
vn 0.120590 0.382683 -0.915976
vn 0.239118 0.382683 -0.892399
vn 0.353553 0.382683 -0.853553
vn 0.461940 0.382683 -0.800103
vn 0.562422 0.382683 -0.732963
vn 0.653281 0.382683 -0.653281
vn 0.732963 0.382683 -0.562422
vn 0.800103 0.382683 -0.461940
vn 0.853553 0.382683 -0.353553
vn 0.892399 0.382683 -0.239118
vn 0.915976 0.382683 -0.120590
vn 0.957662 0.258819 0.126079
vn 0.965926 0.258819 0.000000
vn 0.933013 0.258819 0.250000
vn 0.892399 0.258819 0.369644
vn 0.836516 0.258819 0.482963
vn 0.766320 0.258819 0.588018
vn 0.683013 0.258819 0.683013
vn 0.588018 0.258819 0.766320
vn 0.482963 0.258819 0.836516
vn 0.369644 0.258819 0.892399
vn 0.250000 0.258819 0.933013
vn 0.126079 0.258819 0.957662
vn 0.000000 0.258819 0.965926
vn -0.126079 0.258819 0.957662
vn -0.250000 0.258819 0.933013
vn -0.369644 0.258819 0.892399
vn -0.482963 0.258819 0.836516
vn -0.588018 0.258819 0.766320
vn -0.683013 0.258819 0.683013
vn -0.766320 0.258819 0.588018
vn -0.836516 0.258819 0.482963
vn -0.892399 0.258819 0.369644
vn -0.933013 0.258819 0.250000
vn -0.957662 0.258819 0.126079
vn -0.965926 0.258819 0.000000
vn -0.957662 0.258819 -0.126079
vn -0.933013 0.258819 -0.250000
vn -0.892399 0.258819 -0.369644
vn -0.836516 0.258819 -0.482963
vn -0.766320 0.258819 -0.588018
vn -0.683013 0.258819 -0.683013
vn -0.588018 0.258819 -0.766320
vn -0.482963 0.258819 -0.836516
vn -0.369644 0.258819 -0.892399
vn -0.250000 0.258819 -0.933013
vn -0.126079 0.258819 -0.957662
vn -0.000000 0.258819 -0.965926
vn 0.126079 0.258819 -0.957662
vn 0.250000 0.258819 -0.933013
vn 0.369644 0.258819 -0.892399
vn 0.482963 0.258819 -0.836516
vn 0.588018 0.258819 -0.766320
vn 0.683013 0.258819 -0.683013
vn 0.766320 0.258819 -0.588018
vn 0.836516 0.258819 -0.482963
vn 0.892399 0.258819 -0.369644
vn 0.933013 0.258819 -0.250000
vn 0.957662 0.258819 -0.126079
vn 0.982963 0.130526 0.129410
vn 0.991445 0.130526 0.000000
vn 0.957662 0.130526 0.256605
vn 0.915976 0.130526 0.379410
vn 0.858616 0.130526 0.495722
vn 0.786566 0.130526 0.603553
vn 0.701057 0.130526 0.701057
vn 0.603553 0.130526 0.786566
vn 0.495722 0.130526 0.858616
vn 0.379410 0.130526 0.915976
vn 0.256605 0.130526 0.957662
vn 0.129410 0.130526 0.982963
vn 0.000000 0.130526 0.991445
vn -0.129410 0.130526 0.982963
vn -0.256605 0.130526 0.957662
vn -0.379410 0.130526 0.915976
vn -0.495722 0.130526 0.858616
vn -0.603553 0.130526 0.786566
vn -0.701057 0.130526 0.701057
vn -0.786566 0.130526 0.603553
vn -0.858616 0.130526 0.495722
vn -0.915976 0.130526 0.379410
vn -0.957662 0.130526 0.256605
vn -0.982963 0.130526 0.129410
vn -0.991445 0.130526 0.000000
vn -0.982963 0.130526 -0.129410
vn -0.957662 0.130526 -0.256605
vn -0.915976 0.130526 -0.379410
vn -0.858616 0.130526 -0.495722
vn -0.786566 0.130526 -0.603553
vn -0.701057 0.130526 -0.701057
vn -0.603553 0.130526 -0.786566
vn -0.495722 0.130526 -0.858616
vn -0.379410 0.130526 -0.915976
vn -0.256605 0.130526 -0.957662
vn -0.129410 0.130526 -0.982963
vn -0.000000 0.130526 -0.991445
vn 0.129410 0.130526 -0.982963
vn 0.256605 0.130526 -0.957662
vn 0.379410 0.130526 -0.915976
vn 0.495722 0.130526 -0.858616
vn 0.603553 0.130526 -0.786566
vn 0.701057 0.130526 -0.701057
vn 0.786566 0.130526 -0.603553
vn 0.858616 0.130526 -0.495722
vn 0.915976 0.130526 -0.379410
vn 0.957662 0.130526 -0.256605
vn 0.982963 0.130526 -0.129410
vn 0.991445 0.000000 0.130526
vn 0.965926 0.000000 0.258819
vn 0.923880 0.000000 0.382683
vn 0.866025 0.000000 0.500000
vn 0.793353 0.000000 0.608761
vn 0.707107 0.000000 0.707107
vn 0.608761 0.000000 0.793353
vn 0.500000 0.000000 0.866025
vn 0.382683 0.000000 0.923880
vn 0.258819 0.000000 0.965926
vn 0.130526 0.000000 0.991445
vn -0.130526 0.000000 0.991445
vn -0.258819 0.000000 0.965926
vn -0.382683 0.000000 0.923880
vn -0.500000 0.000000 0.866025
vn -0.608761 0.000000 0.793353
vn -0.707107 0.000000 0.707107
vn -0.793353 0.000000 0.608761
vn -0.866025 0.000000 0.500000
vn -0.923880 0.000000 0.382683
vn -0.965926 0.000000 0.258819
vn -0.991445 0.000000 0.130526
vn -0.991445 0.000000 -0.130526
vn -0.965926 0.000000 -0.258819
vn -0.923880 0.000000 -0.382683
vn -0.866025 0.000000 -0.500000
vn -0.793353 0.000000 -0.608761
vn -0.707107 0.000000 -0.707107
vn -0.608761 0.000000 -0.793353
vn -0.500000 0.000000 -0.866025
vn -0.382683 0.000000 -0.923880
vn -0.258819 0.000000 -0.965926
vn -0.130526 0.000000 -0.991445
vn 0.130526 0.000000 -0.991445
vn 0.258819 0.000000 -0.965926
vn 0.382683 0.000000 -0.923880
vn 0.500000 0.000000 -0.866025
vn 0.608761 0.000000 -0.793353
vn 0.707107 0.000000 -0.707107
vn 0.793353 0.000000 -0.608761
vn 0.866025 0.000000 -0.500000
vn 0.923880 0.000000 -0.382683
vn 0.965926 0.000000 -0.258819
vn 0.991445 0.000000 -0.130526
vn 0.982963 -0.130526 0.129410
vn 0.991445 -0.130526 0.000000
vn 0.957662 -0.130526 0.256605
vn 0.915976 -0.130526 0.379410
vn 0.858616 -0.130526 0.495722
vn 0.786566 -0.130526 0.603553
vn 0.701057 -0.130526 0.701057
vn 0.603553 -0.130526 0.786566
vn 0.495722 -0.130526 0.858616
vn 0.379410 -0.130526 0.915976
vn 0.256605 -0.130526 0.957662
vn 0.129410 -0.130526 0.982963
vn 0.000000 -0.130526 0.991445
vn -0.129410 -0.130526 0.982963
vn -0.256605 -0.130526 0.957662
vn -0.379410 -0.130526 0.915976
vn -0.495722 -0.130526 0.858616
vn -0.603553 -0.130526 0.786566
vn -0.701057 -0.130526 0.701057
vn -0.786566 -0.130526 0.603553
vn -0.858616 -0.130526 0.495722
vn -0.915976 -0.130526 0.379410
vn -0.957662 -0.130526 0.256605
vn -0.982963 -0.130526 0.129410
vn -0.991445 -0.130526 0.000000
vn -0.982963 -0.130526 -0.129410
vn -0.957662 -0.130526 -0.256605
vn -0.915976 -0.130526 -0.379410
vn -0.858616 -0.130526 -0.495722
vn -0.786566 -0.130526 -0.603553
vn -0.701057 -0.130526 -0.701057
vn -0.603553 -0.130526 -0.786566
vn -0.495722 -0.130526 -0.858616
vn -0.379410 -0.130526 -0.915976
vn -0.256605 -0.130526 -0.957662
vn -0.129410 -0.130526 -0.982963
vn -0.000000 -0.130526 -0.991445
vn 0.129410 -0.130526 -0.982963
vn 0.256605 -0.130526 -0.957662
vn 0.379410 -0.130526 -0.915976
vn 0.495722 -0.130526 -0.858616
vn 0.603553 -0.130526 -0.786566
vn 0.701057 -0.130526 -0.701057
vn 0.786566 -0.130526 -0.603553
vn 0.858616 -0.130526 -0.495722
vn 0.915976 -0.130526 -0.379410
vn 0.957662 -0.130526 -0.256605
vn 0.982963 -0.130526 -0.129410
vn 0.957662 -0.258819 0.126079
vn 0.965926 -0.258819 0.000000
vn 0.933013 -0.258819 0.250000
vn 0.892399 -0.258819 0.369644
vn 0.836516 -0.258819 0.482963
vn 0.766320 -0.258819 0.588018
vn 0.683013 -0.258819 0.683013
vn 0.588018 -0.258819 0.766320
vn 0.482963 -0.258819 0.836516
vn 0.369644 -0.258819 0.892399
vn 0.250000 -0.258819 0.933013
vn 0.126079 -0.258819 0.957662
vn 0.000000 -0.258819 0.965926
vn -0.126079 -0.258819 0.957662
vn -0.250000 -0.258819 0.933013
vn -0.369644 -0.258819 0.892399
vn -0.482963 -0.258819 0.836516
vn -0.588018 -0.258819 0.766320
vn -0.683013 -0.258819 0.683013
vn -0.766320 -0.258819 0.588018
vn -0.836516 -0.258819 0.482963
vn -0.892399 -0.258819 0.369644
vn -0.933013 -0.258819 0.250000
vn -0.957662 -0.258819 0.126079
vn -0.965926 -0.258819 0.000000
vn -0.957662 -0.258819 -0.126079
vn -0.933013 -0.258819 -0.250000
vn -0.892399 -0.258819 -0.369644
vn -0.836516 -0.258819 -0.482963
vn -0.766320 -0.258819 -0.588018
vn -0.683013 -0.258819 -0.683013
vn -0.588018 -0.258819 -0.766320
vn -0.482963 -0.258819 -0.836516
vn -0.369644 -0.258819 -0.892399
vn -0.250000 -0.258819 -0.933013
vn -0.126079 -0.258819 -0.957662
vn -0.000000 -0.258819 -0.965926
vn 0.126079 -0.258819 -0.957662
vn 0.250000 -0.258819 -0.933013
vn 0.369644 -0.258819 -0.892399
vn 0.482963 -0.258819 -0.836516
vn 0.588018 -0.258819 -0.766320
vn 0.683013 -0.258819 -0.683013
vn 0.766320 -0.258819 -0.588018
vn 0.836516 -0.258819 -0.482963
vn 0.892399 -0.258819 -0.369644
vn 0.933013 -0.258819 -0.250000
vn 0.957662 -0.258819 -0.126079
vn 0.915976 -0.382683 0.120590
vn 0.923880 -0.382683 0.000000
vn 0.892399 -0.382683 0.239118
vn 0.853553 -0.382683 0.353553
vn 0.800103 -0.382683 0.461940
vn 0.732963 -0.382683 0.562422
vn 0.653281 -0.382683 0.653281
vn 0.562422 -0.382683 0.732963
vn 0.461940 -0.382683 0.800103
vn 0.353553 -0.382683 0.853553
vn 0.239118 -0.382683 0.892399
vn 0.120590 -0.382683 0.915976
vn 0.000000 -0.382683 0.923880
vn -0.120590 -0.382683 0.915976
vn -0.239118 -0.382683 0.892399
vn -0.353553 -0.382683 0.853553
vn -0.461940 -0.382683 0.800103
vn -0.562422 -0.382683 0.732963
vn -0.653281 -0.382683 0.653281
vn -0.732963 -0.382683 0.562422
vn -0.800103 -0.382683 0.461940
vn -0.853553 -0.382683 0.353553
vn -0.892399 -0.382683 0.239118
vn -0.915976 -0.382683 0.120590
vn -0.923880 -0.382683 0.000000
vn -0.915976 -0.382683 -0.120590
vn -0.892399 -0.382683 -0.239118
vn -0.853553 -0.382683 -0.353553
vn -0.800103 -0.382683 -0.461940
vn -0.732963 -0.382683 -0.562422
vn -0.653281 -0.382683 -0.653281
vn -0.562422 -0.382683 -0.732963
vn -0.461940 -0.382683 -0.800103
vn -0.353553 -0.382683 -0.853553
vn -0.239118 -0.382683 -0.892399
vn -0.120590 -0.382683 -0.915976
vn -0.000000 -0.382683 -0.923880
vn 0.120590 -0.382683 -0.915976
vn 0.239118 -0.382683 -0.892399
vn 0.353553 -0.382683 -0.853553
vn 0.461940 -0.382683 -0.800103
vn 0.562422 -0.382683 -0.732963
vn 0.653281 -0.382683 -0.653281
vn 0.732963 -0.382683 -0.562422
vn 0.800103 -0.382683 -0.461940
vn 0.853553 -0.382683 -0.353553
vn 0.892399 -0.382683 -0.239118
vn 0.915976 -0.382683 -0.120590
vn 0.858616 -0.500000 0.113039
vn 0.866025 -0.500000 0.000000
vn 0.836516 -0.500000 0.224144
vn 0.800103 -0.500000 0.331414
vn 0.750000 -0.500000 0.433013
vn 0.687064 -0.500000 0.527203
vn 0.612372 -0.500000 0.612372
vn 0.527203 -0.500000 0.687064
vn 0.433013 -0.500000 0.750000
vn 0.331414 -0.500000 0.800103
vn 0.224144 -0.500000 0.836516
vn 0.113039 -0.500000 0.858616
vn 0.000000 -0.500000 0.866025
vn -0.113039 -0.500000 0.858616
vn -0.224144 -0.500000 0.836516
vn -0.331414 -0.500000 0.800103
vn -0.433013 -0.500000 0.750000
vn -0.527203 -0.500000 0.687064
vn -0.612372 -0.500000 0.612372
vn -0.687064 -0.500000 0.527203
vn -0.750000 -0.500000 0.433013
vn -0.800103 -0.500000 0.331414
vn -0.836516 -0.500000 0.224144
vn -0.858616 -0.500000 0.113039
vn -0.866025 -0.500000 0.000000
vn -0.858616 -0.500000 -0.113039
vn -0.836516 -0.500000 -0.224144
vn -0.800103 -0.500000 -0.331414
vn -0.750000 -0.500000 -0.433013
vn -0.687064 -0.500000 -0.527203
vn -0.612372 -0.500000 -0.612372
vn -0.527203 -0.500000 -0.687064
vn -0.433013 -0.500000 -0.750000
vn -0.331414 -0.500000 -0.800103
vn -0.224144 -0.500000 -0.836516
vn -0.113039 -0.500000 -0.858616
vn -0.000000 -0.500000 -0.866025
vn 0.113039 -0.500000 -0.858616
vn 0.224144 -0.500000 -0.836516
vn 0.331414 -0.500000 -0.800103
vn 0.433013 -0.500000 -0.750000
vn 0.527203 -0.500000 -0.687064
vn 0.612372 -0.500000 -0.612372
vn 0.687064 -0.500000 -0.527203
vn 0.750000 -0.500000 -0.433013
vn 0.800103 -0.500000 -0.331414
vn 0.836516 -0.500000 -0.224144
vn 0.858616 -0.500000 -0.113039
vn 0.786566 -0.608761 0.103553
vn 0.793353 -0.608761 0.000000
vn 0.766320 -0.608761 0.205335
vn 0.732963 -0.608761 0.303603
vn 0.687064 -0.608761 0.396677
vn 0.629410 -0.608761 0.482963
vn 0.560986 -0.608761 0.560986
vn 0.482963 -0.608761 0.629410
vn 0.396677 -0.608761 0.687064
vn 0.303603 -0.608761 0.732963
vn 0.205335 -0.608761 0.766320
vn 0.103553 -0.608761 0.786566
vn 0.000000 -0.608761 0.793353
vn -0.103553 -0.608761 0.786566
vn -0.205335 -0.608761 0.766320
vn -0.303603 -0.608761 0.732963
vn -0.396677 -0.608761 0.687064
vn -0.482963 -0.608761 0.629410
vn -0.560986 -0.608761 0.560986
vn -0.629410 -0.608761 0.482963
vn -0.687064 -0.608761 0.396677
vn -0.732963 -0.608761 0.303603
vn -0.766320 -0.608761 0.205335
vn -0.786566 -0.608761 0.103553
vn -0.793353 -0.608761 0.000000
vn -0.786566 -0.608761 -0.103553
vn -0.766320 -0.608761 -0.205335
vn -0.732963 -0.608761 -0.303603
vn -0.687064 -0.608761 -0.396677
vn -0.629410 -0.608761 -0.482963
vn -0.560986 -0.608761 -0.560986
vn -0.482963 -0.608761 -0.629410
vn -0.396677 -0.608761 -0.687064
vn -0.303603 -0.608761 -0.732963
vn -0.205335 -0.608761 -0.766320
vn -0.103553 -0.608761 -0.786566
vn -0.000000 -0.608761 -0.793353
vn 0.103553 -0.608761 -0.786566
vn 0.205335 -0.608761 -0.766320
vn 0.303603 -0.608761 -0.732963
vn 0.396677 -0.608761 -0.687064
vn 0.482963 -0.608761 -0.629410
vn 0.560986 -0.608761 -0.560986
vn 0.629410 -0.608761 -0.482963
vn 0.687064 -0.608761 -0.396677
vn 0.732963 -0.608761 -0.303603
vn 0.766320 -0.608761 -0.205335
vn 0.786566 -0.608761 -0.103553
vn 0.701057 -0.707107 0.092296
vn 0.707107 -0.707107 0.000000
vn 0.683013 -0.707107 0.183013
vn 0.653281 -0.707107 0.270598
vn 0.612372 -0.707107 0.353553
vn 0.560986 -0.707107 0.430459
vn 0.500000 -0.707107 0.500000
vn 0.430459 -0.707107 0.560986
vn 0.353553 -0.707107 0.612372
vn 0.270598 -0.707107 0.653281
vn 0.183013 -0.707107 0.683013
vn 0.092296 -0.707107 0.701057
vn 0.000000 -0.707107 0.707107
vn -0.092296 -0.707107 0.701057
vn -0.183013 -0.707107 0.683013
vn -0.270598 -0.707107 0.653281
vn -0.353553 -0.707107 0.612372
vn -0.430459 -0.707107 0.560986
vn -0.500000 -0.707107 0.500000
vn -0.560986 -0.707107 0.430459
vn -0.612372 -0.707107 0.353553
vn -0.653281 -0.707107 0.270598
vn -0.683013 -0.707107 0.183013
vn -0.701057 -0.707107 0.092296
vn -0.707107 -0.707107 0.000000
vn -0.701057 -0.707107 -0.092296
vn -0.683013 -0.707107 -0.183013
vn -0.653281 -0.707107 -0.270598
vn -0.612372 -0.707107 -0.353553
vn -0.560986 -0.707107 -0.430459
vn -0.500000 -0.707107 -0.500000
vn -0.430459 -0.707107 -0.560986
vn -0.353553 -0.707107 -0.612372
vn -0.270598 -0.707107 -0.653281
vn -0.183013 -0.707107 -0.683013
vn -0.092296 -0.707107 -0.701057
vn -0.000000 -0.707107 -0.707107
vn 0.092296 -0.707107 -0.701057
vn 0.183013 -0.707107 -0.683013
vn 0.270598 -0.707107 -0.653281
vn 0.353553 -0.707107 -0.612372
vn 0.430459 -0.707107 -0.560986
vn 0.500000 -0.707107 -0.500000
vn 0.560986 -0.707107 -0.430459
vn 0.612372 -0.707107 -0.353553
vn 0.653281 -0.707107 -0.270598
vn 0.683013 -0.707107 -0.183013
vn 0.701057 -0.707107 -0.092296
vn 0.603553 -0.793353 0.079459
vn 0.608761 -0.793353 0.000000
vn 0.588018 -0.793353 0.157559
vn 0.562422 -0.793353 0.232963
vn 0.527203 -0.793353 0.304381
vn 0.482963 -0.793353 0.370590
vn 0.430459 -0.793353 0.430459
vn 0.370590 -0.793353 0.482963
vn 0.304381 -0.793353 0.527203
vn 0.232963 -0.793353 0.562422
vn 0.157559 -0.793353 0.588018
vn 0.079459 -0.793353 0.603553
vn 0.000000 -0.793353 0.608761
vn -0.079459 -0.793353 0.603553
vn -0.157559 -0.793353 0.588018
vn -0.232963 -0.793353 0.562422
vn -0.304381 -0.793353 0.527203
vn -0.370590 -0.793353 0.482963
vn -0.430459 -0.793353 0.430459
vn -0.482963 -0.793353 0.370590
vn -0.527203 -0.793353 0.304381
vn -0.562422 -0.793353 0.232963
vn -0.588018 -0.793353 0.157559
vn -0.603553 -0.793353 0.079459
vn -0.608761 -0.793353 0.000000
vn -0.603553 -0.793353 -0.079459
vn -0.588018 -0.793353 -0.157559
vn -0.562422 -0.793353 -0.232963
vn -0.527203 -0.793353 -0.304381
vn -0.482963 -0.793353 -0.370590
vn -0.430459 -0.793353 -0.430459
vn -0.370590 -0.793353 -0.482963
vn -0.304381 -0.793353 -0.527203
vn -0.232963 -0.793353 -0.562422
vn -0.157559 -0.793353 -0.588018
vn -0.079459 -0.793353 -0.603553
vn -0.000000 -0.793353 -0.608761
vn 0.079459 -0.793353 -0.603553
vn 0.157559 -0.793353 -0.588018
vn 0.232963 -0.793353 -0.562422
vn 0.304381 -0.793353 -0.527203
vn 0.370590 -0.793353 -0.482963
vn 0.430459 -0.793353 -0.430459
vn 0.482963 -0.793353 -0.370590
vn 0.527203 -0.793353 -0.304381
vn 0.562422 -0.793353 -0.232963
vn 0.588018 -0.793353 -0.157559
vn 0.603553 -0.793353 -0.079459
vn 0.495722 -0.866025 0.065263
vn 0.500000 -0.866025 0.000000
vn 0.482963 -0.866025 0.129410
vn 0.461940 -0.866025 0.191342
vn 0.433013 -0.866025 0.250000
vn 0.396677 -0.866025 0.304381
vn 0.353553 -0.866025 0.353553
vn 0.304381 -0.866025 0.396677
vn 0.250000 -0.866025 0.433013
vn 0.191342 -0.866025 0.461940
vn 0.129410 -0.866025 0.482963
vn 0.065263 -0.866025 0.495722
vn 0.000000 -0.866025 0.500000
vn -0.065263 -0.866025 0.495722
vn -0.129410 -0.866025 0.482963
vn -0.191342 -0.866025 0.461940
vn -0.250000 -0.866025 0.433013
vn -0.304381 -0.866025 0.396677
vn -0.353553 -0.866025 0.353553
vn -0.396677 -0.866025 0.304381
vn -0.433013 -0.866025 0.250000
vn -0.461940 -0.866025 0.191342
vn -0.482963 -0.866025 0.129410
vn -0.495722 -0.866025 0.065263
vn -0.500000 -0.866025 0.000000
vn -0.495722 -0.866025 -0.065263
vn -0.482963 -0.866025 -0.129410
vn -0.461940 -0.866025 -0.191342
vn -0.433013 -0.866025 -0.250000
vn -0.396677 -0.866025 -0.304381
vn -0.353553 -0.866025 -0.353553
vn -0.304381 -0.866025 -0.396677
vn -0.250000 -0.866025 -0.433013
vn -0.191342 -0.866025 -0.461940
vn -0.129410 -0.866025 -0.482963
vn -0.065263 -0.866025 -0.495722
vn -0.000000 -0.866025 -0.500000
vn 0.065263 -0.866025 -0.495722
vn 0.129410 -0.866025 -0.482963
vn 0.191342 -0.866025 -0.461940
vn 0.250000 -0.866025 -0.433013
vn 0.304381 -0.866025 -0.396677
vn 0.353553 -0.866025 -0.353553
vn 0.396677 -0.866025 -0.304381
vn 0.433013 -0.866025 -0.250000
vn 0.461940 -0.866025 -0.191342
vn 0.482963 -0.866025 -0.129410
vn 0.495722 -0.866025 -0.065263
vn 0.379410 -0.923880 0.049950
vn 0.382683 -0.923880 0.000000
vn 0.369644 -0.923880 0.099046
vn 0.353553 -0.923880 0.146447
vn 0.331414 -0.923880 0.191342
vn 0.303603 -0.923880 0.232963
vn 0.270598 -0.923880 0.270598
vn 0.232963 -0.923880 0.303603
vn 0.191342 -0.923880 0.331414
vn 0.146447 -0.923880 0.353553
vn 0.099046 -0.923880 0.369644
vn 0.049950 -0.923880 0.379410
vn 0.000000 -0.923880 0.382683
vn -0.049950 -0.923880 0.379410
vn -0.099046 -0.923880 0.369644
vn -0.146447 -0.923880 0.353553
vn -0.191342 -0.923880 0.331414
vn -0.232963 -0.923880 0.303603
vn -0.270598 -0.923880 0.270598
vn -0.303603 -0.923880 0.232963
vn -0.331414 -0.923880 0.191342
vn -0.353553 -0.923880 0.146447
vn -0.369644 -0.923880 0.099046
vn -0.379410 -0.923880 0.049950
vn -0.382683 -0.923880 0.000000
vn -0.379410 -0.923880 -0.049950
vn -0.369644 -0.923880 -0.099046
vn -0.353553 -0.923880 -0.146447
vn -0.331414 -0.923880 -0.191342
vn -0.303603 -0.923880 -0.232963
vn -0.270598 -0.923880 -0.270598
vn -0.232963 -0.923880 -0.303603
vn -0.191342 -0.923880 -0.331414
vn -0.146447 -0.923880 -0.353553
vn -0.099046 -0.923880 -0.369644
vn -0.049950 -0.923880 -0.379410
vn -0.000000 -0.923880 -0.382683
vn 0.049950 -0.923880 -0.379410
vn 0.099046 -0.923880 -0.369644
vn 0.146447 -0.923880 -0.353553
vn 0.191342 -0.923880 -0.331414
vn 0.232963 -0.923880 -0.303603
vn 0.270598 -0.923880 -0.270598
vn 0.303603 -0.923880 -0.232963
vn 0.331414 -0.923880 -0.191342
vn 0.353553 -0.923880 -0.146447
vn 0.369644 -0.923880 -0.099046
vn 0.379410 -0.923880 -0.049950
vn 0.256605 -0.965926 0.033783
vn 0.258819 -0.965926 0.000000
vn 0.250000 -0.965926 0.066987
vn 0.239118 -0.965926 0.099046
vn 0.224144 -0.965926 0.129410
vn 0.205335 -0.965926 0.157559
vn 0.183013 -0.965926 0.183013
vn 0.157559 -0.965926 0.205335
vn 0.129410 -0.965926 0.224144
vn 0.099046 -0.965926 0.239118
vn 0.066987 -0.965926 0.250000
vn 0.033783 -0.965926 0.256605
vn 0.000000 -0.965926 0.258819
vn -0.033783 -0.965926 0.256605
vn -0.066987 -0.965926 0.250000
vn -0.099046 -0.965926 0.239118
vn -0.129410 -0.965926 0.224144
vn -0.157559 -0.965926 0.205335
vn -0.183013 -0.965926 0.183013
vn -0.205335 -0.965926 0.157559
vn -0.224144 -0.965926 0.129410
vn -0.239118 -0.965926 0.099046
vn -0.250000 -0.965926 0.066987
vn -0.256605 -0.965926 0.033783
vn -0.258819 -0.965926 0.000000
vn -0.256605 -0.965926 -0.033783
vn -0.250000 -0.965926 -0.066987
vn -0.239118 -0.965926 -0.099046
vn -0.224144 -0.965926 -0.129410
vn -0.205335 -0.965926 -0.157559
vn -0.183013 -0.965926 -0.183013
vn -0.157559 -0.965926 -0.205335
vn -0.129410 -0.965926 -0.224144
vn -0.099046 -0.965926 -0.239118
vn -0.066987 -0.965926 -0.250000
vn -0.033783 -0.965926 -0.256605
vn -0.000000 -0.965926 -0.258819
vn 0.033783 -0.965926 -0.256605
vn 0.066987 -0.965926 -0.250000
vn 0.099046 -0.965926 -0.239118
vn 0.129410 -0.965926 -0.224144
vn 0.157559 -0.965926 -0.205335
vn 0.183013 -0.965926 -0.183013
vn 0.205335 -0.965926 -0.157559
vn 0.224144 -0.965926 -0.129410
vn 0.239118 -0.965926 -0.099046
vn 0.250000 -0.965926 -0.066987
vn 0.256605 -0.965926 -0.033783
vn 0.129410 -0.991445 0.017037
vn 0.130526 -0.991445 0.000000
vn 0.126079 -0.991445 0.033783
vn 0.120590 -0.991445 0.049950
vn 0.113039 -0.991445 0.065263
vn 0.103553 -0.991445 0.079459
vn 0.092296 -0.991445 0.092296
vn 0.079459 -0.991445 0.103553
vn 0.065263 -0.991445 0.113039
vn 0.049950 -0.991445 0.120590
vn 0.033783 -0.991445 0.126079
vn 0.017037 -0.991445 0.129410
vn 0.000000 -0.991445 0.130526
vn -0.017037 -0.991445 0.129410
vn -0.033783 -0.991445 0.126079
vn -0.049950 -0.991445 0.120590
vn -0.065263 -0.991445 0.113039
vn -0.079459 -0.991445 0.103553
vn -0.092296 -0.991445 0.092296
vn -0.103553 -0.991445 0.079459
vn -0.113039 -0.991445 0.065263
vn -0.120590 -0.991445 0.049950
vn -0.126079 -0.991445 0.033783
vn -0.129410 -0.991445 0.017037
vn -0.130526 -0.991445 0.000000
vn -0.129410 -0.991445 -0.017037
vn -0.126079 -0.991445 -0.033783
vn -0.120590 -0.991445 -0.049950
vn -0.113039 -0.991445 -0.065263
vn -0.103553 -0.991445 -0.079459
vn -0.092296 -0.991445 -0.092296
vn -0.079459 -0.991445 -0.103553
vn -0.065263 -0.991445 -0.113039
vn -0.049950 -0.991445 -0.120590
vn -0.033783 -0.991445 -0.126079
vn -0.017037 -0.991445 -0.129410
vn -0.000000 -0.991445 -0.130526
vn 0.017037 -0.991445 -0.129410
vn 0.033783 -0.991445 -0.126079
vn 0.049950 -0.991445 -0.120590
vn 0.065263 -0.991445 -0.113039
vn 0.079459 -0.991445 -0.103553
vn 0.092296 -0.991445 -0.092296
vn 0.103553 -0.991445 -0.079459
vn 0.113039 -0.991445 -0.065263
vn 0.120590 -0.991445 -0.049950
vn 0.126079 -0.991445 -0.033783
vn 0.129410 -0.991445 -0.017037
vn 0.154508 0.987688 0.024472
vn 0.156434 0.987688 0.000000
vn 0.148778 0.987688 0.048341
vn 0.139384 0.987688 0.071020
vn 0.126558 0.987688 0.091950
vn 0.110616 0.987688 0.110616
vn 0.091950 0.987688 0.126558
vn 0.071020 0.987688 0.139384
vn 0.048341 0.987688 0.148778
vn 0.024472 0.987688 0.154508
vn 0.000000 0.987688 0.156434
vn -0.024472 0.987688 0.154508
vn -0.048341 0.987688 0.148778
vn -0.071020 0.987688 0.139384
vn -0.091950 0.987688 0.126558
vn -0.110616 0.987688 0.110616
vn -0.126558 0.987688 0.091950
vn -0.139384 0.987688 0.071020
vn -0.148778 0.987688 0.048341
vn -0.154508 0.987688 0.024472
vn -0.156434 0.987688 0.000000
vn -0.154508 0.987688 -0.024472
vn -0.148778 0.987688 -0.048341
vn -0.139384 0.987688 -0.071020
vn -0.126558 0.987688 -0.091950
vn -0.110616 0.987688 -0.110616
vn -0.091950 0.987688 -0.126558
vn -0.071020 0.987688 -0.139384
vn -0.048341 0.987688 -0.148778
vn -0.024472 0.987688 -0.154508
vn -0.000000 0.987688 -0.156434
vn 0.024472 0.987688 -0.154508
vn 0.048341 0.987688 -0.148778
vn 0.071020 0.987688 -0.139384
vn 0.091950 0.987688 -0.126558
vn 0.110616 0.987688 -0.110616
vn 0.126558 0.987688 -0.091950
vn 0.139384 0.987688 -0.071020
vn 0.148778 0.987688 -0.048341
vn 0.154508 0.987688 -0.024472
vn 0.305212 0.951057 0.048341
vn 0.309017 0.951057 0.000000
vn 0.293893 0.951057 0.095492
vn 0.275336 0.951057 0.140291
vn 0.250000 0.951057 0.181636
vn 0.218508 0.951057 0.218508
vn 0.181636 0.951057 0.250000
vn 0.140291 0.951057 0.275336
vn 0.095492 0.951057 0.293893
vn 0.048341 0.951057 0.305212
vn 0.000000 0.951057 0.309017
vn -0.048341 0.951057 0.305212
vn -0.095492 0.951057 0.293893
vn -0.140291 0.951057 0.275336
vn -0.181636 0.951057 0.250000
vn -0.218508 0.951057 0.218508
vn -0.250000 0.951057 0.181636
vn -0.275336 0.951057 0.140291
vn -0.293893 0.951057 0.095492
vn -0.305212 0.951057 0.048341
vn -0.309017 0.951057 0.000000
vn -0.305212 0.951057 -0.048341
vn -0.293893 0.951057 -0.095492
vn -0.275336 0.951057 -0.140291
vn -0.250000 0.951057 -0.181636
vn -0.218508 0.951057 -0.218508
vn -0.181636 0.951057 -0.250000
vn -0.140291 0.951057 -0.275336
vn -0.095492 0.951057 -0.293893
vn -0.048341 0.951057 -0.305212
vn -0.000000 0.951057 -0.309017
vn 0.048341 0.951057 -0.305212
vn 0.095492 0.951057 -0.293893
vn 0.140291 0.951057 -0.275336
vn 0.181636 0.951057 -0.250000
vn 0.218508 0.951057 -0.218508
vn 0.250000 0.951057 -0.181636
vn 0.275336 0.951057 -0.140291
vn 0.293893 0.951057 -0.095492
vn 0.305212 0.951057 -0.048341
vn 0.448401 0.891007 0.071020
vn 0.453990 0.891007 0.000000
vn 0.431771 0.891007 0.140291
vn 0.404508 0.891007 0.206107
vn 0.367286 0.891007 0.266849
vn 0.321020 0.891007 0.321020
vn 0.266849 0.891007 0.367286
vn 0.206107 0.891007 0.404508
vn 0.140291 0.891007 0.431771
vn 0.071020 0.891007 0.448401
vn 0.000000 0.891007 0.453990
vn -0.071020 0.891007 0.448401
vn -0.140291 0.891007 0.431771
vn -0.206107 0.891007 0.404508
vn -0.266849 0.891007 0.367286
vn -0.321020 0.891007 0.321020
vn -0.367286 0.891007 0.266849
vn -0.404508 0.891007 0.206107
vn -0.431771 0.891007 0.140291
vn -0.448401 0.891007 0.071020
vn -0.453990 0.891007 0.000000
vn -0.448401 0.891007 -0.071020
vn -0.431771 0.891007 -0.140291
vn -0.404508 0.891007 -0.206107
vn -0.367286 0.891007 -0.266849
vn -0.321020 0.891007 -0.321020
vn -0.266849 0.891007 -0.367286
vn -0.206107 0.891007 -0.404508
vn -0.140291 0.891007 -0.431771
vn -0.071020 0.891007 -0.448401
vn -0.000000 0.891007 -0.453990
vn 0.071020 0.891007 -0.448401
vn 0.140291 0.891007 -0.431771
vn 0.206107 0.891007 -0.404508
vn 0.266849 0.891007 -0.367286
vn 0.321020 0.891007 -0.321020
vn 0.367286 0.891007 -0.266849
vn 0.404508 0.891007 -0.206107
vn 0.431771 0.891007 -0.140291
vn 0.448401 0.891007 -0.071020
vn 0.580549 0.809017 0.091950
vn 0.587785 0.809017 0.000000
vn 0.559017 0.809017 0.181636
vn 0.523720 0.809017 0.266849
vn 0.475528 0.809017 0.345492
vn 0.415627 0.809017 0.415627
vn 0.345492 0.809017 0.475528
vn 0.266849 0.809017 0.523720
vn 0.181636 0.809017 0.559017
vn 0.091950 0.809017 0.580549
vn 0.000000 0.809017 0.587785
vn -0.091950 0.809017 0.580549
vn -0.181636 0.809017 0.559017
vn -0.266849 0.809017 0.523720
vn -0.345492 0.809017 0.475528
vn -0.415627 0.809017 0.415627
vn -0.475528 0.809017 0.345492
vn -0.523720 0.809017 0.266849
vn -0.559017 0.809017 0.181636
vn -0.580549 0.809017 0.091950
vn -0.587785 0.809017 0.000000
vn -0.580549 0.809017 -0.091950
vn -0.559017 0.809017 -0.181636
vn -0.523720 0.809017 -0.266849
vn -0.475528 0.809017 -0.345492
vn -0.415627 0.809017 -0.415627
vn -0.345492 0.809017 -0.475528
vn -0.266849 0.809017 -0.523720
vn -0.181636 0.809017 -0.559017
vn -0.091950 0.809017 -0.580549
vn -0.000000 0.809017 -0.587785
vn 0.091950 0.809017 -0.580549
vn 0.181636 0.809017 -0.559017
vn 0.266849 0.809017 -0.523720
vn 0.345492 0.809017 -0.475528
vn 0.415627 0.809017 -0.415627
vn 0.475528 0.809017 -0.345492
vn 0.523720 0.809017 -0.266849
vn 0.559017 0.809017 -0.181636
vn 0.580549 0.809017 -0.091950
vn 0.698401 0.707107 0.110616
vn 0.672499 0.707107 0.218508
vn 0.630037 0.707107 0.321020
vn 0.572061 0.707107 0.415627
vn 0.415627 0.707107 0.572061
vn 0.321020 0.707107 0.630037
vn 0.218508 0.707107 0.672499
vn 0.110616 0.707107 0.698401
vn -0.110616 0.707107 0.698401
vn -0.218508 0.707107 0.672499
vn -0.321020 0.707107 0.630037
vn -0.415627 0.707107 0.572061
vn -0.572061 0.707107 0.415627
vn -0.630037 0.707107 0.321020
vn -0.672499 0.707107 0.218508
vn -0.698401 0.707107 0.110616
vn -0.698401 0.707107 -0.110616
vn -0.672499 0.707107 -0.218508
vn -0.630037 0.707107 -0.321020
vn -0.572061 0.707107 -0.415627
vn -0.415627 0.707107 -0.572061
vn -0.321020 0.707107 -0.630037
vn -0.218508 0.707107 -0.672499
vn -0.110616 0.707107 -0.698401
vn 0.110616 0.707107 -0.698401
vn 0.218508 0.707107 -0.672499
vn 0.321020 0.707107 -0.630037
vn 0.415627 0.707107 -0.572061
vn 0.572061 0.707107 -0.415627
vn 0.630037 0.707107 -0.321020
vn 0.672499 0.707107 -0.218508
vn 0.698401 0.707107 -0.110616
vn 0.799057 0.587785 0.126558
vn 0.809017 0.587785 0.000000
vn 0.769421 0.587785 0.250000
vn 0.720839 0.587785 0.367286
vn 0.654508 0.587785 0.475528
vn 0.572061 0.587785 0.572061
vn 0.475528 0.587785 0.654508
vn 0.367286 0.587785 0.720839
vn 0.250000 0.587785 0.769421
vn 0.126558 0.587785 0.799057
vn 0.000000 0.587785 0.809017
vn -0.126558 0.587785 0.799057
vn -0.250000 0.587785 0.769421
vn -0.367286 0.587785 0.720839
vn -0.475528 0.587785 0.654508
vn -0.572061 0.587785 0.572061
vn -0.654508 0.587785 0.475528
vn -0.720839 0.587785 0.367286
vn -0.769421 0.587785 0.250000
vn -0.799057 0.587785 0.126558
vn -0.809017 0.587785 0.000000
vn -0.799057 0.587785 -0.126558
vn -0.769421 0.587785 -0.250000
vn -0.720839 0.587785 -0.367286
vn -0.654508 0.587785 -0.475528
vn -0.572061 0.587785 -0.572061
vn -0.475528 0.587785 -0.654508
vn -0.367286 0.587785 -0.720839
vn -0.250000 0.587785 -0.769421
vn -0.126558 0.587785 -0.799057
vn -0.000000 0.587785 -0.809017
vn 0.126558 0.587785 -0.799057
vn 0.250000 0.587785 -0.769421
vn 0.367286 0.587785 -0.720839
vn 0.475528 0.587785 -0.654508
vn 0.572061 0.587785 -0.572061
vn 0.654508 0.587785 -0.475528
vn 0.720839 0.587785 -0.367286
vn 0.769421 0.587785 -0.250000
vn 0.799057 0.587785 -0.126558
vn 0.880037 0.453990 0.139384
vn 0.891007 0.453990 0.000000
vn 0.847398 0.453990 0.275336
vn 0.793893 0.453990 0.404508
vn 0.720839 0.453990 0.523720
vn 0.630037 0.453990 0.630037
vn 0.523720 0.453990 0.720839
vn 0.404508 0.453990 0.793893
vn 0.275336 0.453990 0.847398
vn 0.139384 0.453990 0.880037
vn 0.000000 0.453990 0.891007
vn -0.139384 0.453990 0.880037
vn -0.275336 0.453990 0.847398
vn -0.404508 0.453990 0.793893
vn -0.523720 0.453990 0.720839
vn -0.630037 0.453990 0.630037
vn -0.720839 0.453990 0.523720
vn -0.793893 0.453990 0.404508
vn -0.847398 0.453990 0.275336
vn -0.880037 0.453990 0.139384
vn -0.891007 0.453990 0.000000
vn -0.880037 0.453990 -0.139384
vn -0.847398 0.453990 -0.275336
vn -0.793893 0.453990 -0.404508
vn -0.720839 0.453990 -0.523720
vn -0.630037 0.453990 -0.630037
vn -0.523720 0.453990 -0.720839
vn -0.404508 0.453990 -0.793893
vn -0.275336 0.453990 -0.847398
vn -0.139384 0.453990 -0.880037
vn -0.000000 0.453990 -0.891007
vn 0.139384 0.453990 -0.880037
vn 0.275336 0.453990 -0.847398
vn 0.404508 0.453990 -0.793893
vn 0.523720 0.453990 -0.720839
vn 0.630037 0.453990 -0.630037
vn 0.720839 0.453990 -0.523720
vn 0.793893 0.453990 -0.404508
vn 0.847398 0.453990 -0.275336
vn 0.880037 0.453990 -0.139384
vn 0.939347 0.309017 0.148778
vn 0.951057 0.309017 0.000000
vn 0.904508 0.309017 0.293893
vn 0.847398 0.309017 0.431771
vn 0.769421 0.309017 0.559017
vn 0.672499 0.309017 0.672499
vn 0.559017 0.309017 0.769421
vn 0.431771 0.309017 0.847398
vn 0.293893 0.309017 0.904508
vn 0.148778 0.309017 0.939347
vn 0.000000 0.309017 0.951057
vn -0.148778 0.309017 0.939347
vn -0.293893 0.309017 0.904508
vn -0.431771 0.309017 0.847398
vn -0.559017 0.309017 0.769421
vn -0.672499 0.309017 0.672499
vn -0.769421 0.309017 0.559017
vn -0.847398 0.309017 0.431771
vn -0.904508 0.309017 0.293893
vn -0.939347 0.309017 0.148778
vn -0.951057 0.309017 0.000000
vn -0.939347 0.309017 -0.148778
vn -0.904508 0.309017 -0.293893
vn -0.847398 0.309017 -0.431771
vn -0.769421 0.309017 -0.559017
vn -0.672499 0.309017 -0.672499
vn -0.559017 0.309017 -0.769421
vn -0.431771 0.309017 -0.847398
vn -0.293893 0.309017 -0.904508
vn -0.148778 0.309017 -0.939347
vn -0.000000 0.309017 -0.951057
vn 0.148778 0.309017 -0.939347
vn 0.293893 0.309017 -0.904508
vn 0.431771 0.309017 -0.847398
vn 0.559017 0.309017 -0.769421
vn 0.672499 0.309017 -0.672499
vn 0.769421 0.309017 -0.559017
vn 0.847398 0.309017 -0.431771
vn 0.904508 0.309017 -0.293893
vn 0.939347 0.309017 -0.148778
vn 0.975528 0.156434 0.154508
vn 0.987688 0.156434 0.000000
vn 0.939347 0.156434 0.305212
vn 0.880037 0.156434 0.448401
vn 0.799057 0.156434 0.580549
vn 0.698401 0.156434 0.698401
vn 0.580549 0.156434 0.799057
vn 0.448401 0.156434 0.880037
vn 0.305212 0.156434 0.939347
vn 0.154508 0.156434 0.975528
vn 0.000000 0.156434 0.987688
vn -0.154508 0.156434 0.975528
vn -0.305212 0.156434 0.939347
vn -0.448401 0.156434 0.880037
vn -0.580549 0.156434 0.799057
vn -0.698401 0.156434 0.698401
vn -0.799057 0.156434 0.580549
vn -0.880037 0.156434 0.448401
vn -0.939347 0.156434 0.305212
vn -0.975528 0.156434 0.154508
vn -0.987688 0.156434 0.000000
vn -0.975528 0.156434 -0.154508
vn -0.939347 0.156434 -0.305212
vn -0.880037 0.156434 -0.448401
vn -0.799057 0.156434 -0.580549
vn -0.698401 0.156434 -0.698401
vn -0.580549 0.156434 -0.799057
vn -0.448401 0.156434 -0.880037
vn -0.305212 0.156434 -0.939347
vn -0.154508 0.156434 -0.975528
vn -0.000000 0.156434 -0.987688
vn 0.154508 0.156434 -0.975528
vn 0.305212 0.156434 -0.939347
vn 0.448401 0.156434 -0.880037
vn 0.580549 0.156434 -0.799057
vn 0.698401 0.156434 -0.698401
vn 0.799057 0.156434 -0.580549
vn 0.880037 0.156434 -0.448401
vn 0.939347 0.156434 -0.305212
vn 0.975528 0.156434 -0.154508
vn 0.987688 0.000000 0.156434
vn 0.951057 0.000000 0.309017
vn 0.891007 0.000000 0.453990
vn 0.809017 0.000000 0.587785
vn 0.587785 0.000000 0.809017
vn 0.453990 0.000000 0.891007
vn 0.309017 0.000000 0.951057
vn 0.156434 0.000000 0.987688
vn -0.156434 0.000000 0.987688
vn -0.309017 0.000000 0.951057
vn -0.453990 0.000000 0.891007
vn -0.587785 0.000000 0.809017
vn -0.809017 0.000000 0.587785
vn -0.891007 0.000000 0.453990
vn -0.951057 0.000000 0.309017
vn -0.987688 0.000000 0.156434
vn -0.987688 0.000000 -0.156434
vn -0.951057 0.000000 -0.309017
vn -0.891007 0.000000 -0.453990
vn -0.809017 0.000000 -0.587785
vn -0.587785 0.000000 -0.809017
vn -0.453990 0.000000 -0.891007
vn -0.309017 0.000000 -0.951057
vn -0.156434 0.000000 -0.987688
vn 0.156434 0.000000 -0.987688
vn 0.309017 0.000000 -0.951057
vn 0.453990 0.000000 -0.891007
vn 0.587785 0.000000 -0.809017
vn 0.809017 0.000000 -0.587785
vn 0.891007 0.000000 -0.453990
vn 0.951057 0.000000 -0.309017
vn 0.987688 0.000000 -0.156434
vn 0.975528 -0.156434 0.154508
vn 0.987688 -0.156434 0.000000
vn 0.939347 -0.156434 0.305212
vn 0.880037 -0.156434 0.448401
vn 0.799057 -0.156434 0.580549
vn 0.698401 -0.156434 0.698401
vn 0.580549 -0.156434 0.799057
vn 0.448401 -0.156434 0.880037
vn 0.305212 -0.156434 0.939347
vn 0.154508 -0.156434 0.975528
vn 0.000000 -0.156434 0.987688
vn -0.154508 -0.156434 0.975528
vn -0.305212 -0.156434 0.939347
vn -0.448401 -0.156434 0.880037
vn -0.580549 -0.156434 0.799057
vn -0.698401 -0.156434 0.698401
vn -0.799057 -0.156434 0.580549
vn -0.880037 -0.156434 0.448401
vn -0.939347 -0.156434 0.305212
vn -0.975528 -0.156434 0.154508
vn -0.987688 -0.156434 0.000000
vn -0.975528 -0.156434 -0.154508
vn -0.939347 -0.156434 -0.305212
vn -0.880037 -0.156434 -0.448401
vn -0.799057 -0.156434 -0.580549
vn -0.698401 -0.156434 -0.698401
vn -0.580549 -0.156434 -0.799057
vn -0.448401 -0.156434 -0.880037
vn -0.305212 -0.156434 -0.939347
vn -0.154508 -0.156434 -0.975528
vn -0.000000 -0.156434 -0.987688
vn 0.154508 -0.156434 -0.975528
vn 0.305212 -0.156434 -0.939347
vn 0.448401 -0.156434 -0.880037
vn 0.580549 -0.156434 -0.799057
vn 0.698401 -0.156434 -0.698401
vn 0.799057 -0.156434 -0.580549
vn 0.880037 -0.156434 -0.448401
vn 0.939347 -0.156434 -0.305212
vn 0.975528 -0.156434 -0.154508
vn 0.939347 -0.309017 0.148778
vn 0.951057 -0.309017 0.000000
vn 0.904508 -0.309017 0.293893
vn 0.847398 -0.309017 0.431771
vn 0.769421 -0.309017 0.559017
vn 0.672499 -0.309017 0.672499
vn 0.559017 -0.309017 0.769421
vn 0.431771 -0.309017 0.847398
vn 0.293893 -0.309017 0.904508
vn 0.148778 -0.309017 0.939347
vn 0.000000 -0.309017 0.951057
vn -0.148778 -0.309017 0.939347
vn -0.293893 -0.309017 0.904508
vn -0.431771 -0.309017 0.847398
vn -0.559017 -0.309017 0.769421
vn -0.672499 -0.309017 0.672499
vn -0.769421 -0.309017 0.559017
vn -0.847398 -0.309017 0.431771
vn -0.904508 -0.309017 0.293893
vn -0.939347 -0.309017 0.148778
vn -0.951057 -0.309017 0.000000
vn -0.939347 -0.309017 -0.148778
vn -0.904508 -0.309017 -0.293893
vn -0.847398 -0.309017 -0.431771
vn -0.769421 -0.309017 -0.559017
vn -0.672499 -0.309017 -0.672499
vn -0.559017 -0.309017 -0.769421
vn -0.431771 -0.309017 -0.847398
vn -0.293893 -0.309017 -0.904508
vn -0.148778 -0.309017 -0.939347
vn -0.000000 -0.309017 -0.951057
vn 0.148778 -0.309017 -0.939347
vn 0.293893 -0.309017 -0.904508
vn 0.431771 -0.309017 -0.847398
vn 0.559017 -0.309017 -0.769421
vn 0.672499 -0.309017 -0.672499
vn 0.769421 -0.309017 -0.559017
vn 0.847398 -0.309017 -0.431771
vn 0.904508 -0.309017 -0.293893
vn 0.939347 -0.309017 -0.148778
vn 0.880037 -0.453990 0.139384
vn 0.891007 -0.453990 0.000000
vn 0.847398 -0.453990 0.275336
vn 0.793893 -0.453990 0.404508
vn 0.720839 -0.453990 0.523720
vn 0.630037 -0.453990 0.630037
vn 0.523720 -0.453990 0.720839
vn 0.404508 -0.453990 0.793893
vn 0.275336 -0.453990 0.847398
vn 0.139384 -0.453990 0.880037
vn 0.000000 -0.453990 0.891007
vn -0.139384 -0.453990 0.880037
vn -0.275336 -0.453990 0.847398
vn -0.404508 -0.453990 0.793893
vn -0.523720 -0.453990 0.720839
vn -0.630037 -0.453990 0.630037
vn -0.720839 -0.453990 0.523720
vn -0.793893 -0.453990 0.404508
vn -0.847398 -0.453990 0.275336
vn -0.880037 -0.453990 0.139384
vn -0.891007 -0.453990 0.000000
vn -0.880037 -0.453990 -0.139384
vn -0.847398 -0.453990 -0.275336
vn -0.793893 -0.453990 -0.404508
vn -0.720839 -0.453990 -0.523720
vn -0.630037 -0.453990 -0.630037
vn -0.523720 -0.453990 -0.720839
vn -0.404508 -0.453990 -0.793893
vn -0.275336 -0.453990 -0.847398
vn -0.139384 -0.453990 -0.880037
vn -0.000000 -0.453990 -0.891007
vn 0.139384 -0.453990 -0.880037
vn 0.275336 -0.453990 -0.847398
vn 0.404508 -0.453990 -0.793893
vn 0.523720 -0.453990 -0.720839
vn 0.630037 -0.453990 -0.630037
vn 0.720839 -0.453990 -0.523720
vn 0.793893 -0.453990 -0.404508
vn 0.847398 -0.453990 -0.275336
vn 0.880037 -0.453990 -0.139384
vn 0.799057 -0.587785 0.126558
vn 0.809017 -0.587785 0.000000
vn 0.769421 -0.587785 0.250000
vn 0.720839 -0.587785 0.367286
vn 0.654508 -0.587785 0.475528
vn 0.572061 -0.587785 0.572061
vn 0.475528 -0.587785 0.654508
vn 0.367286 -0.587785 0.720839
vn 0.250000 -0.587785 0.769421
vn 0.126558 -0.587785 0.799057
vn 0.000000 -0.587785 0.809017
vn -0.126558 -0.587785 0.799057
vn -0.250000 -0.587785 0.769421
vn -0.367286 -0.587785 0.720839
vn -0.475528 -0.587785 0.654508
vn -0.572061 -0.587785 0.572061
vn -0.654508 -0.587785 0.475528
vn -0.720839 -0.587785 0.367286
vn -0.769421 -0.587785 0.250000
vn -0.799057 -0.587785 0.126558
vn -0.809017 -0.587785 0.000000
vn -0.799057 -0.587785 -0.126558
vn -0.769421 -0.587785 -0.250000
vn -0.720839 -0.587785 -0.367286
vn -0.654508 -0.587785 -0.475528
vn -0.572061 -0.587785 -0.572061
vn -0.475528 -0.587785 -0.654508
vn -0.367286 -0.587785 -0.720839
vn -0.250000 -0.587785 -0.769421
vn -0.126558 -0.587785 -0.799057
vn -0.000000 -0.587785 -0.809017
vn 0.126558 -0.587785 -0.799057
vn 0.250000 -0.587785 -0.769421
vn 0.367286 -0.587785 -0.720839
vn 0.475528 -0.587785 -0.654508
vn 0.572061 -0.587785 -0.572061
vn 0.654508 -0.587785 -0.475528
vn 0.720839 -0.587785 -0.367286
vn 0.769421 -0.587785 -0.250000
vn 0.799057 -0.587785 -0.126558
vn 0.698401 -0.707107 0.110616
vn 0.672499 -0.707107 0.218508
vn 0.630037 -0.707107 0.321020
vn 0.572061 -0.707107 0.415627
vn 0.415627 -0.707107 0.572061
vn 0.321020 -0.707107 0.630037
vn 0.218508 -0.707107 0.672499
vn 0.110616 -0.707107 0.698401
vn -0.110616 -0.707107 0.698401
vn -0.218508 -0.707107 0.672499
vn -0.321020 -0.707107 0.630037
vn -0.415627 -0.707107 0.572061
vn -0.572061 -0.707107 0.415627
vn -0.630037 -0.707107 0.321020
vn -0.672499 -0.707107 0.218508
vn -0.698401 -0.707107 0.110616
vn -0.698401 -0.707107 -0.110616
vn -0.672499 -0.707107 -0.218508
vn -0.630037 -0.707107 -0.321020
vn -0.572061 -0.707107 -0.415627
vn -0.415627 -0.707107 -0.572061
vn -0.321020 -0.707107 -0.630037
vn -0.218508 -0.707107 -0.672499
vn -0.110616 -0.707107 -0.698401
vn 0.110616 -0.707107 -0.698401
vn 0.218508 -0.707107 -0.672499
vn 0.321020 -0.707107 -0.630037
vn 0.415627 -0.707107 -0.572061
vn 0.572061 -0.707107 -0.415627
vn 0.630037 -0.707107 -0.321020
vn 0.672499 -0.707107 -0.218508
vn 0.698401 -0.707107 -0.110616
vn 0.580549 -0.809017 0.091950
vn 0.587785 -0.809017 0.000000
vn 0.559017 -0.809017 0.181636
vn 0.523720 -0.809017 0.266849
vn 0.475528 -0.809017 0.345492
vn 0.415627 -0.809017 0.415627
vn 0.345492 -0.809017 0.475528
vn 0.266849 -0.809017 0.523720
vn 0.181636 -0.809017 0.559017
vn 0.091950 -0.809017 0.580549
vn 0.000000 -0.809017 0.587785
vn -0.091950 -0.809017 0.580549
vn -0.181636 -0.809017 0.559017
vn -0.266849 -0.809017 0.523720
vn -0.345492 -0.809017 0.475528
vn -0.415627 -0.809017 0.415627
vn -0.475528 -0.809017 0.345492
vn -0.523720 -0.809017 0.266849
vn -0.559017 -0.809017 0.181636
vn -0.580549 -0.809017 0.091950
vn -0.587785 -0.809017 0.000000
vn -0.580549 -0.809017 -0.091950
vn -0.559017 -0.809017 -0.181636
vn -0.523720 -0.809017 -0.266849
vn -0.475528 -0.809017 -0.345492
vn -0.415627 -0.809017 -0.415627
vn -0.345492 -0.809017 -0.475528
vn -0.266849 -0.809017 -0.523720
vn -0.181636 -0.809017 -0.559017
vn -0.091950 -0.809017 -0.580549
vn -0.000000 -0.809017 -0.587785
vn 0.091950 -0.809017 -0.580549
vn 0.181636 -0.809017 -0.559017
vn 0.266849 -0.809017 -0.523720
vn 0.345492 -0.809017 -0.475528
vn 0.415627 -0.809017 -0.415627
vn 0.475528 -0.809017 -0.345492
vn 0.523720 -0.809017 -0.266849
vn 0.559017 -0.809017 -0.181636
vn 0.580549 -0.809017 -0.091950
vn 0.448401 -0.891007 0.071020
vn 0.453990 -0.891007 0.000000
vn 0.431771 -0.891007 0.140291
vn 0.404508 -0.891007 0.206107
vn 0.367286 -0.891007 0.266849
vn 0.321020 -0.891007 0.321020
vn 0.266849 -0.891007 0.367286
vn 0.206107 -0.891007 0.404508
vn 0.140291 -0.891007 0.431771
vn 0.071020 -0.891007 0.448401
vn 0.000000 -0.891007 0.453990
vn -0.071020 -0.891007 0.448401
vn -0.140291 -0.891007 0.431771
vn -0.206107 -0.891007 0.404508
vn -0.266849 -0.891007 0.367286
vn -0.321020 -0.891007 0.321020
vn -0.367286 -0.891007 0.266849
vn -0.404508 -0.891007 0.206107
vn -0.431771 -0.891007 0.140291
vn -0.448401 -0.891007 0.071020
vn -0.453990 -0.891007 0.000000
vn -0.448401 -0.891007 -0.071020
vn -0.431771 -0.891007 -0.140291
vn -0.404508 -0.891007 -0.206107
vn -0.367286 -0.891007 -0.266849
vn -0.321020 -0.891007 -0.321020
vn -0.266849 -0.891007 -0.367286
vn -0.206107 -0.891007 -0.404508
vn -0.140291 -0.891007 -0.431771
vn -0.071020 -0.891007 -0.448401
vn -0.000000 -0.891007 -0.453990
vn 0.071020 -0.891007 -0.448401
vn 0.140291 -0.891007 -0.431771
vn 0.206107 -0.891007 -0.404508
vn 0.266849 -0.891007 -0.367286
vn 0.321020 -0.891007 -0.321020
vn 0.367286 -0.891007 -0.266849
vn 0.404508 -0.891007 -0.206107
vn 0.431771 -0.891007 -0.140291
vn 0.448401 -0.891007 -0.071020
vn 0.305212 -0.951057 0.048341
vn 0.309017 -0.951057 0.000000
vn 0.293893 -0.951057 0.095492
vn 0.275336 -0.951057 0.140291
vn 0.250000 -0.951057 0.181636
vn 0.218508 -0.951057 0.218508
vn 0.181636 -0.951057 0.250000
vn 0.140291 -0.951057 0.275336
vn 0.095492 -0.951057 0.293893
vn 0.048341 -0.951057 0.305212
vn 0.000000 -0.951057 0.309017
vn -0.048341 -0.951057 0.305212
vn -0.095492 -0.951057 0.293893
vn -0.140291 -0.951057 0.275336
vn -0.181636 -0.951057 0.250000
vn -0.218508 -0.951057 0.218508
vn -0.250000 -0.951057 0.181636
vn -0.275336 -0.951057 0.140291
vn -0.293893 -0.951057 0.095492
vn -0.305212 -0.951057 0.048341
vn -0.309017 -0.951057 0.000000
vn -0.305212 -0.951057 -0.048341
vn -0.293893 -0.951057 -0.095492
vn -0.275336 -0.951057 -0.140291
vn -0.250000 -0.951057 -0.181636
vn -0.218508 -0.951057 -0.218508
vn -0.181636 -0.951057 -0.250000
vn -0.140291 -0.951057 -0.275336
vn -0.095492 -0.951057 -0.293893
vn -0.048341 -0.951057 -0.305212
vn -0.000000 -0.951057 -0.309017
vn 0.048341 -0.951057 -0.305212
vn 0.095492 -0.951057 -0.293893
vn 0.140291 -0.951057 -0.275336
vn 0.181636 -0.951057 -0.250000
vn 0.218508 -0.951057 -0.218508
vn 0.250000 -0.951057 -0.181636
vn 0.275336 -0.951057 -0.140291
vn 0.293893 -0.951057 -0.095492
vn 0.305212 -0.951057 -0.048341
vn 0.154508 -0.987688 0.024472
vn 0.156434 -0.987688 0.000000
vn 0.148778 -0.987688 0.048341
vn 0.139384 -0.987688 0.071020
vn 0.126558 -0.987688 0.091950
vn 0.110616 -0.987688 0.110616
vn 0.091950 -0.987688 0.126558
vn 0.071020 -0.987688 0.139384
vn 0.048341 -0.987688 0.148778
vn 0.024472 -0.987688 0.154508
vn 0.000000 -0.987688 0.156434
vn -0.024472 -0.987688 0.154508
vn -0.048341 -0.987688 0.148778
vn -0.071020 -0.987688 0.139384
vn -0.091950 -0.987688 0.126558
vn -0.110616 -0.987688 0.110616
vn -0.126558 -0.987688 0.091950
vn -0.139384 -0.987688 0.071020
vn -0.148778 -0.987688 0.048341
vn -0.154508 -0.987688 0.024472
vn -0.156434 -0.987688 0.000000
vn -0.154508 -0.987688 -0.024472
vn -0.148778 -0.987688 -0.048341
vn -0.139384 -0.987688 -0.071020
vn -0.126558 -0.987688 -0.091950
vn -0.110616 -0.987688 -0.110616
vn -0.091950 -0.987688 -0.126558
vn -0.071020 -0.987688 -0.139384
vn -0.048341 -0.987688 -0.148778
vn -0.024472 -0.987688 -0.154508
vn -0.000000 -0.987688 -0.156434
vn 0.024472 -0.987688 -0.154508
vn 0.048341 -0.987688 -0.148778
vn 0.071020 -0.987688 -0.139384
vn 0.091950 -0.987688 -0.126558
vn 0.110616 -0.987688 -0.110616
vn 0.126558 -0.987688 -0.091950
vn 0.139384 -0.987688 -0.071020
vn 0.148778 -0.987688 -0.048341
vn 0.154508 -0.987688 -0.024472
vn 0.974928 0.000000 0.222521
vn 0.968798 -0.109157 0.222521
vn 0.993712 -0.111964 0.000000
vn 0.900969 0.000000 0.433884
vn 0.895304 -0.100877 0.433884
vn 0.781831 0.000000 0.623490
vn 0.776915 -0.087537 0.623490
vn 0.623490 0.000000 0.781831
vn 0.619569 -0.069809 0.781831
vn 0.433884 0.000000 0.900969
vn 0.431156 -0.048580 0.900969
vn 0.222521 0.000000 0.974928
vn 0.221122 -0.024914 0.974928
vn -0.222521 0.000000 0.974928
vn -0.221122 0.024914 0.974928
vn -0.433884 0.000000 0.900969
vn -0.431156 0.048580 0.900969
vn -0.623490 0.000000 0.781831
vn -0.619569 0.069809 0.781831
vn -0.781831 0.000000 0.623490
vn -0.776915 0.087537 0.623490
vn -0.900969 0.000000 0.433884
vn -0.895304 0.100877 0.433884
vn -0.974928 0.000000 0.222521
vn -0.968798 0.109157 0.222521
vn -0.993712 0.111964 0.000000
vn -0.974928 -0.000000 -0.222521
vn -0.968798 0.109157 -0.222521
vn -0.900969 -0.000000 -0.433884
vn -0.895304 0.100877 -0.433884
vn -0.781831 -0.000000 -0.623490
vn -0.776915 0.087537 -0.623490
vn -0.623490 -0.000000 -0.781831
vn -0.619569 0.069809 -0.781831
vn -0.433884 -0.000000 -0.900969
vn -0.431156 0.048580 -0.900969
vn -0.222521 -0.000000 -0.974928
vn -0.221122 0.024914 -0.974928
vn 0.222521 -0.000000 -0.974928
vn 0.221122 -0.024914 -0.974928
vn 0.433884 -0.000000 -0.900969
vn 0.431156 -0.048580 -0.900969
vn 0.623490 -0.000000 -0.781831
vn 0.619569 -0.069809 -0.781831
vn 0.781831 -0.000000 -0.623490
vn 0.776915 -0.087537 -0.623490
vn 0.900969 -0.000000 -0.433884
vn 0.895304 -0.100877 -0.433884
vn 0.974928 -0.000000 -0.222521
vn 0.968798 -0.109157 -0.222521
vn 0.950484 -0.216942 0.222521
vn 0.974928 -0.222521 0.000000
vn 0.878380 -0.200484 0.433884
vn 0.762229 -0.173974 0.623490
vn 0.607858 -0.138740 0.781831
vn 0.423005 -0.096548 0.900969
vn 0.216942 -0.049516 0.974928
vn -0.216942 0.049516 0.974928
vn -0.423005 0.096548 0.900969
vn -0.607858 0.138740 0.781831
vn -0.762229 0.173974 0.623490
vn -0.878380 0.200484 0.433884
vn -0.950484 0.216942 0.222521
vn -0.974928 0.222521 0.000000
vn -0.950484 0.216942 -0.222521
vn -0.878380 0.200484 -0.433884
vn -0.762229 0.173974 -0.623490
vn -0.607858 0.138740 -0.781831
vn -0.423005 0.096548 -0.900969
vn -0.216942 0.049516 -0.974928
vn 0.216942 -0.049516 -0.974928
vn 0.423005 -0.096548 -0.900969
vn 0.607858 -0.138740 -0.781831
vn 0.762229 -0.173974 -0.623490
vn 0.878380 -0.200484 -0.433884
vn 0.950484 -0.216942 -0.222521
vn 0.920218 -0.321998 0.222521
vn 0.943883 -0.330279 0.000000
vn 0.850409 -0.297571 0.433884
vn 0.737958 -0.258223 0.623490
vn 0.588502 -0.205926 0.781831
vn 0.409536 -0.143303 0.900969
vn 0.210034 -0.073494 0.974928
vn -0.210034 0.073494 0.974928
vn -0.409536 0.143303 0.900969
vn -0.588502 0.205926 0.781831
vn -0.737958 0.258223 0.623490
vn -0.850409 0.297571 0.433884
vn -0.920218 0.321998 0.222521
vn -0.943883 0.330279 0.000000
vn -0.920218 0.321998 -0.222521
vn -0.850409 0.297571 -0.433884
vn -0.737958 0.258223 -0.623490
vn -0.588502 0.205926 -0.781831
vn -0.409536 0.143303 -0.900969
vn -0.210034 0.073494 -0.974928
vn 0.210034 -0.073494 -0.974928
vn 0.409536 -0.143303 -0.900969
vn 0.588502 -0.205926 -0.781831
vn 0.737958 -0.258223 -0.623490
vn 0.850409 -0.297571 -0.433884
vn 0.920218 -0.321998 -0.222521
vn 0.878380 -0.423005 0.222521
vn 0.900969 -0.433884 0.000000
vn 0.811745 -0.390916 0.433884
vn 0.704406 -0.339224 0.623490
vn 0.561745 -0.270522 0.781831
vn 0.390916 -0.188255 0.900969
vn 0.200484 -0.096548 0.974928
vn -0.200484 0.096548 0.974928
vn -0.390916 0.188255 0.900969
vn -0.561745 0.270522 0.781831
vn -0.704406 0.339224 0.623490
vn -0.811745 0.390916 0.433884
vn -0.878380 0.423005 0.222521
vn -0.900969 0.433884 0.000000
vn -0.878380 0.423005 -0.222521
vn -0.811745 0.390916 -0.433884
vn -0.704406 0.339224 -0.623490
vn -0.561745 0.270522 -0.781831
vn -0.390916 0.188255 -0.900969
vn -0.200484 0.096548 -0.974928
vn 0.200484 -0.096548 -0.974928
vn 0.390916 -0.188255 -0.900969
vn 0.561745 -0.270522 -0.781831
vn 0.704406 -0.339224 -0.623490
vn 0.811745 -0.390916 -0.433884
vn 0.878380 -0.423005 -0.222521
vn 0.825495 -0.518693 0.222521
vn 0.846724 -0.532032 0.000000
vn 0.762872 -0.479344 0.433884
vn 0.661996 -0.415959 0.623490
vn 0.527924 -0.331717 0.781831
vn 0.367380 -0.230840 0.900969
vn 0.188414 -0.118388 0.974928
vn -0.188414 0.118388 0.974928
vn -0.367380 0.230840 0.900969
vn -0.527924 0.331717 0.781831
vn -0.661996 0.415959 0.623490
vn -0.762872 0.479344 0.433884
vn -0.825495 0.518693 0.222521
vn -0.846724 0.532032 0.000000
vn -0.825495 0.518693 -0.222521
vn -0.762872 0.479344 -0.433884
vn -0.661996 0.415959 -0.623490
vn -0.527924 0.331717 -0.781831
vn -0.367380 0.230840 -0.900969
vn -0.188414 0.118388 -0.974928
vn 0.188414 -0.118388 -0.974928
vn 0.367380 -0.230840 -0.900969
vn 0.527924 -0.331717 -0.781831
vn 0.661996 -0.415959 -0.623490
vn 0.762872 -0.479344 -0.433884
vn 0.825495 -0.518693 -0.222521
vn 0.762229 -0.607858 0.222521
vn 0.781831 -0.623490 0.000000
vn 0.704406 -0.561745 0.433884
vn 0.611260 -0.487464 0.623490
vn 0.487464 -0.388740 0.781831
vn 0.339224 -0.270522 0.900969
vn 0.173974 -0.138740 0.974928
vn -0.173974 0.138740 0.974928
vn -0.339224 0.270522 0.900969
vn -0.487464 0.388740 0.781831
vn -0.611260 0.487464 0.623490
vn -0.704406 0.561745 0.433884
vn -0.762229 0.607858 0.222521
vn -0.781831 0.623490 0.000000
vn -0.762229 0.607858 -0.222521
vn -0.704406 0.561745 -0.433884
vn -0.611260 0.487464 -0.623490
vn -0.487464 0.388740 -0.781831
vn -0.339224 0.270522 -0.900969
vn -0.173974 0.138740 -0.974928
vn 0.173974 -0.138740 -0.974928
vn 0.339224 -0.270522 -0.900969
vn 0.487464 -0.388740 -0.781831
vn 0.611260 -0.487464 -0.623490
vn 0.704406 -0.561745 -0.433884
vn 0.762229 -0.607858 -0.222521
vn 0.689378 -0.689378 0.222521
vn 0.637081 -0.637081 0.433884
vn 0.552838 -0.552838 0.623490
vn 0.440874 -0.440874 0.781831
vn 0.306802 -0.306802 0.900969
vn 0.157346 -0.157346 0.974928
vn -0.157346 0.157346 0.974928
vn -0.306802 0.306802 0.900969
vn -0.440874 0.440874 0.781831
vn -0.552838 0.552838 0.623490
vn -0.637081 0.637081 0.433884
vn -0.689378 0.689378 0.222521
vn -0.689378 0.689378 -0.222521
vn -0.637081 0.637081 -0.433884
vn -0.552838 0.552838 -0.623490
vn -0.440874 0.440874 -0.781831
vn -0.306802 0.306802 -0.900969
vn -0.157346 0.157346 -0.974928
vn 0.157346 -0.157346 -0.974928
vn 0.306802 -0.306802 -0.900969
vn 0.440874 -0.440874 -0.781831
vn 0.552838 -0.552838 -0.623490
vn 0.637081 -0.637081 -0.433884
vn 0.689378 -0.689378 -0.222521
vn 0.607858 -0.762229 0.222521
vn 0.623490 -0.781831 0.000000
vn 0.561745 -0.704406 0.433884
vn 0.487464 -0.611260 0.623490
vn 0.388740 -0.487464 0.781831
vn 0.270522 -0.339224 0.900969
vn 0.138740 -0.173974 0.974928
vn -0.138740 0.173974 0.974928
vn -0.270522 0.339224 0.900969
vn -0.388740 0.487464 0.781831
vn -0.487464 0.611260 0.623490
vn -0.561745 0.704406 0.433884
vn -0.607858 0.762229 0.222521
vn -0.623490 0.781831 0.000000
vn -0.607858 0.762229 -0.222521
vn -0.561745 0.704406 -0.433884
vn -0.487464 0.611260 -0.623490
vn -0.388740 0.487464 -0.781831
vn -0.270522 0.339224 -0.900969
vn -0.138740 0.173974 -0.974928
vn 0.138740 -0.173974 -0.974928
vn 0.270522 -0.339224 -0.900969
vn 0.388740 -0.487464 -0.781831
vn 0.487464 -0.611260 -0.623490
vn 0.561745 -0.704406 -0.433884
vn 0.607858 -0.762229 -0.222521
vn 0.518693 -0.825495 0.222521
vn 0.532032 -0.846724 0.000000
vn 0.479344 -0.762872 0.433884
vn 0.415959 -0.661996 0.623490
vn 0.331717 -0.527924 0.781831
vn 0.230840 -0.367380 0.900969
vn 0.118388 -0.188414 0.974928
vn -0.118388 0.188414 0.974928
vn -0.230840 0.367380 0.900969
vn -0.331717 0.527924 0.781831
vn -0.415959 0.661996 0.623490
vn -0.479344 0.762872 0.433884
vn -0.518693 0.825495 0.222521
vn -0.532032 0.846724 0.000000
vn -0.518693 0.825495 -0.222521
vn -0.479344 0.762872 -0.433884
vn -0.415959 0.661996 -0.623490
vn -0.331717 0.527924 -0.781831
vn -0.230840 0.367380 -0.900969
vn -0.118388 0.188414 -0.974928
vn 0.118388 -0.188414 -0.974928
vn 0.230840 -0.367380 -0.900969
vn 0.331717 -0.527924 -0.781831
vn 0.415959 -0.661996 -0.623490
vn 0.479344 -0.762872 -0.433884
vn 0.518693 -0.825495 -0.222521
vn 0.423005 -0.878380 0.222521
vn 0.433884 -0.900969 0.000000
vn 0.390916 -0.811745 0.433884
vn 0.339224 -0.704406 0.623490
vn 0.270522 -0.561745 0.781831
vn 0.188255 -0.390916 0.900969
vn 0.096548 -0.200484 0.974928
vn -0.096548 0.200484 0.974928
vn -0.188255 0.390916 0.900969
vn -0.270522 0.561745 0.781831
vn -0.339224 0.704406 0.623490
vn -0.390916 0.811745 0.433884
vn -0.423005 0.878380 0.222521
vn -0.433884 0.900969 0.000000
vn -0.423005 0.878380 -0.222521
vn -0.390916 0.811745 -0.433884
vn -0.339224 0.704406 -0.623490
vn -0.270522 0.561745 -0.781831
vn -0.188255 0.390916 -0.900969
vn -0.096548 0.200484 -0.974928
vn 0.096548 -0.200484 -0.974928
vn 0.188255 -0.390916 -0.900969
vn 0.270522 -0.561745 -0.781831
vn 0.339224 -0.704406 -0.623490
vn 0.390916 -0.811745 -0.433884
vn 0.423005 -0.878380 -0.222521
vn 0.321998 -0.920218 0.222521
vn 0.330279 -0.943883 0.000000
vn 0.297571 -0.850409 0.433884
vn 0.258223 -0.737958 0.623490
vn 0.205926 -0.588502 0.781831
vn 0.143303 -0.409536 0.900969
vn 0.073494 -0.210034 0.974928
vn -0.073494 0.210034 0.974928
vn -0.143303 0.409536 0.900969
vn -0.205926 0.588502 0.781831
vn -0.258223 0.737958 0.623490
vn -0.297571 0.850409 0.433884
vn -0.321998 0.920218 0.222521
vn -0.330279 0.943883 0.000000
vn -0.321998 0.920218 -0.222521
vn -0.297571 0.850409 -0.433884
vn -0.258223 0.737958 -0.623490
vn -0.205926 0.588502 -0.781831
vn -0.143303 0.409536 -0.900969
vn -0.073494 0.210034 -0.974928
vn 0.073494 -0.210034 -0.974928
vn 0.143303 -0.409536 -0.900969
vn 0.205926 -0.588502 -0.781831
vn 0.258223 -0.737958 -0.623490
vn 0.297571 -0.850409 -0.433884
vn 0.321998 -0.920218 -0.222521
vn 0.216942 -0.950484 0.222521
vn 0.222521 -0.974928 0.000000
vn 0.200484 -0.878380 0.433884
vn 0.173974 -0.762229 0.623490
vn 0.138740 -0.607858 0.781831
vn 0.096548 -0.423005 0.900969
vn 0.049516 -0.216942 0.974928
vn -0.049516 0.216942 0.974928
vn -0.096548 0.423005 0.900969
vn -0.138740 0.607858 0.781831
vn -0.173974 0.762229 0.623490
vn -0.200484 0.878380 0.433884
vn -0.216942 0.950484 0.222521
vn -0.222521 0.974928 0.000000
vn -0.216942 0.950484 -0.222521
vn -0.200484 0.878380 -0.433884
vn -0.173974 0.762229 -0.623490
vn -0.138740 0.607858 -0.781831
vn -0.096548 0.423005 -0.900969
vn -0.049516 0.216942 -0.974928
vn 0.049516 -0.216942 -0.974928
vn 0.096548 -0.423005 -0.900969
vn 0.138740 -0.607858 -0.781831
vn 0.173974 -0.762229 -0.623490
vn 0.200484 -0.878380 -0.433884
vn 0.216942 -0.950484 -0.222521
vn 0.109157 -0.968798 0.222521
vn 0.111964 -0.993712 0.000000
vn 0.100877 -0.895304 0.433884
vn 0.087537 -0.776915 0.623490
vn 0.069809 -0.619569 0.781831
vn 0.048580 -0.431156 0.900969
vn 0.024914 -0.221122 0.974928
vn -0.024914 0.221122 0.974928
vn -0.048580 0.431156 0.900969
vn -0.069809 0.619569 0.781831
vn -0.087537 0.776915 0.623490
vn -0.100877 0.895304 0.433884
vn -0.109157 0.968798 0.222521
vn -0.111964 0.993712 0.000000
vn -0.109157 0.968798 -0.222521
vn -0.100877 0.895304 -0.433884
vn -0.087537 0.776915 -0.623490
vn -0.069809 0.619569 -0.781831
vn -0.048580 0.431156 -0.900969
vn -0.024914 0.221122 -0.974928
vn 0.024914 -0.221122 -0.974928
vn 0.048580 -0.431156 -0.900969
vn 0.069809 -0.619569 -0.781831
vn 0.087537 -0.776915 -0.623490
vn 0.100877 -0.895304 -0.433884
vn 0.109157 -0.968798 -0.222521
vn 0.000000 -0.974928 0.222521
vn 0.000000 -0.900969 0.433884
vn 0.000000 -0.781831 0.623490
vn 0.000000 -0.623490 0.781831
vn 0.000000 -0.433884 0.900969
vn 0.000000 -0.222521 0.974928
vn -0.000000 0.222521 0.974928
vn -0.000000 0.433884 0.900969
vn -0.000000 0.623490 0.781831
vn -0.000000 0.781831 0.623490
vn -0.000000 0.900969 0.433884
vn -0.000000 0.974928 0.222521
vn -0.000000 0.974928 -0.222521
vn -0.000000 0.900969 -0.433884
vn -0.000000 0.781831 -0.623490
vn -0.000000 0.623490 -0.781831
vn -0.000000 0.433884 -0.900969
vn -0.000000 0.222521 -0.974928
vn 0.000000 -0.222521 -0.974928
vn 0.000000 -0.433884 -0.900969
vn 0.000000 -0.623490 -0.781831
vn 0.000000 -0.781831 -0.623490
vn 0.000000 -0.900969 -0.433884
vn 0.000000 -0.974928 -0.222521
vn -0.109157 -0.968798 0.222521
vn -0.111964 -0.993712 0.000000
vn -0.100877 -0.895304 0.433884
vn -0.087537 -0.776915 0.623490
vn -0.069809 -0.619569 0.781831
vn -0.048580 -0.431156 0.900969
vn -0.024914 -0.221122 0.974928
vn 0.024914 0.221122 0.974928
vn 0.048580 0.431156 0.900969
vn 0.069809 0.619569 0.781831
vn 0.087537 0.776915 0.623490
vn 0.100877 0.895304 0.433884
vn 0.109157 0.968798 0.222521
vn 0.111964 0.993712 0.000000
vn 0.109157 0.968798 -0.222521
vn 0.100877 0.895304 -0.433884
vn 0.087537 0.776915 -0.623490
vn 0.069809 0.619569 -0.781831
vn 0.048580 0.431156 -0.900969
vn 0.024914 0.221122 -0.974928
vn -0.024914 -0.221122 -0.974928
vn -0.048580 -0.431156 -0.900969
vn -0.069809 -0.619569 -0.781831
vn -0.087537 -0.776915 -0.623490
vn -0.100877 -0.895304 -0.433884
vn -0.109157 -0.968798 -0.222521
vn -0.216942 -0.950484 0.222521
vn -0.222521 -0.974928 0.000000
vn -0.200484 -0.878380 0.433884
vn -0.173974 -0.762229 0.623490
vn -0.138740 -0.607858 0.781831
vn -0.096548 -0.423005 0.900969
vn -0.049516 -0.216942 0.974928
vn 0.049516 0.216942 0.974928
vn 0.096548 0.423005 0.900969
vn 0.138740 0.607858 0.781831
vn 0.173974 0.762229 0.623490
vn 0.200484 0.878380 0.433884
vn 0.216942 0.950484 0.222521
vn 0.222521 0.974928 0.000000
vn 0.216942 0.950484 -0.222521
vn 0.200484 0.878380 -0.433884
vn 0.173974 0.762229 -0.623490
vn 0.138740 0.607858 -0.781831
vn 0.096548 0.423005 -0.900969
vn 0.049516 0.216942 -0.974928
vn -0.049516 -0.216942 -0.974928
vn -0.096548 -0.423005 -0.900969
vn -0.138740 -0.607858 -0.781831
vn -0.173974 -0.762229 -0.623490
vn -0.200484 -0.878380 -0.433884
vn -0.216942 -0.950484 -0.222521
vn -0.321998 -0.920218 0.222521
vn -0.330279 -0.943883 0.000000
vn -0.297571 -0.850409 0.433884
vn -0.258223 -0.737958 0.623490
vn -0.205926 -0.588502 0.781831
vn -0.143303 -0.409536 0.900969
vn -0.073494 -0.210034 0.974928
vn 0.073494 0.210034 0.974928
vn 0.143303 0.409536 0.900969
vn 0.205926 0.588502 0.781831
vn 0.258223 0.737958 0.623490
vn 0.297571 0.850409 0.433884
vn 0.321998 0.920218 0.222521
vn 0.330279 0.943883 0.000000
vn 0.321998 0.920218 -0.222521
vn 0.297571 0.850409 -0.433884
vn 0.258223 0.737958 -0.623490
vn 0.205926 0.588502 -0.781831
vn 0.143303 0.409536 -0.900969
vn 0.073494 0.210034 -0.974928
vn -0.073494 -0.210034 -0.974928
vn -0.143303 -0.409536 -0.900969
vn -0.205926 -0.588502 -0.781831
vn -0.258223 -0.737958 -0.623490
vn -0.297571 -0.850409 -0.433884
vn -0.321998 -0.920218 -0.222521
vn -0.423005 -0.878380 0.222521
vn -0.433884 -0.900969 0.000000
vn -0.390916 -0.811745 0.433884
vn -0.339224 -0.704406 0.623490
vn -0.270522 -0.561745 0.781831
vn -0.188255 -0.390916 0.900969
vn -0.096548 -0.200484 0.974928
vn 0.096548 0.200484 0.974928
vn 0.188255 0.390916 0.900969
vn 0.270522 0.561745 0.781831
vn 0.339224 0.704406 0.623490
vn 0.390916 0.811745 0.433884
vn 0.423005 0.878380 0.222521
vn 0.433884 0.900969 0.000000
vn 0.423005 0.878380 -0.222521
vn 0.390916 0.811745 -0.433884
vn 0.339224 0.704406 -0.623490
vn 0.270522 0.561745 -0.781831
vn 0.188255 0.390916 -0.900969
vn 0.096548 0.200484 -0.974928
vn -0.096548 -0.200484 -0.974928
vn -0.188255 -0.390916 -0.900969
vn -0.270522 -0.561745 -0.781831
vn -0.339224 -0.704406 -0.623490
vn -0.390916 -0.811745 -0.433884
vn -0.423005 -0.878380 -0.222521
vn -0.518693 -0.825495 0.222521
vn -0.532032 -0.846724 0.000000
vn -0.479344 -0.762872 0.433884
vn -0.415959 -0.661996 0.623490
vn -0.331717 -0.527924 0.781831
vn -0.230840 -0.367380 0.900969
vn -0.118388 -0.188414 0.974928
vn 0.118388 0.188414 0.974928
vn 0.230840 0.367380 0.900969
vn 0.331717 0.527924 0.781831
vn 0.415959 0.661996 0.623490
vn 0.479344 0.762872 0.433884
vn 0.518693 0.825495 0.222521
vn 0.532032 0.846724 0.000000
vn 0.518693 0.825495 -0.222521
vn 0.479344 0.762872 -0.433884
vn 0.415959 0.661996 -0.623490
vn 0.331717 0.527924 -0.781831
vn 0.230840 0.367380 -0.900969
vn 0.118388 0.188414 -0.974928
vn -0.118388 -0.188414 -0.974928
vn -0.230840 -0.367380 -0.900969
vn -0.331717 -0.527924 -0.781831
vn -0.415959 -0.661996 -0.623490
vn -0.479344 -0.762872 -0.433884
vn -0.518693 -0.825495 -0.222521
vn -0.607858 -0.762229 0.222521
vn -0.623490 -0.781831 0.000000
vn -0.561745 -0.704406 0.433884
vn -0.487464 -0.611260 0.623490
vn -0.388740 -0.487464 0.781831
vn -0.270522 -0.339224 0.900969
vn -0.138740 -0.173974 0.974928
vn 0.138740 0.173974 0.974928
vn 0.270522 0.339224 0.900969
vn 0.388740 0.487464 0.781831
vn 0.487464 0.611260 0.623490
vn 0.561745 0.704406 0.433884
vn 0.607858 0.762229 0.222521
vn 0.623490 0.781831 0.000000
vn 0.607858 0.762229 -0.222521
vn 0.561745 0.704406 -0.433884
vn 0.487464 0.611260 -0.623490
vn 0.388740 0.487464 -0.781831
vn 0.270522 0.339224 -0.900969
vn 0.138740 0.173974 -0.974928
vn -0.138740 -0.173974 -0.974928
vn -0.270522 -0.339224 -0.900969
vn -0.388740 -0.487464 -0.781831
vn -0.487464 -0.611260 -0.623490
vn -0.561745 -0.704406 -0.433884
vn -0.607858 -0.762229 -0.222521
vn -0.689378 -0.689378 0.222521
vn -0.637081 -0.637081 0.433884
vn -0.552838 -0.552838 0.623490
vn -0.440874 -0.440874 0.781831
vn -0.306802 -0.306802 0.900969
vn -0.157346 -0.157346 0.974928
vn 0.157346 0.157346 0.974928
vn 0.306802 0.306802 0.900969
vn 0.440874 0.440874 0.781831
vn 0.552838 0.552838 0.623490
vn 0.637081 0.637081 0.433884
vn 0.689378 0.689378 0.222521
vn 0.689378 0.689378 -0.222521
vn 0.637081 0.637081 -0.433884
vn 0.552838 0.552838 -0.623490
vn 0.440874 0.440874 -0.781831
vn 0.306802 0.306802 -0.900969
vn 0.157346 0.157346 -0.974928
vn -0.157346 -0.157346 -0.974928
vn -0.306802 -0.306802 -0.900969
vn -0.440874 -0.440874 -0.781831
vn -0.552838 -0.552838 -0.623490
vn -0.637081 -0.637081 -0.433884
vn -0.689378 -0.689378 -0.222521
vn -0.762229 -0.607858 0.222521
vn -0.781831 -0.623490 0.000000
vn -0.704406 -0.561745 0.433884
vn -0.611260 -0.487464 0.623490
vn -0.487464 -0.388740 0.781831
vn -0.339224 -0.270522 0.900969
vn -0.173974 -0.138740 0.974928
vn 0.173974 0.138740 0.974928
vn 0.339224 0.270522 0.900969
vn 0.487464 0.388740 0.781831
vn 0.611260 0.487464 0.623490
vn 0.704406 0.561745 0.433884
vn 0.762229 0.607858 0.222521
vn 0.781831 0.623490 0.000000
vn 0.762229 0.607858 -0.222521
vn 0.704406 0.561745 -0.433884
vn 0.611260 0.487464 -0.623490
vn 0.487464 0.388740 -0.781831
vn 0.339224 0.270522 -0.900969
vn 0.173974 0.138740 -0.974928
vn -0.173974 -0.138740 -0.974928
vn -0.339224 -0.270522 -0.900969
vn -0.487464 -0.388740 -0.781831
vn -0.611260 -0.487464 -0.623490
vn -0.704406 -0.561745 -0.433884
vn -0.762229 -0.607858 -0.222521
vn -0.825495 -0.518693 0.222521
vn -0.846724 -0.532032 0.000000
vn -0.762872 -0.479344 0.433884
vn -0.661996 -0.415959 0.623490
vn -0.527924 -0.331717 0.781831
vn -0.367380 -0.230840 0.900969
vn -0.188414 -0.118388 0.974928
vn 0.188414 0.118388 0.974928
vn 0.367380 0.230840 0.900969
vn 0.527924 0.331717 0.781831
vn 0.661996 0.415959 0.623490
vn 0.762872 0.479344 0.433884
vn 0.825495 0.518693 0.222521
vn 0.846724 0.532032 0.000000
vn 0.825495 0.518693 -0.222521
vn 0.762872 0.479344 -0.433884
vn 0.661996 0.415959 -0.623490
vn 0.527924 0.331717 -0.781831
vn 0.367380 0.230840 -0.900969
vn 0.188414 0.118388 -0.974928
vn -0.188414 -0.118388 -0.974928
vn -0.367380 -0.230840 -0.900969
vn -0.527924 -0.331717 -0.781831
vn -0.661996 -0.415959 -0.623490
vn -0.762872 -0.479344 -0.433884
vn -0.825495 -0.518693 -0.222521
vn -0.878380 -0.423005 0.222521
vn -0.900969 -0.433884 0.000000
vn -0.811745 -0.390916 0.433884
vn -0.704406 -0.339224 0.623490
vn -0.561745 -0.270522 0.781831
vn -0.390916 -0.188255 0.900969
vn -0.200484 -0.096548 0.974928
vn 0.200484 0.096548 0.974928
vn 0.390916 0.188255 0.900969
vn 0.561745 0.270522 0.781831
vn 0.704406 0.339224 0.623490
vn 0.811745 0.390916 0.433884
vn 0.878380 0.423005 0.222521
vn 0.900969 0.433884 0.000000
vn 0.878380 0.423005 -0.222521
vn 0.811745 0.390916 -0.433884
vn 0.704406 0.339224 -0.623490
vn 0.561745 0.270522 -0.781831
vn 0.390916 0.188255 -0.900969
vn 0.200484 0.096548 -0.974928
vn -0.200484 -0.096548 -0.974928
vn -0.390916 -0.188255 -0.900969
vn -0.561745 -0.270522 -0.781831
vn -0.704406 -0.339224 -0.623490
vn -0.811745 -0.390916 -0.433884
vn -0.878380 -0.423005 -0.222521
vn -0.920218 -0.321998 0.222521
vn -0.943883 -0.330279 0.000000
vn -0.850409 -0.297571 0.433884
vn -0.737958 -0.258223 0.623490
vn -0.588502 -0.205926 0.781831
vn -0.409536 -0.143303 0.900969
vn -0.210034 -0.073494 0.974928
vn 0.210034 0.073494 0.974928
vn 0.409536 0.143303 0.900969
vn 0.588502 0.205926 0.781831
vn 0.737958 0.258223 0.623490
vn 0.850409 0.297571 0.433884
vn 0.920218 0.321998 0.222521
vn 0.943883 0.330279 0.000000
vn 0.920218 0.321998 -0.222521
vn 0.850409 0.297571 -0.433884
vn 0.737958 0.258223 -0.623490
vn 0.588502 0.205926 -0.781831
vn 0.409536 0.143303 -0.900969
vn 0.210034 0.073494 -0.974928
vn -0.210034 -0.073494 -0.974928
vn -0.409536 -0.143303 -0.900969
vn -0.588502 -0.205926 -0.781831
vn -0.737958 -0.258223 -0.623490
vn -0.850409 -0.297571 -0.433884
vn -0.920218 -0.321998 -0.222521
vn -0.950484 -0.216942 0.222521
vn -0.974928 -0.222521 0.000000
vn -0.878380 -0.200484 0.433884
vn -0.762229 -0.173974 0.623490
vn -0.607858 -0.138740 0.781831
vn -0.423005 -0.096548 0.900969
vn -0.216942 -0.049516 0.974928
vn 0.216942 0.049516 0.974928
vn 0.423005 0.096548 0.900969
vn 0.607858 0.138740 0.781831
vn 0.762229 0.173974 0.623490
vn 0.878380 0.200484 0.433884
vn 0.950484 0.216942 0.222521
vn 0.974928 0.222521 0.000000
vn 0.950484 0.216942 -0.222521
vn 0.878380 0.200484 -0.433884
vn 0.762229 0.173974 -0.623490
vn 0.607858 0.138740 -0.781831
vn 0.423005 0.096548 -0.900969
vn 0.216942 0.049516 -0.974928
vn -0.216942 -0.049516 -0.974928
vn -0.423005 -0.096548 -0.900969
vn -0.607858 -0.138740 -0.781831
vn -0.762229 -0.173974 -0.623490
vn -0.878380 -0.200484 -0.433884
vn -0.950484 -0.216942 -0.222521
vn -0.968798 -0.109157 0.222521
vn -0.993712 -0.111964 0.000000
vn -0.895304 -0.100877 0.433884
vn -0.776915 -0.087537 0.623490
vn -0.619569 -0.069809 0.781831
vn -0.431156 -0.048580 0.900969
vn -0.221122 -0.024914 0.974928
vn 0.221122 0.024914 0.974928
vn 0.431156 0.048580 0.900969
vn 0.619569 0.069809 0.781831
vn 0.776915 0.087537 0.623490
vn 0.895304 0.100877 0.433884
vn 0.968798 0.109157 0.222521
vn 0.993712 0.111964 0.000000
vn 0.968798 0.109157 -0.222521
vn 0.895304 0.100877 -0.433884
vn 0.776915 0.087537 -0.623490
vn 0.619569 0.069809 -0.781831
vn 0.431156 0.048580 -0.900969
vn 0.221122 0.024914 -0.974928
vn -0.221122 -0.024914 -0.974928
vn -0.431156 -0.048580 -0.900969
vn -0.619569 -0.069809 -0.781831
vn -0.776915 -0.087537 -0.623490
vn -0.895304 -0.100877 -0.433884
vn -0.968798 -0.109157 -0.222521
usemtl ground
f 1//1 2//1 3//1
f 1//1 3//1 4//1
usemtl wall
f 5//2 6//2 7//2
f 5//2 7//2 8//2
f 9//1 10//1 11//1
f 9//1 11//1 12//1
f 5//3 9//3 12//3
f 5//3 12//3 6//3
f 8//4 7//4 11//4
f 8//4 11//4 10//4
f 5//5 8//5 10//5
f 5//5 10//5 9//5
f 6//6 12//6 11//6
f 6//6 11//6 7//6
f 13//2 14//2 15//2
f 13//2 15//2 16//2
f 17//1 18//1 19//1
f 17//1 19//1 20//1
f 13//3 17//3 20//3
f 13//3 20//3 14//3
f 16//4 15//4 19//4
f 16//4 19//4 18//4
f 13//5 16//5 18//5
f 13//5 18//5 17//5
f 14//6 20//6 19//6
f 14//6 19//6 15//6
f 21//2 22//2 23//2
f 21//2 23//2 24//2
f 25//1 26//1 27//1
f 25//1 27//1 28//1
f 21//3 25//3 28//3
f 21//3 28//3 22//3
f 24//4 23//4 27//4
f 24//4 27//4 26//4
f 21//5 24//5 26//5
f 21//5 26//5 25//5
f 22//6 28//6 27//6
f 22//6 27//6 23//6
usemtl lamp0
f 29//2 30//2 31//2
f 29//2 31//2 32//2
f 33//1 34//1 35//1
f 33//1 35//1 36//1
f 29//3 33//3 36//3
f 29//3 36//3 30//3
f 32//4 31//4 35//4
f 32//4 35//4 34//4
f 29//5 32//5 34//5
f 29//5 34//5 33//5
f 30//6 36//6 35//6
f 30//6 35//6 31//6
usemtl lamp1
f 37//2 38//2 39//2
f 37//2 39//2 40//2
f 41//1 42//1 43//1
f 41//1 43//1 44//1
f 37//3 41//3 44//3
f 37//3 44//3 38//3
f 40//4 39//4 43//4
f 40//4 43//4 42//4
f 37//5 40//5 42//5
f 37//5 42//5 41//5
f 38//6 44//6 43//6
f 38//6 43//6 39//6
usemtl lamp4
f 45//2 46//2 47//2
f 45//2 47//2 48//2
f 49//1 50//1 51//1
f 49//1 51//1 52//1
f 45//3 49//3 52//3
f 45//3 52//3 46//3
f 48//4 47//4 51//4
f 48//4 51//4 50//4
f 45//5 48//5 50//5
f 45//5 50//5 49//5
f 46//6 52//6 51//6
f 46//6 51//6 47//6
usemtl lamp5
f 53//2 54//2 55//2
f 53//2 55//2 56//2
f 57//1 58//1 59//1
f 57//1 59//1 60//1
f 53//3 57//3 60//3
f 53//3 60//3 54//3
f 56//4 55//4 59//4
f 56//4 59//4 58//4
f 53//5 56//5 58//5
f 53//5 58//5 57//5
f 54//6 60//6 59//6
f 54//6 59//6 55//6
usemtl lamp0
f 61//2 62//2 63//2
f 61//2 63//2 64//2
f 65//1 66//1 67//1
f 65//1 67//1 68//1
f 61//3 65//3 68//3
f 61//3 68//3 62//3
f 64//4 63//4 67//4
f 64//4 67//4 66//4
f 61//5 64//5 66//5
f 61//5 66//5 65//5
f 62//6 68//6 67//6
f 62//6 67//6 63//6
usemtl lamp3
f 69//2 70//2 71//2
f 69//2 71//2 72//2
f 73//1 74//1 75//1
f 73//1 75//1 76//1
f 69//3 73//3 76//3
f 69//3 76//3 70//3
f 72//4 71//4 75//4
f 72//4 75//4 74//4
f 69//5 72//5 74//5
f 69//5 74//5 73//5
f 70//6 76//6 75//6
f 70//6 75//6 71//6
usemtl lamp2
f 77//2 78//2 79//2
f 77//2 79//2 80//2
f 81//1 82//1 83//1
f 81//1 83//1 84//1
f 77//3 81//3 84//3
f 77//3 84//3 78//3
f 80//4 79//4 83//4
f 80//4 83//4 82//4
f 77//5 80//5 82//5
f 77//5 82//5 81//5
f 78//6 84//6 83//6
f 78//6 83//6 79//6
usemtl lamp1
f 85//2 86//2 87//2
f 85//2 87//2 88//2
f 89//1 90//1 91//1
f 89//1 91//1 92//1
f 85//3 89//3 92//3
f 85//3 92//3 86//3
f 88//4 87//4 91//4
f 88//4 91//4 90//4
f 85//5 88//5 90//5
f 85//5 90//5 89//5
f 86//6 92//6 91//6
f 86//6 91//6 87//6
usemtl lamp4
f 93//2 94//2 95//2
f 93//2 95//2 96//2
f 97//1 98//1 99//1
f 97//1 99//1 100//1
f 93//3 97//3 100//3
f 93//3 100//3 94//3
f 96//4 95//4 99//4
f 96//4 99//4 98//4
f 93//5 96//5 98//5
f 93//5 98//5 97//5
f 94//6 100//6 99//6
f 94//6 99//6 95//6
usemtl lamp3
f 101//2 102//2 103//2
f 101//2 103//2 104//2
f 105//1 106//1 107//1
f 105//1 107//1 108//1
f 101//3 105//3 108//3
f 101//3 108//3 102//3
f 104//4 103//4 107//4
f 104//4 107//4 106//4
f 101//5 104//5 106//5
f 101//5 106//5 105//5
f 102//6 108//6 107//6
f 102//6 107//6 103//6
usemtl lamp2
f 109//2 110//2 111//2
f 109//2 111//2 112//2
f 113//1 114//1 115//1
f 113//1 115//1 116//1
f 109//3 113//3 116//3
f 109//3 116//3 110//3
f 112//4 111//4 115//4
f 112//4 115//4 114//4
f 109//5 112//5 114//5
f 109//5 114//5 113//5
f 110//6 116//6 115//6
f 110//6 115//6 111//6
usemtl lamp5
f 117//2 118//2 119//2
f 117//2 119//2 120//2
f 121//1 122//1 123//1
f 121//1 123//1 124//1
f 117//3 121//3 124//3
f 117//3 124//3 118//3
f 120//4 119//4 123//4
f 120//4 123//4 122//4
f 117//5 120//5 122//5
f 117//5 122//5 121//5
f 118//6 124//6 123//6
f 118//6 123//6 119//6
usemtl crystal
f 125//1 126//7 127//8
f 125//1 128//9 126//7
f 125//1 129//10 128//9
f 125//1 130//11 129//10
f 125//1 131//12 130//11
f 125//1 132//13 131//12
f 125//1 133//14 132//13
f 125//1 134//15 133//14
f 125//1 135//16 134//15
f 125//1 136//17 135//16
f 125//1 137//18 136//17
f 125//1 138//19 137//18
f 125//1 139//20 138//19
f 125//1 140//21 139//20
f 125//1 141//22 140//21
f 125//1 142//23 141//22
f 125//1 143//24 142//23
f 125//1 144//25 143//24
f 125//1 145//26 144//25
f 125//1 146//27 145//26
f 125//1 147//28 146//27
f 125//1 148//29 147//28
f 125//1 149//30 148//29
f 125//1 150//31 149//30
f 125//1 151//32 150//31
f 125//1 152//33 151//32
f 125//1 153//34 152//33
f 125//1 154//35 153//34
f 125//1 155//36 154//35
f 125//1 156//37 155//36
f 125//1 157//38 156//37
f 125//1 158//39 157//38
f 125//1 159//40 158//39
f 125//1 160//41 159//40
f 125//1 161//42 160//41
f 125//1 162//43 161//42
f 125//1 163//44 162//43
f 125//1 164//45 163//44
f 125//1 165//46 164//45
f 125//1 166//47 165//46
f 125//1 167//48 166//47
f 125//1 168//49 167//48
f 125//1 169//50 168//49
f 125//1 170//51 169//50
f 125//1 171//52 170//51
f 125//1 172//53 171//52
f 125//1 173//54 172//53
f 125//1 127//8 173//54
f 127//8 126//7 174//55
f 127//8 174//55 175//56
f 126//7 128//9 176//57
f 126//7 176//57 174//55
f 128//9 129//10 177//58
f 128//9 177//58 176//57
f 129//10 130//11 178//59
f 129//10 178//59 177//58
f 130//11 131//12 179//60
f 130//11 179//60 178//59
f 131//12 132//13 180//61
f 131//12 180//61 179//60
f 132//13 133//14 181//62
f 132//13 181//62 180//61
f 133//14 134//15 182//63
f 133//14 182//63 181//62
f 134//15 135//16 183//64
f 134//15 183//64 182//63
f 135//16 136//17 184//65
f 135//16 184//65 183//64
f 136//17 137//18 185//66
f 136//17 185//66 184//65
f 137//18 138//19 186//67
f 137//18 186//67 185//66
f 138//19 139//20 187//68
f 138//19 187//68 186//67
f 139//20 140//21 188//69
f 139//20 188//69 187//68
f 140//21 141//22 189//70
f 140//21 189//70 188//69
f 141//22 142//23 190//71
f 141//22 190//71 189//70
f 142//23 143//24 191//72
f 142//23 191//72 190//71
f 143//24 144//25 192//73
f 143//24 192//73 191//72
f 144//25 145//26 193//74
f 144//25 193//74 192//73
f 145//26 146//27 194//75
f 145//26 194//75 193//74
f 146//27 147//28 195//76
f 146//27 195//76 194//75
f 147//28 148//29 196//77
f 147//28 196//77 195//76
f 148//29 149//30 197//78
f 148//29 197//78 196//77
f 149//30 150//31 198//79
f 149//30 198//79 197//78
f 150//31 151//32 199//80
f 150//31 199//80 198//79
f 151//32 152//33 200//81
f 151//32 200//81 199//80
f 152//33 153//34 201//82
f 152//33 201//82 200//81
f 153//34 154//35 202//83
f 153//34 202//83 201//82
f 154//35 155//36 203//84
f 154//35 203//84 202//83
f 155//36 156//37 204//85
f 155//36 204//85 203//84
f 156//37 157//38 205//86
f 156//37 205//86 204//85
f 157//38 158//39 206//87
f 157//38 206//87 205//86
f 158//39 159//40 207//88
f 158//39 207//88 206//87
f 159//40 160//41 208//89
f 159//40 208//89 207//88
f 160//41 161//42 209//90
f 160//41 209//90 208//89
f 161//42 162//43 210//91
f 161//42 210//91 209//90
f 162//43 163//44 211//92
f 162//43 211//92 210//91
f 163//44 164//45 212//93
f 163//44 212//93 211//92
f 164//45 165//46 213//94
f 164//45 213//94 212//93
f 165//46 166//47 214//95
f 165//46 214//95 213//94
f 166//47 167//48 215//96
f 166//47 215//96 214//95
f 167//48 168//49 216//97
f 167//48 216//97 215//96
f 168//49 169//50 217//98
f 168//49 217//98 216//97
f 169//50 170//51 218//99
f 169//50 218//99 217//98
f 170//51 171//52 219//100
f 170//51 219//100 218//99
f 171//52 172//53 220//101
f 171//52 220//101 219//100
f 172//53 173//54 221//102
f 172//53 221//102 220//101
f 173//54 127//8 175//56
f 173//54 175//56 221//102
f 175//56 174//55 222//103
f 175//56 222//103 223//104
f 174//55 176//57 224//105
f 174//55 224//105 222//103
f 176//57 177//58 225//106
f 176//57 225//106 224//105
f 177//58 178//59 226//107
f 177//58 226//107 225//106
f 178//59 179//60 227//108
f 178//59 227//108 226//107
f 179//60 180//61 228//109
f 179//60 228//109 227//108
f 180//61 181//62 229//110
f 180//61 229//110 228//109
f 181//62 182//63 230//111
f 181//62 230//111 229//110
f 182//63 183//64 231//112
f 182//63 231//112 230//111
f 183//64 184//65 232//113
f 183//64 232//113 231//112
f 184//65 185//66 233//114
f 184//65 233//114 232//113
f 185//66 186//67 234//115
f 185//66 234//115 233//114
f 186//67 187//68 235//116
f 186//67 235//116 234//115
f 187//68 188//69 236//117
f 187//68 236//117 235//116
f 188//69 189//70 237//118
f 188//69 237//118 236//117
f 189//70 190//71 238//119
f 189//70 238//119 237//118
f 190//71 191//72 239//120
f 190//71 239//120 238//119
f 191//72 192//73 240//121
f 191//72 240//121 239//120
f 192//73 193//74 241//122
f 192//73 241//122 240//121
f 193//74 194//75 242//123
f 193//74 242//123 241//122
f 194//75 195//76 243//124
f 194//75 243//124 242//123
f 195//76 196//77 244//125
f 195//76 244//125 243//124
f 196//77 197//78 245//126
f 196//77 245//126 244//125
f 197//78 198//79 246//127
f 197//78 246//127 245//126
f 198//79 199//80 247//128
f 198//79 247//128 246//127
f 199//80 200//81 248//129
f 199//80 248//129 247//128
f 200//81 201//82 249//130
f 200//81 249//130 248//129
f 201//82 202//83 250//131
f 201//82 250//131 249//130
f 202//83 203//84 251//132
f 202//83 251//132 250//131
f 203//84 204//85 252//133
f 203//84 252//133 251//132
f 204//85 205//86 253//134
f 204//85 253//134 252//133
f 205//86 206//87 254//135
f 205//86 254//135 253//134
f 206//87 207//88 255//136
f 206//87 255//136 254//135
f 207//88 208//89 256//137
f 207//88 256//137 255//136
f 208//89 209//90 257//138
f 208//89 257//138 256//137
f 209//90 210//91 258//139
f 209//90 258//139 257//138
f 210//91 211//92 259//140
f 210//91 259//140 258//139
f 211//92 212//93 260//141
f 211//92 260//141 259//140
f 212//93 213//94 261//142
f 212//93 261//142 260//141
f 213//94 214//95 262//143
f 213//94 262//143 261//142
f 214//95 215//96 263//144
f 214//95 263//144 262//143
f 215//96 216//97 264//145
f 215//96 264//145 263//144
f 216//97 217//98 265//146
f 216//97 265//146 264//145
f 217//98 218//99 266//147
f 217//98 266//147 265//146
f 218//99 219//100 267//148
f 218//99 267//148 266//147
f 219//100 220//101 268//149
f 219//100 268//149 267//148
f 220//101 221//102 269//150
f 220//101 269//150 268//149
f 221//102 175//56 223//104
f 221//102 223//104 269//150
f 223//104 222//103 270//151
f 223//104 270//151 271//152
f 222//103 224//105 272//153
f 222//103 272//153 270//151
f 224//105 225//106 273//154
f 224//105 273//154 272//153
f 225//106 226//107 274//155
f 225//106 274//155 273//154
f 226//107 227//108 275//156
f 226//107 275//156 274//155
f 227//108 228//109 276//157
f 227//108 276//157 275//156
f 228//109 229//110 277//158
f 228//109 277//158 276//157
f 229//110 230//111 278//159
f 229//110 278//159 277//158
f 230//111 231//112 279//160
f 230//111 279//160 278//159
f 231//112 232//113 280//161
f 231//112 280//161 279//160
f 232//113 233//114 281//162
f 232//113 281//162 280//161
f 233//114 234//115 282//163
f 233//114 282//163 281//162
f 234//115 235//116 283//164
f 234//115 283//164 282//163
f 235//116 236//117 284//165
f 235//116 284//165 283//164
f 236//117 237//118 285//166
f 236//117 285//166 284//165
f 237//118 238//119 286//167
f 237//118 286//167 285//166
f 238//119 239//120 287//168
f 238//119 287//168 286//167
f 239//120 240//121 288//169
f 239//120 288//169 287//168
f 240//121 241//122 289//170
f 240//121 289//170 288//169
f 241//122 242//123 290//171
f 241//122 290//171 289//170
f 242//123 243//124 291//172
f 242//123 291//172 290//171
f 243//124 244//125 292//173
f 243//124 292//173 291//172
f 244//125 245//126 293//174
f 244//125 293//174 292//173
f 245//126 246//127 294//175
f 245//126 294//175 293//174
f 246//127 247//128 295//176
f 246//127 295//176 294//175
f 247//128 248//129 296//177
f 247//128 296//177 295//176
f 248//129 249//130 297//178
f 248//129 297//178 296//177
f 249//130 250//131 298//179
f 249//130 298//179 297//178
f 250//131 251//132 299//180
f 250//131 299//180 298//179
f 251//132 252//133 300//181
f 251//132 300//181 299//180
f 252//133 253//134 301//182
f 252//133 301//182 300//181
f 253//134 254//135 302//183
f 253//134 302//183 301//182
f 254//135 255//136 303//184
f 254//135 303//184 302//183
f 255//136 256//137 304//185
f 255//136 304//185 303//184
f 256//137 257//138 305//186
f 256//137 305//186 304//185
f 257//138 258//139 306//187
f 257//138 306//187 305//186
f 258//139 259//140 307//188
f 258//139 307//188 306//187
f 259//140 260//141 308//189
f 259//140 308//189 307//188
f 260//141 261//142 309//190
f 260//141 309//190 308//189
f 261//142 262//143 310//191
f 261//142 310//191 309//190
f 262//143 263//144 311//192
f 262//143 311//192 310//191
f 263//144 264//145 312//193
f 263//144 312//193 311//192
f 264//145 265//146 313//194
f 264//145 313//194 312//193
f 265//146 266//147 314//195
f 265//146 314//195 313//194
f 266//147 267//148 315//196
f 266//147 315//196 314//195
f 267//148 268//149 316//197
f 267//148 316//197 315//196
f 268//149 269//150 317//198
f 268//149 317//198 316//197
f 269//150 223//104 271//152
f 269//150 271//152 317//198
f 271//152 270//151 318//199
f 271//152 318//199 319//200
f 270//151 272//153 320//201
f 270//151 320//201 318//199
f 272//153 273//154 321//202
f 272//153 321//202 320//201
f 273//154 274//155 322//203
f 273//154 322//203 321//202
f 274//155 275//156 323//204
f 274//155 323//204 322//203
f 275//156 276//157 324//205
f 275//156 324//205 323//204
f 276//157 277//158 325//206
f 276//157 325//206 324//205
f 277//158 278//159 326//207
f 277//158 326//207 325//206
f 278//159 279//160 327//208
f 278//159 327//208 326//207
f 279//160 280//161 328//209
f 279//160 328//209 327//208
f 280//161 281//162 329//210
f 280//161 329//210 328//209
f 281//162 282//163 330//211
f 281//162 330//211 329//210
f 282//163 283//164 331//212
f 282//163 331//212 330//211
f 283//164 284//165 332//213
f 283//164 332//213 331//212
f 284//165 285//166 333//214
f 284//165 333//214 332//213
f 285//166 286//167 334//215
f 285//166 334//215 333//214
f 286//167 287//168 335//216
f 286//167 335//216 334//215
f 287//168 288//169 336//217
f 287//168 336//217 335//216
f 288//169 289//170 337//218
f 288//169 337//218 336//217
f 289//170 290//171 338//219
f 289//170 338//219 337//218
f 290//171 291//172 339//220
f 290//171 339//220 338//219
f 291//172 292//173 340//221
f 291//172 340//221 339//220
f 292//173 293//174 341//222
f 292//173 341//222 340//221
f 293//174 294//175 342//223
f 293//174 342//223 341//222
f 294//175 295//176 343//224
f 294//175 343//224 342//223
f 295//176 296//177 344//225
f 295//176 344//225 343//224
f 296//177 297//178 345//226
f 296//177 345//226 344//225
f 297//178 298//179 346//227
f 297//178 346//227 345//226
f 298//179 299//180 347//228
f 298//179 347//228 346//227
f 299//180 300//181 348//229
f 299//180 348//229 347//228
f 300//181 301//182 349//230
f 300//181 349//230 348//229
f 301//182 302//183 350//231
f 301//182 350//231 349//230
f 302//183 303//184 351//232
f 302//183 351//232 350//231
f 303//184 304//185 352//233
f 303//184 352//233 351//232
f 304//185 305//186 353//234
f 304//185 353//234 352//233
f 305//186 306//187 354//235
f 305//186 354//235 353//234
f 306//187 307//188 355//236
f 306//187 355//236 354//235
f 307//188 308//189 356//237
f 307//188 356//237 355//236
f 308//189 309//190 357//238
f 308//189 357//238 356//237
f 309//190 310//191 358//239
f 309//190 358//239 357//238
f 310//191 311//192 359//240
f 310//191 359//240 358//239
f 311//192 312//193 360//241
f 311//192 360//241 359//240
f 312//193 313//194 361//242
f 312//193 361//242 360//241
f 313//194 314//195 362//243
f 313//194 362//243 361//242
f 314//195 315//196 363//244
f 314//195 363//244 362//243
f 315//196 316//197 364//245
f 315//196 364//245 363//244
f 316//197 317//198 365//246
f 316//197 365//246 364//245
f 317//198 271//152 319//200
f 317//198 319//200 365//246
f 319//200 318//199 366//247
f 319//200 366//247 367//248
f 318//199 320//201 368//249
f 318//199 368//249 366//247
f 320//201 321//202 369//250
f 320//201 369//250 368//249
f 321//202 322//203 370//251
f 321//202 370//251 369//250
f 322//203 323//204 371//252
f 322//203 371//252 370//251
f 323//204 324//205 372//253
f 323//204 372//253 371//252
f 324//205 325//206 373//254
f 324//205 373//254 372//253
f 325//206 326//207 374//255
f 325//206 374//255 373//254
f 326//207 327//208 375//256
f 326//207 375//256 374//255
f 327//208 328//209 376//257
f 327//208 376//257 375//256
f 328//209 329//210 377//258
f 328//209 377//258 376//257
f 329//210 330//211 378//259
f 329//210 378//259 377//258
f 330//211 331//212 379//260
f 330//211 379//260 378//259
f 331//212 332//213 380//261
f 331//212 380//261 379//260
f 332//213 333//214 381//262
f 332//213 381//262 380//261
f 333//214 334//215 382//263
f 333//214 382//263 381//262
f 334//215 335//216 383//264
f 334//215 383//264 382//263
f 335//216 336//217 384//265
f 335//216 384//265 383//264
f 336//217 337//218 385//266
f 336//217 385//266 384//265
f 337//218 338//219 386//267
f 337//218 386//267 385//266
f 338//219 339//220 387//268
f 338//219 387//268 386//267
f 339//220 340//221 388//269
f 339//220 388//269 387//268
f 340//221 341//222 389//270
f 340//221 389//270 388//269
f 341//222 342//223 390//271
f 341//222 390//271 389//270
f 342//223 343//224 391//272
f 342//223 391//272 390//271
f 343//224 344//225 392//273
f 343//224 392//273 391//272
f 344//225 345//226 393//274
f 344//225 393//274 392//273
f 345//226 346//227 394//275
f 345//226 394//275 393//274
f 346//227 347//228 395//276
f 346//227 395//276 394//275
f 347//228 348//229 396//277
f 347//228 396//277 395//276
f 348//229 349//230 397//278
f 348//229 397//278 396//277
f 349//230 350//231 398//279
f 349//230 398//279 397//278
f 350//231 351//232 399//280
f 350//231 399//280 398//279
f 351//232 352//233 400//281
f 351//232 400//281 399//280
f 352//233 353//234 401//282
f 352//233 401//282 400//281
f 353//234 354//235 402//283
f 353//234 402//283 401//282
f 354//235 355//236 403//284
f 354//235 403//284 402//283
f 355//236 356//237 404//285
f 355//236 404//285 403//284
f 356//237 357//238 405//286
f 356//237 405//286 404//285
f 357//238 358//239 406//287
f 357//238 406//287 405//286
f 358//239 359//240 407//288
f 358//239 407//288 406//287
f 359//240 360//241 408//289
f 359//240 408//289 407//288
f 360//241 361//242 409//290
f 360//241 409//290 408//289
f 361//242 362//243 410//291
f 361//242 410//291 409//290
f 362//243 363//244 411//292
f 362//243 411//292 410//291
f 363//244 364//245 412//293
f 363//244 412//293 411//292
f 364//245 365//246 413//294
f 364//245 413//294 412//293
f 365//246 319//200 367//248
f 365//246 367//248 413//294
f 367//248 366//247 414//295
f 367//248 414//295 415//296
f 366//247 368//249 416//297
f 366//247 416//297 414//295
f 368//249 369//250 417//298
f 368//249 417//298 416//297
f 369//250 370//251 418//299
f 369//250 418//299 417//298
f 370//251 371//252 419//300
f 370//251 419//300 418//299
f 371//252 372//253 420//301
f 371//252 420//301 419//300
f 372//253 373//254 421//302
f 372//253 421//302 420//301
f 373//254 374//255 422//303
f 373//254 422//303 421//302
f 374//255 375//256 423//304
f 374//255 423//304 422//303
f 375//256 376//257 424//305
f 375//256 424//305 423//304
f 376//257 377//258 425//306
f 376//257 425//306 424//305
f 377//258 378//259 426//307
f 377//258 426//307 425//306
f 378//259 379//260 427//308
f 378//259 427//308 426//307
f 379//260 380//261 428//309
f 379//260 428//309 427//308
f 380//261 381//262 429//310
f 380//261 429//310 428//309
f 381//262 382//263 430//311
f 381//262 430//311 429//310
f 382//263 383//264 431//312
f 382//263 431//312 430//311
f 383//264 384//265 432//313
f 383//264 432//313 431//312
f 384//265 385//266 433//314
f 384//265 433//314 432//313
f 385//266 386//267 434//315
f 385//266 434//315 433//314
f 386//267 387//268 435//316
f 386//267 435//316 434//315
f 387//268 388//269 436//317
f 387//268 436//317 435//316
f 388//269 389//270 437//318
f 388//269 437//318 436//317
f 389//270 390//271 438//319
f 389//270 438//319 437//318
f 390//271 391//272 439//320
f 390//271 439//320 438//319
f 391//272 392//273 440//321
f 391//272 440//321 439//320
f 392//273 393//274 441//322
f 392//273 441//322 440//321
f 393//274 394//275 442//323
f 393//274 442//323 441//322
f 394//275 395//276 443//324
f 394//275 443//324 442//323
f 395//276 396//277 444//325
f 395//276 444//325 443//324
f 396//277 397//278 445//326
f 396//277 445//326 444//325
f 397//278 398//279 446//327
f 397//278 446//327 445//326
f 398//279 399//280 447//328
f 398//279 447//328 446//327
f 399//280 400//281 448//329
f 399//280 448//329 447//328
f 400//281 401//282 449//330
f 400//281 449//330 448//329
f 401//282 402//283 450//331
f 401//282 450//331 449//330
f 402//283 403//284 451//332
f 402//283 451//332 450//331
f 403//284 404//285 452//333
f 403//284 452//333 451//332
f 404//285 405//286 453//334
f 404//285 453//334 452//333
f 405//286 406//287 454//335
f 405//286 454//335 453//334
f 406//287 407//288 455//336
f 406//287 455//336 454//335
f 407//288 408//289 456//337
f 407//288 456//337 455//336
f 408//289 409//290 457//338
f 408//289 457//338 456//337
f 409//290 410//291 458//339
f 409//290 458//339 457//338
f 410//291 411//292 459//340
f 410//291 459//340 458//339
f 411//292 412//293 460//341
f 411//292 460//341 459//340
f 412//293 413//294 461//342
f 412//293 461//342 460//341
f 413//294 367//248 415//296
f 413//294 415//296 461//342
f 415//296 414//295 462//343
f 415//296 462//343 463//344
f 414//295 416//297 464//345
f 414//295 464//345 462//343
f 416//297 417//298 465//346
f 416//297 465//346 464//345
f 417//298 418//299 466//347
f 417//298 466//347 465//346
f 418//299 419//300 467//348
f 418//299 467//348 466//347
f 419//300 420//301 468//349
f 419//300 468//349 467//348
f 420//301 421//302 469//350
f 420//301 469//350 468//349
f 421//302 422//303 470//351
f 421//302 470//351 469//350
f 422//303 423//304 471//352
f 422//303 471//352 470//351
f 423//304 424//305 472//353
f 423//304 472//353 471//352
f 424//305 425//306 473//354
f 424//305 473//354 472//353
f 425//306 426//307 474//355
f 425//306 474//355 473//354
f 426//307 427//308 475//356
f 426//307 475//356 474//355
f 427//308 428//309 476//357
f 427//308 476//357 475//356
f 428//309 429//310 477//358
f 428//309 477//358 476//357
f 429//310 430//311 478//359
f 429//310 478//359 477//358
f 430//311 431//312 479//360
f 430//311 479//360 478//359
f 431//312 432//313 480//361
f 431//312 480//361 479//360
f 432//313 433//314 481//362
f 432//313 481//362 480//361
f 433//314 434//315 482//363
f 433//314 482//363 481//362
f 434//315 435//316 483//364
f 434//315 483//364 482//363
f 435//316 436//317 484//365
f 435//316 484//365 483//364
f 436//317 437//318 485//366
f 436//317 485//366 484//365
f 437//318 438//319 486//367
f 437//318 486//367 485//366
f 438//319 439//320 487//368
f 438//319 487//368 486//367
f 439//320 440//321 488//369
f 439//320 488//369 487//368
f 440//321 441//322 489//370
f 440//321 489//370 488//369
f 441//322 442//323 490//371
f 441//322 490//371 489//370
f 442//323 443//324 491//372
f 442//323 491//372 490//371
f 443//324 444//325 492//373
f 443//324 492//373 491//372
f 444//325 445//326 493//374
f 444//325 493//374 492//373
f 445//326 446//327 494//375
f 445//326 494//375 493//374
f 446//327 447//328 495//376
f 446//327 495//376 494//375
f 447//328 448//329 496//377
f 447//328 496//377 495//376
f 448//329 449//330 497//378
f 448//329 497//378 496//377
f 449//330 450//331 498//379
f 449//330 498//379 497//378
f 450//331 451//332 499//380
f 450//331 499//380 498//379
f 451//332 452//333 500//381
f 451//332 500//381 499//380
f 452//333 453//334 501//382
f 452//333 501//382 500//381
f 453//334 454//335 502//383
f 453//334 502//383 501//382
f 454//335 455//336 503//384
f 454//335 503//384 502//383
f 455//336 456//337 504//385
f 455//336 504//385 503//384
f 456//337 457//338 505//386
f 456//337 505//386 504//385
f 457//338 458//339 506//387
f 457//338 506//387 505//386
f 458//339 459//340 507//388
f 458//339 507//388 506//387
f 459//340 460//341 508//389
f 459//340 508//389 507//388
f 460//341 461//342 509//390
f 460//341 509//390 508//389
f 461//342 415//296 463//344
f 461//342 463//344 509//390
f 463//344 462//343 510//391
f 463//344 510//391 511//392
f 462//343 464//345 512//393
f 462//343 512//393 510//391
f 464//345 465//346 513//394
f 464//345 513//394 512//393
f 465//346 466//347 514//395
f 465//346 514//395 513//394
f 466//347 467//348 515//396
f 466//347 515//396 514//395
f 467//348 468//349 516//397
f 467//348 516//397 515//396
f 468//349 469//350 517//398
f 468//349 517//398 516//397
f 469//350 470//351 518//399
f 469//350 518//399 517//398
f 470//351 471//352 519//400
f 470//351 519//400 518//399
f 471//352 472//353 520//401
f 471//352 520//401 519//400
f 472//353 473//354 521//402
f 472//353 521//402 520//401
f 473//354 474//355 522//403
f 473//354 522//403 521//402
f 474//355 475//356 523//404
f 474//355 523//404 522//403
f 475//356 476//357 524//405
f 475//356 524//405 523//404
f 476//357 477//358 525//406
f 476//357 525//406 524//405
f 477//358 478//359 526//407
f 477//358 526//407 525//406
f 478//359 479//360 527//408
f 478//359 527//408 526//407
f 479//360 480//361 528//409
f 479//360 528//409 527//408
f 480//361 481//362 529//410
f 480//361 529//410 528//409
f 481//362 482//363 530//411
f 481//362 530//411 529//410
f 482//363 483//364 531//412
f 482//363 531//412 530//411
f 483//364 484//365 532//413
f 483//364 532//413 531//412
f 484//365 485//366 533//414
f 484//365 533//414 532//413
f 485//366 486//367 534//415
f 485//366 534//415 533//414
f 486//367 487//368 535//416
f 486//367 535//416 534//415
f 487//368 488//369 536//417
f 487//368 536//417 535//416
f 488//369 489//370 537//418
f 488//369 537//418 536//417
f 489//370 490//371 538//419
f 489//370 538//419 537//418
f 490//371 491//372 539//420
f 490//371 539//420 538//419
f 491//372 492//373 540//421
f 491//372 540//421 539//420
f 492//373 493//374 541//422
f 492//373 541//422 540//421
f 493//374 494//375 542//423
f 493//374 542//423 541//422
f 494//375 495//376 543//424
f 494//375 543//424 542//423
f 495//376 496//377 544//425
f 495//376 544//425 543//424
f 496//377 497//378 545//426
f 496//377 545//426 544//425
f 497//378 498//379 546//427
f 497//378 546//427 545//426
f 498//379 499//380 547//428
f 498//379 547//428 546//427
f 499//380 500//381 548//429
f 499//380 548//429 547//428
f 500//381 501//382 549//430
f 500//381 549//430 548//429
f 501//382 502//383 550//431
f 501//382 550//431 549//430
f 502//383 503//384 551//432
f 502//383 551//432 550//431
f 503//384 504//385 552//433
f 503//384 552//433 551//432
f 504//385 505//386 553//434
f 504//385 553//434 552//433
f 505//386 506//387 554//435
f 505//386 554//435 553//434
f 506//387 507//388 555//436
f 506//387 555//436 554//435
f 507//388 508//389 556//437
f 507//388 556//437 555//436
f 508//389 509//390 557//438
f 508//389 557//438 556//437
f 509//390 463//344 511//392
f 509//390 511//392 557//438
f 511//392 510//391 558//439
f 511//392 558//439 559//440
f 510//391 512//393 560//441
f 510//391 560//441 558//439
f 512//393 513//394 561//442
f 512//393 561//442 560//441
f 513//394 514//395 562//443
f 513//394 562//443 561//442
f 514//395 515//396 563//444
f 514//395 563//444 562//443
f 515//396 516//397 564//445
f 515//396 564//445 563//444
f 516//397 517//398 565//446
f 516//397 565//446 564//445
f 517//398 518//399 566//447
f 517//398 566//447 565//446
f 518//399 519//400 567//448
f 518//399 567//448 566//447
f 519//400 520//401 568//449
f 519//400 568//449 567//448
f 520//401 521//402 569//450
f 520//401 569//450 568//449
f 521//402 522//403 570//451
f 521//402 570//451 569//450
f 522//403 523//404 571//452
f 522//403 571//452 570//451
f 523//404 524//405 572//453
f 523//404 572//453 571//452
f 524//405 525//406 573//454
f 524//405 573//454 572//453
f 525//406 526//407 574//455
f 525//406 574//455 573//454
f 526//407 527//408 575//456
f 526//407 575//456 574//455
f 527//408 528//409 576//457
f 527//408 576//457 575//456
f 528//409 529//410 577//458
f 528//409 577//458 576//457
f 529//410 530//411 578//459
f 529//410 578//459 577//458
f 530//411 531//412 579//460
f 530//411 579//460 578//459
f 531//412 532//413 580//461
f 531//412 580//461 579//460
f 532//413 533//414 581//462
f 532//413 581//462 580//461
f 533//414 534//415 582//463
f 533//414 582//463 581//462
f 534//415 535//416 583//464
f 534//415 583//464 582//463
f 535//416 536//417 584//465
f 535//416 584//465 583//464
f 536//417 537//418 585//466
f 536//417 585//466 584//465
f 537//418 538//419 586//467
f 537//418 586//467 585//466
f 538//419 539//420 587//468
f 538//419 587//468 586//467
f 539//420 540//421 588//469
f 539//420 588//469 587//468
f 540//421 541//422 589//470
f 540//421 589//470 588//469
f 541//422 542//423 590//471
f 541//422 590//471 589//470
f 542//423 543//424 591//472
f 542//423 591//472 590//471
f 543//424 544//425 592//473
f 543//424 592//473 591//472
f 544//425 545//426 593//474
f 544//425 593//474 592//473
f 545//426 546//427 594//475
f 545//426 594//475 593//474
f 546//427 547//428 595//476
f 546//427 595//476 594//475
f 547//428 548//429 596//477
f 547//428 596//477 595//476
f 548//429 549//430 597//478
f 548//429 597//478 596//477
f 549//430 550//431 598//479
f 549//430 598//479 597//478
f 550//431 551//432 599//480
f 550//431 599//480 598//479
f 551//432 552//433 600//481
f 551//432 600//481 599//480
f 552//433 553//434 601//482
f 552//433 601//482 600//481
f 553//434 554//435 602//483
f 553//434 602//483 601//482
f 554//435 555//436 603//484
f 554//435 603//484 602//483
f 555//436 556//437 604//485
f 555//436 604//485 603//484
f 556//437 557//438 605//486
f 556//437 605//486 604//485
f 557//438 511//392 559//440
f 557//438 559//440 605//486
f 559//440 558//439 606//487
f 559//440 606//487 607//488
f 558//439 560//441 608//489
f 558//439 608//489 606//487
f 560//441 561//442 609//490
f 560//441 609//490 608//489
f 561//442 562//443 610//491
f 561//442 610//491 609//490
f 562//443 563//444 611//492
f 562//443 611//492 610//491
f 563//444 564//445 612//493
f 563//444 612//493 611//492
f 564//445 565//446 613//494
f 564//445 613//494 612//493
f 565//446 566//447 614//495
f 565//446 614//495 613//494
f 566//447 567//448 615//496
f 566//447 615//496 614//495
f 567//448 568//449 616//497
f 567//448 616//497 615//496
f 568//449 569//450 617//498
f 568//449 617//498 616//497
f 569//450 570//451 618//499
f 569//450 618//499 617//498
f 570//451 571//452 619//500
f 570//451 619//500 618//499
f 571//452 572//453 620//501
f 571//452 620//501 619//500
f 572//453 573//454 621//502
f 572//453 621//502 620//501
f 573//454 574//455 622//503
f 573//454 622//503 621//502
f 574//455 575//456 623//504
f 574//455 623//504 622//503
f 575//456 576//457 624//505
f 575//456 624//505 623//504
f 576//457 577//458 625//506
f 576//457 625//506 624//505
f 577//458 578//459 626//507
f 577//458 626//507 625//506
f 578//459 579//460 627//508
f 578//459 627//508 626//507
f 579//460 580//461 628//509
f 579//460 628//509 627//508
f 580//461 581//462 629//510
f 580//461 629//510 628//509
f 581//462 582//463 630//511
f 581//462 630//511 629//510
f 582//463 583//464 631//512
f 582//463 631//512 630//511
f 583//464 584//465 632//513
f 583//464 632//513 631//512
f 584//465 585//466 633//514
f 584//465 633//514 632//513
f 585//466 586//467 634//515
f 585//466 634//515 633//514
f 586//467 587//468 635//516
f 586//467 635//516 634//515
f 587//468 588//469 636//517
f 587//468 636//517 635//516
f 588//469 589//470 637//518
f 588//469 637//518 636//517
f 589//470 590//471 638//519
f 589//470 638//519 637//518
f 590//471 591//472 639//520
f 590//471 639//520 638//519
f 591//472 592//473 640//521
f 591//472 640//521 639//520
f 592//473 593//474 641//522
f 592//473 641//522 640//521
f 593//474 594//475 642//523
f 593//474 642//523 641//522
f 594//475 595//476 643//524
f 594//475 643//524 642//523
f 595//476 596//477 644//525
f 595//476 644//525 643//524
f 596//477 597//478 645//526
f 596//477 645//526 644//525
f 597//478 598//479 646//527
f 597//478 646//527 645//526
f 598//479 599//480 647//528
f 598//479 647//528 646//527
f 599//480 600//481 648//529
f 599//480 648//529 647//528
f 600//481 601//482 649//530
f 600//481 649//530 648//529
f 601//482 602//483 650//531
f 601//482 650//531 649//530
f 602//483 603//484 651//532
f 602//483 651//532 650//531
f 603//484 604//485 652//533
f 603//484 652//533 651//532
f 604//485 605//486 653//534
f 604//485 653//534 652//533
f 605//486 559//440 607//488
f 605//486 607//488 653//534
f 607//488 606//487 654//535
f 607//488 654//535 655//6
f 606//487 608//489 656//536
f 606//487 656//536 654//535
f 608//489 609//490 657//537
f 608//489 657//537 656//536
f 609//490 610//491 658//538
f 609//490 658//538 657//537
f 610//491 611//492 659//539
f 610//491 659//539 658//538
f 611//492 612//493 660//540
f 611//492 660//540 659//539
f 612//493 613//494 661//541
f 612//493 661//541 660//540
f 613//494 614//495 662//542
f 613//494 662//542 661//541
f 614//495 615//496 663//543
f 614//495 663//543 662//542
f 615//496 616//497 664//544
f 615//496 664//544 663//543
f 616//497 617//498 665//545
f 616//497 665//545 664//544
f 617//498 618//499 666//4
f 617//498 666//4 665//545
f 618//499 619//500 667//546
f 618//499 667//546 666//4
f 619//500 620//501 668//547
f 619//500 668//547 667//546
f 620//501 621//502 669//548
f 620//501 669//548 668//547
f 621//502 622//503 670//549
f 621//502 670//549 669//548
f 622//503 623//504 671//550
f 622//503 671//550 670//549
f 623//504 624//505 672//551
f 623//504 672//551 671//550
f 624//505 625//506 673//552
f 624//505 673//552 672//551
f 625//506 626//507 674//553
f 625//506 674//553 673//552
f 626//507 627//508 675//554
f 626//507 675//554 674//553
f 627//508 628//509 676//555
f 627//508 676//555 675//554
f 628//509 629//510 677//556
f 628//509 677//556 676//555
f 629//510 630//511 678//5
f 629//510 678//5 677//556
f 630//511 631//512 679//557
f 630//511 679//557 678//5
f 631//512 632//513 680//558
f 631//512 680//558 679//557
f 632//513 633//514 681//559
f 632//513 681//559 680//558
f 633//514 634//515 682//560
f 633//514 682//560 681//559
f 634//515 635//516 683//561
f 634//515 683//561 682//560
f 635//516 636//517 684//562
f 635//516 684//562 683//561
f 636//517 637//518 685//563
f 636//517 685//563 684//562
f 637//518 638//519 686//564
f 637//518 686//564 685//563
f 638//519 639//520 687//565
f 638//519 687//565 686//564
f 639//520 640//521 688//566
f 639//520 688//566 687//565
f 640//521 641//522 689//567
f 640//521 689//567 688//566
f 641//522 642//523 690//3
f 641//522 690//3 689//567
f 642//523 643//524 691//568
f 642//523 691//568 690//3
f 643//524 644//525 692//569
f 643//524 692//569 691//568
f 644//525 645//526 693//570
f 644//525 693//570 692//569
f 645//526 646//527 694//571
f 645//526 694//571 693//570
f 646//527 647//528 695//572
f 646//527 695//572 694//571
f 647//528 648//529 696//573
f 647//528 696//573 695//572
f 648//529 649//530 697//574
f 648//529 697//574 696//573
f 649//530 650//531 698//575
f 649//530 698//575 697//574
f 650//531 651//532 699//576
f 650//531 699//576 698//575
f 651//532 652//533 700//577
f 651//532 700//577 699//576
f 652//533 653//534 701//578
f 652//533 701//578 700//577
f 653//534 607//488 655//6
f 653//534 655//6 701//578
f 655//6 654//535 702//579
f 655//6 702//579 703//580
f 654//535 656//536 704//581
f 654//535 704//581 702//579
f 656//536 657//537 705//582
f 656//536 705//582 704//581
f 657//537 658//538 706//583
f 657//537 706//583 705//582
f 658//538 659//539 707//584
f 658//538 707//584 706//583
f 659//539 660//540 708//585
f 659//539 708//585 707//584
f 660//540 661//541 709//586
f 660//540 709//586 708//585
f 661//541 662//542 710//587
f 661//541 710//587 709//586
f 662//542 663//543 711//588
f 662//542 711//588 710//587
f 663//543 664//544 712//589
f 663//543 712//589 711//588
f 664//544 665//545 713//590
f 664//544 713//590 712//589
f 665//545 666//4 714//591
f 665//545 714//591 713//590
f 666//4 667//546 715//592
f 666//4 715//592 714//591
f 667//546 668//547 716//593
f 667//546 716//593 715//592
f 668//547 669//548 717//594
f 668//547 717//594 716//593
f 669//548 670//549 718//595
f 669//548 718//595 717//594
f 670//549 671//550 719//596
f 670//549 719//596 718//595
f 671//550 672//551 720//597
f 671//550 720//597 719//596
f 672//551 673//552 721//598
f 672//551 721//598 720//597
f 673//552 674//553 722//599
f 673//552 722//599 721//598
f 674//553 675//554 723//600
f 674//553 723//600 722//599
f 675//554 676//555 724//601
f 675//554 724//601 723//600
f 676//555 677//556 725//602
f 676//555 725//602 724//601
f 677//556 678//5 726//603
f 677//556 726//603 725//602
f 678//5 679//557 727//604
f 678//5 727//604 726//603
f 679//557 680//558 728//605
f 679//557 728//605 727//604
f 680//558 681//559 729//606
f 680//558 729//606 728//605
f 681//559 682//560 730//607
f 681//559 730//607 729//606
f 682//560 683//561 731//608
f 682//560 731//608 730//607
f 683//561 684//562 732//609
f 683//561 732//609 731//608
f 684//562 685//563 733//610
f 684//562 733//610 732//609
f 685//563 686//564 734//611
f 685//563 734//611 733//610
f 686//564 687//565 735//612
f 686//564 735//612 734//611
f 687//565 688//566 736//613
f 687//565 736//613 735//612
f 688//566 689//567 737//614
f 688//566 737//614 736//613
f 689//567 690//3 738//615
f 689//567 738//615 737//614
f 690//3 691//568 739//616
f 690//3 739//616 738//615
f 691//568 692//569 740//617
f 691//568 740//617 739//616
f 692//569 693//570 741//618
f 692//569 741//618 740//617
f 693//570 694//571 742//619
f 693//570 742//619 741//618
f 694//571 695//572 743//620
f 694//571 743//620 742//619
f 695//572 696//573 744//621
f 695//572 744//621 743//620
f 696//573 697//574 745//622
f 696//573 745//622 744//621
f 697//574 698//575 746//623
f 697//574 746//623 745//622
f 698//575 699//576 747//624
f 698//575 747//624 746//623
f 699//576 700//577 748//625
f 699//576 748//625 747//624
f 700//577 701//578 749//626
f 700//577 749//626 748//625
f 701//578 655//6 703//580
f 701//578 703//580 749//626
f 703//580 702//579 750//627
f 703//580 750//627 751//628
f 702//579 704//581 752//629
f 702//579 752//629 750//627
f 704//581 705//582 753//630
f 704//581 753//630 752//629
f 705//582 706//583 754//631
f 705//582 754//631 753//630
f 706//583 707//584 755//632
f 706//583 755//632 754//631
f 707//584 708//585 756//633
f 707//584 756//633 755//632
f 708//585 709//586 757//634
f 708//585 757//634 756//633
f 709//586 710//587 758//635
f 709//586 758//635 757//634
f 710//587 711//588 759//636
f 710//587 759//636 758//635
f 711//588 712//589 760//637
f 711//588 760//637 759//636
f 712//589 713//590 761//638
f 712//589 761//638 760//637
f 713//590 714//591 762//639
f 713//590 762//639 761//638
f 714//591 715//592 763//640
f 714//591 763//640 762//639
f 715//592 716//593 764//641
f 715//592 764//641 763//640
f 716//593 717//594 765//642
f 716//593 765//642 764//641
f 717//594 718//595 766//643
f 717//594 766//643 765//642
f 718//595 719//596 767//644
f 718//595 767//644 766//643
f 719//596 720//597 768//645
f 719//596 768//645 767//644
f 720//597 721//598 769//646
f 720//597 769//646 768//645
f 721//598 722//599 770//647
f 721//598 770//647 769//646
f 722//599 723//600 771//648
f 722//599 771//648 770//647
f 723//600 724//601 772//649
f 723//600 772//649 771//648
f 724//601 725//602 773//650
f 724//601 773//650 772//649
f 725//602 726//603 774//651
f 725//602 774//651 773//650
f 726//603 727//604 775//652
f 726//603 775//652 774//651
f 727//604 728//605 776//653
f 727//604 776//653 775//652
f 728//605 729//606 777//654
f 728//605 777//654 776//653
f 729//606 730//607 778//655
f 729//606 778//655 777//654
f 730//607 731//608 779//656
f 730//607 779//656 778//655
f 731//608 732//609 780//657
f 731//608 780//657 779//656
f 732//609 733//610 781//658
f 732//609 781//658 780//657
f 733//610 734//611 782//659
f 733//610 782//659 781//658
f 734//611 735//612 783//660
f 734//611 783//660 782//659
f 735//612 736//613 784//661
f 735//612 784//661 783//660
f 736//613 737//614 785//662
f 736//613 785//662 784//661
f 737//614 738//615 786//663
f 737//614 786//663 785//662
f 738//615 739//616 787//664
f 738//615 787//664 786//663
f 739//616 740//617 788//665
f 739//616 788//665 787//664
f 740//617 741//618 789//666
f 740//617 789//666 788//665
f 741//618 742//619 790//667
f 741//618 790//667 789//666
f 742//619 743//620 791//668
f 742//619 791//668 790//667
f 743//620 744//621 792//669
f 743//620 792//669 791//668
f 744//621 745//622 793//670
f 744//621 793//670 792//669
f 745//622 746//623 794//671
f 745//622 794//671 793//670
f 746//623 747//624 795//672
f 746//623 795//672 794//671
f 747//624 748//625 796//673
f 747//624 796//673 795//672
f 748//625 749//626 797//674
f 748//625 797//674 796//673
f 749//626 703//580 751//628
f 749//626 751//628 797//674
f 751//628 750//627 798//675
f 751//628 798//675 799//676
f 750//627 752//629 800//677
f 750//627 800//677 798//675
f 752//629 753//630 801//678
f 752//629 801//678 800//677
f 753//630 754//631 802//679
f 753//630 802//679 801//678
f 754//631 755//632 803//680
f 754//631 803//680 802//679
f 755//632 756//633 804//681
f 755//632 804//681 803//680
f 756//633 757//634 805//682
f 756//633 805//682 804//681
f 757//634 758//635 806//683
f 757//634 806//683 805//682
f 758//635 759//636 807//684
f 758//635 807//684 806//683
f 759//636 760//637 808//685
f 759//636 808//685 807//684
f 760//637 761//638 809//686
f 760//637 809//686 808//685
f 761//638 762//639 810//687
f 761//638 810//687 809//686
f 762//639 763//640 811//688
f 762//639 811//688 810//687
f 763//640 764//641 812//689
f 763//640 812//689 811//688
f 764//641 765//642 813//690
f 764//641 813//690 812//689
f 765//642 766//643 814//691
f 765//642 814//691 813//690
f 766//643 767//644 815//692
f 766//643 815//692 814//691
f 767//644 768//645 816//693
f 767//644 816//693 815//692
f 768//645 769//646 817//694
f 768//645 817//694 816//693
f 769//646 770//647 818//695
f 769//646 818//695 817//694
f 770//647 771//648 819//696
f 770//647 819//696 818//695
f 771//648 772//649 820//697
f 771//648 820//697 819//696
f 772//649 773//650 821//698
f 772//649 821//698 820//697
f 773//650 774//651 822//699
f 773//650 822//699 821//698
f 774//651 775//652 823//700
f 774//651 823//700 822//699
f 775//652 776//653 824//701
f 775//652 824//701 823//700
f 776//653 777//654 825//702
f 776//653 825//702 824//701
f 777//654 778//655 826//703
f 777//654 826//703 825//702
f 778//655 779//656 827//704
f 778//655 827//704 826//703
f 779//656 780//657 828//705
f 779//656 828//705 827//704
f 780//657 781//658 829//706
f 780//657 829//706 828//705
f 781//658 782//659 830//707
f 781//658 830//707 829//706
f 782//659 783//660 831//708
f 782//659 831//708 830//707
f 783//660 784//661 832//709
f 783//660 832//709 831//708
f 784//661 785//662 833//710
f 784//661 833//710 832//709
f 785//662 786//663 834//711
f 785//662 834//711 833//710
f 786//663 787//664 835//712
f 786//663 835//712 834//711
f 787//664 788//665 836//713
f 787//664 836//713 835//712
f 788//665 789//666 837//714
f 788//665 837//714 836//713
f 789//666 790//667 838//715
f 789//666 838//715 837//714
f 790//667 791//668 839//716
f 790//667 839//716 838//715
f 791//668 792//669 840//717
f 791//668 840//717 839//716
f 792//669 793//670 841//718
f 792//669 841//718 840//717
f 793//670 794//671 842//719
f 793//670 842//719 841//718
f 794//671 795//672 843//720
f 794//671 843//720 842//719
f 795//672 796//673 844//721
f 795//672 844//721 843//720
f 796//673 797//674 845//722
f 796//673 845//722 844//721
f 797//674 751//628 799//676
f 797//674 799//676 845//722
f 799//676 798//675 846//723
f 799//676 846//723 847//724
f 798//675 800//677 848//725
f 798//675 848//725 846//723
f 800//677 801//678 849//726
f 800//677 849//726 848//725
f 801//678 802//679 850//727
f 801//678 850//727 849//726
f 802//679 803//680 851//728
f 802//679 851//728 850//727
f 803//680 804//681 852//729
f 803//680 852//729 851//728
f 804//681 805//682 853//730
f 804//681 853//730 852//729
f 805//682 806//683 854//731
f 805//682 854//731 853//730
f 806//683 807//684 855//732
f 806//683 855//732 854//731
f 807//684 808//685 856//733
f 807//684 856//733 855//732
f 808//685 809//686 857//734
f 808//685 857//734 856//733
f 809//686 810//687 858//735
f 809//686 858//735 857//734
f 810//687 811//688 859//736
f 810//687 859//736 858//735
f 811//688 812//689 860//737
f 811//688 860//737 859//736
f 812//689 813//690 861//738
f 812//689 861//738 860//737
f 813//690 814//691 862//739
f 813//690 862//739 861//738
f 814//691 815//692 863//740
f 814//691 863//740 862//739
f 815//692 816//693 864//741
f 815//692 864//741 863//740
f 816//693 817//694 865//742
f 816//693 865//742 864//741
f 817//694 818//695 866//743
f 817//694 866//743 865//742
f 818//695 819//696 867//744
f 818//695 867//744 866//743
f 819//696 820//697 868//745
f 819//696 868//745 867//744
f 820//697 821//698 869//746
f 820//697 869//746 868//745
f 821//698 822//699 870//747
f 821//698 870//747 869//746
f 822//699 823//700 871//748
f 822//699 871//748 870//747
f 823//700 824//701 872//749
f 823//700 872//749 871//748
f 824//701 825//702 873//750
f 824//701 873//750 872//749
f 825//702 826//703 874//751
f 825//702 874//751 873//750
f 826//703 827//704 875//752
f 826//703 875//752 874//751
f 827//704 828//705 876//753
f 827//704 876//753 875//752
f 828//705 829//706 877//754
f 828//705 877//754 876//753
f 829//706 830//707 878//755
f 829//706 878//755 877//754
f 830//707 831//708 879//756
f 830//707 879//756 878//755
f 831//708 832//709 880//757
f 831//708 880//757 879//756
f 832//709 833//710 881//758
f 832//709 881//758 880//757
f 833//710 834//711 882//759
f 833//710 882//759 881//758
f 834//711 835//712 883//760
f 834//711 883//760 882//759
f 835//712 836//713 884//761
f 835//712 884//761 883//760
f 836//713 837//714 885//762
f 836//713 885//762 884//761
f 837//714 838//715 886//763
f 837//714 886//763 885//762
f 838//715 839//716 887//764
f 838//715 887//764 886//763
f 839//716 840//717 888//765
f 839//716 888//765 887//764
f 840//717 841//718 889//766
f 840//717 889//766 888//765
f 841//718 842//719 890//767
f 841//718 890//767 889//766
f 842//719 843//720 891//768
f 842//719 891//768 890//767
f 843//720 844//721 892//769
f 843//720 892//769 891//768
f 844//721 845//722 893//770
f 844//721 893//770 892//769
f 845//722 799//676 847//724
f 845//722 847//724 893//770
f 847//724 846//723 894//771
f 847//724 894//771 895//772
f 846//723 848//725 896//773
f 846//723 896//773 894//771
f 848//725 849//726 897//774
f 848//725 897//774 896//773
f 849//726 850//727 898//775
f 849//726 898//775 897//774
f 850//727 851//728 899//776
f 850//727 899//776 898//775
f 851//728 852//729 900//777
f 851//728 900//777 899//776
f 852//729 853//730 901//778
f 852//729 901//778 900//777
f 853//730 854//731 902//779
f 853//730 902//779 901//778
f 854//731 855//732 903//780
f 854//731 903//780 902//779
f 855//732 856//733 904//781
f 855//732 904//781 903//780
f 856//733 857//734 905//782
f 856//733 905//782 904//781
f 857//734 858//735 906//783
f 857//734 906//783 905//782
f 858//735 859//736 907//784
f 858//735 907//784 906//783
f 859//736 860//737 908//785
f 859//736 908//785 907//784
f 860//737 861//738 909//786
f 860//737 909//786 908//785
f 861//738 862//739 910//787
f 861//738 910//787 909//786
f 862//739 863//740 911//788
f 862//739 911//788 910//787
f 863//740 864//741 912//789
f 863//740 912//789 911//788
f 864//741 865//742 913//790
f 864//741 913//790 912//789
f 865//742 866//743 914//791
f 865//742 914//791 913//790
f 866//743 867//744 915//792
f 866//743 915//792 914//791
f 867//744 868//745 916//793
f 867//744 916//793 915//792
f 868//745 869//746 917//794
f 868//745 917//794 916//793
f 869//746 870//747 918//795
f 869//746 918//795 917//794
f 870//747 871//748 919//796
f 870//747 919//796 918//795
f 871//748 872//749 920//797
f 871//748 920//797 919//796
f 872//749 873//750 921//798
f 872//749 921//798 920//797
f 873//750 874//751 922//799
f 873//750 922//799 921//798
f 874//751 875//752 923//800
f 874//751 923//800 922//799
f 875//752 876//753 924//801
f 875//752 924//801 923//800
f 876//753 877//754 925//802
f 876//753 925//802 924//801
f 877//754 878//755 926//803
f 877//754 926//803 925//802
f 878//755 879//756 927//804
f 878//755 927//804 926//803
f 879//756 880//757 928//805
f 879//756 928//805 927//804
f 880//757 881//758 929//806
f 880//757 929//806 928//805
f 881//758 882//759 930//807
f 881//758 930//807 929//806
f 882//759 883//760 931//808
f 882//759 931//808 930//807
f 883//760 884//761 932//809
f 883//760 932//809 931//808
f 884//761 885//762 933//810
f 884//761 933//810 932//809
f 885//762 886//763 934//811
f 885//762 934//811 933//810
f 886//763 887//764 935//812
f 886//763 935//812 934//811
f 887//764 888//765 936//813
f 887//764 936//813 935//812
f 888//765 889//766 937//814
f 888//765 937//814 936//813
f 889//766 890//767 938//815
f 889//766 938//815 937//814
f 890//767 891//768 939//816
f 890//767 939//816 938//815
f 891//768 892//769 940//817
f 891//768 940//817 939//816
f 892//769 893//770 941//818
f 892//769 941//818 940//817
f 893//770 847//724 895//772
f 893//770 895//772 941//818
f 895//772 894//771 942//819
f 895//772 942//819 943//820
f 894//771 896//773 944//821
f 894//771 944//821 942//819
f 896//773 897//774 945//822
f 896//773 945//822 944//821
f 897//774 898//775 946//823
f 897//774 946//823 945//822
f 898//775 899//776 947//824
f 898//775 947//824 946//823
f 899//776 900//777 948//825
f 899//776 948//825 947//824
f 900//777 901//778 949//826
f 900//777 949//826 948//825
f 901//778 902//779 950//827
f 901//778 950//827 949//826
f 902//779 903//780 951//828
f 902//779 951//828 950//827
f 903//780 904//781 952//829
f 903//780 952//829 951//828
f 904//781 905//782 953//830
f 904//781 953//830 952//829
f 905//782 906//783 954//831
f 905//782 954//831 953//830
f 906//783 907//784 955//832
f 906//783 955//832 954//831
f 907//784 908//785 956//833
f 907//784 956//833 955//832
f 908//785 909//786 957//834
f 908//785 957//834 956//833
f 909//786 910//787 958//835
f 909//786 958//835 957//834
f 910//787 911//788 959//836
f 910//787 959//836 958//835
f 911//788 912//789 960//837
f 911//788 960//837 959//836
f 912//789 913//790 961//838
f 912//789 961//838 960//837
f 913//790 914//791 962//839
f 913//790 962//839 961//838
f 914//791 915//792 963//840
f 914//791 963//840 962//839
f 915//792 916//793 964//841
f 915//792 964//841 963//840
f 916//793 917//794 965//842
f 916//793 965//842 964//841
f 917//794 918//795 966//843
f 917//794 966//843 965//842
f 918//795 919//796 967//844
f 918//795 967//844 966//843
f 919//796 920//797 968//845
f 919//796 968//845 967//844
f 920//797 921//798 969//846
f 920//797 969//846 968//845
f 921//798 922//799 970//847
f 921//798 970//847 969//846
f 922//799 923//800 971//848
f 922//799 971//848 970//847
f 923//800 924//801 972//849
f 923//800 972//849 971//848
f 924//801 925//802 973//850
f 924//801 973//850 972//849
f 925//802 926//803 974//851
f 925//802 974//851 973//850
f 926//803 927//804 975//852
f 926//803 975//852 974//851
f 927//804 928//805 976//853
f 927//804 976//853 975//852
f 928//805 929//806 977//854
f 928//805 977//854 976//853
f 929//806 930//807 978//855
f 929//806 978//855 977//854
f 930//807 931//808 979//856
f 930//807 979//856 978//855
f 931//808 932//809 980//857
f 931//808 980//857 979//856
f 932//809 933//810 981//858
f 932//809 981//858 980//857
f 933//810 934//811 982//859
f 933//810 982//859 981//858
f 934//811 935//812 983//860
f 934//811 983//860 982//859
f 935//812 936//813 984//861
f 935//812 984//861 983//860
f 936//813 937//814 985//862
f 936//813 985//862 984//861
f 937//814 938//815 986//863
f 937//814 986//863 985//862
f 938//815 939//816 987//864
f 938//815 987//864 986//863
f 939//816 940//817 988//865
f 939//816 988//865 987//864
f 940//817 941//818 989//866
f 940//817 989//866 988//865
f 941//818 895//772 943//820
f 941//818 943//820 989//866
f 943//820 942//819 990//867
f 943//820 990//867 991//868
f 942//819 944//821 992//869
f 942//819 992//869 990//867
f 944//821 945//822 993//870
f 944//821 993//870 992//869
f 945//822 946//823 994//871
f 945//822 994//871 993//870
f 946//823 947//824 995//872
f 946//823 995//872 994//871
f 947//824 948//825 996//873
f 947//824 996//873 995//872
f 948//825 949//826 997//874
f 948//825 997//874 996//873
f 949//826 950//827 998//875
f 949//826 998//875 997//874
f 950//827 951//828 999//876
f 950//827 999//876 998//875
f 951//828 952//829 1000//877
f 951//828 1000//877 999//876
f 952//829 953//830 1001//878
f 952//829 1001//878 1000//877
f 953//830 954//831 1002//879
f 953//830 1002//879 1001//878
f 954//831 955//832 1003//880
f 954//831 1003//880 1002//879
f 955//832 956//833 1004//881
f 955//832 1004//881 1003//880
f 956//833 957//834 1005//882
f 956//833 1005//882 1004//881
f 957//834 958//835 1006//883
f 957//834 1006//883 1005//882
f 958//835 959//836 1007//884
f 958//835 1007//884 1006//883
f 959//836 960//837 1008//885
f 959//836 1008//885 1007//884
f 960//837 961//838 1009//886
f 960//837 1009//886 1008//885
f 961//838 962//839 1010//887
f 961//838 1010//887 1009//886
f 962//839 963//840 1011//888
f 962//839 1011//888 1010//887
f 963//840 964//841 1012//889
f 963//840 1012//889 1011//888
f 964//841 965//842 1013//890
f 964//841 1013//890 1012//889
f 965//842 966//843 1014//891
f 965//842 1014//891 1013//890
f 966//843 967//844 1015//892
f 966//843 1015//892 1014//891
f 967//844 968//845 1016//893
f 967//844 1016//893 1015//892
f 968//845 969//846 1017//894
f 968//845 1017//894 1016//893
f 969//846 970//847 1018//895
f 969//846 1018//895 1017//894
f 970//847 971//848 1019//896
f 970//847 1019//896 1018//895
f 971//848 972//849 1020//897
f 971//848 1020//897 1019//896
f 972//849 973//850 1021//898
f 972//849 1021//898 1020//897
f 973//850 974//851 1022//899
f 973//850 1022//899 1021//898
f 974//851 975//852 1023//900
f 974//851 1023//900 1022//899
f 975//852 976//853 1024//901
f 975//852 1024//901 1023//900
f 976//853 977//854 1025//902
f 976//853 1025//902 1024//901
f 977//854 978//855 1026//903
f 977//854 1026//903 1025//902
f 978//855 979//856 1027//904
f 978//855 1027//904 1026//903
f 979//856 980//857 1028//905
f 979//856 1028//905 1027//904
f 980//857 981//858 1029//906
f 980//857 1029//906 1028//905
f 981//858 982//859 1030//907
f 981//858 1030//907 1029//906
f 982//859 983//860 1031//908
f 982//859 1031//908 1030//907
f 983//860 984//861 1032//909
f 983//860 1032//909 1031//908
f 984//861 985//862 1033//910
f 984//861 1033//910 1032//909
f 985//862 986//863 1034//911
f 985//862 1034//911 1033//910
f 986//863 987//864 1035//912
f 986//863 1035//912 1034//911
f 987//864 988//865 1036//913
f 987//864 1036//913 1035//912
f 988//865 989//866 1037//914
f 988//865 1037//914 1036//913
f 989//866 943//820 991//868
f 989//866 991//868 1037//914
f 991//868 990//867 1038//915
f 991//868 1038//915 1039//916
f 990//867 992//869 1040//917
f 990//867 1040//917 1038//915
f 992//869 993//870 1041//918
f 992//869 1041//918 1040//917
f 993//870 994//871 1042//919
f 993//870 1042//919 1041//918
f 994//871 995//872 1043//920
f 994//871 1043//920 1042//919
f 995//872 996//873 1044//921
f 995//872 1044//921 1043//920
f 996//873 997//874 1045//922
f 996//873 1045//922 1044//921
f 997//874 998//875 1046//923
f 997//874 1046//923 1045//922
f 998//875 999//876 1047//924
f 998//875 1047//924 1046//923
f 999//876 1000//877 1048//925
f 999//876 1048//925 1047//924
f 1000//877 1001//878 1049//926
f 1000//877 1049//926 1048//925
f 1001//878 1002//879 1050//927
f 1001//878 1050//927 1049//926
f 1002//879 1003//880 1051//928
f 1002//879 1051//928 1050//927
f 1003//880 1004//881 1052//929
f 1003//880 1052//929 1051//928
f 1004//881 1005//882 1053//930
f 1004//881 1053//930 1052//929
f 1005//882 1006//883 1054//931
f 1005//882 1054//931 1053//930
f 1006//883 1007//884 1055//932
f 1006//883 1055//932 1054//931
f 1007//884 1008//885 1056//933
f 1007//884 1056//933 1055//932
f 1008//885 1009//886 1057//934
f 1008//885 1057//934 1056//933
f 1009//886 1010//887 1058//935
f 1009//886 1058//935 1057//934
f 1010//887 1011//888 1059//936
f 1010//887 1059//936 1058//935
f 1011//888 1012//889 1060//937
f 1011//888 1060//937 1059//936
f 1012//889 1013//890 1061//938
f 1012//889 1061//938 1060//937
f 1013//890 1014//891 1062//939
f 1013//890 1062//939 1061//938
f 1014//891 1015//892 1063//940
f 1014//891 1063//940 1062//939
f 1015//892 1016//893 1064//941
f 1015//892 1064//941 1063//940
f 1016//893 1017//894 1065//942
f 1016//893 1065//942 1064//941
f 1017//894 1018//895 1066//943
f 1017//894 1066//943 1065//942
f 1018//895 1019//896 1067//944
f 1018//895 1067//944 1066//943
f 1019//896 1020//897 1068//945
f 1019//896 1068//945 1067//944
f 1020//897 1021//898 1069//946
f 1020//897 1069//946 1068//945
f 1021//898 1022//899 1070//947
f 1021//898 1070//947 1069//946
f 1022//899 1023//900 1071//948
f 1022//899 1071//948 1070//947
f 1023//900 1024//901 1072//949
f 1023//900 1072//949 1071//948
f 1024//901 1025//902 1073//950
f 1024//901 1073//950 1072//949
f 1025//902 1026//903 1074//951
f 1025//902 1074//951 1073//950
f 1026//903 1027//904 1075//952
f 1026//903 1075//952 1074//951
f 1027//904 1028//905 1076//953
f 1027//904 1076//953 1075//952
f 1028//905 1029//906 1077//954
f 1028//905 1077//954 1076//953
f 1029//906 1030//907 1078//955
f 1029//906 1078//955 1077//954
f 1030//907 1031//908 1079//956
f 1030//907 1079//956 1078//955
f 1031//908 1032//909 1080//957
f 1031//908 1080//957 1079//956
f 1032//909 1033//910 1081//958
f 1032//909 1081//958 1080//957
f 1033//910 1034//911 1082//959
f 1033//910 1082//959 1081//958
f 1034//911 1035//912 1083//960
f 1034//911 1083//960 1082//959
f 1035//912 1036//913 1084//961
f 1035//912 1084//961 1083//960
f 1036//913 1037//914 1085//962
f 1036//913 1085//962 1084//961
f 1037//914 991//868 1039//916
f 1037//914 1039//916 1085//962
f 1039//916 1038//915 1086//963
f 1039//916 1086//963 1087//964
f 1038//915 1040//917 1088//965
f 1038//915 1088//965 1086//963
f 1040//917 1041//918 1089//966
f 1040//917 1089//966 1088//965
f 1041//918 1042//919 1090//967
f 1041//918 1090//967 1089//966
f 1042//919 1043//920 1091//968
f 1042//919 1091//968 1090//967
f 1043//920 1044//921 1092//969
f 1043//920 1092//969 1091//968
f 1044//921 1045//922 1093//970
f 1044//921 1093//970 1092//969
f 1045//922 1046//923 1094//971
f 1045//922 1094//971 1093//970
f 1046//923 1047//924 1095//972
f 1046//923 1095//972 1094//971
f 1047//924 1048//925 1096//973
f 1047//924 1096//973 1095//972
f 1048//925 1049//926 1097//974
f 1048//925 1097//974 1096//973
f 1049//926 1050//927 1098//975
f 1049//926 1098//975 1097//974
f 1050//927 1051//928 1099//976
f 1050//927 1099//976 1098//975
f 1051//928 1052//929 1100//977
f 1051//928 1100//977 1099//976
f 1052//929 1053//930 1101//978
f 1052//929 1101//978 1100//977
f 1053//930 1054//931 1102//979
f 1053//930 1102//979 1101//978
f 1054//931 1055//932 1103//980
f 1054//931 1103//980 1102//979
f 1055//932 1056//933 1104//981
f 1055//932 1104//981 1103//980
f 1056//933 1057//934 1105//982
f 1056//933 1105//982 1104//981
f 1057//934 1058//935 1106//983
f 1057//934 1106//983 1105//982
f 1058//935 1059//936 1107//984
f 1058//935 1107//984 1106//983
f 1059//936 1060//937 1108//985
f 1059//936 1108//985 1107//984
f 1060//937 1061//938 1109//986
f 1060//937 1109//986 1108//985
f 1061//938 1062//939 1110//987
f 1061//938 1110//987 1109//986
f 1062//939 1063//940 1111//988
f 1062//939 1111//988 1110//987
f 1063//940 1064//941 1112//989
f 1063//940 1112//989 1111//988
f 1064//941 1065//942 1113//990
f 1064//941 1113//990 1112//989
f 1065//942 1066//943 1114//991
f 1065//942 1114//991 1113//990
f 1066//943 1067//944 1115//992
f 1066//943 1115//992 1114//991
f 1067//944 1068//945 1116//993
f 1067//944 1116//993 1115//992
f 1068//945 1069//946 1117//994
f 1068//945 1117//994 1116//993
f 1069//946 1070//947 1118//995
f 1069//946 1118//995 1117//994
f 1070//947 1071//948 1119//996
f 1070//947 1119//996 1118//995
f 1071//948 1072//949 1120//997
f 1071//948 1120//997 1119//996
f 1072//949 1073//950 1121//998
f 1072//949 1121//998 1120//997
f 1073//950 1074//951 1122//999
f 1073//950 1122//999 1121//998
f 1074//951 1075//952 1123//1000
f 1074//951 1123//1000 1122//999
f 1075//952 1076//953 1124//1001
f 1075//952 1124//1001 1123//1000
f 1076//953 1077//954 1125//1002
f 1076//953 1125//1002 1124//1001
f 1077//954 1078//955 1126//1003
f 1077//954 1126//1003 1125//1002
f 1078//955 1079//956 1127//1004
f 1078//955 1127//1004 1126//1003
f 1079//956 1080//957 1128//1005
f 1079//956 1128//1005 1127//1004
f 1080//957 1081//958 1129//1006
f 1080//957 1129//1006 1128//1005
f 1081//958 1082//959 1130//1007
f 1081//958 1130//1007 1129//1006
f 1082//959 1083//960 1131//1008
f 1082//959 1131//1008 1130//1007
f 1083//960 1084//961 1132//1009
f 1083//960 1132//1009 1131//1008
f 1084//961 1085//962 1133//1010
f 1084//961 1133//1010 1132//1009
f 1085//962 1039//916 1087//964
f 1085//962 1087//964 1133//1010
f 1087//964 1086//963 1134//1011
f 1087//964 1134//1011 1135//1012
f 1086//963 1088//965 1136//1013
f 1086//963 1136//1013 1134//1011
f 1088//965 1089//966 1137//1014
f 1088//965 1137//1014 1136//1013
f 1089//966 1090//967 1138//1015
f 1089//966 1138//1015 1137//1014
f 1090//967 1091//968 1139//1016
f 1090//967 1139//1016 1138//1015
f 1091//968 1092//969 1140//1017
f 1091//968 1140//1017 1139//1016
f 1092//969 1093//970 1141//1018
f 1092//969 1141//1018 1140//1017
f 1093//970 1094//971 1142//1019
f 1093//970 1142//1019 1141//1018
f 1094//971 1095//972 1143//1020
f 1094//971 1143//1020 1142//1019
f 1095//972 1096//973 1144//1021
f 1095//972 1144//1021 1143//1020
f 1096//973 1097//974 1145//1022
f 1096//973 1145//1022 1144//1021
f 1097//974 1098//975 1146//1023
f 1097//974 1146//1023 1145//1022
f 1098//975 1099//976 1147//1024
f 1098//975 1147//1024 1146//1023
f 1099//976 1100//977 1148//1025
f 1099//976 1148//1025 1147//1024
f 1100//977 1101//978 1149//1026
f 1100//977 1149//1026 1148//1025
f 1101//978 1102//979 1150//1027
f 1101//978 1150//1027 1149//1026
f 1102//979 1103//980 1151//1028
f 1102//979 1151//1028 1150//1027
f 1103//980 1104//981 1152//1029
f 1103//980 1152//1029 1151//1028
f 1104//981 1105//982 1153//1030
f 1104//981 1153//1030 1152//1029
f 1105//982 1106//983 1154//1031
f 1105//982 1154//1031 1153//1030
f 1106//983 1107//984 1155//1032
f 1106//983 1155//1032 1154//1031
f 1107//984 1108//985 1156//1033
f 1107//984 1156//1033 1155//1032
f 1108//985 1109//986 1157//1034
f 1108//985 1157//1034 1156//1033
f 1109//986 1110//987 1158//1035
f 1109//986 1158//1035 1157//1034
f 1110//987 1111//988 1159//1036
f 1110//987 1159//1036 1158//1035
f 1111//988 1112//989 1160//1037
f 1111//988 1160//1037 1159//1036
f 1112//989 1113//990 1161//1038
f 1112//989 1161//1038 1160//1037
f 1113//990 1114//991 1162//1039
f 1113//990 1162//1039 1161//1038
f 1114//991 1115//992 1163//1040
f 1114//991 1163//1040 1162//1039
f 1115//992 1116//993 1164//1041
f 1115//992 1164//1041 1163//1040
f 1116//993 1117//994 1165//1042
f 1116//993 1165//1042 1164//1041
f 1117//994 1118//995 1166//1043
f 1117//994 1166//1043 1165//1042
f 1118//995 1119//996 1167//1044
f 1118//995 1167//1044 1166//1043
f 1119//996 1120//997 1168//1045
f 1119//996 1168//1045 1167//1044
f 1120//997 1121//998 1169//1046
f 1120//997 1169//1046 1168//1045
f 1121//998 1122//999 1170//1047
f 1121//998 1170//1047 1169//1046
f 1122//999 1123//1000 1171//1048
f 1122//999 1171//1048 1170//1047
f 1123//1000 1124//1001 1172//1049
f 1123//1000 1172//1049 1171//1048
f 1124//1001 1125//1002 1173//1050
f 1124//1001 1173//1050 1172//1049
f 1125//1002 1126//1003 1174//1051
f 1125//1002 1174//1051 1173//1050
f 1126//1003 1127//1004 1175//1052
f 1126//1003 1175//1052 1174//1051
f 1127//1004 1128//1005 1176//1053
f 1127//1004 1176//1053 1175//1052
f 1128//1005 1129//1006 1177//1054
f 1128//1005 1177//1054 1176//1053
f 1129//1006 1130//1007 1178//1055
f 1129//1006 1178//1055 1177//1054
f 1130//1007 1131//1008 1179//1056
f 1130//1007 1179//1056 1178//1055
f 1131//1008 1132//1009 1180//1057
f 1131//1008 1180//1057 1179//1056
f 1132//1009 1133//1010 1181//1058
f 1132//1009 1181//1058 1180//1057
f 1133//1010 1087//964 1135//1012
f 1133//1010 1135//1012 1181//1058
f 1135//1012 1134//1011 1182//1059
f 1135//1012 1182//1059 1183//1060
f 1134//1011 1136//1013 1184//1061
f 1134//1011 1184//1061 1182//1059
f 1136//1013 1137//1014 1185//1062
f 1136//1013 1185//1062 1184//1061
f 1137//1014 1138//1015 1186//1063
f 1137//1014 1186//1063 1185//1062
f 1138//1015 1139//1016 1187//1064
f 1138//1015 1187//1064 1186//1063
f 1139//1016 1140//1017 1188//1065
f 1139//1016 1188//1065 1187//1064
f 1140//1017 1141//1018 1189//1066
f 1140//1017 1189//1066 1188//1065
f 1141//1018 1142//1019 1190//1067
f 1141//1018 1190//1067 1189//1066
f 1142//1019 1143//1020 1191//1068
f 1142//1019 1191//1068 1190//1067
f 1143//1020 1144//1021 1192//1069
f 1143//1020 1192//1069 1191//1068
f 1144//1021 1145//1022 1193//1070
f 1144//1021 1193//1070 1192//1069
f 1145//1022 1146//1023 1194//1071
f 1145//1022 1194//1071 1193//1070
f 1146//1023 1147//1024 1195//1072
f 1146//1023 1195//1072 1194//1071
f 1147//1024 1148//1025 1196//1073
f 1147//1024 1196//1073 1195//1072
f 1148//1025 1149//1026 1197//1074
f 1148//1025 1197//1074 1196//1073
f 1149//1026 1150//1027 1198//1075
f 1149//1026 1198//1075 1197//1074
f 1150//1027 1151//1028 1199//1076
f 1150//1027 1199//1076 1198//1075
f 1151//1028 1152//1029 1200//1077
f 1151//1028 1200//1077 1199//1076
f 1152//1029 1153//1030 1201//1078
f 1152//1029 1201//1078 1200//1077
f 1153//1030 1154//1031 1202//1079
f 1153//1030 1202//1079 1201//1078
f 1154//1031 1155//1032 1203//1080
f 1154//1031 1203//1080 1202//1079
f 1155//1032 1156//1033 1204//1081
f 1155//1032 1204//1081 1203//1080
f 1156//1033 1157//1034 1205//1082
f 1156//1033 1205//1082 1204//1081
f 1157//1034 1158//1035 1206//1083
f 1157//1034 1206//1083 1205//1082
f 1158//1035 1159//1036 1207//1084
f 1158//1035 1207//1084 1206//1083
f 1159//1036 1160//1037 1208//1085
f 1159//1036 1208//1085 1207//1084
f 1160//1037 1161//1038 1209//1086
f 1160//1037 1209//1086 1208//1085
f 1161//1038 1162//1039 1210//1087
f 1161//1038 1210//1087 1209//1086
f 1162//1039 1163//1040 1211//1088
f 1162//1039 1211//1088 1210//1087
f 1163//1040 1164//1041 1212//1089
f 1163//1040 1212//1089 1211//1088
f 1164//1041 1165//1042 1213//1090
f 1164//1041 1213//1090 1212//1089
f 1165//1042 1166//1043 1214//1091
f 1165//1042 1214//1091 1213//1090
f 1166//1043 1167//1044 1215//1092
f 1166//1043 1215//1092 1214//1091
f 1167//1044 1168//1045 1216//1093
f 1167//1044 1216//1093 1215//1092
f 1168//1045 1169//1046 1217//1094
f 1168//1045 1217//1094 1216//1093
f 1169//1046 1170//1047 1218//1095
f 1169//1046 1218//1095 1217//1094
f 1170//1047 1171//1048 1219//1096
f 1170//1047 1219//1096 1218//1095
f 1171//1048 1172//1049 1220//1097
f 1171//1048 1220//1097 1219//1096
f 1172//1049 1173//1050 1221//1098
f 1172//1049 1221//1098 1220//1097
f 1173//1050 1174//1051 1222//1099
f 1173//1050 1222//1099 1221//1098
f 1174//1051 1175//1052 1223//1100
f 1174//1051 1223//1100 1222//1099
f 1175//1052 1176//1053 1224//1101
f 1175//1052 1224//1101 1223//1100
f 1176//1053 1177//1054 1225//1102
f 1176//1053 1225//1102 1224//1101
f 1177//1054 1178//1055 1226//1103
f 1177//1054 1226//1103 1225//1102
f 1178//1055 1179//1056 1227//1104
f 1178//1055 1227//1104 1226//1103
f 1179//1056 1180//1057 1228//1105
f 1179//1056 1228//1105 1227//1104
f 1180//1057 1181//1058 1229//1106
f 1180//1057 1229//1106 1228//1105
f 1181//1058 1135//1012 1183//1060
f 1181//1058 1183//1060 1229//1106
f 1183//1060 1182//1059 1230//2
f 1182//1059 1184//1061 1230//2
f 1184//1061 1185//1062 1230//2
f 1185//1062 1186//1063 1230//2
f 1186//1063 1187//1064 1230//2
f 1187//1064 1188//1065 1230//2
f 1188//1065 1189//1066 1230//2
f 1189//1066 1190//1067 1230//2
f 1190//1067 1191//1068 1230//2
f 1191//1068 1192//1069 1230//2
f 1192//1069 1193//1070 1230//2
f 1193//1070 1194//1071 1230//2
f 1194//1071 1195//1072 1230//2
f 1195//1072 1196//1073 1230//2
f 1196//1073 1197//1074 1230//2
f 1197//1074 1198//1075 1230//2
f 1198//1075 1199//1076 1230//2
f 1199//1076 1200//1077 1230//2
f 1200//1077 1201//1078 1230//2
f 1201//1078 1202//1079 1230//2
f 1202//1079 1203//1080 1230//2
f 1203//1080 1204//1081 1230//2
f 1204//1081 1205//1082 1230//2
f 1205//1082 1206//1083 1230//2
f 1206//1083 1207//1084 1230//2
f 1207//1084 1208//1085 1230//2
f 1208//1085 1209//1086 1230//2
f 1209//1086 1210//1087 1230//2
f 1210//1087 1211//1088 1230//2
f 1211//1088 1212//1089 1230//2
f 1212//1089 1213//1090 1230//2
f 1213//1090 1214//1091 1230//2
f 1214//1091 1215//1092 1230//2
f 1215//1092 1216//1093 1230//2
f 1216//1093 1217//1094 1230//2
f 1217//1094 1218//1095 1230//2
f 1218//1095 1219//1096 1230//2
f 1219//1096 1220//1097 1230//2
f 1220//1097 1221//1098 1230//2
f 1221//1098 1222//1099 1230//2
f 1222//1099 1223//1100 1230//2
f 1223//1100 1224//1101 1230//2
f 1224//1101 1225//1102 1230//2
f 1225//1102 1226//1103 1230//2
f 1226//1103 1227//1104 1230//2
f 1227//1104 1228//1105 1230//2
f 1228//1105 1229//1106 1230//2
f 1229//1106 1183//1060 1230//2
usemtl chalk
f 1231//1 1232//7 1233//8
f 1231//1 1234//9 1232//7
f 1231//1 1235//10 1234//9
f 1231//1 1236//11 1235//10
f 1231//1 1237//12 1236//11
f 1231//1 1238//13 1237//12
f 1231//1 1239//14 1238//13
f 1231//1 1240//15 1239//14
f 1231//1 1241//16 1240//15
f 1231//1 1242//17 1241//16
f 1231//1 1243//18 1242//17
f 1231//1 1244//19 1243//18
f 1231//1 1245//20 1244//19
f 1231//1 1246//21 1245//20
f 1231//1 1247//22 1246//21
f 1231//1 1248//23 1247//22
f 1231//1 1249//24 1248//23
f 1231//1 1250//25 1249//24
f 1231//1 1251//26 1250//25
f 1231//1 1252//27 1251//26
f 1231//1 1253//28 1252//27
f 1231//1 1254//29 1253//28
f 1231//1 1255//30 1254//29
f 1231//1 1256//31 1255//30
f 1231//1 1257//32 1256//31
f 1231//1 1258//33 1257//32
f 1231//1 1259//34 1258//33
f 1231//1 1260//35 1259//34
f 1231//1 1261//36 1260//35
f 1231//1 1262//37 1261//36
f 1231//1 1263//38 1262//37
f 1231//1 1264//39 1263//38
f 1231//1 1265//40 1264//39
f 1231//1 1266//41 1265//40
f 1231//1 1267//42 1266//41
f 1231//1 1268//43 1267//42
f 1231//1 1269//44 1268//43
f 1231//1 1270//45 1269//44
f 1231//1 1271//46 1270//45
f 1231//1 1272//47 1271//46
f 1231//1 1273//48 1272//47
f 1231//1 1274//49 1273//48
f 1231//1 1275//50 1274//49
f 1231//1 1276//51 1275//50
f 1231//1 1277//52 1276//51
f 1231//1 1278//53 1277//52
f 1231//1 1279//54 1278//53
f 1231//1 1233//8 1279//54
f 1233//8 1232//7 1280//55
f 1233//8 1280//55 1281//56
f 1232//7 1234//9 1282//57
f 1232//7 1282//57 1280//55
f 1234//9 1235//10 1283//58
f 1234//9 1283//58 1282//57
f 1235//10 1236//11 1284//59
f 1235//10 1284//59 1283//58
f 1236//11 1237//12 1285//60
f 1236//11 1285//60 1284//59
f 1237//12 1238//13 1286//61
f 1237//12 1286//61 1285//60
f 1238//13 1239//14 1287//62
f 1238//13 1287//62 1286//61
f 1239//14 1240//15 1288//63
f 1239//14 1288//63 1287//62
f 1240//15 1241//16 1289//64
f 1240//15 1289//64 1288//63
f 1241//16 1242//17 1290//65
f 1241//16 1290//65 1289//64
f 1242//17 1243//18 1291//66
f 1242//17 1291//66 1290//65
f 1243//18 1244//19 1292//67
f 1243//18 1292//67 1291//66
f 1244//19 1245//20 1293//68
f 1244//19 1293//68 1292//67
f 1245//20 1246//21 1294//69
f 1245//20 1294//69 1293//68
f 1246//21 1247//22 1295//70
f 1246//21 1295//70 1294//69
f 1247//22 1248//23 1296//71
f 1247//22 1296//71 1295//70
f 1248//23 1249//24 1297//72
f 1248//23 1297//72 1296//71
f 1249//24 1250//25 1298//73
f 1249//24 1298//73 1297//72
f 1250//25 1251//26 1299//74
f 1250//25 1299//74 1298//73
f 1251//26 1252//27 1300//75
f 1251//26 1300//75 1299//74
f 1252//27 1253//28 1301//76
f 1252//27 1301//76 1300//75
f 1253//28 1254//29 1302//77
f 1253//28 1302//77 1301//76
f 1254//29 1255//30 1303//78
f 1254//29 1303//78 1302//77
f 1255//30 1256//31 1304//79
f 1255//30 1304//79 1303//78
f 1256//31 1257//32 1305//80
f 1256//31 1305//80 1304//79
f 1257//32 1258//33 1306//81
f 1257//32 1306//81 1305//80
f 1258//33 1259//34 1307//82
f 1258//33 1307//82 1306//81
f 1259//34 1260//35 1308//83
f 1259//34 1308//83 1307//82
f 1260//35 1261//36 1309//84
f 1260//35 1309//84 1308//83
f 1261//36 1262//37 1310//85
f 1261//36 1310//85 1309//84
f 1262//37 1263//38 1311//86
f 1262//37 1311//86 1310//85
f 1263//38 1264//39 1312//87
f 1263//38 1312//87 1311//86
f 1264//39 1265//40 1313//88
f 1264//39 1313//88 1312//87
f 1265//40 1266//41 1314//89
f 1265//40 1314//89 1313//88
f 1266//41 1267//42 1315//90
f 1266//41 1315//90 1314//89
f 1267//42 1268//43 1316//91
f 1267//42 1316//91 1315//90
f 1268//43 1269//44 1317//92
f 1268//43 1317//92 1316//91
f 1269//44 1270//45 1318//93
f 1269//44 1318//93 1317//92
f 1270//45 1271//46 1319//94
f 1270//45 1319//94 1318//93
f 1271//46 1272//47 1320//95
f 1271//46 1320//95 1319//94
f 1272//47 1273//48 1321//96
f 1272//47 1321//96 1320//95
f 1273//48 1274//49 1322//97
f 1273//48 1322//97 1321//96
f 1274//49 1275//50 1323//98
f 1274//49 1323//98 1322//97
f 1275//50 1276//51 1324//99
f 1275//50 1324//99 1323//98
f 1276//51 1277//52 1325//100
f 1276//51 1325//100 1324//99
f 1277//52 1278//53 1326//101
f 1277//52 1326//101 1325//100
f 1278//53 1279//54 1327//102
f 1278//53 1327//102 1326//101
f 1279//54 1233//8 1281//56
f 1279//54 1281//56 1327//102
f 1281//56 1280//55 1328//103
f 1281//56 1328//103 1329//104
f 1280//55 1282//57 1330//105
f 1280//55 1330//105 1328//103
f 1282//57 1283//58 1331//106
f 1282//57 1331//106 1330//105
f 1283//58 1284//59 1332//107
f 1283//58 1332//107 1331//106
f 1284//59 1285//60 1333//108
f 1284//59 1333//108 1332//107
f 1285//60 1286//61 1334//109
f 1285//60 1334//109 1333//108
f 1286//61 1287//62 1335//110
f 1286//61 1335//110 1334//109
f 1287//62 1288//63 1336//111
f 1287//62 1336//111 1335//110
f 1288//63 1289//64 1337//112
f 1288//63 1337//112 1336//111
f 1289//64 1290//65 1338//113
f 1289//64 1338//113 1337//112
f 1290//65 1291//66 1339//114
f 1290//65 1339//114 1338//113
f 1291//66 1292//67 1340//115
f 1291//66 1340//115 1339//114
f 1292//67 1293//68 1341//116
f 1292//67 1341//116 1340//115
f 1293//68 1294//69 1342//117
f 1293//68 1342//117 1341//116
f 1294//69 1295//70 1343//118
f 1294//69 1343//118 1342//117
f 1295//70 1296//71 1344//119
f 1295//70 1344//119 1343//118
f 1296//71 1297//72 1345//120
f 1296//71 1345//120 1344//119
f 1297//72 1298//73 1346//121
f 1297//72 1346//121 1345//120
f 1298//73 1299//74 1347//122
f 1298//73 1347//122 1346//121
f 1299//74 1300//75 1348//123
f 1299//74 1348//123 1347//122
f 1300//75 1301//76 1349//124
f 1300//75 1349//124 1348//123
f 1301//76 1302//77 1350//125
f 1301//76 1350//125 1349//124
f 1302//77 1303//78 1351//126
f 1302//77 1351//126 1350//125
f 1303//78 1304//79 1352//127
f 1303//78 1352//127 1351//126
f 1304//79 1305//80 1353//128
f 1304//79 1353//128 1352//127
f 1305//80 1306//81 1354//129
f 1305//80 1354//129 1353//128
f 1306//81 1307//82 1355//130
f 1306//81 1355//130 1354//129
f 1307//82 1308//83 1356//131
f 1307//82 1356//131 1355//130
f 1308//83 1309//84 1357//132
f 1308//83 1357//132 1356//131
f 1309//84 1310//85 1358//133
f 1309//84 1358//133 1357//132
f 1310//85 1311//86 1359//134
f 1310//85 1359//134 1358//133
f 1311//86 1312//87 1360//135
f 1311//86 1360//135 1359//134
f 1312//87 1313//88 1361//136
f 1312//87 1361//136 1360//135
f 1313//88 1314//89 1362//137
f 1313//88 1362//137 1361//136
f 1314//89 1315//90 1363//138
f 1314//89 1363//138 1362//137
f 1315//90 1316//91 1364//139
f 1315//90 1364//139 1363//138
f 1316//91 1317//92 1365//140
f 1316//91 1365//140 1364//139
f 1317//92 1318//93 1366//141
f 1317//92 1366//141 1365//140
f 1318//93 1319//94 1367//142
f 1318//93 1367//142 1366//141
f 1319//94 1320//95 1368//143
f 1319//94 1368//143 1367//142
f 1320//95 1321//96 1369//144
f 1320//95 1369//144 1368//143
f 1321//96 1322//97 1370//145
f 1321//96 1370//145 1369//144
f 1322//97 1323//98 1371//146
f 1322//97 1371//146 1370//145
f 1323//98 1324//99 1372//147
f 1323//98 1372//147 1371//146
f 1324//99 1325//100 1373//148
f 1324//99 1373//148 1372//147
f 1325//100 1326//101 1374//149
f 1325//100 1374//149 1373//148
f 1326//101 1327//102 1375//150
f 1326//101 1375//150 1374//149
f 1327//102 1281//56 1329//104
f 1327//102 1329//104 1375//150
f 1329//104 1328//103 1376//151
f 1329//104 1376//151 1377//152
f 1328//103 1330//105 1378//153
f 1328//103 1378//153 1376//151
f 1330//105 1331//106 1379//154
f 1330//105 1379//154 1378//153
f 1331//106 1332//107 1380//155
f 1331//106 1380//155 1379//154
f 1332//107 1333//108 1381//156
f 1332//107 1381//156 1380//155
f 1333//108 1334//109 1382//157
f 1333//108 1382//157 1381//156
f 1334//109 1335//110 1383//158
f 1334//109 1383//158 1382//157
f 1335//110 1336//111 1384//159
f 1335//110 1384//159 1383//158
f 1336//111 1337//112 1385//160
f 1336//111 1385//160 1384//159
f 1337//112 1338//113 1386//161
f 1337//112 1386//161 1385//160
f 1338//113 1339//114 1387//162
f 1338//113 1387//162 1386//161
f 1339//114 1340//115 1388//163
f 1339//114 1388//163 1387//162
f 1340//115 1341//116 1389//164
f 1340//115 1389//164 1388//163
f 1341//116 1342//117 1390//165
f 1341//116 1390//165 1389//164
f 1342//117 1343//118 1391//166
f 1342//117 1391//166 1390//165
f 1343//118 1344//119 1392//167
f 1343//118 1392//167 1391//166
f 1344//119 1345//120 1393//168
f 1344//119 1393//168 1392//167
f 1345//120 1346//121 1394//169
f 1345//120 1394//169 1393//168
f 1346//121 1347//122 1395//170
f 1346//121 1395//170 1394//169
f 1347//122 1348//123 1396//171
f 1347//122 1396//171 1395//170
f 1348//123 1349//124 1397//172
f 1348//123 1397//172 1396//171
f 1349//124 1350//125 1398//173
f 1349//124 1398//173 1397//172
f 1350//125 1351//126 1399//174
f 1350//125 1399//174 1398//173
f 1351//126 1352//127 1400//175
f 1351//126 1400//175 1399//174
f 1352//127 1353//128 1401//176
f 1352//127 1401//176 1400//175
f 1353//128 1354//129 1402//177
f 1353//128 1402//177 1401//176
f 1354//129 1355//130 1403//178
f 1354//129 1403//178 1402//177
f 1355//130 1356//131 1404//179
f 1355//130 1404//179 1403//178
f 1356//131 1357//132 1405//180
f 1356//131 1405//180 1404//179
f 1357//132 1358//133 1406//181
f 1357//132 1406//181 1405//180
f 1358//133 1359//134 1407//182
f 1358//133 1407//182 1406//181
f 1359//134 1360//135 1408//183
f 1359//134 1408//183 1407//182
f 1360//135 1361//136 1409//184
f 1360//135 1409//184 1408//183
f 1361//136 1362//137 1410//185
f 1361//136 1410//185 1409//184
f 1362//137 1363//138 1411//186
f 1362//137 1411//186 1410//185
f 1363//138 1364//139 1412//187
f 1363//138 1412//187 1411//186
f 1364//139 1365//140 1413//188
f 1364//139 1413//188 1412//187
f 1365//140 1366//141 1414//189
f 1365//140 1414//189 1413//188
f 1366//141 1367//142 1415//190
f 1366//141 1415//190 1414//189
f 1367//142 1368//143 1416//191
f 1367//142 1416//191 1415//190
f 1368//143 1369//144 1417//192
f 1368//143 1417//192 1416//191
f 1369//144 1370//145 1418//193
f 1369//144 1418//193 1417//192
f 1370//145 1371//146 1419//194
f 1370//145 1419//194 1418//193
f 1371//146 1372//147 1420//195
f 1371//146 1420//195 1419//194
f 1372//147 1373//148 1421//196
f 1372//147 1421//196 1420//195
f 1373//148 1374//149 1422//197
f 1373//148 1422//197 1421//196
f 1374//149 1375//150 1423//198
f 1374//149 1423//198 1422//197
f 1375//150 1329//104 1377//152
f 1375//150 1377//152 1423//198
f 1377//152 1376//151 1424//199
f 1377//152 1424//199 1425//200
f 1376//151 1378//153 1426//201
f 1376//151 1426//201 1424//199
f 1378//153 1379//154 1427//202
f 1378//153 1427//202 1426//201
f 1379//154 1380//155 1428//203
f 1379//154 1428//203 1427//202
f 1380//155 1381//156 1429//204
f 1380//155 1429//204 1428//203
f 1381//156 1382//157 1430//205
f 1381//156 1430//205 1429//204
f 1382//157 1383//158 1431//206
f 1382//157 1431//206 1430//205
f 1383//158 1384//159 1432//207
f 1383//158 1432//207 1431//206
f 1384//159 1385//160 1433//208
f 1384//159 1433//208 1432//207
f 1385//160 1386//161 1434//209
f 1385//160 1434//209 1433//208
f 1386//161 1387//162 1435//210
f 1386//161 1435//210 1434//209
f 1387//162 1388//163 1436//211
f 1387//162 1436//211 1435//210
f 1388//163 1389//164 1437//212
f 1388//163 1437//212 1436//211
f 1389//164 1390//165 1438//213
f 1389//164 1438//213 1437//212
f 1390//165 1391//166 1439//214
f 1390//165 1439//214 1438//213
f 1391//166 1392//167 1440//215
f 1391//166 1440//215 1439//214
f 1392//167 1393//168 1441//216
f 1392//167 1441//216 1440//215
f 1393//168 1394//169 1442//217
f 1393//168 1442//217 1441//216
f 1394//169 1395//170 1443//218
f 1394//169 1443//218 1442//217
f 1395//170 1396//171 1444//219
f 1395//170 1444//219 1443//218
f 1396//171 1397//172 1445//220
f 1396//171 1445//220 1444//219
f 1397//172 1398//173 1446//221
f 1397//172 1446//221 1445//220
f 1398//173 1399//174 1447//222
f 1398//173 1447//222 1446//221
f 1399//174 1400//175 1448//223
f 1399//174 1448//223 1447//222
f 1400//175 1401//176 1449//224
f 1400//175 1449//224 1448//223
f 1401//176 1402//177 1450//225
f 1401//176 1450//225 1449//224
f 1402//177 1403//178 1451//226
f 1402//177 1451//226 1450//225
f 1403//178 1404//179 1452//227
f 1403//178 1452//227 1451//226
f 1404//179 1405//180 1453//228
f 1404//179 1453//228 1452//227
f 1405//180 1406//181 1454//229
f 1405//180 1454//229 1453//228
f 1406//181 1407//182 1455//230
f 1406//181 1455//230 1454//229
f 1407//182 1408//183 1456//231
f 1407//182 1456//231 1455//230
f 1408//183 1409//184 1457//232
f 1408//183 1457//232 1456//231
f 1409//184 1410//185 1458//233
f 1409//184 1458//233 1457//232
f 1410//185 1411//186 1459//234
f 1410//185 1459//234 1458//233
f 1411//186 1412//187 1460//235
f 1411//186 1460//235 1459//234
f 1412//187 1413//188 1461//236
f 1412//187 1461//236 1460//235
f 1413//188 1414//189 1462//237
f 1413//188 1462//237 1461//236
f 1414//189 1415//190 1463//238
f 1414//189 1463//238 1462//237
f 1415//190 1416//191 1464//239
f 1415//190 1464//239 1463//238
f 1416//191 1417//192 1465//240
f 1416//191 1465//240 1464//239
f 1417//192 1418//193 1466//241
f 1417//192 1466//241 1465//240
f 1418//193 1419//194 1467//242
f 1418//193 1467//242 1466//241
f 1419//194 1420//195 1468//243
f 1419//194 1468//243 1467//242
f 1420//195 1421//196 1469//244
f 1420//195 1469//244 1468//243
f 1421//196 1422//197 1470//245
f 1421//196 1470//245 1469//244
f 1422//197 1423//198 1471//246
f 1422//197 1471//246 1470//245
f 1423//198 1377//152 1425//200
f 1423//198 1425//200 1471//246
f 1425//200 1424//199 1472//247
f 1425//200 1472//247 1473//248
f 1424//199 1426//201 1474//249
f 1424//199 1474//249 1472//247
f 1426//201 1427//202 1475//250
f 1426//201 1475//250 1474//249
f 1427//202 1428//203 1476//251
f 1427//202 1476//251 1475//250
f 1428//203 1429//204 1477//252
f 1428//203 1477//252 1476//251
f 1429//204 1430//205 1478//253
f 1429//204 1478//253 1477//252
f 1430//205 1431//206 1479//254
f 1430//205 1479//254 1478//253
f 1431//206 1432//207 1480//255
f 1431//206 1480//255 1479//254
f 1432//207 1433//208 1481//256
f 1432//207 1481//256 1480//255
f 1433//208 1434//209 1482//257
f 1433//208 1482//257 1481//256
f 1434//209 1435//210 1483//258
f 1434//209 1483//258 1482//257
f 1435//210 1436//211 1484//259
f 1435//210 1484//259 1483//258
f 1436//211 1437//212 1485//260
f 1436//211 1485//260 1484//259
f 1437//212 1438//213 1486//261
f 1437//212 1486//261 1485//260
f 1438//213 1439//214 1487//262
f 1438//213 1487//262 1486//261
f 1439//214 1440//215 1488//263
f 1439//214 1488//263 1487//262
f 1440//215 1441//216 1489//264
f 1440//215 1489//264 1488//263
f 1441//216 1442//217 1490//265
f 1441//216 1490//265 1489//264
f 1442//217 1443//218 1491//266
f 1442//217 1491//266 1490//265
f 1443//218 1444//219 1492//267
f 1443//218 1492//267 1491//266
f 1444//219 1445//220 1493//268
f 1444//219 1493//268 1492//267
f 1445//220 1446//221 1494//269
f 1445//220 1494//269 1493//268
f 1446//221 1447//222 1495//270
f 1446//221 1495//270 1494//269
f 1447//222 1448//223 1496//271
f 1447//222 1496//271 1495//270
f 1448//223 1449//224 1497//272
f 1448//223 1497//272 1496//271
f 1449//224 1450//225 1498//273
f 1449//224 1498//273 1497//272
f 1450//225 1451//226 1499//274
f 1450//225 1499//274 1498//273
f 1451//226 1452//227 1500//275
f 1451//226 1500//275 1499//274
f 1452//227 1453//228 1501//276
f 1452//227 1501//276 1500//275
f 1453//228 1454//229 1502//277
f 1453//228 1502//277 1501//276
f 1454//229 1455//230 1503//278
f 1454//229 1503//278 1502//277
f 1455//230 1456//231 1504//279
f 1455//230 1504//279 1503//278
f 1456//231 1457//232 1505//280
f 1456//231 1505//280 1504//279
f 1457//232 1458//233 1506//281
f 1457//232 1506//281 1505//280
f 1458//233 1459//234 1507//282
f 1458//233 1507//282 1506//281
f 1459//234 1460//235 1508//283
f 1459//234 1508//283 1507//282
f 1460//235 1461//236 1509//284
f 1460//235 1509//284 1508//283
f 1461//236 1462//237 1510//285
f 1461//236 1510//285 1509//284
f 1462//237 1463//238 1511//286
f 1462//237 1511//286 1510//285
f 1463//238 1464//239 1512//287
f 1463//238 1512//287 1511//286
f 1464//239 1465//240 1513//288
f 1464//239 1513//288 1512//287
f 1465//240 1466//241 1514//289
f 1465//240 1514//289 1513//288
f 1466//241 1467//242 1515//290
f 1466//241 1515//290 1514//289
f 1467//242 1468//243 1516//291
f 1467//242 1516//291 1515//290
f 1468//243 1469//244 1517//292
f 1468//243 1517//292 1516//291
f 1469//244 1470//245 1518//293
f 1469//244 1518//293 1517//292
f 1470//245 1471//246 1519//294
f 1470//245 1519//294 1518//293
f 1471//246 1425//200 1473//248
f 1471//246 1473//248 1519//294
f 1473//248 1472//247 1520//295
f 1473//248 1520//295 1521//296
f 1472//247 1474//249 1522//297
f 1472//247 1522//297 1520//295
f 1474//249 1475//250 1523//298
f 1474//249 1523//298 1522//297
f 1475//250 1476//251 1524//299
f 1475//250 1524//299 1523//298
f 1476//251 1477//252 1525//300
f 1476//251 1525//300 1524//299
f 1477//252 1478//253 1526//301
f 1477//252 1526//301 1525//300
f 1478//253 1479//254 1527//302
f 1478//253 1527//302 1526//301
f 1479//254 1480//255 1528//303
f 1479//254 1528//303 1527//302
f 1480//255 1481//256 1529//304
f 1480//255 1529//304 1528//303
f 1481//256 1482//257 1530//305
f 1481//256 1530//305 1529//304
f 1482//257 1483//258 1531//306
f 1482//257 1531//306 1530//305
f 1483//258 1484//259 1532//307
f 1483//258 1532//307 1531//306
f 1484//259 1485//260 1533//308
f 1484//259 1533//308 1532//307
f 1485//260 1486//261 1534//309
f 1485//260 1534//309 1533//308
f 1486//261 1487//262 1535//310
f 1486//261 1535//310 1534//309
f 1487//262 1488//263 1536//311
f 1487//262 1536//311 1535//310
f 1488//263 1489//264 1537//312
f 1488//263 1537//312 1536//311
f 1489//264 1490//265 1538//313
f 1489//264 1538//313 1537//312
f 1490//265 1491//266 1539//314
f 1490//265 1539//314 1538//313
f 1491//266 1492//267 1540//315
f 1491//266 1540//315 1539//314
f 1492//267 1493//268 1541//316
f 1492//267 1541//316 1540//315
f 1493//268 1494//269 1542//317
f 1493//268 1542//317 1541//316
f 1494//269 1495//270 1543//318
f 1494//269 1543//318 1542//317
f 1495//270 1496//271 1544//319
f 1495//270 1544//319 1543//318
f 1496//271 1497//272 1545//320
f 1496//271 1545//320 1544//319
f 1497//272 1498//273 1546//321
f 1497//272 1546//321 1545//320
f 1498//273 1499//274 1547//322
f 1498//273 1547//322 1546//321
f 1499//274 1500//275 1548//323
f 1499//274 1548//323 1547//322
f 1500//275 1501//276 1549//324
f 1500//275 1549//324 1548//323
f 1501//276 1502//277 1550//325
f 1501//276 1550//325 1549//324
f 1502//277 1503//278 1551//326
f 1502//277 1551//326 1550//325
f 1503//278 1504//279 1552//327
f 1503//278 1552//327 1551//326
f 1504//279 1505//280 1553//328
f 1504//279 1553//328 1552//327
f 1505//280 1506//281 1554//329
f 1505//280 1554//329 1553//328
f 1506//281 1507//282 1555//330
f 1506//281 1555//330 1554//329
f 1507//282 1508//283 1556//331
f 1507//282 1556//331 1555//330
f 1508//283 1509//284 1557//332
f 1508//283 1557//332 1556//331
f 1509//284 1510//285 1558//333
f 1509//284 1558//333 1557//332
f 1510//285 1511//286 1559//334
f 1510//285 1559//334 1558//333
f 1511//286 1512//287 1560//335
f 1511//286 1560//335 1559//334
f 1512//287 1513//288 1561//336
f 1512//287 1561//336 1560//335
f 1513//288 1514//289 1562//337
f 1513//288 1562//337 1561//336
f 1514//289 1515//290 1563//338
f 1514//289 1563//338 1562//337
f 1515//290 1516//291 1564//339
f 1515//290 1564//339 1563//338
f 1516//291 1517//292 1565//340
f 1516//291 1565//340 1564//339
f 1517//292 1518//293 1566//341
f 1517//292 1566//341 1565//340
f 1518//293 1519//294 1567//342
f 1518//293 1567//342 1566//341
f 1519//294 1473//248 1521//296
f 1519//294 1521//296 1567//342
f 1521//296 1520//295 1568//343
f 1521//296 1568//343 1569//344
f 1520//295 1522//297 1570//345
f 1520//295 1570//345 1568//343
f 1522//297 1523//298 1571//346
f 1522//297 1571//346 1570//345
f 1523//298 1524//299 1572//347
f 1523//298 1572//347 1571//346
f 1524//299 1525//300 1573//348
f 1524//299 1573//348 1572//347
f 1525//300 1526//301 1574//349
f 1525//300 1574//349 1573//348
f 1526//301 1527//302 1575//350
f 1526//301 1575//350 1574//349
f 1527//302 1528//303 1576//351
f 1527//302 1576//351 1575//350
f 1528//303 1529//304 1577//352
f 1528//303 1577//352 1576//351
f 1529//304 1530//305 1578//353
f 1529//304 1578//353 1577//352
f 1530//305 1531//306 1579//354
f 1530//305 1579//354 1578//353
f 1531//306 1532//307 1580//355
f 1531//306 1580//355 1579//354
f 1532//307 1533//308 1581//356
f 1532//307 1581//356 1580//355
f 1533//308 1534//309 1582//357
f 1533//308 1582//357 1581//356
f 1534//309 1535//310 1583//358
f 1534//309 1583//358 1582//357
f 1535//310 1536//311 1584//359
f 1535//310 1584//359 1583//358
f 1536//311 1537//312 1585//360
f 1536//311 1585//360 1584//359
f 1537//312 1538//313 1586//361
f 1537//312 1586//361 1585//360
f 1538//313 1539//314 1587//362
f 1538//313 1587//362 1586//361
f 1539//314 1540//315 1588//363
f 1539//314 1588//363 1587//362
f 1540//315 1541//316 1589//364
f 1540//315 1589//364 1588//363
f 1541//316 1542//317 1590//365
f 1541//316 1590//365 1589//364
f 1542//317 1543//318 1591//366
f 1542//317 1591//366 1590//365
f 1543//318 1544//319 1592//367
f 1543//318 1592//367 1591//366
f 1544//319 1545//320 1593//368
f 1544//319 1593//368 1592//367
f 1545//320 1546//321 1594//369
f 1545//320 1594//369 1593//368
f 1546//321 1547//322 1595//370
f 1546//321 1595//370 1594//369
f 1547//322 1548//323 1596//371
f 1547//322 1596//371 1595//370
f 1548//323 1549//324 1597//372
f 1548//323 1597//372 1596//371
f 1549//324 1550//325 1598//373
f 1549//324 1598//373 1597//372
f 1550//325 1551//326 1599//374
f 1550//325 1599//374 1598//373
f 1551//326 1552//327 1600//375
f 1551//326 1600//375 1599//374
f 1552//327 1553//328 1601//376
f 1552//327 1601//376 1600//375
f 1553//328 1554//329 1602//377
f 1553//328 1602//377 1601//376
f 1554//329 1555//330 1603//378
f 1554//329 1603//378 1602//377
f 1555//330 1556//331 1604//379
f 1555//330 1604//379 1603//378
f 1556//331 1557//332 1605//380
f 1556//331 1605//380 1604//379
f 1557//332 1558//333 1606//381
f 1557//332 1606//381 1605//380
f 1558//333 1559//334 1607//382
f 1558//333 1607//382 1606//381
f 1559//334 1560//335 1608//383
f 1559//334 1608//383 1607//382
f 1560//335 1561//336 1609//384
f 1560//335 1609//384 1608//383
f 1561//336 1562//337 1610//385
f 1561//336 1610//385 1609//384
f 1562//337 1563//338 1611//386
f 1562//337 1611//386 1610//385
f 1563//338 1564//339 1612//387
f 1563//338 1612//387 1611//386
f 1564//339 1565//340 1613//388
f 1564//339 1613//388 1612//387
f 1565//340 1566//341 1614//389
f 1565//340 1614//389 1613//388
f 1566//341 1567//342 1615//390
f 1566//341 1615//390 1614//389
f 1567//342 1521//296 1569//344
f 1567//342 1569//344 1615//390
f 1569//344 1568//343 1616//391
f 1569//344 1616//391 1617//392
f 1568//343 1570//345 1618//393
f 1568//343 1618//393 1616//391
f 1570//345 1571//346 1619//394
f 1570//345 1619//394 1618//393
f 1571//346 1572//347 1620//395
f 1571//346 1620//395 1619//394
f 1572//347 1573//348 1621//396
f 1572//347 1621//396 1620//395
f 1573//348 1574//349 1622//397
f 1573//348 1622//397 1621//396
f 1574//349 1575//350 1623//398
f 1574//349 1623//398 1622//397
f 1575//350 1576//351 1624//399
f 1575//350 1624//399 1623//398
f 1576//351 1577//352 1625//400
f 1576//351 1625//400 1624//399
f 1577//352 1578//353 1626//401
f 1577//352 1626//401 1625//400
f 1578//353 1579//354 1627//402
f 1578//353 1627//402 1626//401
f 1579//354 1580//355 1628//403
f 1579//354 1628//403 1627//402
f 1580//355 1581//356 1629//404
f 1580//355 1629//404 1628//403
f 1581//356 1582//357 1630//405
f 1581//356 1630//405 1629//404
f 1582//357 1583//358 1631//406
f 1582//357 1631//406 1630//405
f 1583//358 1584//359 1632//407
f 1583//358 1632//407 1631//406
f 1584//359 1585//360 1633//408
f 1584//359 1633//408 1632//407
f 1585//360 1586//361 1634//409
f 1585//360 1634//409 1633//408
f 1586//361 1587//362 1635//410
f 1586//361 1635//410 1634//409
f 1587//362 1588//363 1636//411
f 1587//362 1636//411 1635//410
f 1588//363 1589//364 1637//412
f 1588//363 1637//412 1636//411
f 1589//364 1590//365 1638//413
f 1589//364 1638//413 1637//412
f 1590//365 1591//366 1639//414
f 1590//365 1639//414 1638//413
f 1591//366 1592//367 1640//415
f 1591//366 1640//415 1639//414
f 1592//367 1593//368 1641//416
f 1592//367 1641//416 1640//415
f 1593//368 1594//369 1642//417
f 1593//368 1642//417 1641//416
f 1594//369 1595//370 1643//418
f 1594//369 1643//418 1642//417
f 1595//370 1596//371 1644//419
f 1595//370 1644//419 1643//418
f 1596//371 1597//372 1645//420
f 1596//371 1645//420 1644//419
f 1597//372 1598//373 1646//421
f 1597//372 1646//421 1645//420
f 1598//373 1599//374 1647//422
f 1598//373 1647//422 1646//421
f 1599//374 1600//375 1648//423
f 1599//374 1648//423 1647//422
f 1600//375 1601//376 1649//424
f 1600//375 1649//424 1648//423
f 1601//376 1602//377 1650//425
f 1601//376 1650//425 1649//424
f 1602//377 1603//378 1651//426
f 1602//377 1651//426 1650//425
f 1603//378 1604//379 1652//427
f 1603//378 1652//427 1651//426
f 1604//379 1605//380 1653//428
f 1604//379 1653//428 1652//427
f 1605//380 1606//381 1654//429
f 1605//380 1654//429 1653//428
f 1606//381 1607//382 1655//430
f 1606//381 1655//430 1654//429
f 1607//382 1608//383 1656//431
f 1607//382 1656//431 1655//430
f 1608//383 1609//384 1657//432
f 1608//383 1657//432 1656//431
f 1609//384 1610//385 1658//433
f 1609//384 1658//433 1657//432
f 1610//385 1611//386 1659//434
f 1610//385 1659//434 1658//433
f 1611//386 1612//387 1660//435
f 1611//386 1660//435 1659//434
f 1612//387 1613//388 1661//436
f 1612//387 1661//436 1660//435
f 1613//388 1614//389 1662//437
f 1613//388 1662//437 1661//436
f 1614//389 1615//390 1663//438
f 1614//389 1663//438 1662//437
f 1615//390 1569//344 1617//392
f 1615//390 1617//392 1663//438
f 1617//392 1616//391 1664//439
f 1617//392 1664//439 1665//440
f 1616//391 1618//393 1666//441
f 1616//391 1666//441 1664//439
f 1618//393 1619//394 1667//442
f 1618//393 1667//442 1666//441
f 1619//394 1620//395 1668//443
f 1619//394 1668//443 1667//442
f 1620//395 1621//396 1669//444
f 1620//395 1669//444 1668//443
f 1621//396 1622//397 1670//445
f 1621//396 1670//445 1669//444
f 1622//397 1623//398 1671//446
f 1622//397 1671//446 1670//445
f 1623//398 1624//399 1672//447
f 1623//398 1672//447 1671//446
f 1624//399 1625//400 1673//448
f 1624//399 1673//448 1672//447
f 1625//400 1626//401 1674//449
f 1625//400 1674//449 1673//448
f 1626//401 1627//402 1675//450
f 1626//401 1675//450 1674//449
f 1627//402 1628//403 1676//451
f 1627//402 1676//451 1675//450
f 1628//403 1629//404 1677//452
f 1628//403 1677//452 1676//451
f 1629//404 1630//405 1678//453
f 1629//404 1678//453 1677//452
f 1630//405 1631//406 1679//454
f 1630//405 1679//454 1678//453
f 1631//406 1632//407 1680//455
f 1631//406 1680//455 1679//454
f 1632//407 1633//408 1681//456
f 1632//407 1681//456 1680//455
f 1633//408 1634//409 1682//457
f 1633//408 1682//457 1681//456
f 1634//409 1635//410 1683//458
f 1634//409 1683//458 1682//457
f 1635//410 1636//411 1684//459
f 1635//410 1684//459 1683//458
f 1636//411 1637//412 1685//460
f 1636//411 1685//460 1684//459
f 1637//412 1638//413 1686//461
f 1637//412 1686//461 1685//460
f 1638//413 1639//414 1687//462
f 1638//413 1687//462 1686//461
f 1639//414 1640//415 1688//463
f 1639//414 1688//463 1687//462
f 1640//415 1641//416 1689//464
f 1640//415 1689//464 1688//463
f 1641//416 1642//417 1690//465
f 1641//416 1690//465 1689//464
f 1642//417 1643//418 1691//466
f 1642//417 1691//466 1690//465
f 1643//418 1644//419 1692//467
f 1643//418 1692//467 1691//466
f 1644//419 1645//420 1693//468
f 1644//419 1693//468 1692//467
f 1645//420 1646//421 1694//469
f 1645//420 1694//469 1693//468
f 1646//421 1647//422 1695//470
f 1646//421 1695//470 1694//469
f 1647//422 1648//423 1696//471
f 1647//422 1696//471 1695//470
f 1648//423 1649//424 1697//472
f 1648//423 1697//472 1696//471
f 1649//424 1650//425 1698//473
f 1649//424 1698//473 1697//472
f 1650//425 1651//426 1699//474
f 1650//425 1699//474 1698//473
f 1651//426 1652//427 1700//475
f 1651//426 1700//475 1699//474
f 1652//427 1653//428 1701//476
f 1652//427 1701//476 1700//475
f 1653//428 1654//429 1702//477
f 1653//428 1702//477 1701//476
f 1654//429 1655//430 1703//478
f 1654//429 1703//478 1702//477
f 1655//430 1656//431 1704//479
f 1655//430 1704//479 1703//478
f 1656//431 1657//432 1705//480
f 1656//431 1705//480 1704//479
f 1657//432 1658//433 1706//481
f 1657//432 1706//481 1705//480
f 1658//433 1659//434 1707//482
f 1658//433 1707//482 1706//481
f 1659//434 1660//435 1708//483
f 1659//434 1708//483 1707//482
f 1660//435 1661//436 1709//484
f 1660//435 1709//484 1708//483
f 1661//436 1662//437 1710//485
f 1661//436 1710//485 1709//484
f 1662//437 1663//438 1711//486
f 1662//437 1711//486 1710//485
f 1663//438 1617//392 1665//440
f 1663//438 1665//440 1711//486
f 1665//440 1664//439 1712//487
f 1665//440 1712//487 1713//488
f 1664//439 1666//441 1714//489
f 1664//439 1714//489 1712//487
f 1666//441 1667//442 1715//490
f 1666//441 1715//490 1714//489
f 1667//442 1668//443 1716//491
f 1667//442 1716//491 1715//490
f 1668//443 1669//444 1717//492
f 1668//443 1717//492 1716//491
f 1669//444 1670//445 1718//493
f 1669//444 1718//493 1717//492
f 1670//445 1671//446 1719//494
f 1670//445 1719//494 1718//493
f 1671//446 1672//447 1720//495
f 1671//446 1720//495 1719//494
f 1672//447 1673//448 1721//496
f 1672//447 1721//496 1720//495
f 1673//448 1674//449 1722//497
f 1673//448 1722//497 1721//496
f 1674//449 1675//450 1723//498
f 1674//449 1723//498 1722//497
f 1675//450 1676//451 1724//499
f 1675//450 1724//499 1723//498
f 1676//451 1677//452 1725//500
f 1676//451 1725//500 1724//499
f 1677//452 1678//453 1726//501
f 1677//452 1726//501 1725//500
f 1678//453 1679//454 1727//502
f 1678//453 1727//502 1726//501
f 1679//454 1680//455 1728//503
f 1679//454 1728//503 1727//502
f 1680//455 1681//456 1729//504
f 1680//455 1729//504 1728//503
f 1681//456 1682//457 1730//505
f 1681//456 1730//505 1729//504
f 1682//457 1683//458 1731//506
f 1682//457 1731//506 1730//505
f 1683//458 1684//459 1732//507
f 1683//458 1732//507 1731//506
f 1684//459 1685//460 1733//508
f 1684//459 1733//508 1732//507
f 1685//460 1686//461 1734//509
f 1685//460 1734//509 1733//508
f 1686//461 1687//462 1735//510
f 1686//461 1735//510 1734//509
f 1687//462 1688//463 1736//511
f 1687//462 1736//511 1735//510
f 1688//463 1689//464 1737//512
f 1688//463 1737//512 1736//511
f 1689//464 1690//465 1738//513
f 1689//464 1738//513 1737//512
f 1690//465 1691//466 1739//514
f 1690//465 1739//514 1738//513
f 1691//466 1692//467 1740//515
f 1691//466 1740//515 1739//514
f 1692//467 1693//468 1741//516
f 1692//467 1741//516 1740//515
f 1693//468 1694//469 1742//517
f 1693//468 1742//517 1741//516
f 1694//469 1695//470 1743//518
f 1694//469 1743//518 1742//517
f 1695//470 1696//471 1744//519
f 1695//470 1744//519 1743//518
f 1696//471 1697//472 1745//520
f 1696//471 1745//520 1744//519
f 1697//472 1698//473 1746//521
f 1697//472 1746//521 1745//520
f 1698//473 1699//474 1747//522
f 1698//473 1747//522 1746//521
f 1699//474 1700//475 1748//523
f 1699//474 1748//523 1747//522
f 1700//475 1701//476 1749//524
f 1700//475 1749//524 1748//523
f 1701//476 1702//477 1750//525
f 1701//476 1750//525 1749//524
f 1702//477 1703//478 1751//526
f 1702//477 1751//526 1750//525
f 1703//478 1704//479 1752//527
f 1703//478 1752//527 1751//526
f 1704//479 1705//480 1753//528
f 1704//479 1753//528 1752//527
f 1705//480 1706//481 1754//529
f 1705//480 1754//529 1753//528
f 1706//481 1707//482 1755//530
f 1706//481 1755//530 1754//529
f 1707//482 1708//483 1756//531
f 1707//482 1756//531 1755//530
f 1708//483 1709//484 1757//532
f 1708//483 1757//532 1756//531
f 1709//484 1710//485 1758//533
f 1709//484 1758//533 1757//532
f 1710//485 1711//486 1759//534
f 1710//485 1759//534 1758//533
f 1711//486 1665//440 1713//488
f 1711//486 1713//488 1759//534
f 1713//488 1712//487 1760//535
f 1713//488 1760//535 1761//6
f 1712//487 1714//489 1762//536
f 1712//487 1762//536 1760//535
f 1714//489 1715//490 1763//537
f 1714//489 1763//537 1762//536
f 1715//490 1716//491 1764//538
f 1715//490 1764//538 1763//537
f 1716//491 1717//492 1765//539
f 1716//491 1765//539 1764//538
f 1717//492 1718//493 1766//540
f 1717//492 1766//540 1765//539
f 1718//493 1719//494 1767//541
f 1718//493 1767//541 1766//540
f 1719//494 1720//495 1768//542
f 1719//494 1768//542 1767//541
f 1720//495 1721//496 1769//543
f 1720//495 1769//543 1768//542
f 1721//496 1722//497 1770//544
f 1721//496 1770//544 1769//543
f 1722//497 1723//498 1771//545
f 1722//497 1771//545 1770//544
f 1723//498 1724//499 1772//4
f 1723//498 1772//4 1771//545
f 1724//499 1725//500 1773//546
f 1724//499 1773//546 1772//4
f 1725//500 1726//501 1774//547
f 1725//500 1774//547 1773//546
f 1726//501 1727//502 1775//548
f 1726//501 1775//548 1774//547
f 1727//502 1728//503 1776//549
f 1727//502 1776//549 1775//548
f 1728//503 1729//504 1777//550
f 1728//503 1777//550 1776//549
f 1729//504 1730//505 1778//551
f 1729//504 1778//551 1777//550
f 1730//505 1731//506 1779//552
f 1730//505 1779//552 1778//551
f 1731//506 1732//507 1780//553
f 1731//506 1780//553 1779//552
f 1732//507 1733//508 1781//554
f 1732//507 1781//554 1780//553
f 1733//508 1734//509 1782//555
f 1733//508 1782//555 1781//554
f 1734//509 1735//510 1783//556
f 1734//509 1783//556 1782//555
f 1735//510 1736//511 1784//5
f 1735//510 1784//5 1783//556
f 1736//511 1737//512 1785//557
f 1736//511 1785//557 1784//5
f 1737//512 1738//513 1786//558
f 1737//512 1786//558 1785//557
f 1738//513 1739//514 1787//559
f 1738//513 1787//559 1786//558
f 1739//514 1740//515 1788//560
f 1739//514 1788//560 1787//559
f 1740//515 1741//516 1789//561
f 1740//515 1789//561 1788//560
f 1741//516 1742//517 1790//562
f 1741//516 1790//562 1789//561
f 1742//517 1743//518 1791//563
f 1742//517 1791//563 1790//562
f 1743//518 1744//519 1792//564
f 1743//518 1792//564 1791//563
f 1744//519 1745//520 1793//565
f 1744//519 1793//565 1792//564
f 1745//520 1746//521 1794//566
f 1745//520 1794//566 1793//565
f 1746//521 1747//522 1795//567
f 1746//521 1795//567 1794//566
f 1747//522 1748//523 1796//3
f 1747//522 1796//3 1795//567
f 1748//523 1749//524 1797//568
f 1748//523 1797//568 1796//3
f 1749//524 1750//525 1798//569
f 1749//524 1798//569 1797//568
f 1750//525 1751//526 1799//570
f 1750//525 1799//570 1798//569
f 1751//526 1752//527 1800//571
f 1751//526 1800//571 1799//570
f 1752//527 1753//528 1801//572
f 1752//527 1801//572 1800//571
f 1753//528 1754//529 1802//573
f 1753//528 1802//573 1801//572
f 1754//529 1755//530 1803//574
f 1754//529 1803//574 1802//573
f 1755//530 1756//531 1804//575
f 1755//530 1804//575 1803//574
f 1756//531 1757//532 1805//576
f 1756//531 1805//576 1804//575
f 1757//532 1758//533 1806//577
f 1757//532 1806//577 1805//576
f 1758//533 1759//534 1807//578
f 1758//533 1807//578 1806//577
f 1759//534 1713//488 1761//6
f 1759//534 1761//6 1807//578
f 1761//6 1760//535 1808//579
f 1761//6 1808//579 1809//580
f 1760//535 1762//536 1810//581
f 1760//535 1810//581 1808//579
f 1762//536 1763//537 1811//582
f 1762//536 1811//582 1810//581
f 1763//537 1764//538 1812//583
f 1763//537 1812//583 1811//582
f 1764//538 1765//539 1813//584
f 1764//538 1813//584 1812//583
f 1765//539 1766//540 1814//585
f 1765//539 1814//585 1813//584
f 1766//540 1767//541 1815//586
f 1766//540 1815//586 1814//585
f 1767//541 1768//542 1816//587
f 1767//541 1816//587 1815//586
f 1768//542 1769//543 1817//588
f 1768//542 1817//588 1816//587
f 1769//543 1770//544 1818//589
f 1769//543 1818//589 1817//588
f 1770//544 1771//545 1819//590
f 1770//544 1819//590 1818//589
f 1771//545 1772//4 1820//591
f 1771//545 1820//591 1819//590
f 1772//4 1773//546 1821//592
f 1772//4 1821//592 1820//591
f 1773//546 1774//547 1822//593
f 1773//546 1822//593 1821//592
f 1774//547 1775//548 1823//594
f 1774//547 1823//594 1822//593
f 1775//548 1776//549 1824//595
f 1775//548 1824//595 1823//594
f 1776//549 1777//550 1825//596
f 1776//549 1825//596 1824//595
f 1777//550 1778//551 1826//597
f 1777//550 1826//597 1825//596
f 1778//551 1779//552 1827//598
f 1778//551 1827//598 1826//597
f 1779//552 1780//553 1828//599
f 1779//552 1828//599 1827//598
f 1780//553 1781//554 1829//600
f 1780//553 1829//600 1828//599
f 1781//554 1782//555 1830//601
f 1781//554 1830//601 1829//600
f 1782//555 1783//556 1831//602
f 1782//555 1831//602 1830//601
f 1783//556 1784//5 1832//603
f 1783//556 1832//603 1831//602
f 1784//5 1785//557 1833//604
f 1784//5 1833//604 1832//603
f 1785//557 1786//558 1834//605
f 1785//557 1834//605 1833//604
f 1786//558 1787//559 1835//606
f 1786//558 1835//606 1834//605
f 1787//559 1788//560 1836//607
f 1787//559 1836//607 1835//606
f 1788//560 1789//561 1837//608
f 1788//560 1837//608 1836//607
f 1789//561 1790//562 1838//609
f 1789//561 1838//609 1837//608
f 1790//562 1791//563 1839//610
f 1790//562 1839//610 1838//609
f 1791//563 1792//564 1840//611
f 1791//563 1840//611 1839//610
f 1792//564 1793//565 1841//612
f 1792//564 1841//612 1840//611
f 1793//565 1794//566 1842//613
f 1793//565 1842//613 1841//612
f 1794//566 1795//567 1843//614
f 1794//566 1843//614 1842//613
f 1795//567 1796//3 1844//615
f 1795//567 1844//615 1843//614
f 1796//3 1797//568 1845//616
f 1796//3 1845//616 1844//615
f 1797//568 1798//569 1846//617
f 1797//568 1846//617 1845//616
f 1798//569 1799//570 1847//618
f 1798//569 1847//618 1846//617
f 1799//570 1800//571 1848//619
f 1799//570 1848//619 1847//618
f 1800//571 1801//572 1849//620
f 1800//571 1849//620 1848//619
f 1801//572 1802//573 1850//621
f 1801//572 1850//621 1849//620
f 1802//573 1803//574 1851//622
f 1802//573 1851//622 1850//621
f 1803//574 1804//575 1852//623
f 1803//574 1852//623 1851//622
f 1804//575 1805//576 1853//624
f 1804//575 1853//624 1852//623
f 1805//576 1806//577 1854//625
f 1805//576 1854//625 1853//624
f 1806//577 1807//578 1855//626
f 1806//577 1855//626 1854//625
f 1807//578 1761//6 1809//580
f 1807//578 1809//580 1855//626
f 1809//580 1808//579 1856//627
f 1809//580 1856//627 1857//628
f 1808//579 1810//581 1858//629
f 1808//579 1858//629 1856//627
f 1810//581 1811//582 1859//630
f 1810//581 1859//630 1858//629
f 1811//582 1812//583 1860//631
f 1811//582 1860//631 1859//630
f 1812//583 1813//584 1861//632
f 1812//583 1861//632 1860//631
f 1813//584 1814//585 1862//633
f 1813//584 1862//633 1861//632
f 1814//585 1815//586 1863//634
f 1814//585 1863//634 1862//633
f 1815//586 1816//587 1864//635
f 1815//586 1864//635 1863//634
f 1816//587 1817//588 1865//636
f 1816//587 1865//636 1864//635
f 1817//588 1818//589 1866//637
f 1817//588 1866//637 1865//636
f 1818//589 1819//590 1867//638
f 1818//589 1867//638 1866//637
f 1819//590 1820//591 1868//639
f 1819//590 1868//639 1867//638
f 1820//591 1821//592 1869//640
f 1820//591 1869//640 1868//639
f 1821//592 1822//593 1870//641
f 1821//592 1870//641 1869//640
f 1822//593 1823//594 1871//642
f 1822//593 1871//642 1870//641
f 1823//594 1824//595 1872//643
f 1823//594 1872//643 1871//642
f 1824//595 1825//596 1873//644
f 1824//595 1873//644 1872//643
f 1825//596 1826//597 1874//645
f 1825//596 1874//645 1873//644
f 1826//597 1827//598 1875//646
f 1826//597 1875//646 1874//645
f 1827//598 1828//599 1876//647
f 1827//598 1876//647 1875//646
f 1828//599 1829//600 1877//648
f 1828//599 1877//648 1876//647
f 1829//600 1830//601 1878//649
f 1829//600 1878//649 1877//648
f 1830//601 1831//602 1879//650
f 1830//601 1879//650 1878//649
f 1831//602 1832//603 1880//651
f 1831//602 1880//651 1879//650
f 1832//603 1833//604 1881//652
f 1832//603 1881//652 1880//651
f 1833//604 1834//605 1882//653
f 1833//604 1882//653 1881//652
f 1834//605 1835//606 1883//654
f 1834//605 1883//654 1882//653
f 1835//606 1836//607 1884//655
f 1835//606 1884//655 1883//654
f 1836//607 1837//608 1885//656
f 1836//607 1885//656 1884//655
f 1837//608 1838//609 1886//657
f 1837//608 1886//657 1885//656
f 1838//609 1839//610 1887//658
f 1838//609 1887//658 1886//657
f 1839//610 1840//611 1888//659
f 1839//610 1888//659 1887//658
f 1840//611 1841//612 1889//660
f 1840//611 1889//660 1888//659
f 1841//612 1842//613 1890//661
f 1841//612 1890//661 1889//660
f 1842//613 1843//614 1891//662
f 1842//613 1891//662 1890//661
f 1843//614 1844//615 1892//663
f 1843//614 1892//663 1891//662
f 1844//615 1845//616 1893//664
f 1844//615 1893//664 1892//663
f 1845//616 1846//617 1894//665
f 1845//616 1894//665 1893//664
f 1846//617 1847//618 1895//666
f 1846//617 1895//666 1894//665
f 1847//618 1848//619 1896//667
f 1847//618 1896//667 1895//666
f 1848//619 1849//620 1897//668
f 1848//619 1897//668 1896//667
f 1849//620 1850//621 1898//669
f 1849//620 1898//669 1897//668
f 1850//621 1851//622 1899//670
f 1850//621 1899//670 1898//669
f 1851//622 1852//623 1900//671
f 1851//622 1900//671 1899//670
f 1852//623 1853//624 1901//672
f 1852//623 1901//672 1900//671
f 1853//624 1854//625 1902//673
f 1853//624 1902//673 1901//672
f 1854//625 1855//626 1903//674
f 1854//625 1903//674 1902//673
f 1855//626 1809//580 1857//628
f 1855//626 1857//628 1903//674
f 1857//628 1856//627 1904//675
f 1857//628 1904//675 1905//676
f 1856//627 1858//629 1906//677
f 1856//627 1906//677 1904//675
f 1858//629 1859//630 1907//678
f 1858//629 1907//678 1906//677
f 1859//630 1860//631 1908//679
f 1859//630 1908//679 1907//678
f 1860//631 1861//632 1909//680
f 1860//631 1909//680 1908//679
f 1861//632 1862//633 1910//681
f 1861//632 1910//681 1909//680
f 1862//633 1863//634 1911//682
f 1862//633 1911//682 1910//681
f 1863//634 1864//635 1912//683
f 1863//634 1912//683 1911//682
f 1864//635 1865//636 1913//684
f 1864//635 1913//684 1912//683
f 1865//636 1866//637 1914//685
f 1865//636 1914//685 1913//684
f 1866//637 1867//638 1915//686
f 1866//637 1915//686 1914//685
f 1867//638 1868//639 1916//687
f 1867//638 1916//687 1915//686
f 1868//639 1869//640 1917//688
f 1868//639 1917//688 1916//687
f 1869//640 1870//641 1918//689
f 1869//640 1918//689 1917//688
f 1870//641 1871//642 1919//690
f 1870//641 1919//690 1918//689
f 1871//642 1872//643 1920//691
f 1871//642 1920//691 1919//690
f 1872//643 1873//644 1921//692
f 1872//643 1921//692 1920//691
f 1873//644 1874//645 1922//693
f 1873//644 1922//693 1921//692
f 1874//645 1875//646 1923//694
f 1874//645 1923//694 1922//693
f 1875//646 1876//647 1924//695
f 1875//646 1924//695 1923//694
f 1876//647 1877//648 1925//696
f 1876//647 1925//696 1924//695
f 1877//648 1878//649 1926//697
f 1877//648 1926//697 1925//696
f 1878//649 1879//650 1927//698
f 1878//649 1927//698 1926//697
f 1879//650 1880//651 1928//699
f 1879//650 1928//699 1927//698
f 1880//651 1881//652 1929//700
f 1880//651 1929//700 1928//699
f 1881//652 1882//653 1930//701
f 1881//652 1930//701 1929//700
f 1882//653 1883//654 1931//702
f 1882//653 1931//702 1930//701
f 1883//654 1884//655 1932//703
f 1883//654 1932//703 1931//702
f 1884//655 1885//656 1933//704
f 1884//655 1933//704 1932//703
f 1885//656 1886//657 1934//705
f 1885//656 1934//705 1933//704
f 1886//657 1887//658 1935//706
f 1886//657 1935//706 1934//705
f 1887//658 1888//659 1936//707
f 1887//658 1936//707 1935//706
f 1888//659 1889//660 1937//708
f 1888//659 1937//708 1936//707
f 1889//660 1890//661 1938//709
f 1889//660 1938//709 1937//708
f 1890//661 1891//662 1939//710
f 1890//661 1939//710 1938//709
f 1891//662 1892//663 1940//711
f 1891//662 1940//711 1939//710
f 1892//663 1893//664 1941//712
f 1892//663 1941//712 1940//711
f 1893//664 1894//665 1942//713
f 1893//664 1942//713 1941//712
f 1894//665 1895//666 1943//714
f 1894//665 1943//714 1942//713
f 1895//666 1896//667 1944//715
f 1895//666 1944//715 1943//714
f 1896//667 1897//668 1945//716
f 1896//667 1945//716 1944//715
f 1897//668 1898//669 1946//717
f 1897//668 1946//717 1945//716
f 1898//669 1899//670 1947//718
f 1898//669 1947//718 1946//717
f 1899//670 1900//671 1948//719
f 1899//670 1948//719 1947//718
f 1900//671 1901//672 1949//720
f 1900//671 1949//720 1948//719
f 1901//672 1902//673 1950//721
f 1901//672 1950//721 1949//720
f 1902//673 1903//674 1951//722
f 1902//673 1951//722 1950//721
f 1903//674 1857//628 1905//676
f 1903//674 1905//676 1951//722
f 1905//676 1904//675 1952//723
f 1905//676 1952//723 1953//724
f 1904//675 1906//677 1954//725
f 1904//675 1954//725 1952//723
f 1906//677 1907//678 1955//726
f 1906//677 1955//726 1954//725
f 1907//678 1908//679 1956//727
f 1907//678 1956//727 1955//726
f 1908//679 1909//680 1957//728
f 1908//679 1957//728 1956//727
f 1909//680 1910//681 1958//729
f 1909//680 1958//729 1957//728
f 1910//681 1911//682 1959//730
f 1910//681 1959//730 1958//729
f 1911//682 1912//683 1960//731
f 1911//682 1960//731 1959//730
f 1912//683 1913//684 1961//732
f 1912//683 1961//732 1960//731
f 1913//684 1914//685 1962//733
f 1913//684 1962//733 1961//732
f 1914//685 1915//686 1963//734
f 1914//685 1963//734 1962//733
f 1915//686 1916//687 1964//735
f 1915//686 1964//735 1963//734
f 1916//687 1917//688 1965//736
f 1916//687 1965//736 1964//735
f 1917//688 1918//689 1966//737
f 1917//688 1966//737 1965//736
f 1918//689 1919//690 1967//738
f 1918//689 1967//738 1966//737
f 1919//690 1920//691 1968//739
f 1919//690 1968//739 1967//738
f 1920//691 1921//692 1969//740
f 1920//691 1969//740 1968//739
f 1921//692 1922//693 1970//741
f 1921//692 1970//741 1969//740
f 1922//693 1923//694 1971//742
f 1922//693 1971//742 1970//741
f 1923//694 1924//695 1972//743
f 1923//694 1972//743 1971//742
f 1924//695 1925//696 1973//744
f 1924//695 1973//744 1972//743
f 1925//696 1926//697 1974//745
f 1925//696 1974//745 1973//744
f 1926//697 1927//698 1975//746
f 1926//697 1975//746 1974//745
f 1927//698 1928//699 1976//747
f 1927//698 1976//747 1975//746
f 1928//699 1929//700 1977//748
f 1928//699 1977//748 1976//747
f 1929//700 1930//701 1978//749
f 1929//700 1978//749 1977//748
f 1930//701 1931//702 1979//750
f 1930//701 1979//750 1978//749
f 1931//702 1932//703 1980//751
f 1931//702 1980//751 1979//750
f 1932//703 1933//704 1981//752
f 1932//703 1981//752 1980//751
f 1933//704 1934//705 1982//753
f 1933//704 1982//753 1981//752
f 1934//705 1935//706 1983//754
f 1934//705 1983//754 1982//753
f 1935//706 1936//707 1984//755
f 1935//706 1984//755 1983//754
f 1936//707 1937//708 1985//756
f 1936//707 1985//756 1984//755
f 1937//708 1938//709 1986//757
f 1937//708 1986//757 1985//756
f 1938//709 1939//710 1987//758
f 1938//709 1987//758 1986//757
f 1939//710 1940//711 1988//759
f 1939//710 1988//759 1987//758
f 1940//711 1941//712 1989//760
f 1940//711 1989//760 1988//759
f 1941//712 1942//713 1990//761
f 1941//712 1990//761 1989//760
f 1942//713 1943//714 1991//762
f 1942//713 1991//762 1990//761
f 1943//714 1944//715 1992//763
f 1943//714 1992//763 1991//762
f 1944//715 1945//716 1993//764
f 1944//715 1993//764 1992//763
f 1945//716 1946//717 1994//765
f 1945//716 1994//765 1993//764
f 1946//717 1947//718 1995//766
f 1946//717 1995//766 1994//765
f 1947//718 1948//719 1996//767
f 1947//718 1996//767 1995//766
f 1948//719 1949//720 1997//768
f 1948//719 1997//768 1996//767
f 1949//720 1950//721 1998//769
f 1949//720 1998//769 1997//768
f 1950//721 1951//722 1999//770
f 1950//721 1999//770 1998//769
f 1951//722 1905//676 1953//724
f 1951//722 1953//724 1999//770
f 1953//724 1952//723 2000//771
f 1953//724 2000//771 2001//772
f 1952//723 1954//725 2002//773
f 1952//723 2002//773 2000//771
f 1954//725 1955//726 2003//774
f 1954//725 2003//774 2002//773
f 1955//726 1956//727 2004//775
f 1955//726 2004//775 2003//774
f 1956//727 1957//728 2005//776
f 1956//727 2005//776 2004//775
f 1957//728 1958//729 2006//777
f 1957//728 2006//777 2005//776
f 1958//729 1959//730 2007//778
f 1958//729 2007//778 2006//777
f 1959//730 1960//731 2008//779
f 1959//730 2008//779 2007//778
f 1960//731 1961//732 2009//780
f 1960//731 2009//780 2008//779
f 1961//732 1962//733 2010//781
f 1961//732 2010//781 2009//780
f 1962//733 1963//734 2011//782
f 1962//733 2011//782 2010//781
f 1963//734 1964//735 2012//783
f 1963//734 2012//783 2011//782
f 1964//735 1965//736 2013//784
f 1964//735 2013//784 2012//783
f 1965//736 1966//737 2014//785
f 1965//736 2014//785 2013//784
f 1966//737 1967//738 2015//786
f 1966//737 2015//786 2014//785
f 1967//738 1968//739 2016//787
f 1967//738 2016//787 2015//786
f 1968//739 1969//740 2017//788
f 1968//739 2017//788 2016//787
f 1969//740 1970//741 2018//789
f 1969//740 2018//789 2017//788
f 1970//741 1971//742 2019//790
f 1970//741 2019//790 2018//789
f 1971//742 1972//743 2020//791
f 1971//742 2020//791 2019//790
f 1972//743 1973//744 2021//792
f 1972//743 2021//792 2020//791
f 1973//744 1974//745 2022//793
f 1973//744 2022//793 2021//792
f 1974//745 1975//746 2023//794
f 1974//745 2023//794 2022//793
f 1975//746 1976//747 2024//795
f 1975//746 2024//795 2023//794
f 1976//747 1977//748 2025//796
f 1976//747 2025//796 2024//795
f 1977//748 1978//749 2026//797
f 1977//748 2026//797 2025//796
f 1978//749 1979//750 2027//798
f 1978//749 2027//798 2026//797
f 1979//750 1980//751 2028//799
f 1979//750 2028//799 2027//798
f 1980//751 1981//752 2029//800
f 1980//751 2029//800 2028//799
f 1981//752 1982//753 2030//801
f 1981//752 2030//801 2029//800
f 1982//753 1983//754 2031//802
f 1982//753 2031//802 2030//801
f 1983//754 1984//755 2032//803
f 1983//754 2032//803 2031//802
f 1984//755 1985//756 2033//804
f 1984//755 2033//804 2032//803
f 1985//756 1986//757 2034//805
f 1985//756 2034//805 2033//804
f 1986//757 1987//758 2035//806
f 1986//757 2035//806 2034//805
f 1987//758 1988//759 2036//807
f 1987//758 2036//807 2035//806
f 1988//759 1989//760 2037//808
f 1988//759 2037//808 2036//807
f 1989//760 1990//761 2038//809
f 1989//760 2038//809 2037//808
f 1990//761 1991//762 2039//810
f 1990//761 2039//810 2038//809
f 1991//762 1992//763 2040//811
f 1991//762 2040//811 2039//810
f 1992//763 1993//764 2041//812
f 1992//763 2041//812 2040//811
f 1993//764 1994//765 2042//813
f 1993//764 2042//813 2041//812
f 1994//765 1995//766 2043//814
f 1994//765 2043//814 2042//813
f 1995//766 1996//767 2044//815
f 1995//766 2044//815 2043//814
f 1996//767 1997//768 2045//816
f 1996//767 2045//816 2044//815
f 1997//768 1998//769 2046//817
f 1997//768 2046//817 2045//816
f 1998//769 1999//770 2047//818
f 1998//769 2047//818 2046//817
f 1999//770 1953//724 2001//772
f 1999//770 2001//772 2047//818
f 2001//772 2000//771 2048//819
f 2001//772 2048//819 2049//820
f 2000//771 2002//773 2050//821
f 2000//771 2050//821 2048//819
f 2002//773 2003//774 2051//822
f 2002//773 2051//822 2050//821
f 2003//774 2004//775 2052//823
f 2003//774 2052//823 2051//822
f 2004//775 2005//776 2053//824
f 2004//775 2053//824 2052//823
f 2005//776 2006//777 2054//825
f 2005//776 2054//825 2053//824
f 2006//777 2007//778 2055//826
f 2006//777 2055//826 2054//825
f 2007//778 2008//779 2056//827
f 2007//778 2056//827 2055//826
f 2008//779 2009//780 2057//828
f 2008//779 2057//828 2056//827
f 2009//780 2010//781 2058//829
f 2009//780 2058//829 2057//828
f 2010//781 2011//782 2059//830
f 2010//781 2059//830 2058//829
f 2011//782 2012//783 2060//831
f 2011//782 2060//831 2059//830
f 2012//783 2013//784 2061//832
f 2012//783 2061//832 2060//831
f 2013//784 2014//785 2062//833
f 2013//784 2062//833 2061//832
f 2014//785 2015//786 2063//834
f 2014//785 2063//834 2062//833
f 2015//786 2016//787 2064//835
f 2015//786 2064//835 2063//834
f 2016//787 2017//788 2065//836
f 2016//787 2065//836 2064//835
f 2017//788 2018//789 2066//837
f 2017//788 2066//837 2065//836
f 2018//789 2019//790 2067//838
f 2018//789 2067//838 2066//837
f 2019//790 2020//791 2068//839
f 2019//790 2068//839 2067//838
f 2020//791 2021//792 2069//840
f 2020//791 2069//840 2068//839
f 2021//792 2022//793 2070//841
f 2021//792 2070//841 2069//840
f 2022//793 2023//794 2071//842
f 2022//793 2071//842 2070//841
f 2023//794 2024//795 2072//843
f 2023//794 2072//843 2071//842
f 2024//795 2025//796 2073//844
f 2024//795 2073//844 2072//843
f 2025//796 2026//797 2074//845
f 2025//796 2074//845 2073//844
f 2026//797 2027//798 2075//846
f 2026//797 2075//846 2074//845
f 2027//798 2028//799 2076//847
f 2027//798 2076//847 2075//846
f 2028//799 2029//800 2077//848
f 2028//799 2077//848 2076//847
f 2029//800 2030//801 2078//849
f 2029//800 2078//849 2077//848
f 2030//801 2031//802 2079//850
f 2030//801 2079//850 2078//849
f 2031//802 2032//803 2080//851
f 2031//802 2080//851 2079//850
f 2032//803 2033//804 2081//852
f 2032//803 2081//852 2080//851
f 2033//804 2034//805 2082//853
f 2033//804 2082//853 2081//852
f 2034//805 2035//806 2083//854
f 2034//805 2083//854 2082//853
f 2035//806 2036//807 2084//855
f 2035//806 2084//855 2083//854
f 2036//807 2037//808 2085//856
f 2036//807 2085//856 2084//855
f 2037//808 2038//809 2086//857
f 2037//808 2086//857 2085//856
f 2038//809 2039//810 2087//858
f 2038//809 2087//858 2086//857
f 2039//810 2040//811 2088//859
f 2039//810 2088//859 2087//858
f 2040//811 2041//812 2089//860
f 2040//811 2089//860 2088//859
f 2041//812 2042//813 2090//861
f 2041//812 2090//861 2089//860
f 2042//813 2043//814 2091//862
f 2042//813 2091//862 2090//861
f 2043//814 2044//815 2092//863
f 2043//814 2092//863 2091//862
f 2044//815 2045//816 2093//864
f 2044//815 2093//864 2092//863
f 2045//816 2046//817 2094//865
f 2045//816 2094//865 2093//864
f 2046//817 2047//818 2095//866
f 2046//817 2095//866 2094//865
f 2047//818 2001//772 2049//820
f 2047//818 2049//820 2095//866
f 2049//820 2048//819 2096//867
f 2049//820 2096//867 2097//868
f 2048//819 2050//821 2098//869
f 2048//819 2098//869 2096//867
f 2050//821 2051//822 2099//870
f 2050//821 2099//870 2098//869
f 2051//822 2052//823 2100//871
f 2051//822 2100//871 2099//870
f 2052//823 2053//824 2101//872
f 2052//823 2101//872 2100//871
f 2053//824 2054//825 2102//873
f 2053//824 2102//873 2101//872
f 2054//825 2055//826 2103//874
f 2054//825 2103//874 2102//873
f 2055//826 2056//827 2104//875
f 2055//826 2104//875 2103//874
f 2056//827 2057//828 2105//876
f 2056//827 2105//876 2104//875
f 2057//828 2058//829 2106//877
f 2057//828 2106//877 2105//876
f 2058//829 2059//830 2107//878
f 2058//829 2107//878 2106//877
f 2059//830 2060//831 2108//879
f 2059//830 2108//879 2107//878
f 2060//831 2061//832 2109//880
f 2060//831 2109//880 2108//879
f 2061//832 2062//833 2110//881
f 2061//832 2110//881 2109//880
f 2062//833 2063//834 2111//882
f 2062//833 2111//882 2110//881
f 2063//834 2064//835 2112//883
f 2063//834 2112//883 2111//882
f 2064//835 2065//836 2113//884
f 2064//835 2113//884 2112//883
f 2065//836 2066//837 2114//885
f 2065//836 2114//885 2113//884
f 2066//837 2067//838 2115//886
f 2066//837 2115//886 2114//885
f 2067//838 2068//839 2116//887
f 2067//838 2116//887 2115//886
f 2068//839 2069//840 2117//888
f 2068//839 2117//888 2116//887
f 2069//840 2070//841 2118//889
f 2069//840 2118//889 2117//888
f 2070//841 2071//842 2119//890
f 2070//841 2119//890 2118//889
f 2071//842 2072//843 2120//891
f 2071//842 2120//891 2119//890
f 2072//843 2073//844 2121//892
f 2072//843 2121//892 2120//891
f 2073//844 2074//845 2122//893
f 2073//844 2122//893 2121//892
f 2074//845 2075//846 2123//894
f 2074//845 2123//894 2122//893
f 2075//846 2076//847 2124//895
f 2075//846 2124//895 2123//894
f 2076//847 2077//848 2125//896
f 2076//847 2125//896 2124//895
f 2077//848 2078//849 2126//897
f 2077//848 2126//897 2125//896
f 2078//849 2079//850 2127//898
f 2078//849 2127//898 2126//897
f 2079//850 2080//851 2128//899
f 2079//850 2128//899 2127//898
f 2080//851 2081//852 2129//900
f 2080//851 2129//900 2128//899
f 2081//852 2082//853 2130//901
f 2081//852 2130//901 2129//900
f 2082//853 2083//854 2131//902
f 2082//853 2131//902 2130//901
f 2083//854 2084//855 2132//903
f 2083//854 2132//903 2131//902
f 2084//855 2085//856 2133//904
f 2084//855 2133//904 2132//903
f 2085//856 2086//857 2134//905
f 2085//856 2134//905 2133//904
f 2086//857 2087//858 2135//906
f 2086//857 2135//906 2134//905
f 2087//858 2088//859 2136//907
f 2087//858 2136//907 2135//906
f 2088//859 2089//860 2137//908
f 2088//859 2137//908 2136//907
f 2089//860 2090//861 2138//909
f 2089//860 2138//909 2137//908
f 2090//861 2091//862 2139//910
f 2090//861 2139//910 2138//909
f 2091//862 2092//863 2140//911
f 2091//862 2140//911 2139//910
f 2092//863 2093//864 2141//912
f 2092//863 2141//912 2140//911
f 2093//864 2094//865 2142//913
f 2093//864 2142//913 2141//912
f 2094//865 2095//866 2143//914
f 2094//865 2143//914 2142//913
f 2095//866 2049//820 2097//868
f 2095//866 2097//868 2143//914
f 2097//868 2096//867 2144//915
f 2097//868 2144//915 2145//916
f 2096//867 2098//869 2146//917
f 2096//867 2146//917 2144//915
f 2098//869 2099//870 2147//918
f 2098//869 2147//918 2146//917
f 2099//870 2100//871 2148//919
f 2099//870 2148//919 2147//918
f 2100//871 2101//872 2149//920
f 2100//871 2149//920 2148//919
f 2101//872 2102//873 2150//921
f 2101//872 2150//921 2149//920
f 2102//873 2103//874 2151//922
f 2102//873 2151//922 2150//921
f 2103//874 2104//875 2152//923
f 2103//874 2152//923 2151//922
f 2104//875 2105//876 2153//924
f 2104//875 2153//924 2152//923
f 2105//876 2106//877 2154//925
f 2105//876 2154//925 2153//924
f 2106//877 2107//878 2155//926
f 2106//877 2155//926 2154//925
f 2107//878 2108//879 2156//927
f 2107//878 2156//927 2155//926
f 2108//879 2109//880 2157//928
f 2108//879 2157//928 2156//927
f 2109//880 2110//881 2158//929
f 2109//880 2158//929 2157//928
f 2110//881 2111//882 2159//930
f 2110//881 2159//930 2158//929
f 2111//882 2112//883 2160//931
f 2111//882 2160//931 2159//930
f 2112//883 2113//884 2161//932
f 2112//883 2161//932 2160//931
f 2113//884 2114//885 2162//933
f 2113//884 2162//933 2161//932
f 2114//885 2115//886 2163//934
f 2114//885 2163//934 2162//933
f 2115//886 2116//887 2164//935
f 2115//886 2164//935 2163//934
f 2116//887 2117//888 2165//936
f 2116//887 2165//936 2164//935
f 2117//888 2118//889 2166//937
f 2117//888 2166//937 2165//936
f 2118//889 2119//890 2167//938
f 2118//889 2167//938 2166//937
f 2119//890 2120//891 2168//939
f 2119//890 2168//939 2167//938
f 2120//891 2121//892 2169//940
f 2120//891 2169//940 2168//939
f 2121//892 2122//893 2170//941
f 2121//892 2170//941 2169//940
f 2122//893 2123//894 2171//942
f 2122//893 2171//942 2170//941
f 2123//894 2124//895 2172//943
f 2123//894 2172//943 2171//942
f 2124//895 2125//896 2173//944
f 2124//895 2173//944 2172//943
f 2125//896 2126//897 2174//945
f 2125//896 2174//945 2173//944
f 2126//897 2127//898 2175//946
f 2126//897 2175//946 2174//945
f 2127//898 2128//899 2176//947
f 2127//898 2176//947 2175//946
f 2128//899 2129//900 2177//948
f 2128//899 2177//948 2176//947
f 2129//900 2130//901 2178//949
f 2129//900 2178//949 2177//948
f 2130//901 2131//902 2179//950
f 2130//901 2179//950 2178//949
f 2131//902 2132//903 2180//951
f 2131//902 2180//951 2179//950
f 2132//903 2133//904 2181//952
f 2132//903 2181//952 2180//951
f 2133//904 2134//905 2182//953
f 2133//904 2182//953 2181//952
f 2134//905 2135//906 2183//954
f 2134//905 2183//954 2182//953
f 2135//906 2136//907 2184//955
f 2135//906 2184//955 2183//954
f 2136//907 2137//908 2185//956
f 2136//907 2185//956 2184//955
f 2137//908 2138//909 2186//957
f 2137//908 2186//957 2185//956
f 2138//909 2139//910 2187//958
f 2138//909 2187//958 2186//957
f 2139//910 2140//911 2188//959
f 2139//910 2188//959 2187//958
f 2140//911 2141//912 2189//960
f 2140//911 2189//960 2188//959
f 2141//912 2142//913 2190//961
f 2141//912 2190//961 2189//960
f 2142//913 2143//914 2191//962
f 2142//913 2191//962 2190//961
f 2143//914 2097//868 2145//916
f 2143//914 2145//916 2191//962
f 2145//916 2144//915 2192//963
f 2145//916 2192//963 2193//964
f 2144//915 2146//917 2194//965
f 2144//915 2194//965 2192//963
f 2146//917 2147//918 2195//966
f 2146//917 2195//966 2194//965
f 2147//918 2148//919 2196//967
f 2147//918 2196//967 2195//966
f 2148//919 2149//920 2197//968
f 2148//919 2197//968 2196//967
f 2149//920 2150//921 2198//969
f 2149//920 2198//969 2197//968
f 2150//921 2151//922 2199//970
f 2150//921 2199//970 2198//969
f 2151//922 2152//923 2200//971
f 2151//922 2200//971 2199//970
f 2152//923 2153//924 2201//972
f 2152//923 2201//972 2200//971
f 2153//924 2154//925 2202//973
f 2153//924 2202//973 2201//972
f 2154//925 2155//926 2203//974
f 2154//925 2203//974 2202//973
f 2155//926 2156//927 2204//975
f 2155//926 2204//975 2203//974
f 2156//927 2157//928 2205//976
f 2156//927 2205//976 2204//975
f 2157//928 2158//929 2206//977
f 2157//928 2206//977 2205//976
f 2158//929 2159//930 2207//978
f 2158//929 2207//978 2206//977
f 2159//930 2160//931 2208//979
f 2159//930 2208//979 2207//978
f 2160//931 2161//932 2209//980
f 2160//931 2209//980 2208//979
f 2161//932 2162//933 2210//981
f 2161//932 2210//981 2209//980
f 2162//933 2163//934 2211//982
f 2162//933 2211//982 2210//981
f 2163//934 2164//935 2212//983
f 2163//934 2212//983 2211//982
f 2164//935 2165//936 2213//984
f 2164//935 2213//984 2212//983
f 2165//936 2166//937 2214//985
f 2165//936 2214//985 2213//984
f 2166//937 2167//938 2215//986
f 2166//937 2215//986 2214//985
f 2167//938 2168//939 2216//987
f 2167//938 2216//987 2215//986
f 2168//939 2169//940 2217//988
f 2168//939 2217//988 2216//987
f 2169//940 2170//941 2218//989
f 2169//940 2218//989 2217//988
f 2170//941 2171//942 2219//990
f 2170//941 2219//990 2218//989
f 2171//942 2172//943 2220//991
f 2171//942 2220//991 2219//990
f 2172//943 2173//944 2221//992
f 2172//943 2221//992 2220//991
f 2173//944 2174//945 2222//993
f 2173//944 2222//993 2221//992
f 2174//945 2175//946 2223//994
f 2174//945 2223//994 2222//993
f 2175//946 2176//947 2224//995
f 2175//946 2224//995 2223//994
f 2176//947 2177//948 2225//996
f 2176//947 2225//996 2224//995
f 2177//948 2178//949 2226//997
f 2177//948 2226//997 2225//996
f 2178//949 2179//950 2227//998
f 2178//949 2227//998 2226//997
f 2179//950 2180//951 2228//999
f 2179//950 2228//999 2227//998
f 2180//951 2181//952 2229//1000
f 2180//951 2229//1000 2228//999
f 2181//952 2182//953 2230//1001
f 2181//952 2230//1001 2229//1000
f 2182//953 2183//954 2231//1002
f 2182//953 2231//1002 2230//1001
f 2183//954 2184//955 2232//1003
f 2183//954 2232//1003 2231//1002
f 2184//955 2185//956 2233//1004
f 2184//955 2233//1004 2232//1003
f 2185//956 2186//957 2234//1005
f 2185//956 2234//1005 2233//1004
f 2186//957 2187//958 2235//1006
f 2186//957 2235//1006 2234//1005
f 2187//958 2188//959 2236//1007
f 2187//958 2236//1007 2235//1006
f 2188//959 2189//960 2237//1008
f 2188//959 2237//1008 2236//1007
f 2189//960 2190//961 2238//1009
f 2189//960 2238//1009 2237//1008
f 2190//961 2191//962 2239//1010
f 2190//961 2239//1010 2238//1009
f 2191//962 2145//916 2193//964
f 2191//962 2193//964 2239//1010
f 2193//964 2192//963 2240//1011
f 2193//964 2240//1011 2241//1012
f 2192//963 2194//965 2242//1013
f 2192//963 2242//1013 2240//1011
f 2194//965 2195//966 2243//1014
f 2194//965 2243//1014 2242//1013
f 2195//966 2196//967 2244//1015
f 2195//966 2244//1015 2243//1014
f 2196//967 2197//968 2245//1016
f 2196//967 2245//1016 2244//1015
f 2197//968 2198//969 2246//1017
f 2197//968 2246//1017 2245//1016
f 2198//969 2199//970 2247//1018
f 2198//969 2247//1018 2246//1017
f 2199//970 2200//971 2248//1019
f 2199//970 2248//1019 2247//1018
f 2200//971 2201//972 2249//1020
f 2200//971 2249//1020 2248//1019
f 2201//972 2202//973 2250//1021
f 2201//972 2250//1021 2249//1020
f 2202//973 2203//974 2251//1022
f 2202//973 2251//1022 2250//1021
f 2203//974 2204//975 2252//1023
f 2203//974 2252//1023 2251//1022
f 2204//975 2205//976 2253//1024
f 2204//975 2253//1024 2252//1023
f 2205//976 2206//977 2254//1025
f 2205//976 2254//1025 2253//1024
f 2206//977 2207//978 2255//1026
f 2206//977 2255//1026 2254//1025
f 2207//978 2208//979 2256//1027
f 2207//978 2256//1027 2255//1026
f 2208//979 2209//980 2257//1028
f 2208//979 2257//1028 2256//1027
f 2209//980 2210//981 2258//1029
f 2209//980 2258//1029 2257//1028
f 2210//981 2211//982 2259//1030
f 2210//981 2259//1030 2258//1029
f 2211//982 2212//983 2260//1031
f 2211//982 2260//1031 2259//1030
f 2212//983 2213//984 2261//1032
f 2212//983 2261//1032 2260//1031
f 2213//984 2214//985 2262//1033
f 2213//984 2262//1033 2261//1032
f 2214//985 2215//986 2263//1034
f 2214//985 2263//1034 2262//1033
f 2215//986 2216//987 2264//1035
f 2215//986 2264//1035 2263//1034
f 2216//987 2217//988 2265//1036
f 2216//987 2265//1036 2264//1035
f 2217//988 2218//989 2266//1037
f 2217//988 2266//1037 2265//1036
f 2218//989 2219//990 2267//1038
f 2218//989 2267//1038 2266//1037
f 2219//990 2220//991 2268//1039
f 2219//990 2268//1039 2267//1038
f 2220//991 2221//992 2269//1040
f 2220//991 2269//1040 2268//1039
f 2221//992 2222//993 2270//1041
f 2221//992 2270//1041 2269//1040
f 2222//993 2223//994 2271//1042
f 2222//993 2271//1042 2270//1041
f 2223//994 2224//995 2272//1043
f 2223//994 2272//1043 2271//1042
f 2224//995 2225//996 2273//1044
f 2224//995 2273//1044 2272//1043
f 2225//996 2226//997 2274//1045
f 2225//996 2274//1045 2273//1044
f 2226//997 2227//998 2275//1046
f 2226//997 2275//1046 2274//1045
f 2227//998 2228//999 2276//1047
f 2227//998 2276//1047 2275//1046
f 2228//999 2229//1000 2277//1048
f 2228//999 2277//1048 2276//1047
f 2229//1000 2230//1001 2278//1049
f 2229//1000 2278//1049 2277//1048
f 2230//1001 2231//1002 2279//1050
f 2230//1001 2279//1050 2278//1049
f 2231//1002 2232//1003 2280//1051
f 2231//1002 2280//1051 2279//1050
f 2232//1003 2233//1004 2281//1052
f 2232//1003 2281//1052 2280//1051
f 2233//1004 2234//1005 2282//1053
f 2233//1004 2282//1053 2281//1052
f 2234//1005 2235//1006 2283//1054
f 2234//1005 2283//1054 2282//1053
f 2235//1006 2236//1007 2284//1055
f 2235//1006 2284//1055 2283//1054
f 2236//1007 2237//1008 2285//1056
f 2236//1007 2285//1056 2284//1055
f 2237//1008 2238//1009 2286//1057
f 2237//1008 2286//1057 2285//1056
f 2238//1009 2239//1010 2287//1058
f 2238//1009 2287//1058 2286//1057
f 2239//1010 2193//964 2241//1012
f 2239//1010 2241//1012 2287//1058
f 2241//1012 2240//1011 2288//1059
f 2241//1012 2288//1059 2289//1060
f 2240//1011 2242//1013 2290//1061
f 2240//1011 2290//1061 2288//1059
f 2242//1013 2243//1014 2291//1062
f 2242//1013 2291//1062 2290//1061
f 2243//1014 2244//1015 2292//1063
f 2243//1014 2292//1063 2291//1062
f 2244//1015 2245//1016 2293//1064
f 2244//1015 2293//1064 2292//1063
f 2245//1016 2246//1017 2294//1065
f 2245//1016 2294//1065 2293//1064
f 2246//1017 2247//1018 2295//1066
f 2246//1017 2295//1066 2294//1065
f 2247//1018 2248//1019 2296//1067
f 2247//1018 2296//1067 2295//1066
f 2248//1019 2249//1020 2297//1068
f 2248//1019 2297//1068 2296//1067
f 2249//1020 2250//1021 2298//1069
f 2249//1020 2298//1069 2297//1068
f 2250//1021 2251//1022 2299//1070
f 2250//1021 2299//1070 2298//1069
f 2251//1022 2252//1023 2300//1071
f 2251//1022 2300//1071 2299//1070
f 2252//1023 2253//1024 2301//1072
f 2252//1023 2301//1072 2300//1071
f 2253//1024 2254//1025 2302//1073
f 2253//1024 2302//1073 2301//1072
f 2254//1025 2255//1026 2303//1074
f 2254//1025 2303//1074 2302//1073
f 2255//1026 2256//1027 2304//1075
f 2255//1026 2304//1075 2303//1074
f 2256//1027 2257//1028 2305//1076
f 2256//1027 2305//1076 2304//1075
f 2257//1028 2258//1029 2306//1077
f 2257//1028 2306//1077 2305//1076
f 2258//1029 2259//1030 2307//1078
f 2258//1029 2307//1078 2306//1077
f 2259//1030 2260//1031 2308//1079
f 2259//1030 2308//1079 2307//1078
f 2260//1031 2261//1032 2309//1080
f 2260//1031 2309//1080 2308//1079
f 2261//1032 2262//1033 2310//1081
f 2261//1032 2310//1081 2309//1080
f 2262//1033 2263//1034 2311//1082
f 2262//1033 2311//1082 2310//1081
f 2263//1034 2264//1035 2312//1083
f 2263//1034 2312//1083 2311//1082
f 2264//1035 2265//1036 2313//1084
f 2264//1035 2313//1084 2312//1083
f 2265//1036 2266//1037 2314//1085
f 2265//1036 2314//1085 2313//1084
f 2266//1037 2267//1038 2315//1086
f 2266//1037 2315//1086 2314//1085
f 2267//1038 2268//1039 2316//1087
f 2267//1038 2316//1087 2315//1086
f 2268//1039 2269//1040 2317//1088
f 2268//1039 2317//1088 2316//1087
f 2269//1040 2270//1041 2318//1089
f 2269//1040 2318//1089 2317//1088
f 2270//1041 2271//1042 2319//1090
f 2270//1041 2319//1090 2318//1089
f 2271//1042 2272//1043 2320//1091
f 2271//1042 2320//1091 2319//1090
f 2272//1043 2273//1044 2321//1092
f 2272//1043 2321//1092 2320//1091
f 2273//1044 2274//1045 2322//1093
f 2273//1044 2322//1093 2321//1092
f 2274//1045 2275//1046 2323//1094
f 2274//1045 2323//1094 2322//1093
f 2275//1046 2276//1047 2324//1095
f 2275//1046 2324//1095 2323//1094
f 2276//1047 2277//1048 2325//1096
f 2276//1047 2325//1096 2324//1095
f 2277//1048 2278//1049 2326//1097
f 2277//1048 2326//1097 2325//1096
f 2278//1049 2279//1050 2327//1098
f 2278//1049 2327//1098 2326//1097
f 2279//1050 2280//1051 2328//1099
f 2279//1050 2328//1099 2327//1098
f 2280//1051 2281//1052 2329//1100
f 2280//1051 2329//1100 2328//1099
f 2281//1052 2282//1053 2330//1101
f 2281//1052 2330//1101 2329//1100
f 2282//1053 2283//1054 2331//1102
f 2282//1053 2331//1102 2330//1101
f 2283//1054 2284//1055 2332//1103
f 2283//1054 2332//1103 2331//1102
f 2284//1055 2285//1056 2333//1104
f 2284//1055 2333//1104 2332//1103
f 2285//1056 2286//1057 2334//1105
f 2285//1056 2334//1105 2333//1104
f 2286//1057 2287//1058 2335//1106
f 2286//1057 2335//1106 2334//1105
f 2287//1058 2241//1012 2289//1060
f 2287//1058 2289//1060 2335//1106
f 2289//1060 2288//1059 2336//2
f 2288//1059 2290//1061 2336//2
f 2290//1061 2291//1062 2336//2
f 2291//1062 2292//1063 2336//2
f 2292//1063 2293//1064 2336//2
f 2293//1064 2294//1065 2336//2
f 2294//1065 2295//1066 2336//2
f 2295//1066 2296//1067 2336//2
f 2296//1067 2297//1068 2336//2
f 2297//1068 2298//1069 2336//2
f 2298//1069 2299//1070 2336//2
f 2299//1070 2300//1071 2336//2
f 2300//1071 2301//1072 2336//2
f 2301//1072 2302//1073 2336//2
f 2302//1073 2303//1074 2336//2
f 2303//1074 2304//1075 2336//2
f 2304//1075 2305//1076 2336//2
f 2305//1076 2306//1077 2336//2
f 2306//1077 2307//1078 2336//2
f 2307//1078 2308//1079 2336//2
f 2308//1079 2309//1080 2336//2
f 2309//1080 2310//1081 2336//2
f 2310//1081 2311//1082 2336//2
f 2311//1082 2312//1083 2336//2
f 2312//1083 2313//1084 2336//2
f 2313//1084 2314//1085 2336//2
f 2314//1085 2315//1086 2336//2
f 2315//1086 2316//1087 2336//2
f 2316//1087 2317//1088 2336//2
f 2317//1088 2318//1089 2336//2
f 2318//1089 2319//1090 2336//2
f 2319//1090 2320//1091 2336//2
f 2320//1091 2321//1092 2336//2
f 2321//1092 2322//1093 2336//2
f 2322//1093 2323//1094 2336//2
f 2323//1094 2324//1095 2336//2
f 2324//1095 2325//1096 2336//2
f 2325//1096 2326//1097 2336//2
f 2326//1097 2327//1098 2336//2
f 2327//1098 2328//1099 2336//2
f 2328//1099 2329//1100 2336//2
f 2329//1100 2330//1101 2336//2
f 2330//1101 2331//1102 2336//2
f 2331//1102 2332//1103 2336//2
f 2332//1103 2333//1104 2336//2
f 2333//1104 2334//1105 2336//2
f 2334//1105 2335//1106 2336//2
f 2335//1106 2289//1060 2336//2
usemtl pewter
f 2337//1 2338//7 2339//8
f 2337//1 2340//9 2338//7
f 2337//1 2341//10 2340//9
f 2337//1 2342//11 2341//10
f 2337//1 2343//12 2342//11
f 2337//1 2344//13 2343//12
f 2337//1 2345//14 2344//13
f 2337//1 2346//15 2345//14
f 2337//1 2347//16 2346//15
f 2337//1 2348//17 2347//16
f 2337//1 2349//18 2348//17
f 2337//1 2350//19 2349//18
f 2337//1 2351//20 2350//19
f 2337//1 2352//21 2351//20
f 2337//1 2353//22 2352//21
f 2337//1 2354//23 2353//22
f 2337//1 2355//24 2354//23
f 2337//1 2356//25 2355//24
f 2337//1 2357//26 2356//25
f 2337//1 2358//27 2357//26
f 2337//1 2359//28 2358//27
f 2337//1 2360//29 2359//28
f 2337//1 2361//30 2360//29
f 2337//1 2362//31 2361//30
f 2337//1 2363//32 2362//31
f 2337//1 2364//33 2363//32
f 2337//1 2365//34 2364//33
f 2337//1 2366//35 2365//34
f 2337//1 2367//36 2366//35
f 2337//1 2368//37 2367//36
f 2337//1 2369//38 2368//37
f 2337//1 2370//39 2369//38
f 2337//1 2371//40 2370//39
f 2337//1 2372//41 2371//40
f 2337//1 2373//42 2372//41
f 2337//1 2374//43 2373//42
f 2337//1 2375//44 2374//43
f 2337//1 2376//45 2375//44
f 2337//1 2377//46 2376//45
f 2337//1 2378//47 2377//46
f 2337//1 2379//48 2378//47
f 2337//1 2380//49 2379//48
f 2337//1 2381//50 2380//49
f 2337//1 2382//51 2381//50
f 2337//1 2383//52 2382//51
f 2337//1 2384//53 2383//52
f 2337//1 2385//54 2384//53
f 2337//1 2339//8 2385//54
f 2339//8 2338//7 2386//55
f 2339//8 2386//55 2387//56
f 2338//7 2340//9 2388//57
f 2338//7 2388//57 2386//55
f 2340//9 2341//10 2389//58
f 2340//9 2389//58 2388//57
f 2341//10 2342//11 2390//59
f 2341//10 2390//59 2389//58
f 2342//11 2343//12 2391//60
f 2342//11 2391//60 2390//59
f 2343//12 2344//13 2392//61
f 2343//12 2392//61 2391//60
f 2344//13 2345//14 2393//62
f 2344//13 2393//62 2392//61
f 2345//14 2346//15 2394//63
f 2345//14 2394//63 2393//62
f 2346//15 2347//16 2395//64
f 2346//15 2395//64 2394//63
f 2347//16 2348//17 2396//65
f 2347//16 2396//65 2395//64
f 2348//17 2349//18 2397//66
f 2348//17 2397//66 2396//65
f 2349//18 2350//19 2398//67
f 2349//18 2398//67 2397//66
f 2350//19 2351//20 2399//68
f 2350//19 2399//68 2398//67
f 2351//20 2352//21 2400//69
f 2351//20 2400//69 2399//68
f 2352//21 2353//22 2401//70
f 2352//21 2401//70 2400//69
f 2353//22 2354//23 2402//71
f 2353//22 2402//71 2401//70
f 2354//23 2355//24 2403//72
f 2354//23 2403//72 2402//71
f 2355//24 2356//25 2404//73
f 2355//24 2404//73 2403//72
f 2356//25 2357//26 2405//74
f 2356//25 2405//74 2404//73
f 2357//26 2358//27 2406//75
f 2357//26 2406//75 2405//74
f 2358//27 2359//28 2407//76
f 2358//27 2407//76 2406//75
f 2359//28 2360//29 2408//77
f 2359//28 2408//77 2407//76
f 2360//29 2361//30 2409//78
f 2360//29 2409//78 2408//77
f 2361//30 2362//31 2410//79
f 2361//30 2410//79 2409//78
f 2362//31 2363//32 2411//80
f 2362//31 2411//80 2410//79
f 2363//32 2364//33 2412//81
f 2363//32 2412//81 2411//80
f 2364//33 2365//34 2413//82
f 2364//33 2413//82 2412//81
f 2365//34 2366//35 2414//83
f 2365//34 2414//83 2413//82
f 2366//35 2367//36 2415//84
f 2366//35 2415//84 2414//83
f 2367//36 2368//37 2416//85
f 2367//36 2416//85 2415//84
f 2368//37 2369//38 2417//86
f 2368//37 2417//86 2416//85
f 2369//38 2370//39 2418//87
f 2369//38 2418//87 2417//86
f 2370//39 2371//40 2419//88
f 2370//39 2419//88 2418//87
f 2371//40 2372//41 2420//89
f 2371//40 2420//89 2419//88
f 2372//41 2373//42 2421//90
f 2372//41 2421//90 2420//89
f 2373//42 2374//43 2422//91
f 2373//42 2422//91 2421//90
f 2374//43 2375//44 2423//92
f 2374//43 2423//92 2422//91
f 2375//44 2376//45 2424//93
f 2375//44 2424//93 2423//92
f 2376//45 2377//46 2425//94
f 2376//45 2425//94 2424//93
f 2377//46 2378//47 2426//95
f 2377//46 2426//95 2425//94
f 2378//47 2379//48 2427//96
f 2378//47 2427//96 2426//95
f 2379//48 2380//49 2428//97
f 2379//48 2428//97 2427//96
f 2380//49 2381//50 2429//98
f 2380//49 2429//98 2428//97
f 2381//50 2382//51 2430//99
f 2381//50 2430//99 2429//98
f 2382//51 2383//52 2431//100
f 2382//51 2431//100 2430//99
f 2383//52 2384//53 2432//101
f 2383//52 2432//101 2431//100
f 2384//53 2385//54 2433//102
f 2384//53 2433//102 2432//101
f 2385//54 2339//8 2387//56
f 2385//54 2387//56 2433//102
f 2387//56 2386//55 2434//103
f 2387//56 2434//103 2435//104
f 2386//55 2388//57 2436//105
f 2386//55 2436//105 2434//103
f 2388//57 2389//58 2437//106
f 2388//57 2437//106 2436//105
f 2389//58 2390//59 2438//107
f 2389//58 2438//107 2437//106
f 2390//59 2391//60 2439//108
f 2390//59 2439//108 2438//107
f 2391//60 2392//61 2440//109
f 2391//60 2440//109 2439//108
f 2392//61 2393//62 2441//110
f 2392//61 2441//110 2440//109
f 2393//62 2394//63 2442//111
f 2393//62 2442//111 2441//110
f 2394//63 2395//64 2443//112
f 2394//63 2443//112 2442//111
f 2395//64 2396//65 2444//113
f 2395//64 2444//113 2443//112
f 2396//65 2397//66 2445//114
f 2396//65 2445//114 2444//113
f 2397//66 2398//67 2446//115
f 2397//66 2446//115 2445//114
f 2398//67 2399//68 2447//116
f 2398//67 2447//116 2446//115
f 2399//68 2400//69 2448//117
f 2399//68 2448//117 2447//116
f 2400//69 2401//70 2449//118
f 2400//69 2449//118 2448//117
f 2401//70 2402//71 2450//119
f 2401//70 2450//119 2449//118
f 2402//71 2403//72 2451//120
f 2402//71 2451//120 2450//119
f 2403//72 2404//73 2452//121
f 2403//72 2452//121 2451//120
f 2404//73 2405//74 2453//122
f 2404//73 2453//122 2452//121
f 2405//74 2406//75 2454//123
f 2405//74 2454//123 2453//122
f 2406//75 2407//76 2455//124
f 2406//75 2455//124 2454//123
f 2407//76 2408//77 2456//125
f 2407//76 2456//125 2455//124
f 2408//77 2409//78 2457//126
f 2408//77 2457//126 2456//125
f 2409//78 2410//79 2458//127
f 2409//78 2458//127 2457//126
f 2410//79 2411//80 2459//128
f 2410//79 2459//128 2458//127
f 2411//80 2412//81 2460//129
f 2411//80 2460//129 2459//128
f 2412//81 2413//82 2461//130
f 2412//81 2461//130 2460//129
f 2413//82 2414//83 2462//131
f 2413//82 2462//131 2461//130
f 2414//83 2415//84 2463//132
f 2414//83 2463//132 2462//131
f 2415//84 2416//85 2464//133
f 2415//84 2464//133 2463//132
f 2416//85 2417//86 2465//134
f 2416//85 2465//134 2464//133
f 2417//86 2418//87 2466//135
f 2417//86 2466//135 2465//134
f 2418//87 2419//88 2467//136
f 2418//87 2467//136 2466//135
f 2419//88 2420//89 2468//137
f 2419//88 2468//137 2467//136
f 2420//89 2421//90 2469//138
f 2420//89 2469//138 2468//137
f 2421//90 2422//91 2470//139
f 2421//90 2470//139 2469//138
f 2422//91 2423//92 2471//140
f 2422//91 2471//140 2470//139
f 2423//92 2424//93 2472//141
f 2423//92 2472//141 2471//140
f 2424//93 2425//94 2473//142
f 2424//93 2473//142 2472//141
f 2425//94 2426//95 2474//143
f 2425//94 2474//143 2473//142
f 2426//95 2427//96 2475//144
f 2426//95 2475//144 2474//143
f 2427//96 2428//97 2476//145
f 2427//96 2476//145 2475//144
f 2428//97 2429//98 2477//146
f 2428//97 2477//146 2476//145
f 2429//98 2430//99 2478//147
f 2429//98 2478//147 2477//146
f 2430//99 2431//100 2479//148
f 2430//99 2479//148 2478//147
f 2431//100 2432//101 2480//149
f 2431//100 2480//149 2479//148
f 2432//101 2433//102 2481//150
f 2432//101 2481//150 2480//149
f 2433//102 2387//56 2435//104
f 2433//102 2435//104 2481//150
f 2435//104 2434//103 2482//151
f 2435//104 2482//151 2483//152
f 2434//103 2436//105 2484//153
f 2434//103 2484//153 2482//151
f 2436//105 2437//106 2485//154
f 2436//105 2485//154 2484//153
f 2437//106 2438//107 2486//155
f 2437//106 2486//155 2485//154
f 2438//107 2439//108 2487//156
f 2438//107 2487//156 2486//155
f 2439//108 2440//109 2488//157
f 2439//108 2488//157 2487//156
f 2440//109 2441//110 2489//158
f 2440//109 2489//158 2488//157
f 2441//110 2442//111 2490//159
f 2441//110 2490//159 2489//158
f 2442//111 2443//112 2491//160
f 2442//111 2491//160 2490//159
f 2443//112 2444//113 2492//161
f 2443//112 2492//161 2491//160
f 2444//113 2445//114 2493//162
f 2444//113 2493//162 2492//161
f 2445//114 2446//115 2494//163
f 2445//114 2494//163 2493//162
f 2446//115 2447//116 2495//164
f 2446//115 2495//164 2494//163
f 2447//116 2448//117 2496//165
f 2447//116 2496//165 2495//164
f 2448//117 2449//118 2497//166
f 2448//117 2497//166 2496//165
f 2449//118 2450//119 2498//167
f 2449//118 2498//167 2497//166
f 2450//119 2451//120 2499//168
f 2450//119 2499//168 2498//167
f 2451//120 2452//121 2500//169
f 2451//120 2500//169 2499//168
f 2452//121 2453//122 2501//170
f 2452//121 2501//170 2500//169
f 2453//122 2454//123 2502//171
f 2453//122 2502//171 2501//170
f 2454//123 2455//124 2503//172
f 2454//123 2503//172 2502//171
f 2455//124 2456//125 2504//173
f 2455//124 2504//173 2503//172
f 2456//125 2457//126 2505//174
f 2456//125 2505//174 2504//173
f 2457//126 2458//127 2506//175
f 2457//126 2506//175 2505//174
f 2458//127 2459//128 2507//176
f 2458//127 2507//176 2506//175
f 2459//128 2460//129 2508//177
f 2459//128 2508//177 2507//176
f 2460//129 2461//130 2509//178
f 2460//129 2509//178 2508//177
f 2461//130 2462//131 2510//179
f 2461//130 2510//179 2509//178
f 2462//131 2463//132 2511//180
f 2462//131 2511//180 2510//179
f 2463//132 2464//133 2512//181
f 2463//132 2512//181 2511//180
f 2464//133 2465//134 2513//182
f 2464//133 2513//182 2512//181
f 2465//134 2466//135 2514//183
f 2465//134 2514//183 2513//182
f 2466//135 2467//136 2515//184
f 2466//135 2515//184 2514//183
f 2467//136 2468//137 2516//185
f 2467//136 2516//185 2515//184
f 2468//137 2469//138 2517//186
f 2468//137 2517//186 2516//185
f 2469//138 2470//139 2518//187
f 2469//138 2518//187 2517//186
f 2470//139 2471//140 2519//188
f 2470//139 2519//188 2518//187
f 2471//140 2472//141 2520//189
f 2471//140 2520//189 2519//188
f 2472//141 2473//142 2521//190
f 2472//141 2521//190 2520//189
f 2473//142 2474//143 2522//191
f 2473//142 2522//191 2521//190
f 2474//143 2475//144 2523//192
f 2474//143 2523//192 2522//191
f 2475//144 2476//145 2524//193
f 2475//144 2524//193 2523//192
f 2476//145 2477//146 2525//194
f 2476//145 2525//194 2524//193
f 2477//146 2478//147 2526//195
f 2477//146 2526//195 2525//194
f 2478//147 2479//148 2527//196
f 2478//147 2527//196 2526//195
f 2479//148 2480//149 2528//197
f 2479//148 2528//197 2527//196
f 2480//149 2481//150 2529//198
f 2480//149 2529//198 2528//197
f 2481//150 2435//104 2483//152
f 2481//150 2483//152 2529//198
f 2483//152 2482//151 2530//199
f 2483//152 2530//199 2531//200
f 2482//151 2484//153 2532//201
f 2482//151 2532//201 2530//199
f 2484//153 2485//154 2533//202
f 2484//153 2533//202 2532//201
f 2485//154 2486//155 2534//203
f 2485//154 2534//203 2533//202
f 2486//155 2487//156 2535//204
f 2486//155 2535//204 2534//203
f 2487//156 2488//157 2536//205
f 2487//156 2536//205 2535//204
f 2488//157 2489//158 2537//206
f 2488//157 2537//206 2536//205
f 2489//158 2490//159 2538//207
f 2489//158 2538//207 2537//206
f 2490//159 2491//160 2539//208
f 2490//159 2539//208 2538//207
f 2491//160 2492//161 2540//209
f 2491//160 2540//209 2539//208
f 2492//161 2493//162 2541//210
f 2492//161 2541//210 2540//209
f 2493//162 2494//163 2542//211
f 2493//162 2542//211 2541//210
f 2494//163 2495//164 2543//212
f 2494//163 2543//212 2542//211
f 2495//164 2496//165 2544//213
f 2495//164 2544//213 2543//212
f 2496//165 2497//166 2545//214
f 2496//165 2545//214 2544//213
f 2497//166 2498//167 2546//215
f 2497//166 2546//215 2545//214
f 2498//167 2499//168 2547//216
f 2498//167 2547//216 2546//215
f 2499//168 2500//169 2548//217
f 2499//168 2548//217 2547//216
f 2500//169 2501//170 2549//218
f 2500//169 2549//218 2548//217
f 2501//170 2502//171 2550//219
f 2501//170 2550//219 2549//218
f 2502//171 2503//172 2551//220
f 2502//171 2551//220 2550//219
f 2503//172 2504//173 2552//221
f 2503//172 2552//221 2551//220
f 2504//173 2505//174 2553//222
f 2504//173 2553//222 2552//221
f 2505//174 2506//175 2554//223
f 2505//174 2554//223 2553//222
f 2506//175 2507//176 2555//224
f 2506//175 2555//224 2554//223
f 2507//176 2508//177 2556//225
f 2507//176 2556//225 2555//224
f 2508//177 2509//178 2557//226
f 2508//177 2557//226 2556//225
f 2509//178 2510//179 2558//227
f 2509//178 2558//227 2557//226
f 2510//179 2511//180 2559//228
f 2510//179 2559//228 2558//227
f 2511//180 2512//181 2560//229
f 2511//180 2560//229 2559//228
f 2512//181 2513//182 2561//230
f 2512//181 2561//230 2560//229
f 2513//182 2514//183 2562//231
f 2513//182 2562//231 2561//230
f 2514//183 2515//184 2563//232
f 2514//183 2563//232 2562//231
f 2515//184 2516//185 2564//233
f 2515//184 2564//233 2563//232
f 2516//185 2517//186 2565//234
f 2516//185 2565//234 2564//233
f 2517//186 2518//187 2566//235
f 2517//186 2566//235 2565//234
f 2518//187 2519//188 2567//236
f 2518//187 2567//236 2566//235
f 2519//188 2520//189 2568//237
f 2519//188 2568//237 2567//236
f 2520//189 2521//190 2569//238
f 2520//189 2569//238 2568//237
f 2521//190 2522//191 2570//239
f 2521//190 2570//239 2569//238
f 2522//191 2523//192 2571//240
f 2522//191 2571//240 2570//239
f 2523//192 2524//193 2572//241
f 2523//192 2572//241 2571//240
f 2524//193 2525//194 2573//242
f 2524//193 2573//242 2572//241
f 2525//194 2526//195 2574//243
f 2525//194 2574//243 2573//242
f 2526//195 2527//196 2575//244
f 2526//195 2575//244 2574//243
f 2527//196 2528//197 2576//245
f 2527//196 2576//245 2575//244
f 2528//197 2529//198 2577//246
f 2528//197 2577//246 2576//245
f 2529//198 2483//152 2531//200
f 2529//198 2531//200 2577//246
f 2531//200 2530//199 2578//247
f 2531//200 2578//247 2579//248
f 2530//199 2532//201 2580//249
f 2530//199 2580//249 2578//247
f 2532//201 2533//202 2581//250
f 2532//201 2581//250 2580//249
f 2533//202 2534//203 2582//251
f 2533//202 2582//251 2581//250
f 2534//203 2535//204 2583//252
f 2534//203 2583//252 2582//251
f 2535//204 2536//205 2584//253
f 2535//204 2584//253 2583//252
f 2536//205 2537//206 2585//254
f 2536//205 2585//254 2584//253
f 2537//206 2538//207 2586//255
f 2537//206 2586//255 2585//254
f 2538//207 2539//208 2587//256
f 2538//207 2587//256 2586//255
f 2539//208 2540//209 2588//257
f 2539//208 2588//257 2587//256
f 2540//209 2541//210 2589//258
f 2540//209 2589//258 2588//257
f 2541//210 2542//211 2590//259
f 2541//210 2590//259 2589//258
f 2542//211 2543//212 2591//260
f 2542//211 2591//260 2590//259
f 2543//212 2544//213 2592//261
f 2543//212 2592//261 2591//260
f 2544//213 2545//214 2593//262
f 2544//213 2593//262 2592//261
f 2545//214 2546//215 2594//263
f 2545//214 2594//263 2593//262
f 2546//215 2547//216 2595//264
f 2546//215 2595//264 2594//263
f 2547//216 2548//217 2596//265
f 2547//216 2596//265 2595//264
f 2548//217 2549//218 2597//266
f 2548//217 2597//266 2596//265
f 2549//218 2550//219 2598//267
f 2549//218 2598//267 2597//266
f 2550//219 2551//220 2599//268
f 2550//219 2599//268 2598//267
f 2551//220 2552//221 2600//269
f 2551//220 2600//269 2599//268
f 2552//221 2553//222 2601//270
f 2552//221 2601//270 2600//269
f 2553//222 2554//223 2602//271
f 2553//222 2602//271 2601//270
f 2554//223 2555//224 2603//272
f 2554//223 2603//272 2602//271
f 2555//224 2556//225 2604//273
f 2555//224 2604//273 2603//272
f 2556//225 2557//226 2605//274
f 2556//225 2605//274 2604//273
f 2557//226 2558//227 2606//275
f 2557//226 2606//275 2605//274
f 2558//227 2559//228 2607//276
f 2558//227 2607//276 2606//275
f 2559//228 2560//229 2608//277
f 2559//228 2608//277 2607//276
f 2560//229 2561//230 2609//278
f 2560//229 2609//278 2608//277
f 2561//230 2562//231 2610//279
f 2561//230 2610//279 2609//278
f 2562//231 2563//232 2611//280
f 2562//231 2611//280 2610//279
f 2563//232 2564//233 2612//281
f 2563//232 2612//281 2611//280
f 2564//233 2565//234 2613//282
f 2564//233 2613//282 2612//281
f 2565//234 2566//235 2614//283
f 2565//234 2614//283 2613//282
f 2566//235 2567//236 2615//284
f 2566//235 2615//284 2614//283
f 2567//236 2568//237 2616//285
f 2567//236 2616//285 2615//284
f 2568//237 2569//238 2617//286
f 2568//237 2617//286 2616//285
f 2569//238 2570//239 2618//287
f 2569//238 2618//287 2617//286
f 2570//239 2571//240 2619//288
f 2570//239 2619//288 2618//287
f 2571//240 2572//241 2620//289
f 2571//240 2620//289 2619//288
f 2572//241 2573//242 2621//290
f 2572//241 2621//290 2620//289
f 2573//242 2574//243 2622//291
f 2573//242 2622//291 2621//290
f 2574//243 2575//244 2623//292
f 2574//243 2623//292 2622//291
f 2575//244 2576//245 2624//293
f 2575//244 2624//293 2623//292
f 2576//245 2577//246 2625//294
f 2576//245 2625//294 2624//293
f 2577//246 2531//200 2579//248
f 2577//246 2579//248 2625//294
f 2579//248 2578//247 2626//295
f 2579//248 2626//295 2627//296
f 2578//247 2580//249 2628//297
f 2578//247 2628//297 2626//295
f 2580//249 2581//250 2629//298
f 2580//249 2629//298 2628//297
f 2581//250 2582//251 2630//299
f 2581//250 2630//299 2629//298
f 2582//251 2583//252 2631//300
f 2582//251 2631//300 2630//299
f 2583//252 2584//253 2632//301
f 2583//252 2632//301 2631//300
f 2584//253 2585//254 2633//302
f 2584//253 2633//302 2632//301
f 2585//254 2586//255 2634//303
f 2585//254 2634//303 2633//302
f 2586//255 2587//256 2635//304
f 2586//255 2635//304 2634//303
f 2587//256 2588//257 2636//305
f 2587//256 2636//305 2635//304
f 2588//257 2589//258 2637//306
f 2588//257 2637//306 2636//305
f 2589//258 2590//259 2638//307
f 2589//258 2638//307 2637//306
f 2590//259 2591//260 2639//308
f 2590//259 2639//308 2638//307
f 2591//260 2592//261 2640//309
f 2591//260 2640//309 2639//308
f 2592//261 2593//262 2641//310
f 2592//261 2641//310 2640//309
f 2593//262 2594//263 2642//311
f 2593//262 2642//311 2641//310
f 2594//263 2595//264 2643//312
f 2594//263 2643//312 2642//311
f 2595//264 2596//265 2644//313
f 2595//264 2644//313 2643//312
f 2596//265 2597//266 2645//314
f 2596//265 2645//314 2644//313
f 2597//266 2598//267 2646//315
f 2597//266 2646//315 2645//314
f 2598//267 2599//268 2647//316
f 2598//267 2647//316 2646//315
f 2599//268 2600//269 2648//317
f 2599//268 2648//317 2647//316
f 2600//269 2601//270 2649//318
f 2600//269 2649//318 2648//317
f 2601//270 2602//271 2650//319
f 2601//270 2650//319 2649//318
f 2602//271 2603//272 2651//320
f 2602//271 2651//320 2650//319
f 2603//272 2604//273 2652//321
f 2603//272 2652//321 2651//320
f 2604//273 2605//274 2653//322
f 2604//273 2653//322 2652//321
f 2605//274 2606//275 2654//323
f 2605//274 2654//323 2653//322
f 2606//275 2607//276 2655//324
f 2606//275 2655//324 2654//323
f 2607//276 2608//277 2656//325
f 2607//276 2656//325 2655//324
f 2608//277 2609//278 2657//326
f 2608//277 2657//326 2656//325
f 2609//278 2610//279 2658//327
f 2609//278 2658//327 2657//326
f 2610//279 2611//280 2659//328
f 2610//279 2659//328 2658//327
f 2611//280 2612//281 2660//329
f 2611//280 2660//329 2659//328
f 2612//281 2613//282 2661//330
f 2612//281 2661//330 2660//329
f 2613//282 2614//283 2662//331
f 2613//282 2662//331 2661//330
f 2614//283 2615//284 2663//332
f 2614//283 2663//332 2662//331
f 2615//284 2616//285 2664//333
f 2615//284 2664//333 2663//332
f 2616//285 2617//286 2665//334
f 2616//285 2665//334 2664//333
f 2617//286 2618//287 2666//335
f 2617//286 2666//335 2665//334
f 2618//287 2619//288 2667//336
f 2618//287 2667//336 2666//335
f 2619//288 2620//289 2668//337
f 2619//288 2668//337 2667//336
f 2620//289 2621//290 2669//338
f 2620//289 2669//338 2668//337
f 2621//290 2622//291 2670//339
f 2621//290 2670//339 2669//338
f 2622//291 2623//292 2671//340
f 2622//291 2671//340 2670//339
f 2623//292 2624//293 2672//341
f 2623//292 2672//341 2671//340
f 2624//293 2625//294 2673//342
f 2624//293 2673//342 2672//341
f 2625//294 2579//248 2627//296
f 2625//294 2627//296 2673//342
f 2627//296 2626//295 2674//343
f 2627//296 2674//343 2675//344
f 2626//295 2628//297 2676//345
f 2626//295 2676//345 2674//343
f 2628//297 2629//298 2677//346
f 2628//297 2677//346 2676//345
f 2629//298 2630//299 2678//347
f 2629//298 2678//347 2677//346
f 2630//299 2631//300 2679//348
f 2630//299 2679//348 2678//347
f 2631//300 2632//301 2680//349
f 2631//300 2680//349 2679//348
f 2632//301 2633//302 2681//350
f 2632//301 2681//350 2680//349
f 2633//302 2634//303 2682//351
f 2633//302 2682//351 2681//350
f 2634//303 2635//304 2683//352
f 2634//303 2683//352 2682//351
f 2635//304 2636//305 2684//353
f 2635//304 2684//353 2683//352
f 2636//305 2637//306 2685//354
f 2636//305 2685//354 2684//353
f 2637//306 2638//307 2686//355
f 2637//306 2686//355 2685//354
f 2638//307 2639//308 2687//356
f 2638//307 2687//356 2686//355
f 2639//308 2640//309 2688//357
f 2639//308 2688//357 2687//356
f 2640//309 2641//310 2689//358
f 2640//309 2689//358 2688//357
f 2641//310 2642//311 2690//359
f 2641//310 2690//359 2689//358
f 2642//311 2643//312 2691//360
f 2642//311 2691//360 2690//359
f 2643//312 2644//313 2692//361
f 2643//312 2692//361 2691//360
f 2644//313 2645//314 2693//362
f 2644//313 2693//362 2692//361
f 2645//314 2646//315 2694//363
f 2645//314 2694//363 2693//362
f 2646//315 2647//316 2695//364
f 2646//315 2695//364 2694//363
f 2647//316 2648//317 2696//365
f 2647//316 2696//365 2695//364
f 2648//317 2649//318 2697//366
f 2648//317 2697//366 2696//365
f 2649//318 2650//319 2698//367
f 2649//318 2698//367 2697//366
f 2650//319 2651//320 2699//368
f 2650//319 2699//368 2698//367
f 2651//320 2652//321 2700//369
f 2651//320 2700//369 2699//368
f 2652//321 2653//322 2701//370
f 2652//321 2701//370 2700//369
f 2653//322 2654//323 2702//371
f 2653//322 2702//371 2701//370
f 2654//323 2655//324 2703//372
f 2654//323 2703//372 2702//371
f 2655//324 2656//325 2704//373
f 2655//324 2704//373 2703//372
f 2656//325 2657//326 2705//374
f 2656//325 2705//374 2704//373
f 2657//326 2658//327 2706//375
f 2657//326 2706//375 2705//374
f 2658//327 2659//328 2707//376
f 2658//327 2707//376 2706//375
f 2659//328 2660//329 2708//377
f 2659//328 2708//377 2707//376
f 2660//329 2661//330 2709//378
f 2660//329 2709//378 2708//377
f 2661//330 2662//331 2710//379
f 2661//330 2710//379 2709//378
f 2662//331 2663//332 2711//380
f 2662//331 2711//380 2710//379
f 2663//332 2664//333 2712//381
f 2663//332 2712//381 2711//380
f 2664//333 2665//334 2713//382
f 2664//333 2713//382 2712//381
f 2665//334 2666//335 2714//383
f 2665//334 2714//383 2713//382
f 2666//335 2667//336 2715//384
f 2666//335 2715//384 2714//383
f 2667//336 2668//337 2716//385
f 2667//336 2716//385 2715//384
f 2668//337 2669//338 2717//386
f 2668//337 2717//386 2716//385
f 2669//338 2670//339 2718//387
f 2669//338 2718//387 2717//386
f 2670//339 2671//340 2719//388
f 2670//339 2719//388 2718//387
f 2671//340 2672//341 2720//389
f 2671//340 2720//389 2719//388
f 2672//341 2673//342 2721//390
f 2672//341 2721//390 2720//389
f 2673//342 2627//296 2675//344
f 2673//342 2675//344 2721//390
f 2675//344 2674//343 2722//391
f 2675//344 2722//391 2723//392
f 2674//343 2676//345 2724//393
f 2674//343 2724//393 2722//391
f 2676//345 2677//346 2725//394
f 2676//345 2725//394 2724//393
f 2677//346 2678//347 2726//395
f 2677//346 2726//395 2725//394
f 2678//347 2679//348 2727//396
f 2678//347 2727//396 2726//395
f 2679//348 2680//349 2728//397
f 2679//348 2728//397 2727//396
f 2680//349 2681//350 2729//398
f 2680//349 2729//398 2728//397
f 2681//350 2682//351 2730//399
f 2681//350 2730//399 2729//398
f 2682//351 2683//352 2731//400
f 2682//351 2731//400 2730//399
f 2683//352 2684//353 2732//401
f 2683//352 2732//401 2731//400
f 2684//353 2685//354 2733//402
f 2684//353 2733//402 2732//401
f 2685//354 2686//355 2734//403
f 2685//354 2734//403 2733//402
f 2686//355 2687//356 2735//404
f 2686//355 2735//404 2734//403
f 2687//356 2688//357 2736//405
f 2687//356 2736//405 2735//404
f 2688//357 2689//358 2737//406
f 2688//357 2737//406 2736//405
f 2689//358 2690//359 2738//407
f 2689//358 2738//407 2737//406
f 2690//359 2691//360 2739//408
f 2690//359 2739//408 2738//407
f 2691//360 2692//361 2740//409
f 2691//360 2740//409 2739//408
f 2692//361 2693//362 2741//410
f 2692//361 2741//410 2740//409
f 2693//362 2694//363 2742//411
f 2693//362 2742//411 2741//410
f 2694//363 2695//364 2743//412
f 2694//363 2743//412 2742//411
f 2695//364 2696//365 2744//413
f 2695//364 2744//413 2743//412
f 2696//365 2697//366 2745//414
f 2696//365 2745//414 2744//413
f 2697//366 2698//367 2746//415
f 2697//366 2746//415 2745//414
f 2698//367 2699//368 2747//416
f 2698//367 2747//416 2746//415
f 2699//368 2700//369 2748//417
f 2699//368 2748//417 2747//416
f 2700//369 2701//370 2749//418
f 2700//369 2749//418 2748//417
f 2701//370 2702//371 2750//419
f 2701//370 2750//419 2749//418
f 2702//371 2703//372 2751//420
f 2702//371 2751//420 2750//419
f 2703//372 2704//373 2752//421
f 2703//372 2752//421 2751//420
f 2704//373 2705//374 2753//422
f 2704//373 2753//422 2752//421
f 2705//374 2706//375 2754//423
f 2705//374 2754//423 2753//422
f 2706//375 2707//376 2755//424
f 2706//375 2755//424 2754//423
f 2707//376 2708//377 2756//425
f 2707//376 2756//425 2755//424
f 2708//377 2709//378 2757//426
f 2708//377 2757//426 2756//425
f 2709//378 2710//379 2758//427
f 2709//378 2758//427 2757//426
f 2710//379 2711//380 2759//428
f 2710//379 2759//428 2758//427
f 2711//380 2712//381 2760//429
f 2711//380 2760//429 2759//428
f 2712//381 2713//382 2761//430
f 2712//381 2761//430 2760//429
f 2713//382 2714//383 2762//431
f 2713//382 2762//431 2761//430
f 2714//383 2715//384 2763//432
f 2714//383 2763//432 2762//431
f 2715//384 2716//385 2764//433
f 2715//384 2764//433 2763//432
f 2716//385 2717//386 2765//434
f 2716//385 2765//434 2764//433
f 2717//386 2718//387 2766//435
f 2717//386 2766//435 2765//434
f 2718//387 2719//388 2767//436
f 2718//387 2767//436 2766//435
f 2719//388 2720//389 2768//437
f 2719//388 2768//437 2767//436
f 2720//389 2721//390 2769//438
f 2720//389 2769//438 2768//437
f 2721//390 2675//344 2723//392
f 2721//390 2723//392 2769//438
f 2723//392 2722//391 2770//439
f 2723//392 2770//439 2771//440
f 2722//391 2724//393 2772//441
f 2722//391 2772//441 2770//439
f 2724//393 2725//394 2773//442
f 2724//393 2773//442 2772//441
f 2725//394 2726//395 2774//443
f 2725//394 2774//443 2773//442
f 2726//395 2727//396 2775//444
f 2726//395 2775//444 2774//443
f 2727//396 2728//397 2776//445
f 2727//396 2776//445 2775//444
f 2728//397 2729//398 2777//446
f 2728//397 2777//446 2776//445
f 2729//398 2730//399 2778//447
f 2729//398 2778//447 2777//446
f 2730//399 2731//400 2779//448
f 2730//399 2779//448 2778//447
f 2731//400 2732//401 2780//449
f 2731//400 2780//449 2779//448
f 2732//401 2733//402 2781//450
f 2732//401 2781//450 2780//449
f 2733//402 2734//403 2782//451
f 2733//402 2782//451 2781//450
f 2734//403 2735//404 2783//452
f 2734//403 2783//452 2782//451
f 2735//404 2736//405 2784//453
f 2735//404 2784//453 2783//452
f 2736//405 2737//406 2785//454
f 2736//405 2785//454 2784//453
f 2737//406 2738//407 2786//455
f 2737//406 2786//455 2785//454
f 2738//407 2739//408 2787//456
f 2738//407 2787//456 2786//455
f 2739//408 2740//409 2788//457
f 2739//408 2788//457 2787//456
f 2740//409 2741//410 2789//458
f 2740//409 2789//458 2788//457
f 2741//410 2742//411 2790//459
f 2741//410 2790//459 2789//458
f 2742//411 2743//412 2791//460
f 2742//411 2791//460 2790//459
f 2743//412 2744//413 2792//461
f 2743//412 2792//461 2791//460
f 2744//413 2745//414 2793//462
f 2744//413 2793//462 2792//461
f 2745//414 2746//415 2794//463
f 2745//414 2794//463 2793//462
f 2746//415 2747//416 2795//464
f 2746//415 2795//464 2794//463
f 2747//416 2748//417 2796//465
f 2747//416 2796//465 2795//464
f 2748//417 2749//418 2797//466
f 2748//417 2797//466 2796//465
f 2749//418 2750//419 2798//467
f 2749//418 2798//467 2797//466
f 2750//419 2751//420 2799//468
f 2750//419 2799//468 2798//467
f 2751//420 2752//421 2800//469
f 2751//420 2800//469 2799//468
f 2752//421 2753//422 2801//470
f 2752//421 2801//470 2800//469
f 2753//422 2754//423 2802//471
f 2753//422 2802//471 2801//470
f 2754//423 2755//424 2803//472
f 2754//423 2803//472 2802//471
f 2755//424 2756//425 2804//473
f 2755//424 2804//473 2803//472
f 2756//425 2757//426 2805//474
f 2756//425 2805//474 2804//473
f 2757//426 2758//427 2806//475
f 2757//426 2806//475 2805//474
f 2758//427 2759//428 2807//476
f 2758//427 2807//476 2806//475
f 2759//428 2760//429 2808//477
f 2759//428 2808//477 2807//476
f 2760//429 2761//430 2809//478
f 2760//429 2809//478 2808//477
f 2761//430 2762//431 2810//479
f 2761//430 2810//479 2809//478
f 2762//431 2763//432 2811//480
f 2762//431 2811//480 2810//479
f 2763//432 2764//433 2812//481
f 2763//432 2812//481 2811//480
f 2764//433 2765//434 2813//482
f 2764//433 2813//482 2812//481
f 2765//434 2766//435 2814//483
f 2765//434 2814//483 2813//482
f 2766//435 2767//436 2815//484
f 2766//435 2815//484 2814//483
f 2767//436 2768//437 2816//485
f 2767//436 2816//485 2815//484
f 2768//437 2769//438 2817//486
f 2768//437 2817//486 2816//485
f 2769//438 2723//392 2771//440
f 2769//438 2771//440 2817//486
f 2771//440 2770//439 2818//487
f 2771//440 2818//487 2819//488
f 2770//439 2772//441 2820//489
f 2770//439 2820//489 2818//487
f 2772//441 2773//442 2821//490
f 2772//441 2821//490 2820//489
f 2773//442 2774//443 2822//491
f 2773//442 2822//491 2821//490
f 2774//443 2775//444 2823//492
f 2774//443 2823//492 2822//491
f 2775//444 2776//445 2824//493
f 2775//444 2824//493 2823//492
f 2776//445 2777//446 2825//494
f 2776//445 2825//494 2824//493
f 2777//446 2778//447 2826//495
f 2777//446 2826//495 2825//494
f 2778//447 2779//448 2827//496
f 2778//447 2827//496 2826//495
f 2779//448 2780//449 2828//497
f 2779//448 2828//497 2827//496
f 2780//449 2781//450 2829//498
f 2780//449 2829//498 2828//497
f 2781//450 2782//451 2830//499
f 2781//450 2830//499 2829//498
f 2782//451 2783//452 2831//500
f 2782//451 2831//500 2830//499
f 2783//452 2784//453 2832//501
f 2783//452 2832//501 2831//500
f 2784//453 2785//454 2833//502
f 2784//453 2833//502 2832//501
f 2785//454 2786//455 2834//503
f 2785//454 2834//503 2833//502
f 2786//455 2787//456 2835//504
f 2786//455 2835//504 2834//503
f 2787//456 2788//457 2836//505
f 2787//456 2836//505 2835//504
f 2788//457 2789//458 2837//506
f 2788//457 2837//506 2836//505
f 2789//458 2790//459 2838//507
f 2789//458 2838//507 2837//506
f 2790//459 2791//460 2839//508
f 2790//459 2839//508 2838//507
f 2791//460 2792//461 2840//509
f 2791//460 2840//509 2839//508
f 2792//461 2793//462 2841//510
f 2792//461 2841//510 2840//509
f 2793//462 2794//463 2842//511
f 2793//462 2842//511 2841//510
f 2794//463 2795//464 2843//512
f 2794//463 2843//512 2842//511
f 2795//464 2796//465 2844//513
f 2795//464 2844//513 2843//512
f 2796//465 2797//466 2845//514
f 2796//465 2845//514 2844//513
f 2797//466 2798//467 2846//515
f 2797//466 2846//515 2845//514
f 2798//467 2799//468 2847//516
f 2798//467 2847//516 2846//515
f 2799//468 2800//469 2848//517
f 2799//468 2848//517 2847//516
f 2800//469 2801//470 2849//518
f 2800//469 2849//518 2848//517
f 2801//470 2802//471 2850//519
f 2801//470 2850//519 2849//518
f 2802//471 2803//472 2851//520
f 2802//471 2851//520 2850//519
f 2803//472 2804//473 2852//521
f 2803//472 2852//521 2851//520
f 2804//473 2805//474 2853//522
f 2804//473 2853//522 2852//521
f 2805//474 2806//475 2854//523
f 2805//474 2854//523 2853//522
f 2806//475 2807//476 2855//524
f 2806//475 2855//524 2854//523
f 2807//476 2808//477 2856//525
f 2807//476 2856//525 2855//524
f 2808//477 2809//478 2857//526
f 2808//477 2857//526 2856//525
f 2809//478 2810//479 2858//527
f 2809//478 2858//527 2857//526
f 2810//479 2811//480 2859//528
f 2810//479 2859//528 2858//527
f 2811//480 2812//481 2860//529
f 2811//480 2860//529 2859//528
f 2812//481 2813//482 2861//530
f 2812//481 2861//530 2860//529
f 2813//482 2814//483 2862//531
f 2813//482 2862//531 2861//530
f 2814//483 2815//484 2863//532
f 2814//483 2863//532 2862//531
f 2815//484 2816//485 2864//533
f 2815//484 2864//533 2863//532
f 2816//485 2817//486 2865//534
f 2816//485 2865//534 2864//533
f 2817//486 2771//440 2819//488
f 2817//486 2819//488 2865//534
f 2819//488 2818//487 2866//535
f 2819//488 2866//535 2867//6
f 2818//487 2820//489 2868//536
f 2818//487 2868//536 2866//535
f 2820//489 2821//490 2869//537
f 2820//489 2869//537 2868//536
f 2821//490 2822//491 2870//538
f 2821//490 2870//538 2869//537
f 2822//491 2823//492 2871//539
f 2822//491 2871//539 2870//538
f 2823//492 2824//493 2872//540
f 2823//492 2872//540 2871//539
f 2824//493 2825//494 2873//541
f 2824//493 2873//541 2872//540
f 2825//494 2826//495 2874//542
f 2825//494 2874//542 2873//541
f 2826//495 2827//496 2875//543
f 2826//495 2875//543 2874//542
f 2827//496 2828//497 2876//544
f 2827//496 2876//544 2875//543
f 2828//497 2829//498 2877//545
f 2828//497 2877//545 2876//544
f 2829//498 2830//499 2878//4
f 2829//498 2878//4 2877//545
f 2830//499 2831//500 2879//546
f 2830//499 2879//546 2878//4
f 2831//500 2832//501 2880//547
f 2831//500 2880//547 2879//546
f 2832//501 2833//502 2881//548
f 2832//501 2881//548 2880//547
f 2833//502 2834//503 2882//549
f 2833//502 2882//549 2881//548
f 2834//503 2835//504 2883//550
f 2834//503 2883//550 2882//549
f 2835//504 2836//505 2884//551
f 2835//504 2884//551 2883//550
f 2836//505 2837//506 2885//552
f 2836//505 2885//552 2884//551
f 2837//506 2838//507 2886//553
f 2837//506 2886//553 2885//552
f 2838//507 2839//508 2887//554
f 2838//507 2887//554 2886//553
f 2839//508 2840//509 2888//555
f 2839//508 2888//555 2887//554
f 2840//509 2841//510 2889//556
f 2840//509 2889//556 2888//555
f 2841//510 2842//511 2890//5
f 2841//510 2890//5 2889//556
f 2842//511 2843//512 2891//557
f 2842//511 2891//557 2890//5
f 2843//512 2844//513 2892//558
f 2843//512 2892//558 2891//557
f 2844//513 2845//514 2893//559
f 2844//513 2893//559 2892//558
f 2845//514 2846//515 2894//560
f 2845//514 2894//560 2893//559
f 2846//515 2847//516 2895//561
f 2846//515 2895//561 2894//560
f 2847//516 2848//517 2896//562
f 2847//516 2896//562 2895//561
f 2848//517 2849//518 2897//563
f 2848//517 2897//563 2896//562
f 2849//518 2850//519 2898//564
f 2849//518 2898//564 2897//563
f 2850//519 2851//520 2899//565
f 2850//519 2899//565 2898//564
f 2851//520 2852//521 2900//566
f 2851//520 2900//566 2899//565
f 2852//521 2853//522 2901//567
f 2852//521 2901//567 2900//566
f 2853//522 2854//523 2902//3
f 2853//522 2902//3 2901//567
f 2854//523 2855//524 2903//568
f 2854//523 2903//568 2902//3
f 2855//524 2856//525 2904//569
f 2855//524 2904//569 2903//568
f 2856//525 2857//526 2905//570
f 2856//525 2905//570 2904//569
f 2857//526 2858//527 2906//571
f 2857//526 2906//571 2905//570
f 2858//527 2859//528 2907//572
f 2858//527 2907//572 2906//571
f 2859//528 2860//529 2908//573
f 2859//528 2908//573 2907//572
f 2860//529 2861//530 2909//574
f 2860//529 2909//574 2908//573
f 2861//530 2862//531 2910//575
f 2861//530 2910//575 2909//574
f 2862//531 2863//532 2911//576
f 2862//531 2911//576 2910//575
f 2863//532 2864//533 2912//577
f 2863//532 2912//577 2911//576
f 2864//533 2865//534 2913//578
f 2864//533 2913//578 2912//577
f 2865//534 2819//488 2867//6
f 2865//534 2867//6 2913//578
f 2867//6 2866//535 2914//579
f 2867//6 2914//579 2915//580
f 2866//535 2868//536 2916//581
f 2866//535 2916//581 2914//579
f 2868//536 2869//537 2917//582
f 2868//536 2917//582 2916//581
f 2869//537 2870//538 2918//583
f 2869//537 2918//583 2917//582
f 2870//538 2871//539 2919//584
f 2870//538 2919//584 2918//583
f 2871//539 2872//540 2920//585
f 2871//539 2920//585 2919//584
f 2872//540 2873//541 2921//586
f 2872//540 2921//586 2920//585
f 2873//541 2874//542 2922//587
f 2873//541 2922//587 2921//586
f 2874//542 2875//543 2923//588
f 2874//542 2923//588 2922//587
f 2875//543 2876//544 2924//589
f 2875//543 2924//589 2923//588
f 2876//544 2877//545 2925//590
f 2876//544 2925//590 2924//589
f 2877//545 2878//4 2926//591
f 2877//545 2926//591 2925//590
f 2878//4 2879//546 2927//592
f 2878//4 2927//592 2926//591
f 2879//546 2880//547 2928//593
f 2879//546 2928//593 2927//592
f 2880//547 2881//548 2929//594
f 2880//547 2929//594 2928//593
f 2881//548 2882//549 2930//595
f 2881//548 2930//595 2929//594
f 2882//549 2883//550 2931//596
f 2882//549 2931//596 2930//595
f 2883//550 2884//551 2932//597
f 2883//550 2932//597 2931//596
f 2884//551 2885//552 2933//598
f 2884//551 2933//598 2932//597
f 2885//552 2886//553 2934//599
f 2885//552 2934//599 2933//598
f 2886//553 2887//554 2935//600
f 2886//553 2935//600 2934//599
f 2887//554 2888//555 2936//601
f 2887//554 2936//601 2935//600
f 2888//555 2889//556 2937//602
f 2888//555 2937//602 2936//601
f 2889//556 2890//5 2938//603
f 2889//556 2938//603 2937//602
f 2890//5 2891//557 2939//604
f 2890//5 2939//604 2938//603
f 2891//557 2892//558 2940//605
f 2891//557 2940//605 2939//604
f 2892//558 2893//559 2941//606
f 2892//558 2941//606 2940//605
f 2893//559 2894//560 2942//607
f 2893//559 2942//607 2941//606
f 2894//560 2895//561 2943//608
f 2894//560 2943//608 2942//607
f 2895//561 2896//562 2944//609
f 2895//561 2944//609 2943//608
f 2896//562 2897//563 2945//610
f 2896//562 2945//610 2944//609
f 2897//563 2898//564 2946//611
f 2897//563 2946//611 2945//610
f 2898//564 2899//565 2947//612
f 2898//564 2947//612 2946//611
f 2899//565 2900//566 2948//613
f 2899//565 2948//613 2947//612
f 2900//566 2901//567 2949//614
f 2900//566 2949//614 2948//613
f 2901//567 2902//3 2950//615
f 2901//567 2950//615 2949//614
f 2902//3 2903//568 2951//616
f 2902//3 2951//616 2950//615
f 2903//568 2904//569 2952//617
f 2903//568 2952//617 2951//616
f 2904//569 2905//570 2953//618
f 2904//569 2953//618 2952//617
f 2905//570 2906//571 2954//619
f 2905//570 2954//619 2953//618
f 2906//571 2907//572 2955//620
f 2906//571 2955//620 2954//619
f 2907//572 2908//573 2956//621
f 2907//572 2956//621 2955//620
f 2908//573 2909//574 2957//622
f 2908//573 2957//622 2956//621
f 2909//574 2910//575 2958//623
f 2909//574 2958//623 2957//622
f 2910//575 2911//576 2959//624
f 2910//575 2959//624 2958//623
f 2911//576 2912//577 2960//625
f 2911//576 2960//625 2959//624
f 2912//577 2913//578 2961//626
f 2912//577 2961//626 2960//625
f 2913//578 2867//6 2915//580
f 2913//578 2915//580 2961//626
f 2915//580 2914//579 2962//627
f 2915//580 2962//627 2963//628
f 2914//579 2916//581 2964//629
f 2914//579 2964//629 2962//627
f 2916//581 2917//582 2965//630
f 2916//581 2965//630 2964//629
f 2917//582 2918//583 2966//631
f 2917//582 2966//631 2965//630
f 2918//583 2919//584 2967//632
f 2918//583 2967//632 2966//631
f 2919//584 2920//585 2968//633
f 2919//584 2968//633 2967//632
f 2920//585 2921//586 2969//634
f 2920//585 2969//634 2968//633
f 2921//586 2922//587 2970//635
f 2921//586 2970//635 2969//634
f 2922//587 2923//588 2971//636
f 2922//587 2971//636 2970//635
f 2923//588 2924//589 2972//637
f 2923//588 2972//637 2971//636
f 2924//589 2925//590 2973//638
f 2924//589 2973//638 2972//637
f 2925//590 2926//591 2974//639
f 2925//590 2974//639 2973//638
f 2926//591 2927//592 2975//640
f 2926//591 2975//640 2974//639
f 2927//592 2928//593 2976//641
f 2927//592 2976//641 2975//640
f 2928//593 2929//594 2977//642
f 2928//593 2977//642 2976//641
f 2929//594 2930//595 2978//643
f 2929//594 2978//643 2977//642
f 2930//595 2931//596 2979//644
f 2930//595 2979//644 2978//643
f 2931//596 2932//597 2980//645
f 2931//596 2980//645 2979//644
f 2932//597 2933//598 2981//646
f 2932//597 2981//646 2980//645
f 2933//598 2934//599 2982//647
f 2933//598 2982//647 2981//646
f 2934//599 2935//600 2983//648
f 2934//599 2983//648 2982//647
f 2935//600 2936//601 2984//649
f 2935//600 2984//649 2983//648
f 2936//601 2937//602 2985//650
f 2936//601 2985//650 2984//649
f 2937//602 2938//603 2986//651
f 2937//602 2986//651 2985//650
f 2938//603 2939//604 2987//652
f 2938//603 2987//652 2986//651
f 2939//604 2940//605 2988//653
f 2939//604 2988//653 2987//652
f 2940//605 2941//606 2989//654
f 2940//605 2989//654 2988//653
f 2941//606 2942//607 2990//655
f 2941//606 2990//655 2989//654
f 2942//607 2943//608 2991//656
f 2942//607 2991//656 2990//655
f 2943//608 2944//609 2992//657
f 2943//608 2992//657 2991//656
f 2944//609 2945//610 2993//658
f 2944//609 2993//658 2992//657
f 2945//610 2946//611 2994//659
f 2945//610 2994//659 2993//658
f 2946//611 2947//612 2995//660
f 2946//611 2995//660 2994//659
f 2947//612 2948//613 2996//661
f 2947//612 2996//661 2995//660
f 2948//613 2949//614 2997//662
f 2948//613 2997//662 2996//661
f 2949//614 2950//615 2998//663
f 2949//614 2998//663 2997//662
f 2950//615 2951//616 2999//664
f 2950//615 2999//664 2998//663
f 2951//616 2952//617 3000//665
f 2951//616 3000//665 2999//664
f 2952//617 2953//618 3001//666
f 2952//617 3001//666 3000//665
f 2953//618 2954//619 3002//667
f 2953//618 3002//667 3001//666
f 2954//619 2955//620 3003//668
f 2954//619 3003//668 3002//667
f 2955//620 2956//621 3004//669
f 2955//620 3004//669 3003//668
f 2956//621 2957//622 3005//670
f 2956//621 3005//670 3004//669
f 2957//622 2958//623 3006//671
f 2957//622 3006//671 3005//670
f 2958//623 2959//624 3007//672
f 2958//623 3007//672 3006//671
f 2959//624 2960//625 3008//673
f 2959//624 3008//673 3007//672
f 2960//625 2961//626 3009//674
f 2960//625 3009//674 3008//673
f 2961//626 2915//580 2963//628
f 2961//626 2963//628 3009//674
f 2963//628 2962//627 3010//675
f 2963//628 3010//675 3011//676
f 2962//627 2964//629 3012//677
f 2962//627 3012//677 3010//675
f 2964//629 2965//630 3013//678
f 2964//629 3013//678 3012//677
f 2965//630 2966//631 3014//679
f 2965//630 3014//679 3013//678
f 2966//631 2967//632 3015//680
f 2966//631 3015//680 3014//679
f 2967//632 2968//633 3016//681
f 2967//632 3016//681 3015//680
f 2968//633 2969//634 3017//682
f 2968//633 3017//682 3016//681
f 2969//634 2970//635 3018//683
f 2969//634 3018//683 3017//682
f 2970//635 2971//636 3019//684
f 2970//635 3019//684 3018//683
f 2971//636 2972//637 3020//685
f 2971//636 3020//685 3019//684
f 2972//637 2973//638 3021//686
f 2972//637 3021//686 3020//685
f 2973//638 2974//639 3022//687
f 2973//638 3022//687 3021//686
f 2974//639 2975//640 3023//688
f 2974//639 3023//688 3022//687
f 2975//640 2976//641 3024//689
f 2975//640 3024//689 3023//688
f 2976//641 2977//642 3025//690
f 2976//641 3025//690 3024//689
f 2977//642 2978//643 3026//691
f 2977//642 3026//691 3025//690
f 2978//643 2979//644 3027//692
f 2978//643 3027//692 3026//691
f 2979//644 2980//645 3028//693
f 2979//644 3028//693 3027//692
f 2980//645 2981//646 3029//694
f 2980//645 3029//694 3028//693
f 2981//646 2982//647 3030//695
f 2981//646 3030//695 3029//694
f 2982//647 2983//648 3031//696
f 2982//647 3031//696 3030//695
f 2983//648 2984//649 3032//697
f 2983//648 3032//697 3031//696
f 2984//649 2985//650 3033//698
f 2984//649 3033//698 3032//697
f 2985//650 2986//651 3034//699
f 2985//650 3034//699 3033//698
f 2986//651 2987//652 3035//700
f 2986//651 3035//700 3034//699
f 2987//652 2988//653 3036//701
f 2987//652 3036//701 3035//700
f 2988//653 2989//654 3037//702
f 2988//653 3037//702 3036//701
f 2989//654 2990//655 3038//703
f 2989//654 3038//703 3037//702
f 2990//655 2991//656 3039//704
f 2990//655 3039//704 3038//703
f 2991//656 2992//657 3040//705
f 2991//656 3040//705 3039//704
f 2992//657 2993//658 3041//706
f 2992//657 3041//706 3040//705
f 2993//658 2994//659 3042//707
f 2993//658 3042//707 3041//706
f 2994//659 2995//660 3043//708
f 2994//659 3043//708 3042//707
f 2995//660 2996//661 3044//709
f 2995//660 3044//709 3043//708
f 2996//661 2997//662 3045//710
f 2996//661 3045//710 3044//709
f 2997//662 2998//663 3046//711
f 2997//662 3046//711 3045//710
f 2998//663 2999//664 3047//712
f 2998//663 3047//712 3046//711
f 2999//664 3000//665 3048//713
f 2999//664 3048//713 3047//712
f 3000//665 3001//666 3049//714
f 3000//665 3049//714 3048//713
f 3001//666 3002//667 3050//715
f 3001//666 3050//715 3049//714
f 3002//667 3003//668 3051//716
f 3002//667 3051//716 3050//715
f 3003//668 3004//669 3052//717
f 3003//668 3052//717 3051//716
f 3004//669 3005//670 3053//718
f 3004//669 3053//718 3052//717
f 3005//670 3006//671 3054//719
f 3005//670 3054//719 3053//718
f 3006//671 3007//672 3055//720
f 3006//671 3055//720 3054//719
f 3007//672 3008//673 3056//721
f 3007//672 3056//721 3055//720
f 3008//673 3009//674 3057//722
f 3008//673 3057//722 3056//721
f 3009//674 2963//628 3011//676
f 3009//674 3011//676 3057//722
f 3011//676 3010//675 3058//723
f 3011//676 3058//723 3059//724
f 3010//675 3012//677 3060//725
f 3010//675 3060//725 3058//723
f 3012//677 3013//678 3061//726
f 3012//677 3061//726 3060//725
f 3013//678 3014//679 3062//727
f 3013//678 3062//727 3061//726
f 3014//679 3015//680 3063//728
f 3014//679 3063//728 3062//727
f 3015//680 3016//681 3064//729
f 3015//680 3064//729 3063//728
f 3016//681 3017//682 3065//730
f 3016//681 3065//730 3064//729
f 3017//682 3018//683 3066//731
f 3017//682 3066//731 3065//730
f 3018//683 3019//684 3067//732
f 3018//683 3067//732 3066//731
f 3019//684 3020//685 3068//733
f 3019//684 3068//733 3067//732
f 3020//685 3021//686 3069//734
f 3020//685 3069//734 3068//733
f 3021//686 3022//687 3070//735
f 3021//686 3070//735 3069//734
f 3022//687 3023//688 3071//736
f 3022//687 3071//736 3070//735
f 3023//688 3024//689 3072//737
f 3023//688 3072//737 3071//736
f 3024//689 3025//690 3073//738
f 3024//689 3073//738 3072//737
f 3025//690 3026//691 3074//739
f 3025//690 3074//739 3073//738
f 3026//691 3027//692 3075//740
f 3026//691 3075//740 3074//739
f 3027//692 3028//693 3076//741
f 3027//692 3076//741 3075//740
f 3028//693 3029//694 3077//742
f 3028//693 3077//742 3076//741
f 3029//694 3030//695 3078//743
f 3029//694 3078//743 3077//742
f 3030//695 3031//696 3079//744
f 3030//695 3079//744 3078//743
f 3031//696 3032//697 3080//745
f 3031//696 3080//745 3079//744
f 3032//697 3033//698 3081//746
f 3032//697 3081//746 3080//745
f 3033//698 3034//699 3082//747
f 3033//698 3082//747 3081//746
f 3034//699 3035//700 3083//748
f 3034//699 3083//748 3082//747
f 3035//700 3036//701 3084//749
f 3035//700 3084//749 3083//748
f 3036//701 3037//702 3085//750
f 3036//701 3085//750 3084//749
f 3037//702 3038//703 3086//751
f 3037//702 3086//751 3085//750
f 3038//703 3039//704 3087//752
f 3038//703 3087//752 3086//751
f 3039//704 3040//705 3088//753
f 3039//704 3088//753 3087//752
f 3040//705 3041//706 3089//754
f 3040//705 3089//754 3088//753
f 3041//706 3042//707 3090//755
f 3041//706 3090//755 3089//754
f 3042//707 3043//708 3091//756
f 3042//707 3091//756 3090//755
f 3043//708 3044//709 3092//757
f 3043//708 3092//757 3091//756
f 3044//709 3045//710 3093//758
f 3044//709 3093//758 3092//757
f 3045//710 3046//711 3094//759
f 3045//710 3094//759 3093//758
f 3046//711 3047//712 3095//760
f 3046//711 3095//760 3094//759
f 3047//712 3048//713 3096//761
f 3047//712 3096//761 3095//760
f 3048//713 3049//714 3097//762
f 3048//713 3097//762 3096//761
f 3049//714 3050//715 3098//763
f 3049//714 3098//763 3097//762
f 3050//715 3051//716 3099//764
f 3050//715 3099//764 3098//763
f 3051//716 3052//717 3100//765
f 3051//716 3100//765 3099//764
f 3052//717 3053//718 3101//766
f 3052//717 3101//766 3100//765
f 3053//718 3054//719 3102//767
f 3053//718 3102//767 3101//766
f 3054//719 3055//720 3103//768
f 3054//719 3103//768 3102//767
f 3055//720 3056//721 3104//769
f 3055//720 3104//769 3103//768
f 3056//721 3057//722 3105//770
f 3056//721 3105//770 3104//769
f 3057//722 3011//676 3059//724
f 3057//722 3059//724 3105//770
f 3059//724 3058//723 3106//771
f 3059//724 3106//771 3107//772
f 3058//723 3060//725 3108//773
f 3058//723 3108//773 3106//771
f 3060//725 3061//726 3109//774
f 3060//725 3109//774 3108//773
f 3061//726 3062//727 3110//775
f 3061//726 3110//775 3109//774
f 3062//727 3063//728 3111//776
f 3062//727 3111//776 3110//775
f 3063//728 3064//729 3112//777
f 3063//728 3112//777 3111//776
f 3064//729 3065//730 3113//778
f 3064//729 3113//778 3112//777
f 3065//730 3066//731 3114//779
f 3065//730 3114//779 3113//778
f 3066//731 3067//732 3115//780
f 3066//731 3115//780 3114//779
f 3067//732 3068//733 3116//781
f 3067//732 3116//781 3115//780
f 3068//733 3069//734 3117//782
f 3068//733 3117//782 3116//781
f 3069//734 3070//735 3118//783
f 3069//734 3118//783 3117//782
f 3070//735 3071//736 3119//784
f 3070//735 3119//784 3118//783
f 3071//736 3072//737 3120//785
f 3071//736 3120//785 3119//784
f 3072//737 3073//738 3121//786
f 3072//737 3121//786 3120//785
f 3073//738 3074//739 3122//787
f 3073//738 3122//787 3121//786
f 3074//739 3075//740 3123//788
f 3074//739 3123//788 3122//787
f 3075//740 3076//741 3124//789
f 3075//740 3124//789 3123//788
f 3076//741 3077//742 3125//790
f 3076//741 3125//790 3124//789
f 3077//742 3078//743 3126//791
f 3077//742 3126//791 3125//790
f 3078//743 3079//744 3127//792
f 3078//743 3127//792 3126//791
f 3079//744 3080//745 3128//793
f 3079//744 3128//793 3127//792
f 3080//745 3081//746 3129//794
f 3080//745 3129//794 3128//793
f 3081//746 3082//747 3130//795
f 3081//746 3130//795 3129//794
f 3082//747 3083//748 3131//796
f 3082//747 3131//796 3130//795
f 3083//748 3084//749 3132//797
f 3083//748 3132//797 3131//796
f 3084//749 3085//750 3133//798
f 3084//749 3133//798 3132//797
f 3085//750 3086//751 3134//799
f 3085//750 3134//799 3133//798
f 3086//751 3087//752 3135//800
f 3086//751 3135//800 3134//799
f 3087//752 3088//753 3136//801
f 3087//752 3136//801 3135//800
f 3088//753 3089//754 3137//802
f 3088//753 3137//802 3136//801
f 3089//754 3090//755 3138//803
f 3089//754 3138//803 3137//802
f 3090//755 3091//756 3139//804
f 3090//755 3139//804 3138//803
f 3091//756 3092//757 3140//805
f 3091//756 3140//805 3139//804
f 3092//757 3093//758 3141//806
f 3092//757 3141//806 3140//805
f 3093//758 3094//759 3142//807
f 3093//758 3142//807 3141//806
f 3094//759 3095//760 3143//808
f 3094//759 3143//808 3142//807
f 3095//760 3096//761 3144//809
f 3095//760 3144//809 3143//808
f 3096//761 3097//762 3145//810
f 3096//761 3145//810 3144//809
f 3097//762 3098//763 3146//811
f 3097//762 3146//811 3145//810
f 3098//763 3099//764 3147//812
f 3098//763 3147//812 3146//811
f 3099//764 3100//765 3148//813
f 3099//764 3148//813 3147//812
f 3100//765 3101//766 3149//814
f 3100//765 3149//814 3148//813
f 3101//766 3102//767 3150//815
f 3101//766 3150//815 3149//814
f 3102//767 3103//768 3151//816
f 3102//767 3151//816 3150//815
f 3103//768 3104//769 3152//817
f 3103//768 3152//817 3151//816
f 3104//769 3105//770 3153//818
f 3104//769 3153//818 3152//817
f 3105//770 3059//724 3107//772
f 3105//770 3107//772 3153//818
f 3107//772 3106//771 3154//819
f 3107//772 3154//819 3155//820
f 3106//771 3108//773 3156//821
f 3106//771 3156//821 3154//819
f 3108//773 3109//774 3157//822
f 3108//773 3157//822 3156//821
f 3109//774 3110//775 3158//823
f 3109//774 3158//823 3157//822
f 3110//775 3111//776 3159//824
f 3110//775 3159//824 3158//823
f 3111//776 3112//777 3160//825
f 3111//776 3160//825 3159//824
f 3112//777 3113//778 3161//826
f 3112//777 3161//826 3160//825
f 3113//778 3114//779 3162//827
f 3113//778 3162//827 3161//826
f 3114//779 3115//780 3163//828
f 3114//779 3163//828 3162//827
f 3115//780 3116//781 3164//829
f 3115//780 3164//829 3163//828
f 3116//781 3117//782 3165//830
f 3116//781 3165//830 3164//829
f 3117//782 3118//783 3166//831
f 3117//782 3166//831 3165//830
f 3118//783 3119//784 3167//832
f 3118//783 3167//832 3166//831
f 3119//784 3120//785 3168//833
f 3119//784 3168//833 3167//832
f 3120//785 3121//786 3169//834
f 3120//785 3169//834 3168//833
f 3121//786 3122//787 3170//835
f 3121//786 3170//835 3169//834
f 3122//787 3123//788 3171//836
f 3122//787 3171//836 3170//835
f 3123//788 3124//789 3172//837
f 3123//788 3172//837 3171//836
f 3124//789 3125//790 3173//838
f 3124//789 3173//838 3172//837
f 3125//790 3126//791 3174//839
f 3125//790 3174//839 3173//838
f 3126//791 3127//792 3175//840
f 3126//791 3175//840 3174//839
f 3127//792 3128//793 3176//841
f 3127//792 3176//841 3175//840
f 3128//793 3129//794 3177//842
f 3128//793 3177//842 3176//841
f 3129//794 3130//795 3178//843
f 3129//794 3178//843 3177//842
f 3130//795 3131//796 3179//844
f 3130//795 3179//844 3178//843
f 3131//796 3132//797 3180//845
f 3131//796 3180//845 3179//844
f 3132//797 3133//798 3181//846
f 3132//797 3181//846 3180//845
f 3133//798 3134//799 3182//847
f 3133//798 3182//847 3181//846
f 3134//799 3135//800 3183//848
f 3134//799 3183//848 3182//847
f 3135//800 3136//801 3184//849
f 3135//800 3184//849 3183//848
f 3136//801 3137//802 3185//850
f 3136//801 3185//850 3184//849
f 3137//802 3138//803 3186//851
f 3137//802 3186//851 3185//850
f 3138//803 3139//804 3187//852
f 3138//803 3187//852 3186//851
f 3139//804 3140//805 3188//853
f 3139//804 3188//853 3187//852
f 3140//805 3141//806 3189//854
f 3140//805 3189//854 3188//853
f 3141//806 3142//807 3190//855
f 3141//806 3190//855 3189//854
f 3142//807 3143//808 3191//856
f 3142//807 3191//856 3190//855
f 3143//808 3144//809 3192//857
f 3143//808 3192//857 3191//856
f 3144//809 3145//810 3193//858
f 3144//809 3193//858 3192//857
f 3145//810 3146//811 3194//859
f 3145//810 3194//859 3193//858
f 3146//811 3147//812 3195//860
f 3146//811 3195//860 3194//859
f 3147//812 3148//813 3196//861
f 3147//812 3196//861 3195//860
f 3148//813 3149//814 3197//862
f 3148//813 3197//862 3196//861
f 3149//814 3150//815 3198//863
f 3149//814 3198//863 3197//862
f 3150//815 3151//816 3199//864
f 3150//815 3199//864 3198//863
f 3151//816 3152//817 3200//865
f 3151//816 3200//865 3199//864
f 3152//817 3153//818 3201//866
f 3152//817 3201//866 3200//865
f 3153//818 3107//772 3155//820
f 3153//818 3155//820 3201//866
f 3155//820 3154//819 3202//867
f 3155//820 3202//867 3203//868
f 3154//819 3156//821 3204//869
f 3154//819 3204//869 3202//867
f 3156//821 3157//822 3205//870
f 3156//821 3205//870 3204//869
f 3157//822 3158//823 3206//871
f 3157//822 3206//871 3205//870
f 3158//823 3159//824 3207//872
f 3158//823 3207//872 3206//871
f 3159//824 3160//825 3208//873
f 3159//824 3208//873 3207//872
f 3160//825 3161//826 3209//874
f 3160//825 3209//874 3208//873
f 3161//826 3162//827 3210//875
f 3161//826 3210//875 3209//874
f 3162//827 3163//828 3211//876
f 3162//827 3211//876 3210//875
f 3163//828 3164//829 3212//877
f 3163//828 3212//877 3211//876
f 3164//829 3165//830 3213//878
f 3164//829 3213//878 3212//877
f 3165//830 3166//831 3214//879
f 3165//830 3214//879 3213//878
f 3166//831 3167//832 3215//880
f 3166//831 3215//880 3214//879
f 3167//832 3168//833 3216//881
f 3167//832 3216//881 3215//880
f 3168//833 3169//834 3217//882
f 3168//833 3217//882 3216//881
f 3169//834 3170//835 3218//883
f 3169//834 3218//883 3217//882
f 3170//835 3171//836 3219//884
f 3170//835 3219//884 3218//883
f 3171//836 3172//837 3220//885
f 3171//836 3220//885 3219//884
f 3172//837 3173//838 3221//886
f 3172//837 3221//886 3220//885
f 3173//838 3174//839 3222//887
f 3173//838 3222//887 3221//886
f 3174//839 3175//840 3223//888
f 3174//839 3223//888 3222//887
f 3175//840 3176//841 3224//889
f 3175//840 3224//889 3223//888
f 3176//841 3177//842 3225//890
f 3176//841 3225//890 3224//889
f 3177//842 3178//843 3226//891
f 3177//842 3226//891 3225//890
f 3178//843 3179//844 3227//892
f 3178//843 3227//892 3226//891
f 3179//844 3180//845 3228//893
f 3179//844 3228//893 3227//892
f 3180//845 3181//846 3229//894
f 3180//845 3229//894 3228//893
f 3181//846 3182//847 3230//895
f 3181//846 3230//895 3229//894
f 3182//847 3183//848 3231//896
f 3182//847 3231//896 3230//895
f 3183//848 3184//849 3232//897
f 3183//848 3232//897 3231//896
f 3184//849 3185//850 3233//898
f 3184//849 3233//898 3232//897
f 3185//850 3186//851 3234//899
f 3185//850 3234//899 3233//898
f 3186//851 3187//852 3235//900
f 3186//851 3235//900 3234//899
f 3187//852 3188//853 3236//901
f 3187//852 3236//901 3235//900
f 3188//853 3189//854 3237//902
f 3188//853 3237//902 3236//901
f 3189//854 3190//855 3238//903
f 3189//854 3238//903 3237//902
f 3190//855 3191//856 3239//904
f 3190//855 3239//904 3238//903
f 3191//856 3192//857 3240//905
f 3191//856 3240//905 3239//904
f 3192//857 3193//858 3241//906
f 3192//857 3241//906 3240//905
f 3193//858 3194//859 3242//907
f 3193//858 3242//907 3241//906
f 3194//859 3195//860 3243//908
f 3194//859 3243//908 3242//907
f 3195//860 3196//861 3244//909
f 3195//860 3244//909 3243//908
f 3196//861 3197//862 3245//910
f 3196//861 3245//910 3244//909
f 3197//862 3198//863 3246//911
f 3197//862 3246//911 3245//910
f 3198//863 3199//864 3247//912
f 3198//863 3247//912 3246//911
f 3199//864 3200//865 3248//913
f 3199//864 3248//913 3247//912
f 3200//865 3201//866 3249//914
f 3200//865 3249//914 3248//913
f 3201//866 3155//820 3203//868
f 3201//866 3203//868 3249//914
f 3203//868 3202//867 3250//915
f 3203//868 3250//915 3251//916
f 3202//867 3204//869 3252//917
f 3202//867 3252//917 3250//915
f 3204//869 3205//870 3253//918
f 3204//869 3253//918 3252//917
f 3205//870 3206//871 3254//919
f 3205//870 3254//919 3253//918
f 3206//871 3207//872 3255//920
f 3206//871 3255//920 3254//919
f 3207//872 3208//873 3256//921
f 3207//872 3256//921 3255//920
f 3208//873 3209//874 3257//922
f 3208//873 3257//922 3256//921
f 3209//874 3210//875 3258//923
f 3209//874 3258//923 3257//922
f 3210//875 3211//876 3259//924
f 3210//875 3259//924 3258//923
f 3211//876 3212//877 3260//925
f 3211//876 3260//925 3259//924
f 3212//877 3213//878 3261//926
f 3212//877 3261//926 3260//925
f 3213//878 3214//879 3262//927
f 3213//878 3262//927 3261//926
f 3214//879 3215//880 3263//928
f 3214//879 3263//928 3262//927
f 3215//880 3216//881 3264//929
f 3215//880 3264//929 3263//928
f 3216//881 3217//882 3265//930
f 3216//881 3265//930 3264//929
f 3217//882 3218//883 3266//931
f 3217//882 3266//931 3265//930
f 3218//883 3219//884 3267//932
f 3218//883 3267//932 3266//931
f 3219//884 3220//885 3268//933
f 3219//884 3268//933 3267//932
f 3220//885 3221//886 3269//934
f 3220//885 3269//934 3268//933
f 3221//886 3222//887 3270//935
f 3221//886 3270//935 3269//934
f 3222//887 3223//888 3271//936
f 3222//887 3271//936 3270//935
f 3223//888 3224//889 3272//937
f 3223//888 3272//937 3271//936
f 3224//889 3225//890 3273//938
f 3224//889 3273//938 3272//937
f 3225//890 3226//891 3274//939
f 3225//890 3274//939 3273//938
f 3226//891 3227//892 3275//940
f 3226//891 3275//940 3274//939
f 3227//892 3228//893 3276//941
f 3227//892 3276//941 3275//940
f 3228//893 3229//894 3277//942
f 3228//893 3277//942 3276//941
f 3229//894 3230//895 3278//943
f 3229//894 3278//943 3277//942
f 3230//895 3231//896 3279//944
f 3230//895 3279//944 3278//943
f 3231//896 3232//897 3280//945
f 3231//896 3280//945 3279//944
f 3232//897 3233//898 3281//946
f 3232//897 3281//946 3280//945
f 3233//898 3234//899 3282//947
f 3233//898 3282//947 3281//946
f 3234//899 3235//900 3283//948
f 3234//899 3283//948 3282//947
f 3235//900 3236//901 3284//949
f 3235//900 3284//949 3283//948
f 3236//901 3237//902 3285//950
f 3236//901 3285//950 3284//949
f 3237//902 3238//903 3286//951
f 3237//902 3286//951 3285//950
f 3238//903 3239//904 3287//952
f 3238//903 3287//952 3286//951
f 3239//904 3240//905 3288//953
f 3239//904 3288//953 3287//952
f 3240//905 3241//906 3289//954
f 3240//905 3289//954 3288//953
f 3241//906 3242//907 3290//955
f 3241//906 3290//955 3289//954
f 3242//907 3243//908 3291//956
f 3242//907 3291//956 3290//955
f 3243//908 3244//909 3292//957
f 3243//908 3292//957 3291//956
f 3244//909 3245//910 3293//958
f 3244//909 3293//958 3292//957
f 3245//910 3246//911 3294//959
f 3245//910 3294//959 3293//958
f 3246//911 3247//912 3295//960
f 3246//911 3295//960 3294//959
f 3247//912 3248//913 3296//961
f 3247//912 3296//961 3295//960
f 3248//913 3249//914 3297//962
f 3248//913 3297//962 3296//961
f 3249//914 3203//868 3251//916
f 3249//914 3251//916 3297//962
f 3251//916 3250//915 3298//963
f 3251//916 3298//963 3299//964
f 3250//915 3252//917 3300//965
f 3250//915 3300//965 3298//963
f 3252//917 3253//918 3301//966
f 3252//917 3301//966 3300//965
f 3253//918 3254//919 3302//967
f 3253//918 3302//967 3301//966
f 3254//919 3255//920 3303//968
f 3254//919 3303//968 3302//967
f 3255//920 3256//921 3304//969
f 3255//920 3304//969 3303//968
f 3256//921 3257//922 3305//970
f 3256//921 3305//970 3304//969
f 3257//922 3258//923 3306//971
f 3257//922 3306//971 3305//970
f 3258//923 3259//924 3307//972
f 3258//923 3307//972 3306//971
f 3259//924 3260//925 3308//973
f 3259//924 3308//973 3307//972
f 3260//925 3261//926 3309//974
f 3260//925 3309//974 3308//973
f 3261//926 3262//927 3310//975
f 3261//926 3310//975 3309//974
f 3262//927 3263//928 3311//976
f 3262//927 3311//976 3310//975
f 3263//928 3264//929 3312//977
f 3263//928 3312//977 3311//976
f 3264//929 3265//930 3313//978
f 3264//929 3313//978 3312//977
f 3265//930 3266//931 3314//979
f 3265//930 3314//979 3313//978
f 3266//931 3267//932 3315//980
f 3266//931 3315//980 3314//979
f 3267//932 3268//933 3316//981
f 3267//932 3316//981 3315//980
f 3268//933 3269//934 3317//982
f 3268//933 3317//982 3316//981
f 3269//934 3270//935 3318//983
f 3269//934 3318//983 3317//982
f 3270//935 3271//936 3319//984
f 3270//935 3319//984 3318//983
f 3271//936 3272//937 3320//985
f 3271//936 3320//985 3319//984
f 3272//937 3273//938 3321//986
f 3272//937 3321//986 3320//985
f 3273//938 3274//939 3322//987
f 3273//938 3322//987 3321//986
f 3274//939 3275//940 3323//988
f 3274//939 3323//988 3322//987
f 3275//940 3276//941 3324//989
f 3275//940 3324//989 3323//988
f 3276//941 3277//942 3325//990
f 3276//941 3325//990 3324//989
f 3277//942 3278//943 3326//991
f 3277//942 3326//991 3325//990
f 3278//943 3279//944 3327//992
f 3278//943 3327//992 3326//991
f 3279//944 3280//945 3328//993
f 3279//944 3328//993 3327//992
f 3280//945 3281//946 3329//994
f 3280//945 3329//994 3328//993
f 3281//946 3282//947 3330//995
f 3281//946 3330//995 3329//994
f 3282//947 3283//948 3331//996
f 3282//947 3331//996 3330//995
f 3283//948 3284//949 3332//997
f 3283//948 3332//997 3331//996
f 3284//949 3285//950 3333//998
f 3284//949 3333//998 3332//997
f 3285//950 3286//951 3334//999
f 3285//950 3334//999 3333//998
f 3286//951 3287//952 3335//1000
f 3286//951 3335//1000 3334//999
f 3287//952 3288//953 3336//1001
f 3287//952 3336//1001 3335//1000
f 3288//953 3289//954 3337//1002
f 3288//953 3337//1002 3336//1001
f 3289//954 3290//955 3338//1003
f 3289//954 3338//1003 3337//1002
f 3290//955 3291//956 3339//1004
f 3290//955 3339//1004 3338//1003
f 3291//956 3292//957 3340//1005
f 3291//956 3340//1005 3339//1004
f 3292//957 3293//958 3341//1006
f 3292//957 3341//1006 3340//1005
f 3293//958 3294//959 3342//1007
f 3293//958 3342//1007 3341//1006
f 3294//959 3295//960 3343//1008
f 3294//959 3343//1008 3342//1007
f 3295//960 3296//961 3344//1009
f 3295//960 3344//1009 3343//1008
f 3296//961 3297//962 3345//1010
f 3296//961 3345//1010 3344//1009
f 3297//962 3251//916 3299//964
f 3297//962 3299//964 3345//1010
f 3299//964 3298//963 3346//1011
f 3299//964 3346//1011 3347//1012
f 3298//963 3300//965 3348//1013
f 3298//963 3348//1013 3346//1011
f 3300//965 3301//966 3349//1014
f 3300//965 3349//1014 3348//1013
f 3301//966 3302//967 3350//1015
f 3301//966 3350//1015 3349//1014
f 3302//967 3303//968 3351//1016
f 3302//967 3351//1016 3350//1015
f 3303//968 3304//969 3352//1017
f 3303//968 3352//1017 3351//1016
f 3304//969 3305//970 3353//1018
f 3304//969 3353//1018 3352//1017
f 3305//970 3306//971 3354//1019
f 3305//970 3354//1019 3353//1018
f 3306//971 3307//972 3355//1020
f 3306//971 3355//1020 3354//1019
f 3307//972 3308//973 3356//1021
f 3307//972 3356//1021 3355//1020
f 3308//973 3309//974 3357//1022
f 3308//973 3357//1022 3356//1021
f 3309//974 3310//975 3358//1023
f 3309//974 3358//1023 3357//1022
f 3310//975 3311//976 3359//1024
f 3310//975 3359//1024 3358//1023
f 3311//976 3312//977 3360//1025
f 3311//976 3360//1025 3359//1024
f 3312//977 3313//978 3361//1026
f 3312//977 3361//1026 3360//1025
f 3313//978 3314//979 3362//1027
f 3313//978 3362//1027 3361//1026
f 3314//979 3315//980 3363//1028
f 3314//979 3363//1028 3362//1027
f 3315//980 3316//981 3364//1029
f 3315//980 3364//1029 3363//1028
f 3316//981 3317//982 3365//1030
f 3316//981 3365//1030 3364//1029
f 3317//982 3318//983 3366//1031
f 3317//982 3366//1031 3365//1030
f 3318//983 3319//984 3367//1032
f 3318//983 3367//1032 3366//1031
f 3319//984 3320//985 3368//1033
f 3319//984 3368//1033 3367//1032
f 3320//985 3321//986 3369//1034
f 3320//985 3369//1034 3368//1033
f 3321//986 3322//987 3370//1035
f 3321//986 3370//1035 3369//1034
f 3322//987 3323//988 3371//1036
f 3322//987 3371//1036 3370//1035
f 3323//988 3324//989 3372//1037
f 3323//988 3372//1037 3371//1036
f 3324//989 3325//990 3373//1038
f 3324//989 3373//1038 3372//1037
f 3325//990 3326//991 3374//1039
f 3325//990 3374//1039 3373//1038
f 3326//991 3327//992 3375//1040
f 3326//991 3375//1040 3374//1039
f 3327//992 3328//993 3376//1041
f 3327//992 3376//1041 3375//1040
f 3328//993 3329//994 3377//1042
f 3328//993 3377//1042 3376//1041
f 3329//994 3330//995 3378//1043
f 3329//994 3378//1043 3377//1042
f 3330//995 3331//996 3379//1044
f 3330//995 3379//1044 3378//1043
f 3331//996 3332//997 3380//1045
f 3331//996 3380//1045 3379//1044
f 3332//997 3333//998 3381//1046
f 3332//997 3381//1046 3380//1045
f 3333//998 3334//999 3382//1047
f 3333//998 3382//1047 3381//1046
f 3334//999 3335//1000 3383//1048
f 3334//999 3383//1048 3382//1047
f 3335//1000 3336//1001 3384//1049
f 3335//1000 3384//1049 3383//1048
f 3336//1001 3337//1002 3385//1050
f 3336//1001 3385//1050 3384//1049
f 3337//1002 3338//1003 3386//1051
f 3337//1002 3386//1051 3385//1050
f 3338//1003 3339//1004 3387//1052
f 3338//1003 3387//1052 3386//1051
f 3339//1004 3340//1005 3388//1053
f 3339//1004 3388//1053 3387//1052
f 3340//1005 3341//1006 3389//1054
f 3340//1005 3389//1054 3388//1053
f 3341//1006 3342//1007 3390//1055
f 3341//1006 3390//1055 3389//1054
f 3342//1007 3343//1008 3391//1056
f 3342//1007 3391//1056 3390//1055
f 3343//1008 3344//1009 3392//1057
f 3343//1008 3392//1057 3391//1056
f 3344//1009 3345//1010 3393//1058
f 3344//1009 3393//1058 3392//1057
f 3345//1010 3299//964 3347//1012
f 3345//1010 3347//1012 3393//1058
f 3347//1012 3346//1011 3394//1059
f 3347//1012 3394//1059 3395//1060
f 3346//1011 3348//1013 3396//1061
f 3346//1011 3396//1061 3394//1059
f 3348//1013 3349//1014 3397//1062
f 3348//1013 3397//1062 3396//1061
f 3349//1014 3350//1015 3398//1063
f 3349//1014 3398//1063 3397//1062
f 3350//1015 3351//1016 3399//1064
f 3350//1015 3399//1064 3398//1063
f 3351//1016 3352//1017 3400//1065
f 3351//1016 3400//1065 3399//1064
f 3352//1017 3353//1018 3401//1066
f 3352//1017 3401//1066 3400//1065
f 3353//1018 3354//1019 3402//1067
f 3353//1018 3402//1067 3401//1066
f 3354//1019 3355//1020 3403//1068
f 3354//1019 3403//1068 3402//1067
f 3355//1020 3356//1021 3404//1069
f 3355//1020 3404//1069 3403//1068
f 3356//1021 3357//1022 3405//1070
f 3356//1021 3405//1070 3404//1069
f 3357//1022 3358//1023 3406//1071
f 3357//1022 3406//1071 3405//1070
f 3358//1023 3359//1024 3407//1072
f 3358//1023 3407//1072 3406//1071
f 3359//1024 3360//1025 3408//1073
f 3359//1024 3408//1073 3407//1072
f 3360//1025 3361//1026 3409//1074
f 3360//1025 3409//1074 3408//1073
f 3361//1026 3362//1027 3410//1075
f 3361//1026 3410//1075 3409//1074
f 3362//1027 3363//1028 3411//1076
f 3362//1027 3411//1076 3410//1075
f 3363//1028 3364//1029 3412//1077
f 3363//1028 3412//1077 3411//1076
f 3364//1029 3365//1030 3413//1078
f 3364//1029 3413//1078 3412//1077
f 3365//1030 3366//1031 3414//1079
f 3365//1030 3414//1079 3413//1078
f 3366//1031 3367//1032 3415//1080
f 3366//1031 3415//1080 3414//1079
f 3367//1032 3368//1033 3416//1081
f 3367//1032 3416//1081 3415//1080
f 3368//1033 3369//1034 3417//1082
f 3368//1033 3417//1082 3416//1081
f 3369//1034 3370//1035 3418//1083
f 3369//1034 3418//1083 3417//1082
f 3370//1035 3371//1036 3419//1084
f 3370//1035 3419//1084 3418//1083
f 3371//1036 3372//1037 3420//1085
f 3371//1036 3420//1085 3419//1084
f 3372//1037 3373//1038 3421//1086
f 3372//1037 3421//1086 3420//1085
f 3373//1038 3374//1039 3422//1087
f 3373//1038 3422//1087 3421//1086
f 3374//1039 3375//1040 3423//1088
f 3374//1039 3423//1088 3422//1087
f 3375//1040 3376//1041 3424//1089
f 3375//1040 3424//1089 3423//1088
f 3376//1041 3377//1042 3425//1090
f 3376//1041 3425//1090 3424//1089
f 3377//1042 3378//1043 3426//1091
f 3377//1042 3426//1091 3425//1090
f 3378//1043 3379//1044 3427//1092
f 3378//1043 3427//1092 3426//1091
f 3379//1044 3380//1045 3428//1093
f 3379//1044 3428//1093 3427//1092
f 3380//1045 3381//1046 3429//1094
f 3380//1045 3429//1094 3428//1093
f 3381//1046 3382//1047 3430//1095
f 3381//1046 3430//1095 3429//1094
f 3382//1047 3383//1048 3431//1096
f 3382//1047 3431//1096 3430//1095
f 3383//1048 3384//1049 3432//1097
f 3383//1048 3432//1097 3431//1096
f 3384//1049 3385//1050 3433//1098
f 3384//1049 3433//1098 3432//1097
f 3385//1050 3386//1051 3434//1099
f 3385//1050 3434//1099 3433//1098
f 3386//1051 3387//1052 3435//1100
f 3386//1051 3435//1100 3434//1099
f 3387//1052 3388//1053 3436//1101
f 3387//1052 3436//1101 3435//1100
f 3388//1053 3389//1054 3437//1102
f 3388//1053 3437//1102 3436//1101
f 3389//1054 3390//1055 3438//1103
f 3389//1054 3438//1103 3437//1102
f 3390//1055 3391//1056 3439//1104
f 3390//1055 3439//1104 3438//1103
f 3391//1056 3392//1057 3440//1105
f 3391//1056 3440//1105 3439//1104
f 3392//1057 3393//1058 3441//1106
f 3392//1057 3441//1106 3440//1105
f 3393//1058 3347//1012 3395//1060
f 3393//1058 3395//1060 3441//1106
f 3395//1060 3394//1059 3442//2
f 3394//1059 3396//1061 3442//2
f 3396//1061 3397//1062 3442//2
f 3397//1062 3398//1063 3442//2
f 3398//1063 3399//1064 3442//2
f 3399//1064 3400//1065 3442//2
f 3400//1065 3401//1066 3442//2
f 3401//1066 3402//1067 3442//2
f 3402//1067 3403//1068 3442//2
f 3403//1068 3404//1069 3442//2
f 3404//1069 3405//1070 3442//2
f 3405//1070 3406//1071 3442//2
f 3406//1071 3407//1072 3442//2
f 3407//1072 3408//1073 3442//2
f 3408//1073 3409//1074 3442//2
f 3409//1074 3410//1075 3442//2
f 3410//1075 3411//1076 3442//2
f 3411//1076 3412//1077 3442//2
f 3412//1077 3413//1078 3442//2
f 3413//1078 3414//1079 3442//2
f 3414//1079 3415//1080 3442//2
f 3415//1080 3416//1081 3442//2
f 3416//1081 3417//1082 3442//2
f 3417//1082 3418//1083 3442//2
f 3418//1083 3419//1084 3442//2
f 3419//1084 3420//1085 3442//2
f 3420//1085 3421//1086 3442//2
f 3421//1086 3422//1087 3442//2
f 3422//1087 3423//1088 3442//2
f 3423//1088 3424//1089 3442//2
f 3424//1089 3425//1090 3442//2
f 3425//1090 3426//1091 3442//2
f 3426//1091 3427//1092 3442//2
f 3427//1092 3428//1093 3442//2
f 3428//1093 3429//1094 3442//2
f 3429//1094 3430//1095 3442//2
f 3430//1095 3431//1096 3442//2
f 3431//1096 3432//1097 3442//2
f 3432//1097 3433//1098 3442//2
f 3433//1098 3434//1099 3442//2
f 3434//1099 3435//1100 3442//2
f 3435//1100 3436//1101 3442//2
f 3436//1101 3437//1102 3442//2
f 3437//1102 3438//1103 3442//2
f 3438//1103 3439//1104 3442//2
f 3439//1104 3440//1105 3442//2
f 3440//1105 3441//1106 3442//2
f 3441//1106 3395//1060 3442//2
usemtl moss
f 3443//1 3444//1107 3445//1108
f 3443//1 3446//1109 3444//1107
f 3443//1 3447//1110 3446//1109
f 3443//1 3448//1111 3447//1110
f 3443//1 3449//1112 3448//1111
f 3443//1 3450//1113 3449//1112
f 3443//1 3451//1114 3450//1113
f 3443//1 3452//1115 3451//1114
f 3443//1 3453//1116 3452//1115
f 3443//1 3454//1117 3453//1116
f 3443//1 3455//1118 3454//1117
f 3443//1 3456//1119 3455//1118
f 3443//1 3457//1120 3456//1119
f 3443//1 3458//1121 3457//1120
f 3443//1 3459//1122 3458//1121
f 3443//1 3460//1123 3459//1122
f 3443//1 3461//1124 3460//1123
f 3443//1 3462//1125 3461//1124
f 3443//1 3463//1126 3462//1125
f 3443//1 3464//1127 3463//1126
f 3443//1 3465//1128 3464//1127
f 3443//1 3466//1129 3465//1128
f 3443//1 3467//1130 3466//1129
f 3443//1 3468//1131 3467//1130
f 3443//1 3469//1132 3468//1131
f 3443//1 3470//1133 3469//1132
f 3443//1 3471//1134 3470//1133
f 3443//1 3472//1135 3471//1134
f 3443//1 3473//1136 3472//1135
f 3443//1 3474//1137 3473//1136
f 3443//1 3475//1138 3474//1137
f 3443//1 3476//1139 3475//1138
f 3443//1 3477//1140 3476//1139
f 3443//1 3478//1141 3477//1140
f 3443//1 3479//1142 3478//1141
f 3443//1 3480//1143 3479//1142
f 3443//1 3481//1144 3480//1143
f 3443//1 3482//1145 3481//1144
f 3443//1 3483//1146 3482//1145
f 3443//1 3445//1108 3483//1146
f 3445//1108 3444//1107 3484//1147
f 3445//1108 3484//1147 3485//1148
f 3444//1107 3446//1109 3486//1149
f 3444//1107 3486//1149 3484//1147
f 3446//1109 3447//1110 3487//1150
f 3446//1109 3487//1150 3486//1149
f 3447//1110 3448//1111 3488//1151
f 3447//1110 3488//1151 3487//1150
f 3448//1111 3449//1112 3489//1152
f 3448//1111 3489//1152 3488//1151
f 3449//1112 3450//1113 3490//1153
f 3449//1112 3490//1153 3489//1152
f 3450//1113 3451//1114 3491//1154
f 3450//1113 3491//1154 3490//1153
f 3451//1114 3452//1115 3492//1155
f 3451//1114 3492//1155 3491//1154
f 3452//1115 3453//1116 3493//1156
f 3452//1115 3493//1156 3492//1155
f 3453//1116 3454//1117 3494//1157
f 3453//1116 3494//1157 3493//1156
f 3454//1117 3455//1118 3495//1158
f 3454//1117 3495//1158 3494//1157
f 3455//1118 3456//1119 3496//1159
f 3455//1118 3496//1159 3495//1158
f 3456//1119 3457//1120 3497//1160
f 3456//1119 3497//1160 3496//1159
f 3457//1120 3458//1121 3498//1161
f 3457//1120 3498//1161 3497//1160
f 3458//1121 3459//1122 3499//1162
f 3458//1121 3499//1162 3498//1161
f 3459//1122 3460//1123 3500//1163
f 3459//1122 3500//1163 3499//1162
f 3460//1123 3461//1124 3501//1164
f 3460//1123 3501//1164 3500//1163
f 3461//1124 3462//1125 3502//1165
f 3461//1124 3502//1165 3501//1164
f 3462//1125 3463//1126 3503//1166
f 3462//1125 3503//1166 3502//1165
f 3463//1126 3464//1127 3504//1167
f 3463//1126 3504//1167 3503//1166
f 3464//1127 3465//1128 3505//1168
f 3464//1127 3505//1168 3504//1167
f 3465//1128 3466//1129 3506//1169
f 3465//1128 3506//1169 3505//1168
f 3466//1129 3467//1130 3507//1170
f 3466//1129 3507//1170 3506//1169
f 3467//1130 3468//1131 3508//1171
f 3467//1130 3508//1171 3507//1170
f 3468//1131 3469//1132 3509//1172
f 3468//1131 3509//1172 3508//1171
f 3469//1132 3470//1133 3510//1173
f 3469//1132 3510//1173 3509//1172
f 3470//1133 3471//1134 3511//1174
f 3470//1133 3511//1174 3510//1173
f 3471//1134 3472//1135 3512//1175
f 3471//1134 3512//1175 3511//1174
f 3472//1135 3473//1136 3513//1176
f 3472//1135 3513//1176 3512//1175
f 3473//1136 3474//1137 3514//1177
f 3473//1136 3514//1177 3513//1176
f 3474//1137 3475//1138 3515//1178
f 3474//1137 3515//1178 3514//1177
f 3475//1138 3476//1139 3516//1179
f 3475//1138 3516//1179 3515//1178
f 3476//1139 3477//1140 3517//1180
f 3476//1139 3517//1180 3516//1179
f 3477//1140 3478//1141 3518//1181
f 3477//1140 3518//1181 3517//1180
f 3478//1141 3479//1142 3519//1182
f 3478//1141 3519//1182 3518//1181
f 3479//1142 3480//1143 3520//1183
f 3479//1142 3520//1183 3519//1182
f 3480//1143 3481//1144 3521//1184
f 3480//1143 3521//1184 3520//1183
f 3481//1144 3482//1145 3522//1185
f 3481//1144 3522//1185 3521//1184
f 3482//1145 3483//1146 3523//1186
f 3482//1145 3523//1186 3522//1185
f 3483//1146 3445//1108 3485//1148
f 3483//1146 3485//1148 3523//1186
f 3485//1148 3484//1147 3524//1187
f 3485//1148 3524//1187 3525//1188
f 3484//1147 3486//1149 3526//1189
f 3484//1147 3526//1189 3524//1187
f 3486//1149 3487//1150 3527//1190
f 3486//1149 3527//1190 3526//1189
f 3487//1150 3488//1151 3528//1191
f 3487//1150 3528//1191 3527//1190
f 3488//1151 3489//1152 3529//1192
f 3488//1151 3529//1192 3528//1191
f 3489//1152 3490//1153 3530//1193
f 3489//1152 3530//1193 3529//1192
f 3490//1153 3491//1154 3531//1194
f 3490//1153 3531//1194 3530//1193
f 3491//1154 3492//1155 3532//1195
f 3491//1154 3532//1195 3531//1194
f 3492//1155 3493//1156 3533//1196
f 3492//1155 3533//1196 3532//1195
f 3493//1156 3494//1157 3534//1197
f 3493//1156 3534//1197 3533//1196
f 3494//1157 3495//1158 3535//1198
f 3494//1157 3535//1198 3534//1197
f 3495//1158 3496//1159 3536//1199
f 3495//1158 3536//1199 3535//1198
f 3496//1159 3497//1160 3537//1200
f 3496//1159 3537//1200 3536//1199
f 3497//1160 3498//1161 3538//1201
f 3497//1160 3538//1201 3537//1200
f 3498//1161 3499//1162 3539//1202
f 3498//1161 3539//1202 3538//1201
f 3499//1162 3500//1163 3540//1203
f 3499//1162 3540//1203 3539//1202
f 3500//1163 3501//1164 3541//1204
f 3500//1163 3541//1204 3540//1203
f 3501//1164 3502//1165 3542//1205
f 3501//1164 3542//1205 3541//1204
f 3502//1165 3503//1166 3543//1206
f 3502//1165 3543//1206 3542//1205
f 3503//1166 3504//1167 3544//1207
f 3503//1166 3544//1207 3543//1206
f 3504//1167 3505//1168 3545//1208
f 3504//1167 3545//1208 3544//1207
f 3505//1168 3506//1169 3546//1209
f 3505//1168 3546//1209 3545//1208
f 3506//1169 3507//1170 3547//1210
f 3506//1169 3547//1210 3546//1209
f 3507//1170 3508//1171 3548//1211
f 3507//1170 3548//1211 3547//1210
f 3508//1171 3509//1172 3549//1212
f 3508//1171 3549//1212 3548//1211
f 3509//1172 3510//1173 3550//1213
f 3509//1172 3550//1213 3549//1212
f 3510//1173 3511//1174 3551//1214
f 3510//1173 3551//1214 3550//1213
f 3511//1174 3512//1175 3552//1215
f 3511//1174 3552//1215 3551//1214
f 3512//1175 3513//1176 3553//1216
f 3512//1175 3553//1216 3552//1215
f 3513//1176 3514//1177 3554//1217
f 3513//1176 3554//1217 3553//1216
f 3514//1177 3515//1178 3555//1218
f 3514//1177 3555//1218 3554//1217
f 3515//1178 3516//1179 3556//1219
f 3515//1178 3556//1219 3555//1218
f 3516//1179 3517//1180 3557//1220
f 3516//1179 3557//1220 3556//1219
f 3517//1180 3518//1181 3558//1221
f 3517//1180 3558//1221 3557//1220
f 3518//1181 3519//1182 3559//1222
f 3518//1181 3559//1222 3558//1221
f 3519//1182 3520//1183 3560//1223
f 3519//1182 3560//1223 3559//1222
f 3520//1183 3521//1184 3561//1224
f 3520//1183 3561//1224 3560//1223
f 3521//1184 3522//1185 3562//1225
f 3521//1184 3562//1225 3561//1224
f 3522//1185 3523//1186 3563//1226
f 3522//1185 3563//1226 3562//1225
f 3523//1186 3485//1148 3525//1188
f 3523//1186 3525//1188 3563//1226
f 3525//1188 3524//1187 3564//1227
f 3525//1188 3564//1227 3565//1228
f 3524//1187 3526//1189 3566//1229
f 3524//1187 3566//1229 3564//1227
f 3526//1189 3527//1190 3567//1230
f 3526//1189 3567//1230 3566//1229
f 3527//1190 3528//1191 3568//1231
f 3527//1190 3568//1231 3567//1230
f 3528//1191 3529//1192 3569//1232
f 3528//1191 3569//1232 3568//1231
f 3529//1192 3530//1193 3570//1233
f 3529//1192 3570//1233 3569//1232
f 3530//1193 3531//1194 3571//1234
f 3530//1193 3571//1234 3570//1233
f 3531//1194 3532//1195 3572//1235
f 3531//1194 3572//1235 3571//1234
f 3532//1195 3533//1196 3573//1236
f 3532//1195 3573//1236 3572//1235
f 3533//1196 3534//1197 3574//1237
f 3533//1196 3574//1237 3573//1236
f 3534//1197 3535//1198 3575//1238
f 3534//1197 3575//1238 3574//1237
f 3535//1198 3536//1199 3576//1239
f 3535//1198 3576//1239 3575//1238
f 3536//1199 3537//1200 3577//1240
f 3536//1199 3577//1240 3576//1239
f 3537//1200 3538//1201 3578//1241
f 3537//1200 3578//1241 3577//1240
f 3538//1201 3539//1202 3579//1242
f 3538//1201 3579//1242 3578//1241
f 3539//1202 3540//1203 3580//1243
f 3539//1202 3580//1243 3579//1242
f 3540//1203 3541//1204 3581//1244
f 3540//1203 3581//1244 3580//1243
f 3541//1204 3542//1205 3582//1245
f 3541//1204 3582//1245 3581//1244
f 3542//1205 3543//1206 3583//1246
f 3542//1205 3583//1246 3582//1245
f 3543//1206 3544//1207 3584//1247
f 3543//1206 3584//1247 3583//1246
f 3544//1207 3545//1208 3585//1248
f 3544//1207 3585//1248 3584//1247
f 3545//1208 3546//1209 3586//1249
f 3545//1208 3586//1249 3585//1248
f 3546//1209 3547//1210 3587//1250
f 3546//1209 3587//1250 3586//1249
f 3547//1210 3548//1211 3588//1251
f 3547//1210 3588//1251 3587//1250
f 3548//1211 3549//1212 3589//1252
f 3548//1211 3589//1252 3588//1251
f 3549//1212 3550//1213 3590//1253
f 3549//1212 3590//1253 3589//1252
f 3550//1213 3551//1214 3591//1254
f 3550//1213 3591//1254 3590//1253
f 3551//1214 3552//1215 3592//1255
f 3551//1214 3592//1255 3591//1254
f 3552//1215 3553//1216 3593//1256
f 3552//1215 3593//1256 3592//1255
f 3553//1216 3554//1217 3594//1257
f 3553//1216 3594//1257 3593//1256
f 3554//1217 3555//1218 3595//1258
f 3554//1217 3595//1258 3594//1257
f 3555//1218 3556//1219 3596//1259
f 3555//1218 3596//1259 3595//1258
f 3556//1219 3557//1220 3597//1260
f 3556//1219 3597//1260 3596//1259
f 3557//1220 3558//1221 3598//1261
f 3557//1220 3598//1261 3597//1260
f 3558//1221 3559//1222 3599//1262
f 3558//1221 3599//1262 3598//1261
f 3559//1222 3560//1223 3600//1263
f 3559//1222 3600//1263 3599//1262
f 3560//1223 3561//1224 3601//1264
f 3560//1223 3601//1264 3600//1263
f 3561//1224 3562//1225 3602//1265
f 3561//1224 3602//1265 3601//1264
f 3562//1225 3563//1226 3603//1266
f 3562//1225 3603//1266 3602//1265
f 3563//1226 3525//1188 3565//1228
f 3563//1226 3565//1228 3603//1266
f 3565//1228 3564//1227 3604//1267
f 3565//1228 3604//1267 3605//248
f 3564//1227 3566//1229 3606//1268
f 3564//1227 3606//1268 3604//1267
f 3566//1229 3567//1230 3607//1269
f 3566//1229 3607//1269 3606//1268
f 3567//1230 3568//1231 3608//1270
f 3567//1230 3608//1270 3607//1269
f 3568//1231 3569//1232 3609//253
f 3568//1231 3609//253 3608//1270
f 3569//1232 3570//1233 3610//1271
f 3569//1232 3610//1271 3609//253
f 3570//1233 3571//1234 3611//1272
f 3570//1233 3611//1272 3610//1271
f 3571//1234 3572//1235 3612//1273
f 3571//1234 3612//1273 3611//1272
f 3572//1235 3573//1236 3613//1274
f 3572//1235 3613//1274 3612//1273
f 3573//1236 3574//1237 3614//259
f 3573//1236 3614//259 3613//1274
f 3574//1237 3575//1238 3615//1275
f 3574//1237 3615//1275 3614//259
f 3575//1238 3576//1239 3616//1276
f 3575//1238 3616//1276 3615//1275
f 3576//1239 3577//1240 3617//1277
f 3576//1239 3617//1277 3616//1276
f 3577//1240 3578//1241 3618//1278
f 3577//1240 3618//1278 3617//1277
f 3578//1241 3579//1242 3619//265
f 3578//1241 3619//265 3618//1278
f 3579//1242 3580//1243 3620//1279
f 3579//1242 3620//1279 3619//265
f 3580//1243 3581//1244 3621//1280
f 3580//1243 3621//1280 3620//1279
f 3581//1244 3582//1245 3622//1281
f 3581//1244 3622//1281 3621//1280
f 3582//1245 3583//1246 3623//1282
f 3582//1245 3623//1282 3622//1281
f 3583//1246 3584//1247 3624//271
f 3583//1246 3624//271 3623//1282
f 3584//1247 3585//1248 3625//1283
f 3584//1247 3625//1283 3624//271
f 3585//1248 3586//1249 3626//1284
f 3585//1248 3626//1284 3625//1283
f 3586//1249 3587//1250 3627//1285
f 3586//1249 3627//1285 3626//1284
f 3587//1250 3588//1251 3628//1286
f 3587//1250 3628//1286 3627//1285
f 3588//1251 3589//1252 3629//277
f 3588//1251 3629//277 3628//1286
f 3589//1252 3590//1253 3630//1287
f 3589//1252 3630//1287 3629//277
f 3590//1253 3591//1254 3631//1288
f 3590//1253 3631//1288 3630//1287
f 3591//1254 3592//1255 3632//1289
f 3591//1254 3632//1289 3631//1288
f 3592//1255 3593//1256 3633//1290
f 3592//1255 3633//1290 3632//1289
f 3593//1256 3594//1257 3634//283
f 3593//1256 3634//283 3633//1290
f 3594//1257 3595//1258 3635//1291
f 3594//1257 3635//1291 3634//283
f 3595//1258 3596//1259 3636//1292
f 3595//1258 3636//1292 3635//1291
f 3596//1259 3597//1260 3637//1293
f 3596//1259 3637//1293 3636//1292
f 3597//1260 3598//1261 3638//1294
f 3597//1260 3638//1294 3637//1293
f 3598//1261 3599//1262 3639//289
f 3598//1261 3639//289 3638//1294
f 3599//1262 3600//1263 3640//1295
f 3599//1262 3640//1295 3639//289
f 3600//1263 3601//1264 3641//1296
f 3600//1263 3641//1296 3640//1295
f 3601//1264 3602//1265 3642//1297
f 3601//1264 3642//1297 3641//1296
f 3602//1265 3603//1266 3643//1298
f 3602//1265 3643//1298 3642//1297
f 3603//1266 3565//1228 3605//248
f 3603//1266 3605//248 3643//1298
f 3605//248 3604//1267 3644//1299
f 3605//248 3644//1299 3645//1300
f 3604//1267 3606//1268 3646//1301
f 3604//1267 3646//1301 3644//1299
f 3606//1268 3607//1269 3647//1302
f 3606//1268 3647//1302 3646//1301
f 3607//1269 3608//1270 3648//1303
f 3607//1269 3648//1303 3647//1302
f 3608//1270 3609//253 3649//1304
f 3608//1270 3649//1304 3648//1303
f 3609//253 3610//1271 3650//1305
f 3609//253 3650//1305 3649//1304
f 3610//1271 3611//1272 3651//1306
f 3610//1271 3651//1306 3650//1305
f 3611//1272 3612//1273 3652//1307
f 3611//1272 3652//1307 3651//1306
f 3612//1273 3613//1274 3653//1308
f 3612//1273 3653//1308 3652//1307
f 3613//1274 3614//259 3654//1309
f 3613//1274 3654//1309 3653//1308
f 3614//259 3615//1275 3655//1310
f 3614//259 3655//1310 3654//1309
f 3615//1275 3616//1276 3656//1311
f 3615//1275 3656//1311 3655//1310
f 3616//1276 3617//1277 3657//1312
f 3616//1276 3657//1312 3656//1311
f 3617//1277 3618//1278 3658//1313
f 3617//1277 3658//1313 3657//1312
f 3618//1278 3619//265 3659//1314
f 3618//1278 3659//1314 3658//1313
f 3619//265 3620//1279 3660//1315
f 3619//265 3660//1315 3659//1314
f 3620//1279 3621//1280 3661//1316
f 3620//1279 3661//1316 3660//1315
f 3621//1280 3622//1281 3662//1317
f 3621//1280 3662//1317 3661//1316
f 3622//1281 3623//1282 3663//1318
f 3622//1281 3663//1318 3662//1317
f 3623//1282 3624//271 3664//1319
f 3623//1282 3664//1319 3663//1318
f 3624//271 3625//1283 3665//1320
f 3624//271 3665//1320 3664//1319
f 3625//1283 3626//1284 3666//1321
f 3625//1283 3666//1321 3665//1320
f 3626//1284 3627//1285 3667//1322
f 3626//1284 3667//1322 3666//1321
f 3627//1285 3628//1286 3668//1323
f 3627//1285 3668//1323 3667//1322
f 3628//1286 3629//277 3669//1324
f 3628//1286 3669//1324 3668//1323
f 3629//277 3630//1287 3670//1325
f 3629//277 3670//1325 3669//1324
f 3630//1287 3631//1288 3671//1326
f 3630//1287 3671//1326 3670//1325
f 3631//1288 3632//1289 3672//1327
f 3631//1288 3672//1327 3671//1326
f 3632//1289 3633//1290 3673//1328
f 3632//1289 3673//1328 3672//1327
f 3633//1290 3634//283 3674//1329
f 3633//1290 3674//1329 3673//1328
f 3634//283 3635//1291 3675//1330
f 3634//283 3675//1330 3674//1329
f 3635//1291 3636//1292 3676//1331
f 3635//1291 3676//1331 3675//1330
f 3636//1292 3637//1293 3677//1332
f 3636//1292 3677//1332 3676//1331
f 3637//1293 3638//1294 3678//1333
f 3637//1293 3678//1333 3677//1332
f 3638//1294 3639//289 3679//1334
f 3638//1294 3679//1334 3678//1333
f 3639//289 3640//1295 3680//1335
f 3639//289 3680//1335 3679//1334
f 3640//1295 3641//1296 3681//1336
f 3640//1295 3681//1336 3680//1335
f 3641//1296 3642//1297 3682//1337
f 3641//1296 3682//1337 3681//1336
f 3642//1297 3643//1298 3683//1338
f 3642//1297 3683//1338 3682//1337
f 3643//1298 3605//248 3645//1300
f 3643//1298 3645//1300 3683//1338
f 3645//1300 3644//1299 3684//1339
f 3645//1300 3684//1339 3685//1340
f 3644//1299 3646//1301 3686//1341
f 3644//1299 3686//1341 3684//1339
f 3646//1301 3647//1302 3687//1342
f 3646//1301 3687//1342 3686//1341
f 3647//1302 3648//1303 3688//1343
f 3647//1302 3688//1343 3687//1342
f 3648//1303 3649//1304 3689//1344
f 3648//1303 3689//1344 3688//1343
f 3649//1304 3650//1305 3690//1345
f 3649//1304 3690//1345 3689//1344
f 3650//1305 3651//1306 3691//1346
f 3650//1305 3691//1346 3690//1345
f 3651//1306 3652//1307 3692//1347
f 3651//1306 3692//1347 3691//1346
f 3652//1307 3653//1308 3693//1348
f 3652//1307 3693//1348 3692//1347
f 3653//1308 3654//1309 3694//1349
f 3653//1308 3694//1349 3693//1348
f 3654//1309 3655//1310 3695//1350
f 3654//1309 3695//1350 3694//1349
f 3655//1310 3656//1311 3696//1351
f 3655//1310 3696//1351 3695//1350
f 3656//1311 3657//1312 3697//1352
f 3656//1311 3697//1352 3696//1351
f 3657//1312 3658//1313 3698//1353
f 3657//1312 3698//1353 3697//1352
f 3658//1313 3659//1314 3699//1354
f 3658//1313 3699//1354 3698//1353
f 3659//1314 3660//1315 3700//1355
f 3659//1314 3700//1355 3699//1354
f 3660//1315 3661//1316 3701//1356
f 3660//1315 3701//1356 3700//1355
f 3661//1316 3662//1317 3702//1357
f 3661//1316 3702//1357 3701//1356
f 3662//1317 3663//1318 3703//1358
f 3662//1317 3703//1358 3702//1357
f 3663//1318 3664//1319 3704//1359
f 3663//1318 3704//1359 3703//1358
f 3664//1319 3665//1320 3705//1360
f 3664//1319 3705//1360 3704//1359
f 3665//1320 3666//1321 3706//1361
f 3665//1320 3706//1361 3705//1360
f 3666//1321 3667//1322 3707//1362
f 3666//1321 3707//1362 3706//1361
f 3667//1322 3668//1323 3708//1363
f 3667//1322 3708//1363 3707//1362
f 3668//1323 3669//1324 3709//1364
f 3668//1323 3709//1364 3708//1363
f 3669//1324 3670//1325 3710//1365
f 3669//1324 3710//1365 3709//1364
f 3670//1325 3671//1326 3711//1366
f 3670//1325 3711//1366 3710//1365
f 3671//1326 3672//1327 3712//1367
f 3671//1326 3712//1367 3711//1366
f 3672//1327 3673//1328 3713//1368
f 3672//1327 3713//1368 3712//1367
f 3673//1328 3674//1329 3714//1369
f 3673//1328 3714//1369 3713//1368
f 3674//1329 3675//1330 3715//1370
f 3674//1329 3715//1370 3714//1369
f 3675//1330 3676//1331 3716//1371
f 3675//1330 3716//1371 3715//1370
f 3676//1331 3677//1332 3717//1372
f 3676//1331 3717//1372 3716//1371
f 3677//1332 3678//1333 3718//1373
f 3677//1332 3718//1373 3717//1372
f 3678//1333 3679//1334 3719//1374
f 3678//1333 3719//1374 3718//1373
f 3679//1334 3680//1335 3720//1375
f 3679//1334 3720//1375 3719//1374
f 3680//1335 3681//1336 3721//1376
f 3680//1335 3721//1376 3720//1375
f 3681//1336 3682//1337 3722//1377
f 3681//1336 3722//1377 3721//1376
f 3682//1337 3683//1338 3723//1378
f 3682//1337 3723//1378 3722//1377
f 3683//1338 3645//1300 3685//1340
f 3683//1338 3685//1340 3723//1378
f 3685//1340 3684//1339 3724//1379
f 3685//1340 3724//1379 3725//1380
f 3684//1339 3686//1341 3726//1381
f 3684//1339 3726//1381 3724//1379
f 3686//1341 3687//1342 3727//1382
f 3686//1341 3727//1382 3726//1381
f 3687//1342 3688//1343 3728//1383
f 3687//1342 3728//1383 3727//1382
f 3688//1343 3689//1344 3729//1384
f 3688//1343 3729//1384 3728//1383
f 3689//1344 3690//1345 3730//1385
f 3689//1344 3730//1385 3729//1384
f 3690//1345 3691//1346 3731//1386
f 3690//1345 3731//1386 3730//1385
f 3691//1346 3692//1347 3732//1387
f 3691//1346 3732//1387 3731//1386
f 3692//1347 3693//1348 3733//1388
f 3692//1347 3733//1388 3732//1387
f 3693//1348 3694//1349 3734//1389
f 3693//1348 3734//1389 3733//1388
f 3694//1349 3695//1350 3735//1390
f 3694//1349 3735//1390 3734//1389
f 3695//1350 3696//1351 3736//1391
f 3695//1350 3736//1391 3735//1390
f 3696//1351 3697//1352 3737//1392
f 3696//1351 3737//1392 3736//1391
f 3697//1352 3698//1353 3738//1393
f 3697//1352 3738//1393 3737//1392
f 3698//1353 3699//1354 3739//1394
f 3698//1353 3739//1394 3738//1393
f 3699//1354 3700//1355 3740//1395
f 3699//1354 3740//1395 3739//1394
f 3700//1355 3701//1356 3741//1396
f 3700//1355 3741//1396 3740//1395
f 3701//1356 3702//1357 3742//1397
f 3701//1356 3742//1397 3741//1396
f 3702//1357 3703//1358 3743//1398
f 3702//1357 3743//1398 3742//1397
f 3703//1358 3704//1359 3744//1399
f 3703//1358 3744//1399 3743//1398
f 3704//1359 3705//1360 3745//1400
f 3704//1359 3745//1400 3744//1399
f 3705//1360 3706//1361 3746//1401
f 3705//1360 3746//1401 3745//1400
f 3706//1361 3707//1362 3747//1402
f 3706//1361 3747//1402 3746//1401
f 3707//1362 3708//1363 3748//1403
f 3707//1362 3748//1403 3747//1402
f 3708//1363 3709//1364 3749//1404
f 3708//1363 3749//1404 3748//1403
f 3709//1364 3710//1365 3750//1405
f 3709//1364 3750//1405 3749//1404
f 3710//1365 3711//1366 3751//1406
f 3710//1365 3751//1406 3750//1405
f 3711//1366 3712//1367 3752//1407
f 3711//1366 3752//1407 3751//1406
f 3712//1367 3713//1368 3753//1408
f 3712//1367 3753//1408 3752//1407
f 3713//1368 3714//1369 3754//1409
f 3713//1368 3754//1409 3753//1408
f 3714//1369 3715//1370 3755//1410
f 3714//1369 3755//1410 3754//1409
f 3715//1370 3716//1371 3756//1411
f 3715//1370 3756//1411 3755//1410
f 3716//1371 3717//1372 3757//1412
f 3716//1371 3757//1412 3756//1411
f 3717//1372 3718//1373 3758//1413
f 3717//1372 3758//1413 3757//1412
f 3718//1373 3719//1374 3759//1414
f 3718//1373 3759//1414 3758//1413
f 3719//1374 3720//1375 3760//1415
f 3719//1374 3760//1415 3759//1414
f 3720//1375 3721//1376 3761//1416
f 3720//1375 3761//1416 3760//1415
f 3721//1376 3722//1377 3762//1417
f 3721//1376 3762//1417 3761//1416
f 3722//1377 3723//1378 3763//1418
f 3722//1377 3763//1418 3762//1417
f 3723//1378 3685//1340 3725//1380
f 3723//1378 3725//1380 3763//1418
f 3725//1380 3724//1379 3764//1419
f 3725//1380 3764//1419 3765//1420
f 3724//1379 3726//1381 3766//1421
f 3724//1379 3766//1421 3764//1419
f 3726//1381 3727//1382 3767//1422
f 3726//1381 3767//1422 3766//1421
f 3727//1382 3728//1383 3768//1423
f 3727//1382 3768//1423 3767//1422
f 3728//1383 3729//1384 3769//1424
f 3728//1383 3769//1424 3768//1423
f 3729//1384 3730//1385 3770//1425
f 3729//1384 3770//1425 3769//1424
f 3730//1385 3731//1386 3771//1426
f 3730//1385 3771//1426 3770//1425
f 3731//1386 3732//1387 3772//1427
f 3731//1386 3772//1427 3771//1426
f 3732//1387 3733//1388 3773//1428
f 3732//1387 3773//1428 3772//1427
f 3733//1388 3734//1389 3774//1429
f 3733//1388 3774//1429 3773//1428
f 3734//1389 3735//1390 3775//1430
f 3734//1389 3775//1430 3774//1429
f 3735//1390 3736//1391 3776//1431
f 3735//1390 3776//1431 3775//1430
f 3736//1391 3737//1392 3777//1432
f 3736//1391 3777//1432 3776//1431
f 3737//1392 3738//1393 3778//1433
f 3737//1392 3778//1433 3777//1432
f 3738//1393 3739//1394 3779//1434
f 3738//1393 3779//1434 3778//1433
f 3739//1394 3740//1395 3780//1435
f 3739//1394 3780//1435 3779//1434
f 3740//1395 3741//1396 3781//1436
f 3740//1395 3781//1436 3780//1435
f 3741//1396 3742//1397 3782//1437
f 3741//1396 3782//1437 3781//1436
f 3742//1397 3743//1398 3783//1438
f 3742//1397 3783//1438 3782//1437
f 3743//1398 3744//1399 3784//1439
f 3743//1398 3784//1439 3783//1438
f 3744//1399 3745//1400 3785//1440
f 3744//1399 3785//1440 3784//1439
f 3745//1400 3746//1401 3786//1441
f 3745//1400 3786//1441 3785//1440
f 3746//1401 3747//1402 3787//1442
f 3746//1401 3787//1442 3786//1441
f 3747//1402 3748//1403 3788//1443
f 3747//1402 3788//1443 3787//1442
f 3748//1403 3749//1404 3789//1444
f 3748//1403 3789//1444 3788//1443
f 3749//1404 3750//1405 3790//1445
f 3749//1404 3790//1445 3789//1444
f 3750//1405 3751//1406 3791//1446
f 3750//1405 3791//1446 3790//1445
f 3751//1406 3752//1407 3792//1447
f 3751//1406 3792//1447 3791//1446
f 3752//1407 3753//1408 3793//1448
f 3752//1407 3793//1448 3792//1447
f 3753//1408 3754//1409 3794//1449
f 3753//1408 3794//1449 3793//1448
f 3754//1409 3755//1410 3795//1450
f 3754//1409 3795//1450 3794//1449
f 3755//1410 3756//1411 3796//1451
f 3755//1410 3796//1451 3795//1450
f 3756//1411 3757//1412 3797//1452
f 3756//1411 3797//1452 3796//1451
f 3757//1412 3758//1413 3798//1453
f 3757//1412 3798//1453 3797//1452
f 3758//1413 3759//1414 3799//1454
f 3758//1413 3799//1454 3798//1453
f 3759//1414 3760//1415 3800//1455
f 3759//1414 3800//1455 3799//1454
f 3760//1415 3761//1416 3801//1456
f 3760//1415 3801//1456 3800//1455
f 3761//1416 3762//1417 3802//1457
f 3761//1416 3802//1457 3801//1456
f 3762//1417 3763//1418 3803//1458
f 3762//1417 3803//1458 3802//1457
f 3763//1418 3725//1380 3765//1420
f 3763//1418 3765//1420 3803//1458
f 3765//1420 3764//1419 3804//1459
f 3765//1420 3804//1459 3805//6
f 3764//1419 3766//1421 3806//1460
f 3764//1419 3806//1460 3804//1459
f 3766//1421 3767//1422 3807//1461
f 3766//1421 3807//1461 3806//1460
f 3767//1422 3768//1423 3808//1462
f 3767//1422 3808//1462 3807//1461
f 3768//1423 3769//1424 3809//540
f 3768//1423 3809//540 3808//1462
f 3769//1424 3770//1425 3810//1463
f 3769//1424 3810//1463 3809//540
f 3770//1425 3771//1426 3811//1464
f 3770//1425 3811//1464 3810//1463
f 3771//1426 3772//1427 3812//1465
f 3771//1426 3812//1465 3811//1464
f 3772//1427 3773//1428 3813//1466
f 3772//1427 3813//1466 3812//1465
f 3773//1428 3774//1429 3814//4
f 3773//1428 3814//4 3813//1466
f 3774//1429 3775//1430 3815//1467
f 3774//1429 3815//1467 3814//4
f 3775//1430 3776//1431 3816//1468
f 3775//1430 3816//1468 3815//1467
f 3776//1431 3777//1432 3817//1469
f 3776//1431 3817//1469 3816//1468
f 3777//1432 3778//1433 3818//1470
f 3777//1432 3818//1470 3817//1469
f 3778//1433 3779//1434 3819//551
f 3778//1433 3819//551 3818//1470
f 3779//1434 3780//1435 3820//1471
f 3779//1434 3820//1471 3819//551
f 3780//1435 3781//1436 3821//1472
f 3780//1435 3821//1472 3820//1471
f 3781//1436 3782//1437 3822//1473
f 3781//1436 3822//1473 3821//1472
f 3782//1437 3783//1438 3823//1474
f 3782//1437 3823//1474 3822//1473
f 3783//1438 3784//1439 3824//5
f 3783//1438 3824//5 3823//1474
f 3784//1439 3785//1440 3825//1475
f 3784//1439 3825//1475 3824//5
f 3785//1440 3786//1441 3826//1476
f 3785//1440 3826//1476 3825//1475
f 3786//1441 3787//1442 3827//1477
f 3786//1441 3827//1477 3826//1476
f 3787//1442 3788//1443 3828//1478
f 3787//1442 3828//1478 3827//1477
f 3788//1443 3789//1444 3829//562
f 3788//1443 3829//562 3828//1478
f 3789//1444 3790//1445 3830//1479
f 3789//1444 3830//1479 3829//562
f 3790//1445 3791//1446 3831//1480
f 3790//1445 3831//1480 3830//1479
f 3791//1446 3792//1447 3832//1481
f 3791//1446 3832//1481 3831//1480
f 3792//1447 3793//1448 3833//1482
f 3792//1447 3833//1482 3832//1481
f 3793//1448 3794//1449 3834//3
f 3793//1448 3834//3 3833//1482
f 3794//1449 3795//1450 3835//1483
f 3794//1449 3835//1483 3834//3
f 3795//1450 3796//1451 3836//1484
f 3795//1450 3836//1484 3835//1483
f 3796//1451 3797//1452 3837//1485
f 3796//1451 3837//1485 3836//1484
f 3797//1452 3798//1453 3838//1486
f 3797//1452 3838//1486 3837//1485
f 3798//1453 3799//1454 3839//573
f 3798//1453 3839//573 3838//1486
f 3799//1454 3800//1455 3840//1487
f 3799//1454 3840//1487 3839//573
f 3800//1455 3801//1456 3841//1488
f 3800//1455 3841//1488 3840//1487
f 3801//1456 3802//1457 3842//1489
f 3801//1456 3842//1489 3841//1488
f 3802//1457 3803//1458 3843//1490
f 3802//1457 3843//1490 3842//1489
f 3803//1458 3765//1420 3805//6
f 3803//1458 3805//6 3843//1490
f 3805//6 3804//1459 3844//1491
f 3805//6 3844//1491 3845//1492
f 3804//1459 3806//1460 3846//1493
f 3804//1459 3846//1493 3844//1491
f 3806//1460 3807//1461 3847//1494
f 3806//1460 3847//1494 3846//1493
f 3807//1461 3808//1462 3848//1495
f 3807//1461 3848//1495 3847//1494
f 3808//1462 3809//540 3849//1496
f 3808//1462 3849//1496 3848//1495
f 3809//540 3810//1463 3850//1497
f 3809//540 3850//1497 3849//1496
f 3810//1463 3811//1464 3851//1498
f 3810//1463 3851//1498 3850//1497
f 3811//1464 3812//1465 3852//1499
f 3811//1464 3852//1499 3851//1498
f 3812//1465 3813//1466 3853//1500
f 3812//1465 3853//1500 3852//1499
f 3813//1466 3814//4 3854//1501
f 3813//1466 3854//1501 3853//1500
f 3814//4 3815//1467 3855//1502
f 3814//4 3855//1502 3854//1501
f 3815//1467 3816//1468 3856//1503
f 3815//1467 3856//1503 3855//1502
f 3816//1468 3817//1469 3857//1504
f 3816//1468 3857//1504 3856//1503
f 3817//1469 3818//1470 3858//1505
f 3817//1469 3858//1505 3857//1504
f 3818//1470 3819//551 3859//1506
f 3818//1470 3859//1506 3858//1505
f 3819//551 3820//1471 3860//1507
f 3819//551 3860//1507 3859//1506
f 3820//1471 3821//1472 3861//1508
f 3820//1471 3861//1508 3860//1507
f 3821//1472 3822//1473 3862//1509
f 3821//1472 3862//1509 3861//1508
f 3822//1473 3823//1474 3863//1510
f 3822//1473 3863//1510 3862//1509
f 3823//1474 3824//5 3864//1511
f 3823//1474 3864//1511 3863//1510
f 3824//5 3825//1475 3865//1512
f 3824//5 3865//1512 3864//1511
f 3825//1475 3826//1476 3866//1513
f 3825//1475 3866//1513 3865//1512
f 3826//1476 3827//1477 3867//1514
f 3826//1476 3867//1514 3866//1513
f 3827//1477 3828//1478 3868//1515
f 3827//1477 3868//1515 3867//1514
f 3828//1478 3829//562 3869//1516
f 3828//1478 3869//1516 3868//1515
f 3829//562 3830//1479 3870//1517
f 3829//562 3870//1517 3869//1516
f 3830//1479 3831//1480 3871//1518
f 3830//1479 3871//1518 3870//1517
f 3831//1480 3832//1481 3872//1519
f 3831//1480 3872//1519 3871//1518
f 3832//1481 3833//1482 3873//1520
f 3832//1481 3873//1520 3872//1519
f 3833//1482 3834//3 3874//1521
f 3833//1482 3874//1521 3873//1520
f 3834//3 3835//1483 3875//1522
f 3834//3 3875//1522 3874//1521
f 3835//1483 3836//1484 3876//1523
f 3835//1483 3876//1523 3875//1522
f 3836//1484 3837//1485 3877//1524
f 3836//1484 3877//1524 3876//1523
f 3837//1485 3838//1486 3878//1525
f 3837//1485 3878//1525 3877//1524
f 3838//1486 3839//573 3879//1526
f 3838//1486 3879//1526 3878//1525
f 3839//573 3840//1487 3880//1527
f 3839//573 3880//1527 3879//1526
f 3840//1487 3841//1488 3881//1528
f 3840//1487 3881//1528 3880//1527
f 3841//1488 3842//1489 3882//1529
f 3841//1488 3882//1529 3881//1528
f 3842//1489 3843//1490 3883//1530
f 3842//1489 3883//1530 3882//1529
f 3843//1490 3805//6 3845//1492
f 3843//1490 3845//1492 3883//1530
f 3845//1492 3844//1491 3884//1531
f 3845//1492 3884//1531 3885//1532
f 3844//1491 3846//1493 3886//1533
f 3844//1491 3886//1533 3884//1531
f 3846//1493 3847//1494 3887//1534
f 3846//1493 3887//1534 3886//1533
f 3847//1494 3848//1495 3888//1535
f 3847//1494 3888//1535 3887//1534
f 3848//1495 3849//1496 3889//1536
f 3848//1495 3889//1536 3888//1535
f 3849//1496 3850//1497 3890//1537
f 3849//1496 3890//1537 3889//1536
f 3850//1497 3851//1498 3891//1538
f 3850//1497 3891//1538 3890//1537
f 3851//1498 3852//1499 3892//1539
f 3851//1498 3892//1539 3891//1538
f 3852//1499 3853//1500 3893//1540
f 3852//1499 3893//1540 3892//1539
f 3853//1500 3854//1501 3894//1541
f 3853//1500 3894//1541 3893//1540
f 3854//1501 3855//1502 3895//1542
f 3854//1501 3895//1542 3894//1541
f 3855//1502 3856//1503 3896//1543
f 3855//1502 3896//1543 3895//1542
f 3856//1503 3857//1504 3897//1544
f 3856//1503 3897//1544 3896//1543
f 3857//1504 3858//1505 3898//1545
f 3857//1504 3898//1545 3897//1544
f 3858//1505 3859//1506 3899//1546
f 3858//1505 3899//1546 3898//1545
f 3859//1506 3860//1507 3900//1547
f 3859//1506 3900//1547 3899//1546
f 3860//1507 3861//1508 3901//1548
f 3860//1507 3901//1548 3900//1547
f 3861//1508 3862//1509 3902//1549
f 3861//1508 3902//1549 3901//1548
f 3862//1509 3863//1510 3903//1550
f 3862//1509 3903//1550 3902//1549
f 3863//1510 3864//1511 3904//1551
f 3863//1510 3904//1551 3903//1550
f 3864//1511 3865//1512 3905//1552
f 3864//1511 3905//1552 3904//1551
f 3865//1512 3866//1513 3906//1553
f 3865//1512 3906//1553 3905//1552
f 3866//1513 3867//1514 3907//1554
f 3866//1513 3907//1554 3906//1553
f 3867//1514 3868//1515 3908//1555
f 3867//1514 3908//1555 3907//1554
f 3868//1515 3869//1516 3909//1556
f 3868//1515 3909//1556 3908//1555
f 3869//1516 3870//1517 3910//1557
f 3869//1516 3910//1557 3909//1556
f 3870//1517 3871//1518 3911//1558
f 3870//1517 3911//1558 3910//1557
f 3871//1518 3872//1519 3912//1559
f 3871//1518 3912//1559 3911//1558
f 3872//1519 3873//1520 3913//1560
f 3872//1519 3913//1560 3912//1559
f 3873//1520 3874//1521 3914//1561
f 3873//1520 3914//1561 3913//1560
f 3874//1521 3875//1522 3915//1562
f 3874//1521 3915//1562 3914//1561
f 3875//1522 3876//1523 3916//1563
f 3875//1522 3916//1563 3915//1562
f 3876//1523 3877//1524 3917//1564
f 3876//1523 3917//1564 3916//1563
f 3877//1524 3878//1525 3918//1565
f 3877//1524 3918//1565 3917//1564
f 3878//1525 3879//1526 3919//1566
f 3878//1525 3919//1566 3918//1565
f 3879//1526 3880//1527 3920//1567
f 3879//1526 3920//1567 3919//1566
f 3880//1527 3881//1528 3921//1568
f 3880//1527 3921//1568 3920//1567
f 3881//1528 3882//1529 3922//1569
f 3881//1528 3922//1569 3921//1568
f 3882//1529 3883//1530 3923//1570
f 3882//1529 3923//1570 3922//1569
f 3883//1530 3845//1492 3885//1532
f 3883//1530 3885//1532 3923//1570
f 3885//1532 3884//1531 3924//1571
f 3885//1532 3924//1571 3925//1572
f 3884//1531 3886//1533 3926//1573
f 3884//1531 3926//1573 3924//1571
f 3886//1533 3887//1534 3927//1574
f 3886//1533 3927//1574 3926//1573
f 3887//1534 3888//1535 3928//1575
f 3887//1534 3928//1575 3927//1574
f 3888//1535 3889//1536 3929//1576
f 3888//1535 3929//1576 3928//1575
f 3889//1536 3890//1537 3930//1577
f 3889//1536 3930//1577 3929//1576
f 3890//1537 3891//1538 3931//1578
f 3890//1537 3931//1578 3930//1577
f 3891//1538 3892//1539 3932//1579
f 3891//1538 3932//1579 3931//1578
f 3892//1539 3893//1540 3933//1580
f 3892//1539 3933//1580 3932//1579
f 3893//1540 3894//1541 3934//1581
f 3893//1540 3934//1581 3933//1580
f 3894//1541 3895//1542 3935//1582
f 3894//1541 3935//1582 3934//1581
f 3895//1542 3896//1543 3936//1583
f 3895//1542 3936//1583 3935//1582
f 3896//1543 3897//1544 3937//1584
f 3896//1543 3937//1584 3936//1583
f 3897//1544 3898//1545 3938//1585
f 3897//1544 3938//1585 3937//1584
f 3898//1545 3899//1546 3939//1586
f 3898//1545 3939//1586 3938//1585
f 3899//1546 3900//1547 3940//1587
f 3899//1546 3940//1587 3939//1586
f 3900//1547 3901//1548 3941//1588
f 3900//1547 3941//1588 3940//1587
f 3901//1548 3902//1549 3942//1589
f 3901//1548 3942//1589 3941//1588
f 3902//1549 3903//1550 3943//1590
f 3902//1549 3943//1590 3942//1589
f 3903//1550 3904//1551 3944//1591
f 3903//1550 3944//1591 3943//1590
f 3904//1551 3905//1552 3945//1592
f 3904//1551 3945//1592 3944//1591
f 3905//1552 3906//1553 3946//1593
f 3905//1552 3946//1593 3945//1592
f 3906//1553 3907//1554 3947//1594
f 3906//1553 3947//1594 3946//1593
f 3907//1554 3908//1555 3948//1595
f 3907//1554 3948//1595 3947//1594
f 3908//1555 3909//1556 3949//1596
f 3908//1555 3949//1596 3948//1595
f 3909//1556 3910//1557 3950//1597
f 3909//1556 3950//1597 3949//1596
f 3910//1557 3911//1558 3951//1598
f 3910//1557 3951//1598 3950//1597
f 3911//1558 3912//1559 3952//1599
f 3911//1558 3952//1599 3951//1598
f 3912//1559 3913//1560 3953//1600
f 3912//1559 3953//1600 3952//1599
f 3913//1560 3914//1561 3954//1601
f 3913//1560 3954//1601 3953//1600
f 3914//1561 3915//1562 3955//1602
f 3914//1561 3955//1602 3954//1601
f 3915//1562 3916//1563 3956//1603
f 3915//1562 3956//1603 3955//1602
f 3916//1563 3917//1564 3957//1604
f 3916//1563 3957//1604 3956//1603
f 3917//1564 3918//1565 3958//1605
f 3917//1564 3958//1605 3957//1604
f 3918//1565 3919//1566 3959//1606
f 3918//1565 3959//1606 3958//1605
f 3919//1566 3920//1567 3960//1607
f 3919//1566 3960//1607 3959//1606
f 3920//1567 3921//1568 3961//1608
f 3920//1567 3961//1608 3960//1607
f 3921//1568 3922//1569 3962//1609
f 3921//1568 3962//1609 3961//1608
f 3922//1569 3923//1570 3963//1610
f 3922//1569 3963//1610 3962//1609
f 3923//1570 3885//1532 3925//1572
f 3923//1570 3925//1572 3963//1610
f 3925//1572 3924//1571 3964//1611
f 3925//1572 3964//1611 3965//1612
f 3924//1571 3926//1573 3966//1613
f 3924//1571 3966//1613 3964//1611
f 3926//1573 3927//1574 3967//1614
f 3926//1573 3967//1614 3966//1613
f 3927//1574 3928//1575 3968//1615
f 3927//1574 3968//1615 3967//1614
f 3928//1575 3929//1576 3969//1616
f 3928//1575 3969//1616 3968//1615
f 3929//1576 3930//1577 3970//1617
f 3929//1576 3970//1617 3969//1616
f 3930//1577 3931//1578 3971//1618
f 3930//1577 3971//1618 3970//1617
f 3931//1578 3932//1579 3972//1619
f 3931//1578 3972//1619 3971//1618
f 3932//1579 3933//1580 3973//1620
f 3932//1579 3973//1620 3972//1619
f 3933//1580 3934//1581 3974//1621
f 3933//1580 3974//1621 3973//1620
f 3934//1581 3935//1582 3975//1622
f 3934//1581 3975//1622 3974//1621
f 3935//1582 3936//1583 3976//1623
f 3935//1582 3976//1623 3975//1622
f 3936//1583 3937//1584 3977//1624
f 3936//1583 3977//1624 3976//1623
f 3937//1584 3938//1585 3978//1625
f 3937//1584 3978//1625 3977//1624
f 3938//1585 3939//1586 3979//1626
f 3938//1585 3979//1626 3978//1625
f 3939//1586 3940//1587 3980//1627
f 3939//1586 3980//1627 3979//1626
f 3940//1587 3941//1588 3981//1628
f 3940//1587 3981//1628 3980//1627
f 3941//1588 3942//1589 3982//1629
f 3941//1588 3982//1629 3981//1628
f 3942//1589 3943//1590 3983//1630
f 3942//1589 3983//1630 3982//1629
f 3943//1590 3944//1591 3984//1631
f 3943//1590 3984//1631 3983//1630
f 3944//1591 3945//1592 3985//1632
f 3944//1591 3985//1632 3984//1631
f 3945//1592 3946//1593 3986//1633
f 3945//1592 3986//1633 3985//1632
f 3946//1593 3947//1594 3987//1634
f 3946//1593 3987//1634 3986//1633
f 3947//1594 3948//1595 3988//1635
f 3947//1594 3988//1635 3987//1634
f 3948//1595 3949//1596 3989//1636
f 3948//1595 3989//1636 3988//1635
f 3949//1596 3950//1597 3990//1637
f 3949//1596 3990//1637 3989//1636
f 3950//1597 3951//1598 3991//1638
f 3950//1597 3991//1638 3990//1637
f 3951//1598 3952//1599 3992//1639
f 3951//1598 3992//1639 3991//1638
f 3952//1599 3953//1600 3993//1640
f 3952//1599 3993//1640 3992//1639
f 3953//1600 3954//1601 3994//1641
f 3953//1600 3994//1641 3993//1640
f 3954//1601 3955//1602 3995//1642
f 3954//1601 3995//1642 3994//1641
f 3955//1602 3956//1603 3996//1643
f 3955//1602 3996//1643 3995//1642
f 3956//1603 3957//1604 3997//1644
f 3956//1603 3997//1644 3996//1643
f 3957//1604 3958//1605 3998//1645
f 3957//1604 3998//1645 3997//1644
f 3958//1605 3959//1606 3999//1646
f 3958//1605 3999//1646 3998//1645
f 3959//1606 3960//1607 4000//1647
f 3959//1606 4000//1647 3999//1646
f 3960//1607 3961//1608 4001//1648
f 3960//1607 4001//1648 4000//1647
f 3961//1608 3962//1609 4002//1649
f 3961//1608 4002//1649 4001//1648
f 3962//1609 3963//1610 4003//1650
f 3962//1609 4003//1650 4002//1649
f 3963//1610 3925//1572 3965//1612
f 3963//1610 3965//1612 4003//1650
f 3965//1612 3964//1611 4004//1651
f 3965//1612 4004//1651 4005//820
f 3964//1611 3966//1613 4006//1652
f 3964//1611 4006//1652 4004//1651
f 3966//1613 3967//1614 4007//1653
f 3966//1613 4007//1653 4006//1652
f 3967//1614 3968//1615 4008//1654
f 3967//1614 4008//1654 4007//1653
f 3968//1615 3969//1616 4009//825
f 3968//1615 4009//825 4008//1654
f 3969//1616 3970//1617 4010//1655
f 3969//1616 4010//1655 4009//825
f 3970//1617 3971//1618 4011//1656
f 3970//1617 4011//1656 4010//1655
f 3971//1618 3972//1619 4012//1657
f 3971//1618 4012//1657 4011//1656
f 3972//1619 3973//1620 4013//1658
f 3972//1619 4013//1658 4012//1657
f 3973//1620 3974//1621 4014//831
f 3973//1620 4014//831 4013//1658
f 3974//1621 3975//1622 4015//1659
f 3974//1621 4015//1659 4014//831
f 3975//1622 3976//1623 4016//1660
f 3975//1622 4016//1660 4015//1659
f 3976//1623 3977//1624 4017//1661
f 3976//1623 4017//1661 4016//1660
f 3977//1624 3978//1625 4018//1662
f 3977//1624 4018//1662 4017//1661
f 3978//1625 3979//1626 4019//837
f 3978//1625 4019//837 4018//1662
f 3979//1626 3980//1627 4020//1663
f 3979//1626 4020//1663 4019//837
f 3980//1627 3981//1628 4021//1664
f 3980//1627 4021//1664 4020//1663
f 3981//1628 3982//1629 4022//1665
f 3981//1628 4022//1665 4021//1664
f 3982//1629 3983//1630 4023//1666
f 3982//1629 4023//1666 4022//1665
f 3983//1630 3984//1631 4024//843
f 3983//1630 4024//843 4023//1666
f 3984//1631 3985//1632 4025//1667
f 3984//1631 4025//1667 4024//843
f 3985//1632 3986//1633 4026//1668
f 3985//1632 4026//1668 4025//1667
f 3986//1633 3987//1634 4027//1669
f 3986//1633 4027//1669 4026//1668
f 3987//1634 3988//1635 4028//1670
f 3987//1634 4028//1670 4027//1669
f 3988//1635 3989//1636 4029//849
f 3988//1635 4029//849 4028//1670
f 3989//1636 3990//1637 4030//1671
f 3989//1636 4030//1671 4029//849
f 3990//1637 3991//1638 4031//1672
f 3990//1637 4031//1672 4030//1671
f 3991//1638 3992//1639 4032//1673
f 3991//1638 4032//1673 4031//1672
f 3992//1639 3993//1640 4033//1674
f 3992//1639 4033//1674 4032//1673
f 3993//1640 3994//1641 4034//855
f 3993//1640 4034//855 4033//1674
f 3994//1641 3995//1642 4035//1675
f 3994//1641 4035//1675 4034//855
f 3995//1642 3996//1643 4036//1676
f 3995//1642 4036//1676 4035//1675
f 3996//1643 3997//1644 4037//1677
f 3996//1643 4037//1677 4036//1676
f 3997//1644 3998//1645 4038//1678
f 3997//1644 4038//1678 4037//1677
f 3998//1645 3999//1646 4039//861
f 3998//1645 4039//861 4038//1678
f 3999//1646 4000//1647 4040//1679
f 3999//1646 4040//1679 4039//861
f 4000//1647 4001//1648 4041//1680
f 4000//1647 4041//1680 4040//1679
f 4001//1648 4002//1649 4042//1681
f 4001//1648 4042//1681 4041//1680
f 4002//1649 4003//1650 4043//1682
f 4002//1649 4043//1682 4042//1681
f 4003//1650 3965//1612 4005//820
f 4003//1650 4005//820 4043//1682
f 4005//820 4004//1651 4044//1683
f 4005//820 4044//1683 4045//1684
f 4004//1651 4006//1652 4046//1685
f 4004//1651 4046//1685 4044//1683
f 4006//1652 4007//1653 4047//1686
f 4006//1652 4047//1686 4046//1685
f 4007//1653 4008//1654 4048//1687
f 4007//1653 4048//1687 4047//1686
f 4008//1654 4009//825 4049//1688
f 4008//1654 4049//1688 4048//1687
f 4009//825 4010//1655 4050//1689
f 4009//825 4050//1689 4049//1688
f 4010//1655 4011//1656 4051//1690
f 4010//1655 4051//1690 4050//1689
f 4011//1656 4012//1657 4052//1691
f 4011//1656 4052//1691 4051//1690
f 4012//1657 4013//1658 4053//1692
f 4012//1657 4053//1692 4052//1691
f 4013//1658 4014//831 4054//1693
f 4013//1658 4054//1693 4053//1692
f 4014//831 4015//1659 4055//1694
f 4014//831 4055//1694 4054//1693
f 4015//1659 4016//1660 4056//1695
f 4015//1659 4056//1695 4055//1694
f 4016//1660 4017//1661 4057//1696
f 4016//1660 4057//1696 4056//1695
f 4017//1661 4018//1662 4058//1697
f 4017//1661 4058//1697 4057//1696
f 4018//1662 4019//837 4059//1698
f 4018//1662 4059//1698 4058//1697
f 4019//837 4020//1663 4060//1699
f 4019//837 4060//1699 4059//1698
f 4020//1663 4021//1664 4061//1700
f 4020//1663 4061//1700 4060//1699
f 4021//1664 4022//1665 4062//1701
f 4021//1664 4062//1701 4061//1700
f 4022//1665 4023//1666 4063//1702
f 4022//1665 4063//1702 4062//1701
f 4023//1666 4024//843 4064//1703
f 4023//1666 4064//1703 4063//1702
f 4024//843 4025//1667 4065//1704
f 4024//843 4065//1704 4064//1703
f 4025//1667 4026//1668 4066//1705
f 4025//1667 4066//1705 4065//1704
f 4026//1668 4027//1669 4067//1706
f 4026//1668 4067//1706 4066//1705
f 4027//1669 4028//1670 4068//1707
f 4027//1669 4068//1707 4067//1706
f 4028//1670 4029//849 4069//1708
f 4028//1670 4069//1708 4068//1707
f 4029//849 4030//1671 4070//1709
f 4029//849 4070//1709 4069//1708
f 4030//1671 4031//1672 4071//1710
f 4030//1671 4071//1710 4070//1709
f 4031//1672 4032//1673 4072//1711
f 4031//1672 4072//1711 4071//1710
f 4032//1673 4033//1674 4073//1712
f 4032//1673 4073//1712 4072//1711
f 4033//1674 4034//855 4074//1713
f 4033//1674 4074//1713 4073//1712
f 4034//855 4035//1675 4075//1714
f 4034//855 4075//1714 4074//1713
f 4035//1675 4036//1676 4076//1715
f 4035//1675 4076//1715 4075//1714
f 4036//1676 4037//1677 4077//1716
f 4036//1676 4077//1716 4076//1715
f 4037//1677 4038//1678 4078//1717
f 4037//1677 4078//1717 4077//1716
f 4038//1678 4039//861 4079//1718
f 4038//1678 4079//1718 4078//1717
f 4039//861 4040//1679 4080//1719
f 4039//861 4080//1719 4079//1718
f 4040//1679 4041//1680 4081//1720
f 4040//1679 4081//1720 4080//1719
f 4041//1680 4042//1681 4082//1721
f 4041//1680 4082//1721 4081//1720
f 4042//1681 4043//1682 4083//1722
f 4042//1681 4083//1722 4082//1721
f 4043//1682 4005//820 4045//1684
f 4043//1682 4045//1684 4083//1722
f 4045//1684 4044//1683 4084//1723
f 4045//1684 4084//1723 4085//1724
f 4044//1683 4046//1685 4086//1725
f 4044//1683 4086//1725 4084//1723
f 4046//1685 4047//1686 4087//1726
f 4046//1685 4087//1726 4086//1725
f 4047//1686 4048//1687 4088//1727
f 4047//1686 4088//1727 4087//1726
f 4048//1687 4049//1688 4089//1728
f 4048//1687 4089//1728 4088//1727
f 4049//1688 4050//1689 4090//1729
f 4049//1688 4090//1729 4089//1728
f 4050//1689 4051//1690 4091//1730
f 4050//1689 4091//1730 4090//1729
f 4051//1690 4052//1691 4092//1731
f 4051//1690 4092//1731 4091//1730
f 4052//1691 4053//1692 4093//1732
f 4052//1691 4093//1732 4092//1731
f 4053//1692 4054//1693 4094//1733
f 4053//1692 4094//1733 4093//1732
f 4054//1693 4055//1694 4095//1734
f 4054//1693 4095//1734 4094//1733
f 4055//1694 4056//1695 4096//1735
f 4055//1694 4096//1735 4095//1734
f 4056//1695 4057//1696 4097//1736
f 4056//1695 4097//1736 4096//1735
f 4057//1696 4058//1697 4098//1737
f 4057//1696 4098//1737 4097//1736
f 4058//1697 4059//1698 4099//1738
f 4058//1697 4099//1738 4098//1737
f 4059//1698 4060//1699 4100//1739
f 4059//1698 4100//1739 4099//1738
f 4060//1699 4061//1700 4101//1740
f 4060//1699 4101//1740 4100//1739
f 4061//1700 4062//1701 4102//1741
f 4061//1700 4102//1741 4101//1740
f 4062//1701 4063//1702 4103//1742
f 4062//1701 4103//1742 4102//1741
f 4063//1702 4064//1703 4104//1743
f 4063//1702 4104//1743 4103//1742
f 4064//1703 4065//1704 4105//1744
f 4064//1703 4105//1744 4104//1743
f 4065//1704 4066//1705 4106//1745
f 4065//1704 4106//1745 4105//1744
f 4066//1705 4067//1706 4107//1746
f 4066//1705 4107//1746 4106//1745
f 4067//1706 4068//1707 4108//1747
f 4067//1706 4108//1747 4107//1746
f 4068//1707 4069//1708 4109//1748
f 4068//1707 4109//1748 4108//1747
f 4069//1708 4070//1709 4110//1749
f 4069//1708 4110//1749 4109//1748
f 4070//1709 4071//1710 4111//1750
f 4070//1709 4111//1750 4110//1749
f 4071//1710 4072//1711 4112//1751
f 4071//1710 4112//1751 4111//1750
f 4072//1711 4073//1712 4113//1752
f 4072//1711 4113//1752 4112//1751
f 4073//1712 4074//1713 4114//1753
f 4073//1712 4114//1753 4113//1752
f 4074//1713 4075//1714 4115//1754
f 4074//1713 4115//1754 4114//1753
f 4075//1714 4076//1715 4116//1755
f 4075//1714 4116//1755 4115//1754
f 4076//1715 4077//1716 4117//1756
f 4076//1715 4117//1756 4116//1755
f 4077//1716 4078//1717 4118//1757
f 4077//1716 4118//1757 4117//1756
f 4078//1717 4079//1718 4119//1758
f 4078//1717 4119//1758 4118//1757
f 4079//1718 4080//1719 4120//1759
f 4079//1718 4120//1759 4119//1758
f 4080//1719 4081//1720 4121//1760
f 4080//1719 4121//1760 4120//1759
f 4081//1720 4082//1721 4122//1761
f 4081//1720 4122//1761 4121//1760
f 4082//1721 4083//1722 4123//1762
f 4082//1721 4123//1762 4122//1761
f 4083//1722 4045//1684 4085//1724
f 4083//1722 4085//1724 4123//1762
f 4085//1724 4084//1723 4124//1763
f 4085//1724 4124//1763 4125//1764
f 4084//1723 4086//1725 4126//1765
f 4084//1723 4126//1765 4124//1763
f 4086//1725 4087//1726 4127//1766
f 4086//1725 4127//1766 4126//1765
f 4087//1726 4088//1727 4128//1767
f 4087//1726 4128//1767 4127//1766
f 4088//1727 4089//1728 4129//1768
f 4088//1727 4129//1768 4128//1767
f 4089//1728 4090//1729 4130//1769
f 4089//1728 4130//1769 4129//1768
f 4090//1729 4091//1730 4131//1770
f 4090//1729 4131//1770 4130//1769
f 4091//1730 4092//1731 4132//1771
f 4091//1730 4132//1771 4131//1770
f 4092//1731 4093//1732 4133//1772
f 4092//1731 4133//1772 4132//1771
f 4093//1732 4094//1733 4134//1773
f 4093//1732 4134//1773 4133//1772
f 4094//1733 4095//1734 4135//1774
f 4094//1733 4135//1774 4134//1773
f 4095//1734 4096//1735 4136//1775
f 4095//1734 4136//1775 4135//1774
f 4096//1735 4097//1736 4137//1776
f 4096//1735 4137//1776 4136//1775
f 4097//1736 4098//1737 4138//1777
f 4097//1736 4138//1777 4137//1776
f 4098//1737 4099//1738 4139//1778
f 4098//1737 4139//1778 4138//1777
f 4099//1738 4100//1739 4140//1779
f 4099//1738 4140//1779 4139//1778
f 4100//1739 4101//1740 4141//1780
f 4100//1739 4141//1780 4140//1779
f 4101//1740 4102//1741 4142//1781
f 4101//1740 4142//1781 4141//1780
f 4102//1741 4103//1742 4143//1782
f 4102//1741 4143//1782 4142//1781
f 4103//1742 4104//1743 4144//1783
f 4103//1742 4144//1783 4143//1782
f 4104//1743 4105//1744 4145//1784
f 4104//1743 4145//1784 4144//1783
f 4105//1744 4106//1745 4146//1785
f 4105//1744 4146//1785 4145//1784
f 4106//1745 4107//1746 4147//1786
f 4106//1745 4147//1786 4146//1785
f 4107//1746 4108//1747 4148//1787
f 4107//1746 4148//1787 4147//1786
f 4108//1747 4109//1748 4149//1788
f 4108//1747 4149//1788 4148//1787
f 4109//1748 4110//1749 4150//1789
f 4109//1748 4150//1789 4149//1788
f 4110//1749 4111//1750 4151//1790
f 4110//1749 4151//1790 4150//1789
f 4111//1750 4112//1751 4152//1791
f 4111//1750 4152//1791 4151//1790
f 4112//1751 4113//1752 4153//1792
f 4112//1751 4153//1792 4152//1791
f 4113//1752 4114//1753 4154//1793
f 4113//1752 4154//1793 4153//1792
f 4114//1753 4115//1754 4155//1794
f 4114//1753 4155//1794 4154//1793
f 4115//1754 4116//1755 4156//1795
f 4115//1754 4156//1795 4155//1794
f 4116//1755 4117//1756 4157//1796
f 4116//1755 4157//1796 4156//1795
f 4117//1756 4118//1757 4158//1797
f 4117//1756 4158//1797 4157//1796
f 4118//1757 4119//1758 4159//1798
f 4118//1757 4159//1798 4158//1797
f 4119//1758 4120//1759 4160//1799
f 4119//1758 4160//1799 4159//1798
f 4120//1759 4121//1760 4161//1800
f 4120//1759 4161//1800 4160//1799
f 4121//1760 4122//1761 4162//1801
f 4121//1760 4162//1801 4161//1800
f 4122//1761 4123//1762 4163//1802
f 4122//1761 4163//1802 4162//1801
f 4123//1762 4085//1724 4125//1764
f 4123//1762 4125//1764 4163//1802
f 4125//1764 4124//1763 4164//1803
f 4125//1764 4164//1803 4165//1804
f 4124//1763 4126//1765 4166//1805
f 4124//1763 4166//1805 4164//1803
f 4126//1765 4127//1766 4167//1806
f 4126//1765 4167//1806 4166//1805
f 4127//1766 4128//1767 4168//1807
f 4127//1766 4168//1807 4167//1806
f 4128//1767 4129//1768 4169//1808
f 4128//1767 4169//1808 4168//1807
f 4129//1768 4130//1769 4170//1809
f 4129//1768 4170//1809 4169//1808
f 4130//1769 4131//1770 4171//1810
f 4130//1769 4171//1810 4170//1809
f 4131//1770 4132//1771 4172//1811
f 4131//1770 4172//1811 4171//1810
f 4132//1771 4133//1772 4173//1812
f 4132//1771 4173//1812 4172//1811
f 4133//1772 4134//1773 4174//1813
f 4133//1772 4174//1813 4173//1812
f 4134//1773 4135//1774 4175//1814
f 4134//1773 4175//1814 4174//1813
f 4135//1774 4136//1775 4176//1815
f 4135//1774 4176//1815 4175//1814
f 4136//1775 4137//1776 4177//1816
f 4136//1775 4177//1816 4176//1815
f 4137//1776 4138//1777 4178//1817
f 4137//1776 4178//1817 4177//1816
f 4138//1777 4139//1778 4179//1818
f 4138//1777 4179//1818 4178//1817
f 4139//1778 4140//1779 4180//1819
f 4139//1778 4180//1819 4179//1818
f 4140//1779 4141//1780 4181//1820
f 4140//1779 4181//1820 4180//1819
f 4141//1780 4142//1781 4182//1821
f 4141//1780 4182//1821 4181//1820
f 4142//1781 4143//1782 4183//1822
f 4142//1781 4183//1822 4182//1821
f 4143//1782 4144//1783 4184//1823
f 4143//1782 4184//1823 4183//1822
f 4144//1783 4145//1784 4185//1824
f 4144//1783 4185//1824 4184//1823
f 4145//1784 4146//1785 4186//1825
f 4145//1784 4186//1825 4185//1824
f 4146//1785 4147//1786 4187//1826
f 4146//1785 4187//1826 4186//1825
f 4147//1786 4148//1787 4188//1827
f 4147//1786 4188//1827 4187//1826
f 4148//1787 4149//1788 4189//1828
f 4148//1787 4189//1828 4188//1827
f 4149//1788 4150//1789 4190//1829
f 4149//1788 4190//1829 4189//1828
f 4150//1789 4151//1790 4191//1830
f 4150//1789 4191//1830 4190//1829
f 4151//1790 4152//1791 4192//1831
f 4151//1790 4192//1831 4191//1830
f 4152//1791 4153//1792 4193//1832
f 4152//1791 4193//1832 4192//1831
f 4153//1792 4154//1793 4194//1833
f 4153//1792 4194//1833 4193//1832
f 4154//1793 4155//1794 4195//1834
f 4154//1793 4195//1834 4194//1833
f 4155//1794 4156//1795 4196//1835
f 4155//1794 4196//1835 4195//1834
f 4156//1795 4157//1796 4197//1836
f 4156//1795 4197//1836 4196//1835
f 4157//1796 4158//1797 4198//1837
f 4157//1796 4198//1837 4197//1836
f 4158//1797 4159//1798 4199//1838
f 4158//1797 4199//1838 4198//1837
f 4159//1798 4160//1799 4200//1839
f 4159//1798 4200//1839 4199//1838
f 4160//1799 4161//1800 4201//1840
f 4160//1799 4201//1840 4200//1839
f 4161//1800 4162//1801 4202//1841
f 4161//1800 4202//1841 4201//1840
f 4162//1801 4163//1802 4203//1842
f 4162//1801 4203//1842 4202//1841
f 4163//1802 4125//1764 4165//1804
f 4163//1802 4165//1804 4203//1842
f 4165//1804 4164//1803 4204//2
f 4164//1803 4166//1805 4204//2
f 4166//1805 4167//1806 4204//2
f 4167//1806 4168//1807 4204//2
f 4168//1807 4169//1808 4204//2
f 4169//1808 4170//1809 4204//2
f 4170//1809 4171//1810 4204//2
f 4171//1810 4172//1811 4204//2
f 4172//1811 4173//1812 4204//2
f 4173//1812 4174//1813 4204//2
f 4174//1813 4175//1814 4204//2
f 4175//1814 4176//1815 4204//2
f 4176//1815 4177//1816 4204//2
f 4177//1816 4178//1817 4204//2
f 4178//1817 4179//1818 4204//2
f 4179//1818 4180//1819 4204//2
f 4180//1819 4181//1820 4204//2
f 4181//1820 4182//1821 4204//2
f 4182//1821 4183//1822 4204//2
f 4183//1822 4184//1823 4204//2
f 4184//1823 4185//1824 4204//2
f 4185//1824 4186//1825 4204//2
f 4186//1825 4187//1826 4204//2
f 4187//1826 4188//1827 4204//2
f 4188//1827 4189//1828 4204//2
f 4189//1828 4190//1829 4204//2
f 4190//1829 4191//1830 4204//2
f 4191//1830 4192//1831 4204//2
f 4192//1831 4193//1832 4204//2
f 4193//1832 4194//1833 4204//2
f 4194//1833 4195//1834 4204//2
f 4195//1834 4196//1835 4204//2
f 4196//1835 4197//1836 4204//2
f 4197//1836 4198//1837 4204//2
f 4198//1837 4199//1838 4204//2
f 4199//1838 4200//1839 4204//2
f 4200//1839 4201//1840 4204//2
f 4201//1840 4202//1841 4204//2
f 4202//1841 4203//1842 4204//2
f 4203//1842 4165//1804 4204//2
usemtl pewter
f 4205//6 4206//1843 4207//1844
f 4205//6 4207//1844 4208//1845
f 4206//1843 4209//1846 4210//1847
f 4206//1843 4210//1847 4207//1844
f 4209//1846 4211//1848 4212//1849
f 4209//1846 4212//1849 4210//1847
f 4211//1848 4213//1850 4214//1851
f 4211//1848 4214//1851 4212//1849
f 4213//1850 4215//1852 4216//1853
f 4213//1850 4216//1853 4214//1851
f 4215//1852 4217//1854 4218//1855
f 4215//1852 4218//1855 4216//1853
f 4217//1854 4219//4 4220//4
f 4217//1854 4220//4 4218//1855
f 4219//4 4221//1856 4222//1857
f 4219//4 4222//1857 4220//4
f 4221//1856 4223//1858 4224//1859
f 4221//1856 4224//1859 4222//1857
f 4223//1858 4225//1860 4226//1861
f 4223//1858 4226//1861 4224//1859
f 4225//1860 4227//1862 4228//1863
f 4225//1860 4228//1863 4226//1861
f 4227//1862 4229//1864 4230//1865
f 4227//1862 4230//1865 4228//1863
f 4229//1864 4231//1866 4232//1867
f 4229//1864 4232//1867 4230//1865
f 4231//1866 4233//5 4234//1868
f 4231//1866 4234//1868 4232//1867
f 4233//5 4235//1869 4236//1870
f 4233//5 4236//1870 4234//1868
f 4235//1869 4237//1871 4238//1872
f 4235//1869 4238//1872 4236//1870
f 4237//1871 4239//1873 4240//1874
f 4237//1871 4240//1874 4238//1872
f 4239//1873 4241//1875 4242//1876
f 4239//1873 4242//1876 4240//1874
f 4241//1875 4243//1877 4244//1878
f 4241//1875 4244//1878 4242//1876
f 4243//1877 4245//1879 4246//1880
f 4243//1877 4246//1880 4244//1878
f 4245//1879 4247//3 4248//3
f 4245//1879 4248//3 4246//1880
f 4247//3 4249//1881 4250//1882
f 4247//3 4250//1882 4248//3
f 4249//1881 4251//1883 4252//1884
f 4249//1881 4252//1884 4250//1882
f 4251//1883 4253//1885 4254//1886
f 4251//1883 4254//1886 4252//1884
f 4253//1885 4255//1887 4256//1888
f 4253//1885 4256//1888 4254//1886
f 4255//1887 4257//1889 4258//1890
f 4255//1887 4258//1890 4256//1888
f 4257//1889 4259//1891 4260//1892
f 4257//1889 4260//1892 4258//1890
f 4259//1891 4205//6 4208//1845
f 4259//1891 4208//1845 4260//1892
f 4208//1845 4207//1844 4261//1893
f 4208//1845 4261//1893 4262//1894
f 4207//1844 4210//1847 4263//1895
f 4207//1844 4263//1895 4261//1893
f 4210//1847 4212//1849 4264//1896
f 4210//1847 4264//1896 4263//1895
f 4212//1849 4214//1851 4265//1897
f 4212//1849 4265//1897 4264//1896
f 4214//1851 4216//1853 4266//1898
f 4214//1851 4266//1898 4265//1897
f 4216//1853 4218//1855 4267//1899
f 4216//1853 4267//1899 4266//1898
f 4218//1855 4220//4 4268//4
f 4218//1855 4268//4 4267//1899
f 4220//4 4222//1857 4269//1900
f 4220//4 4269//1900 4268//4
f 4222//1857 4224//1859 4270//1901
f 4222//1857 4270//1901 4269//1900
f 4224//1859 4226//1861 4271//1902
f 4224//1859 4271//1902 4270//1901
f 4226//1861 4228//1863 4272//1903
f 4226//1861 4272//1903 4271//1902
f 4228//1863 4230//1865 4273//1904
f 4228//1863 4273//1904 4272//1903
f 4230//1865 4232//1867 4274//1905
f 4230//1865 4274//1905 4273//1904
f 4232//1867 4234//1868 4275//1906
f 4232//1867 4275//1906 4274//1905
f 4234//1868 4236//1870 4276//1907
f 4234//1868 4276//1907 4275//1906
f 4236//1870 4238//1872 4277//1908
f 4236//1870 4277//1908 4276//1907
f 4238//1872 4240//1874 4278//1909
f 4238//1872 4278//1909 4277//1908
f 4240//1874 4242//1876 4279//1910
f 4240//1874 4279//1910 4278//1909
f 4242//1876 4244//1878 4280//1911
f 4242//1876 4280//1911 4279//1910
f 4244//1878 4246//1880 4281//1912
f 4244//1878 4281//1912 4280//1911
f 4246//1880 4248//3 4282//3
f 4246//1880 4282//3 4281//1912
f 4248//3 4250//1882 4283//1913
f 4248//3 4283//1913 4282//3
f 4250//1882 4252//1884 4284//1914
f 4250//1882 4284//1914 4283//1913
f 4252//1884 4254//1886 4285//1915
f 4252//1884 4285//1915 4284//1914
f 4254//1886 4256//1888 4286//1916
f 4254//1886 4286//1916 4285//1915
f 4256//1888 4258//1890 4287//1917
f 4256//1888 4287//1917 4286//1916
f 4258//1890 4260//1892 4288//1918
f 4258//1890 4288//1918 4287//1917
f 4260//1892 4208//1845 4262//1894
f 4260//1892 4262//1894 4288//1918
f 4262//1894 4261//1893 4289//1919
f 4262//1894 4289//1919 4290//1920
f 4261//1893 4263//1895 4291//1921
f 4261//1893 4291//1921 4289//1919
f 4263//1895 4264//1896 4292//1922
f 4263//1895 4292//1922 4291//1921
f 4264//1896 4265//1897 4293//1923
f 4264//1896 4293//1923 4292//1922
f 4265//1897 4266//1898 4294//1924
f 4265//1897 4294//1924 4293//1923
f 4266//1898 4267//1899 4295//1925
f 4266//1898 4295//1925 4294//1924
f 4267//1899 4268//4 4296//4
f 4267//1899 4296//4 4295//1925
f 4268//4 4269//1900 4297//1926
f 4268//4 4297//1926 4296//4
f 4269//1900 4270//1901 4298//1927
f 4269//1900 4298//1927 4297//1926
f 4270//1901 4271//1902 4299//1928
f 4270//1901 4299//1928 4298//1927
f 4271//1902 4272//1903 4300//1929
f 4271//1902 4300//1929 4299//1928
f 4272//1903 4273//1904 4301//1930
f 4272//1903 4301//1930 4300//1929
f 4273//1904 4274//1905 4302//1931
f 4273//1904 4302//1931 4301//1930
f 4274//1905 4275//1906 4303//1932
f 4274//1905 4303//1932 4302//1931
f 4275//1906 4276//1907 4304//1933
f 4275//1906 4304//1933 4303//1932
f 4276//1907 4277//1908 4305//1934
f 4276//1907 4305//1934 4304//1933
f 4277//1908 4278//1909 4306//1935
f 4277//1908 4306//1935 4305//1934
f 4278//1909 4279//1910 4307//1936
f 4278//1909 4307//1936 4306//1935
f 4279//1910 4280//1911 4308//1937
f 4279//1910 4308//1937 4307//1936
f 4280//1911 4281//1912 4309//1938
f 4280//1911 4309//1938 4308//1937
f 4281//1912 4282//3 4310//3
f 4281//1912 4310//3 4309//1938
f 4282//3 4283//1913 4311//1939
f 4282//3 4311//1939 4310//3
f 4283//1913 4284//1914 4312//1940
f 4283//1913 4312//1940 4311//1939
f 4284//1914 4285//1915 4313//1941
f 4284//1914 4313//1941 4312//1940
f 4285//1915 4286//1916 4314//1942
f 4285//1915 4314//1942 4313//1941
f 4286//1916 4287//1917 4315//1943
f 4286//1916 4315//1943 4314//1942
f 4287//1917 4288//1918 4316//1944
f 4287//1917 4316//1944 4315//1943
f 4288//1918 4262//1894 4290//1920
f 4288//1918 4290//1920 4316//1944
f 4290//1920 4289//1919 4317//1945
f 4290//1920 4317//1945 4318//1946
f 4289//1919 4291//1921 4319//1947
f 4289//1919 4319//1947 4317//1945
f 4291//1921 4292//1922 4320//1948
f 4291//1921 4320//1948 4319//1947
f 4292//1922 4293//1923 4321//1949
f 4292//1922 4321//1949 4320//1948
f 4293//1923 4294//1924 4322//1950
f 4293//1923 4322//1950 4321//1949
f 4294//1924 4295//1925 4323//1951
f 4294//1924 4323//1951 4322//1950
f 4295//1925 4296//4 4324//4
f 4295//1925 4324//4 4323//1951
f 4296//4 4297//1926 4325//1952
f 4296//4 4325//1952 4324//4
f 4297//1926 4298//1927 4326//1953
f 4297//1926 4326//1953 4325//1952
f 4298//1927 4299//1928 4327//1954
f 4298//1927 4327//1954 4326//1953
f 4299//1928 4300//1929 4328//1955
f 4299//1928 4328//1955 4327//1954
f 4300//1929 4301//1930 4329//1956
f 4300//1929 4329//1956 4328//1955
f 4301//1930 4302//1931 4330//1957
f 4301//1930 4330//1957 4329//1956
f 4302//1931 4303//1932 4331//1958
f 4302//1931 4331//1958 4330//1957
f 4303//1932 4304//1933 4332//1959
f 4303//1932 4332//1959 4331//1958
f 4304//1933 4305//1934 4333//1960
f 4304//1933 4333//1960 4332//1959
f 4305//1934 4306//1935 4334//1961
f 4305//1934 4334//1961 4333//1960
f 4306//1935 4307//1936 4335//1962
f 4306//1935 4335//1962 4334//1961
f 4307//1936 4308//1937 4336//1963
f 4307//1936 4336//1963 4335//1962
f 4308//1937 4309//1938 4337//1964
f 4308//1937 4337//1964 4336//1963
f 4309//1938 4310//3 4338//3
f 4309//1938 4338//3 4337//1964
f 4310//3 4311//1939 4339//1965
f 4310//3 4339//1965 4338//3
f 4311//1939 4312//1940 4340//1966
f 4311//1939 4340//1966 4339//1965
f 4312//1940 4313//1941 4341//1967
f 4312//1940 4341//1967 4340//1966
f 4313//1941 4314//1942 4342//1968
f 4313//1941 4342//1968 4341//1967
f 4314//1942 4315//1943 4343//1969
f 4314//1942 4343//1969 4342//1968
f 4315//1943 4316//1944 4344//1970
f 4315//1943 4344//1970 4343//1969
f 4316//1944 4290//1920 4318//1946
f 4316//1944 4318//1946 4344//1970
f 4318//1946 4317//1945 4345//1971
f 4318//1946 4345//1971 4346//1972
f 4317//1945 4319//1947 4347//1973
f 4317//1945 4347//1973 4345//1971
f 4319//1947 4320//1948 4348//1974
f 4319//1947 4348//1974 4347//1973
f 4320//1948 4321//1949 4349//1975
f 4320//1948 4349//1975 4348//1974
f 4321//1949 4322//1950 4350//1976
f 4321//1949 4350//1976 4349//1975
f 4322//1950 4323//1951 4351//1977
f 4322//1950 4351//1977 4350//1976
f 4323//1951 4324//4 4352//4
f 4323//1951 4352//4 4351//1977
f 4324//4 4325//1952 4353//1978
f 4324//4 4353//1978 4352//4
f 4325//1952 4326//1953 4354//1979
f 4325//1952 4354//1979 4353//1978
f 4326//1953 4327//1954 4355//1980
f 4326//1953 4355//1980 4354//1979
f 4327//1954 4328//1955 4356//1981
f 4327//1954 4356//1981 4355//1980
f 4328//1955 4329//1956 4357//1982
f 4328//1955 4357//1982 4356//1981
f 4329//1956 4330//1957 4358//1983
f 4329//1956 4358//1983 4357//1982
f 4330//1957 4331//1958 4359//1984
f 4330//1957 4359//1984 4358//1983
f 4331//1958 4332//1959 4360//1985
f 4331//1958 4360//1985 4359//1984
f 4332//1959 4333//1960 4361//1986
f 4332//1959 4361//1986 4360//1985
f 4333//1960 4334//1961 4362//1987
f 4333//1960 4362//1987 4361//1986
f 4334//1961 4335//1962 4363//1988
f 4334//1961 4363//1988 4362//1987
f 4335//1962 4336//1963 4364//1989
f 4335//1962 4364//1989 4363//1988
f 4336//1963 4337//1964 4365//1990
f 4336//1963 4365//1990 4364//1989
f 4337//1964 4338//3 4366//3
f 4337//1964 4366//3 4365//1990
f 4338//3 4339//1965 4367//1991
f 4338//3 4367//1991 4366//3
f 4339//1965 4340//1966 4368//1992
f 4339//1965 4368//1992 4367//1991
f 4340//1966 4341//1967 4369//1993
f 4340//1966 4369//1993 4368//1992
f 4341//1967 4342//1968 4370//1994
f 4341//1967 4370//1994 4369//1993
f 4342//1968 4343//1969 4371//1995
f 4342//1968 4371//1995 4370//1994
f 4343//1969 4344//1970 4372//1996
f 4343//1969 4372//1996 4371//1995
f 4344//1970 4318//1946 4346//1972
f 4344//1970 4346//1972 4372//1996
f 4346//1972 4345//1971 4373//1997
f 4346//1972 4373//1997 4374//1998
f 4345//1971 4347//1973 4375//1999
f 4345//1971 4375//1999 4373//1997
f 4347//1973 4348//1974 4376//2000
f 4347//1973 4376//2000 4375//1999
f 4348//1974 4349//1975 4377//2001
f 4348//1974 4377//2001 4376//2000
f 4349//1975 4350//1976 4378//2002
f 4349//1975 4378//2002 4377//2001
f 4350//1976 4351//1977 4379//2003
f 4350//1976 4379//2003 4378//2002
f 4351//1977 4352//4 4380//4
f 4351//1977 4380//4 4379//2003
f 4352//4 4353//1978 4381//2004
f 4352//4 4381//2004 4380//4
f 4353//1978 4354//1979 4382//2005
f 4353//1978 4382//2005 4381//2004
f 4354//1979 4355//1980 4383//2006
f 4354//1979 4383//2006 4382//2005
f 4355//1980 4356//1981 4384//2007
f 4355//1980 4384//2007 4383//2006
f 4356//1981 4357//1982 4385//2008
f 4356//1981 4385//2008 4384//2007
f 4357//1982 4358//1983 4386//2009
f 4357//1982 4386//2009 4385//2008
f 4358//1983 4359//1984 4387//2010
f 4358//1983 4387//2010 4386//2009
f 4359//1984 4360//1985 4388//2011
f 4359//1984 4388//2011 4387//2010
f 4360//1985 4361//1986 4389//2012
f 4360//1985 4389//2012 4388//2011
f 4361//1986 4362//1987 4390//2013
f 4361//1986 4390//2013 4389//2012
f 4362//1987 4363//1988 4391//2014
f 4362//1987 4391//2014 4390//2013
f 4363//1988 4364//1989 4392//2015
f 4363//1988 4392//2015 4391//2014
f 4364//1989 4365//1990 4393//2016
f 4364//1989 4393//2016 4392//2015
f 4365//1990 4366//3 4394//3
f 4365//1990 4394//3 4393//2016
f 4366//3 4367//1991 4395//2017
f 4366//3 4395//2017 4394//3
f 4367//1991 4368//1992 4396//2018
f 4367//1991 4396//2018 4395//2017
f 4368//1992 4369//1993 4397//2019
f 4368//1992 4397//2019 4396//2018
f 4369//1993 4370//1994 4398//2020
f 4369//1993 4398//2020 4397//2019
f 4370//1994 4371//1995 4399//2021
f 4370//1994 4399//2021 4398//2020
f 4371//1995 4372//1996 4400//2022
f 4371//1995 4400//2022 4399//2021
f 4372//1996 4346//1972 4374//1998
f 4372//1996 4374//1998 4400//2022
f 4374//1998 4373//1997 4401//2023
f 4374//1998 4401//2023 4402//820
f 4373//1997 4375//1999 4403//2024
f 4373//1997 4403//2024 4401//2023
f 4375//1999 4376//2000 4404//2025
f 4375//1999 4404//2025 4403//2024
f 4376//2000 4377//2001 4405//2026
f 4376//2000 4405//2026 4404//2025
f 4377//2001 4378//2002 4406//2027
f 4377//2001 4406//2027 4405//2026
f 4378//2002 4379//2003 4407//2028
f 4378//2002 4407//2028 4406//2027
f 4379//2003 4380//4 4408//4
f 4379//2003 4408//4 4407//2028
f 4380//4 4381//2004 4409//2029
f 4380//4 4409//2029 4408//4
f 4381//2004 4382//2005 4410//2030
f 4381//2004 4410//2030 4409//2029
f 4382//2005 4383//2006 4411//2031
f 4382//2005 4411//2031 4410//2030
f 4383//2006 4384//2007 4412//2032
f 4383//2006 4412//2032 4411//2031
f 4384//2007 4385//2008 4413//2033
f 4384//2007 4413//2033 4412//2032
f 4385//2008 4386//2009 4414//2034
f 4385//2008 4414//2034 4413//2033
f 4386//2009 4387//2010 4415//271
f 4386//2009 4415//271 4414//2034
f 4387//2010 4388//2011 4416//2035
f 4387//2010 4416//2035 4415//271
f 4388//2011 4389//2012 4417//2036
f 4388//2011 4417//2036 4416//2035
f 4389//2012 4390//2013 4418//2037
f 4389//2012 4418//2037 4417//2036
f 4390//2013 4391//2014 4419//2038
f 4390//2013 4419//2038 4418//2037
f 4391//2014 4392//2015 4420//2039
f 4391//2014 4420//2039 4419//2038
f 4392//2015 4393//2016 4421//2040
f 4392//2015 4421//2040 4420//2039
f 4393//2016 4394//3 4422//3
f 4393//2016 4422//3 4421//2040
f 4394//3 4395//2017 4423//2041
f 4394//3 4423//2041 4422//3
f 4395//2017 4396//2018 4424//2042
f 4395//2017 4424//2042 4423//2041
f 4396//2018 4397//2019 4425//2043
f 4396//2018 4425//2043 4424//2042
f 4397//2019 4398//2020 4426//2044
f 4397//2019 4426//2044 4425//2043
f 4398//2020 4399//2021 4427//2045
f 4398//2020 4427//2045 4426//2044
f 4399//2021 4400//2022 4428//2046
f 4399//2021 4428//2046 4427//2045
f 4400//2022 4374//1998 4402//820
f 4400//2022 4402//820 4428//2046
f 4402//820 4401//2023 4429//2047
f 4402//820 4429//2047 4430//2048
f 4401//2023 4403//2024 4431//2049
f 4401//2023 4431//2049 4429//2047
f 4403//2024 4404//2025 4432//2050
f 4403//2024 4432//2050 4431//2049
f 4404//2025 4405//2026 4433//2051
f 4404//2025 4433//2051 4432//2050
f 4405//2026 4406//2027 4434//2052
f 4405//2026 4434//2052 4433//2051
f 4406//2027 4407//2028 4435//2053
f 4406//2027 4435//2053 4434//2052
f 4407//2028 4408//4 4436//4
f 4407//2028 4436//4 4435//2053
f 4408//4 4409//2029 4437//2054
f 4408//4 4437//2054 4436//4
f 4409//2029 4410//2030 4438//2055
f 4409//2029 4438//2055 4437//2054
f 4410//2030 4411//2031 4439//2056
f 4410//2030 4439//2056 4438//2055
f 4411//2031 4412//2032 4440//2057
f 4411//2031 4440//2057 4439//2056
f 4412//2032 4413//2033 4441//2058
f 4412//2032 4441//2058 4440//2057
f 4413//2033 4414//2034 4442//2059
f 4413//2033 4442//2059 4441//2058
f 4414//2034 4415//271 4443//2060
f 4414//2034 4443//2060 4442//2059
f 4415//271 4416//2035 4444//2061
f 4415//271 4444//2061 4443//2060
f 4416//2035 4417//2036 4445//2062
f 4416//2035 4445//2062 4444//2061
f 4417//2036 4418//2037 4446//2063
f 4417//2036 4446//2063 4445//2062
f 4418//2037 4419//2038 4447//2064
f 4418//2037 4447//2064 4446//2063
f 4419//2038 4420//2039 4448//2065
f 4419//2038 4448//2065 4447//2064
f 4420//2039 4421//2040 4449//2066
f 4420//2039 4449//2066 4448//2065
f 4421//2040 4422//3 4450//3
f 4421//2040 4450//3 4449//2066
f 4422//3 4423//2041 4451//2067
f 4422//3 4451//2067 4450//3
f 4423//2041 4424//2042 4452//2068
f 4423//2041 4452//2068 4451//2067
f 4424//2042 4425//2043 4453//2069
f 4424//2042 4453//2069 4452//2068
f 4425//2043 4426//2044 4454//2070
f 4425//2043 4454//2070 4453//2069
f 4426//2044 4427//2045 4455//2071
f 4426//2044 4455//2071 4454//2070
f 4427//2045 4428//2046 4456//2072
f 4427//2045 4456//2072 4455//2071
f 4428//2046 4402//820 4430//2048
f 4428//2046 4430//2048 4456//2072
f 4430//2048 4429//2047 4457//2073
f 4430//2048 4457//2073 4458//2074
f 4429//2047 4431//2049 4459//2075
f 4429//2047 4459//2075 4457//2073
f 4431//2049 4432//2050 4460//2076
f 4431//2049 4460//2076 4459//2075
f 4432//2050 4433//2051 4461//2077
f 4432//2050 4461//2077 4460//2076
f 4433//2051 4434//2052 4462//2078
f 4433//2051 4462//2078 4461//2077
f 4434//2052 4435//2053 4463//2079
f 4434//2052 4463//2079 4462//2078
f 4435//2053 4436//4 4464//4
f 4435//2053 4464//4 4463//2079
f 4436//4 4437//2054 4465//2080
f 4436//4 4465//2080 4464//4
f 4437//2054 4438//2055 4466//2081
f 4437//2054 4466//2081 4465//2080
f 4438//2055 4439//2056 4467//2082
f 4438//2055 4467//2082 4466//2081
f 4439//2056 4440//2057 4468//2083
f 4439//2056 4468//2083 4467//2082
f 4440//2057 4441//2058 4469//2084
f 4440//2057 4469//2084 4468//2083
f 4441//2058 4442//2059 4470//2085
f 4441//2058 4470//2085 4469//2084
f 4442//2059 4443//2060 4471//2086
f 4442//2059 4471//2086 4470//2085
f 4443//2060 4444//2061 4472//2087
f 4443//2060 4472//2087 4471//2086
f 4444//2061 4445//2062 4473//2088
f 4444//2061 4473//2088 4472//2087
f 4445//2062 4446//2063 4474//2089
f 4445//2062 4474//2089 4473//2088
f 4446//2063 4447//2064 4475//2090
f 4446//2063 4475//2090 4474//2089
f 4447//2064 4448//2065 4476//2091
f 4447//2064 4476//2091 4475//2090
f 4448//2065 4449//2066 4477//2092
f 4448//2065 4477//2092 4476//2091
f 4449//2066 4450//3 4478//3
f 4449//2066 4478//3 4477//2092
f 4450//3 4451//2067 4479//2093
f 4450//3 4479//2093 4478//3
f 4451//2067 4452//2068 4480//2094
f 4451//2067 4480//2094 4479//2093
f 4452//2068 4453//2069 4481//2095
f 4452//2068 4481//2095 4480//2094
f 4453//2069 4454//2070 4482//2096
f 4453//2069 4482//2096 4481//2095
f 4454//2070 4455//2071 4483//2097
f 4454//2070 4483//2097 4482//2096
f 4455//2071 4456//2072 4484//2098
f 4455//2071 4484//2098 4483//2097
f 4456//2072 4430//2048 4458//2074
f 4456//2072 4458//2074 4484//2098
f 4458//2074 4457//2073 4485//2099
f 4458//2074 4485//2099 4486//2100
f 4457//2073 4459//2075 4487//2101
f 4457//2073 4487//2101 4485//2099
f 4459//2075 4460//2076 4488//2102
f 4459//2075 4488//2102 4487//2101
f 4460//2076 4461//2077 4489//2103
f 4460//2076 4489//2103 4488//2102
f 4461//2077 4462//2078 4490//2104
f 4461//2077 4490//2104 4489//2103
f 4462//2078 4463//2079 4491//2105
f 4462//2078 4491//2105 4490//2104
f 4463//2079 4464//4 4492//4
f 4463//2079 4492//4 4491//2105
f 4464//4 4465//2080 4493//2106
f 4464//4 4493//2106 4492//4
f 4465//2080 4466//2081 4494//2107
f 4465//2080 4494//2107 4493//2106
f 4466//2081 4467//2082 4495//2108
f 4466//2081 4495//2108 4494//2107
f 4467//2082 4468//2083 4496//2109
f 4467//2082 4496//2109 4495//2108
f 4468//2083 4469//2084 4497//2110
f 4468//2083 4497//2110 4496//2109
f 4469//2084 4470//2085 4498//2111
f 4469//2084 4498//2111 4497//2110
f 4470//2085 4471//2086 4499//2112
f 4470//2085 4499//2112 4498//2111
f 4471//2086 4472//2087 4500//2113
f 4471//2086 4500//2113 4499//2112
f 4472//2087 4473//2088 4501//2114
f 4472//2087 4501//2114 4500//2113
f 4473//2088 4474//2089 4502//2115
f 4473//2088 4502//2115 4501//2114
f 4474//2089 4475//2090 4503//2116
f 4474//2089 4503//2116 4502//2115
f 4475//2090 4476//2091 4504//2117
f 4475//2090 4504//2117 4503//2116
f 4476//2091 4477//2092 4505//2118
f 4476//2091 4505//2118 4504//2117
f 4477//2092 4478//3 4506//3
f 4477//2092 4506//3 4505//2118
f 4478//3 4479//2093 4507//2119
f 4478//3 4507//2119 4506//3
f 4479//2093 4480//2094 4508//2120
f 4479//2093 4508//2120 4507//2119
f 4480//2094 4481//2095 4509//2121
f 4480//2094 4509//2121 4508//2120
f 4481//2095 4482//2096 4510//2122
f 4481//2095 4510//2122 4509//2121
f 4482//2096 4483//2097 4511//2123
f 4482//2096 4511//2123 4510//2122
f 4483//2097 4484//2098 4512//2124
f 4483//2097 4512//2124 4511//2123
f 4484//2098 4458//2074 4486//2100
f 4484//2098 4486//2100 4512//2124
f 4486//2100 4485//2099 4513//2125
f 4486//2100 4513//2125 4514//2126
f 4485//2099 4487//2101 4515//2127
f 4485//2099 4515//2127 4513//2125
f 4487//2101 4488//2102 4516//2128
f 4487//2101 4516//2128 4515//2127
f 4488//2102 4489//2103 4517//2129
f 4488//2102 4517//2129 4516//2128
f 4489//2103 4490//2104 4518//2130
f 4489//2103 4518//2130 4517//2129
f 4490//2104 4491//2105 4519//2131
f 4490//2104 4519//2131 4518//2130
f 4491//2105 4492//4 4520//4
f 4491//2105 4520//4 4519//2131
f 4492//4 4493//2106 4521//2132
f 4492//4 4521//2132 4520//4
f 4493//2106 4494//2107 4522//2133
f 4493//2106 4522//2133 4521//2132
f 4494//2107 4495//2108 4523//2134
f 4494//2107 4523//2134 4522//2133
f 4495//2108 4496//2109 4524//2135
f 4495//2108 4524//2135 4523//2134
f 4496//2109 4497//2110 4525//2136
f 4496//2109 4525//2136 4524//2135
f 4497//2110 4498//2111 4526//2137
f 4497//2110 4526//2137 4525//2136
f 4498//2111 4499//2112 4527//2138
f 4498//2111 4527//2138 4526//2137
f 4499//2112 4500//2113 4528//2139
f 4499//2112 4528//2139 4527//2138
f 4500//2113 4501//2114 4529//2140
f 4500//2113 4529//2140 4528//2139
f 4501//2114 4502//2115 4530//2141
f 4501//2114 4530//2141 4529//2140
f 4502//2115 4503//2116 4531//2142
f 4502//2115 4531//2142 4530//2141
f 4503//2116 4504//2117 4532//2143
f 4503//2116 4532//2143 4531//2142
f 4504//2117 4505//2118 4533//2144
f 4504//2117 4533//2144 4532//2143
f 4505//2118 4506//3 4534//3
f 4505//2118 4534//3 4533//2144
f 4506//3 4507//2119 4535//2145
f 4506//3 4535//2145 4534//3
f 4507//2119 4508//2120 4536//2146
f 4507//2119 4536//2146 4535//2145
f 4508//2120 4509//2121 4537//2147
f 4508//2120 4537//2147 4536//2146
f 4509//2121 4510//2122 4538//2148
f 4509//2121 4538//2148 4537//2147
f 4510//2122 4511//2123 4539//2149
f 4510//2122 4539//2149 4538//2148
f 4511//2123 4512//2124 4540//2150
f 4511//2123 4540//2150 4539//2149
f 4512//2124 4486//2100 4514//2126
f 4512//2124 4514//2126 4540//2150
f 4514//2126 4513//2125 4541//2151
f 4514//2126 4541//2151 4542//2152
f 4513//2125 4515//2127 4543//2153
f 4513//2125 4543//2153 4541//2151
f 4515//2127 4516//2128 4544//2154
f 4515//2127 4544//2154 4543//2153
f 4516//2128 4517//2129 4545//2155
f 4516//2128 4545//2155 4544//2154
f 4517//2129 4518//2130 4546//2156
f 4517//2129 4546//2156 4545//2155
f 4518//2130 4519//2131 4547//2157
f 4518//2130 4547//2157 4546//2156
f 4519//2131 4520//4 4548//4
f 4519//2131 4548//4 4547//2157
f 4520//4 4521//2132 4549//2158
f 4520//4 4549//2158 4548//4
f 4521//2132 4522//2133 4550//2159
f 4521//2132 4550//2159 4549//2158
f 4522//2133 4523//2134 4551//2160
f 4522//2133 4551//2160 4550//2159
f 4523//2134 4524//2135 4552//2161
f 4523//2134 4552//2161 4551//2160
f 4524//2135 4525//2136 4553//2162
f 4524//2135 4553//2162 4552//2161
f 4525//2136 4526//2137 4554//2163
f 4525//2136 4554//2163 4553//2162
f 4526//2137 4527//2138 4555//2164
f 4526//2137 4555//2164 4554//2163
f 4527//2138 4528//2139 4556//2165
f 4527//2138 4556//2165 4555//2164
f 4528//2139 4529//2140 4557//2166
f 4528//2139 4557//2166 4556//2165
f 4529//2140 4530//2141 4558//2167
f 4529//2140 4558//2167 4557//2166
f 4530//2141 4531//2142 4559//2168
f 4530//2141 4559//2168 4558//2167
f 4531//2142 4532//2143 4560//2169
f 4531//2142 4560//2169 4559//2168
f 4532//2143 4533//2144 4561//2170
f 4532//2143 4561//2170 4560//2169
f 4533//2144 4534//3 4562//3
f 4533//2144 4562//3 4561//2170
f 4534//3 4535//2145 4563//2171
f 4534//3 4563//2171 4562//3
f 4535//2145 4536//2146 4564//2172
f 4535//2145 4564//2172 4563//2171
f 4536//2146 4537//2147 4565//2173
f 4536//2146 4565//2173 4564//2172
f 4537//2147 4538//2148 4566//2174
f 4537//2147 4566//2174 4565//2173
f 4538//2148 4539//2149 4567//2175
f 4538//2148 4567//2175 4566//2174
f 4539//2149 4540//2150 4568//2176
f 4539//2149 4568//2176 4567//2175
f 4540//2150 4514//2126 4542//2152
f 4540//2150 4542//2152 4568//2176
f 4542//2152 4541//2151 4569//2177
f 4542//2152 4569//2177 4570//2178
f 4541//2151 4543//2153 4571//2179
f 4541//2151 4571//2179 4569//2177
f 4543//2153 4544//2154 4572//2180
f 4543//2153 4572//2180 4571//2179
f 4544//2154 4545//2155 4573//2181
f 4544//2154 4573//2181 4572//2180
f 4545//2155 4546//2156 4574//2182
f 4545//2155 4574//2182 4573//2181
f 4546//2156 4547//2157 4575//2183
f 4546//2156 4575//2183 4574//2182
f 4547//2157 4548//4 4576//4
f 4547//2157 4576//4 4575//2183
f 4548//4 4549//2158 4577//2184
f 4548//4 4577//2184 4576//4
f 4549//2158 4550//2159 4578//2185
f 4549//2158 4578//2185 4577//2184
f 4550//2159 4551//2160 4579//2186
f 4550//2159 4579//2186 4578//2185
f 4551//2160 4552//2161 4580//2187
f 4551//2160 4580//2187 4579//2186
f 4552//2161 4553//2162 4581//2188
f 4552//2161 4581//2188 4580//2187
f 4553//2162 4554//2163 4582//2189
f 4553//2162 4582//2189 4581//2188
f 4554//2163 4555//2164 4583//2190
f 4554//2163 4583//2190 4582//2189
f 4555//2164 4556//2165 4584//2191
f 4555//2164 4584//2191 4583//2190
f 4556//2165 4557//2166 4585//2192
f 4556//2165 4585//2192 4584//2191
f 4557//2166 4558//2167 4586//2193
f 4557//2166 4586//2193 4585//2192
f 4558//2167 4559//2168 4587//2194
f 4558//2167 4587//2194 4586//2193
f 4559//2168 4560//2169 4588//2195
f 4559//2168 4588//2195 4587//2194
f 4560//2169 4561//2170 4589//2196
f 4560//2169 4589//2196 4588//2195
f 4561//2170 4562//3 4590//3
f 4561//2170 4590//3 4589//2196
f 4562//3 4563//2171 4591//2197
f 4562//3 4591//2197 4590//3
f 4563//2171 4564//2172 4592//2198
f 4563//2171 4592//2198 4591//2197
f 4564//2172 4565//2173 4593//2199
f 4564//2172 4593//2199 4592//2198
f 4565//2173 4566//2174 4594//2200
f 4565//2173 4594//2200 4593//2199
f 4566//2174 4567//2175 4595//2201
f 4566//2174 4595//2201 4594//2200
f 4567//2175 4568//2176 4596//2202
f 4567//2175 4596//2202 4595//2201
f 4568//2176 4542//2152 4570//2178
f 4568//2176 4570//2178 4596//2202
f 4570//2178 4569//2177 4597//2203
f 4570//2178 4597//2203 4598//2
f 4569//2177 4571//2179 4599//2204
f 4569//2177 4599//2204 4597//2203
f 4571//2179 4572//2180 4600//2205
f 4571//2179 4600//2205 4599//2204
f 4572//2180 4573//2181 4601//2206
f 4572//2180 4601//2206 4600//2205
f 4573//2181 4574//2182 4602//2207
f 4573//2181 4602//2207 4601//2206
f 4574//2182 4575//2183 4603//2208
f 4574//2182 4603//2208 4602//2207
f 4575//2183 4576//4 4604//4
f 4575//2183 4604//4 4603//2208
f 4576//4 4577//2184 4605//2209
f 4576//4 4605//2209 4604//4
f 4577//2184 4578//2185 4606//2210
f 4577//2184 4606//2210 4605//2209
f 4578//2185 4579//2186 4607//2211
f 4578//2185 4607//2211 4606//2210
f 4579//2186 4580//2187 4608//2212
f 4579//2186 4608//2212 4607//2211
f 4580//2187 4581//2188 4609//2213
f 4580//2187 4609//2213 4608//2212
f 4581//2188 4582//2189 4610//2214
f 4581//2188 4610//2214 4609//2213
f 4582//2189 4583//2190 4611//1
f 4582//2189 4611//1 4610//2214
f 4583//2190 4584//2191 4612//2215
f 4583//2190 4612//2215 4611//1
f 4584//2191 4585//2192 4613//2216
f 4584//2191 4613//2216 4612//2215
f 4585//2192 4586//2193 4614//2217
f 4585//2192 4614//2217 4613//2216
f 4586//2193 4587//2194 4615//2218
f 4586//2193 4615//2218 4614//2217
f 4587//2194 4588//2195 4616//2219
f 4587//2194 4616//2219 4615//2218
f 4588//2195 4589//2196 4617//2220
f 4588//2195 4617//2220 4616//2219
f 4589//2196 4590//3 4618//3
f 4589//2196 4618//3 4617//2220
f 4590//3 4591//2197 4619//2221
f 4590//3 4619//2221 4618//3
f 4591//2197 4592//2198 4620//2222
f 4591//2197 4620//2222 4619//2221
f 4592//2198 4593//2199 4621//2223
f 4592//2198 4621//2223 4620//2222
f 4593//2199 4594//2200 4622//2224
f 4593//2199 4622//2224 4621//2223
f 4594//2200 4595//2201 4623//2225
f 4594//2200 4623//2225 4622//2224
f 4595//2201 4596//2202 4624//2226
f 4595//2201 4624//2226 4623//2225
f 4596//2202 4570//2178 4598//2
f 4596//2202 4598//2 4624//2226
f 4598//2 4597//2203 4625//2227
f 4598//2 4625//2227 4626//2228
f 4597//2203 4599//2204 4627//2229
f 4597//2203 4627//2229 4625//2227
f 4599//2204 4600//2205 4628//2230
f 4599//2204 4628//2230 4627//2229
f 4600//2205 4601//2206 4629//2231
f 4600//2205 4629//2231 4628//2230
f 4601//2206 4602//2207 4630//2232
f 4601//2206 4630//2232 4629//2231
f 4602//2207 4603//2208 4631//2233
f 4602//2207 4631//2233 4630//2232
f 4603//2208 4604//4 4632//4
f 4603//2208 4632//4 4631//2233
f 4604//4 4605//2209 4633//2234
f 4604//4 4633//2234 4632//4
f 4605//2209 4606//2210 4634//2235
f 4605//2209 4634//2235 4633//2234
f 4606//2210 4607//2211 4635//2236
f 4606//2210 4635//2236 4634//2235
f 4607//2211 4608//2212 4636//2237
f 4607//2211 4636//2237 4635//2236
f 4608//2212 4609//2213 4637//2238
f 4608//2212 4637//2238 4636//2237
f 4609//2213 4610//2214 4638//2239
f 4609//2213 4638//2239 4637//2238
f 4610//2214 4611//1 4639//2240
f 4610//2214 4639//2240 4638//2239
f 4611//1 4612//2215 4640//2241
f 4611//1 4640//2241 4639//2240
f 4612//2215 4613//2216 4641//2242
f 4612//2215 4641//2242 4640//2241
f 4613//2216 4614//2217 4642//2243
f 4613//2216 4642//2243 4641//2242
f 4614//2217 4615//2218 4643//2244
f 4614//2217 4643//2244 4642//2243
f 4615//2218 4616//2219 4644//2245
f 4615//2218 4644//2245 4643//2244
f 4616//2219 4617//2220 4645//2246
f 4616//2219 4645//2246 4644//2245
f 4617//2220 4618//3 4646//3
f 4617//2220 4646//3 4645//2246
f 4618//3 4619//2221 4647//2247
f 4618//3 4647//2247 4646//3
f 4619//2221 4620//2222 4648//2248
f 4619//2221 4648//2248 4647//2247
f 4620//2222 4621//2223 4649//2249
f 4620//2222 4649//2249 4648//2248
f 4621//2223 4622//2224 4650//2250
f 4621//2223 4650//2250 4649//2249
f 4622//2224 4623//2225 4651//2251
f 4622//2224 4651//2251 4650//2250
f 4623//2225 4624//2226 4652//2252
f 4623//2225 4652//2252 4651//2251
f 4624//2226 4598//2 4626//2228
f 4624//2226 4626//2228 4652//2252
f 4626//2228 4625//2227 4653//2253
f 4626//2228 4653//2253 4654//2254
f 4625//2227 4627//2229 4655//2255
f 4625//2227 4655//2255 4653//2253
f 4627//2229 4628//2230 4656//2256
f 4627//2229 4656//2256 4655//2255
f 4628//2230 4629//2231 4657//2257
f 4628//2230 4657//2257 4656//2256
f 4629//2231 4630//2232 4658//2258
f 4629//2231 4658//2258 4657//2257
f 4630//2232 4631//2233 4659//2259
f 4630//2232 4659//2259 4658//2258
f 4631//2233 4632//4 4660//4
f 4631//2233 4660//4 4659//2259
f 4632//4 4633//2234 4661//2260
f 4632//4 4661//2260 4660//4
f 4633//2234 4634//2235 4662//2261
f 4633//2234 4662//2261 4661//2260
f 4634//2235 4635//2236 4663//2262
f 4634//2235 4663//2262 4662//2261
f 4635//2236 4636//2237 4664//2263
f 4635//2236 4664//2263 4663//2262
f 4636//2237 4637//2238 4665//2264
f 4636//2237 4665//2264 4664//2263
f 4637//2238 4638//2239 4666//2265
f 4637//2238 4666//2265 4665//2264
f 4638//2239 4639//2240 4667//2266
f 4638//2239 4667//2266 4666//2265
f 4639//2240 4640//2241 4668//2267
f 4639//2240 4668//2267 4667//2266
f 4640//2241 4641//2242 4669//2268
f 4640//2241 4669//2268 4668//2267
f 4641//2242 4642//2243 4670//2269
f 4641//2242 4670//2269 4669//2268
f 4642//2243 4643//2244 4671//2270
f 4642//2243 4671//2270 4670//2269
f 4643//2244 4644//2245 4672//2271
f 4643//2244 4672//2271 4671//2270
f 4644//2245 4645//2246 4673//2272
f 4644//2245 4673//2272 4672//2271
f 4645//2246 4646//3 4674//3
f 4645//2246 4674//3 4673//2272
f 4646//3 4647//2247 4675//2273
f 4646//3 4675//2273 4674//3
f 4647//2247 4648//2248 4676//2274
f 4647//2247 4676//2274 4675//2273
f 4648//2248 4649//2249 4677//2275
f 4648//2248 4677//2275 4676//2274
f 4649//2249 4650//2250 4678//2276
f 4649//2249 4678//2276 4677//2275
f 4650//2250 4651//2251 4679//2277
f 4650//2250 4679//2277 4678//2276
f 4651//2251 4652//2252 4680//2278
f 4651//2251 4680//2278 4679//2277
f 4652//2252 4626//2228 4654//2254
f 4652//2252 4654//2254 4680//2278
f 4654//2254 4653//2253 4681//2279
f 4654//2254 4681//2279 4682//2280
f 4653//2253 4655//2255 4683//2281
f 4653//2253 4683//2281 4681//2279
f 4655//2255 4656//2256 4684//2282
f 4655//2255 4684//2282 4683//2281
f 4656//2256 4657//2257 4685//2283
f 4656//2256 4685//2283 4684//2282
f 4657//2257 4658//2258 4686//2284
f 4657//2257 4686//2284 4685//2283
f 4658//2258 4659//2259 4687//2285
f 4658//2258 4687//2285 4686//2284
f 4659//2259 4660//4 4688//4
f 4659//2259 4688//4 4687//2285
f 4660//4 4661//2260 4689//2286
f 4660//4 4689//2286 4688//4
f 4661//2260 4662//2261 4690//2287
f 4661//2260 4690//2287 4689//2286
f 4662//2261 4663//2262 4691//2288
f 4662//2261 4691//2288 4690//2287
f 4663//2262 4664//2263 4692//2289
f 4663//2262 4692//2289 4691//2288
f 4664//2263 4665//2264 4693//2290
f 4664//2263 4693//2290 4692//2289
f 4665//2264 4666//2265 4694//2291
f 4665//2264 4694//2291 4693//2290
f 4666//2265 4667//2266 4695//2292
f 4666//2265 4695//2292 4694//2291
f 4667//2266 4668//2267 4696//2293
f 4667//2266 4696//2293 4695//2292
f 4668//2267 4669//2268 4697//2294
f 4668//2267 4697//2294 4696//2293
f 4669//2268 4670//2269 4698//2295
f 4669//2268 4698//2295 4697//2294
f 4670//2269 4671//2270 4699//2296
f 4670//2269 4699//2296 4698//2295
f 4671//2270 4672//2271 4700//2297
f 4671//2270 4700//2297 4699//2296
f 4672//2271 4673//2272 4701//2298
f 4672//2271 4701//2298 4700//2297
f 4673//2272 4674//3 4702//3
f 4673//2272 4702//3 4701//2298
f 4674//3 4675//2273 4703//2299
f 4674//3 4703//2299 4702//3
f 4675//2273 4676//2274 4704//2300
f 4675//2273 4704//2300 4703//2299
f 4676//2274 4677//2275 4705//2301
f 4676//2274 4705//2301 4704//2300
f 4677//2275 4678//2276 4706//2302
f 4677//2275 4706//2302 4705//2301
f 4678//2276 4679//2277 4707//2303
f 4678//2276 4707//2303 4706//2302
f 4679//2277 4680//2278 4708//2304
f 4679//2277 4708//2304 4707//2303
f 4680//2278 4654//2254 4682//2280
f 4680//2278 4682//2280 4708//2304
f 4682//2280 4681//2279 4709//2305
f 4682//2280 4709//2305 4710//2306
f 4681//2279 4683//2281 4711//2307
f 4681//2279 4711//2307 4709//2305
f 4683//2281 4684//2282 4712//2308
f 4683//2281 4712//2308 4711//2307
f 4684//2282 4685//2283 4713//2309
f 4684//2282 4713//2309 4712//2308
f 4685//2283 4686//2284 4714//2310
f 4685//2283 4714//2310 4713//2309
f 4686//2284 4687//2285 4715//2311
f 4686//2284 4715//2311 4714//2310
f 4687//2285 4688//4 4716//4
f 4687//2285 4716//4 4715//2311
f 4688//4 4689//2286 4717//2312
f 4688//4 4717//2312 4716//4
f 4689//2286 4690//2287 4718//2313
f 4689//2286 4718//2313 4717//2312
f 4690//2287 4691//2288 4719//2314
f 4690//2287 4719//2314 4718//2313
f 4691//2288 4692//2289 4720//2315
f 4691//2288 4720//2315 4719//2314
f 4692//2289 4693//2290 4721//2316
f 4692//2289 4721//2316 4720//2315
f 4693//2290 4694//2291 4722//2317
f 4693//2290 4722//2317 4721//2316
f 4694//2291 4695//2292 4723//2318
f 4694//2291 4723//2318 4722//2317
f 4695//2292 4696//2293 4724//2319
f 4695//2292 4724//2319 4723//2318
f 4696//2293 4697//2294 4725//2320
f 4696//2293 4725//2320 4724//2319
f 4697//2294 4698//2295 4726//2321
f 4697//2294 4726//2321 4725//2320
f 4698//2295 4699//2296 4727//2322
f 4698//2295 4727//2322 4726//2321
f 4699//2296 4700//2297 4728//2323
f 4699//2296 4728//2323 4727//2322
f 4700//2297 4701//2298 4729//2324
f 4700//2297 4729//2324 4728//2323
f 4701//2298 4702//3 4730//3
f 4701//2298 4730//3 4729//2324
f 4702//3 4703//2299 4731//2325
f 4702//3 4731//2325 4730//3
f 4703//2299 4704//2300 4732//2326
f 4703//2299 4732//2326 4731//2325
f 4704//2300 4705//2301 4733//2327
f 4704//2300 4733//2327 4732//2326
f 4705//2301 4706//2302 4734//2328
f 4705//2301 4734//2328 4733//2327
f 4706//2302 4707//2303 4735//2329
f 4706//2302 4735//2329 4734//2328
f 4707//2303 4708//2304 4736//2330
f 4707//2303 4736//2330 4735//2329
f 4708//2304 4682//2280 4710//2306
f 4708//2304 4710//2306 4736//2330
f 4710//2306 4709//2305 4737//2331
f 4710//2306 4737//2331 4738//2332
f 4709//2305 4711//2307 4739//2333
f 4709//2305 4739//2333 4737//2331
f 4711//2307 4712//2308 4740//2334
f 4711//2307 4740//2334 4739//2333
f 4712//2308 4713//2309 4741//2335
f 4712//2308 4741//2335 4740//2334
f 4713//2309 4714//2310 4742//2336
f 4713//2309 4742//2336 4741//2335
f 4714//2310 4715//2311 4743//2337
f 4714//2310 4743//2337 4742//2336
f 4715//2311 4716//4 4744//4
f 4715//2311 4744//4 4743//2337
f 4716//4 4717//2312 4745//2338
f 4716//4 4745//2338 4744//4
f 4717//2312 4718//2313 4746//2339
f 4717//2312 4746//2339 4745//2338
f 4718//2313 4719//2314 4747//2340
f 4718//2313 4747//2340 4746//2339
f 4719//2314 4720//2315 4748//2341
f 4719//2314 4748//2341 4747//2340
f 4720//2315 4721//2316 4749//2342
f 4720//2315 4749//2342 4748//2341
f 4721//2316 4722//2317 4750//2343
f 4721//2316 4750//2343 4749//2342
f 4722//2317 4723//2318 4751//2344
f 4722//2317 4751//2344 4750//2343
f 4723//2318 4724//2319 4752//2345
f 4723//2318 4752//2345 4751//2344
f 4724//2319 4725//2320 4753//2346
f 4724//2319 4753//2346 4752//2345
f 4725//2320 4726//2321 4754//2347
f 4725//2320 4754//2347 4753//2346
f 4726//2321 4727//2322 4755//2348
f 4726//2321 4755//2348 4754//2347
f 4727//2322 4728//2323 4756//2349
f 4727//2322 4756//2349 4755//2348
f 4728//2323 4729//2324 4757//2350
f 4728//2323 4757//2350 4756//2349
f 4729//2324 4730//3 4758//3
f 4729//2324 4758//3 4757//2350
f 4730//3 4731//2325 4759//2351
f 4730//3 4759//2351 4758//3
f 4731//2325 4732//2326 4760//2352
f 4731//2325 4760//2352 4759//2351
f 4732//2326 4733//2327 4761//2353
f 4732//2326 4761//2353 4760//2352
f 4733//2327 4734//2328 4762//2354
f 4733//2327 4762//2354 4761//2353
f 4734//2328 4735//2329 4763//2355
f 4734//2328 4763//2355 4762//2354
f 4735//2329 4736//2330 4764//2356
f 4735//2329 4764//2356 4763//2355
f 4736//2330 4710//2306 4738//2332
f 4736//2330 4738//2332 4764//2356
f 4738//2332 4737//2331 4765//2357
f 4738//2332 4765//2357 4766//2358
f 4737//2331 4739//2333 4767//2359
f 4737//2331 4767//2359 4765//2357
f 4739//2333 4740//2334 4768//2360
f 4739//2333 4768//2360 4767//2359
f 4740//2334 4741//2335 4769//2361
f 4740//2334 4769//2361 4768//2360
f 4741//2335 4742//2336 4770//2362
f 4741//2335 4770//2362 4769//2361
f 4742//2336 4743//2337 4771//2363
f 4742//2336 4771//2363 4770//2362
f 4743//2337 4744//4 4772//4
f 4743//2337 4772//4 4771//2363
f 4744//4 4745//2338 4773//2364
f 4744//4 4773//2364 4772//4
f 4745//2338 4746//2339 4774//2365
f 4745//2338 4774//2365 4773//2364
f 4746//2339 4747//2340 4775//2366
f 4746//2339 4775//2366 4774//2365
f 4747//2340 4748//2341 4776//2367
f 4747//2340 4776//2367 4775//2366
f 4748//2341 4749//2342 4777//2368
f 4748//2341 4777//2368 4776//2367
f 4749//2342 4750//2343 4778//2369
f 4749//2342 4778//2369 4777//2368
f 4750//2343 4751//2344 4779//2370
f 4750//2343 4779//2370 4778//2369
f 4751//2344 4752//2345 4780//2371
f 4751//2344 4780//2371 4779//2370
f 4752//2345 4753//2346 4781//2372
f 4752//2345 4781//2372 4780//2371
f 4753//2346 4754//2347 4782//2373
f 4753//2346 4782//2373 4781//2372
f 4754//2347 4755//2348 4783//2374
f 4754//2347 4783//2374 4782//2373
f 4755//2348 4756//2349 4784//2375
f 4755//2348 4784//2375 4783//2374
f 4756//2349 4757//2350 4785//2376
f 4756//2349 4785//2376 4784//2375
f 4757//2350 4758//3 4786//3
f 4757//2350 4786//3 4785//2376
f 4758//3 4759//2351 4787//2377
f 4758//3 4787//2377 4786//3
f 4759//2351 4760//2352 4788//2378
f 4759//2351 4788//2378 4787//2377
f 4760//2352 4761//2353 4789//2379
f 4760//2352 4789//2379 4788//2378
f 4761//2353 4762//2354 4790//2380
f 4761//2353 4790//2380 4789//2379
f 4762//2354 4763//2355 4791//2381
f 4762//2354 4791//2381 4790//2380
f 4763//2355 4764//2356 4792//2382
f 4763//2355 4792//2382 4791//2381
f 4764//2356 4738//2332 4766//2358
f 4764//2356 4766//2358 4792//2382
f 4766//2358 4765//2357 4793//2383
f 4766//2358 4793//2383 4794//843
f 4765//2357 4767//2359 4795//2384
f 4765//2357 4795//2384 4793//2383
f 4767//2359 4768//2360 4796//2385
f 4767//2359 4796//2385 4795//2384
f 4768//2360 4769//2361 4797//2386
f 4768//2360 4797//2386 4796//2385
f 4769//2361 4770//2362 4798//2387
f 4769//2361 4798//2387 4797//2386
f 4770//2362 4771//2363 4799//2388
f 4770//2362 4799//2388 4798//2387
f 4771//2363 4772//4 4800//4
f 4771//2363 4800//4 4799//2388
f 4772//4 4773//2364 4801//2389
f 4772//4 4801//2389 4800//4
f 4773//2364 4774//2365 4802//2390
f 4773//2364 4802//2390 4801//2389
f 4774//2365 4775//2366 4803//2391
f 4774//2365 4803//2391 4802//2390
f 4775//2366 4776//2367 4804//2392
f 4775//2366 4804//2392 4803//2391
f 4776//2367 4777//2368 4805//2393
f 4776//2367 4805//2393 4804//2392
f 4777//2368 4778//2369 4806//2394
f 4777//2368 4806//2394 4805//2393
f 4778//2369 4779//2370 4807//248
f 4778//2369 4807//248 4806//2394
f 4779//2370 4780//2371 4808//2395
f 4779//2370 4808//2395 4807//248
f 4780//2371 4781//2372 4809//2396
f 4780//2371 4809//2396 4808//2395
f 4781//2372 4782//2373 4810//2397
f 4781//2372 4810//2397 4809//2396
f 4782//2373 4783//2374 4811//2398
f 4782//2373 4811//2398 4810//2397
f 4783//2374 4784//2375 4812//2399
f 4783//2374 4812//2399 4811//2398
f 4784//2375 4785//2376 4813//2400
f 4784//2375 4813//2400 4812//2399
f 4785//2376 4786//3 4814//3
f 4785//2376 4814//3 4813//2400
f 4786//3 4787//2377 4815//2401
f 4786//3 4815//2401 4814//3
f 4787//2377 4788//2378 4816//2402
f 4787//2377 4816//2402 4815//2401
f 4788//2378 4789//2379 4817//2403
f 4788//2378 4817//2403 4816//2402
f 4789//2379 4790//2380 4818//2404
f 4789//2379 4818//2404 4817//2403
f 4790//2380 4791//2381 4819//2405
f 4790//2380 4819//2405 4818//2404
f 4791//2381 4792//2382 4820//2406
f 4791//2381 4820//2406 4819//2405
f 4792//2382 4766//2358 4794//843
f 4792//2382 4794//843 4820//2406
f 4794//843 4793//2383 4821//2407
f 4794//843 4821//2407 4822//2408
f 4793//2383 4795//2384 4823//2409
f 4793//2383 4823//2409 4821//2407
f 4795//2384 4796//2385 4824//2410
f 4795//2384 4824//2410 4823//2409
f 4796//2385 4797//2386 4825//2411
f 4796//2385 4825//2411 4824//2410
f 4797//2386 4798//2387 4826//2412
f 4797//2386 4826//2412 4825//2411
f 4798//2387 4799//2388 4827//2413
f 4798//2387 4827//2413 4826//2412
f 4799//2388 4800//4 4828//4
f 4799//2388 4828//4 4827//2413
f 4800//4 4801//2389 4829//2414
f 4800//4 4829//2414 4828//4
f 4801//2389 4802//2390 4830//2415
f 4801//2389 4830//2415 4829//2414
f 4802//2390 4803//2391 4831//2416
f 4802//2390 4831//2416 4830//2415
f 4803//2391 4804//2392 4832//2417
f 4803//2391 4832//2417 4831//2416
f 4804//2392 4805//2393 4833//2418
f 4804//2392 4833//2418 4832//2417
f 4805//2393 4806//2394 4834//2419
f 4805//2393 4834//2419 4833//2418
f 4806//2394 4807//248 4835//2420
f 4806//2394 4835//2420 4834//2419
f 4807//248 4808//2395 4836//2421
f 4807//248 4836//2421 4835//2420
f 4808//2395 4809//2396 4837//2422
f 4808//2395 4837//2422 4836//2421
f 4809//2396 4810//2397 4838//2423
f 4809//2396 4838//2423 4837//2422
f 4810//2397 4811//2398 4839//2424
f 4810//2397 4839//2424 4838//2423
f 4811//2398 4812//2399 4840//2425
f 4811//2398 4840//2425 4839//2424
f 4812//2399 4813//2400 4841//2426
f 4812//2399 4841//2426 4840//2425
f 4813//2400 4814//3 4842//3
f 4813//2400 4842//3 4841//2426
f 4814//3 4815//2401 4843//2427
f 4814//3 4843//2427 4842//3
f 4815//2401 4816//2402 4844//2428
f 4815//2401 4844//2428 4843//2427
f 4816//2402 4817//2403 4845//2429
f 4816//2402 4845//2429 4844//2428
f 4817//2403 4818//2404 4846//2430
f 4817//2403 4846//2430 4845//2429
f 4818//2404 4819//2405 4847//2431
f 4818//2404 4847//2431 4846//2430
f 4819//2405 4820//2406 4848//2432
f 4819//2405 4848//2432 4847//2431
f 4820//2406 4794//843 4822//2408
f 4820//2406 4822//2408 4848//2432
f 4822//2408 4821//2407 4849//2433
f 4822//2408 4849//2433 4850//2434
f 4821//2407 4823//2409 4851//2435
f 4821//2407 4851//2435 4849//2433
f 4823//2409 4824//2410 4852//2436
f 4823//2409 4852//2436 4851//2435
f 4824//2410 4825//2411 4853//2437
f 4824//2410 4853//2437 4852//2436
f 4825//2411 4826//2412 4854//2438
f 4825//2411 4854//2438 4853//2437
f 4826//2412 4827//2413 4855//2439
f 4826//2412 4855//2439 4854//2438
f 4827//2413 4828//4 4856//4
f 4827//2413 4856//4 4855//2439
f 4828//4 4829//2414 4857//2440
f 4828//4 4857//2440 4856//4
f 4829//2414 4830//2415 4858//2441
f 4829//2414 4858//2441 4857//2440
f 4830//2415 4831//2416 4859//2442
f 4830//2415 4859//2442 4858//2441
f 4831//2416 4832//2417 4860//2443
f 4831//2416 4860//2443 4859//2442
f 4832//2417 4833//2418 4861//2444
f 4832//2417 4861//2444 4860//2443
f 4833//2418 4834//2419 4862//2445
f 4833//2418 4862//2445 4861//2444
f 4834//2419 4835//2420 4863//2446
f 4834//2419 4863//2446 4862//2445
f 4835//2420 4836//2421 4864//2447
f 4835//2420 4864//2447 4863//2446
f 4836//2421 4837//2422 4865//2448
f 4836//2421 4865//2448 4864//2447
f 4837//2422 4838//2423 4866//2449
f 4837//2422 4866//2449 4865//2448
f 4838//2423 4839//2424 4867//2450
f 4838//2423 4867//2450 4866//2449
f 4839//2424 4840//2425 4868//2451
f 4839//2424 4868//2451 4867//2450
f 4840//2425 4841//2426 4869//2452
f 4840//2425 4869//2452 4868//2451
f 4841//2426 4842//3 4870//3
f 4841//2426 4870//3 4869//2452
f 4842//3 4843//2427 4871//2453
f 4842//3 4871//2453 4870//3
f 4843//2427 4844//2428 4872//2454
f 4843//2427 4872//2454 4871//2453
f 4844//2428 4845//2429 4873//2455
f 4844//2428 4873//2455 4872//2454
f 4845//2429 4846//2430 4874//2456
f 4845//2429 4874//2456 4873//2455
f 4846//2430 4847//2431 4875//2457
f 4846//2430 4875//2457 4874//2456
f 4847//2431 4848//2432 4876//2458
f 4847//2431 4876//2458 4875//2457
f 4848//2432 4822//2408 4850//2434
f 4848//2432 4850//2434 4876//2458
f 4850//2434 4849//2433 4877//2459
f 4850//2434 4877//2459 4878//2460
f 4849//2433 4851//2435 4879//2461
f 4849//2433 4879//2461 4877//2459
f 4851//2435 4852//2436 4880//2462
f 4851//2435 4880//2462 4879//2461
f 4852//2436 4853//2437 4881//2463
f 4852//2436 4881//2463 4880//2462
f 4853//2437 4854//2438 4882//2464
f 4853//2437 4882//2464 4881//2463
f 4854//2438 4855//2439 4883//2465
f 4854//2438 4883//2465 4882//2464
f 4855//2439 4856//4 4884//4
f 4855//2439 4884//4 4883//2465
f 4856//4 4857//2440 4885//2466
f 4856//4 4885//2466 4884//4
f 4857//2440 4858//2441 4886//2467
f 4857//2440 4886//2467 4885//2466
f 4858//2441 4859//2442 4887//2468
f 4858//2441 4887//2468 4886//2467
f 4859//2442 4860//2443 4888//2469
f 4859//2442 4888//2469 4887//2468
f 4860//2443 4861//2444 4889//2470
f 4860//2443 4889//2470 4888//2469
f 4861//2444 4862//2445 4890//2471
f 4861//2444 4890//2471 4889//2470
f 4862//2445 4863//2446 4891//2472
f 4862//2445 4891//2472 4890//2471
f 4863//2446 4864//2447 4892//2473
f 4863//2446 4892//2473 4891//2472
f 4864//2447 4865//2448 4893//2474
f 4864//2447 4893//2474 4892//2473
f 4865//2448 4866//2449 4894//2475
f 4865//2448 4894//2475 4893//2474
f 4866//2449 4867//2450 4895//2476
f 4866//2449 4895//2476 4894//2475
f 4867//2450 4868//2451 4896//2477
f 4867//2450 4896//2477 4895//2476
f 4868//2451 4869//2452 4897//2478
f 4868//2451 4897//2478 4896//2477
f 4869//2452 4870//3 4898//3
f 4869//2452 4898//3 4897//2478
f 4870//3 4871//2453 4899//2479
f 4870//3 4899//2479 4898//3
f 4871//2453 4872//2454 4900//2480
f 4871//2453 4900//2480 4899//2479
f 4872//2454 4873//2455 4901//2481
f 4872//2454 4901//2481 4900//2480
f 4873//2455 4874//2456 4902//2482
f 4873//2455 4902//2482 4901//2481
f 4874//2456 4875//2457 4903//2483
f 4874//2456 4903//2483 4902//2482
f 4875//2457 4876//2458 4904//2484
f 4875//2457 4904//2484 4903//2483
f 4876//2458 4850//2434 4878//2460
f 4876//2458 4878//2460 4904//2484
f 4878//2460 4877//2459 4905//2485
f 4878//2460 4905//2485 4906//2486
f 4877//2459 4879//2461 4907//2487
f 4877//2459 4907//2487 4905//2485
f 4879//2461 4880//2462 4908//2488
f 4879//2461 4908//2488 4907//2487
f 4880//2462 4881//2463 4909//2489
f 4880//2462 4909//2489 4908//2488
f 4881//2463 4882//2464 4910//2490
f 4881//2463 4910//2490 4909//2489
f 4882//2464 4883//2465 4911//2491
f 4882//2464 4911//2491 4910//2490
f 4883//2465 4884//4 4912//4
f 4883//2465 4912//4 4911//2491
f 4884//4 4885//2466 4913//2492
f 4884//4 4913//2492 4912//4
f 4885//2466 4886//2467 4914//2493
f 4885//2466 4914//2493 4913//2492
f 4886//2467 4887//2468 4915//2494
f 4886//2467 4915//2494 4914//2493
f 4887//2468 4888//2469 4916//2495
f 4887//2468 4916//2495 4915//2494
f 4888//2469 4889//2470 4917//2496
f 4888//2469 4917//2496 4916//2495
f 4889//2470 4890//2471 4918//2497
f 4889//2470 4918//2497 4917//2496
f 4890//2471 4891//2472 4919//2498
f 4890//2471 4919//2498 4918//2497
f 4891//2472 4892//2473 4920//2499
f 4891//2472 4920//2499 4919//2498
f 4892//2473 4893//2474 4921//2500
f 4892//2473 4921//2500 4920//2499
f 4893//2474 4894//2475 4922//2501
f 4893//2474 4922//2501 4921//2500
f 4894//2475 4895//2476 4923//2502
f 4894//2475 4923//2502 4922//2501
f 4895//2476 4896//2477 4924//2503
f 4895//2476 4924//2503 4923//2502
f 4896//2477 4897//2478 4925//2504
f 4896//2477 4925//2504 4924//2503
f 4897//2478 4898//3 4926//3
f 4897//2478 4926//3 4925//2504
f 4898//3 4899//2479 4927//2505
f 4898//3 4927//2505 4926//3
f 4899//2479 4900//2480 4928//2506
f 4899//2479 4928//2506 4927//2505
f 4900//2480 4901//2481 4929//2507
f 4900//2480 4929//2507 4928//2506
f 4901//2481 4902//2482 4930//2508
f 4901//2481 4930//2508 4929//2507
f 4902//2482 4903//2483 4931//2509
f 4902//2482 4931//2509 4930//2508
f 4903//2483 4904//2484 4932//2510
f 4903//2483 4932//2510 4931//2509
f 4904//2484 4878//2460 4906//2486
f 4904//2484 4906//2486 4932//2510
f 4906//2486 4905//2485 4933//2511
f 4906//2486 4933//2511 4934//2512
f 4905//2485 4907//2487 4935//2513
f 4905//2485 4935//2513 4933//2511
f 4907//2487 4908//2488 4936//2514
f 4907//2487 4936//2514 4935//2513
f 4908//2488 4909//2489 4937//2515
f 4908//2488 4937//2515 4936//2514
f 4909//2489 4910//2490 4938//2516
f 4909//2489 4938//2516 4937//2515
f 4910//2490 4911//2491 4939//2517
f 4910//2490 4939//2517 4938//2516
f 4911//2491 4912//4 4940//4
f 4911//2491 4940//4 4939//2517
f 4912//4 4913//2492 4941//2518
f 4912//4 4941//2518 4940//4
f 4913//2492 4914//2493 4942//2519
f 4913//2492 4942//2519 4941//2518
f 4914//2493 4915//2494 4943//2520
f 4914//2493 4943//2520 4942//2519
f 4915//2494 4916//2495 4944//2521
f 4915//2494 4944//2521 4943//2520
f 4916//2495 4917//2496 4945//2522
f 4916//2495 4945//2522 4944//2521
f 4917//2496 4918//2497 4946//2523
f 4917//2496 4946//2523 4945//2522
f 4918//2497 4919//2498 4947//2524
f 4918//2497 4947//2524 4946//2523
f 4919//2498 4920//2499 4948//2525
f 4919//2498 4948//2525 4947//2524
f 4920//2499 4921//2500 4949//2526
f 4920//2499 4949//2526 4948//2525
f 4921//2500 4922//2501 4950//2527
f 4921//2500 4950//2527 4949//2526
f 4922//2501 4923//2502 4951//2528
f 4922//2501 4951//2528 4950//2527
f 4923//2502 4924//2503 4952//2529
f 4923//2502 4952//2529 4951//2528
f 4924//2503 4925//2504 4953//2530
f 4924//2503 4953//2530 4952//2529
f 4925//2504 4926//3 4954//3
f 4925//2504 4954//3 4953//2530
f 4926//3 4927//2505 4955//2531
f 4926//3 4955//2531 4954//3
f 4927//2505 4928//2506 4956//2532
f 4927//2505 4956//2532 4955//2531
f 4928//2506 4929//2507 4957//2533
f 4928//2506 4957//2533 4956//2532
f 4929//2507 4930//2508 4958//2534
f 4929//2507 4958//2534 4957//2533
f 4930//2508 4931//2509 4959//2535
f 4930//2508 4959//2535 4958//2534
f 4931//2509 4932//2510 4960//2536
f 4931//2509 4960//2536 4959//2535
f 4932//2510 4906//2486 4934//2512
f 4932//2510 4934//2512 4960//2536
f 4934//2512 4933//2511 4961//2537
f 4934//2512 4961//2537 4962//2538
f 4933//2511 4935//2513 4963//2539
f 4933//2511 4963//2539 4961//2537
f 4935//2513 4936//2514 4964//2540
f 4935//2513 4964//2540 4963//2539
f 4936//2514 4937//2515 4965//2541
f 4936//2514 4965//2541 4964//2540
f 4937//2515 4938//2516 4966//2542
f 4937//2515 4966//2542 4965//2541
f 4938//2516 4939//2517 4967//2543
f 4938//2516 4967//2543 4966//2542
f 4939//2517 4940//4 4968//4
f 4939//2517 4968//4 4967//2543
f 4940//4 4941//2518 4969//2544
f 4940//4 4969//2544 4968//4
f 4941//2518 4942//2519 4970//2545
f 4941//2518 4970//2545 4969//2544
f 4942//2519 4943//2520 4971//2546
f 4942//2519 4971//2546 4970//2545
f 4943//2520 4944//2521 4972//2547
f 4943//2520 4972//2547 4971//2546
f 4944//2521 4945//2522 4973//2548
f 4944//2521 4973//2548 4972//2547
f 4945//2522 4946//2523 4974//2549
f 4945//2522 4974//2549 4973//2548
f 4946//2523 4947//2524 4975//2550
f 4946//2523 4975//2550 4974//2549
f 4947//2524 4948//2525 4976//2551
f 4947//2524 4976//2551 4975//2550
f 4948//2525 4949//2526 4977//2552
f 4948//2525 4977//2552 4976//2551
f 4949//2526 4950//2527 4978//2553
f 4949//2526 4978//2553 4977//2552
f 4950//2527 4951//2528 4979//2554
f 4950//2527 4979//2554 4978//2553
f 4951//2528 4952//2529 4980//2555
f 4951//2528 4980//2555 4979//2554
f 4952//2529 4953//2530 4981//2556
f 4952//2529 4981//2556 4980//2555
f 4953//2530 4954//3 4982//3
f 4953//2530 4982//3 4981//2556
f 4954//3 4955//2531 4983//2557
f 4954//3 4983//2557 4982//3
f 4955//2531 4956//2532 4984//2558
f 4955//2531 4984//2558 4983//2557
f 4956//2532 4957//2533 4985//2559
f 4956//2532 4985//2559 4984//2558
f 4957//2533 4958//2534 4986//2560
f 4957//2533 4986//2560 4985//2559
f 4958//2534 4959//2535 4987//2561
f 4958//2534 4987//2561 4986//2560
f 4959//2535 4960//2536 4988//2562
f 4959//2535 4988//2562 4987//2561
f 4960//2536 4934//2512 4962//2538
f 4960//2536 4962//2538 4988//2562
f 4962//2538 4961//2537 4989//1866
f 4962//2538 4989//1866 4990//5
f 4961//2537 4963//2539 4991//1864
f 4961//2537 4991//1864 4989//1866
f 4963//2539 4964//2540 4992//1862
f 4963//2539 4992//1862 4991//1864
f 4964//2540 4965//2541 4993//1860
f 4964//2540 4993//1860 4992//1862
f 4965//2541 4966//2542 4994//1858
f 4965//2541 4994//1858 4993//1860
f 4966//2542 4967//2543 4995//1856
f 4966//2542 4995//1856 4994//1858
f 4967//2543 4968//4 4996//4
f 4967//2543 4996//4 4995//1856
f 4968//4 4969//2544 4997//1854
f 4968//4 4997//1854 4996//4
f 4969//2544 4970//2545 4998//1852
f 4969//2544 4998//1852 4997//1854
f 4970//2545 4971//2546 4999//1850
f 4970//2545 4999//1850 4998//1852
f 4971//2546 4972//2547 5000//1848
f 4971//2546 5000//1848 4999//1850
f 4972//2547 4973//2548 5001//1846
f 4972//2547 5001//1846 5000//1848
f 4973//2548 4974//2549 5002//1843
f 4973//2548 5002//1843 5001//1846
f 4974//2549 4975//2550 5003//6
f 4974//2549 5003//6 5002//1843
f 4975//2550 4976//2551 5004//1891
f 4975//2550 5004//1891 5003//6
f 4976//2551 4977//2552 5005//1889
f 4976//2551 5005//1889 5004//1891
f 4977//2552 4978//2553 5006//1887
f 4977//2552 5006//1887 5005//1889
f 4978//2553 4979//2554 5007//1885
f 4978//2553 5007//1885 5006//1887
f 4979//2554 4980//2555 5008//1883
f 4979//2554 5008//1883 5007//1885
f 4980//2555 4981//2556 5009//1881
f 4980//2555 5009//1881 5008//1883
f 4981//2556 4982//3 5010//3
f 4981//2556 5010//3 5009//1881
f 4982//3 4983//2557 5011//1879
f 4982//3 5011//1879 5010//3
f 4983//2557 4984//2558 5012//1877
f 4983//2557 5012//1877 5011//1879
f 4984//2558 4985//2559 5013//1875
f 4984//2558 5013//1875 5012//1877
f 4985//2559 4986//2560 5014//1873
f 4985//2559 5014//1873 5013//1875
f 4986//2560 4987//2561 5015//1871
f 4986//2560 5015//1871 5014//1873
f 4987//2561 4988//2562 5016//1869
f 4987//2561 5016//1869 5015//1871
f 4988//2562 4962//2538 4990//5
f 4988//2562 4990//5 5016//1869
f 4990//5 4989//1866 5017//1867
f 4990//5 5017//1867 5018//1868
f 4989//1866 4991//1864 5019//1865
f 4989//1866 5019//1865 5017//1867
f 4991//1864 4992//1862 5020//1863
f 4991//1864 5020//1863 5019//1865
f 4992//1862 4993//1860 5021//1861
f 4992//1862 5021//1861 5020//1863
f 4993//1860 4994//1858 5022//1859
f 4993//1860 5022//1859 5021//1861
f 4994//1858 4995//1856 5023//1857
f 4994//1858 5023//1857 5022//1859
f 4995//1856 4996//4 5024//4
f 4995//1856 5024//4 5023//1857
f 4996//4 4997//1854 5025//1855
f 4996//4 5025//1855 5024//4
f 4997//1854 4998//1852 5026//1853
f 4997//1854 5026//1853 5025//1855
f 4998//1852 4999//1850 5027//1851
f 4998//1852 5027//1851 5026//1853
f 4999//1850 5000//1848 5028//1849
f 4999//1850 5028//1849 5027//1851
f 5000//1848 5001//1846 5029//1847
f 5000//1848 5029//1847 5028//1849
f 5001//1846 5002//1843 5030//1844
f 5001//1846 5030//1844 5029//1847
f 5002//1843 5003//6 5031//1845
f 5002//1843 5031//1845 5030//1844
f 5003//6 5004//1891 5032//1892
f 5003//6 5032//1892 5031//1845
f 5004//1891 5005//1889 5033//1890
f 5004//1891 5033//1890 5032//1892
f 5005//1889 5006//1887 5034//1888
f 5005//1889 5034//1888 5033//1890
f 5006//1887 5007//1885 5035//1886
f 5006//1887 5035//1886 5034//1888
f 5007//1885 5008//1883 5036//1884
f 5007//1885 5036//1884 5035//1886
f 5008//1883 5009//1881 5037//1882
f 5008//1883 5037//1882 5036//1884
f 5009//1881 5010//3 5038//3
f 5009//1881 5038//3 5037//1882
f 5010//3 5011//1879 5039//1880
f 5010//3 5039//1880 5038//3
f 5011//1879 5012//1877 5040//1878
f 5011//1879 5040//1878 5039//1880
f 5012//1877 5013//1875 5041//1876
f 5012//1877 5041//1876 5040//1878
f 5013//1875 5014//1873 5042//1874
f 5013//1875 5042//1874 5041//1876
f 5014//1873 5015//1871 5043//1872
f 5014//1873 5043//1872 5042//1874
f 5015//1871 5016//1869 5044//1870
f 5015//1871 5044//1870 5043//1872
f 5016//1869 4990//5 5018//1868
f 5016//1869 5018//1868 5044//1870
f 5018//1868 5017//1867 5045//1905
f 5018//1868 5045//1905 5046//1906
f 5017//1867 5019//1865 5047//1904
f 5017//1867 5047//1904 5045//1905
f 5019//1865 5020//1863 5048//1903
f 5019//1865 5048//1903 5047//1904
f 5020//1863 5021//1861 5049//1902
f 5020//1863 5049//1902 5048//1903
f 5021//1861 5022//1859 5050//1901
f 5021//1861 5050//1901 5049//1902
f 5022//1859 5023//1857 5051//1900
f 5022//1859 5051//1900 5050//1901
f 5023//1857 5024//4 5052//4
f 5023//1857 5052//4 5051//1900
f 5024//4 5025//1855 5053//1899
f 5024//4 5053//1899 5052//4
f 5025//1855 5026//1853 5054//1898
f 5025//1855 5054//1898 5053//1899
f 5026//1853 5027//1851 5055//1897
f 5026//1853 5055//1897 5054//1898
f 5027//1851 5028//1849 5056//1896
f 5027//1851 5056//1896 5055//1897
f 5028//1849 5029//1847 5057//1895
f 5028//1849 5057//1895 5056//1896
f 5029//1847 5030//1844 5058//1893
f 5029//1847 5058//1893 5057//1895
f 5030//1844 5031//1845 5059//1894
f 5030//1844 5059//1894 5058//1893
f 5031//1845 5032//1892 5060//1918
f 5031//1845 5060//1918 5059//1894
f 5032//1892 5033//1890 5061//1917
f 5032//1892 5061//1917 5060//1918
f 5033//1890 5034//1888 5062//1916
f 5033//1890 5062//1916 5061//1917
f 5034//1888 5035//1886 5063//1915
f 5034//1888 5063//1915 5062//1916
f 5035//1886 5036//1884 5064//1914
f 5035//1886 5064//1914 5063//1915
f 5036//1884 5037//1882 5065//1913
f 5036//1884 5065//1913 5064//1914
f 5037//1882 5038//3 5066//3
f 5037//1882 5066//3 5065//1913
f 5038//3 5039//1880 5067//1912
f 5038//3 5067//1912 5066//3
f 5039//1880 5040//1878 5068//1911
f 5039//1880 5068//1911 5067//1912
f 5040//1878 5041//1876 5069//1910
f 5040//1878 5069//1910 5068//1911
f 5041//1876 5042//1874 5070//1909
f 5041//1876 5070//1909 5069//1910
f 5042//1874 5043//1872 5071//1908
f 5042//1874 5071//1908 5070//1909
f 5043//1872 5044//1870 5072//1907
f 5043//1872 5072//1907 5071//1908
f 5044//1870 5018//1868 5046//1906
f 5044//1870 5046//1906 5072//1907
f 5046//1906 5045//1905 5073//1931
f 5046//1906 5073//1931 5074//1932
f 5045//1905 5047//1904 5075//1930
f 5045//1905 5075//1930 5073//1931
f 5047//1904 5048//1903 5076//1929
f 5047//1904 5076//1929 5075//1930
f 5048//1903 5049//1902 5077//1928
f 5048//1903 5077//1928 5076//1929
f 5049//1902 5050//1901 5078//1927
f 5049//1902 5078//1927 5077//1928
f 5050//1901 5051//1900 5079//1926
f 5050//1901 5079//1926 5078//1927
f 5051//1900 5052//4 5080//4
f 5051//1900 5080//4 5079//1926
f 5052//4 5053//1899 5081//1925
f 5052//4 5081//1925 5080//4
f 5053//1899 5054//1898 5082//1924
f 5053//1899 5082//1924 5081//1925
f 5054//1898 5055//1897 5083//1923
f 5054//1898 5083//1923 5082//1924
f 5055//1897 5056//1896 5084//1922
f 5055//1897 5084//1922 5083//1923
f 5056//1896 5057//1895 5085//1921
f 5056//1896 5085//1921 5084//1922
f 5057//1895 5058//1893 5086//1919
f 5057//1895 5086//1919 5085//1921
f 5058//1893 5059//1894 5087//1920
f 5058//1893 5087//1920 5086//1919
f 5059//1894 5060//1918 5088//1944
f 5059//1894 5088//1944 5087//1920
f 5060//1918 5061//1917 5089//1943
f 5060//1918 5089//1943 5088//1944
f 5061//1917 5062//1916 5090//1942
f 5061//1917 5090//1942 5089//1943
f 5062//1916 5063//1915 5091//1941
f 5062//1916 5091//1941 5090//1942
f 5063//1915 5064//1914 5092//1940
f 5063//1915 5092//1940 5091//1941
f 5064//1914 5065//1913 5093//1939
f 5064//1914 5093//1939 5092//1940
f 5065//1913 5066//3 5094//3
f 5065//1913 5094//3 5093//1939
f 5066//3 5067//1912 5095//1938
f 5066//3 5095//1938 5094//3
f 5067//1912 5068//1911 5096//1937
f 5067//1912 5096//1937 5095//1938
f 5068//1911 5069//1910 5097//1936
f 5068//1911 5097//1936 5096//1937
f 5069//1910 5070//1909 5098//1935
f 5069//1910 5098//1935 5097//1936
f 5070//1909 5071//1908 5099//1934
f 5070//1909 5099//1934 5098//1935
f 5071//1908 5072//1907 5100//1933
f 5071//1908 5100//1933 5099//1934
f 5072//1907 5046//1906 5074//1932
f 5072//1907 5074//1932 5100//1933
f 5074//1932 5073//1931 5101//1957
f 5074//1932 5101//1957 5102//1958
f 5073//1931 5075//1930 5103//1956
f 5073//1931 5103//1956 5101//1957
f 5075//1930 5076//1929 5104//1955
f 5075//1930 5104//1955 5103//1956
f 5076//1929 5077//1928 5105//1954
f 5076//1929 5105//1954 5104//1955
f 5077//1928 5078//1927 5106//1953
f 5077//1928 5106//1953 5105//1954
f 5078//1927 5079//1926 5107//1952
f 5078//1927 5107//1952 5106//1953
f 5079//1926 5080//4 5108//4
f 5079//1926 5108//4 5107//1952
f 5080//4 5081//1925 5109//1951
f 5080//4 5109//1951 5108//4
f 5081//1925 5082//1924 5110//1950
f 5081//1925 5110//1950 5109//1951
f 5082//1924 5083//1923 5111//1949
f 5082//1924 5111//1949 5110//1950
f 5083//1923 5084//1922 5112//1948
f 5083//1923 5112//1948 5111//1949
f 5084//1922 5085//1921 5113//1947
f 5084//1922 5113//1947 5112//1948
f 5085//1921 5086//1919 5114//1945
f 5085//1921 5114//1945 5113//1947
f 5086//1919 5087//1920 5115//1946
f 5086//1919 5115//1946 5114//1945
f 5087//1920 5088//1944 5116//1970
f 5087//1920 5116//1970 5115//1946
f 5088//1944 5089//1943 5117//1969
f 5088//1944 5117//1969 5116//1970
f 5089//1943 5090//1942 5118//1968
f 5089//1943 5118//1968 5117//1969
f 5090//1942 5091//1941 5119//1967
f 5090//1942 5119//1967 5118//1968
f 5091//1941 5092//1940 5120//1966
f 5091//1941 5120//1966 5119//1967
f 5092//1940 5093//1939 5121//1965
f 5092//1940 5121//1965 5120//1966
f 5093//1939 5094//3 5122//3
f 5093//1939 5122//3 5121//1965
f 5094//3 5095//1938 5123//1964
f 5094//3 5123//1964 5122//3
f 5095//1938 5096//1937 5124//1963
f 5095//1938 5124//1963 5123//1964
f 5096//1937 5097//1936 5125//1962
f 5096//1937 5125//1962 5124//1963
f 5097//1936 5098//1935 5126//1961
f 5097//1936 5126//1961 5125//1962
f 5098//1935 5099//1934 5127//1960
f 5098//1935 5127//1960 5126//1961
f 5099//1934 5100//1933 5128//1959
f 5099//1934 5128//1959 5127//1960
f 5100//1933 5074//1932 5102//1958
f 5100//1933 5102//1958 5128//1959
f 5102//1958 5101//1957 5129//1983
f 5102//1958 5129//1983 5130//1984
f 5101//1957 5103//1956 5131//1982
f 5101//1957 5131//1982 5129//1983
f 5103//1956 5104//1955 5132//1981
f 5103//1956 5132//1981 5131//1982
f 5104//1955 5105//1954 5133//1980
f 5104//1955 5133//1980 5132//1981
f 5105//1954 5106//1953 5134//1979
f 5105//1954 5134//1979 5133//1980
f 5106//1953 5107//1952 5135//1978
f 5106//1953 5135//1978 5134//1979
f 5107//1952 5108//4 5136//4
f 5107//1952 5136//4 5135//1978
f 5108//4 5109//1951 5137//1977
f 5108//4 5137//1977 5136//4
f 5109//1951 5110//1950 5138//1976
f 5109//1951 5138//1976 5137//1977
f 5110//1950 5111//1949 5139//1975
f 5110//1950 5139//1975 5138//1976
f 5111//1949 5112//1948 5140//1974
f 5111//1949 5140//1974 5139//1975
f 5112//1948 5113//1947 5141//1973
f 5112//1948 5141//1973 5140//1974
f 5113//1947 5114//1945 5142//1971
f 5113//1947 5142//1971 5141//1973
f 5114//1945 5115//1946 5143//1972
f 5114//1945 5143//1972 5142//1971
f 5115//1946 5116//1970 5144//1996
f 5115//1946 5144//1996 5143//1972
f 5116//1970 5117//1969 5145//1995
f 5116//1970 5145//1995 5144//1996
f 5117//1969 5118//1968 5146//1994
f 5117//1969 5146//1994 5145//1995
f 5118//1968 5119//1967 5147//1993
f 5118//1968 5147//1993 5146//1994
f 5119//1967 5120//1966 5148//1992
f 5119//1967 5148//1992 5147//1993
f 5120//1966 5121//1965 5149//1991
f 5120//1966 5149//1991 5148//1992
f 5121//1965 5122//3 5150//3
f 5121//1965 5150//3 5149//1991
f 5122//3 5123//1964 5151//1990
f 5122//3 5151//1990 5150//3
f 5123//1964 5124//1963 5152//1989
f 5123//1964 5152//1989 5151//1990
f 5124//1963 5125//1962 5153//1988
f 5124//1963 5153//1988 5152//1989
f 5125//1962 5126//1961 5154//1987
f 5125//1962 5154//1987 5153//1988
f 5126//1961 5127//1960 5155//1986
f 5126//1961 5155//1986 5154//1987
f 5127//1960 5128//1959 5156//1985
f 5127//1960 5156//1985 5155//1986
f 5128//1959 5102//1958 5130//1984
f 5128//1959 5130//1984 5156//1985
f 5130//1984 5129//1983 5157//2009
f 5130//1984 5157//2009 5158//2010
f 5129//1983 5131//1982 5159//2008
f 5129//1983 5159//2008 5157//2009
f 5131//1982 5132//1981 5160//2007
f 5131//1982 5160//2007 5159//2008
f 5132//1981 5133//1980 5161//2006
f 5132//1981 5161//2006 5160//2007
f 5133//1980 5134//1979 5162//2005
f 5133//1980 5162//2005 5161//2006
f 5134//1979 5135//1978 5163//2004
f 5134//1979 5163//2004 5162//2005
f 5135//1978 5136//4 5164//4
f 5135//1978 5164//4 5163//2004
f 5136//4 5137//1977 5165//2003
f 5136//4 5165//2003 5164//4
f 5137//1977 5138//1976 5166//2002
f 5137//1977 5166//2002 5165//2003
f 5138//1976 5139//1975 5167//2001
f 5138//1976 5167//2001 5166//2002
f 5139//1975 5140//1974 5168//2000
f 5139//1975 5168//2000 5167//2001
f 5140//1974 5141//1973 5169//1999
f 5140//1974 5169//1999 5168//2000
f 5141//1973 5142//1971 5170//1997
f 5141//1973 5170//1997 5169//1999
f 5142//1971 5143//1972 5171//1998
f 5142//1971 5171//1998 5170//1997
f 5143//1972 5144//1996 5172//2022
f 5143//1972 5172//2022 5171//1998
f 5144//1996 5145//1995 5173//2021
f 5144//1996 5173//2021 5172//2022
f 5145//1995 5146//1994 5174//2020
f 5145//1995 5174//2020 5173//2021
f 5146//1994 5147//1993 5175//2019
f 5146//1994 5175//2019 5174//2020
f 5147//1993 5148//1992 5176//2018
f 5147//1993 5176//2018 5175//2019
f 5148//1992 5149//1991 5177//2017
f 5148//1992 5177//2017 5176//2018
f 5149//1991 5150//3 5178//3
f 5149//1991 5178//3 5177//2017
f 5150//3 5151//1990 5179//2016
f 5150//3 5179//2016 5178//3
f 5151//1990 5152//1989 5180//2015
f 5151//1990 5180//2015 5179//2016
f 5152//1989 5153//1988 5181//2014
f 5152//1989 5181//2014 5180//2015
f 5153//1988 5154//1987 5182//2013
f 5153//1988 5182//2013 5181//2014
f 5154//1987 5155//1986 5183//2012
f 5154//1987 5183//2012 5182//2013
f 5155//1986 5156//1985 5184//2011
f 5155//1986 5184//2011 5183//2012
f 5156//1985 5130//1984 5158//2010
f 5156//1985 5158//2010 5184//2011
f 5158//2010 5157//2009 5185//2034
f 5158//2010 5185//2034 5186//271
f 5157//2009 5159//2008 5187//2033
f 5157//2009 5187//2033 5185//2034
f 5159//2008 5160//2007 5188//2032
f 5159//2008 5188//2032 5187//2033
f 5160//2007 5161//2006 5189//2031
f 5160//2007 5189//2031 5188//2032
f 5161//2006 5162//2005 5190//2030
f 5161//2006 5190//2030 5189//2031
f 5162//2005 5163//2004 5191//2029
f 5162//2005 5191//2029 5190//2030
f 5163//2004 5164//4 5192//4
f 5163//2004 5192//4 5191//2029
f 5164//4 5165//2003 5193//2028
f 5164//4 5193//2028 5192//4
f 5165//2003 5166//2002 5194//2027
f 5165//2003 5194//2027 5193//2028
f 5166//2002 5167//2001 5195//2026
f 5166//2002 5195//2026 5194//2027
f 5167//2001 5168//2000 5196//2025
f 5167//2001 5196//2025 5195//2026
f 5168//2000 5169//1999 5197//2024
f 5168//2000 5197//2024 5196//2025
f 5169//1999 5170//1997 5198//2023
f 5169//1999 5198//2023 5197//2024
f 5170//1997 5171//1998 5199//820
f 5170//1997 5199//820 5198//2023
f 5171//1998 5172//2022 5200//2046
f 5171//1998 5200//2046 5199//820
f 5172//2022 5173//2021 5201//2045
f 5172//2022 5201//2045 5200//2046
f 5173//2021 5174//2020 5202//2044
f 5173//2021 5202//2044 5201//2045
f 5174//2020 5175//2019 5203//2043
f 5174//2020 5203//2043 5202//2044
f 5175//2019 5176//2018 5204//2042
f 5175//2019 5204//2042 5203//2043
f 5176//2018 5177//2017 5205//2041
f 5176//2018 5205//2041 5204//2042
f 5177//2017 5178//3 5206//3
f 5177//2017 5206//3 5205//2041
f 5178//3 5179//2016 5207//2040
f 5178//3 5207//2040 5206//3
f 5179//2016 5180//2015 5208//2039
f 5179//2016 5208//2039 5207//2040
f 5180//2015 5181//2014 5209//2038
f 5180//2015 5209//2038 5208//2039
f 5181//2014 5182//2013 5210//2037
f 5181//2014 5210//2037 5209//2038
f 5182//2013 5183//2012 5211//2036
f 5182//2013 5211//2036 5210//2037
f 5183//2012 5184//2011 5212//2035
f 5183//2012 5212//2035 5211//2036
f 5184//2011 5158//2010 5186//271
f 5184//2011 5186//271 5212//2035
f 5186//271 5185//2034 5213//2059
f 5186//271 5213//2059 5214//2060
f 5185//2034 5187//2033 5215//2058
f 5185//2034 5215//2058 5213//2059
f 5187//2033 5188//2032 5216//2057
f 5187//2033 5216//2057 5215//2058
f 5188//2032 5189//2031 5217//2056
f 5188//2032 5217//2056 5216//2057
f 5189//2031 5190//2030 5218//2055
f 5189//2031 5218//2055 5217//2056
f 5190//2030 5191//2029 5219//2054
f 5190//2030 5219//2054 5218//2055
f 5191//2029 5192//4 5220//4
f 5191//2029 5220//4 5219//2054
f 5192//4 5193//2028 5221//2053
f 5192//4 5221//2053 5220//4
f 5193//2028 5194//2027 5222//2052
f 5193//2028 5222//2052 5221//2053
f 5194//2027 5195//2026 5223//2051
f 5194//2027 5223//2051 5222//2052
f 5195//2026 5196//2025 5224//2050
f 5195//2026 5224//2050 5223//2051
f 5196//2025 5197//2024 5225//2049
f 5196//2025 5225//2049 5224//2050
f 5197//2024 5198//2023 5226//2047
f 5197//2024 5226//2047 5225//2049
f 5198//2023 5199//820 5227//2048
f 5198//2023 5227//2048 5226//2047
f 5199//820 5200//2046 5228//2072
f 5199//820 5228//2072 5227//2048
f 5200//2046 5201//2045 5229//2071
f 5200//2046 5229//2071 5228//2072
f 5201//2045 5202//2044 5230//2070
f 5201//2045 5230//2070 5229//2071
f 5202//2044 5203//2043 5231//2069
f 5202//2044 5231//2069 5230//2070
f 5203//2043 5204//2042 5232//2068
f 5203//2043 5232//2068 5231//2069
f 5204//2042 5205//2041 5233//2067
f 5204//2042 5233//2067 5232//2068
f 5205//2041 5206//3 5234//3
f 5205//2041 5234//3 5233//2067
f 5206//3 5207//2040 5235//2066
f 5206//3 5235//2066 5234//3
f 5207//2040 5208//2039 5236//2065
f 5207//2040 5236//2065 5235//2066
f 5208//2039 5209//2038 5237//2064
f 5208//2039 5237//2064 5236//2065
f 5209//2038 5210//2037 5238//2063
f 5209//2038 5238//2063 5237//2064
f 5210//2037 5211//2036 5239//2062
f 5210//2037 5239//2062 5238//2063
f 5211//2036 5212//2035 5240//2061
f 5211//2036 5240//2061 5239//2062
f 5212//2035 5186//271 5214//2060
f 5212//2035 5214//2060 5240//2061
f 5214//2060 5213//2059 5241//2085
f 5214//2060 5241//2085 5242//2086
f 5213//2059 5215//2058 5243//2084
f 5213//2059 5243//2084 5241//2085
f 5215//2058 5216//2057 5244//2083
f 5215//2058 5244//2083 5243//2084
f 5216//2057 5217//2056 5245//2082
f 5216//2057 5245//2082 5244//2083
f 5217//2056 5218//2055 5246//2081
f 5217//2056 5246//2081 5245//2082
f 5218//2055 5219//2054 5247//2080
f 5218//2055 5247//2080 5246//2081
f 5219//2054 5220//4 5248//4
f 5219//2054 5248//4 5247//2080
f 5220//4 5221//2053 5249//2079
f 5220//4 5249//2079 5248//4
f 5221//2053 5222//2052 5250//2078
f 5221//2053 5250//2078 5249//2079
f 5222//2052 5223//2051 5251//2077
f 5222//2052 5251//2077 5250//2078
f 5223//2051 5224//2050 5252//2076
f 5223//2051 5252//2076 5251//2077
f 5224//2050 5225//2049 5253//2075
f 5224//2050 5253//2075 5252//2076
f 5225//2049 5226//2047 5254//2073
f 5225//2049 5254//2073 5253//2075
f 5226//2047 5227//2048 5255//2074
f 5226//2047 5255//2074 5254//2073
f 5227//2048 5228//2072 5256//2098
f 5227//2048 5256//2098 5255//2074
f 5228//2072 5229//2071 5257//2097
f 5228//2072 5257//2097 5256//2098
f 5229//2071 5230//2070 5258//2096
f 5229//2071 5258//2096 5257//2097
f 5230//2070 5231//2069 5259//2095
f 5230//2070 5259//2095 5258//2096
f 5231//2069 5232//2068 5260//2094
f 5231//2069 5260//2094 5259//2095
f 5232//2068 5233//2067 5261//2093
f 5232//2068 5261//2093 5260//2094
f 5233//2067 5234//3 5262//3
f 5233//2067 5262//3 5261//2093
f 5234//3 5235//2066 5263//2092
f 5234//3 5263//2092 5262//3
f 5235//2066 5236//2065 5264//2091
f 5235//2066 5264//2091 5263//2092
f 5236//2065 5237//2064 5265//2090
f 5236//2065 5265//2090 5264//2091
f 5237//2064 5238//2063 5266//2089
f 5237//2064 5266//2089 5265//2090
f 5238//2063 5239//2062 5267//2088
f 5238//2063 5267//2088 5266//2089
f 5239//2062 5240//2061 5268//2087
f 5239//2062 5268//2087 5267//2088
f 5240//2061 5214//2060 5242//2086
f 5240//2061 5242//2086 5268//2087
f 5242//2086 5241//2085 5269//2111
f 5242//2086 5269//2111 5270//2112
f 5241//2085 5243//2084 5271//2110
f 5241//2085 5271//2110 5269//2111
f 5243//2084 5244//2083 5272//2109
f 5243//2084 5272//2109 5271//2110
f 5244//2083 5245//2082 5273//2108
f 5244//2083 5273//2108 5272//2109
f 5245//2082 5246//2081 5274//2107
f 5245//2082 5274//2107 5273//2108
f 5246//2081 5247//2080 5275//2106
f 5246//2081 5275//2106 5274//2107
f 5247//2080 5248//4 5276//4
f 5247//2080 5276//4 5275//2106
f 5248//4 5249//2079 5277//2105
f 5248//4 5277//2105 5276//4
f 5249//2079 5250//2078 5278//2104
f 5249//2079 5278//2104 5277//2105
f 5250//2078 5251//2077 5279//2103
f 5250//2078 5279//2103 5278//2104
f 5251//2077 5252//2076 5280//2102
f 5251//2077 5280//2102 5279//2103
f 5252//2076 5253//2075 5281//2101
f 5252//2076 5281//2101 5280//2102
f 5253//2075 5254//2073 5282//2099
f 5253//2075 5282//2099 5281//2101
f 5254//2073 5255//2074 5283//2100
f 5254//2073 5283//2100 5282//2099
f 5255//2074 5256//2098 5284//2124
f 5255//2074 5284//2124 5283//2100
f 5256//2098 5257//2097 5285//2123
f 5256//2098 5285//2123 5284//2124
f 5257//2097 5258//2096 5286//2122
f 5257//2097 5286//2122 5285//2123
f 5258//2096 5259//2095 5287//2121
f 5258//2096 5287//2121 5286//2122
f 5259//2095 5260//2094 5288//2120
f 5259//2095 5288//2120 5287//2121
f 5260//2094 5261//2093 5289//2119
f 5260//2094 5289//2119 5288//2120
f 5261//2093 5262//3 5290//3
f 5261//2093 5290//3 5289//2119
f 5262//3 5263//2092 5291//2118
f 5262//3 5291//2118 5290//3
f 5263//2092 5264//2091 5292//2117
f 5263//2092 5292//2117 5291//2118
f 5264//2091 5265//2090 5293//2116
f 5264//2091 5293//2116 5292//2117
f 5265//2090 5266//2089 5294//2115
f 5265//2090 5294//2115 5293//2116
f 5266//2089 5267//2088 5295//2114
f 5266//2089 5295//2114 5294//2115
f 5267//2088 5268//2087 5296//2113
f 5267//2088 5296//2113 5295//2114
f 5268//2087 5242//2086 5270//2112
f 5268//2087 5270//2112 5296//2113
f 5270//2112 5269//2111 5297//2137
f 5270//2112 5297//2137 5298//2138
f 5269//2111 5271//2110 5299//2136
f 5269//2111 5299//2136 5297//2137
f 5271//2110 5272//2109 5300//2135
f 5271//2110 5300//2135 5299//2136
f 5272//2109 5273//2108 5301//2134
f 5272//2109 5301//2134 5300//2135
f 5273//2108 5274//2107 5302//2133
f 5273//2108 5302//2133 5301//2134
f 5274//2107 5275//2106 5303//2132
f 5274//2107 5303//2132 5302//2133
f 5275//2106 5276//4 5304//4
f 5275//2106 5304//4 5303//2132
f 5276//4 5277//2105 5305//2131
f 5276//4 5305//2131 5304//4
f 5277//2105 5278//2104 5306//2130
f 5277//2105 5306//2130 5305//2131
f 5278//2104 5279//2103 5307//2129
f 5278//2104 5307//2129 5306//2130
f 5279//2103 5280//2102 5308//2128
f 5279//2103 5308//2128 5307//2129
f 5280//2102 5281//2101 5309//2127
f 5280//2102 5309//2127 5308//2128
f 5281//2101 5282//2099 5310//2125
f 5281//2101 5310//2125 5309//2127
f 5282//2099 5283//2100 5311//2126
f 5282//2099 5311//2126 5310//2125
f 5283//2100 5284//2124 5312//2150
f 5283//2100 5312//2150 5311//2126
f 5284//2124 5285//2123 5313//2149
f 5284//2124 5313//2149 5312//2150
f 5285//2123 5286//2122 5314//2148
f 5285//2123 5314//2148 5313//2149
f 5286//2122 5287//2121 5315//2147
f 5286//2122 5315//2147 5314//2148
f 5287//2121 5288//2120 5316//2146
f 5287//2121 5316//2146 5315//2147
f 5288//2120 5289//2119 5317//2145
f 5288//2120 5317//2145 5316//2146
f 5289//2119 5290//3 5318//3
f 5289//2119 5318//3 5317//2145
f 5290//3 5291//2118 5319//2144
f 5290//3 5319//2144 5318//3
f 5291//2118 5292//2117 5320//2143
f 5291//2118 5320//2143 5319//2144
f 5292//2117 5293//2116 5321//2142
f 5292//2117 5321//2142 5320//2143
f 5293//2116 5294//2115 5322//2141
f 5293//2116 5322//2141 5321//2142
f 5294//2115 5295//2114 5323//2140
f 5294//2115 5323//2140 5322//2141
f 5295//2114 5296//2113 5324//2139
f 5295//2114 5324//2139 5323//2140
f 5296//2113 5270//2112 5298//2138
f 5296//2113 5298//2138 5324//2139
f 5298//2138 5297//2137 5325//2163
f 5298//2138 5325//2163 5326//2164
f 5297//2137 5299//2136 5327//2162
f 5297//2137 5327//2162 5325//2163
f 5299//2136 5300//2135 5328//2161
f 5299//2136 5328//2161 5327//2162
f 5300//2135 5301//2134 5329//2160
f 5300//2135 5329//2160 5328//2161
f 5301//2134 5302//2133 5330//2159
f 5301//2134 5330//2159 5329//2160
f 5302//2133 5303//2132 5331//2158
f 5302//2133 5331//2158 5330//2159
f 5303//2132 5304//4 5332//4
f 5303//2132 5332//4 5331//2158
f 5304//4 5305//2131 5333//2157
f 5304//4 5333//2157 5332//4
f 5305//2131 5306//2130 5334//2156
f 5305//2131 5334//2156 5333//2157
f 5306//2130 5307//2129 5335//2155
f 5306//2130 5335//2155 5334//2156
f 5307//2129 5308//2128 5336//2154
f 5307//2129 5336//2154 5335//2155
f 5308//2128 5309//2127 5337//2153
f 5308//2128 5337//2153 5336//2154
f 5309//2127 5310//2125 5338//2151
f 5309//2127 5338//2151 5337//2153
f 5310//2125 5311//2126 5339//2152
f 5310//2125 5339//2152 5338//2151
f 5311//2126 5312//2150 5340//2176
f 5311//2126 5340//2176 5339//2152
f 5312//2150 5313//2149 5341//2175
f 5312//2150 5341//2175 5340//2176
f 5313//2149 5314//2148 5342//2174
f 5313//2149 5342//2174 5341//2175
f 5314//2148 5315//2147 5343//2173
f 5314//2148 5343//2173 5342//2174
f 5315//2147 5316//2146 5344//2172
f 5315//2147 5344//2172 5343//2173
f 5316//2146 5317//2145 5345//2171
f 5316//2146 5345//2171 5344//2172
f 5317//2145 5318//3 5346//3
f 5317//2145 5346//3 5345//2171
f 5318//3 5319//2144 5347//2170
f 5318//3 5347//2170 5346//3
f 5319//2144 5320//2143 5348//2169
f 5319//2144 5348//2169 5347//2170
f 5320//2143 5321//2142 5349//2168
f 5320//2143 5349//2168 5348//2169
f 5321//2142 5322//2141 5350//2167
f 5321//2142 5350//2167 5349//2168
f 5322//2141 5323//2140 5351//2166
f 5322//2141 5351//2166 5350//2167
f 5323//2140 5324//2139 5352//2165
f 5323//2140 5352//2165 5351//2166
f 5324//2139 5298//2138 5326//2164
f 5324//2139 5326//2164 5352//2165
f 5326//2164 5325//2163 5353//2189
f 5326//2164 5353//2189 5354//2190
f 5325//2163 5327//2162 5355//2188
f 5325//2163 5355//2188 5353//2189
f 5327//2162 5328//2161 5356//2187
f 5327//2162 5356//2187 5355//2188
f 5328//2161 5329//2160 5357//2186
f 5328//2161 5357//2186 5356//2187
f 5329//2160 5330//2159 5358//2185
f 5329//2160 5358//2185 5357//2186
f 5330//2159 5331//2158 5359//2184
f 5330//2159 5359//2184 5358//2185
f 5331//2158 5332//4 5360//4
f 5331//2158 5360//4 5359//2184
f 5332//4 5333//2157 5361//2183
f 5332//4 5361//2183 5360//4
f 5333//2157 5334//2156 5362//2182
f 5333//2157 5362//2182 5361//2183
f 5334//2156 5335//2155 5363//2181
f 5334//2156 5363//2181 5362//2182
f 5335//2155 5336//2154 5364//2180
f 5335//2155 5364//2180 5363//2181
f 5336//2154 5337//2153 5365//2179
f 5336//2154 5365//2179 5364//2180
f 5337//2153 5338//2151 5366//2177
f 5337//2153 5366//2177 5365//2179
f 5338//2151 5339//2152 5367//2178
f 5338//2151 5367//2178 5366//2177
f 5339//2152 5340//2176 5368//2202
f 5339//2152 5368//2202 5367//2178
f 5340//2176 5341//2175 5369//2201
f 5340//2176 5369//2201 5368//2202
f 5341//2175 5342//2174 5370//2200
f 5341//2175 5370//2200 5369//2201
f 5342//2174 5343//2173 5371//2199
f 5342//2174 5371//2199 5370//2200
f 5343//2173 5344//2172 5372//2198
f 5343//2173 5372//2198 5371//2199
f 5344//2172 5345//2171 5373//2197
f 5344//2172 5373//2197 5372//2198
f 5345//2171 5346//3 5374//3
f 5345//2171 5374//3 5373//2197
f 5346//3 5347//2170 5375//2196
f 5346//3 5375//2196 5374//3
f 5347//2170 5348//2169 5376//2195
f 5347//2170 5376//2195 5375//2196
f 5348//2169 5349//2168 5377//2194
f 5348//2169 5377//2194 5376//2195
f 5349//2168 5350//2167 5378//2193
f 5349//2168 5378//2193 5377//2194
f 5350//2167 5351//2166 5379//2192
f 5350//2167 5379//2192 5378//2193
f 5351//2166 5352//2165 5380//2191
f 5351//2166 5380//2191 5379//2192
f 5352//2165 5326//2164 5354//2190
f 5352//2165 5354//2190 5380//2191
f 5354//2190 5353//2189 5381//2214
f 5354//2190 5381//2214 5382//1
f 5353//2189 5355//2188 5383//2213
f 5353//2189 5383//2213 5381//2214
f 5355//2188 5356//2187 5384//2212
f 5355//2188 5384//2212 5383//2213
f 5356//2187 5357//2186 5385//2211
f 5356//2187 5385//2211 5384//2212
f 5357//2186 5358//2185 5386//2210
f 5357//2186 5386//2210 5385//2211
f 5358//2185 5359//2184 5387//2209
f 5358//2185 5387//2209 5386//2210
f 5359//2184 5360//4 5388//4
f 5359//2184 5388//4 5387//2209
f 5360//4 5361//2183 5389//2208
f 5360//4 5389//2208 5388//4
f 5361//2183 5362//2182 5390//2207
f 5361//2183 5390//2207 5389//2208
f 5362//2182 5363//2181 5391//2206
f 5362//2182 5391//2206 5390//2207
f 5363//2181 5364//2180 5392//2205
f 5363//2181 5392//2205 5391//2206
f 5364//2180 5365//2179 5393//2204
f 5364//2180 5393//2204 5392//2205
f 5365//2179 5366//2177 5394//2203
f 5365//2179 5394//2203 5393//2204
f 5366//2177 5367//2178 5395//2
f 5366//2177 5395//2 5394//2203
f 5367//2178 5368//2202 5396//2226
f 5367//2178 5396//2226 5395//2
f 5368//2202 5369//2201 5397//2225
f 5368//2202 5397//2225 5396//2226
f 5369//2201 5370//2200 5398//2224
f 5369//2201 5398//2224 5397//2225
f 5370//2200 5371//2199 5399//2223
f 5370//2200 5399//2223 5398//2224
f 5371//2199 5372//2198 5400//2222
f 5371//2199 5400//2222 5399//2223
f 5372//2198 5373//2197 5401//2221
f 5372//2198 5401//2221 5400//2222
f 5373//2197 5374//3 5402//3
f 5373//2197 5402//3 5401//2221
f 5374//3 5375//2196 5403//2220
f 5374//3 5403//2220 5402//3
f 5375//2196 5376//2195 5404//2219
f 5375//2196 5404//2219 5403//2220
f 5376//2195 5377//2194 5405//2218
f 5376//2195 5405//2218 5404//2219
f 5377//2194 5378//2193 5406//2217
f 5377//2194 5406//2217 5405//2218
f 5378//2193 5379//2192 5407//2216
f 5378//2193 5407//2216 5406//2217
f 5379//2192 5380//2191 5408//2215
f 5379//2192 5408//2215 5407//2216
f 5380//2191 5354//2190 5382//1
f 5380//2191 5382//1 5408//2215
f 5382//1 5381//2214 5409//2239
f 5382//1 5409//2239 5410//2240
f 5381//2214 5383//2213 5411//2238
f 5381//2214 5411//2238 5409//2239
f 5383//2213 5384//2212 5412//2237
f 5383//2213 5412//2237 5411//2238
f 5384//2212 5385//2211 5413//2236
f 5384//2212 5413//2236 5412//2237
f 5385//2211 5386//2210 5414//2235
f 5385//2211 5414//2235 5413//2236
f 5386//2210 5387//2209 5415//2234
f 5386//2210 5415//2234 5414//2235
f 5387//2209 5388//4 5416//4
f 5387//2209 5416//4 5415//2234
f 5388//4 5389//2208 5417//2233
f 5388//4 5417//2233 5416//4
f 5389//2208 5390//2207 5418//2232
f 5389//2208 5418//2232 5417//2233
f 5390//2207 5391//2206 5419//2231
f 5390//2207 5419//2231 5418//2232
f 5391//2206 5392//2205 5420//2230
f 5391//2206 5420//2230 5419//2231
f 5392//2205 5393//2204 5421//2229
f 5392//2205 5421//2229 5420//2230
f 5393//2204 5394//2203 5422//2227
f 5393//2204 5422//2227 5421//2229
f 5394//2203 5395//2 5423//2228
f 5394//2203 5423//2228 5422//2227
f 5395//2 5396//2226 5424//2252
f 5395//2 5424//2252 5423//2228
f 5396//2226 5397//2225 5425//2251
f 5396//2226 5425//2251 5424//2252
f 5397//2225 5398//2224 5426//2250
f 5397//2225 5426//2250 5425//2251
f 5398//2224 5399//2223 5427//2249
f 5398//2224 5427//2249 5426//2250
f 5399//2223 5400//2222 5428//2248
f 5399//2223 5428//2248 5427//2249
f 5400//2222 5401//2221 5429//2247
f 5400//2222 5429//2247 5428//2248
f 5401//2221 5402//3 5430//3
f 5401//2221 5430//3 5429//2247
f 5402//3 5403//2220 5431//2246
f 5402//3 5431//2246 5430//3
f 5403//2220 5404//2219 5432//2245
f 5403//2220 5432//2245 5431//2246
f 5404//2219 5405//2218 5433//2244
f 5404//2219 5433//2244 5432//2245
f 5405//2218 5406//2217 5434//2243
f 5405//2218 5434//2243 5433//2244
f 5406//2217 5407//2216 5435//2242
f 5406//2217 5435//2242 5434//2243
f 5407//2216 5408//2215 5436//2241
f 5407//2216 5436//2241 5435//2242
f 5408//2215 5382//1 5410//2240
f 5408//2215 5410//2240 5436//2241
f 5410//2240 5409//2239 5437//2265
f 5410//2240 5437//2265 5438//2266
f 5409//2239 5411//2238 5439//2264
f 5409//2239 5439//2264 5437//2265
f 5411//2238 5412//2237 5440//2263
f 5411//2238 5440//2263 5439//2264
f 5412//2237 5413//2236 5441//2262
f 5412//2237 5441//2262 5440//2263
f 5413//2236 5414//2235 5442//2261
f 5413//2236 5442//2261 5441//2262
f 5414//2235 5415//2234 5443//2260
f 5414//2235 5443//2260 5442//2261
f 5415//2234 5416//4 5444//4
f 5415//2234 5444//4 5443//2260
f 5416//4 5417//2233 5445//2259
f 5416//4 5445//2259 5444//4
f 5417//2233 5418//2232 5446//2258
f 5417//2233 5446//2258 5445//2259
f 5418//2232 5419//2231 5447//2257
f 5418//2232 5447//2257 5446//2258
f 5419//2231 5420//2230 5448//2256
f 5419//2231 5448//2256 5447//2257
f 5420//2230 5421//2229 5449//2255
f 5420//2230 5449//2255 5448//2256
f 5421//2229 5422//2227 5450//2253
f 5421//2229 5450//2253 5449//2255
f 5422//2227 5423//2228 5451//2254
f 5422//2227 5451//2254 5450//2253
f 5423//2228 5424//2252 5452//2278
f 5423//2228 5452//2278 5451//2254
f 5424//2252 5425//2251 5453//2277
f 5424//2252 5453//2277 5452//2278
f 5425//2251 5426//2250 5454//2276
f 5425//2251 5454//2276 5453//2277
f 5426//2250 5427//2249 5455//2275
f 5426//2250 5455//2275 5454//2276
f 5427//2249 5428//2248 5456//2274
f 5427//2249 5456//2274 5455//2275
f 5428//2248 5429//2247 5457//2273
f 5428//2248 5457//2273 5456//2274
f 5429//2247 5430//3 5458//3
f 5429//2247 5458//3 5457//2273
f 5430//3 5431//2246 5459//2272
f 5430//3 5459//2272 5458//3
f 5431//2246 5432//2245 5460//2271
f 5431//2246 5460//2271 5459//2272
f 5432//2245 5433//2244 5461//2270
f 5432//2245 5461//2270 5460//2271
f 5433//2244 5434//2243 5462//2269
f 5433//2244 5462//2269 5461//2270
f 5434//2243 5435//2242 5463//2268
f 5434//2243 5463//2268 5462//2269
f 5435//2242 5436//2241 5464//2267
f 5435//2242 5464//2267 5463//2268
f 5436//2241 5410//2240 5438//2266
f 5436//2241 5438//2266 5464//2267
f 5438//2266 5437//2265 5465//2291
f 5438//2266 5465//2291 5466//2292
f 5437//2265 5439//2264 5467//2290
f 5437//2265 5467//2290 5465//2291
f 5439//2264 5440//2263 5468//2289
f 5439//2264 5468//2289 5467//2290
f 5440//2263 5441//2262 5469//2288
f 5440//2263 5469//2288 5468//2289
f 5441//2262 5442//2261 5470//2287
f 5441//2262 5470//2287 5469//2288
f 5442//2261 5443//2260 5471//2286
f 5442//2261 5471//2286 5470//2287
f 5443//2260 5444//4 5472//4
f 5443//2260 5472//4 5471//2286
f 5444//4 5445//2259 5473//2285
f 5444//4 5473//2285 5472//4
f 5445//2259 5446//2258 5474//2284
f 5445//2259 5474//2284 5473//2285
f 5446//2258 5447//2257 5475//2283
f 5446//2258 5475//2283 5474//2284
f 5447//2257 5448//2256 5476//2282
f 5447//2257 5476//2282 5475//2283
f 5448//2256 5449//2255 5477//2281
f 5448//2256 5477//2281 5476//2282
f 5449//2255 5450//2253 5478//2279
f 5449//2255 5478//2279 5477//2281
f 5450//2253 5451//2254 5479//2280
f 5450//2253 5479//2280 5478//2279
f 5451//2254 5452//2278 5480//2304
f 5451//2254 5480//2304 5479//2280
f 5452//2278 5453//2277 5481//2303
f 5452//2278 5481//2303 5480//2304
f 5453//2277 5454//2276 5482//2302
f 5453//2277 5482//2302 5481//2303
f 5454//2276 5455//2275 5483//2301
f 5454//2276 5483//2301 5482//2302
f 5455//2275 5456//2274 5484//2300
f 5455//2275 5484//2300 5483//2301
f 5456//2274 5457//2273 5485//2299
f 5456//2274 5485//2299 5484//2300
f 5457//2273 5458//3 5486//3
f 5457//2273 5486//3 5485//2299
f 5458//3 5459//2272 5487//2298
f 5458//3 5487//2298 5486//3
f 5459//2272 5460//2271 5488//2297
f 5459//2272 5488//2297 5487//2298
f 5460//2271 5461//2270 5489//2296
f 5460//2271 5489//2296 5488//2297
f 5461//2270 5462//2269 5490//2295
f 5461//2270 5490//2295 5489//2296
f 5462//2269 5463//2268 5491//2294
f 5462//2269 5491//2294 5490//2295
f 5463//2268 5464//2267 5492//2293
f 5463//2268 5492//2293 5491//2294
f 5464//2267 5438//2266 5466//2292
f 5464//2267 5466//2292 5492//2293
f 5466//2292 5465//2291 5493//2317
f 5466//2292 5493//2317 5494//2318
f 5465//2291 5467//2290 5495//2316
f 5465//2291 5495//2316 5493//2317
f 5467//2290 5468//2289 5496//2315
f 5467//2290 5496//2315 5495//2316
f 5468//2289 5469//2288 5497//2314
f 5468//2289 5497//2314 5496//2315
f 5469//2288 5470//2287 5498//2313
f 5469//2288 5498//2313 5497//2314
f 5470//2287 5471//2286 5499//2312
f 5470//2287 5499//2312 5498//2313
f 5471//2286 5472//4 5500//4
f 5471//2286 5500//4 5499//2312
f 5472//4 5473//2285 5501//2311
f 5472//4 5501//2311 5500//4
f 5473//2285 5474//2284 5502//2310
f 5473//2285 5502//2310 5501//2311
f 5474//2284 5475//2283 5503//2309
f 5474//2284 5503//2309 5502//2310
f 5475//2283 5476//2282 5504//2308
f 5475//2283 5504//2308 5503//2309
f 5476//2282 5477//2281 5505//2307
f 5476//2282 5505//2307 5504//2308
f 5477//2281 5478//2279 5506//2305
f 5477//2281 5506//2305 5505//2307
f 5478//2279 5479//2280 5507//2306
f 5478//2279 5507//2306 5506//2305
f 5479//2280 5480//2304 5508//2330
f 5479//2280 5508//2330 5507//2306
f 5480//2304 5481//2303 5509//2329
f 5480//2304 5509//2329 5508//2330
f 5481//2303 5482//2302 5510//2328
f 5481//2303 5510//2328 5509//2329
f 5482//2302 5483//2301 5511//2327
f 5482//2302 5511//2327 5510//2328
f 5483//2301 5484//2300 5512//2326
f 5483//2301 5512//2326 5511//2327
f 5484//2300 5485//2299 5513//2325
f 5484//2300 5513//2325 5512//2326
f 5485//2299 5486//3 5514//3
f 5485//2299 5514//3 5513//2325
f 5486//3 5487//2298 5515//2324
f 5486//3 5515//2324 5514//3
f 5487//2298 5488//2297 5516//2323
f 5487//2298 5516//2323 5515//2324
f 5488//2297 5489//2296 5517//2322
f 5488//2297 5517//2322 5516//2323
f 5489//2296 5490//2295 5518//2321
f 5489//2296 5518//2321 5517//2322
f 5490//2295 5491//2294 5519//2320
f 5490//2295 5519//2320 5518//2321
f 5491//2294 5492//2293 5520//2319
f 5491//2294 5520//2319 5519//2320
f 5492//2293 5466//2292 5494//2318
f 5492//2293 5494//2318 5520//2319
f 5494//2318 5493//2317 5521//2343
f 5494//2318 5521//2343 5522//2344
f 5493//2317 5495//2316 5523//2342
f 5493//2317 5523//2342 5521//2343
f 5495//2316 5496//2315 5524//2341
f 5495//2316 5524//2341 5523//2342
f 5496//2315 5497//2314 5525//2340
f 5496//2315 5525//2340 5524//2341
f 5497//2314 5498//2313 5526//2339
f 5497//2314 5526//2339 5525//2340
f 5498//2313 5499//2312 5527//2338
f 5498//2313 5527//2338 5526//2339
f 5499//2312 5500//4 5528//4
f 5499//2312 5528//4 5527//2338
f 5500//4 5501//2311 5529//2337
f 5500//4 5529//2337 5528//4
f 5501//2311 5502//2310 5530//2336
f 5501//2311 5530//2336 5529//2337
f 5502//2310 5503//2309 5531//2335
f 5502//2310 5531//2335 5530//2336
f 5503//2309 5504//2308 5532//2334
f 5503//2309 5532//2334 5531//2335
f 5504//2308 5505//2307 5533//2333
f 5504//2308 5533//2333 5532//2334
f 5505//2307 5506//2305 5534//2331
f 5505//2307 5534//2331 5533//2333
f 5506//2305 5507//2306 5535//2332
f 5506//2305 5535//2332 5534//2331
f 5507//2306 5508//2330 5536//2356
f 5507//2306 5536//2356 5535//2332
f 5508//2330 5509//2329 5537//2355
f 5508//2330 5537//2355 5536//2356
f 5509//2329 5510//2328 5538//2354
f 5509//2329 5538//2354 5537//2355
f 5510//2328 5511//2327 5539//2353
f 5510//2328 5539//2353 5538//2354
f 5511//2327 5512//2326 5540//2352
f 5511//2327 5540//2352 5539//2353
f 5512//2326 5513//2325 5541//2351
f 5512//2326 5541//2351 5540//2352
f 5513//2325 5514//3 5542//3
f 5513//2325 5542//3 5541//2351
f 5514//3 5515//2324 5543//2350
f 5514//3 5543//2350 5542//3
f 5515//2324 5516//2323 5544//2349
f 5515//2324 5544//2349 5543//2350
f 5516//2323 5517//2322 5545//2348
f 5516//2323 5545//2348 5544//2349
f 5517//2322 5518//2321 5546//2347
f 5517//2322 5546//2347 5545//2348
f 5518//2321 5519//2320 5547//2346
f 5518//2321 5547//2346 5546//2347
f 5519//2320 5520//2319 5548//2345
f 5519//2320 5548//2345 5547//2346
f 5520//2319 5494//2318 5522//2344
f 5520//2319 5522//2344 5548//2345
f 5522//2344 5521//2343 5549//2369
f 5522//2344 5549//2369 5550//2370
f 5521//2343 5523//2342 5551//2368
f 5521//2343 5551//2368 5549//2369
f 5523//2342 5524//2341 5552//2367
f 5523//2342 5552//2367 5551//2368
f 5524//2341 5525//2340 5553//2366
f 5524//2341 5553//2366 5552//2367
f 5525//2340 5526//2339 5554//2365
f 5525//2340 5554//2365 5553//2366
f 5526//2339 5527//2338 5555//2364
f 5526//2339 5555//2364 5554//2365
f 5527//2338 5528//4 5556//4
f 5527//2338 5556//4 5555//2364
f 5528//4 5529//2337 5557//2363
f 5528//4 5557//2363 5556//4
f 5529//2337 5530//2336 5558//2362
f 5529//2337 5558//2362 5557//2363
f 5530//2336 5531//2335 5559//2361
f 5530//2336 5559//2361 5558//2362
f 5531//2335 5532//2334 5560//2360
f 5531//2335 5560//2360 5559//2361
f 5532//2334 5533//2333 5561//2359
f 5532//2334 5561//2359 5560//2360
f 5533//2333 5534//2331 5562//2357
f 5533//2333 5562//2357 5561//2359
f 5534//2331 5535//2332 5563//2358
f 5534//2331 5563//2358 5562//2357
f 5535//2332 5536//2356 5564//2382
f 5535//2332 5564//2382 5563//2358
f 5536//2356 5537//2355 5565//2381
f 5536//2356 5565//2381 5564//2382
f 5537//2355 5538//2354 5566//2380
f 5537//2355 5566//2380 5565//2381
f 5538//2354 5539//2353 5567//2379
f 5538//2354 5567//2379 5566//2380
f 5539//2353 5540//2352 5568//2378
f 5539//2353 5568//2378 5567//2379
f 5540//2352 5541//2351 5569//2377
f 5540//2352 5569//2377 5568//2378
f 5541//2351 5542//3 5570//3
f 5541//2351 5570//3 5569//2377
f 5542//3 5543//2350 5571//2376
f 5542//3 5571//2376 5570//3
f 5543//2350 5544//2349 5572//2375
f 5543//2350 5572//2375 5571//2376
f 5544//2349 5545//2348 5573//2374
f 5544//2349 5573//2374 5572//2375
f 5545//2348 5546//2347 5574//2373
f 5545//2348 5574//2373 5573//2374
f 5546//2347 5547//2346 5575//2372
f 5546//2347 5575//2372 5574//2373
f 5547//2346 5548//2345 5576//2371
f 5547//2346 5576//2371 5575//2372
f 5548//2345 5522//2344 5550//2370
f 5548//2345 5550//2370 5576//2371
f 5550//2370 5549//2369 5577//2394
f 5550//2370 5577//2394 5578//248
f 5549//2369 5551//2368 5579//2393
f 5549//2369 5579//2393 5577//2394
f 5551//2368 5552//2367 5580//2392
f 5551//2368 5580//2392 5579//2393
f 5552//2367 5553//2366 5581//2391
f 5552//2367 5581//2391 5580//2392
f 5553//2366 5554//2365 5582//2390
f 5553//2366 5582//2390 5581//2391
f 5554//2365 5555//2364 5583//2389
f 5554//2365 5583//2389 5582//2390
f 5555//2364 5556//4 5584//4
f 5555//2364 5584//4 5583//2389
f 5556//4 5557//2363 5585//2388
f 5556//4 5585//2388 5584//4
f 5557//2363 5558//2362 5586//2387
f 5557//2363 5586//2387 5585//2388
f 5558//2362 5559//2361 5587//2386
f 5558//2362 5587//2386 5586//2387
f 5559//2361 5560//2360 5588//2385
f 5559//2361 5588//2385 5587//2386
f 5560//2360 5561//2359 5589//2384
f 5560//2360 5589//2384 5588//2385
f 5561//2359 5562//2357 5590//2383
f 5561//2359 5590//2383 5589//2384
f 5562//2357 5563//2358 5591//843
f 5562//2357 5591//843 5590//2383
f 5563//2358 5564//2382 5592//2406
f 5563//2358 5592//2406 5591//843
f 5564//2382 5565//2381 5593//2405
f 5564//2382 5593//2405 5592//2406
f 5565//2381 5566//2380 5594//2404
f 5565//2381 5594//2404 5593//2405
f 5566//2380 5567//2379 5595//2403
f 5566//2380 5595//2403 5594//2404
f 5567//2379 5568//2378 5596//2402
f 5567//2379 5596//2402 5595//2403
f 5568//2378 5569//2377 5597//2401
f 5568//2378 5597//2401 5596//2402
f 5569//2377 5570//3 5598//3
f 5569//2377 5598//3 5597//2401
f 5570//3 5571//2376 5599//2400
f 5570//3 5599//2400 5598//3
f 5571//2376 5572//2375 5600//2399
f 5571//2376 5600//2399 5599//2400
f 5572//2375 5573//2374 5601//2398
f 5572//2375 5601//2398 5600//2399
f 5573//2374 5574//2373 5602//2397
f 5573//2374 5602//2397 5601//2398
f 5574//2373 5575//2372 5603//2396
f 5574//2373 5603//2396 5602//2397
f 5575//2372 5576//2371 5604//2395
f 5575//2372 5604//2395 5603//2396
f 5576//2371 5550//2370 5578//248
f 5576//2371 5578//248 5604//2395
f 5578//248 5577//2394 5605//2419
f 5578//248 5605//2419 5606//2420
f 5577//2394 5579//2393 5607//2418
f 5577//2394 5607//2418 5605//2419
f 5579//2393 5580//2392 5608//2417
f 5579//2393 5608//2417 5607//2418
f 5580//2392 5581//2391 5609//2416
f 5580//2392 5609//2416 5608//2417
f 5581//2391 5582//2390 5610//2415
f 5581//2391 5610//2415 5609//2416
f 5582//2390 5583//2389 5611//2414
f 5582//2390 5611//2414 5610//2415
f 5583//2389 5584//4 5612//4
f 5583//2389 5612//4 5611//2414
f 5584//4 5585//2388 5613//2413
f 5584//4 5613//2413 5612//4
f 5585//2388 5586//2387 5614//2412
f 5585//2388 5614//2412 5613//2413
f 5586//2387 5587//2386 5615//2411
f 5586//2387 5615//2411 5614//2412
f 5587//2386 5588//2385 5616//2410
f 5587//2386 5616//2410 5615//2411
f 5588//2385 5589//2384 5617//2409
f 5588//2385 5617//2409 5616//2410
f 5589//2384 5590//2383 5618//2407
f 5589//2384 5618//2407 5617//2409
f 5590//2383 5591//843 5619//2408
f 5590//2383 5619//2408 5618//2407
f 5591//843 5592//2406 5620//2432
f 5591//843 5620//2432 5619//2408
f 5592//2406 5593//2405 5621//2431
f 5592//2406 5621//2431 5620//2432
f 5593//2405 5594//2404 5622//2430
f 5593//2405 5622//2430 5621//2431
f 5594//2404 5595//2403 5623//2429
f 5594//2404 5623//2429 5622//2430
f 5595//2403 5596//2402 5624//2428
f 5595//2403 5624//2428 5623//2429
f 5596//2402 5597//2401 5625//2427
f 5596//2402 5625//2427 5624//2428
f 5597//2401 5598//3 5626//3
f 5597//2401 5626//3 5625//2427
f 5598//3 5599//2400 5627//2426
f 5598//3 5627//2426 5626//3
f 5599//2400 5600//2399 5628//2425
f 5599//2400 5628//2425 5627//2426
f 5600//2399 5601//2398 5629//2424
f 5600//2399 5629//2424 5628//2425
f 5601//2398 5602//2397 5630//2423
f 5601//2398 5630//2423 5629//2424
f 5602//2397 5603//2396 5631//2422
f 5602//2397 5631//2422 5630//2423
f 5603//2396 5604//2395 5632//2421
f 5603//2396 5632//2421 5631//2422
f 5604//2395 5578//248 5606//2420
f 5604//2395 5606//2420 5632//2421
f 5606//2420 5605//2419 5633//2445
f 5606//2420 5633//2445 5634//2446
f 5605//2419 5607//2418 5635//2444
f 5605//2419 5635//2444 5633//2445
f 5607//2418 5608//2417 5636//2443
f 5607//2418 5636//2443 5635//2444
f 5608//2417 5609//2416 5637//2442
f 5608//2417 5637//2442 5636//2443
f 5609//2416 5610//2415 5638//2441
f 5609//2416 5638//2441 5637//2442
f 5610//2415 5611//2414 5639//2440
f 5610//2415 5639//2440 5638//2441
f 5611//2414 5612//4 5640//4
f 5611//2414 5640//4 5639//2440
f 5612//4 5613//2413 5641//2439
f 5612//4 5641//2439 5640//4
f 5613//2413 5614//2412 5642//2438
f 5613//2413 5642//2438 5641//2439
f 5614//2412 5615//2411 5643//2437
f 5614//2412 5643//2437 5642//2438
f 5615//2411 5616//2410 5644//2436
f 5615//2411 5644//2436 5643//2437
f 5616//2410 5617//2409 5645//2435
f 5616//2410 5645//2435 5644//2436
f 5617//2409 5618//2407 5646//2433
f 5617//2409 5646//2433 5645//2435
f 5618//2407 5619//2408 5647//2434
f 5618//2407 5647//2434 5646//2433
f 5619//2408 5620//2432 5648//2458
f 5619//2408 5648//2458 5647//2434
f 5620//2432 5621//2431 5649//2457
f 5620//2432 5649//2457 5648//2458
f 5621//2431 5622//2430 5650//2456
f 5621//2431 5650//2456 5649//2457
f 5622//2430 5623//2429 5651//2455
f 5622//2430 5651//2455 5650//2456
f 5623//2429 5624//2428 5652//2454
f 5623//2429 5652//2454 5651//2455
f 5624//2428 5625//2427 5653//2453
f 5624//2428 5653//2453 5652//2454
f 5625//2427 5626//3 5654//3
f 5625//2427 5654//3 5653//2453
f 5626//3 5627//2426 5655//2452
f 5626//3 5655//2452 5654//3
f 5627//2426 5628//2425 5656//2451
f 5627//2426 5656//2451 5655//2452
f 5628//2425 5629//2424 5657//2450
f 5628//2425 5657//2450 5656//2451
f 5629//2424 5630//2423 5658//2449
f 5629//2424 5658//2449 5657//2450
f 5630//2423 5631//2422 5659//2448
f 5630//2423 5659//2448 5658//2449
f 5631//2422 5632//2421 5660//2447
f 5631//2422 5660//2447 5659//2448
f 5632//2421 5606//2420 5634//2446
f 5632//2421 5634//2446 5660//2447
f 5634//2446 5633//2445 5661//2471
f 5634//2446 5661//2471 5662//2472
f 5633//2445 5635//2444 5663//2470
f 5633//2445 5663//2470 5661//2471
f 5635//2444 5636//2443 5664//2469
f 5635//2444 5664//2469 5663//2470
f 5636//2443 5637//2442 5665//2468
f 5636//2443 5665//2468 5664//2469
f 5637//2442 5638//2441 5666//2467
f 5637//2442 5666//2467 5665//2468
f 5638//2441 5639//2440 5667//2466
f 5638//2441 5667//2466 5666//2467
f 5639//2440 5640//4 5668//4
f 5639//2440 5668//4 5667//2466
f 5640//4 5641//2439 5669//2465
f 5640//4 5669//2465 5668//4
f 5641//2439 5642//2438 5670//2464
f 5641//2439 5670//2464 5669//2465
f 5642//2438 5643//2437 5671//2463
f 5642//2438 5671//2463 5670//2464
f 5643//2437 5644//2436 5672//2462
f 5643//2437 5672//2462 5671//2463
f 5644//2436 5645//2435 5673//2461
f 5644//2436 5673//2461 5672//2462
f 5645//2435 5646//2433 5674//2459
f 5645//2435 5674//2459 5673//2461
f 5646//2433 5647//2434 5675//2460
f 5646//2433 5675//2460 5674//2459
f 5647//2434 5648//2458 5676//2484
f 5647//2434 5676//2484 5675//2460
f 5648//2458 5649//2457 5677//2483
f 5648//2458 5677//2483 5676//2484
f 5649//2457 5650//2456 5678//2482
f 5649//2457 5678//2482 5677//2483
f 5650//2456 5651//2455 5679//2481
f 5650//2456 5679//2481 5678//2482
f 5651//2455 5652//2454 5680//2480
f 5651//2455 5680//2480 5679//2481
f 5652//2454 5653//2453 5681//2479
f 5652//2454 5681//2479 5680//2480
f 5653//2453 5654//3 5682//3
f 5653//2453 5682//3 5681//2479
f 5654//3 5655//2452 5683//2478
f 5654//3 5683//2478 5682//3
f 5655//2452 5656//2451 5684//2477
f 5655//2452 5684//2477 5683//2478
f 5656//2451 5657//2450 5685//2476
f 5656//2451 5685//2476 5684//2477
f 5657//2450 5658//2449 5686//2475
f 5657//2450 5686//2475 5685//2476
f 5658//2449 5659//2448 5687//2474
f 5658//2449 5687//2474 5686//2475
f 5659//2448 5660//2447 5688//2473
f 5659//2448 5688//2473 5687//2474
f 5660//2447 5634//2446 5662//2472
f 5660//2447 5662//2472 5688//2473
f 5662//2472 5661//2471 5689//2497
f 5662//2472 5689//2497 5690//2498
f 5661//2471 5663//2470 5691//2496
f 5661//2471 5691//2496 5689//2497
f 5663//2470 5664//2469 5692//2495
f 5663//2470 5692//2495 5691//2496
f 5664//2469 5665//2468 5693//2494
f 5664//2469 5693//2494 5692//2495
f 5665//2468 5666//2467 5694//2493
f 5665//2468 5694//2493 5693//2494
f 5666//2467 5667//2466 5695//2492
f 5666//2467 5695//2492 5694//2493
f 5667//2466 5668//4 5696//4
f 5667//2466 5696//4 5695//2492
f 5668//4 5669//2465 5697//2491
f 5668//4 5697//2491 5696//4
f 5669//2465 5670//2464 5698//2490
f 5669//2465 5698//2490 5697//2491
f 5670//2464 5671//2463 5699//2489
f 5670//2464 5699//2489 5698//2490
f 5671//2463 5672//2462 5700//2488
f 5671//2463 5700//2488 5699//2489
f 5672//2462 5673//2461 5701//2487
f 5672//2462 5701//2487 5700//2488
f 5673//2461 5674//2459 5702//2485
f 5673//2461 5702//2485 5701//2487
f 5674//2459 5675//2460 5703//2486
f 5674//2459 5703//2486 5702//2485
f 5675//2460 5676//2484 5704//2510
f 5675//2460 5704//2510 5703//2486
f 5676//2484 5677//2483 5705//2509
f 5676//2484 5705//2509 5704//2510
f 5677//2483 5678//2482 5706//2508
f 5677//2483 5706//2508 5705//2509
f 5678//2482 5679//2481 5707//2507
f 5678//2482 5707//2507 5706//2508
f 5679//2481 5680//2480 5708//2506
f 5679//2481 5708//2506 5707//2507
f 5680//2480 5681//2479 5709//2505
f 5680//2480 5709//2505 5708//2506
f 5681//2479 5682//3 5710//3
f 5681//2479 5710//3 5709//2505
f 5682//3 5683//2478 5711//2504
f 5682//3 5711//2504 5710//3
f 5683//2478 5684//2477 5712//2503
f 5683//2478 5712//2503 5711//2504
f 5684//2477 5685//2476 5713//2502
f 5684//2477 5713//2502 5712//2503
f 5685//2476 5686//2475 5714//2501
f 5685//2476 5714//2501 5713//2502
f 5686//2475 5687//2474 5715//2500
f 5686//2475 5715//2500 5714//2501
f 5687//2474 5688//2473 5716//2499
f 5687//2474 5716//2499 5715//2500
f 5688//2473 5662//2472 5690//2498
f 5688//2473 5690//2498 5716//2499
f 5690//2498 5689//2497 5717//2523
f 5690//2498 5717//2523 5718//2524
f 5689//2497 5691//2496 5719//2522
f 5689//2497 5719//2522 5717//2523
f 5691//2496 5692//2495 5720//2521
f 5691//2496 5720//2521 5719//2522
f 5692//2495 5693//2494 5721//2520
f 5692//2495 5721//2520 5720//2521
f 5693//2494 5694//2493 5722//2519
f 5693//2494 5722//2519 5721//2520
f 5694//2493 5695//2492 5723//2518
f 5694//2493 5723//2518 5722//2519
f 5695//2492 5696//4 5724//4
f 5695//2492 5724//4 5723//2518
f 5696//4 5697//2491 5725//2517
f 5696//4 5725//2517 5724//4
f 5697//2491 5698//2490 5726//2516
f 5697//2491 5726//2516 5725//2517
f 5698//2490 5699//2489 5727//2515
f 5698//2490 5727//2515 5726//2516
f 5699//2489 5700//2488 5728//2514
f 5699//2489 5728//2514 5727//2515
f 5700//2488 5701//2487 5729//2513
f 5700//2488 5729//2513 5728//2514
f 5701//2487 5702//2485 5730//2511
f 5701//2487 5730//2511 5729//2513
f 5702//2485 5703//2486 5731//2512
f 5702//2485 5731//2512 5730//2511
f 5703//2486 5704//2510 5732//2536
f 5703//2486 5732//2536 5731//2512
f 5704//2510 5705//2509 5733//2535
f 5704//2510 5733//2535 5732//2536
f 5705//2509 5706//2508 5734//2534
f 5705//2509 5734//2534 5733//2535
f 5706//2508 5707//2507 5735//2533
f 5706//2508 5735//2533 5734//2534
f 5707//2507 5708//2506 5736//2532
f 5707//2507 5736//2532 5735//2533
f 5708//2506 5709//2505 5737//2531
f 5708//2506 5737//2531 5736//2532
f 5709//2505 5710//3 5738//3
f 5709//2505 5738//3 5737//2531
f 5710//3 5711//2504 5739//2530
f 5710//3 5739//2530 5738//3
f 5711//2504 5712//2503 5740//2529
f 5711//2504 5740//2529 5739//2530
f 5712//2503 5713//2502 5741//2528
f 5712//2503 5741//2528 5740//2529
f 5713//2502 5714//2501 5742//2527
f 5713//2502 5742//2527 5741//2528
f 5714//2501 5715//2500 5743//2526
f 5714//2501 5743//2526 5742//2527
f 5715//2500 5716//2499 5744//2525
f 5715//2500 5744//2525 5743//2526
f 5716//2499 5690//2498 5718//2524
f 5716//2499 5718//2524 5744//2525
f 5718//2524 5717//2523 5745//2549
f 5718//2524 5745//2549 5746//2550
f 5717//2523 5719//2522 5747//2548
f 5717//2523 5747//2548 5745//2549
f 5719//2522 5720//2521 5748//2547
f 5719//2522 5748//2547 5747//2548
f 5720//2521 5721//2520 5749//2546
f 5720//2521 5749//2546 5748//2547
f 5721//2520 5722//2519 5750//2545
f 5721//2520 5750//2545 5749//2546
f 5722//2519 5723//2518 5751//2544
f 5722//2519 5751//2544 5750//2545
f 5723//2518 5724//4 5752//4
f 5723//2518 5752//4 5751//2544
f 5724//4 5725//2517 5753//2543
f 5724//4 5753//2543 5752//4
f 5725//2517 5726//2516 5754//2542
f 5725//2517 5754//2542 5753//2543
f 5726//2516 5727//2515 5755//2541
f 5726//2516 5755//2541 5754//2542
f 5727//2515 5728//2514 5756//2540
f 5727//2515 5756//2540 5755//2541
f 5728//2514 5729//2513 5757//2539
f 5728//2514 5757//2539 5756//2540
f 5729//2513 5730//2511 5758//2537
f 5729//2513 5758//2537 5757//2539
f 5730//2511 5731//2512 5759//2538
f 5730//2511 5759//2538 5758//2537
f 5731//2512 5732//2536 5760//2562
f 5731//2512 5760//2562 5759//2538
f 5732//2536 5733//2535 5761//2561
f 5732//2536 5761//2561 5760//2562
f 5733//2535 5734//2534 5762//2560
f 5733//2535 5762//2560 5761//2561
f 5734//2534 5735//2533 5763//2559
f 5734//2534 5763//2559 5762//2560
f 5735//2533 5736//2532 5764//2558
f 5735//2533 5764//2558 5763//2559
f 5736//2532 5737//2531 5765//2557
f 5736//2532 5765//2557 5764//2558
f 5737//2531 5738//3 5766//3
f 5737//2531 5766//3 5765//2557
f 5738//3 5739//2530 5767//2556
f 5738//3 5767//2556 5766//3
f 5739//2530 5740//2529 5768//2555
f 5739//2530 5768//2555 5767//2556
f 5740//2529 5741//2528 5769//2554
f 5740//2529 5769//2554 5768//2555
f 5741//2528 5742//2527 5770//2553
f 5741//2528 5770//2553 5769//2554
f 5742//2527 5743//2526 5771//2552
f 5742//2527 5771//2552 5770//2553
f 5743//2526 5744//2525 5772//2551
f 5743//2526 5772//2551 5771//2552
f 5744//2525 5718//2524 5746//2550
f 5744//2525 5746//2550 5772//2551
f 5746//2550 5745//2549 4206//1843
f 5746//2550 4206//1843 4205//6
f 5745//2549 5747//2548 4209//1846
f 5745//2549 4209//1846 4206//1843
f 5747//2548 5748//2547 4211//1848
f 5747//2548 4211//1848 4209//1846
f 5748//2547 5749//2546 4213//1850
f 5748//2547 4213//1850 4211//1848
f 5749//2546 5750//2545 4215//1852
f 5749//2546 4215//1852 4213//1850
f 5750//2545 5751//2544 4217//1854
f 5750//2545 4217//1854 4215//1852
f 5751//2544 5752//4 4219//4
f 5751//2544 4219//4 4217//1854
f 5752//4 5753//2543 4221//1856
f 5752//4 4221//1856 4219//4
f 5753//2543 5754//2542 4223//1858
f 5753//2543 4223//1858 4221//1856
f 5754//2542 5755//2541 4225//1860
f 5754//2542 4225//1860 4223//1858
f 5755//2541 5756//2540 4227//1862
f 5755//2541 4227//1862 4225//1860
f 5756//2540 5757//2539 4229//1864
f 5756//2540 4229//1864 4227//1862
f 5757//2539 5758//2537 4231//1866
f 5757//2539 4231//1866 4229//1864
f 5758//2537 5759//2538 4233//5
f 5758//2537 4233//5 4231//1866
f 5759//2538 5760//2562 4235//1869
f 5759//2538 4235//1869 4233//5
f 5760//2562 5761//2561 4237//1871
f 5760//2562 4237//1871 4235//1869
f 5761//2561 5762//2560 4239//1873
f 5761//2561 4239//1873 4237//1871
f 5762//2560 5763//2559 4241//1875
f 5762//2560 4241//1875 4239//1873
f 5763//2559 5764//2558 4243//1877
f 5763//2559 4243//1877 4241//1875
f 5764//2558 5765//2557 4245//1879
f 5764//2558 4245//1879 4243//1877
f 5765//2557 5766//3 4247//3
f 5765//2557 4247//3 4245//1879
f 5766//3 5767//2556 4249//1881
f 5766//3 4249//1881 4247//3
f 5767//2556 5768//2555 4251//1883
f 5767//2556 4251//1883 4249//1881
f 5768//2555 5769//2554 4253//1885
f 5768//2555 4253//1885 4251//1883
f 5769//2554 5770//2553 4255//1887
f 5769//2554 4255//1887 4253//1885
f 5770//2553 5771//2552 4257//1889
f 5770//2553 4257//1889 4255//1887
f 5771//2552 5772//2551 4259//1891
f 5771//2552 4259//1891 4257//1889
f 5772//2551 5746//2550 4205//6
f 5772//2551 4205//6 4259//1891
