mtllib penumbra.mtl
v -7000.0000 0.0000 -6860.0000
v -7000.0000 0.0000 7140.0000
v 7000.0000 0.0000 7140.0000
v 7000.0000 0.0000 -6860.0000
v -221.2000 0.0000 168.0000
v -198.8000 0.0000 168.0000
v -198.8000 0.0000 190.4000
v -221.2000 0.0000 190.4000
v -221.2000 42.0000 168.0000
v -221.2000 42.0000 190.4000
v -198.8000 42.0000 190.4000
v -198.8000 42.0000 168.0000
v -116.2000 0.0000 168.0000
v -93.8000 0.0000 168.0000
v -93.8000 0.0000 190.4000
v -116.2000 0.0000 190.4000
v -116.2000 84.0000 168.0000
v -116.2000 84.0000 190.4000
v -93.8000 84.0000 190.4000
v -93.8000 84.0000 168.0000
v -11.2000 0.0000 168.0000
v 11.2000 0.0000 168.0000
v 11.2000 0.0000 190.4000
v -11.2000 0.0000 190.4000
v -11.2000 126.0000 168.0000
v -11.2000 126.0000 190.4000
v 11.2000 126.0000 190.4000
v 11.2000 126.0000 168.0000
v 93.8000 0.0000 168.0000
v 116.2000 0.0000 168.0000
v 116.2000 0.0000 190.4000
v 93.8000 0.0000 190.4000
v 93.8000 168.0000 168.0000
v 93.8000 168.0000 190.4000
v 116.2000 168.0000 190.4000
v 116.2000 168.0000 168.0000
v 198.8000 0.0000 168.0000
v 221.2000 0.0000 168.0000
v 221.2000 0.0000 190.4000
v 198.8000 0.0000 190.4000
v 198.8000 210.0000 168.0000
v 198.8000 210.0000 190.4000
v 221.2000 210.0000 190.4000
v 221.2000 210.0000 168.0000
v -156.1000 0.0000 -9.1000
v -137.9000 0.0000 -9.1000
v -137.9000 0.0000 9.1000
v -156.1000 0.0000 9.1000
v -156.1000 217.0000 -9.1000
v -156.1000 217.0000 9.1000
v -137.9000 217.0000 9.1000
v -137.9000 217.0000 -9.1000
v 137.9000 0.0000 -9.1000
v 156.1000 0.0000 -9.1000
v 156.1000 0.0000 9.1000
v 137.9000 0.0000 9.1000
v 137.9000 217.0000 -9.1000
v 137.9000 217.0000 9.1000
v 156.1000 217.0000 9.1000
v 156.1000 217.0000 -9.1000
v -158.2000 217.0000 -11.2000
v 158.2000 217.0000 -11.2000
v 158.2000 217.0000 11.2000
v -158.2000 217.0000 11.2000
v -158.2000 232.4000 -11.2000
v -158.2000 232.4000 11.2000
v 158.2000 232.4000 11.2000
v 158.2000 232.4000 -11.2000
v 273.7000 0.0000 87.5000
v 273.4376 0.0000 89.4929
v 273.4376 168.0000 89.4929
v 273.7000 168.0000 87.5000
v 272.6684 0.0000 91.3500
v 272.6684 168.0000 91.3500
v 271.4447 0.0000 92.9447
v 271.4447 168.0000 92.9447
v 269.8500 0.0000 94.1684
v 269.8500 168.0000 94.1684
v 267.9929 0.0000 94.9376
v 267.9929 168.0000 94.9376
v 266.0000 0.0000 95.2000
v 266.0000 168.0000 95.2000
v 264.0071 0.0000 94.9376
v 264.0071 168.0000 94.9376
v 262.1500 0.0000 94.1684
v 262.1500 168.0000 94.1684
v 260.5553 0.0000 92.9447
v 260.5553 168.0000 92.9447
v 259.3316 0.0000 91.3500
v 259.3316 168.0000 91.3500
v 258.5624 0.0000 89.4929
v 258.5624 168.0000 89.4929
v 258.3000 0.0000 87.5000
v 258.3000 168.0000 87.5000
v 258.5624 0.0000 85.5071
v 258.5624 168.0000 85.5071
v 259.3316 0.0000 83.6500
v 259.3316 168.0000 83.6500
v 260.5553 0.0000 82.0553
v 260.5553 168.0000 82.0553
v 262.1500 0.0000 80.8316
v 262.1500 168.0000 80.8316
v 264.0071 0.0000 80.0624
v 264.0071 168.0000 80.0624
v 266.0000 0.0000 79.8000
v 266.0000 168.0000 79.8000
v 267.9929 0.0000 80.0624
v 267.9929 168.0000 80.0624
v 269.8500 0.0000 80.8316
v 269.8500 168.0000 80.8316
v 271.4447 0.0000 82.0553
v 271.4447 168.0000 82.0553
v 272.6684 0.0000 83.6500
v 272.6684 168.0000 83.6500
v 273.4376 0.0000 85.5071
v 273.4376 168.0000 85.5071
v 266.0000 0.0000 87.5000
v 266.0000 168.0000 87.5000
v 266.0000 238.0000 87.5000
v 270.5293 237.7006 88.0963
v 270.5684 237.7006 87.5000
v 270.4128 237.7006 88.6824
v 270.2207 237.7006 89.2483
v 269.9564 237.7006 89.7842
v 269.6244 237.7006 90.2811
v 269.2304 237.7006 90.7304
v 268.7811 237.7006 91.1244
v 268.2842 237.7006 91.4564
v 267.7483 237.7006 91.7207
v 267.1824 237.7006 91.9128
v 266.5963 237.7006 92.0293
v 266.0000 237.7006 92.0684
v 265.4037 237.7006 92.0293
v 264.8176 237.7006 91.9128
v 264.2517 237.7006 91.7207
v 263.7158 237.7006 91.4564
v 263.2189 237.7006 91.1244
v 262.7696 237.7006 90.7304
v 262.3756 237.7006 90.2811
v 262.0436 237.7006 89.7842
v 261.7793 237.7006 89.2483
v 261.5872 237.7006 88.6824
v 261.4707 237.7006 88.0963
v 261.4316 237.7006 87.5000
v 261.4707 237.7006 86.9037
v 261.5872 237.7006 86.3176
v 261.7793 237.7006 85.7517
v 262.0436 237.7006 85.2158
v 262.3756 237.7006 84.7189
v 262.7696 237.7006 84.2696
v 263.2189 237.7006 83.8756
v 263.7158 237.7006 83.5436
v 264.2517 237.7006 83.2793
v 264.8176 237.7006 83.0872
v 265.4037 237.7006 82.9707
v 266.0000 237.7006 82.9316
v 266.5963 237.7006 82.9707
v 267.1824 237.7006 83.0872
v 267.7483 237.7006 83.2793
v 268.2842 237.7006 83.5436
v 268.7811 237.7006 83.8756
v 269.2304 237.7006 84.2696
v 269.6244 237.7006 84.7189
v 269.9564 237.7006 85.2158
v 270.2207 237.7006 85.7517
v 270.4128 237.7006 86.3176
v 270.5293 237.7006 86.9037
v 274.9812 236.8074 88.6824
v 275.0587 236.8074 87.5000
v 274.7500 236.8074 89.8446
v 274.3691 236.8074 90.9666
v 273.8450 236.8074 92.0293
v 273.1867 236.8074 93.0146
v 272.4054 236.8074 93.9054
v 271.5146 236.8074 94.6867
v 270.5293 236.8074 95.3450
v 269.4666 236.8074 95.8691
v 268.3446 236.8074 96.2500
v 267.1824 236.8074 96.4812
v 266.0000 236.8074 96.5587
v 264.8176 236.8074 96.4812
v 263.6554 236.8074 96.2500
v 262.5334 236.8074 95.8691
v 261.4707 236.8074 95.3450
v 260.4854 236.8074 94.6867
v 259.5946 236.8074 93.9054
v 258.8133 236.8074 93.0146
v 258.1550 236.8074 92.0293
v 257.6309 236.8074 90.9666
v 257.2500 236.8074 89.8446
v 257.0188 236.8074 88.6824
v 256.9413 236.8074 87.5000
v 257.0188 236.8074 86.3176
v 257.2500 236.8074 85.1554
v 257.6309 236.8074 84.0334
v 258.1550 236.8074 82.9707
v 258.8133 236.8074 81.9854
v 259.5946 236.8074 81.0946
v 260.4854 236.8074 80.3133
v 261.4707 236.8074 79.6550
v 262.5334 236.8074 79.1309
v 263.6554 236.8074 78.7500
v 264.8176 236.8074 78.5188
v 266.0000 236.8074 78.4413
v 267.1824 236.8074 78.5188
v 268.3446 236.8074 78.7500
v 269.4666 236.8074 79.1309
v 270.5293 236.8074 79.6550
v 271.5146 236.8074 80.3133
v 272.4054 236.8074 81.0946
v 273.1867 236.8074 81.9854
v 273.8450 236.8074 82.9707
v 274.3691 236.8074 84.0334
v 274.7500 236.8074 85.1554
v 274.9812 236.8074 86.3176
v 279.2793 235.3358 89.2483
v 279.3939 235.3358 87.5000
v 278.9375 235.3358 90.9666
v 278.3744 235.3358 92.6256
v 277.5995 235.3358 94.1970
v 276.6261 235.3358 95.6537
v 275.4709 235.3358 96.9709
v 274.1537 235.3358 98.1261
v 272.6970 235.3358 99.0995
v 271.1256 235.3358 99.8744
v 269.4666 235.3358 100.4375
v 267.7483 235.3358 100.7793
v 266.0000 235.3358 100.8939
v 264.2517 235.3358 100.7793
v 262.5334 235.3358 100.4375
v 260.8744 235.3358 99.8744
v 259.3030 235.3358 99.0995
v 257.8463 235.3358 98.1261
v 256.5291 235.3358 96.9709
v 255.3739 235.3358 95.6537
v 254.4005 235.3358 94.1970
v 253.6256 235.3358 92.6256
v 253.0625 235.3358 90.9666
v 252.7207 235.3358 89.2483
v 252.6061 235.3358 87.5000
v 252.7207 235.3358 85.7517
v 253.0625 235.3358 84.0334
v 253.6256 235.3358 82.3744
v 254.4005 235.3358 80.8030
v 255.3739 235.3358 79.3463
v 256.5291 235.3358 78.0291
v 257.8463 235.3358 76.8739
v 259.3030 235.3358 75.9005
v 260.8744 235.3358 75.1256
v 262.5334 235.3358 74.5625
v 264.2517 235.3358 74.2207
v 266.0000 235.3358 74.1061
v 267.7483 235.3358 74.2207
v 269.4666 235.3358 74.5625
v 271.1256 235.3358 75.1256
v 272.6970 235.3358 75.9005
v 274.1537 235.3358 76.8739
v 275.4709 235.3358 78.0291
v 276.6261 235.3358 79.3463
v 277.5995 235.3358 80.8030
v 278.3744 235.3358 82.3744
v 278.9375 235.3358 84.0334
v 279.2793 235.3358 85.7517
v 283.3503 233.3109 89.7842
v 283.5000 233.3109 87.5000
v 282.9037 233.3109 92.0293
v 282.1679 233.3109 94.1970
v 281.1554 233.3109 96.2500
v 279.8837 233.3109 98.1533
v 278.3744 233.3109 99.8744
v 276.6533 233.3109 101.3837
v 274.7500 233.3109 102.6554
v 272.6970 233.3109 103.6679
v 270.5293 233.3109 104.4037
v 268.2842 233.3109 104.8503
v 266.0000 233.3109 105.0000
v 263.7158 233.3109 104.8503
v 261.4707 233.3109 104.4037
v 259.3030 233.3109 103.6679
v 257.2500 233.3109 102.6554
v 255.3467 233.3109 101.3837
v 253.6256 233.3109 99.8744
v 252.1163 233.3109 98.1533
v 250.8446 233.3109 96.2500
v 249.8321 233.3109 94.1970
v 249.0963 233.3109 92.0293
v 248.6497 233.3109 89.7842
v 248.5000 233.3109 87.5000
v 248.6497 233.3109 85.2158
v 249.0963 233.3109 82.9707
v 249.8321 233.3109 80.8030
v 250.8446 233.3109 78.7500
v 252.1163 233.3109 76.8467
v 253.6256 233.3109 75.1256
v 255.3467 233.3109 73.6163
v 257.2500 233.3109 72.3446
v 259.3030 233.3109 71.3321
v 261.4707 233.3109 70.5963
v 263.7158 233.3109 70.1497
v 266.0000 233.3109 70.0000
v 268.2842 233.3109 70.1497
v 270.5293 233.3109 70.5963
v 272.6970 233.3109 71.3321
v 274.7500 233.3109 72.3446
v 276.6533 233.3109 73.6163
v 278.3744 233.3109 75.1256
v 279.8837 233.3109 76.8467
v 281.1554 233.3109 78.7500
v 282.1679 233.3109 80.8030
v 282.9037 233.3109 82.9707
v 283.3503 233.3109 85.2158
v 287.1244 230.7674 90.2811
v 287.3067 230.7674 87.5000
v 286.5806 230.7674 93.0146
v 285.6848 230.7674 95.6537
v 284.4521 230.7674 98.1533
v 282.9037 230.7674 100.4707
v 281.0661 230.7674 102.5661
v 278.9707 230.7674 104.4037
v 276.6533 230.7674 105.9521
v 274.1537 230.7674 107.1848
v 271.5146 230.7674 108.0806
v 268.7811 230.7674 108.6244
v 266.0000 230.7674 108.8067
v 263.2189 230.7674 108.6244
v 260.4854 230.7674 108.0806
v 257.8463 230.7674 107.1848
v 255.3467 230.7674 105.9521
v 253.0293 230.7674 104.4037
v 250.9339 230.7674 102.5661
v 249.0963 230.7674 100.4707
v 247.5479 230.7674 98.1533
v 246.3152 230.7674 95.6537
v 245.4194 230.7674 93.0146
v 244.8756 230.7674 90.2811
v 244.6933 230.7674 87.5000
v 244.8756 230.7674 84.7189
v 245.4194 230.7674 81.9854
v 246.3152 230.7674 79.3463
v 247.5479 230.7674 76.8467
v 249.0963 230.7674 74.5293
v 250.9339 230.7674 72.4339
v 253.0293 230.7674 70.5963
v 255.3467 230.7674 69.0479
v 257.8463 230.7674 67.8152
v 260.4854 230.7674 66.9194
v 263.2189 230.7674 66.3756
v 266.0000 230.7674 66.1933
v 268.7811 230.7674 66.3756
v 271.5146 230.7674 66.9194
v 274.1537 230.7674 67.8152
v 276.6533 230.7674 69.0479
v 278.9707 230.7674 70.5963
v 281.0661 230.7674 72.4339
v 282.9037 230.7674 74.5293
v 284.4521 230.7674 76.8467
v 285.6848 230.7674 79.3463
v 286.5806 230.7674 81.9854
v 287.1244 230.7674 84.7189
v 290.5370 227.7487 90.7304
v 290.7487 227.7487 87.5000
v 289.9054 227.7487 93.9054
v 288.8649 227.7487 96.9709
v 287.4330 227.7487 99.8744
v 285.6345 227.7487 102.5661
v 283.5000 227.7487 105.0000
v 281.0661 227.7487 107.1345
v 278.3744 227.7487 108.9330
v 275.4709 227.7487 110.3649
v 272.4054 227.7487 111.4054
v 269.2304 227.7487 112.0370
v 266.0000 227.7487 112.2487
v 262.7696 227.7487 112.0370
v 259.5946 227.7487 111.4054
v 256.5291 227.7487 110.3649
v 253.6256 227.7487 108.9330
v 250.9339 227.7487 107.1345
v 248.5000 227.7487 105.0000
v 246.3655 227.7487 102.5661
v 244.5670 227.7487 99.8744
v 243.1351 227.7487 96.9709
v 242.0946 227.7487 93.9054
v 241.4630 227.7487 90.7304
v 241.2513 227.7487 87.5000
v 241.4630 227.7487 84.2696
v 242.0946 227.7487 81.0946
v 243.1351 227.7487 78.0291
v 244.5670 227.7487 75.1256
v 246.3655 227.7487 72.4339
v 248.5000 227.7487 70.0000
v 250.9339 227.7487 67.8655
v 253.6256 227.7487 66.0670
v 256.5291 227.7487 64.6351
v 259.5946 227.7487 63.5946
v 262.7696 227.7487 62.9630
v 266.0000 227.7487 62.7513
v 269.2304 227.7487 62.9630
v 272.4054 227.7487 63.5946
v 275.4709 227.7487 64.6351
v 278.3744 227.7487 66.0670
v 281.0661 227.7487 67.8655
v 283.5000 227.7487 70.0000
v 285.6345 227.7487 72.4339
v 287.4330 227.7487 75.1256
v 288.8649 227.7487 78.0291
v 289.9054 227.7487 81.0946
v 290.5370 227.7487 84.2696
v 293.5298 224.3067 91.1244
v 293.7674 224.3067 87.5000
v 292.8212 224.3067 94.6867
v 291.6537 224.3067 98.1261
v 290.0472 224.3067 101.3837
v 288.0293 224.3067 104.4037
v 285.6345 224.3067 107.1345
v 282.9037 224.3067 109.5293
v 279.8837 224.3067 111.5472
v 276.6261 224.3067 113.1537
v 273.1867 224.3067 114.3212
v 269.6244 224.3067 115.0298
v 266.0000 224.3067 115.2674
v 262.3756 224.3067 115.0298
v 258.8133 224.3067 114.3212
v 255.3739 224.3067 113.1537
v 252.1163 224.3067 111.5472
v 249.0963 224.3067 109.5293
v 246.3655 224.3067 107.1345
v 243.9707 224.3067 104.4037
v 241.9528 224.3067 101.3837
v 240.3463 224.3067 98.1261
v 239.1788 224.3067 94.6867
v 238.4702 224.3067 91.1244
v 238.2326 224.3067 87.5000
v 238.4702 224.3067 83.8756
v 239.1788 224.3067 80.3133
v 240.3463 224.3067 76.8739
v 241.9528 224.3067 73.6163
v 243.9707 224.3067 70.5963
v 246.3655 224.3067 67.8655
v 249.0963 224.3067 65.4707
v 252.1163 224.3067 63.4528
v 255.3739 224.3067 61.8463
v 258.8133 224.3067 60.6788
v 262.3756 224.3067 59.9702
v 266.0000 224.3067 59.7326
v 269.6244 224.3067 59.9702
v 273.1867 224.3067 60.6788
v 276.6261 224.3067 61.8463
v 279.8837 224.3067 63.4528
v 282.9037 224.3067 65.4707
v 285.6345 224.3067 67.8655
v 288.0293 224.3067 70.5963
v 290.0472 224.3067 73.6163
v 291.6537 224.3067 76.8739
v 292.8212 224.3067 80.3133
v 293.5298 224.3067 83.8756
v 296.0516 220.5000 91.4564
v 296.3109 220.5000 87.5000
v 295.2781 220.5000 95.3450
v 294.0036 220.5000 99.0995
v 292.2500 220.5000 102.6554
v 290.0472 220.5000 105.9521
v 287.4330 220.5000 108.9330
v 284.4521 220.5000 111.5472
v 281.1554 220.5000 113.7500
v 277.5995 220.5000 115.5036
v 273.8450 220.5000 116.7781
v 269.9564 220.5000 117.5516
v 266.0000 220.5000 117.8109
v 262.0436 220.5000 117.5516
v 258.1550 220.5000 116.7781
v 254.4005 220.5000 115.5036
v 250.8446 220.5000 113.7500
v 247.5479 220.5000 111.5472
v 244.5670 220.5000 108.9330
v 241.9528 220.5000 105.9521
v 239.7500 220.5000 102.6554
v 237.9964 220.5000 99.0995
v 236.7219 220.5000 95.3450
v 235.9484 220.5000 91.4564
v 235.6891 220.5000 87.5000
v 235.9484 220.5000 83.5436
v 236.7219 220.5000 79.6550
v 237.9964 220.5000 75.9005
v 239.7500 220.5000 72.3446
v 241.9528 220.5000 69.0479
v 244.5670 220.5000 66.0670
v 247.5479 220.5000 63.4528
v 250.8446 220.5000 61.2500
v 254.4005 220.5000 59.4964
v 258.1550 220.5000 58.2219
v 262.0436 220.5000 57.4484
v 266.0000 220.5000 57.1891
v 269.9564 220.5000 57.4484
v 273.8450 220.5000 58.2219
v 277.5995 220.5000 59.4964
v 281.1554 220.5000 61.2500
v 284.4521 220.5000 63.4528
v 287.4330 220.5000 66.0670
v 290.0472 220.5000 69.0479
v 292.2500 220.5000 72.3446
v 294.0036 220.5000 75.9005
v 295.2781 220.5000 79.6550
v 296.0516 220.5000 83.5436
v 298.0591 216.3939 91.7207
v 298.3358 216.3939 87.5000
v 297.2340 216.3939 95.8691
v 295.8744 216.3939 99.8744
v 294.0036 216.3939 103.6679
v 291.6537 216.3939 107.1848
v 288.8649 216.3939 110.3649
v 285.6848 216.3939 113.1537
v 282.1679 216.3939 115.5036
v 278.3744 216.3939 117.3744
v 274.3691 216.3939 118.7340
v 270.2207 216.3939 119.5591
v 266.0000 216.3939 119.8358
v 261.7793 216.3939 119.5591
v 257.6309 216.3939 118.7340
v 253.6256 216.3939 117.3744
v 249.8321 216.3939 115.5036
v 246.3152 216.3939 113.1537
v 243.1351 216.3939 110.3649
v 240.3463 216.3939 107.1848
v 237.9964 216.3939 103.6679
v 236.1256 216.3939 99.8744
v 234.7660 216.3939 95.8691
v 233.9409 216.3939 91.7207
v 233.6642 216.3939 87.5000
v 233.9409 216.3939 83.2793
v 234.7660 216.3939 79.1309
v 236.1256 216.3939 75.1256
v 237.9964 216.3939 71.3321
v 240.3463 216.3939 67.8152
v 243.1351 216.3939 64.6351
v 246.3152 216.3939 61.8463
v 249.8321 216.3939 59.4964
v 253.6256 216.3939 57.6256
v 257.6309 216.3939 56.2660
v 261.7793 216.3939 55.4409
v 266.0000 216.3939 55.1642
v 270.2207 216.3939 55.4409
v 274.3691 216.3939 56.2660
v 278.3744 216.3939 57.6256
v 282.1679 216.3939 59.4964
v 285.6848 216.3939 61.8463
v 288.8649 216.3939 64.6351
v 291.6537 216.3939 67.8152
v 294.0036 216.3939 71.3321
v 295.8744 216.3939 75.1256
v 297.2340 216.3939 79.1309
v 298.0591 216.3939 83.2793
v 299.5182 212.0587 91.9128
v 299.8074 212.0587 87.5000
v 298.6554 212.0587 96.2500
v 297.2340 212.0587 100.4375
v 295.2781 212.0587 104.4037
v 292.8212 212.0587 108.0806
v 289.9054 212.0587 111.4054
v 286.5806 212.0587 114.3212
v 282.9037 212.0587 116.7781
v 278.9375 212.0587 118.7340
v 274.7500 212.0587 120.1554
v 270.4128 212.0587 121.0182
v 266.0000 212.0587 121.3074
v 261.5872 212.0587 121.0182
v 257.2500 212.0587 120.1554
v 253.0625 212.0587 118.7340
v 249.0963 212.0587 116.7781
v 245.4194 212.0587 114.3212
v 242.0946 212.0587 111.4054
v 239.1788 212.0587 108.0806
v 236.7219 212.0587 104.4037
v 234.7660 212.0587 100.4375
v 233.3446 212.0587 96.2500
v 232.4818 212.0587 91.9128
v 232.1926 212.0587 87.5000
v 232.4818 212.0587 83.0872
v 233.3446 212.0587 78.7500
v 234.7660 212.0587 74.5625
v 236.7219 212.0587 70.5963
v 239.1788 212.0587 66.9194
v 242.0946 212.0587 63.5946
v 245.4194 212.0587 60.6788
v 249.0963 212.0587 58.2219
v 253.0625 212.0587 56.2660
v 257.2500 212.0587 54.8446
v 261.5872 212.0587 53.9818
v 266.0000 212.0587 53.6926
v 270.4128 212.0587 53.9818
v 274.7500 212.0587 54.8446
v 278.9375 212.0587 56.2660
v 282.9037 212.0587 58.2219
v 286.5806 212.0587 60.6788
v 289.9054 212.0587 63.5946
v 292.8212 212.0587 66.9194
v 295.2781 212.0587 70.5963
v 297.2340 212.0587 74.5625
v 298.6554 212.0587 78.7500
v 299.5182 212.0587 83.0872
v 300.4037 207.5684 92.0293
v 300.7006 207.5684 87.5000
v 299.5182 207.5684 96.4812
v 298.0591 207.5684 100.7793
v 296.0516 207.5684 104.8503
v 293.5298 207.5684 108.6244
v 290.5370 207.5684 112.0370
v 287.1244 207.5684 115.0298
v 283.3503 207.5684 117.5516
v 279.2793 207.5684 119.5591
v 274.9812 207.5684 121.0182
v 270.5293 207.5684 121.9037
v 266.0000 207.5684 122.2006
v 261.4707 207.5684 121.9037
v 257.0188 207.5684 121.0182
v 252.7207 207.5684 119.5591
v 248.6497 207.5684 117.5516
v 244.8756 207.5684 115.0298
v 241.4630 207.5684 112.0370
v 238.4702 207.5684 108.6244
v 235.9484 207.5684 104.8503
v 233.9409 207.5684 100.7793
v 232.4818 207.5684 96.4812
v 231.5963 207.5684 92.0293
v 231.2994 207.5684 87.5000
v 231.5963 207.5684 82.9707
v 232.4818 207.5684 78.5188
v 233.9409 207.5684 74.2207
v 235.9484 207.5684 70.1497
v 238.4702 207.5684 66.3756
v 241.4630 207.5684 62.9630
v 244.8756 207.5684 59.9702
v 248.6497 207.5684 57.4484
v 252.7207 207.5684 55.4409
v 257.0188 207.5684 53.9818
v 261.4707 207.5684 53.0963
v 266.0000 207.5684 52.7994
v 270.5293 207.5684 53.0963
v 274.9812 207.5684 53.9818
v 279.2793 207.5684 55.4409
v 283.3503 207.5684 57.4484
v 287.1244 207.5684 59.9702
v 290.5370 207.5684 62.9630
v 293.5298 207.5684 66.3756
v 296.0516 207.5684 70.1497
v 298.0591 207.5684 74.2207
v 299.5182 207.5684 78.5188
v 300.4037 207.5684 82.9707
v 300.7006 203.0000 92.0684
v 301.0000 203.0000 87.5000
v 299.8074 203.0000 96.5587
v 298.3358 203.0000 100.8939
v 296.3109 203.0000 105.0000
v 293.7674 203.0000 108.8067
v 290.7487 203.0000 112.2487
v 287.3067 203.0000 115.2674
v 283.5000 203.0000 117.8109
v 279.3939 203.0000 119.8358
v 275.0587 203.0000 121.3074
v 270.5684 203.0000 122.2006
v 266.0000 203.0000 122.5000
v 261.4316 203.0000 122.2006
v 256.9413 203.0000 121.3074
v 252.6061 203.0000 119.8358
v 248.5000 203.0000 117.8109
v 244.6933 203.0000 115.2674
v 241.2513 203.0000 112.2487
v 238.2326 203.0000 108.8067
v 235.6891 203.0000 105.0000
v 233.6642 203.0000 100.8939
v 232.1926 203.0000 96.5587
v 231.2994 203.0000 92.0684
v 231.0000 203.0000 87.5000
v 231.2994 203.0000 82.9316
v 232.1926 203.0000 78.4413
v 233.6642 203.0000 74.1061
v 235.6891 203.0000 70.0000
v 238.2326 203.0000 66.1933
v 241.2513 203.0000 62.7513
v 244.6933 203.0000 59.7326
v 248.5000 203.0000 57.1891
v 252.6061 203.0000 55.1642
v 256.9413 203.0000 53.6926
v 261.4316 203.0000 52.7994
v 266.0000 203.0000 52.5000
v 270.5684 203.0000 52.7994
v 275.0587 203.0000 53.6926
v 279.3939 203.0000 55.1642
v 283.5000 203.0000 57.1891
v 287.3067 203.0000 59.7326
v 290.7487 203.0000 62.7513
v 293.7674 203.0000 66.1933
v 296.3109 203.0000 70.0000
v 298.3358 203.0000 74.1061
v 299.8074 203.0000 78.4413
v 300.7006 203.0000 82.9316
v 300.4037 198.4316 92.0293
v 300.7006 198.4316 87.5000
v 299.5182 198.4316 96.4812
v 298.0591 198.4316 100.7793
v 296.0516 198.4316 104.8503
v 293.5298 198.4316 108.6244
v 290.5370 198.4316 112.0370
v 287.1244 198.4316 115.0298
v 283.3503 198.4316 117.5516
v 279.2793 198.4316 119.5591
v 274.9812 198.4316 121.0182
v 270.5293 198.4316 121.9037
v 266.0000 198.4316 122.2006
v 261.4707 198.4316 121.9037
v 257.0188 198.4316 121.0182
v 252.7207 198.4316 119.5591
v 248.6497 198.4316 117.5516
v 244.8756 198.4316 115.0298
v 241.4630 198.4316 112.0370
v 238.4702 198.4316 108.6244
v 235.9484 198.4316 104.8503
v 233.9409 198.4316 100.7793
v 232.4818 198.4316 96.4812
v 231.5963 198.4316 92.0293
v 231.2994 198.4316 87.5000
v 231.5963 198.4316 82.9707
v 232.4818 198.4316 78.5188
v 233.9409 198.4316 74.2207
v 235.9484 198.4316 70.1497
v 238.4702 198.4316 66.3756
v 241.4630 198.4316 62.9630
v 244.8756 198.4316 59.9702
v 248.6497 198.4316 57.4484
v 252.7207 198.4316 55.4409
v 257.0188 198.4316 53.9818
v 261.4707 198.4316 53.0963
v 266.0000 198.4316 52.7994
v 270.5293 198.4316 53.0963
v 274.9812 198.4316 53.9818
v 279.2793 198.4316 55.4409
v 283.3503 198.4316 57.4484
v 287.1244 198.4316 59.9702
v 290.5370 198.4316 62.9630
v 293.5298 198.4316 66.3756
v 296.0516 198.4316 70.1497
v 298.0591 198.4316 74.2207
v 299.5182 198.4316 78.5188
v 300.4037 198.4316 82.9707
v 299.5182 193.9413 91.9128
v 299.8074 193.9413 87.5000
v 298.6554 193.9413 96.2500
v 297.2340 193.9413 100.4375
v 295.2781 193.9413 104.4037
v 292.8212 193.9413 108.0806
v 289.9054 193.9413 111.4054
v 286.5806 193.9413 114.3212
v 282.9037 193.9413 116.7781
v 278.9375 193.9413 118.7340
v 274.7500 193.9413 120.1554
v 270.4128 193.9413 121.0182
v 266.0000 193.9413 121.3074
v 261.5872 193.9413 121.0182
v 257.2500 193.9413 120.1554
v 253.0625 193.9413 118.7340
v 249.0963 193.9413 116.7781
v 245.4194 193.9413 114.3212
v 242.0946 193.9413 111.4054
v 239.1788 193.9413 108.0806
v 236.7219 193.9413 104.4037
v 234.7660 193.9413 100.4375
v 233.3446 193.9413 96.2500
v 232.4818 193.9413 91.9128
v 232.1926 193.9413 87.5000
v 232.4818 193.9413 83.0872
v 233.3446 193.9413 78.7500
v 234.7660 193.9413 74.5625
v 236.7219 193.9413 70.5963
v 239.1788 193.9413 66.9194
v 242.0946 193.9413 63.5946
v 245.4194 193.9413 60.6788
v 249.0963 193.9413 58.2219
v 253.0625 193.9413 56.2660
v 257.2500 193.9413 54.8446
v 261.5872 193.9413 53.9818
v 266.0000 193.9413 53.6926
v 270.4128 193.9413 53.9818
v 274.7500 193.9413 54.8446
v 278.9375 193.9413 56.2660
v 282.9037 193.9413 58.2219
v 286.5806 193.9413 60.6788
v 289.9054 193.9413 63.5946
v 292.8212 193.9413 66.9194
v 295.2781 193.9413 70.5963
v 297.2340 193.9413 74.5625
v 298.6554 193.9413 78.7500
v 299.5182 193.9413 83.0872
v 298.0591 189.6061 91.7207
v 298.3358 189.6061 87.5000
v 297.2340 189.6061 95.8691
v 295.8744 189.6061 99.8744
v 294.0036 189.6061 103.6679
v 291.6537 189.6061 107.1848
v 288.8649 189.6061 110.3649
v 285.6848 189.6061 113.1537
v 282.1679 189.6061 115.5036
v 278.3744 189.6061 117.3744
v 274.3691 189.6061 118.7340
v 270.2207 189.6061 119.5591
v 266.0000 189.6061 119.8358
v 261.7793 189.6061 119.5591
v 257.6309 189.6061 118.7340
v 253.6256 189.6061 117.3744
v 249.8321 189.6061 115.5036
v 246.3152 189.6061 113.1537
v 243.1351 189.6061 110.3649
v 240.3463 189.6061 107.1848
v 237.9964 189.6061 103.6679
v 236.1256 189.6061 99.8744
v 234.7660 189.6061 95.8691
v 233.9409 189.6061 91.7207
v 233.6642 189.6061 87.5000
v 233.9409 189.6061 83.2793
v 234.7660 189.6061 79.1309
v 236.1256 189.6061 75.1256
v 237.9964 189.6061 71.3321
v 240.3463 189.6061 67.8152
v 243.1351 189.6061 64.6351
v 246.3152 189.6061 61.8463
v 249.8321 189.6061 59.4964
v 253.6256 189.6061 57.6256
v 257.6309 189.6061 56.2660
v 261.7793 189.6061 55.4409
v 266.0000 189.6061 55.1642
v 270.2207 189.6061 55.4409
v 274.3691 189.6061 56.2660
v 278.3744 189.6061 57.6256
v 282.1679 189.6061 59.4964
v 285.6848 189.6061 61.8463
v 288.8649 189.6061 64.6351
v 291.6537 189.6061 67.8152
v 294.0036 189.6061 71.3321
v 295.8744 189.6061 75.1256
v 297.2340 189.6061 79.1309
v 298.0591 189.6061 83.2793
v 296.0516 185.5000 91.4564
v 296.3109 185.5000 87.5000
v 295.2781 185.5000 95.3450
v 294.0036 185.5000 99.0995
v 292.2500 185.5000 102.6554
v 290.0472 185.5000 105.9521
v 287.4330 185.5000 108.9330
v 284.4521 185.5000 111.5472
v 281.1554 185.5000 113.7500
v 277.5995 185.5000 115.5036
v 273.8450 185.5000 116.7781
v 269.9564 185.5000 117.5516
v 266.0000 185.5000 117.8109
v 262.0436 185.5000 117.5516
v 258.1550 185.5000 116.7781
v 254.4005 185.5000 115.5036
v 250.8446 185.5000 113.7500
v 247.5479 185.5000 111.5472
v 244.5670 185.5000 108.9330
v 241.9528 185.5000 105.9521
v 239.7500 185.5000 102.6554
v 237.9964 185.5000 99.0995
v 236.7219 185.5000 95.3450
v 235.9484 185.5000 91.4564
v 235.6891 185.5000 87.5000
v 235.9484 185.5000 83.5436
v 236.7219 185.5000 79.6550
v 237.9964 185.5000 75.9005
v 239.7500 185.5000 72.3446
v 241.9528 185.5000 69.0479
v 244.5670 185.5000 66.0670
v 247.5479 185.5000 63.4528
v 250.8446 185.5000 61.2500
v 254.4005 185.5000 59.4964
v 258.1550 185.5000 58.2219
v 262.0436 185.5000 57.4484
v 266.0000 185.5000 57.1891
v 269.9564 185.5000 57.4484
v 273.8450 185.5000 58.2219
v 277.5995 185.5000 59.4964
v 281.1554 185.5000 61.2500
v 284.4521 185.5000 63.4528
v 287.4330 185.5000 66.0670
v 290.0472 185.5000 69.0479
v 292.2500 185.5000 72.3446
v 294.0036 185.5000 75.9005
v 295.2781 185.5000 79.6550
v 296.0516 185.5000 83.5436
v 293.5298 181.6933 91.1244
v 293.7674 181.6933 87.5000
v 292.8212 181.6933 94.6867
v 291.6537 181.6933 98.1261
v 290.0472 181.6933 101.3837
v 288.0293 181.6933 104.4037
v 285.6345 181.6933 107.1345
v 282.9037 181.6933 109.5293
v 279.8837 181.6933 111.5472
v 276.6261 181.6933 113.1537
v 273.1867 181.6933 114.3212
v 269.6244 181.6933 115.0298
v 266.0000 181.6933 115.2674
v 262.3756 181.6933 115.0298
v 258.8133 181.6933 114.3212
v 255.3739 181.6933 113.1537
v 252.1163 181.6933 111.5472
v 249.0963 181.6933 109.5293
v 246.3655 181.6933 107.1345
v 243.9707 181.6933 104.4037
v 241.9528 181.6933 101.3837
v 240.3463 181.6933 98.1261
v 239.1788 181.6933 94.6867
v 238.4702 181.6933 91.1244
v 238.2326 181.6933 87.5000
v 238.4702 181.6933 83.8756
v 239.1788 181.6933 80.3133
v 240.3463 181.6933 76.8739
v 241.9528 181.6933 73.6163
v 243.9707 181.6933 70.5963
v 246.3655 181.6933 67.8655
v 249.0963 181.6933 65.4707
v 252.1163 181.6933 63.4528
v 255.3739 181.6933 61.8463
v 258.8133 181.6933 60.6788
v 262.3756 181.6933 59.9702
v 266.0000 181.6933 59.7326
v 269.6244 181.6933 59.9702
v 273.1867 181.6933 60.6788
v 276.6261 181.6933 61.8463
v 279.8837 181.6933 63.4528
v 282.9037 181.6933 65.4707
v 285.6345 181.6933 67.8655
v 288.0293 181.6933 70.5963
v 290.0472 181.6933 73.6163
v 291.6537 181.6933 76.8739
v 292.8212 181.6933 80.3133
v 293.5298 181.6933 83.8756
v 290.5370 178.2513 90.7304
v 290.7487 178.2513 87.5000
v 289.9054 178.2513 93.9054
v 288.8649 178.2513 96.9709
v 287.4330 178.2513 99.8744
v 285.6345 178.2513 102.5661
v 283.5000 178.2513 105.0000
v 281.0661 178.2513 107.1345
v 278.3744 178.2513 108.9330
v 275.4709 178.2513 110.3649
v 272.4054 178.2513 111.4054
v 269.2304 178.2513 112.0370
v 266.0000 178.2513 112.2487
v 262.7696 178.2513 112.0370
v 259.5946 178.2513 111.4054
v 256.5291 178.2513 110.3649
v 253.6256 178.2513 108.9330
v 250.9339 178.2513 107.1345
v 248.5000 178.2513 105.0000
v 246.3655 178.2513 102.5661
v 244.5670 178.2513 99.8744
v 243.1351 178.2513 96.9709
v 242.0946 178.2513 93.9054
v 241.4630 178.2513 90.7304
v 241.2513 178.2513 87.5000
v 241.4630 178.2513 84.2696
v 242.0946 178.2513 81.0946
v 243.1351 178.2513 78.0291
v 244.5670 178.2513 75.1256
v 246.3655 178.2513 72.4339
v 248.5000 178.2513 70.0000
v 250.9339 178.2513 67.8655
v 253.6256 178.2513 66.0670
v 256.5291 178.2513 64.6351
v 259.5946 178.2513 63.5946
v 262.7696 178.2513 62.9630
v 266.0000 178.2513 62.7513
v 269.2304 178.2513 62.9630
v 272.4054 178.2513 63.5946
v 275.4709 178.2513 64.6351
v 278.3744 178.2513 66.0670
v 281.0661 178.2513 67.8655
v 283.5000 178.2513 70.0000
v 285.6345 178.2513 72.4339
v 287.4330 178.2513 75.1256
v 288.8649 178.2513 78.0291
v 289.9054 178.2513 81.0946
v 290.5370 178.2513 84.2696
v 287.1244 175.2326 90.2811
v 287.3067 175.2326 87.5000
v 286.5806 175.2326 93.0146
v 285.6848 175.2326 95.6537
v 284.4521 175.2326 98.1533
v 282.9037 175.2326 100.4707
v 281.0661 175.2326 102.5661
v 278.9707 175.2326 104.4037
v 276.6533 175.2326 105.9521
v 274.1537 175.2326 107.1848
v 271.5146 175.2326 108.0806
v 268.7811 175.2326 108.6244
v 266.0000 175.2326 108.8067
v 263.2189 175.2326 108.6244
v 260.4854 175.2326 108.0806
v 257.8463 175.2326 107.1848
v 255.3467 175.2326 105.9521
v 253.0293 175.2326 104.4037
v 250.9339 175.2326 102.5661
v 249.0963 175.2326 100.4707
v 247.5479 175.2326 98.1533
v 246.3152 175.2326 95.6537
v 245.4194 175.2326 93.0146
v 244.8756 175.2326 90.2811
v 244.6933 175.2326 87.5000
v 244.8756 175.2326 84.7189
v 245.4194 175.2326 81.9854
v 246.3152 175.2326 79.3463
v 247.5479 175.2326 76.8467
v 249.0963 175.2326 74.5293
v 250.9339 175.2326 72.4339
v 253.0293 175.2326 70.5963
v 255.3467 175.2326 69.0479
v 257.8463 175.2326 67.8152
v 260.4854 175.2326 66.9194
v 263.2189 175.2326 66.3756
v 266.0000 175.2326 66.1933
v 268.7811 175.2326 66.3756
v 271.5146 175.2326 66.9194
v 274.1537 175.2326 67.8152
v 276.6533 175.2326 69.0479
v 278.9707 175.2326 70.5963
v 281.0661 175.2326 72.4339
v 282.9037 175.2326 74.5293
v 284.4521 175.2326 76.8467
v 285.6848 175.2326 79.3463
v 286.5806 175.2326 81.9854
v 287.1244 175.2326 84.7189
v 283.3503 172.6891 89.7842
v 283.5000 172.6891 87.5000
v 282.9037 172.6891 92.0293
v 282.1679 172.6891 94.1970
v 281.1554 172.6891 96.2500
v 279.8837 172.6891 98.1533
v 278.3744 172.6891 99.8744
v 276.6533 172.6891 101.3837
v 274.7500 172.6891 102.6554
v 272.6970 172.6891 103.6679
v 270.5293 172.6891 104.4037
v 268.2842 172.6891 104.8503
v 266.0000 172.6891 105.0000
v 263.7158 172.6891 104.8503
v 261.4707 172.6891 104.4037
v 259.3030 172.6891 103.6679
v 257.2500 172.6891 102.6554
v 255.3467 172.6891 101.3837
v 253.6256 172.6891 99.8744
v 252.1163 172.6891 98.1533
v 250.8446 172.6891 96.2500
v 249.8321 172.6891 94.1970
v 249.0963 172.6891 92.0293
v 248.6497 172.6891 89.7842
v 248.5000 172.6891 87.5000
v 248.6497 172.6891 85.2158
v 249.0963 172.6891 82.9707
v 249.8321 172.6891 80.8030
v 250.8446 172.6891 78.7500
v 252.1163 172.6891 76.8467
v 253.6256 172.6891 75.1256
v 255.3467 172.6891 73.6163
v 257.2500 172.6891 72.3446
v 259.3030 172.6891 71.3321
v 261.4707 172.6891 70.5963
v 263.7158 172.6891 70.1497
v 266.0000 172.6891 70.0000
v 268.2842 172.6891 70.1497
v 270.5293 172.6891 70.5963
v 272.6970 172.6891 71.3321
v 274.7500 172.6891 72.3446
v 276.6533 172.6891 73.6163
v 278.3744 172.6891 75.1256
v 279.8837 172.6891 76.8467
v 281.1554 172.6891 78.7500
v 282.1679 172.6891 80.8030
v 282.9037 172.6891 82.9707
v 283.3503 172.6891 85.2158
v 279.2793 170.6642 89.2483
v 279.3939 170.6642 87.5000
v 278.9375 170.6642 90.9666
v 278.3744 170.6642 92.6256
v 277.5995 170.6642 94.1970
v 276.6261 170.6642 95.6537
v 275.4709 170.6642 96.9709
v 274.1537 170.6642 98.1261
v 272.6970 170.6642 99.0995
v 271.1256 170.6642 99.8744
v 269.4666 170.6642 100.4375
v 267.7483 170.6642 100.7793
v 266.0000 170.6642 100.8939
v 264.2517 170.6642 100.7793
v 262.5334 170.6642 100.4375
v 260.8744 170.6642 99.8744
v 259.3030 170.6642 99.0995
v 257.8463 170.6642 98.1261
v 256.5291 170.6642 96.9709
v 255.3739 170.6642 95.6537
v 254.4005 170.6642 94.1970
v 253.6256 170.6642 92.6256
v 253.0625 170.6642 90.9666
v 252.7207 170.6642 89.2483
v 252.6061 170.6642 87.5000
v 252.7207 170.6642 85.7517
v 253.0625 170.6642 84.0334
v 253.6256 170.6642 82.3744
v 254.4005 170.6642 80.8030
v 255.3739 170.6642 79.3463
v 256.5291 170.6642 78.0291
v 257.8463 170.6642 76.8739
v 259.3030 170.6642 75.9005
v 260.8744 170.6642 75.1256
v 262.5334 170.6642 74.5625
v 264.2517 170.6642 74.2207
v 266.0000 170.6642 74.1061
v 267.7483 170.6642 74.2207
v 269.4666 170.6642 74.5625
v 271.1256 170.6642 75.1256
v 272.6970 170.6642 75.9005
v 274.1537 170.6642 76.8739
v 275.4709 170.6642 78.0291
v 276.6261 170.6642 79.3463
v 277.5995 170.6642 80.8030
v 278.3744 170.6642 82.3744
v 278.9375 170.6642 84.0334
v 279.2793 170.6642 85.7517
v 274.9812 169.1926 88.6824
v 275.0587 169.1926 87.5000
v 274.7500 169.1926 89.8446
v 274.3691 169.1926 90.9666
v 273.8450 169.1926 92.0293
v 273.1867 169.1926 93.0146
v 272.4054 169.1926 93.9054
v 271.5146 169.1926 94.6867
v 270.5293 169.1926 95.3450
v 269.4666 169.1926 95.8691
v 268.3446 169.1926 96.2500
v 267.1824 169.1926 96.4812
v 266.0000 169.1926 96.5587
v 264.8176 169.1926 96.4812
v 263.6554 169.1926 96.2500
v 262.5334 169.1926 95.8691
v 261.4707 169.1926 95.3450
v 260.4854 169.1926 94.6867
v 259.5946 169.1926 93.9054
v 258.8133 169.1926 93.0146
v 258.1550 169.1926 92.0293
v 257.6309 169.1926 90.9666
v 257.2500 169.1926 89.8446
v 257.0188 169.1926 88.6824
v 256.9413 169.1926 87.5000
v 257.0188 169.1926 86.3176
v 257.2500 169.1926 85.1554
v 257.6309 169.1926 84.0334
v 258.1550 169.1926 82.9707
v 258.8133 169.1926 81.9854
v 259.5946 169.1926 81.0946
v 260.4854 169.1926 80.3133
v 261.4707 169.1926 79.6550
v 262.5334 169.1926 79.1309
v 263.6554 169.1926 78.7500
v 264.8176 169.1926 78.5188
v 266.0000 169.1926 78.4413
v 267.1824 169.1926 78.5188
v 268.3446 169.1926 78.7500
v 269.4666 169.1926 79.1309
v 270.5293 169.1926 79.6550
v 271.5146 169.1926 80.3133
v 272.4054 169.1926 81.0946
v 273.1867 169.1926 81.9854
v 273.8450 169.1926 82.9707
v 274.3691 169.1926 84.0334
v 274.7500 169.1926 85.1554
v 274.9812 169.1926 86.3176
v 270.5293 168.2994 88.0963
v 270.5684 168.2994 87.5000
v 270.4128 168.2994 88.6824
v 270.2207 168.2994 89.2483
v 269.9564 168.2994 89.7842
v 269.6244 168.2994 90.2811
v 269.2304 168.2994 90.7304
v 268.7811 168.2994 91.1244
v 268.2842 168.2994 91.4564
v 267.7483 168.2994 91.7207
v 267.1824 168.2994 91.9128
v 266.5963 168.2994 92.0293
v 266.0000 168.2994 92.0684
v 265.4037 168.2994 92.0293
v 264.8176 168.2994 91.9128
v 264.2517 168.2994 91.7207
v 263.7158 168.2994 91.4564
v 263.2189 168.2994 91.1244
v 262.7696 168.2994 90.7304
v 262.3756 168.2994 90.2811
v 262.0436 168.2994 89.7842
v 261.7793 168.2994 89.2483
v 261.5872 168.2994 88.6824
v 261.4707 168.2994 88.0963
v 261.4316 168.2994 87.5000
v 261.4707 168.2994 86.9037
v 261.5872 168.2994 86.3176
v 261.7793 168.2994 85.7517
v 262.0436 168.2994 85.2158
v 262.3756 168.2994 84.7189
v 262.7696 168.2994 84.2696
v 263.2189 168.2994 83.8756
v 263.7158 168.2994 83.5436
v 264.2517 168.2994 83.2793
v 264.8176 168.2994 83.0872
v 265.4037 168.2994 82.9707
v 266.0000 168.2994 82.9316
v 266.5963 168.2994 82.9707
v 267.1824 168.2994 83.0872
v 267.7483 168.2994 83.2793
v 268.2842 168.2994 83.5436
v 268.7811 168.2994 83.8756
v 269.2304 168.2994 84.2696
v 269.6244 168.2994 84.7189
v 269.9564 168.2994 85.2158
v 270.2207 168.2994 85.7517
v 270.4128 168.2994 86.3176
v 270.5293 168.2994 86.9037
v -225.4000 0.0000 63.0000
v -225.5908 0.0000 64.4494
v -225.5908 31.5000 64.4494
v -225.4000 31.5000 63.0000
v -226.1503 0.0000 65.8000
v -226.1503 31.5000 65.8000
v -227.0402 0.0000 66.9598
v -227.0402 31.5000 66.9598
v -228.2000 0.0000 67.8497
v -228.2000 31.5000 67.8497
v -229.5506 0.0000 68.4092
v -229.5506 31.5000 68.4092
v -231.0000 0.0000 68.6000
v -231.0000 31.5000 68.6000
v -232.4494 0.0000 68.4092
v -232.4494 31.5000 68.4092
v -233.8000 0.0000 67.8497
v -233.8000 31.5000 67.8497
v -234.9598 0.0000 66.9598
v -234.9598 31.5000 66.9598
v -235.8497 0.0000 65.8000
v -235.8497 31.5000 65.8000
v -236.4092 0.0000 64.4494
v -236.4092 31.5000 64.4494
v -236.6000 0.0000 63.0000
v -236.6000 31.5000 63.0000
v -236.4092 0.0000 61.5506
v -236.4092 31.5000 61.5506
v -235.8497 0.0000 60.2000
v -235.8497 31.5000 60.2000
v -234.9598 0.0000 59.0402
v -234.9598 31.5000 59.0402
v -233.8000 0.0000 58.1503
v -233.8000 31.5000 58.1503
v -232.4494 0.0000 57.5908
v -232.4494 31.5000 57.5908
v -231.0000 0.0000 57.4000
v -231.0000 31.5000 57.4000
v -229.5506 0.0000 57.5908
v -229.5506 31.5000 57.5908
v -228.2000 0.0000 58.1503
v -228.2000 31.5000 58.1503
v -227.0402 0.0000 59.0402
v -227.0402 31.5000 59.0402
v -226.1503 0.0000 60.2000
v -226.1503 31.5000 60.2000
v -225.5908 0.0000 61.5506
v -225.5908 31.5000 61.5506
v -231.0000 0.0000 63.0000
v -231.0000 31.5000 63.0000
v -231.0000 74.9000 63.0000
v -227.6472 74.6328 63.5310
v -227.6054 74.6328 63.0000
v -227.7715 74.6328 64.0490
v -227.9754 74.6328 64.5411
v -228.2537 74.6328 64.9953
v -228.5996 74.6328 65.4004
v -229.0047 74.6328 65.7463
v -229.4589 74.6328 66.0246
v -229.9510 74.6328 66.2285
v -230.4690 74.6328 66.3528
v -231.0000 74.6328 66.3946
v -231.5310 74.6328 66.3528
v -232.0490 74.6328 66.2285
v -232.5411 74.6328 66.0246
v -232.9953 74.6328 65.7463
v -233.4004 74.6328 65.4004
v -233.7463 74.6328 64.9953
v -234.0246 74.6328 64.5411
v -234.2285 74.6328 64.0490
v -234.3528 74.6328 63.5310
v -234.3946 74.6328 63.0000
v -234.3528 74.6328 62.4690
v -234.2285 74.6328 61.9510
v -234.0246 74.6328 61.4589
v -233.7463 74.6328 61.0047
v -233.4004 74.6328 60.5996
v -232.9953 74.6328 60.2537
v -232.5411 74.6328 59.9754
v -232.0490 74.6328 59.7715
v -231.5310 74.6328 59.6472
v -231.0000 74.6328 59.6054
v -230.4690 74.6328 59.6472
v -229.9510 74.6328 59.7715
v -229.4589 74.6328 59.9754
v -229.0047 74.6328 60.2537
v -228.5996 74.6328 60.5996
v -228.2537 74.6328 61.0047
v -227.9754 74.6328 61.4589
v -227.7715 74.6328 61.9510
v -227.6472 74.6328 62.4690
v -224.3769 73.8379 64.0490
v -224.2943 73.8379 63.0000
v -224.6225 73.8379 65.0722
v -225.0252 73.8379 66.0443
v -225.5750 73.8379 66.9415
v -226.2584 73.8379 67.7416
v -227.0585 73.8379 68.4250
v -227.9557 73.8379 68.9748
v -228.9278 73.8379 69.3775
v -229.9510 73.8379 69.6231
v -231.0000 73.8379 69.7057
v -232.0490 73.8379 69.6231
v -233.0722 73.8379 69.3775
v -234.0443 73.8379 68.9748
v -234.9415 73.8379 68.4250
v -235.7416 73.8379 67.7416
v -236.4250 73.8379 66.9415
v -236.9748 73.8379 66.0443
v -237.3775 73.8379 65.0722
v -237.6231 73.8379 64.0490
v -237.7057 73.8379 63.0000
v -237.6231 73.8379 61.9510
v -237.3775 73.8379 60.9278
v -236.9748 73.8379 59.9557
v -236.4250 73.8379 59.0585
v -235.7416 73.8379 58.2584
v -234.9415 73.8379 57.5750
v -234.0443 73.8379 57.0252
v -233.0722 73.8379 56.6225
v -232.0490 73.8379 56.3769
v -231.0000 73.8379 56.2943
v -229.9510 73.8379 56.3769
v -228.9278 73.8379 56.6225
v -227.9557 73.8379 57.0252
v -227.0585 73.8379 57.5750
v -226.2584 73.8379 58.2584
v -225.5750 73.8379 59.0585
v -225.0252 73.8379 59.9557
v -224.6225 73.8379 60.9278
v -224.3769 73.8379 61.9510
v -221.2697 72.5348 64.5411
v -221.1484 72.5348 63.0000
v -221.6306 72.5348 66.0443
v -222.2222 72.5348 67.4725
v -223.0299 72.5348 68.7906
v -224.0339 72.5348 69.9661
v -225.2094 72.5348 70.9701
v -226.5275 72.5348 71.7778
v -227.9557 72.5348 72.3694
v -229.4589 72.5348 72.7303
v -231.0000 72.5348 72.8516
v -232.5411 72.5348 72.7303
v -234.0443 72.5348 72.3694
v -235.4725 72.5348 71.7778
v -236.7906 72.5348 70.9701
v -237.9661 72.5348 69.9661
v -238.9701 72.5348 68.7906
v -239.7778 72.5348 67.4725
v -240.3694 72.5348 66.0443
v -240.7303 72.5348 64.5411
v -240.8516 72.5348 63.0000
v -240.7303 72.5348 61.4589
v -240.3694 72.5348 59.9557
v -239.7778 72.5348 58.5275
v -238.9701 72.5348 57.2094
v -237.9661 72.5348 56.0339
v -236.7906 72.5348 55.0299
v -235.4725 72.5348 54.2222
v -234.0443 72.5348 53.6306
v -232.5411 72.5348 53.2697
v -231.0000 72.5348 53.1484
v -229.4589 72.5348 53.2697
v -227.9557 72.5348 53.6306
v -226.5275 72.5348 54.2222
v -225.2094 72.5348 55.0299
v -224.0339 72.5348 56.0339
v -223.0299 72.5348 57.2094
v -222.2222 72.5348 58.5275
v -221.6306 72.5348 59.9557
v -221.2697 72.5348 61.4589
v -218.4021 70.7557 64.9953
v -218.2451 70.7557 63.0000
v -218.8693 70.7557 66.9415
v -219.6353 70.7557 68.7906
v -220.6810 70.7557 70.4972
v -221.9809 70.7557 72.0191
v -223.5028 70.7557 73.3190
v -225.2094 70.7557 74.3647
v -227.0585 70.7557 75.1307
v -229.0047 70.7557 75.5979
v -231.0000 70.7557 75.7549
v -232.9953 70.7557 75.5979
v -234.9415 70.7557 75.1307
v -236.7906 70.7557 74.3647
v -238.4972 70.7557 73.3190
v -240.0191 70.7557 72.0191
v -241.3190 70.7557 70.4972
v -242.3647 70.7557 68.7906
v -243.1307 70.7557 66.9415
v -243.5979 70.7557 64.9953
v -243.7549 70.7557 63.0000
v -243.5979 70.7557 61.0047
v -243.1307 70.7557 59.0585
v -242.3647 70.7557 57.2094
v -241.3190 70.7557 55.5028
v -240.0191 70.7557 53.9809
v -238.4972 70.7557 52.6810
v -236.7906 70.7557 51.6353
v -234.9415 70.7557 50.8693
v -232.9953 70.7557 50.4021
v -231.0000 70.7557 50.2451
v -229.0047 70.7557 50.4021
v -227.0585 70.7557 50.8693
v -225.2094 70.7557 51.6353
v -223.5028 70.7557 52.6810
v -221.9809 70.7557 53.9809
v -220.6810 70.7557 55.5028
v -219.6353 70.7557 57.2094
v -218.8693 70.7557 59.0585
v -218.4021 70.7557 61.0047
v -215.8447 68.5442 65.4004
v -215.6558 68.5442 63.0000
v -216.4068 68.5442 67.7416
v -217.3282 68.5442 69.9661
v -218.5863 68.5442 72.0191
v -220.1500 68.5442 73.8500
v -221.9809 68.5442 75.4137
v -224.0339 68.5442 76.6718
v -226.2584 68.5442 77.5932
v -228.5996 68.5442 78.1553
v -231.0000 68.5442 78.3442
v -233.4004 68.5442 78.1553
v -235.7416 68.5442 77.5932
v -237.9661 68.5442 76.6718
v -240.0191 68.5442 75.4137
v -241.8500 68.5442 73.8500
v -243.4137 68.5442 72.0191
v -244.6718 68.5442 69.9661
v -245.5932 68.5442 67.7416
v -246.1553 68.5442 65.4004
v -246.3442 68.5442 63.0000
v -246.1553 68.5442 60.5996
v -245.5932 68.5442 58.2584
v -244.6718 68.5442 56.0339
v -243.4137 68.5442 53.9809
v -241.8500 68.5442 52.1500
v -240.0191 68.5442 50.5863
v -237.9661 68.5442 49.3282
v -235.7416 68.5442 48.4068
v -233.4004 68.5442 47.8447
v -231.0000 68.5442 47.6558
v -228.5996 68.5442 47.8447
v -226.2584 68.5442 48.4068
v -224.0339 68.5442 49.3282
v -221.9809 68.5442 50.5863
v -220.1500 68.5442 52.1500
v -218.5863 68.5442 53.9809
v -217.3282 68.5442 56.0339
v -216.4068 68.5442 58.2584
v -215.8447 68.5442 60.5996
v -213.6605 65.9549 65.7463
v -213.4443 65.9549 63.0000
v -214.3036 65.9549 68.4250
v -215.3578 65.9549 70.9701
v -216.7972 65.9549 73.3190
v -218.5863 65.9549 75.4137
v -220.6810 65.9549 77.2028
v -223.0299 65.9549 78.6422
v -225.5750 65.9549 79.6964
v -228.2537 65.9549 80.3395
v -231.0000 65.9549 80.5557
v -233.7463 65.9549 80.3395
v -236.4250 65.9549 79.6964
v -238.9701 65.9549 78.6422
v -241.3190 65.9549 77.2028
v -243.4137 65.9549 75.4137
v -245.2028 65.9549 73.3190
v -246.6422 65.9549 70.9701
v -247.6964 65.9549 68.4250
v -248.3395 65.9549 65.7463
v -248.5557 65.9549 63.0000
v -248.3395 65.9549 60.2537
v -247.6964 65.9549 57.5750
v -246.6422 65.9549 55.0299
v -245.2028 65.9549 52.6810
v -243.4137 65.9549 50.5863
v -241.3190 65.9549 48.7972
v -238.9701 65.9549 47.3578
v -236.4250 65.9549 46.3036
v -233.7463 65.9549 45.6605
v -231.0000 65.9549 45.4443
v -228.2537 65.9549 45.6605
v -225.5750 65.9549 46.3036
v -223.0299 65.9549 47.3578
v -220.6810 65.9549 48.7972
v -218.5863 65.9549 50.5863
v -216.7972 65.9549 52.6810
v -215.3578 65.9549 55.0299
v -214.3036 65.9549 57.5750
v -213.6605 65.9549 60.2537
v -211.9032 63.0516 66.0246
v -211.6652 63.0516 63.0000
v -212.6115 63.0516 68.9748
v -213.7725 63.0516 71.7778
v -215.3578 63.0516 74.3647
v -217.3282 63.0516 76.6718
v -219.6353 63.0516 78.6422
v -222.2222 63.0516 80.2275
v -225.0252 63.0516 81.3885
v -227.9754 63.0516 82.0968
v -231.0000 63.0516 82.3348
v -234.0246 63.0516 82.0968
v -236.9748 63.0516 81.3885
v -239.7778 63.0516 80.2275
v -242.3647 63.0516 78.6422
v -244.6718 63.0516 76.6718
v -246.6422 63.0516 74.3647
v -248.2275 63.0516 71.7778
v -249.3885 63.0516 68.9748
v -250.0968 63.0516 66.0246
v -250.3348 63.0516 63.0000
v -250.0968 63.0516 59.9754
v -249.3885 63.0516 57.0252
v -248.2275 63.0516 54.2222
v -246.6422 63.0516 51.6353
v -244.6718 63.0516 49.3282
v -242.3647 63.0516 47.3578
v -239.7778 63.0516 45.7725
v -236.9748 63.0516 44.6115
v -234.0246 63.0516 43.9032
v -231.0000 63.0516 43.6652
v -227.9754 63.0516 43.9032
v -225.0252 63.0516 44.6115
v -222.2222 63.0516 45.7725
v -219.6353 63.0516 47.3578
v -217.3282 63.0516 49.3282
v -215.3578 63.0516 51.6353
v -213.7725 63.0516 54.2222
v -212.6115 63.0516 57.0252
v -211.9032 63.0516 59.9754
v -210.6162 59.9057 66.2285
v -210.3621 59.9057 63.0000
v -211.3722 59.9057 69.3775
v -212.6115 59.9057 72.3694
v -214.3036 59.9057 75.1307
v -216.4068 59.9057 77.5932
v -218.8693 59.9057 79.6964
v -221.6306 59.9057 81.3885
v -224.6225 59.9057 82.6278
v -227.7715 59.9057 83.3838
v -231.0000 59.9057 83.6379
v -234.2285 59.9057 83.3838
v -237.3775 59.9057 82.6278
v -240.3694 59.9057 81.3885
v -243.1307 59.9057 79.6964
v -245.5932 59.9057 77.5932
v -247.6964 59.9057 75.1307
v -249.3885 59.9057 72.3694
v -250.6278 59.9057 69.3775
v -251.3838 59.9057 66.2285
v -251.6379 59.9057 63.0000
v -251.3838 59.9057 59.7715
v -250.6278 59.9057 56.6225
v -249.3885 59.9057 53.6306
v -247.6964 59.9057 50.8693
v -245.5932 59.9057 48.4068
v -243.1307 59.9057 46.3036
v -240.3694 59.9057 44.6115
v -237.3775 59.9057 43.3722
v -234.2285 59.9057 42.6162
v -231.0000 59.9057 42.3621
v -227.7715 59.9057 42.6162
v -224.6225 59.9057 43.3722
v -221.6306 59.9057 44.6115
v -218.8693 59.9057 46.3036
v -216.4068 59.9057 48.4068
v -214.3036 59.9057 50.8693
v -212.6115 59.9057 53.6306
v -211.3722 59.9057 56.6225
v -210.6162 59.9057 59.7715
v -209.8310 56.5946 66.3528
v -209.5672 56.5946 63.0000
v -210.6162 56.5946 69.6231
v -211.9032 56.5946 72.7303
v -213.6605 56.5946 75.5979
v -215.8447 56.5946 78.1553
v -218.4021 56.5946 80.3395
v -221.2697 56.5946 82.0968
v -224.3769 56.5946 83.3838
v -227.6472 56.5946 84.1690
v -231.0000 56.5946 84.4328
v -234.3528 56.5946 84.1690
v -237.6231 56.5946 83.3838
v -240.7303 56.5946 82.0968
v -243.5979 56.5946 80.3395
v -246.1553 56.5946 78.1553
v -248.3395 56.5946 75.5979
v -250.0968 56.5946 72.7303
v -251.3838 56.5946 69.6231
v -252.1690 56.5946 66.3528
v -252.4328 56.5946 63.0000
v -252.1690 56.5946 59.6472
v -251.3838 56.5946 56.3769
v -250.0968 56.5946 53.2697
v -248.3395 56.5946 50.4021
v -246.1553 56.5946 47.8447
v -243.5979 56.5946 45.6605
v -240.7303 56.5946 43.9032
v -237.6231 56.5946 42.6162
v -234.3528 56.5946 41.8310
v -231.0000 56.5946 41.5672
v -227.6472 56.5946 41.8310
v -224.3769 56.5946 42.6162
v -221.2697 56.5946 43.9032
v -218.4021 56.5946 45.6605
v -215.8447 56.5946 47.8447
v -213.6605 56.5946 50.4021
v -211.9032 56.5946 53.2697
v -210.6162 56.5946 56.3769
v -209.8310 56.5946 59.6472
v -209.5672 53.2000 66.3946
v -209.3000 53.2000 63.0000
v -210.3621 53.2000 69.7057
v -211.6652 53.2000 72.8516
v -213.4443 53.2000 75.7549
v -215.6558 53.2000 78.3442
v -218.2451 53.2000 80.5557
v -221.1484 53.2000 82.3348
v -224.2943 53.2000 83.6379
v -227.6054 53.2000 84.4328
v -231.0000 53.2000 84.7000
v -234.3946 53.2000 84.4328
v -237.7057 53.2000 83.6379
v -240.8516 53.2000 82.3348
v -243.7549 53.2000 80.5557
v -246.3442 53.2000 78.3442
v -248.5557 53.2000 75.7549
v -250.3348 53.2000 72.8516
v -251.6379 53.2000 69.7057
v -252.4328 53.2000 66.3946
v -252.7000 53.2000 63.0000
v -252.4328 53.2000 59.6054
v -251.6379 53.2000 56.2943
v -250.3348 53.2000 53.1484
v -248.5557 53.2000 50.2451
v -246.3442 53.2000 47.6558
v -243.7549 53.2000 45.4443
v -240.8516 53.2000 43.6652
v -237.7057 53.2000 42.3621
v -234.3946 53.2000 41.5672
v -231.0000 53.2000 41.3000
v -227.6054 53.2000 41.5672
v -224.2943 53.2000 42.3621
v -221.1484 53.2000 43.6652
v -218.2451 53.2000 45.4443
v -215.6558 53.2000 47.6558
v -213.4443 53.2000 50.2451
v -211.6652 53.2000 53.1484
v -210.3621 53.2000 56.2943
v -209.5672 53.2000 59.6054
v -209.8310 49.8054 66.3528
v -209.5672 49.8054 63.0000
v -210.6162 49.8054 69.6231
v -211.9032 49.8054 72.7303
v -213.6605 49.8054 75.5979
v -215.8447 49.8054 78.1553
v -218.4021 49.8054 80.3395
v -221.2697 49.8054 82.0968
v -224.3769 49.8054 83.3838
v -227.6472 49.8054 84.1690
v -231.0000 49.8054 84.4328
v -234.3528 49.8054 84.1690
v -237.6231 49.8054 83.3838
v -240.7303 49.8054 82.0968
v -243.5979 49.8054 80.3395
v -246.1553 49.8054 78.1553
v -248.3395 49.8054 75.5979
v -250.0968 49.8054 72.7303
v -251.3838 49.8054 69.6231
v -252.1690 49.8054 66.3528
v -252.4328 49.8054 63.0000
v -252.1690 49.8054 59.6472
v -251.3838 49.8054 56.3769
v -250.0968 49.8054 53.2697
v -248.3395 49.8054 50.4021
v -246.1553 49.8054 47.8447
v -243.5979 49.8054 45.6605
v -240.7303 49.8054 43.9032
v -237.6231 49.8054 42.6162
v -234.3528 49.8054 41.8310
v -231.0000 49.8054 41.5672
v -227.6472 49.8054 41.8310
v -224.3769 49.8054 42.6162
v -221.2697 49.8054 43.9032
v -218.4021 49.8054 45.6605
v -215.8447 49.8054 47.8447
v -213.6605 49.8054 50.4021
v -211.9032 49.8054 53.2697
v -210.6162 49.8054 56.3769
v -209.8310 49.8054 59.6472
v -210.6162 46.4943 66.2285
v -210.3621 46.4943 63.0000
v -211.3722 46.4943 69.3775
v -212.6115 46.4943 72.3694
v -214.3036 46.4943 75.1307
v -216.4068 46.4943 77.5932
v -218.8693 46.4943 79.6964
v -221.6306 46.4943 81.3885
v -224.6225 46.4943 82.6278
v -227.7715 46.4943 83.3838
v -231.0000 46.4943 83.6379
v -234.2285 46.4943 83.3838
v -237.3775 46.4943 82.6278
v -240.3694 46.4943 81.3885
v -243.1307 46.4943 79.6964
v -245.5932 46.4943 77.5932
v -247.6964 46.4943 75.1307
v -249.3885 46.4943 72.3694
v -250.6278 46.4943 69.3775
v -251.3838 46.4943 66.2285
v -251.6379 46.4943 63.0000
v -251.3838 46.4943 59.7715
v -250.6278 46.4943 56.6225
v -249.3885 46.4943 53.6306
v -247.6964 46.4943 50.8693
v -245.5932 46.4943 48.4068
v -243.1307 46.4943 46.3036
v -240.3694 46.4943 44.6115
v -237.3775 46.4943 43.3722
v -234.2285 46.4943 42.6162
v -231.0000 46.4943 42.3621
v -227.7715 46.4943 42.6162
v -224.6225 46.4943 43.3722
v -221.6306 46.4943 44.6115
v -218.8693 46.4943 46.3036
v -216.4068 46.4943 48.4068
v -214.3036 46.4943 50.8693
v -212.6115 46.4943 53.6306
v -211.3722 46.4943 56.6225
v -210.6162 46.4943 59.7715
v -211.9032 43.3484 66.0246
v -211.6652 43.3484 63.0000
v -212.6115 43.3484 68.9748
v -213.7725 43.3484 71.7778
v -215.3578 43.3484 74.3647
v -217.3282 43.3484 76.6718
v -219.6353 43.3484 78.6422
v -222.2222 43.3484 80.2275
v -225.0252 43.3484 81.3885
v -227.9754 43.3484 82.0968
v -231.0000 43.3484 82.3348
v -234.0246 43.3484 82.0968
v -236.9748 43.3484 81.3885
v -239.7778 43.3484 80.2275
v -242.3647 43.3484 78.6422
v -244.6718 43.3484 76.6718
v -246.6422 43.3484 74.3647
v -248.2275 43.3484 71.7778
v -249.3885 43.3484 68.9748
v -250.0968 43.3484 66.0246
v -250.3348 43.3484 63.0000
v -250.0968 43.3484 59.9754
v -249.3885 43.3484 57.0252
v -248.2275 43.3484 54.2222
v -246.6422 43.3484 51.6353
v -244.6718 43.3484 49.3282
v -242.3647 43.3484 47.3578
v -239.7778 43.3484 45.7725
v -236.9748 43.3484 44.6115
v -234.0246 43.3484 43.9032
v -231.0000 43.3484 43.6652
v -227.9754 43.3484 43.9032
v -225.0252 43.3484 44.6115
v -222.2222 43.3484 45.7725
v -219.6353 43.3484 47.3578
v -217.3282 43.3484 49.3282
v -215.3578 43.3484 51.6353
v -213.7725 43.3484 54.2222
v -212.6115 43.3484 57.0252
v -211.9032 43.3484 59.9754
v -213.6605 40.4451 65.7463
v -213.4443 40.4451 63.0000
v -214.3036 40.4451 68.4250
v -215.3578 40.4451 70.9701
v -216.7972 40.4451 73.3190
v -218.5863 40.4451 75.4137
v -220.6810 40.4451 77.2028
v -223.0299 40.4451 78.6422
v -225.5750 40.4451 79.6964
v -228.2537 40.4451 80.3395
v -231.0000 40.4451 80.5557
v -233.7463 40.4451 80.3395
v -236.4250 40.4451 79.6964
v -238.9701 40.4451 78.6422
v -241.3190 40.4451 77.2028
v -243.4137 40.4451 75.4137
v -245.2028 40.4451 73.3190
v -246.6422 40.4451 70.9701
v -247.6964 40.4451 68.4250
v -248.3395 40.4451 65.7463
v -248.5557 40.4451 63.0000
v -248.3395 40.4451 60.2537
v -247.6964 40.4451 57.5750
v -246.6422 40.4451 55.0299
v -245.2028 40.4451 52.6810
v -243.4137 40.4451 50.5863
v -241.3190 40.4451 48.7972
v -238.9701 40.4451 47.3578
v -236.4250 40.4451 46.3036
v -233.7463 40.4451 45.6605
v -231.0000 40.4451 45.4443
v -228.2537 40.4451 45.6605
v -225.5750 40.4451 46.3036
v -223.0299 40.4451 47.3578
v -220.6810 40.4451 48.7972
v -218.5863 40.4451 50.5863
v -216.7972 40.4451 52.6810
v -215.3578 40.4451 55.0299
v -214.3036 40.4451 57.5750
v -213.6605 40.4451 60.2537
v -215.8447 37.8558 65.4004
v -215.6558 37.8558 63.0000
v -216.4068 37.8558 67.7416
v -217.3282 37.8558 69.9661
v -218.5863 37.8558 72.0191
v -220.1500 37.8558 73.8500
v -221.9809 37.8558 75.4137
v -224.0339 37.8558 76.6718
v -226.2584 37.8558 77.5932
v -228.5996 37.8558 78.1553
v -231.0000 37.8558 78.3442
v -233.4004 37.8558 78.1553
v -235.7416 37.8558 77.5932
v -237.9661 37.8558 76.6718
v -240.0191 37.8558 75.4137
v -241.8500 37.8558 73.8500
v -243.4137 37.8558 72.0191
v -244.6718 37.8558 69.9661
v -245.5932 37.8558 67.7416
v -246.1553 37.8558 65.4004
v -246.3442 37.8558 63.0000
v -246.1553 37.8558 60.5996
v -245.5932 37.8558 58.2584
v -244.6718 37.8558 56.0339
v -243.4137 37.8558 53.9809
v -241.8500 37.8558 52.1500
v -240.0191 37.8558 50.5863
v -237.9661 37.8558 49.3282
v -235.7416 37.8558 48.4068
v -233.4004 37.8558 47.8447
v -231.0000 37.8558 47.6558
v -228.5996 37.8558 47.8447
v -226.2584 37.8558 48.4068
v -224.0339 37.8558 49.3282
v -221.9809 37.8558 50.5863
v -220.1500 37.8558 52.1500
v -218.5863 37.8558 53.9809
v -217.3282 37.8558 56.0339
v -216.4068 37.8558 58.2584
v -215.8447 37.8558 60.5996
v -218.4021 35.6443 64.9953
v -218.2451 35.6443 63.0000
v -218.8693 35.6443 66.9415
v -219.6353 35.6443 68.7906
v -220.6810 35.6443 70.4972
v -221.9809 35.6443 72.0191
v -223.5028 35.6443 73.3190
v -225.2094 35.6443 74.3647
v -227.0585 35.6443 75.1307
v -229.0047 35.6443 75.5979
v -231.0000 35.6443 75.7549
v -232.9953 35.6443 75.5979
v -234.9415 35.6443 75.1307
v -236.7906 35.6443 74.3647
v -238.4972 35.6443 73.3190
v -240.0191 35.6443 72.0191
v -241.3190 35.6443 70.4972
v -242.3647 35.6443 68.7906
v -243.1307 35.6443 66.9415
v -243.5979 35.6443 64.9953
v -243.7549 35.6443 63.0000
v -243.5979 35.6443 61.0047
v -243.1307 35.6443 59.0585
v -242.3647 35.6443 57.2094
v -241.3190 35.6443 55.5028
v -240.0191 35.6443 53.9809
v -238.4972 35.6443 52.6810
v -236.7906 35.6443 51.6353
v -234.9415 35.6443 50.8693
v -232.9953 35.6443 50.4021
v -231.0000 35.6443 50.2451
v -229.0047 35.6443 50.4021
v -227.0585 35.6443 50.8693
v -225.2094 35.6443 51.6353
v -223.5028 35.6443 52.6810
v -221.9809 35.6443 53.9809
v -220.6810 35.6443 55.5028
v -219.6353 35.6443 57.2094
v -218.8693 35.6443 59.0585
v -218.4021 35.6443 61.0047
v -221.2697 33.8652 64.5411
v -221.1484 33.8652 63.0000
v -221.6306 33.8652 66.0443
v -222.2222 33.8652 67.4725
v -223.0299 33.8652 68.7906
v -224.0339 33.8652 69.9661
v -225.2094 33.8652 70.9701
v -226.5275 33.8652 71.7778
v -227.9557 33.8652 72.3694
v -229.4589 33.8652 72.7303
v -231.0000 33.8652 72.8516
v -232.5411 33.8652 72.7303
v -234.0443 33.8652 72.3694
v -235.4725 33.8652 71.7778
v -236.7906 33.8652 70.9701
v -237.9661 33.8652 69.9661
v -238.9701 33.8652 68.7906
v -239.7778 33.8652 67.4725
v -240.3694 33.8652 66.0443
v -240.7303 33.8652 64.5411
v -240.8516 33.8652 63.0000
v -240.7303 33.8652 61.4589
v -240.3694 33.8652 59.9557
v -239.7778 33.8652 58.5275
v -238.9701 33.8652 57.2094
v -237.9661 33.8652 56.0339
v -236.7906 33.8652 55.0299
v -235.4725 33.8652 54.2222
v -234.0443 33.8652 53.6306
v -232.5411 33.8652 53.2697
v -231.0000 33.8652 53.1484
v -229.4589 33.8652 53.2697
v -227.9557 33.8652 53.6306
v -226.5275 33.8652 54.2222
v -225.2094 33.8652 55.0299
v -224.0339 33.8652 56.0339
v -223.0299 33.8652 57.2094
v -222.2222 33.8652 58.5275
v -221.6306 33.8652 59.9557
v -221.2697 33.8652 61.4589
v -224.3769 32.5621 64.0490
v -224.2943 32.5621 63.0000
v -224.6225 32.5621 65.0722
v -225.0252 32.5621 66.0443
v -225.5750 32.5621 66.9415
v -226.2584 32.5621 67.7416
v -227.0585 32.5621 68.4250
v -227.9557 32.5621 68.9748
v -228.9278 32.5621 69.3775
v -229.9510 32.5621 69.6231
v -231.0000 32.5621 69.7057
v -232.0490 32.5621 69.6231
v -233.0722 32.5621 69.3775
v -234.0443 32.5621 68.9748
v -234.9415 32.5621 68.4250
v -235.7416 32.5621 67.7416
v -236.4250 32.5621 66.9415
v -236.9748 32.5621 66.0443
v -237.3775 32.5621 65.0722
v -237.6231 32.5621 64.0490
v -237.7057 32.5621 63.0000
v -237.6231 32.5621 61.9510
v -237.3775 32.5621 60.9278
v -236.9748 32.5621 59.9557
v -236.4250 32.5621 59.0585
v -235.7416 32.5621 58.2584
v -234.9415 32.5621 57.5750
v -234.0443 32.5621 57.0252
v -233.0722 32.5621 56.6225
v -232.0490 32.5621 56.3769
v -231.0000 32.5621 56.2943
v -229.9510 32.5621 56.3769
v -228.9278 32.5621 56.6225
v -227.9557 32.5621 57.0252
v -227.0585 32.5621 57.5750
v -226.2584 32.5621 58.2584
v -225.5750 32.5621 59.0585
v -225.0252 32.5621 59.9557
v -224.6225 32.5621 60.9278
v -224.3769 32.5621 61.9510
v -227.6472 31.7672 63.5310
v -227.6054 31.7672 63.0000
v -227.7715 31.7672 64.0490
v -227.9754 31.7672 64.5411
v -228.2537 31.7672 64.9953
v -228.5996 31.7672 65.4004
v -229.0047 31.7672 65.7463
v -229.4589 31.7672 66.0246
v -229.9510 31.7672 66.2285
v -230.4690 31.7672 66.3528
v -231.0000 31.7672 66.3946
v -231.5310 31.7672 66.3528
v -232.0490 31.7672 66.2285
v -232.5411 31.7672 66.0246
v -232.9953 31.7672 65.7463
v -233.4004 31.7672 65.4004
v -233.7463 31.7672 64.9953
v -234.0246 31.7672 64.5411
v -234.2285 31.7672 64.0490
v -234.3528 31.7672 63.5310
v -234.3946 31.7672 63.0000
v -234.3528 31.7672 62.4690
v -234.2285 31.7672 61.9510
v -234.0246 31.7672 61.4589
v -233.7463 31.7672 61.0047
v -233.4004 31.7672 60.5996
v -232.9953 31.7672 60.2537
v -232.5411 31.7672 59.9754
v -232.0490 31.7672 59.7715
v -231.5310 31.7672 59.6472
v -231.0000 31.7672 59.6054
v -230.4690 31.7672 59.6472
v -229.9510 31.7672 59.7715
v -229.4589 31.7672 59.9754
v -229.0047 31.7672 60.2537
v -228.5996 31.7672 60.5996
v -228.2537 31.7672 61.0047
v -227.9754 31.7672 61.4589
v -227.7715 31.7672 61.9510
v -227.6472 31.7672 62.4690
vn 0.000000 1.000000 0.000000
vn 0.000000 -1.000000 0.000000
vn 0.000000 0.000000 -1.000000
vn 0.000000 0.000000 1.000000
vn -1.000000 0.000000 0.000000
vn 1.000000 0.000000 0.000000
vn 0.965926 0.000000 0.258819
vn 0.866025 0.000000 0.500000
vn 0.707107 0.000000 0.707107
vn 0.500000 0.000000 0.866025
vn 0.258819 0.000000 0.965926
vn -0.258819 0.000000 0.965926
vn -0.500000 0.000000 0.866025
vn -0.707107 0.000000 0.707107
vn -0.866025 0.000000 0.500000
vn -0.965926 0.000000 0.258819
vn -0.965926 0.000000 -0.258819
vn -0.866025 0.000000 -0.500000
vn -0.707107 0.000000 -0.707107
vn -0.500000 0.000000 -0.866025
vn -0.258819 0.000000 -0.965926
vn 0.258819 0.000000 -0.965926
vn 0.500000 0.000000 -0.866025
vn 0.707107 0.000000 -0.707107
vn 0.866025 0.000000 -0.500000
vn 0.965926 0.000000 -0.258819
vn 0.129410 0.991445 0.017037
vn 0.130526 0.991445 0.000000
vn 0.126079 0.991445 0.033783
vn 0.120590 0.991445 0.049950
vn 0.113039 0.991445 0.065263
vn 0.103553 0.991445 0.079459
vn 0.092296 0.991445 0.092296
vn 0.079459 0.991445 0.103553
vn 0.065263 0.991445 0.113039
vn 0.049950 0.991445 0.120590
vn 0.033783 0.991445 0.126079
vn 0.017037 0.991445 0.129410
vn 0.000000 0.991445 0.130526
vn -0.017037 0.991445 0.129410
vn -0.033783 0.991445 0.126079
vn -0.049950 0.991445 0.120590
vn -0.065263 0.991445 0.113039
vn -0.079459 0.991445 0.103553
vn -0.092296 0.991445 0.092296
vn -0.103553 0.991445 0.079459
vn -0.113039 0.991445 0.065263
vn -0.120590 0.991445 0.049950
vn -0.126079 0.991445 0.033783
vn -0.129410 0.991445 0.017037
vn -0.130526 0.991445 0.000000
vn -0.129410 0.991445 -0.017037
vn -0.126079 0.991445 -0.033783
vn -0.120590 0.991445 -0.049950
vn -0.113039 0.991445 -0.065263
vn -0.103553 0.991445 -0.079459
vn -0.092296 0.991445 -0.092296
vn -0.079459 0.991445 -0.103553
vn -0.065263 0.991445 -0.113039
vn -0.049950 0.991445 -0.120590
vn -0.033783 0.991445 -0.126079
vn -0.017037 0.991445 -0.129410
vn -0.000000 0.991445 -0.130526
vn 0.017037 0.991445 -0.129410
vn 0.033783 0.991445 -0.126079
vn 0.049950 0.991445 -0.120590
vn 0.065263 0.991445 -0.113039
vn 0.079459 0.991445 -0.103553
vn 0.092296 0.991445 -0.092296
vn 0.103553 0.991445 -0.079459
vn 0.113039 0.991445 -0.065263
vn 0.120590 0.991445 -0.049950
vn 0.126079 0.991445 -0.033783
vn 0.129410 0.991445 -0.017037
vn 0.256605 0.965926 0.033783
vn 0.258819 0.965926 0.000000
vn 0.250000 0.965926 0.066987
vn 0.239118 0.965926 0.099046
vn 0.224144 0.965926 0.129410
vn 0.205335 0.965926 0.157559
vn 0.183013 0.965926 0.183013
vn 0.157559 0.965926 0.205335
vn 0.129410 0.965926 0.224144
vn 0.099046 0.965926 0.239118
vn 0.066987 0.965926 0.250000
vn 0.033783 0.965926 0.256605
vn 0.000000 0.965926 0.258819
vn -0.033783 0.965926 0.256605
vn -0.066987 0.965926 0.250000
vn -0.099046 0.965926 0.239118
vn -0.129410 0.965926 0.224144
vn -0.157559 0.965926 0.205335
vn -0.183013 0.965926 0.183013
vn -0.205335 0.965926 0.157559
vn -0.224144 0.965926 0.129410
vn -0.239118 0.965926 0.099046
vn -0.250000 0.965926 0.066987
vn -0.256605 0.965926 0.033783
vn -0.258819 0.965926 0.000000
vn -0.256605 0.965926 -0.033783
vn -0.250000 0.965926 -0.066987
vn -0.239118 0.965926 -0.099046
vn -0.224144 0.965926 -0.129410
vn -0.205335 0.965926 -0.157559
vn -0.183013 0.965926 -0.183013
vn -0.157559 0.965926 -0.205335
vn -0.129410 0.965926 -0.224144
vn -0.099046 0.965926 -0.239118
vn -0.066987 0.965926 -0.250000
vn -0.033783 0.965926 -0.256605
vn -0.000000 0.965926 -0.258819
vn 0.033783 0.965926 -0.256605
vn 0.066987 0.965926 -0.250000
vn 0.099046 0.965926 -0.239118
vn 0.129410 0.965926 -0.224144
vn 0.157559 0.965926 -0.205335
vn 0.183013 0.965926 -0.183013
vn 0.205335 0.965926 -0.157559
vn 0.224144 0.965926 -0.129410
vn 0.239118 0.965926 -0.099046
vn 0.250000 0.965926 -0.066987
vn 0.256605 0.965926 -0.033783
vn 0.379410 0.923880 0.049950
vn 0.382683 0.923880 0.000000
vn 0.369644 0.923880 0.099046
vn 0.353553 0.923880 0.146447
vn 0.331414 0.923880 0.191342
vn 0.303603 0.923880 0.232963
vn 0.270598 0.923880 0.270598
vn 0.232963 0.923880 0.303603
vn 0.191342 0.923880 0.331414
vn 0.146447 0.923880 0.353553
vn 0.099046 0.923880 0.369644
vn 0.049950 0.923880 0.379410
vn 0.000000 0.923880 0.382683
vn -0.049950 0.923880 0.379410
vn -0.099046 0.923880 0.369644
vn -0.146447 0.923880 0.353553
vn -0.191342 0.923880 0.331414
vn -0.232963 0.923880 0.303603
vn -0.270598 0.923880 0.270598
vn -0.303603 0.923880 0.232963
vn -0.331414 0.923880 0.191342
vn -0.353553 0.923880 0.146447
vn -0.369644 0.923880 0.099046
vn -0.379410 0.923880 0.049950
vn -0.382683 0.923880 0.000000
vn -0.379410 0.923880 -0.049950
vn -0.369644 0.923880 -0.099046
vn -0.353553 0.923880 -0.146447
vn -0.331414 0.923880 -0.191342
vn -0.303603 0.923880 -0.232963
vn -0.270598 0.923880 -0.270598
vn -0.232963 0.923880 -0.303603
vn -0.191342 0.923880 -0.331414
vn -0.146447 0.923880 -0.353553
vn -0.099046 0.923880 -0.369644
vn -0.049950 0.923880 -0.379410
vn -0.000000 0.923880 -0.382683
vn 0.049950 0.923880 -0.379410
vn 0.099046 0.923880 -0.369644
vn 0.146447 0.923880 -0.353553
vn 0.191342 0.923880 -0.331414
vn 0.232963 0.923880 -0.303603
vn 0.270598 0.923880 -0.270598
vn 0.303603 0.923880 -0.232963
vn 0.331414 0.923880 -0.191342
vn 0.353553 0.923880 -0.146447
vn 0.369644 0.923880 -0.099046
vn 0.379410 0.923880 -0.049950
vn 0.495722 0.866025 0.065263
vn 0.500000 0.866025 0.000000
vn 0.482963 0.866025 0.129410
vn 0.461940 0.866025 0.191342
vn 0.433013 0.866025 0.250000
vn 0.396677 0.866025 0.304381
vn 0.353553 0.866025 0.353553
vn 0.304381 0.866025 0.396677
vn 0.250000 0.866025 0.433013
vn 0.191342 0.866025 0.461940
vn 0.129410 0.866025 0.482963
vn 0.065263 0.866025 0.495722
vn 0.000000 0.866025 0.500000
vn -0.065263 0.866025 0.495722
vn -0.129410 0.866025 0.482963
vn -0.191342 0.866025 0.461940
vn -0.250000 0.866025 0.433013
vn -0.304381 0.866025 0.396677
vn -0.353553 0.866025 0.353553
vn -0.396677 0.866025 0.304381
vn -0.433013 0.866025 0.250000
vn -0.461940 0.866025 0.191342
vn -0.482963 0.866025 0.129410
vn -0.495722 0.866025 0.065263
vn -0.500000 0.866025 0.000000
vn -0.495722 0.866025 -0.065263
vn -0.482963 0.866025 -0.129410
vn -0.461940 0.866025 -0.191342
vn -0.433013 0.866025 -0.250000
vn -0.396677 0.866025 -0.304381
vn -0.353553 0.866025 -0.353553
vn -0.304381 0.866025 -0.396677
vn -0.250000 0.866025 -0.433013
vn -0.191342 0.866025 -0.461940
vn -0.129410 0.866025 -0.482963
vn -0.065263 0.866025 -0.495722
vn -0.000000 0.866025 -0.500000
vn 0.065263 0.866025 -0.495722
vn 0.129410 0.866025 -0.482963
vn 0.191342 0.866025 -0.461940
vn 0.250000 0.866025 -0.433013
vn 0.304381 0.866025 -0.396677
vn 0.353553 0.866025 -0.353553
vn 0.396677 0.866025 -0.304381
vn 0.433013 0.866025 -0.250000
vn 0.461940 0.866025 -0.191342
vn 0.482963 0.866025 -0.129410
vn 0.495722 0.866025 -0.065263
vn 0.603553 0.793353 0.079459
vn 0.608761 0.793353 0.000000
vn 0.588018 0.793353 0.157559
vn 0.562422 0.793353 0.232963
vn 0.527203 0.793353 0.304381
vn 0.482963 0.793353 0.370590
vn 0.430459 0.793353 0.430459
vn 0.370590 0.793353 0.482963
vn 0.304381 0.793353 0.527203
vn 0.232963 0.793353 0.562422
vn 0.157559 0.793353 0.588018
vn 0.079459 0.793353 0.603553
vn 0.000000 0.793353 0.608761
vn -0.079459 0.793353 0.603553
vn -0.157559 0.793353 0.588018
vn -0.232963 0.793353 0.562422
vn -0.304381 0.793353 0.527203
vn -0.370590 0.793353 0.482963
vn -0.430459 0.793353 0.430459
vn -0.482963 0.793353 0.370590
vn -0.527203 0.793353 0.304381
vn -0.562422 0.793353 0.232963
vn -0.588018 0.793353 0.157559
vn -0.603553 0.793353 0.079459
vn -0.608761 0.793353 0.000000
vn -0.603553 0.793353 -0.079459
vn -0.588018 0.793353 -0.157559
vn -0.562422 0.793353 -0.232963
vn -0.527203 0.793353 -0.304381
vn -0.482963 0.793353 -0.370590
vn -0.430459 0.793353 -0.430459
vn -0.370590 0.793353 -0.482963
vn -0.304381 0.793353 -0.527203
vn -0.232963 0.793353 -0.562422
vn -0.157559 0.793353 -0.588018
vn -0.079459 0.793353 -0.603553
vn -0.000000 0.793353 -0.608761
vn 0.079459 0.793353 -0.603553
vn 0.157559 0.793353 -0.588018
vn 0.232963 0.793353 -0.562422
vn 0.304381 0.793353 -0.527203
vn 0.370590 0.793353 -0.482963
vn 0.430459 0.793353 -0.430459
vn 0.482963 0.793353 -0.370590
vn 0.527203 0.793353 -0.304381
vn 0.562422 0.793353 -0.232963
vn 0.588018 0.793353 -0.157559
vn 0.603553 0.793353 -0.079459
vn 0.701057 0.707107 0.092296
vn 0.707107 0.707107 0.000000
vn 0.683013 0.707107 0.183013
vn 0.653281 0.707107 0.270598
vn 0.612372 0.707107 0.353553
vn 0.560986 0.707107 0.430459
vn 0.500000 0.707107 0.500000
vn 0.430459 0.707107 0.560986
vn 0.353553 0.707107 0.612372
vn 0.270598 0.707107 0.653281
vn 0.183013 0.707107 0.683013
vn 0.092296 0.707107 0.701057
vn 0.000000 0.707107 0.707107
vn -0.092296 0.707107 0.701057
vn -0.183013 0.707107 0.683013
vn -0.270598 0.707107 0.653281
vn -0.353553 0.707107 0.612372
vn -0.430459 0.707107 0.560986
vn -0.500000 0.707107 0.500000
vn -0.560986 0.707107 0.430459
vn -0.612372 0.707107 0.353553
vn -0.653281 0.707107 0.270598
vn -0.683013 0.707107 0.183013
vn -0.701057 0.707107 0.092296
vn -0.707107 0.707107 0.000000
vn -0.701057 0.707107 -0.092296
vn -0.683013 0.707107 -0.183013
vn -0.653281 0.707107 -0.270598
vn -0.612372 0.707107 -0.353553
vn -0.560986 0.707107 -0.430459
vn -0.500000 0.707107 -0.500000
vn -0.430459 0.707107 -0.560986
vn -0.353553 0.707107 -0.612372
vn -0.270598 0.707107 -0.653281
vn -0.183013 0.707107 -0.683013
vn -0.092296 0.707107 -0.701057
vn -0.000000 0.707107 -0.707107
vn 0.092296 0.707107 -0.701057
vn 0.183013 0.707107 -0.683013
vn 0.270598 0.707107 -0.653281
vn 0.353553 0.707107 -0.612372
vn 0.430459 0.707107 -0.560986
vn 0.500000 0.707107 -0.500000
vn 0.560986 0.707107 -0.430459
vn 0.612372 0.707107 -0.353553
vn 0.653281 0.707107 -0.270598
vn 0.683013 0.707107 -0.183013
vn 0.701057 0.707107 -0.092296
vn 0.786566 0.608761 0.103553
vn 0.793353 0.608761 0.000000
vn 0.766320 0.608761 0.205335
vn 0.732963 0.608761 0.303603
vn 0.687064 0.608761 0.396677
vn 0.629410 0.608761 0.482963
vn 0.560986 0.608761 0.560986
vn 0.482963 0.608761 0.629410
vn 0.396677 0.608761 0.687064
vn 0.303603 0.608761 0.732963
vn 0.205335 0.608761 0.766320
vn 0.103553 0.608761 0.786566
vn 0.000000 0.608761 0.793353
vn -0.103553 0.608761 0.786566
vn -0.205335 0.608761 0.766320
vn -0.303603 0.608761 0.732963
vn -0.396677 0.608761 0.687064
vn -0.482963 0.608761 0.629410
vn -0.560986 0.608761 0.560986
vn -0.629410 0.608761 0.482963
vn -0.687064 0.608761 0.396677
vn -0.732963 0.608761 0.303603
vn -0.766320 0.608761 0.205335
vn -0.786566 0.608761 0.103553
vn -0.793353 0.608761 0.000000
vn -0.786566 0.608761 -0.103553
vn -0.766320 0.608761 -0.205335
vn -0.732963 0.608761 -0.303603
vn -0.687064 0.608761 -0.396677
vn -0.629410 0.608761 -0.482963
vn -0.560986 0.608761 -0.560986
vn -0.482963 0.608761 -0.629410
vn -0.396677 0.608761 -0.687064
vn -0.303603 0.608761 -0.732963
vn -0.205335 0.608761 -0.766320
vn -0.103553 0.608761 -0.786566
vn -0.000000 0.608761 -0.793353
vn 0.103553 0.608761 -0.786566
vn 0.205335 0.608761 -0.766320
vn 0.303603 0.608761 -0.732963
vn 0.396677 0.608761 -0.687064
vn 0.482963 0.608761 -0.629410
vn 0.560986 0.608761 -0.560986
vn 0.629410 0.608761 -0.482963
vn 0.687064 0.608761 -0.396677
vn 0.732963 0.608761 -0.303603
vn 0.766320 0.608761 -0.205335
vn 0.786566 0.608761 -0.103553
vn 0.858616 0.500000 0.113039
vn 0.866025 0.500000 0.000000
vn 0.836516 0.500000 0.224144
vn 0.800103 0.500000 0.331414
vn 0.750000 0.500000 0.433013
vn 0.687064 0.500000 0.527203
vn 0.612372 0.500000 0.612372
vn 0.527203 0.500000 0.687064
vn 0.433013 0.500000 0.750000
vn 0.331414 0.500000 0.800103
vn 0.224144 0.500000 0.836516
vn 0.113039 0.500000 0.858616
vn 0.000000 0.500000 0.866025
vn -0.113039 0.500000 0.858616
vn -0.224144 0.500000 0.836516
vn -0.331414 0.500000 0.800103
vn -0.433013 0.500000 0.750000
vn -0.527203 0.500000 0.687064
vn -0.612372 0.500000 0.612372
vn -0.687064 0.500000 0.527203
vn -0.750000 0.500000 0.433013
vn -0.800103 0.500000 0.331414
vn -0.836516 0.500000 0.224144
vn -0.858616 0.500000 0.113039
vn -0.866025 0.500000 0.000000
vn -0.858616 0.500000 -0.113039
vn -0.836516 0.500000 -0.224144
vn -0.800103 0.500000 -0.331414
vn -0.750000 0.500000 -0.433013
vn -0.687064 0.500000 -0.527203
vn -0.612372 0.500000 -0.612372
vn -0.527203 0.500000 -0.687064
vn -0.433013 0.500000 -0.750000
vn -0.331414 0.500000 -0.800103
vn -0.224144 0.500000 -0.836516
vn -0.113039 0.500000 -0.858616
vn -0.000000 0.500000 -0.866025
vn 0.113039 0.500000 -0.858616
vn 0.224144 0.500000 -0.836516
vn 0.331414 0.500000 -0.800103
vn 0.433013 0.500000 -0.750000
vn 0.527203 0.500000 -0.687064
vn 0.612372 0.500000 -0.612372
vn 0.687064 0.500000 -0.527203
vn 0.750000 0.500000 -0.433013
vn 0.800103 0.500000 -0.331414
vn 0.836516 0.500000 -0.224144
vn 0.858616 0.500000 -0.113039
vn 0.915976 0.382683 0.120590
vn 0.923880 0.382683 0.000000
vn 0.892399 0.382683 0.239118
vn 0.853553 0.382683 0.353553
vn 0.800103 0.382683 0.461940
vn 0.732963 0.382683 0.562422
vn 0.653281 0.382683 0.653281
vn 0.562422 0.382683 0.732963
vn 0.461940 0.382683 0.800103
vn 0.353553 0.382683 0.853553
vn 0.239118 0.382683 0.892399
vn 0.120590 0.382683 0.915976
vn 0.000000 0.382683 0.923880
vn -0.120590 0.382683 0.915976
vn -0.239118 0.382683 0.892399
vn -0.353553 0.382683 0.853553
vn -0.461940 0.382683 0.800103
vn -0.562422 0.382683 0.732963
vn -0.653281 0.382683 0.653281
vn -0.732963 0.382683 0.562422
vn -0.800103 0.382683 0.461940
vn -0.853553 0.382683 0.353553
vn -0.892399 0.382683 0.239118
vn -0.915976 0.382683 0.120590
vn -0.923880 0.382683 0.000000
vn -0.915976 0.382683 -0.120590
vn -0.892399 0.382683 -0.239118
vn -0.853553 0.382683 -0.353553
vn -0.800103 0.382683 -0.461940
vn -0.732963 0.382683 -0.562422
vn -0.653281 0.382683 -0.653281
vn -0.562422 0.382683 -0.732963
vn -0.461940 0.382683 -0.800103
vn -0.353553 0.382683 -0.853553
vn -0.239118 0.382683 -0.892399
vn -0.120590 0.382683 -0.915976
vn -0.000000 0.382683 -0.923880
vn 0.120590 0.382683 -0.915976
vn 0.239118 0.382683 -0.892399
vn 0.353553 0.382683 -0.853553
vn 0.461940 0.382683 -0.800103
vn 0.562422 0.382683 -0.732963
vn 0.653281 0.382683 -0.653281
vn 0.732963 0.382683 -0.562422
vn 0.800103 0.382683 -0.461940
vn 0.853553 0.382683 -0.353553
vn 0.892399 0.382683 -0.239118
vn 0.915976 0.382683 -0.120590
vn 0.957662 0.258819 0.126079
vn 0.965926 0.258819 0.000000
vn 0.933013 0.258819 0.250000
vn 0.892399 0.258819 0.369644
vn 0.836516 0.258819 0.482963
vn 0.766320 0.258819 0.588018
vn 0.683013 0.258819 0.683013
vn 0.588018 0.258819 0.766320
vn 0.482963 0.258819 0.836516
vn 0.369644 0.258819 0.892399
vn 0.250000 0.258819 0.933013
vn 0.126079 0.258819 0.957662
vn 0.000000 0.258819 0.965926
vn -0.126079 0.258819 0.957662
vn -0.250000 0.258819 0.933013
vn -0.369644 0.258819 0.892399
vn -0.482963 0.258819 0.836516
vn -0.588018 0.258819 0.766320
vn -0.683013 0.258819 0.683013
vn -0.766320 0.258819 0.588018
vn -0.836516 0.258819 0.482963
vn -0.892399 0.258819 0.369644
vn -0.933013 0.258819 0.250000
vn -0.957662 0.258819 0.126079
vn -0.965926 0.258819 0.000000
vn -0.957662 0.258819 -0.126079
vn -0.933013 0.258819 -0.250000
vn -0.892399 0.258819 -0.369644
vn -0.836516 0.258819 -0.482963
vn -0.766320 0.258819 -0.588018
vn -0.683013 0.258819 -0.683013
vn -0.588018 0.258819 -0.766320
vn -0.482963 0.258819 -0.836516
vn -0.369644 0.258819 -0.892399
vn -0.250000 0.258819 -0.933013
vn -0.126079 0.258819 -0.957662
vn -0.000000 0.258819 -0.965926
vn 0.126079 0.258819 -0.957662
vn 0.250000 0.258819 -0.933013
vn 0.369644 0.258819 -0.892399
vn 0.482963 0.258819 -0.836516
vn 0.588018 0.258819 -0.766320
vn 0.683013 0.258819 -0.683013
vn 0.766320 0.258819 -0.588018
vn 0.836516 0.258819 -0.482963
vn 0.892399 0.258819 -0.369644
vn 0.933013 0.258819 -0.250000
vn 0.957662 0.258819 -0.126079
vn 0.982963 0.130526 0.129410
vn 0.991445 0.130526 0.000000
vn 0.957662 0.130526 0.256605
vn 0.915976 0.130526 0.379410
vn 0.858616 0.130526 0.495722
vn 0.786566 0.130526 0.603553
vn 0.701057 0.130526 0.701057
vn 0.603553 0.130526 0.786566
vn 0.495722 0.130526 0.858616
vn 0.379410 0.130526 0.915976
vn 0.256605 0.130526 0.957662
vn 0.129410 0.130526 0.982963
vn 0.000000 0.130526 0.991445
vn -0.129410 0.130526 0.982963
vn -0.256605 0.130526 0.957662
vn -0.379410 0.130526 0.915976
vn -0.495722 0.130526 0.858616
vn -0.603553 0.130526 0.786566
vn -0.701057 0.130526 0.701057
vn -0.786566 0.130526 0.603553
vn -0.858616 0.130526 0.495722
vn -0.915976 0.130526 0.379410
vn -0.957662 0.130526 0.256605
vn -0.982963 0.130526 0.129410
vn -0.991445 0.130526 0.000000
vn -0.982963 0.130526 -0.129410
vn -0.957662 0.130526 -0.256605
vn -0.915976 0.130526 -0.379410
vn -0.858616 0.130526 -0.495722
vn -0.786566 0.130526 -0.603553
vn -0.701057 0.130526 -0.701057
vn -0.603553 0.130526 -0.786566
vn -0.495722 0.130526 -0.858616
vn -0.379410 0.130526 -0.915976
vn -0.256605 0.130526 -0.957662
vn -0.129410 0.130526 -0.982963
vn -0.000000 0.130526 -0.991445
vn 0.129410 0.130526 -0.982963
vn 0.256605 0.130526 -0.957662
vn 0.379410 0.130526 -0.915976
vn 0.495722 0.130526 -0.858616
vn 0.603553 0.130526 -0.786566
vn 0.701057 0.130526 -0.701057
vn 0.786566 0.130526 -0.603553
vn 0.858616 0.130526 -0.495722
vn 0.915976 0.130526 -0.379410
vn 0.957662 0.130526 -0.256605
vn 0.982963 0.130526 -0.129410
vn 0.991445 0.000000 0.130526
vn 0.923880 0.000000 0.382683
vn 0.793353 0.000000 0.608761
vn 0.608761 0.000000 0.793353
vn 0.382683 0.000000 0.923880
vn 0.130526 0.000000 0.991445
vn -0.130526 0.000000 0.991445
vn -0.382683 0.000000 0.923880
vn -0.608761 0.000000 0.793353
vn -0.793353 0.000000 0.608761
vn -0.923880 0.000000 0.382683
vn -0.991445 0.000000 0.130526
vn -0.991445 0.000000 -0.130526
vn -0.923880 0.000000 -0.382683
vn -0.793353 0.000000 -0.608761
vn -0.608761 0.000000 -0.793353
vn -0.382683 0.000000 -0.923880
vn -0.130526 0.000000 -0.991445
vn 0.130526 0.000000 -0.991445
vn 0.382683 0.000000 -0.923880
vn 0.608761 0.000000 -0.793353
vn 0.793353 0.000000 -0.608761
vn 0.923880 0.000000 -0.382683
vn 0.991445 0.000000 -0.130526
vn 0.982963 -0.130526 0.129410
vn 0.991445 -0.130526 0.000000
vn 0.957662 -0.130526 0.256605
vn 0.915976 -0.130526 0.379410
vn 0.858616 -0.130526 0.495722
vn 0.786566 -0.130526 0.603553
vn 0.701057 -0.130526 0.701057
vn 0.603553 -0.130526 0.786566
vn 0.495722 -0.130526 0.858616
vn 0.379410 -0.130526 0.915976
vn 0.256605 -0.130526 0.957662
vn 0.129410 -0.130526 0.982963
vn 0.000000 -0.130526 0.991445
vn -0.129410 -0.130526 0.982963
vn -0.256605 -0.130526 0.957662
vn -0.379410 -0.130526 0.915976
vn -0.495722 -0.130526 0.858616
vn -0.603553 -0.130526 0.786566
vn -0.701057 -0.130526 0.701057
vn -0.786566 -0.130526 0.603553
vn -0.858616 -0.130526 0.495722
vn -0.915976 -0.130526 0.379410
vn -0.957662 -0.130526 0.256605
vn -0.982963 -0.130526 0.129410
vn -0.991445 -0.130526 0.000000
vn -0.982963 -0.130526 -0.129410
vn -0.957662 -0.130526 -0.256605
vn -0.915976 -0.130526 -0.379410
vn -0.858616 -0.130526 -0.495722
vn -0.786566 -0.130526 -0.603553
vn -0.701057 -0.130526 -0.701057
vn -0.603553 -0.130526 -0.786566
vn -0.495722 -0.130526 -0.858616
vn -0.379410 -0.130526 -0.915976
vn -0.256605 -0.130526 -0.957662
vn -0.129410 -0.130526 -0.982963
vn -0.000000 -0.130526 -0.991445
vn 0.129410 -0.130526 -0.982963
vn 0.256605 -0.130526 -0.957662
vn 0.379410 -0.130526 -0.915976
vn 0.495722 -0.130526 -0.858616
vn 0.603553 -0.130526 -0.786566
vn 0.701057 -0.130526 -0.701057
vn 0.786566 -0.130526 -0.603553
vn 0.858616 -0.130526 -0.495722
vn 0.915976 -0.130526 -0.379410
vn 0.957662 -0.130526 -0.256605
vn 0.982963 -0.130526 -0.129410
vn 0.957662 -0.258819 0.126079
vn 0.965926 -0.258819 0.000000
vn 0.933013 -0.258819 0.250000
vn 0.892399 -0.258819 0.369644
vn 0.836516 -0.258819 0.482963
vn 0.766320 -0.258819 0.588018
vn 0.683013 -0.258819 0.683013
vn 0.588018 -0.258819 0.766320
vn 0.482963 -0.258819 0.836516
vn 0.369644 -0.258819 0.892399
vn 0.250000 -0.258819 0.933013
vn 0.126079 -0.258819 0.957662
vn 0.000000 -0.258819 0.965926
vn -0.126079 -0.258819 0.957662
vn -0.250000 -0.258819 0.933013
vn -0.369644 -0.258819 0.892399
vn -0.482963 -0.258819 0.836516
vn -0.588018 -0.258819 0.766320
vn -0.683013 -0.258819 0.683013
vn -0.766320 -0.258819 0.588018
vn -0.836516 -0.258819 0.482963
vn -0.892399 -0.258819 0.369644
vn -0.933013 -0.258819 0.250000
vn -0.957662 -0.258819 0.126079
vn -0.965926 -0.258819 0.000000
vn -0.957662 -0.258819 -0.126079
vn -0.933013 -0.258819 -0.250000
vn -0.892399 -0.258819 -0.369644
vn -0.836516 -0.258819 -0.482963
vn -0.766320 -0.258819 -0.588018
vn -0.683013 -0.258819 -0.683013
vn -0.588018 -0.258819 -0.766320
vn -0.482963 -0.258819 -0.836516
vn -0.369644 -0.258819 -0.892399
vn -0.250000 -0.258819 -0.933013
vn -0.126079 -0.258819 -0.957662
vn -0.000000 -0.258819 -0.965926
vn 0.126079 -0.258819 -0.957662
vn 0.250000 -0.258819 -0.933013
vn 0.369644 -0.258819 -0.892399
vn 0.482963 -0.258819 -0.836516
vn 0.588018 -0.258819 -0.766320
vn 0.683013 -0.258819 -0.683013
vn 0.766320 -0.258819 -0.588018
vn 0.836516 -0.258819 -0.482963
vn 0.892399 -0.258819 -0.369644
vn 0.933013 -0.258819 -0.250000
vn 0.957662 -0.258819 -0.126079
vn 0.915976 -0.382683 0.120590
vn 0.923880 -0.382683 0.000000
vn 0.892399 -0.382683 0.239118
vn 0.853553 -0.382683 0.353553
vn 0.800103 -0.382683 0.461940
vn 0.732963 -0.382683 0.562422
vn 0.653281 -0.382683 0.653281
vn 0.562422 -0.382683 0.732963
vn 0.461940 -0.382683 0.800103
vn 0.353553 -0.382683 0.853553
vn 0.239118 -0.382683 0.892399
vn 0.120590 -0.382683 0.915976
vn 0.000000 -0.382683 0.923880
vn -0.120590 -0.382683 0.915976
vn -0.239118 -0.382683 0.892399
vn -0.353553 -0.382683 0.853553
vn -0.461940 -0.382683 0.800103
vn -0.562422 -0.382683 0.732963
vn -0.653281 -0.382683 0.653281
vn -0.732963 -0.382683 0.562422
vn -0.800103 -0.382683 0.461940
vn -0.853553 -0.382683 0.353553
vn -0.892399 -0.382683 0.239118
vn -0.915976 -0.382683 0.120590
vn -0.923880 -0.382683 0.000000
vn -0.915976 -0.382683 -0.120590
vn -0.892399 -0.382683 -0.239118
vn -0.853553 -0.382683 -0.353553
vn -0.800103 -0.382683 -0.461940
vn -0.732963 -0.382683 -0.562422
vn -0.653281 -0.382683 -0.653281
vn -0.562422 -0.382683 -0.732963
vn -0.461940 -0.382683 -0.800103
vn -0.353553 -0.382683 -0.853553
vn -0.239118 -0.382683 -0.892399
vn -0.120590 -0.382683 -0.915976
vn -0.000000 -0.382683 -0.923880
vn 0.120590 -0.382683 -0.915976
vn 0.239118 -0.382683 -0.892399
vn 0.353553 -0.382683 -0.853553
vn 0.461940 -0.382683 -0.800103
vn 0.562422 -0.382683 -0.732963
vn 0.653281 -0.382683 -0.653281
vn 0.732963 -0.382683 -0.562422
vn 0.800103 -0.382683 -0.461940
vn 0.853553 -0.382683 -0.353553
vn 0.892399 -0.382683 -0.239118
vn 0.915976 -0.382683 -0.120590
vn 0.858616 -0.500000 0.113039
vn 0.866025 -0.500000 0.000000
vn 0.836516 -0.500000 0.224144
vn 0.800103 -0.500000 0.331414
vn 0.750000 -0.500000 0.433013
vn 0.687064 -0.500000 0.527203
vn 0.612372 -0.500000 0.612372
vn 0.527203 -0.500000 0.687064
vn 0.433013 -0.500000 0.750000
vn 0.331414 -0.500000 0.800103
vn 0.224144 -0.500000 0.836516
vn 0.113039 -0.500000 0.858616
vn 0.000000 -0.500000 0.866025
vn -0.113039 -0.500000 0.858616
vn -0.224144 -0.500000 0.836516
vn -0.331414 -0.500000 0.800103
vn -0.433013 -0.500000 0.750000
vn -0.527203 -0.500000 0.687064
vn -0.612372 -0.500000 0.612372
vn -0.687064 -0.500000 0.527203
vn -0.750000 -0.500000 0.433013
vn -0.800103 -0.500000 0.331414
vn -0.836516 -0.500000 0.224144
vn -0.858616 -0.500000 0.113039
vn -0.866025 -0.500000 0.000000
vn -0.858616 -0.500000 -0.113039
vn -0.836516 -0.500000 -0.224144
vn -0.800103 -0.500000 -0.331414
vn -0.750000 -0.500000 -0.433013
vn -0.687064 -0.500000 -0.527203
vn -0.612372 -0.500000 -0.612372
vn -0.527203 -0.500000 -0.687064
vn -0.433013 -0.500000 -0.750000
vn -0.331414 -0.500000 -0.800103
vn -0.224144 -0.500000 -0.836516
vn -0.113039 -0.500000 -0.858616
vn -0.000000 -0.500000 -0.866025
vn 0.113039 -0.500000 -0.858616
vn 0.224144 -0.500000 -0.836516
vn 0.331414 -0.500000 -0.800103
vn 0.433013 -0.500000 -0.750000
vn 0.527203 -0.500000 -0.687064
vn 0.612372 -0.500000 -0.612372
vn 0.687064 -0.500000 -0.527203
vn 0.750000 -0.500000 -0.433013
vn 0.800103 -0.500000 -0.331414
vn 0.836516 -0.500000 -0.224144
vn 0.858616 -0.500000 -0.113039
vn 0.786566 -0.608761 0.103553
vn 0.793353 -0.608761 0.000000
vn 0.766320 -0.608761 0.205335
vn 0.732963 -0.608761 0.303603
vn 0.687064 -0.608761 0.396677
vn 0.629410 -0.608761 0.482963
vn 0.560986 -0.608761 0.560986
vn 0.482963 -0.608761 0.629410
vn 0.396677 -0.608761 0.687064
vn 0.303603 -0.608761 0.732963
vn 0.205335 -0.608761 0.766320
vn 0.103553 -0.608761 0.786566
vn 0.000000 -0.608761 0.793353
vn -0.103553 -0.608761 0.786566
vn -0.205335 -0.608761 0.766320
vn -0.303603 -0.608761 0.732963
vn -0.396677 -0.608761 0.687064
vn -0.482963 -0.608761 0.629410
vn -0.560986 -0.608761 0.560986
vn -0.629410 -0.608761 0.482963
vn -0.687064 -0.608761 0.396677
vn -0.732963 -0.608761 0.303603
vn -0.766320 -0.608761 0.205335
vn -0.786566 -0.608761 0.103553
vn -0.793353 -0.608761 0.000000
vn -0.786566 -0.608761 -0.103553
vn -0.766320 -0.608761 -0.205335
vn -0.732963 -0.608761 -0.303603
vn -0.687064 -0.608761 -0.396677
vn -0.629410 -0.608761 -0.482963
vn -0.560986 -0.608761 -0.560986
vn -0.482963 -0.608761 -0.629410
vn -0.396677 -0.608761 -0.687064
vn -0.303603 -0.608761 -0.732963
vn -0.205335 -0.608761 -0.766320
vn -0.103553 -0.608761 -0.786566
vn -0.000000 -0.608761 -0.793353
vn 0.103553 -0.608761 -0.786566
vn 0.205335 -0.608761 -0.766320
vn 0.303603 -0.608761 -0.732963
vn 0.396677 -0.608761 -0.687064
vn 0.482963 -0.608761 -0.629410
vn 0.560986 -0.608761 -0.560986
vn 0.629410 -0.608761 -0.482963
vn 0.687064 -0.608761 -0.396677
vn 0.732963 -0.608761 -0.303603
vn 0.766320 -0.608761 -0.205335
vn 0.786566 -0.608761 -0.103553
vn 0.701057 -0.707107 0.092296
vn 0.707107 -0.707107 0.000000
vn 0.683013 -0.707107 0.183013
vn 0.653281 -0.707107 0.270598
vn 0.612372 -0.707107 0.353553
vn 0.560986 -0.707107 0.430459
vn 0.500000 -0.707107 0.500000
vn 0.430459 -0.707107 0.560986
vn 0.353553 -0.707107 0.612372
vn 0.270598 -0.707107 0.653281
vn 0.183013 -0.707107 0.683013
vn 0.092296 -0.707107 0.701057
vn 0.000000 -0.707107 0.707107
vn -0.092296 -0.707107 0.701057
vn -0.183013 -0.707107 0.683013
vn -0.270598 -0.707107 0.653281
vn -0.353553 -0.707107 0.612372
vn -0.430459 -0.707107 0.560986
vn -0.500000 -0.707107 0.500000
vn -0.560986 -0.707107 0.430459
vn -0.612372 -0.707107 0.353553
vn -0.653281 -0.707107 0.270598
vn -0.683013 -0.707107 0.183013
vn -0.701057 -0.707107 0.092296
vn -0.707107 -0.707107 0.000000
vn -0.701057 -0.707107 -0.092296
vn -0.683013 -0.707107 -0.183013
vn -0.653281 -0.707107 -0.270598
vn -0.612372 -0.707107 -0.353553
vn -0.560986 -0.707107 -0.430459
vn -0.500000 -0.707107 -0.500000
vn -0.430459 -0.707107 -0.560986
vn -0.353553 -0.707107 -0.612372
vn -0.270598 -0.707107 -0.653281
vn -0.183013 -0.707107 -0.683013
vn -0.092296 -0.707107 -0.701057
vn -0.000000 -0.707107 -0.707107
vn 0.092296 -0.707107 -0.701057
vn 0.183013 -0.707107 -0.683013
vn 0.270598 -0.707107 -0.653281
vn 0.353553 -0.707107 -0.612372
vn 0.430459 -0.707107 -0.560986
vn 0.500000 -0.707107 -0.500000
vn 0.560986 -0.707107 -0.430459
vn 0.612372 -0.707107 -0.353553
vn 0.653281 -0.707107 -0.270598
vn 0.683013 -0.707107 -0.183013
vn 0.701057 -0.707107 -0.092296
vn 0.603553 -0.793353 0.079459
vn 0.608761 -0.793353 0.000000
vn 0.588018 -0.793353 0.157559
vn 0.562422 -0.793353 0.232963
vn 0.527203 -0.793353 0.304381
vn 0.482963 -0.793353 0.370590
vn 0.430459 -0.793353 0.430459
vn 0.370590 -0.793353 0.482963
vn 0.304381 -0.793353 0.527203
vn 0.232963 -0.793353 0.562422
vn 0.157559 -0.793353 0.588018
vn 0.079459 -0.793353 0.603553
vn 0.000000 -0.793353 0.608761
vn -0.079459 -0.793353 0.603553
vn -0.157559 -0.793353 0.588018
vn -0.232963 -0.793353 0.562422
vn -0.304381 -0.793353 0.527203
vn -0.370590 -0.793353 0.482963
vn -0.430459 -0.793353 0.430459
vn -0.482963 -0.793353 0.370590
vn -0.527203 -0.793353 0.304381
vn -0.562422 -0.793353 0.232963
vn -0.588018 -0.793353 0.157559
vn -0.603553 -0.793353 0.079459
vn -0.608761 -0.793353 0.000000
vn -0.603553 -0.793353 -0.079459
vn -0.588018 -0.793353 -0.157559
vn -0.562422 -0.793353 -0.232963
vn -0.527203 -0.793353 -0.304381
vn -0.482963 -0.793353 -0.370590
vn -0.430459 -0.793353 -0.430459
vn -0.370590 -0.793353 -0.482963
vn -0.304381 -0.793353 -0.527203
vn -0.232963 -0.793353 -0.562422
vn -0.157559 -0.793353 -0.588018
vn -0.079459 -0.793353 -0.603553
vn -0.000000 -0.793353 -0.608761
vn 0.079459 -0.793353 -0.603553
vn 0.157559 -0.793353 -0.588018
vn 0.232963 -0.793353 -0.562422
vn 0.304381 -0.793353 -0.527203
vn 0.370590 -0.793353 -0.482963
vn 0.430459 -0.793353 -0.430459
vn 0.482963 -0.793353 -0.370590
vn 0.527203 -0.793353 -0.304381
vn 0.562422 -0.793353 -0.232963
vn 0.588018 -0.793353 -0.157559
vn 0.603553 -0.793353 -0.079459
vn 0.495722 -0.866025 0.065263
vn 0.500000 -0.866025 0.000000
vn 0.482963 -0.866025 0.129410
vn 0.461940 -0.866025 0.191342
vn 0.433013 -0.866025 0.250000
vn 0.396677 -0.866025 0.304381
vn 0.353553 -0.866025 0.353553
vn 0.304381 -0.866025 0.396677
vn 0.250000 -0.866025 0.433013
vn 0.191342 -0.866025 0.461940
vn 0.129410 -0.866025 0.482963
vn 0.065263 -0.866025 0.495722
vn 0.000000 -0.866025 0.500000
vn -0.065263 -0.866025 0.495722
vn -0.129410 -0.866025 0.482963
vn -0.191342 -0.866025 0.461940
vn -0.250000 -0.866025 0.433013
vn -0.304381 -0.866025 0.396677
vn -0.353553 -0.866025 0.353553
vn -0.396677 -0.866025 0.304381
vn -0.433013 -0.866025 0.250000
vn -0.461940 -0.866025 0.191342
vn -0.482963 -0.866025 0.129410
vn -0.495722 -0.866025 0.065263
vn -0.500000 -0.866025 0.000000
vn -0.495722 -0.866025 -0.065263
vn -0.482963 -0.866025 -0.129410
vn -0.461940 -0.866025 -0.191342
vn -0.433013 -0.866025 -0.250000
vn -0.396677 -0.866025 -0.304381
vn -0.353553 -0.866025 -0.353553
vn -0.304381 -0.866025 -0.396677
vn -0.250000 -0.866025 -0.433013
vn -0.191342 -0.866025 -0.461940
vn -0.129410 -0.866025 -0.482963
vn -0.065263 -0.866025 -0.495722
vn -0.000000 -0.866025 -0.500000
vn 0.065263 -0.866025 -0.495722
vn 0.129410 -0.866025 -0.482963
vn 0.191342 -0.866025 -0.461940
vn 0.250000 -0.866025 -0.433013
vn 0.304381 -0.866025 -0.396677
vn 0.353553 -0.866025 -0.353553
vn 0.396677 -0.866025 -0.304381
vn 0.433013 -0.866025 -0.250000
vn 0.461940 -0.866025 -0.191342
vn 0.482963 -0.866025 -0.129410
vn 0.495722 -0.866025 -0.065263
vn 0.379410 -0.923880 0.049950
vn 0.382683 -0.923880 0.000000
vn 0.369644 -0.923880 0.099046
vn 0.353553 -0.923880 0.146447
vn 0.331414 -0.923880 0.191342
vn 0.303603 -0.923880 0.232963
vn 0.270598 -0.923880 0.270598
vn 0.232963 -0.923880 0.303603
vn 0.191342 -0.923880 0.331414
vn 0.146447 -0.923880 0.353553
vn 0.099046 -0.923880 0.369644
vn 0.049950 -0.923880 0.379410
vn 0.000000 -0.923880 0.382683
vn -0.049950 -0.923880 0.379410
vn -0.099046 -0.923880 0.369644
vn -0.146447 -0.923880 0.353553
vn -0.191342 -0.923880 0.331414
vn -0.232963 -0.923880 0.303603
vn -0.270598 -0.923880 0.270598
vn -0.303603 -0.923880 0.232963
vn -0.331414 -0.923880 0.191342
vn -0.353553 -0.923880 0.146447
vn -0.369644 -0.923880 0.099046
vn -0.379410 -0.923880 0.049950
vn -0.382683 -0.923880 0.000000
vn -0.379410 -0.923880 -0.049950
vn -0.369644 -0.923880 -0.099046
vn -0.353553 -0.923880 -0.146447
vn -0.331414 -0.923880 -0.191342
vn -0.303603 -0.923880 -0.232963
vn -0.270598 -0.923880 -0.270598
vn -0.232963 -0.923880 -0.303603
vn -0.191342 -0.923880 -0.331414
vn -0.146447 -0.923880 -0.353553
vn -0.099046 -0.923880 -0.369644
vn -0.049950 -0.923880 -0.379410
vn -0.000000 -0.923880 -0.382683
vn 0.049950 -0.923880 -0.379410
vn 0.099046 -0.923880 -0.369644
vn 0.146447 -0.923880 -0.353553
vn 0.191342 -0.923880 -0.331414
vn 0.232963 -0.923880 -0.303603
vn 0.270598 -0.923880 -0.270598
vn 0.303603 -0.923880 -0.232963
vn 0.331414 -0.923880 -0.191342
vn 0.353553 -0.923880 -0.146447
vn 0.369644 -0.923880 -0.099046
vn 0.379410 -0.923880 -0.049950
vn 0.256605 -0.965926 0.033783
vn 0.258819 -0.965926 0.000000
vn 0.250000 -0.965926 0.066987
vn 0.239118 -0.965926 0.099046
vn 0.224144 -0.965926 0.129410
vn 0.205335 -0.965926 0.157559
vn 0.183013 -0.965926 0.183013
vn 0.157559 -0.965926 0.205335
vn 0.129410 -0.965926 0.224144
vn 0.099046 -0.965926 0.239118
vn 0.066987 -0.965926 0.250000
vn 0.033783 -0.965926 0.256605
vn 0.000000 -0.965926 0.258819
vn -0.033783 -0.965926 0.256605
vn -0.066987 -0.965926 0.250000
vn -0.099046 -0.965926 0.239118
vn -0.129410 -0.965926 0.224144
vn -0.157559 -0.965926 0.205335
vn -0.183013 -0.965926 0.183013
vn -0.205335 -0.965926 0.157559
vn -0.224144 -0.965926 0.129410
vn -0.239118 -0.965926 0.099046
vn -0.250000 -0.965926 0.066987
vn -0.256605 -0.965926 0.033783
vn -0.258819 -0.965926 0.000000
vn -0.256605 -0.965926 -0.033783
vn -0.250000 -0.965926 -0.066987
vn -0.239118 -0.965926 -0.099046
vn -0.224144 -0.965926 -0.129410
vn -0.205335 -0.965926 -0.157559
vn -0.183013 -0.965926 -0.183013
vn -0.157559 -0.965926 -0.205335
vn -0.129410 -0.965926 -0.224144
vn -0.099046 -0.965926 -0.239118
vn -0.066987 -0.965926 -0.250000
vn -0.033783 -0.965926 -0.256605
vn -0.000000 -0.965926 -0.258819
vn 0.033783 -0.965926 -0.256605
vn 0.066987 -0.965926 -0.250000
vn 0.099046 -0.965926 -0.239118
vn 0.129410 -0.965926 -0.224144
vn 0.157559 -0.965926 -0.205335
vn 0.183013 -0.965926 -0.183013
vn 0.205335 -0.965926 -0.157559
vn 0.224144 -0.965926 -0.129410
vn 0.239118 -0.965926 -0.099046
vn 0.250000 -0.965926 -0.066987
vn 0.256605 -0.965926 -0.033783
vn 0.129410 -0.991445 0.017037
vn 0.130526 -0.991445 0.000000
vn 0.126079 -0.991445 0.033783
vn 0.120590 -0.991445 0.049950
vn 0.113039 -0.991445 0.065263
vn 0.103553 -0.991445 0.079459
vn 0.092296 -0.991445 0.092296
vn 0.079459 -0.991445 0.103553
vn 0.065263 -0.991445 0.113039
vn 0.049950 -0.991445 0.120590
vn 0.033783 -0.991445 0.126079
vn 0.017037 -0.991445 0.129410
vn 0.000000 -0.991445 0.130526
vn -0.017037 -0.991445 0.129410
vn -0.033783 -0.991445 0.126079
vn -0.049950 -0.991445 0.120590
vn -0.065263 -0.991445 0.113039
vn -0.079459 -0.991445 0.103553
vn -0.092296 -0.991445 0.092296
vn -0.103553 -0.991445 0.079459
vn -0.113039 -0.991445 0.065263
vn -0.120590 -0.991445 0.049950
vn -0.126079 -0.991445 0.033783
vn -0.129410 -0.991445 0.017037
vn -0.130526 -0.991445 0.000000
vn -0.129410 -0.991445 -0.017037
vn -0.126079 -0.991445 -0.033783
vn -0.120590 -0.991445 -0.049950
vn -0.113039 -0.991445 -0.065263
vn -0.103553 -0.991445 -0.079459
vn -0.092296 -0.991445 -0.092296
vn -0.079459 -0.991445 -0.103553
vn -0.065263 -0.991445 -0.113039
vn -0.049950 -0.991445 -0.120590
vn -0.033783 -0.991445 -0.126079
vn -0.017037 -0.991445 -0.129410
vn -0.000000 -0.991445 -0.130526
vn 0.017037 -0.991445 -0.129410
vn 0.033783 -0.991445 -0.126079
vn 0.049950 -0.991445 -0.120590
vn 0.065263 -0.991445 -0.113039
vn 0.079459 -0.991445 -0.103553
vn 0.092296 -0.991445 -0.092296
vn 0.103553 -0.991445 -0.079459
vn 0.113039 -0.991445 -0.065263
vn 0.120590 -0.991445 -0.049950
vn 0.126079 -0.991445 -0.033783
vn 0.129410 -0.991445 -0.017037
vn 0.154508 0.987688 0.024472
vn 0.156434 0.987688 0.000000
vn 0.148778 0.987688 0.048341
vn 0.139384 0.987688 0.071020
vn 0.126558 0.987688 0.091950
vn 0.110616 0.987688 0.110616
vn 0.091950 0.987688 0.126558
vn 0.071020 0.987688 0.139384
vn 0.048341 0.987688 0.148778
vn 0.024472 0.987688 0.154508
vn 0.000000 0.987688 0.156434
vn -0.024472 0.987688 0.154508
vn -0.048341 0.987688 0.148778
vn -0.071020 0.987688 0.139384
vn -0.091950 0.987688 0.126558
vn -0.110616 0.987688 0.110616
vn -0.126558 0.987688 0.091950
vn -0.139384 0.987688 0.071020
vn -0.148778 0.987688 0.048341
vn -0.154508 0.987688 0.024472
vn -0.156434 0.987688 0.000000
vn -0.154508 0.987688 -0.024472
vn -0.148778 0.987688 -0.048341
vn -0.139384 0.987688 -0.071020
vn -0.126558 0.987688 -0.091950
vn -0.110616 0.987688 -0.110616
vn -0.091950 0.987688 -0.126558
vn -0.071020 0.987688 -0.139384
vn -0.048341 0.987688 -0.148778
vn -0.024472 0.987688 -0.154508
vn -0.000000 0.987688 -0.156434
vn 0.024472 0.987688 -0.154508
vn 0.048341 0.987688 -0.148778
vn 0.071020 0.987688 -0.139384
vn 0.091950 0.987688 -0.126558
vn 0.110616 0.987688 -0.110616
vn 0.126558 0.987688 -0.091950
vn 0.139384 0.987688 -0.071020
vn 0.148778 0.987688 -0.048341
vn 0.154508 0.987688 -0.024472
vn 0.305212 0.951057 0.048341
vn 0.309017 0.951057 0.000000
vn 0.293893 0.951057 0.095492
vn 0.275336 0.951057 0.140291
vn 0.250000 0.951057 0.181636
vn 0.218508 0.951057 0.218508
vn 0.181636 0.951057 0.250000
vn 0.140291 0.951057 0.275336
vn 0.095492 0.951057 0.293893
vn 0.048341 0.951057 0.305212
vn 0.000000 0.951057 0.309017
vn -0.048341 0.951057 0.305212
vn -0.095492 0.951057 0.293893
vn -0.140291 0.951057 0.275336
vn -0.181636 0.951057 0.250000
vn -0.218508 0.951057 0.218508
vn -0.250000 0.951057 0.181636
vn -0.275336 0.951057 0.140291
vn -0.293893 0.951057 0.095492
vn -0.305212 0.951057 0.048341
vn -0.309017 0.951057 0.000000
vn -0.305212 0.951057 -0.048341
vn -0.293893 0.951057 -0.095492
vn -0.275336 0.951057 -0.140291
vn -0.250000 0.951057 -0.181636
vn -0.218508 0.951057 -0.218508
vn -0.181636 0.951057 -0.250000
vn -0.140291 0.951057 -0.275336
vn -0.095492 0.951057 -0.293893
vn -0.048341 0.951057 -0.305212
vn -0.000000 0.951057 -0.309017
vn 0.048341 0.951057 -0.305212
vn 0.095492 0.951057 -0.293893
vn 0.140291 0.951057 -0.275336
vn 0.181636 0.951057 -0.250000
vn 0.218508 0.951057 -0.218508
vn 0.250000 0.951057 -0.181636
vn 0.275336 0.951057 -0.140291
vn 0.293893 0.951057 -0.095492
vn 0.305212 0.951057 -0.048341
vn 0.448401 0.891007 0.071020
vn 0.453990 0.891007 0.000000
vn 0.431771 0.891007 0.140291
vn 0.404508 0.891007 0.206107
vn 0.367286 0.891007 0.266849
vn 0.321020 0.891007 0.321020
vn 0.266849 0.891007 0.367286
vn 0.206107 0.891007 0.404508
vn 0.140291 0.891007 0.431771
vn 0.071020 0.891007 0.448401
vn 0.000000 0.891007 0.453990
vn -0.071020 0.891007 0.448401
vn -0.140291 0.891007 0.431771
vn -0.206107 0.891007 0.404508
vn -0.266849 0.891007 0.367286
vn -0.321020 0.891007 0.321020
vn -0.367286 0.891007 0.266849
vn -0.404508 0.891007 0.206107
vn -0.431771 0.891007 0.140291
vn -0.448401 0.891007 0.071020
vn -0.453990 0.891007 0.000000
vn -0.448401 0.891007 -0.071020
vn -0.431771 0.891007 -0.140291
vn -0.404508 0.891007 -0.206107
vn -0.367286 0.891007 -0.266849
vn -0.321020 0.891007 -0.321020
vn -0.266849 0.891007 -0.367286
vn -0.206107 0.891007 -0.404508
vn -0.140291 0.891007 -0.431771
vn -0.071020 0.891007 -0.448401
vn -0.000000 0.891007 -0.453990
vn 0.071020 0.891007 -0.448401
vn 0.140291 0.891007 -0.431771
vn 0.206107 0.891007 -0.404508
vn 0.266849 0.891007 -0.367286
vn 0.321020 0.891007 -0.321020
vn 0.367286 0.891007 -0.266849
vn 0.404508 0.891007 -0.206107
vn 0.431771 0.891007 -0.140291
vn 0.448401 0.891007 -0.071020
vn 0.580549 0.809017 0.091950
vn 0.587785 0.809017 0.000000
vn 0.559017 0.809017 0.181636
vn 0.523720 0.809017 0.266849
vn 0.475528 0.809017 0.345492
vn 0.415627 0.809017 0.415627
vn 0.345492 0.809017 0.475528
vn 0.266849 0.809017 0.523720
vn 0.181636 0.809017 0.559017
vn 0.091950 0.809017 0.580549
vn 0.000000 0.809017 0.587785
vn -0.091950 0.809017 0.580549
vn -0.181636 0.809017 0.559017
vn -0.266849 0.809017 0.523720
vn -0.345492 0.809017 0.475528
vn -0.415627 0.809017 0.415627
vn -0.475528 0.809017 0.345492
vn -0.523720 0.809017 0.266849
vn -0.559017 0.809017 0.181636
vn -0.580549 0.809017 0.091950
vn -0.587785 0.809017 0.000000
vn -0.580549 0.809017 -0.091950
vn -0.559017 0.809017 -0.181636
vn -0.523720 0.809017 -0.266849
vn -0.475528 0.809017 -0.345492
vn -0.415627 0.809017 -0.415627
vn -0.345492 0.809017 -0.475528
vn -0.266849 0.809017 -0.523720
vn -0.181636 0.809017 -0.559017
vn -0.091950 0.809017 -0.580549
vn -0.000000 0.809017 -0.587785
vn 0.091950 0.809017 -0.580549
vn 0.181636 0.809017 -0.559017
vn 0.266849 0.809017 -0.523720
vn 0.345492 0.809017 -0.475528
vn 0.415627 0.809017 -0.415627
vn 0.475528 0.809017 -0.345492
vn 0.523720 0.809017 -0.266849
vn 0.559017 0.809017 -0.181636
vn 0.580549 0.809017 -0.091950
vn 0.698401 0.707107 0.110616
vn 0.672499 0.707107 0.218508
vn 0.630037 0.707107 0.321020
vn 0.572061 0.707107 0.415627
vn 0.415627 0.707107 0.572061
vn 0.321020 0.707107 0.630037
vn 0.218508 0.707107 0.672499
vn 0.110616 0.707107 0.698401
vn -0.110616 0.707107 0.698401
vn -0.218508 0.707107 0.672499
vn -0.321020 0.707107 0.630037
vn -0.415627 0.707107 0.572061
vn -0.572061 0.707107 0.415627
vn -0.630037 0.707107 0.321020
vn -0.672499 0.707107 0.218508
vn -0.698401 0.707107 0.110616
vn -0.698401 0.707107 -0.110616
vn -0.672499 0.707107 -0.218508
vn -0.630037 0.707107 -0.321020
vn -0.572061 0.707107 -0.415627
vn -0.415627 0.707107 -0.572061
vn -0.321020 0.707107 -0.630037
vn -0.218508 0.707107 -0.672499
vn -0.110616 0.707107 -0.698401
vn 0.110616 0.707107 -0.698401
vn 0.218508 0.707107 -0.672499
vn 0.321020 0.707107 -0.630037
vn 0.415627 0.707107 -0.572061
vn 0.572061 0.707107 -0.415627
vn 0.630037 0.707107 -0.321020
vn 0.672499 0.707107 -0.218508
vn 0.698401 0.707107 -0.110616
vn 0.799057 0.587785 0.126558
vn 0.809017 0.587785 0.000000
vn 0.769421 0.587785 0.250000
vn 0.720839 0.587785 0.367286
vn 0.654508 0.587785 0.475528
vn 0.572061 0.587785 0.572061
vn 0.475528 0.587785 0.654508
vn 0.367286 0.587785 0.720839
vn 0.250000 0.587785 0.769421
vn 0.126558 0.587785 0.799057
vn 0.000000 0.587785 0.809017
vn -0.126558 0.587785 0.799057
vn -0.250000 0.587785 0.769421
vn -0.367286 0.587785 0.720839
vn -0.475528 0.587785 0.654508
vn -0.572061 0.587785 0.572061
vn -0.654508 0.587785 0.475528
vn -0.720839 0.587785 0.367286
vn -0.769421 0.587785 0.250000
vn -0.799057 0.587785 0.126558
vn -0.809017 0.587785 0.000000
vn -0.799057 0.587785 -0.126558
vn -0.769421 0.587785 -0.250000
vn -0.720839 0.587785 -0.367286
vn -0.654508 0.587785 -0.475528
vn -0.572061 0.587785 -0.572061
vn -0.475528 0.587785 -0.654508
vn -0.367286 0.587785 -0.720839
vn -0.250000 0.587785 -0.769421
vn -0.126558 0.587785 -0.799057
vn -0.000000 0.587785 -0.809017
vn 0.126558 0.587785 -0.799057
vn 0.250000 0.587785 -0.769421
vn 0.367286 0.587785 -0.720839
vn 0.475528 0.587785 -0.654508
vn 0.572061 0.587785 -0.572061
vn 0.654508 0.587785 -0.475528
vn 0.720839 0.587785 -0.367286
vn 0.769421 0.587785 -0.250000
vn 0.799057 0.587785 -0.126558
vn 0.880037 0.453990 0.139384
vn 0.891007 0.453990 0.000000
vn 0.847398 0.453990 0.275336
vn 0.793893 0.453990 0.404508
vn 0.720839 0.453990 0.523720
vn 0.630037 0.453990 0.630037
vn 0.523720 0.453990 0.720839
vn 0.404508 0.453990 0.793893
vn 0.275336 0.453990 0.847398
vn 0.139384 0.453990 0.880037
vn 0.000000 0.453990 0.891007
vn -0.139384 0.453990 0.880037
vn -0.275336 0.453990 0.847398
vn -0.404508 0.453990 0.793893
vn -0.523720 0.453990 0.720839
vn -0.630037 0.453990 0.630037
vn -0.720839 0.453990 0.523720
vn -0.793893 0.453990 0.404508
vn -0.847398 0.453990 0.275336
vn -0.880037 0.453990 0.139384
vn -0.891007 0.453990 0.000000
vn -0.880037 0.453990 -0.139384
vn -0.847398 0.453990 -0.275336
vn -0.793893 0.453990 -0.404508
vn -0.720839 0.453990 -0.523720
vn -0.630037 0.453990 -0.630037
vn -0.523720 0.453990 -0.720839
vn -0.404508 0.453990 -0.793893
vn -0.275336 0.453990 -0.847398
vn -0.139384 0.453990 -0.880037
vn -0.000000 0.453990 -0.891007
vn 0.139384 0.453990 -0.880037
vn 0.275336 0.453990 -0.847398
vn 0.404508 0.453990 -0.793893
vn 0.523720 0.453990 -0.720839
vn 0.630037 0.453990 -0.630037
vn 0.720839 0.453990 -0.523720
vn 0.793893 0.453990 -0.404508
vn 0.847398 0.453990 -0.275336
vn 0.880037 0.453990 -0.139384
vn 0.939347 0.309017 0.148778
vn 0.951057 0.309017 0.000000
vn 0.904508 0.309017 0.293893
vn 0.847398 0.309017 0.431771
vn 0.769421 0.309017 0.559017
vn 0.672499 0.309017 0.672499
vn 0.559017 0.309017 0.769421
vn 0.431771 0.309017 0.847398
vn 0.293893 0.309017 0.904508
vn 0.148778 0.309017 0.939347
vn 0.000000 0.309017 0.951057
vn -0.148778 0.309017 0.939347
vn -0.293893 0.309017 0.904508
vn -0.431771 0.309017 0.847398
vn -0.559017 0.309017 0.769421
vn -0.672499 0.309017 0.672499
vn -0.769421 0.309017 0.559017
vn -0.847398 0.309017 0.431771
vn -0.904508 0.309017 0.293893
vn -0.939347 0.309017 0.148778
vn -0.951057 0.309017 0.000000
vn -0.939347 0.309017 -0.148778
vn -0.904508 0.309017 -0.293893
vn -0.847398 0.309017 -0.431771
vn -0.769421 0.309017 -0.559017
vn -0.672499 0.309017 -0.672499
vn -0.559017 0.309017 -0.769421
vn -0.431771 0.309017 -0.847398
vn -0.293893 0.309017 -0.904508
vn -0.148778 0.309017 -0.939347
vn -0.000000 0.309017 -0.951057
vn 0.148778 0.309017 -0.939347
vn 0.293893 0.309017 -0.904508
vn 0.431771 0.309017 -0.847398
vn 0.559017 0.309017 -0.769421
vn 0.672499 0.309017 -0.672499
vn 0.769421 0.309017 -0.559017
vn 0.847398 0.309017 -0.431771
vn 0.904508 0.309017 -0.293893
vn 0.939347 0.309017 -0.148778
vn 0.975528 0.156434 0.154508
vn 0.987688 0.156434 0.000000
vn 0.939347 0.156434 0.305212
vn 0.880037 0.156434 0.448401
vn 0.799057 0.156434 0.580549
vn 0.698401 0.156434 0.698401
vn 0.580549 0.156434 0.799057
vn 0.448401 0.156434 0.880037
vn 0.305212 0.156434 0.939347
vn 0.154508 0.156434 0.975528
vn 0.000000 0.156434 0.987688
vn -0.154508 0.156434 0.975528
vn -0.305212 0.156434 0.939347
vn -0.448401 0.156434 0.880037
vn -0.580549 0.156434 0.799057
vn -0.698401 0.156434 0.698401
vn -0.799057 0.156434 0.580549
vn -0.880037 0.156434 0.448401
vn -0.939347 0.156434 0.305212
vn -0.975528 0.156434 0.154508
vn -0.987688 0.156434 0.000000
vn -0.975528 0.156434 -0.154508
vn -0.939347 0.156434 -0.305212
vn -0.880037 0.156434 -0.448401
vn -0.799057 0.156434 -0.580549
vn -0.698401 0.156434 -0.698401
vn -0.580549 0.156434 -0.799057
vn -0.448401 0.156434 -0.880037
vn -0.305212 0.156434 -0.939347
vn -0.154508 0.156434 -0.975528
vn -0.000000 0.156434 -0.987688
vn 0.154508 0.156434 -0.975528
vn 0.305212 0.156434 -0.939347
vn 0.448401 0.156434 -0.880037
vn 0.580549 0.156434 -0.799057
vn 0.698401 0.156434 -0.698401
vn 0.799057 0.156434 -0.580549
vn 0.880037 0.156434 -0.448401
vn 0.939347 0.156434 -0.305212
vn 0.975528 0.156434 -0.154508
vn 0.987688 0.000000 0.156434
vn 0.951057 0.000000 0.309017
vn 0.891007 0.000000 0.453990
vn 0.809017 0.000000 0.587785
vn 0.587785 0.000000 0.809017
vn 0.453990 0.000000 0.891007
vn 0.309017 0.000000 0.951057
vn 0.156434 0.000000 0.987688
vn -0.156434 0.000000 0.987688
vn -0.309017 0.000000 0.951057
vn -0.453990 0.000000 0.891007
vn -0.587785 0.000000 0.809017
vn -0.809017 0.000000 0.587785
vn -0.891007 0.000000 0.453990
vn -0.951057 0.000000 0.309017
vn -0.987688 0.000000 0.156434
vn -0.987688 0.000000 -0.156434
vn -0.951057 0.000000 -0.309017
vn -0.891007 0.000000 -0.453990
vn -0.809017 0.000000 -0.587785
vn -0.587785 0.000000 -0.809017
vn -0.453990 0.000000 -0.891007
vn -0.309017 0.000000 -0.951057
vn -0.156434 0.000000 -0.987688
vn 0.156434 0.000000 -0.987688
vn 0.309017 0.000000 -0.951057
vn 0.453990 0.000000 -0.891007
vn 0.587785 0.000000 -0.809017
vn 0.809017 0.000000 -0.587785
vn 0.891007 0.000000 -0.453990
vn 0.951057 0.000000 -0.309017
vn 0.987688 0.000000 -0.156434
vn 0.975528 -0.156434 0.154508
vn 0.987688 -0.156434 0.000000
vn 0.939347 -0.156434 0.305212
vn 0.880037 -0.156434 0.448401
vn 0.799057 -0.156434 0.580549
vn 0.698401 -0.156434 0.698401
vn 0.580549 -0.156434 0.799057
vn 0.448401 -0.156434 0.880037
vn 0.305212 -0.156434 0.939347
vn 0.154508 -0.156434 0.975528
vn 0.000000 -0.156434 0.987688
vn -0.154508 -0.156434 0.975528
vn -0.305212 -0.156434 0.939347
vn -0.448401 -0.156434 0.880037
vn -0.580549 -0.156434 0.799057
vn -0.698401 -0.156434 0.698401
vn -0.799057 -0.156434 0.580549
vn -0.880037 -0.156434 0.448401
vn -0.939347 -0.156434 0.305212
vn -0.975528 -0.156434 0.154508
vn -0.987688 -0.156434 0.000000
vn -0.975528 -0.156434 -0.154508
vn -0.939347 -0.156434 -0.305212
vn -0.880037 -0.156434 -0.448401
vn -0.799057 -0.156434 -0.580549
vn -0.698401 -0.156434 -0.698401
vn -0.580549 -0.156434 -0.799057
vn -0.448401 -0.156434 -0.880037
vn -0.305212 -0.156434 -0.939347
vn -0.154508 -0.156434 -0.975528
vn -0.000000 -0.156434 -0.987688
vn 0.154508 -0.156434 -0.975528
vn 0.305212 -0.156434 -0.939347
vn 0.448401 -0.156434 -0.880037
vn 0.580549 -0.156434 -0.799057
vn 0.698401 -0.156434 -0.698401
vn 0.799057 -0.156434 -0.580549
vn 0.880037 -0.156434 -0.448401
vn 0.939347 -0.156434 -0.305212
vn 0.975528 -0.156434 -0.154508
vn 0.939347 -0.309017 0.148778
vn 0.951057 -0.309017 0.000000
vn 0.904508 -0.309017 0.293893
vn 0.847398 -0.309017 0.431771
vn 0.769421 -0.309017 0.559017
vn 0.672499 -0.309017 0.672499
vn 0.559017 -0.309017 0.769421
vn 0.431771 -0.309017 0.847398
vn 0.293893 -0.309017 0.904508
vn 0.148778 -0.309017 0.939347
vn 0.000000 -0.309017 0.951057
vn -0.148778 -0.309017 0.939347
vn -0.293893 -0.309017 0.904508
vn -0.431771 -0.309017 0.847398
vn -0.559017 -0.309017 0.769421
vn -0.672499 -0.309017 0.672499
vn -0.769421 -0.309017 0.559017
vn -0.847398 -0.309017 0.431771
vn -0.904508 -0.309017 0.293893
vn -0.939347 -0.309017 0.148778
vn -0.951057 -0.309017 0.000000
vn -0.939347 -0.309017 -0.148778
vn -0.904508 -0.309017 -0.293893
vn -0.847398 -0.309017 -0.431771
vn -0.769421 -0.309017 -0.559017
vn -0.672499 -0.309017 -0.672499
vn -0.559017 -0.309017 -0.769421
vn -0.431771 -0.309017 -0.847398
vn -0.293893 -0.309017 -0.904508
vn -0.148778 -0.309017 -0.939347
vn -0.000000 -0.309017 -0.951057
vn 0.148778 -0.309017 -0.939347
vn 0.293893 -0.309017 -0.904508
vn 0.431771 -0.309017 -0.847398
vn 0.559017 -0.309017 -0.769421
vn 0.672499 -0.309017 -0.672499
vn 0.769421 -0.309017 -0.559017
vn 0.847398 -0.309017 -0.431771
vn 0.904508 -0.309017 -0.293893
vn 0.939347 -0.309017 -0.148778
vn 0.880037 -0.453990 0.139384
vn 0.891007 -0.453990 0.000000
vn 0.847398 -0.453990 0.275336
vn 0.793893 -0.453990 0.404508
vn 0.720839 -0.453990 0.523720
vn 0.630037 -0.453990 0.630037
vn 0.523720 -0.453990 0.720839
vn 0.404508 -0.453990 0.793893
vn 0.275336 -0.453990 0.847398
vn 0.139384 -0.453990 0.880037
vn 0.000000 -0.453990 0.891007
vn -0.139384 -0.453990 0.880037
vn -0.275336 -0.453990 0.847398
vn -0.404508 -0.453990 0.793893
vn -0.523720 -0.453990 0.720839
vn -0.630037 -0.453990 0.630037
vn -0.720839 -0.453990 0.523720
vn -0.793893 -0.453990 0.404508
vn -0.847398 -0.453990 0.275336
vn -0.880037 -0.453990 0.139384
vn -0.891007 -0.453990 0.000000
vn -0.880037 -0.453990 -0.139384
vn -0.847398 -0.453990 -0.275336
vn -0.793893 -0.453990 -0.404508
vn -0.720839 -0.453990 -0.523720
vn -0.630037 -0.453990 -0.630037
vn -0.523720 -0.453990 -0.720839
vn -0.404508 -0.453990 -0.793893
vn -0.275336 -0.453990 -0.847398
vn -0.139384 -0.453990 -0.880037
vn -0.000000 -0.453990 -0.891007
vn 0.139384 -0.453990 -0.880037
vn 0.275336 -0.453990 -0.847398
vn 0.404508 -0.453990 -0.793893
vn 0.523720 -0.453990 -0.720839
vn 0.630037 -0.453990 -0.630037
vn 0.720839 -0.453990 -0.523720
vn 0.793893 -0.453990 -0.404508
vn 0.847398 -0.453990 -0.275336
vn 0.880037 -0.453990 -0.139384
vn 0.799057 -0.587785 0.126558
vn 0.809017 -0.587785 0.000000
vn 0.769421 -0.587785 0.250000
vn 0.720839 -0.587785 0.367286
vn 0.654508 -0.587785 0.475528
vn 0.572061 -0.587785 0.572061
vn 0.475528 -0.587785 0.654508
vn 0.367286 -0.587785 0.720839
vn 0.250000 -0.587785 0.769421
vn 0.126558 -0.587785 0.799057
vn 0.000000 -0.587785 0.809017
vn -0.126558 -0.587785 0.799057
vn -0.250000 -0.587785 0.769421
vn -0.367286 -0.587785 0.720839
vn -0.475528 -0.587785 0.654508
vn -0.572061 -0.587785 0.572061
vn -0.654508 -0.587785 0.475528
vn -0.720839 -0.587785 0.367286
vn -0.769421 -0.587785 0.250000
vn -0.799057 -0.587785 0.126558
vn -0.809017 -0.587785 0.000000
vn -0.799057 -0.587785 -0.126558
vn -0.769421 -0.587785 -0.250000
vn -0.720839 -0.587785 -0.367286
vn -0.654508 -0.587785 -0.475528
vn -0.572061 -0.587785 -0.572061
vn -0.475528 -0.587785 -0.654508
vn -0.367286 -0.587785 -0.720839
vn -0.250000 -0.587785 -0.769421
vn -0.126558 -0.587785 -0.799057
vn -0.000000 -0.587785 -0.809017
vn 0.126558 -0.587785 -0.799057
vn 0.250000 -0.587785 -0.769421
vn 0.367286 -0.587785 -0.720839
vn 0.475528 -0.587785 -0.654508
vn 0.572061 -0.587785 -0.572061
vn 0.654508 -0.587785 -0.475528
vn 0.720839 -0.587785 -0.367286
vn 0.769421 -0.587785 -0.250000
vn 0.799057 -0.587785 -0.126558
vn 0.698401 -0.707107 0.110616
vn 0.672499 -0.707107 0.218508
vn 0.630037 -0.707107 0.321020
vn 0.572061 -0.707107 0.415627
vn 0.415627 -0.707107 0.572061
vn 0.321020 -0.707107 0.630037
vn 0.218508 -0.707107 0.672499
vn 0.110616 -0.707107 0.698401
vn -0.110616 -0.707107 0.698401
vn -0.218508 -0.707107 0.672499
vn -0.321020 -0.707107 0.630037
vn -0.415627 -0.707107 0.572061
vn -0.572061 -0.707107 0.415627
vn -0.630037 -0.707107 0.321020
vn -0.672499 -0.707107 0.218508
vn -0.698401 -0.707107 0.110616
vn -0.698401 -0.707107 -0.110616
vn -0.672499 -0.707107 -0.218508
vn -0.630037 -0.707107 -0.321020
vn -0.572061 -0.707107 -0.415627
vn -0.415627 -0.707107 -0.572061
vn -0.321020 -0.707107 -0.630037
vn -0.218508 -0.707107 -0.672499
vn -0.110616 -0.707107 -0.698401
vn 0.110616 -0.707107 -0.698401
vn 0.218508 -0.707107 -0.672499
vn 0.321020 -0.707107 -0.630037
vn 0.415627 -0.707107 -0.572061
vn 0.572061 -0.707107 -0.415627
vn 0.630037 -0.707107 -0.321020
vn 0.672499 -0.707107 -0.218508
vn 0.698401 -0.707107 -0.110616
vn 0.580549 -0.809017 0.091950
vn 0.587785 -0.809017 0.000000
vn 0.559017 -0.809017 0.181636
vn 0.523720 -0.809017 0.266849
vn 0.475528 -0.809017 0.345492
vn 0.415627 -0.809017 0.415627
vn 0.345492 -0.809017 0.475528
vn 0.266849 -0.809017 0.523720
vn 0.181636 -0.809017 0.559017
vn 0.091950 -0.809017 0.580549
vn 0.000000 -0.809017 0.587785
vn -0.091950 -0.809017 0.580549
vn -0.181636 -0.809017 0.559017
vn -0.266849 -0.809017 0.523720
vn -0.345492 -0.809017 0.475528
vn -0.415627 -0.809017 0.415627
vn -0.475528 -0.809017 0.345492
vn -0.523720 -0.809017 0.266849
vn -0.559017 -0.809017 0.181636
vn -0.580549 -0.809017 0.091950
vn -0.587785 -0.809017 0.000000
vn -0.580549 -0.809017 -0.091950
vn -0.559017 -0.809017 -0.181636
vn -0.523720 -0.809017 -0.266849
vn -0.475528 -0.809017 -0.345492
vn -0.415627 -0.809017 -0.415627
vn -0.345492 -0.809017 -0.475528
vn -0.266849 -0.809017 -0.523720
vn -0.181636 -0.809017 -0.559017
vn -0.091950 -0.809017 -0.580549
vn -0.000000 -0.809017 -0.587785
vn 0.091950 -0.809017 -0.580549
vn 0.181636 -0.809017 -0.559017
vn 0.266849 -0.809017 -0.523720
vn 0.345492 -0.809017 -0.475528
vn 0.415627 -0.809017 -0.415627
vn 0.475528 -0.809017 -0.345492
vn 0.523720 -0.809017 -0.266849
vn 0.559017 -0.809017 -0.181636
vn 0.580549 -0.809017 -0.091950
vn 0.448401 -0.891007 0.071020
vn 0.453990 -0.891007 0.000000
vn 0.431771 -0.891007 0.140291
vn 0.404508 -0.891007 0.206107
vn 0.367286 -0.891007 0.266849
vn 0.321020 -0.891007 0.321020
vn 0.266849 -0.891007 0.367286
vn 0.206107 -0.891007 0.404508
vn 0.140291 -0.891007 0.431771
vn 0.071020 -0.891007 0.448401
vn 0.000000 -0.891007 0.453990
vn -0.071020 -0.891007 0.448401
vn -0.140291 -0.891007 0.431771
vn -0.206107 -0.891007 0.404508
vn -0.266849 -0.891007 0.367286
vn -0.321020 -0.891007 0.321020
vn -0.367286 -0.891007 0.266849
vn -0.404508 -0.891007 0.206107
vn -0.431771 -0.891007 0.140291
vn -0.448401 -0.891007 0.071020
vn -0.453990 -0.891007 0.000000
vn -0.448401 -0.891007 -0.071020
vn -0.431771 -0.891007 -0.140291
vn -0.404508 -0.891007 -0.206107
vn -0.367286 -0.891007 -0.266849
vn -0.321020 -0.891007 -0.321020
vn -0.266849 -0.891007 -0.367286
vn -0.206107 -0.891007 -0.404508
vn -0.140291 -0.891007 -0.431771
vn -0.071020 -0.891007 -0.448401
vn -0.000000 -0.891007 -0.453990
vn 0.071020 -0.891007 -0.448401
vn 0.140291 -0.891007 -0.431771
vn 0.206107 -0.891007 -0.404508
vn 0.266849 -0.891007 -0.367286
vn 0.321020 -0.891007 -0.321020
vn 0.367286 -0.891007 -0.266849
vn 0.404508 -0.891007 -0.206107
vn 0.431771 -0.891007 -0.140291
vn 0.448401 -0.891007 -0.071020
vn 0.305212 -0.951057 0.048341
vn 0.309017 -0.951057 0.000000
vn 0.293893 -0.951057 0.095492
vn 0.275336 -0.951057 0.140291
vn 0.250000 -0.951057 0.181636
vn 0.218508 -0.951057 0.218508
vn 0.181636 -0.951057 0.250000
vn 0.140291 -0.951057 0.275336
vn 0.095492 -0.951057 0.293893
vn 0.048341 -0.951057 0.305212
vn 0.000000 -0.951057 0.309017
vn -0.048341 -0.951057 0.305212
vn -0.095492 -0.951057 0.293893
vn -0.140291 -0.951057 0.275336
vn -0.181636 -0.951057 0.250000
vn -0.218508 -0.951057 0.218508
vn -0.250000 -0.951057 0.181636
vn -0.275336 -0.951057 0.140291
vn -0.293893 -0.951057 0.095492
vn -0.305212 -0.951057 0.048341
vn -0.309017 -0.951057 0.000000
vn -0.305212 -0.951057 -0.048341
vn -0.293893 -0.951057 -0.095492
vn -0.275336 -0.951057 -0.140291
vn -0.250000 -0.951057 -0.181636
vn -0.218508 -0.951057 -0.218508
vn -0.181636 -0.951057 -0.250000
vn -0.140291 -0.951057 -0.275336
vn -0.095492 -0.951057 -0.293893
vn -0.048341 -0.951057 -0.305212
vn -0.000000 -0.951057 -0.309017
vn 0.048341 -0.951057 -0.305212
vn 0.095492 -0.951057 -0.293893
vn 0.140291 -0.951057 -0.275336
vn 0.181636 -0.951057 -0.250000
vn 0.218508 -0.951057 -0.218508
vn 0.250000 -0.951057 -0.181636
vn 0.275336 -0.951057 -0.140291
vn 0.293893 -0.951057 -0.095492
vn 0.305212 -0.951057 -0.048341
vn 0.154508 -0.987688 0.024472
vn 0.156434 -0.987688 0.000000
vn 0.148778 -0.987688 0.048341
vn 0.139384 -0.987688 0.071020
vn 0.126558 -0.987688 0.091950
vn 0.110616 -0.987688 0.110616
vn 0.091950 -0.987688 0.126558
vn 0.071020 -0.987688 0.139384
vn 0.048341 -0.987688 0.148778
vn 0.024472 -0.987688 0.154508
vn 0.000000 -0.987688 0.156434
vn -0.024472 -0.987688 0.154508
vn -0.048341 -0.987688 0.148778
vn -0.071020 -0.987688 0.139384
vn -0.091950 -0.987688 0.126558
vn -0.110616 -0.987688 0.110616
vn -0.126558 -0.987688 0.091950
vn -0.139384 -0.987688 0.071020
vn -0.148778 -0.987688 0.048341
vn -0.154508 -0.987688 0.024472
vn -0.156434 -0.987688 0.000000
vn -0.154508 -0.987688 -0.024472
vn -0.148778 -0.987688 -0.048341
vn -0.139384 -0.987688 -0.071020
vn -0.126558 -0.987688 -0.091950
vn -0.110616 -0.987688 -0.110616
vn -0.091950 -0.987688 -0.126558
vn -0.071020 -0.987688 -0.139384
vn -0.048341 -0.987688 -0.148778
vn -0.024472 -0.987688 -0.154508
vn -0.000000 -0.987688 -0.156434
vn 0.024472 -0.987688 -0.154508
vn 0.048341 -0.987688 -0.148778
vn 0.071020 -0.987688 -0.139384
vn 0.091950 -0.987688 -0.126558
vn 0.110616 -0.987688 -0.110616
vn 0.126558 -0.987688 -0.091950
vn 0.139384 -0.987688 -0.071020
vn 0.148778 -0.987688 -0.048341
vn 0.154508 -0.987688 -0.024472
usemtl sand
f 1//1 2//1 3//1
f 1//1 3//1 4//1
usemtl stone
f 5//2 6//2 7//2
f 5//2 7//2 8//2
f 9//1 10//1 11//1
f 9//1 11//1 12//1
f 5//3 9//3 12//3
f 5//3 12//3 6//3
f 8//4 7//4 11//4
f 8//4 11//4 10//4
f 5//5 8//5 10//5
f 5//5 10//5 9//5
f 6//6 12//6 11//6
f 6//6 11//6 7//6
f 13//2 14//2 15//2
f 13//2 15//2 16//2
f 17//1 18//1 19//1
f 17//1 19//1 20//1
f 13//3 17//3 20//3
f 13//3 20//3 14//3
f 16//4 15//4 19//4
f 16//4 19//4 18//4
f 13//5 16//5 18//5
f 13//5 18//5 17//5
f 14//6 20//6 19//6
f 14//6 19//6 15//6
f 21//2 22//2 23//2
f 21//2 23//2 24//2
f 25//1 26//1 27//1
f 25//1 27//1 28//1
f 21//3 25//3 28//3
f 21//3 28//3 22//3
f 24//4 23//4 27//4
f 24//4 27//4 26//4
f 21//5 24//5 26//5
f 21//5 26//5 25//5
f 22//6 28//6 27//6
f 22//6 27//6 23//6
f 29//2 30//2 31//2
f 29//2 31//2 32//2
f 33//1 34//1 35//1
f 33//1 35//1 36//1
f 29//3 33//3 36//3
f 29//3 36//3 30//3
f 32//4 31//4 35//4
f 32//4 35//4 34//4
f 29//5 32//5 34//5
f 29//5 34//5 33//5
f 30//6 36//6 35//6
f 30//6 35//6 31//6
f 37//2 38//2 39//2
f 37//2 39//2 40//2
f 41//1 42//1 43//1
f 41//1 43//1 44//1
f 37//3 41//3 44//3
f 37//3 44//3 38//3
f 40//4 39//4 43//4
f 40//4 43//4 42//4
f 37//5 40//5 42//5
f 37//5 42//5 41//5
f 38//6 44//6 43//6
f 38//6 43//6 39//6
f 45//2 46//2 47//2
f 45//2 47//2 48//2
f 49//1 50//1 51//1
f 49//1 51//1 52//1
f 45//3 49//3 52//3
f 45//3 52//3 46//3
f 48//4 47//4 51//4
f 48//4 51//4 50//4
f 45//5 48//5 50//5
f 45//5 50//5 49//5
f 46//6 52//6 51//6
f 46//6 51//6 47//6
f 53//2 54//2 55//2
f 53//2 55//2 56//2
f 57//1 58//1 59//1
f 57//1 59//1 60//1
f 53//3 57//3 60//3
f 53//3 60//3 54//3
f 56//4 55//4 59//4
f 56//4 59//4 58//4
f 53//5 56//5 58//5
f 53//5 58//5 57//5
f 54//6 60//6 59//6
f 54//6 59//6 55//6
f 61//2 62//2 63//2
f 61//2 63//2 64//2
f 65//1 66//1 67//1
f 65//1 67//1 68//1
f 61//3 65//3 68//3
f 61//3 68//3 62//3
f 64//4 63//4 67//4
f 64//4 67//4 66//4
f 61//5 64//5 66//5
f 61//5 66//5 65//5
f 62//6 68//6 67//6
f 62//6 67//6 63//6
usemtl post
f 69//6 70//7 71//7
f 69//6 71//7 72//6
f 70//7 73//8 74//8
f 70//7 74//8 71//7
f 73//8 75//9 76//9
f 73//8 76//9 74//8
f 75//9 77//10 78//10
f 75//9 78//10 76//9
f 77//10 79//11 80//11
f 77//10 80//11 78//10
f 79//11 81//4 82//4
f 79//11 82//4 80//11
f 81//4 83//12 84//12
f 81//4 84//12 82//4
f 83//12 85//13 86//13
f 83//12 86//13 84//12
f 85//13 87//14 88//14
f 85//13 88//14 86//13
f 87//14 89//15 90//15
f 87//14 90//15 88//14
f 89//15 91//16 92//16
f 89//15 92//16 90//15
f 91//16 93//5 94//5
f 91//16 94//5 92//16
f 93//5 95//17 96//17
f 93//5 96//17 94//5
f 95//17 97//18 98//18
f 95//17 98//18 96//17
f 97//18 99//19 100//19
f 97//18 100//19 98//18
f 99//19 101//20 102//20
f 99//19 102//20 100//19
f 101//20 103//21 104//21
f 101//20 104//21 102//20
f 103//21 105//3 106//3
f 103//21 106//3 104//21
f 105//3 107//22 108//22
f 105//3 108//22 106//3
f 107//22 109//23 110//23
f 107//22 110//23 108//22
f 109//23 111//24 112//24
f 109//23 112//24 110//23
f 111//24 113//25 114//25
f 111//24 114//25 112//24
f 113//25 115//26 116//26
f 113//25 116//26 114//25
f 115//26 69//6 72//6
f 115//26 72//6 116//26
f 117//1 70//1 69//1
f 118//2 72//2 71//2
f 117//1 73//1 70//1
f 118//2 71//2 74//2
f 117//1 75//1 73//1
f 118//2 74//2 76//2
f 117//1 77//1 75//1
f 118//2 76//2 78//2
f 117//1 79//1 77//1
f 118//2 78//2 80//2
f 117//1 81//1 79//1
f 118//2 80//2 82//2
f 117//1 83//1 81//1
f 118//2 82//2 84//2
f 117//1 85//1 83//1
f 118//2 84//2 86//2
f 117//1 87//1 85//1
f 118//2 86//2 88//2
f 117//1 89//1 87//1
f 118//2 88//2 90//2
f 117//1 91//1 89//1
f 118//2 90//2 92//2
f 117//1 93//1 91//1
f 118//2 92//2 94//2
f 117//1 95//1 93//1
f 118//2 94//2 96//2
f 117//1 97//1 95//1
f 118//2 96//2 98//2
f 117//1 99//1 97//1
f 118//2 98//2 100//2
f 117//1 101//1 99//1
f 118//2 100//2 102//2
f 117//1 103//1 101//1
f 118//2 102//2 104//2
f 117//1 105//1 103//1
f 118//2 104//2 106//2
f 117//1 107//1 105//1
f 118//2 106//2 108//2
f 117//1 109//1 107//1
f 118//2 108//2 110//2
f 117//1 111//1 109//1
f 118//2 110//2 112//2
f 117//1 113//1 111//1
f 118//2 112//2 114//2
f 117//1 115//1 113//1
f 118//2 114//2 116//2
f 117//1 69//1 115//1
f 118//2 116//2 72//2
usemtl chalk
f 119//1 120//27 121//28
f 119//1 122//29 120//27
f 119//1 123//30 122//29
f 119//1 124//31 123//30
f 119//1 125//32 124//31
f 119//1 126//33 125//32
f 119//1 127//34 126//33
f 119//1 128//35 127//34
f 119//1 129//36 128//35
f 119//1 130//37 129//36
f 119//1 131//38 130//37
f 119//1 132//39 131//38
f 119//1 133//40 132//39
f 119//1 134//41 133//40
f 119//1 135//42 134//41
f 119//1 136//43 135//42
f 119//1 137//44 136//43
f 119//1 138//45 137//44
f 119//1 139//46 138//45
f 119//1 140//47 139//46
f 119//1 141//48 140//47
f 119//1 142//49 141//48
f 119//1 143//50 142//49
f 119//1 144//51 143//50
f 119//1 145//52 144//51
f 119//1 146//53 145//52
f 119//1 147//54 146//53
f 119//1 148//55 147//54
f 119//1 149//56 148//55
f 119//1 150//57 149//56
f 119//1 151//58 150//57
f 119//1 152//59 151//58
f 119//1 153//60 152//59
f 119//1 154//61 153//60
f 119//1 155//62 154//61
f 119//1 156//63 155//62
f 119//1 157//64 156//63
f 119//1 158//65 157//64
f 119//1 159//66 158//65
f 119//1 160//67 159//66
f 119//1 161//68 160//67
f 119//1 162//69 161//68
f 119//1 163//70 162//69
f 119//1 164//71 163//70
f 119//1 165//72 164//71
f 119//1 166//73 165//72
f 119//1 167//74 166//73
f 119//1 121//28 167//74
f 121//28 120//27 168//75
f 121//28 168//75 169//76
f 120//27 122//29 170//77
f 120//27 170//77 168//75
f 122//29 123//30 171//78
f 122//29 171//78 170//77
f 123//30 124//31 172//79
f 123//30 172//79 171//78
f 124//31 125//32 173//80
f 124//31 173//80 172//79
f 125//32 126//33 174//81
f 125//32 174//81 173//80
f 126//33 127//34 175//82
f 126//33 175//82 174//81
f 127//34 128//35 176//83
f 127//34 176//83 175//82
f 128//35 129//36 177//84
f 128//35 177//84 176//83
f 129//36 130//37 178//85
f 129//36 178//85 177//84
f 130//37 131//38 179//86
f 130//37 179//86 178//85
f 131//38 132//39 180//87
f 131//38 180//87 179//86
f 132//39 133//40 181//88
f 132//39 181//88 180//87
f 133//40 134//41 182//89
f 133//40 182//89 181//88
f 134//41 135//42 183//90
f 134//41 183//90 182//89
f 135//42 136//43 184//91
f 135//42 184//91 183//90
f 136//43 137//44 185//92
f 136//43 185//92 184//91
f 137//44 138//45 186//93
f 137//44 186//93 185//92
f 138//45 139//46 187//94
f 138//45 187//94 186//93
f 139//46 140//47 188//95
f 139//46 188//95 187//94
f 140//47 141//48 189//96
f 140//47 189//96 188//95
f 141//48 142//49 190//97
f 141//48 190//97 189//96
f 142//49 143//50 191//98
f 142//49 191//98 190//97
f 143//50 144//51 192//99
f 143//50 192//99 191//98
f 144//51 145//52 193//100
f 144//51 193//100 192//99
f 145//52 146//53 194//101
f 145//52 194//101 193//100
f 146//53 147//54 195//102
f 146//53 195//102 194//101
f 147//54 148//55 196//103
f 147//54 196//103 195//102
f 148//55 149//56 197//104
f 148//55 197//104 196//103
f 149//56 150//57 198//105
f 149//56 198//105 197//104
f 150//57 151//58 199//106
f 150//57 199//106 198//105
f 151//58 152//59 200//107
f 151//58 200//107 199//106
f 152//59 153//60 201//108
f 152//59 201//108 200//107
f 153//60 154//61 202//109
f 153//60 202//109 201//108
f 154//61 155//62 203//110
f 154//61 203//110 202//109
f 155//62 156//63 204//111
f 155//62 204//111 203//110
f 156//63 157//64 205//112
f 156//63 205//112 204//111
f 157//64 158//65 206//113
f 157//64 206//113 205//112
f 158//65 159//66 207//114
f 158//65 207//114 206//113
f 159//66 160//67 208//115
f 159//66 208//115 207//114
f 160//67 161//68 209//116
f 160//67 209//116 208//115
f 161//68 162//69 210//117
f 161//68 210//117 209//116
f 162//69 163//70 211//118
f 162//69 211//118 210//117
f 163//70 164//71 212//119
f 163//70 212//119 211//118
f 164//71 165//72 213//120
f 164//71 213//120 212//119
f 165//72 166//73 214//121
f 165//72 214//121 213//120
f 166//73 167//74 215//122
f 166//73 215//122 214//121
f 167//74 121//28 169//76
f 167//74 169//76 215//122
f 169//76 168//75 216//123
f 169//76 216//123 217//124
f 168//75 170//77 218//125
f 168//75 218//125 216//123
f 170//77 171//78 219//126
f 170//77 219//126 218//125
f 171//78 172//79 220//127
f 171//78 220//127 219//126
f 172//79 173//80 221//128
f 172//79 221//128 220//127
f 173//80 174//81 222//129
f 173//80 222//129 221//128
f 174//81 175//82 223//130
f 174//81 223//130 222//129
f 175//82 176//83 224//131
f 175//82 224//131 223//130
f 176//83 177//84 225//132
f 176//83 225//132 224//131
f 177//84 178//85 226//133
f 177//84 226//133 225//132
f 178//85 179//86 227//134
f 178//85 227//134 226//133
f 179//86 180//87 228//135
f 179//86 228//135 227//134
f 180//87 181//88 229//136
f 180//87 229//136 228//135
f 181//88 182//89 230//137
f 181//88 230//137 229//136
f 182//89 183//90 231//138
f 182//89 231//138 230//137
f 183//90 184//91 232//139
f 183//90 232//139 231//138
f 184//91 185//92 233//140
f 184//91 233//140 232//139
f 185//92 186//93 234//141
f 185//92 234//141 233//140
f 186//93 187//94 235//142
f 186//93 235//142 234//141
f 187//94 188//95 236//143
f 187//94 236//143 235//142
f 188//95 189//96 237//144
f 188//95 237//144 236//143
f 189//96 190//97 238//145
f 189//96 238//145 237//144
f 190//97 191//98 239//146
f 190//97 239//146 238//145
f 191//98 192//99 240//147
f 191//98 240//147 239//146
f 192//99 193//100 241//148
f 192//99 241//148 240//147
f 193//100 194//101 242//149
f 193//100 242//149 241//148
f 194//101 195//102 243//150
f 194//101 243//150 242//149
f 195//102 196//103 244//151
f 195//102 244//151 243//150
f 196//103 197//104 245//152
f 196//103 245//152 244//151
f 197//104 198//105 246//153
f 197//104 246//153 245//152
f 198//105 199//106 247//154
f 198//105 247//154 246//153
f 199//106 200//107 248//155
f 199//106 248//155 247//154
f 200//107 201//108 249//156
f 200//107 249//156 248//155
f 201//108 202//109 250//157
f 201//108 250//157 249//156
f 202//109 203//110 251//158
f 202//109 251//158 250//157
f 203//110 204//111 252//159
f 203//110 252//159 251//158
f 204//111 205//112 253//160
f 204//111 253//160 252//159
f 205//112 206//113 254//161
f 205//112 254//161 253//160
f 206//113 207//114 255//162
f 206//113 255//162 254//161
f 207//114 208//115 256//163
f 207//114 256//163 255//162
f 208//115 209//116 257//164
f 208//115 257//164 256//163
f 209//116 210//117 258//165
f 209//116 258//165 257//164
f 210//117 211//118 259//166
f 210//117 259//166 258//165
f 211//118 212//119 260//167
f 211//118 260//167 259//166
f 212//119 213//120 261//168
f 212//119 261//168 260//167
f 213//120 214//121 262//169
f 213//120 262//169 261//168
f 214//121 215//122 263//170
f 214//121 263//170 262//169
f 215//122 169//76 217//124
f 215//122 217//124 263//170
f 217//124 216//123 264//171
f 217//124 264//171 265//172
f 216//123 218//125 266//173
f 216//123 266//173 264//171
f 218//125 219//126 267//174
f 218//125 267//174 266//173
f 219//126 220//127 268//175
f 219//126 268//175 267//174
f 220//127 221//128 269//176
f 220//127 269//176 268//175
f 221//128 222//129 270//177
f 221//128 270//177 269//176
f 222//129 223//130 271//178
f 222//129 271//178 270//177
f 223//130 224//131 272//179
f 223//130 272//179 271//178
f 224//131 225//132 273//180
f 224//131 273//180 272//179
f 225//132 226//133 274//181
f 225//132 274//181 273//180
f 226//133 227//134 275//182
f 226//133 275//182 274//181
f 227//134 228//135 276//183
f 227//134 276//183 275//182
f 228//135 229//136 277//184
f 228//135 277//184 276//183
f 229//136 230//137 278//185
f 229//136 278//185 277//184
f 230//137 231//138 279//186
f 230//137 279//186 278//185
f 231//138 232//139 280//187
f 231//138 280//187 279//186
f 232//139 233//140 281//188
f 232//139 281//188 280//187
f 233//140 234//141 282//189
f 233//140 282//189 281//188
f 234//141 235//142 283//190
f 234//141 283//190 282//189
f 235//142 236//143 284//191
f 235//142 284//191 283//190
f 236//143 237//144 285//192
f 236//143 285//192 284//191
f 237//144 238//145 286//193
f 237//144 286//193 285//192
f 238//145 239//146 287//194
f 238//145 287//194 286//193
f 239//146 240//147 288//195
f 239//146 288//195 287//194
f 240//147 241//148 289//196
f 240//147 289//196 288//195
f 241//148 242//149 290//197
f 241//148 290//197 289//196
f 242//149 243//150 291//198
f 242//149 291//198 290//197
f 243//150 244//151 292//199
f 243//150 292//199 291//198
f 244//151 245//152 293//200
f 244//151 293//200 292//199
f 245//152 246//153 294//201
f 245//152 294//201 293//200
f 246//153 247//154 295//202
f 246//153 295//202 294//201
f 247//154 248//155 296//203
f 247//154 296//203 295//202
f 248//155 249//156 297//204
f 248//155 297//204 296//203
f 249//156 250//157 298//205
f 249//156 298//205 297//204
f 250//157 251//158 299//206
f 250//157 299//206 298//205
f 251//158 252//159 300//207
f 251//158 300//207 299//206
f 252//159 253//160 301//208
f 252//159 301//208 300//207
f 253//160 254//161 302//209
f 253//160 302//209 301//208
f 254//161 255//162 303//210
f 254//161 303//210 302//209
f 255//162 256//163 304//211
f 255//162 304//211 303//210
f 256//163 257//164 305//212
f 256//163 305//212 304//211
f 257//164 258//165 306//213
f 257//164 306//213 305//212
f 258//165 259//166 307//214
f 258//165 307//214 306//213
f 259//166 260//167 308//215
f 259//166 308//215 307//214
f 260//167 261//168 309//216
f 260//167 309//216 308//215
f 261//168 262//169 310//217
f 261//168 310//217 309//216
f 262//169 263//170 311//218
f 262//169 311//218 310//217
f 263//170 217//124 265//172
f 263//170 265//172 311//218
f 265//172 264//171 312//219
f 265//172 312//219 313//220
f 264//171 266//173 314//221
f 264//171 314//221 312//219
f 266//173 267//174 315//222
f 266//173 315//222 314//221
f 267//174 268//175 316//223
f 267//174 316//223 315//222
f 268//175 269//176 317//224
f 268//175 317//224 316//223
f 269//176 270//177 318//225
f 269//176 318//225 317//224
f 270//177 271//178 319//226
f 270//177 319//226 318//225
f 271//178 272//179 320//227
f 271//178 320//227 319//226
f 272//179 273//180 321//228
f 272//179 321//228 320//227
f 273//180 274//181 322//229
f 273//180 322//229 321//228
f 274//181 275//182 323//230
f 274//181 323//230 322//229
f 275//182 276//183 324//231
f 275//182 324//231 323//230
f 276//183 277//184 325//232
f 276//183 325//232 324//231
f 277//184 278//185 326//233
f 277//184 326//233 325//232
f 278//185 279//186 327//234
f 278//185 327//234 326//233
f 279//186 280//187 328//235
f 279//186 328//235 327//234
f 280//187 281//188 329//236
f 280//187 329//236 328//235
f 281//188 282//189 330//237
f 281//188 330//237 329//236
f 282//189 283//190 331//238
f 282//189 331//238 330//237
f 283//190 284//191 332//239
f 283//190 332//239 331//238
f 284//191 285//192 333//240
f 284//191 333//240 332//239
f 285//192 286//193 334//241
f 285//192 334//241 333//240
f 286//193 287//194 335//242
f 286//193 335//242 334//241
f 287//194 288//195 336//243
f 287//194 336//243 335//242
f 288//195 289//196 337//244
f 288//195 337//244 336//243
f 289//196 290//197 338//245
f 289//196 338//245 337//244
f 290//197 291//198 339//246
f 290//197 339//246 338//245
f 291//198 292//199 340//247
f 291//198 340//247 339//246
f 292//199 293//200 341//248
f 292//199 341//248 340//247
f 293//200 294//201 342//249
f 293//200 342//249 341//248
f 294//201 295//202 343//250
f 294//201 343//250 342//249
f 295//202 296//203 344//251
f 295//202 344//251 343//250
f 296//203 297//204 345//252
f 296//203 345//252 344//251
f 297//204 298//205 346//253
f 297//204 346//253 345//252
f 298//205 299//206 347//254
f 298//205 347//254 346//253
f 299//206 300//207 348//255
f 299//206 348//255 347//254
f 300//207 301//208 349//256
f 300//207 349//256 348//255
f 301//208 302//209 350//257
f 301//208 350//257 349//256
f 302//209 303//210 351//258
f 302//209 351//258 350//257
f 303//210 304//211 352//259
f 303//210 352//259 351//258
f 304//211 305//212 353//260
f 304//211 353//260 352//259
f 305//212 306//213 354//261
f 305//212 354//261 353//260
f 306//213 307//214 355//262
f 306//213 355//262 354//261
f 307//214 308//215 356//263
f 307//214 356//263 355//262
f 308//215 309//216 357//264
f 308//215 357//264 356//263
f 309//216 310//217 358//265
f 309//216 358//265 357//264
f 310//217 311//218 359//266
f 310//217 359//266 358//265
f 311//218 265//172 313//220
f 311//218 313//220 359//266
f 313//220 312//219 360//267
f 313//220 360//267 361//268
f 312//219 314//221 362//269
f 312//219 362//269 360//267
f 314//221 315//222 363//270
f 314//221 363//270 362//269
f 315//222 316//223 364//271
f 315//222 364//271 363//270
f 316//223 317//224 365//272
f 316//223 365//272 364//271
f 317//224 318//225 366//273
f 317//224 366//273 365//272
f 318//225 319//226 367//274
f 318//225 367//274 366//273
f 319//226 320//227 368//275
f 319//226 368//275 367//274
f 320//227 321//228 369//276
f 320//227 369//276 368//275
f 321//228 322//229 370//277
f 321//228 370//277 369//276
f 322//229 323//230 371//278
f 322//229 371//278 370//277
f 323//230 324//231 372//279
f 323//230 372//279 371//278
f 324//231 325//232 373//280
f 324//231 373//280 372//279
f 325//232 326//233 374//281
f 325//232 374//281 373//280
f 326//233 327//234 375//282
f 326//233 375//282 374//281
f 327//234 328//235 376//283
f 327//234 376//283 375//282
f 328//235 329//236 377//284
f 328//235 377//284 376//283
f 329//236 330//237 378//285
f 329//236 378//285 377//284
f 330//237 331//238 379//286
f 330//237 379//286 378//285
f 331//238 332//239 380//287
f 331//238 380//287 379//286
f 332//239 333//240 381//288
f 332//239 381//288 380//287
f 333//240 334//241 382//289
f 333//240 382//289 381//288
f 334//241 335//242 383//290
f 334//241 383//290 382//289
f 335//242 336//243 384//291
f 335//242 384//291 383//290
f 336//243 337//244 385//292
f 336//243 385//292 384//291
f 337//244 338//245 386//293
f 337//244 386//293 385//292
f 338//245 339//246 387//294
f 338//245 387//294 386//293
f 339//246 340//247 388//295
f 339//246 388//295 387//294
f 340//247 341//248 389//296
f 340//247 389//296 388//295
f 341//248 342//249 390//297
f 341//248 390//297 389//296
f 342//249 343//250 391//298
f 342//249 391//298 390//297
f 343//250 344//251 392//299
f 343//250 392//299 391//298
f 344//251 345//252 393//300
f 344//251 393//300 392//299
f 345//252 346//253 394//301
f 345//252 394//301 393//300
f 346//253 347//254 395//302
f 346//253 395//302 394//301
f 347//254 348//255 396//303
f 347//254 396//303 395//302
f 348//255 349//256 397//304
f 348//255 397//304 396//303
f 349//256 350//257 398//305
f 349//256 398//305 397//304
f 350//257 351//258 399//306
f 350//257 399//306 398//305
f 351//258 352//259 400//307
f 351//258 400//307 399//306
f 352//259 353//260 401//308
f 352//259 401//308 400//307
f 353//260 354//261 402//309
f 353//260 402//309 401//308
f 354//261 355//262 403//310
f 354//261 403//310 402//309
f 355//262 356//263 404//311
f 355//262 404//311 403//310
f 356//263 357//264 405//312
f 356//263 405//312 404//311
f 357//264 358//265 406//313
f 357//264 406//313 405//312
f 358//265 359//266 407//314
f 358//265 407//314 406//313
f 359//266 313//220 361//268
f 359//266 361//268 407//314
f 361//268 360//267 408//315
f 361//268 408//315 409//316
f 360//267 362//269 410//317
f 360//267 410//317 408//315
f 362//269 363//270 411//318
f 362//269 411//318 410//317
f 363//270 364//271 412//319
f 363//270 412//319 411//318
f 364//271 365//272 413//320
f 364//271 413//320 412//319
f 365//272 366//273 414//321
f 365//272 414//321 413//320
f 366//273 367//274 415//322
f 366//273 415//322 414//321
f 367//274 368//275 416//323
f 367//274 416//323 415//322
f 368//275 369//276 417//324
f 368//275 417//324 416//323
f 369//276 370//277 418//325
f 369//276 418//325 417//324
f 370//277 371//278 419//326
f 370//277 419//326 418//325
f 371//278 372//279 420//327
f 371//278 420//327 419//326
f 372//279 373//280 421//328
f 372//279 421//328 420//327
f 373//280 374//281 422//329
f 373//280 422//329 421//328
f 374//281 375//282 423//330
f 374//281 423//330 422//329
f 375//282 376//283 424//331
f 375//282 424//331 423//330
f 376//283 377//284 425//332
f 376//283 425//332 424//331
f 377//284 378//285 426//333
f 377//284 426//333 425//332
f 378//285 379//286 427//334
f 378//285 427//334 426//333
f 379//286 380//287 428//335
f 379//286 428//335 427//334
f 380//287 381//288 429//336
f 380//287 429//336 428//335
f 381//288 382//289 430//337
f 381//288 430//337 429//336
f 382//289 383//290 431//338
f 382//289 431//338 430//337
f 383//290 384//291 432//339
f 383//290 432//339 431//338
f 384//291 385//292 433//340
f 384//291 433//340 432//339
f 385//292 386//293 434//341
f 385//292 434//341 433//340
f 386//293 387//294 435//342
f 386//293 435//342 434//341
f 387//294 388//295 436//343
f 387//294 436//343 435//342
f 388//295 389//296 437//344
f 388//295 437//344 436//343
f 389//296 390//297 438//345
f 389//296 438//345 437//344
f 390//297 391//298 439//346
f 390//297 439//346 438//345
f 391//298 392//299 440//347
f 391//298 440//347 439//346
f 392//299 393//300 441//348
f 392//299 441//348 440//347
f 393//300 394//301 442//349
f 393//300 442//349 441//348
f 394//301 395//302 443//350
f 394//301 443//350 442//349
f 395//302 396//303 444//351
f 395//302 444//351 443//350
f 396//303 397//304 445//352
f 396//303 445//352 444//351
f 397//304 398//305 446//353
f 397//304 446//353 445//352
f 398//305 399//306 447//354
f 398//305 447//354 446//353
f 399//306 400//307 448//355
f 399//306 448//355 447//354
f 400//307 401//308 449//356
f 400//307 449//356 448//355
f 401//308 402//309 450//357
f 401//308 450//357 449//356
f 402//309 403//310 451//358
f 402//309 451//358 450//357
f 403//310 404//311 452//359
f 403//310 452//359 451//358
f 404//311 405//312 453//360
f 404//311 453//360 452//359
f 405//312 406//313 454//361
f 405//312 454//361 453//360
f 406//313 407//314 455//362
f 406//313 455//362 454//361
f 407//314 361//268 409//316
f 407//314 409//316 455//362
f 409//316 408//315 456//363
f 409//316 456//363 457//364
f 408//315 410//317 458//365
f 408//315 458//365 456//363
f 410//317 411//318 459//366
f 410//317 459//366 458//365
f 411//318 412//319 460//367
f 411//318 460//367 459//366
f 412//319 413//320 461//368
f 412//319 461//368 460//367
f 413//320 414//321 462//369
f 413//320 462//369 461//368
f 414//321 415//322 463//370
f 414//321 463//370 462//369
f 415//322 416//323 464//371
f 415//322 464//371 463//370
f 416//323 417//324 465//372
f 416//323 465//372 464//371
f 417//324 418//325 466//373
f 417//324 466//373 465//372
f 418//325 419//326 467//374
f 418//325 467//374 466//373
f 419//326 420//327 468//375
f 419//326 468//375 467//374
f 420//327 421//328 469//376
f 420//327 469//376 468//375
f 421//328 422//329 470//377
f 421//328 470//377 469//376
f 422//329 423//330 471//378
f 422//329 471//378 470//377
f 423//330 424//331 472//379
f 423//330 472//379 471//378
f 424//331 425//332 473//380
f 424//331 473//380 472//379
f 425//332 426//333 474//381
f 425//332 474//381 473//380
f 426//333 427//334 475//382
f 426//333 475//382 474//381
f 427//334 428//335 476//383
f 427//334 476//383 475//382
f 428//335 429//336 477//384
f 428//335 477//384 476//383
f 429//336 430//337 478//385
f 429//336 478//385 477//384
f 430//337 431//338 479//386
f 430//337 479//386 478//385
f 431//338 432//339 480//387
f 431//338 480//387 479//386
f 432//339 433//340 481//388
f 432//339 481//388 480//387
f 433//340 434//341 482//389
f 433//340 482//389 481//388
f 434//341 435//342 483//390
f 434//341 483//390 482//389
f 435//342 436//343 484//391
f 435//342 484//391 483//390
f 436//343 437//344 485//392
f 436//343 485//392 484//391
f 437//344 438//345 486//393
f 437//344 486//393 485//392
f 438//345 439//346 487//394
f 438//345 487//394 486//393
f 439//346 440//347 488//395
f 439//346 488//395 487//394
f 440//347 441//348 489//396
f 440//347 489//396 488//395
f 441//348 442//349 490//397
f 441//348 490//397 489//396
f 442//349 443//350 491//398
f 442//349 491//398 490//397
f 443//350 444//351 492//399
f 443//350 492//399 491//398
f 444//351 445//352 493//400
f 444//351 493//400 492//399
f 445//352 446//353 494//401
f 445//352 494//401 493//400
f 446//353 447//354 495//402
f 446//353 495//402 494//401
f 447//354 448//355 496//403
f 447//354 496//403 495//402
f 448//355 449//356 497//404
f 448//355 497//404 496//403
f 449//356 450//357 498//405
f 449//356 498//405 497//404
f 450//357 451//358 499//406
f 450//357 499//406 498//405
f 451//358 452//359 500//407
f 451//358 500//407 499//406
f 452//359 453//360 501//408
f 452//359 501//408 500//407
f 453//360 454//361 502//409
f 453//360 502//409 501//408
f 454//361 455//362 503//410
f 454//361 503//410 502//409
f 455//362 409//316 457//364
f 455//362 457//364 503//410
f 457//364 456//363 504//411
f 457//364 504//411 505//412
f 456//363 458//365 506//413
f 456//363 506//413 504//411
f 458//365 459//366 507//414
f 458//365 507//414 506//413
f 459//366 460//367 508//415
f 459//366 508//415 507//414
f 460//367 461//368 509//416
f 460//367 509//416 508//415
f 461//368 462//369 510//417
f 461//368 510//417 509//416
f 462//369 463//370 511//418
f 462//369 511//418 510//417
f 463//370 464//371 512//419
f 463//370 512//419 511//418
f 464//371 465//372 513//420
f 464//371 513//420 512//419
f 465//372 466//373 514//421
f 465//372 514//421 513//420
f 466//373 467//374 515//422
f 466//373 515//422 514//421
f 467//374 468//375 516//423
f 467//374 516//423 515//422
f 468//375 469//376 517//424
f 468//375 517//424 516//423
f 469//376 470//377 518//425
f 469//376 518//425 517//424
f 470//377 471//378 519//426
f 470//377 519//426 518//425
f 471//378 472//379 520//427
f 471//378 520//427 519//426
f 472//379 473//380 521//428
f 472//379 521//428 520//427
f 473//380 474//381 522//429
f 473//380 522//429 521//428
f 474//381 475//382 523//430
f 474//381 523//430 522//429
f 475//382 476//383 524//431
f 475//382 524//431 523//430
f 476//383 477//384 525//432
f 476//383 525//432 524//431
f 477//384 478//385 526//433
f 477//384 526//433 525//432
f 478//385 479//386 527//434
f 478//385 527//434 526//433
f 479//386 480//387 528//435
f 479//386 528//435 527//434
f 480//387 481//388 529//436
f 480//387 529//436 528//435
f 481//388 482//389 530//437
f 481//388 530//437 529//436
f 482//389 483//390 531//438
f 482//389 531//438 530//437
f 483//390 484//391 532//439
f 483//390 532//439 531//438
f 484//391 485//392 533//440
f 484//391 533//440 532//439
f 485//392 486//393 534//441
f 485//392 534//441 533//440
f 486//393 487//394 535//442
f 486//393 535//442 534//441
f 487//394 488//395 536//443
f 487//394 536//443 535//442
f 488//395 489//396 537//444
f 488//395 537//444 536//443
f 489//396 490//397 538//445
f 489//396 538//445 537//444
f 490//397 491//398 539//446
f 490//397 539//446 538//445
f 491//398 492//399 540//447
f 491//398 540//447 539//446
f 492//399 493//400 541//448
f 492//399 541//448 540//447
f 493//400 494//401 542//449
f 493//400 542//449 541//448
f 494//401 495//402 543//450
f 494//401 543//450 542//449
f 495//402 496//403 544//451
f 495//402 544//451 543//450
f 496//403 497//404 545//452
f 496//403 545//452 544//451
f 497//404 498//405 546//453
f 497//404 546//453 545//452
f 498//405 499//406 547//454
f 498//405 547//454 546//453
f 499//406 500//407 548//455
f 499//406 548//455 547//454
f 500//407 501//408 549//456
f 500//407 549//456 548//455
f 501//408 502//409 550//457
f 501//408 550//457 549//456
f 502//409 503//410 551//458
f 502//409 551//458 550//457
f 503//410 457//364 505//412
f 503//410 505//412 551//458
f 505//412 504//411 552//459
f 505//412 552//459 553//460
f 504//411 506//413 554//461
f 504//411 554//461 552//459
f 506//413 507//414 555//462
f 506//413 555//462 554//461
f 507//414 508//415 556//463
f 507//414 556//463 555//462
f 508//415 509//416 557//464
f 508//415 557//464 556//463
f 509//416 510//417 558//465
f 509//416 558//465 557//464
f 510//417 511//418 559//466
f 510//417 559//466 558//465
f 511//418 512//419 560//467
f 511//418 560//467 559//466
f 512//419 513//420 561//468
f 512//419 561//468 560//467
f 513//420 514//421 562//469
f 513//420 562//469 561//468
f 514//421 515//422 563//470
f 514//421 563//470 562//469
f 515//422 516//423 564//471
f 515//422 564//471 563//470
f 516//423 517//424 565//472
f 516//423 565//472 564//471
f 517//424 518//425 566//473
f 517//424 566//473 565//472
f 518//425 519//426 567//474
f 518//425 567//474 566//473
f 519//426 520//427 568//475
f 519//426 568//475 567//474
f 520//427 521//428 569//476
f 520//427 569//476 568//475
f 521//428 522//429 570//477
f 521//428 570//477 569//476
f 522//429 523//430 571//478
f 522//429 571//478 570//477
f 523//430 524//431 572//479
f 523//430 572//479 571//478
f 524//431 525//432 573//480
f 524//431 573//480 572//479
f 525//432 526//433 574//481
f 525//432 574//481 573//480
f 526//433 527//434 575//482
f 526//433 575//482 574//481
f 527//434 528//435 576//483
f 527//434 576//483 575//482
f 528//435 529//436 577//484
f 528//435 577//484 576//483
f 529//436 530//437 578//485
f 529//436 578//485 577//484
f 530//437 531//438 579//486
f 530//437 579//486 578//485
f 531//438 532//439 580//487
f 531//438 580//487 579//486
f 532//439 533//440 581//488
f 532//439 581//488 580//487
f 533//440 534//441 582//489
f 533//440 582//489 581//488
f 534//441 535//442 583//490
f 534//441 583//490 582//489
f 535//442 536//443 584//491
f 535//442 584//491 583//490
f 536//443 537//444 585//492
f 536//443 585//492 584//491
f 537//444 538//445 586//493
f 537//444 586//493 585//492
f 538//445 539//446 587//494
f 538//445 587//494 586//493
f 539//446 540//447 588//495
f 539//446 588//495 587//494
f 540//447 541//448 589//496
f 540//447 589//496 588//495
f 541//448 542//449 590//497
f 541//448 590//497 589//496
f 542//449 543//450 591//498
f 542//449 591//498 590//497
f 543//450 544//451 592//499
f 543//450 592//499 591//498
f 544//451 545//452 593//500
f 544//451 593//500 592//499
f 545//452 546//453 594//501
f 545//452 594//501 593//500
f 546//453 547//454 595//502
f 546//453 595//502 594//501
f 547//454 548//455 596//503
f 547//454 596//503 595//502
f 548//455 549//456 597//504
f 548//455 597//504 596//503
f 549//456 550//457 598//505
f 549//456 598//505 597//504
f 550//457 551//458 599//506
f 550//457 599//506 598//505
f 551//458 505//412 553//460
f 551//458 553//460 599//506
f 553//460 552//459 600//507
f 553//460 600//507 601//508
f 552//459 554//461 602//509
f 552//459 602//509 600//507
f 554//461 555//462 603//510
f 554//461 603//510 602//509
f 555//462 556//463 604//511
f 555//462 604//511 603//510
f 556//463 557//464 605//512
f 556//463 605//512 604//511
f 557//464 558//465 606//513
f 557//464 606//513 605//512
f 558//465 559//466 607//514
f 558//465 607//514 606//513
f 559//466 560//467 608//515
f 559//466 608//515 607//514
f 560//467 561//468 609//516
f 560//467 609//516 608//515
f 561//468 562//469 610//517
f 561//468 610//517 609//516
f 562//469 563//470 611//518
f 562//469 611//518 610//517
f 563//470 564//471 612//519
f 563//470 612//519 611//518
f 564//471 565//472 613//520
f 564//471 613//520 612//519
f 565//472 566//473 614//521
f 565//472 614//521 613//520
f 566//473 567//474 615//522
f 566//473 615//522 614//521
f 567//474 568//475 616//523
f 567//474 616//523 615//522
f 568//475 569//476 617//524
f 568//475 617//524 616//523
f 569//476 570//477 618//525
f 569//476 618//525 617//524
f 570//477 571//478 619//526
f 570//477 619//526 618//525
f 571//478 572//479 620//527
f 571//478 620//527 619//526
f 572//479 573//480 621//528
f 572//479 621//528 620//527
f 573//480 574//481 622//529
f 573//480 622//529 621//528
f 574//481 575//482 623//530
f 574//481 623//530 622//529
f 575//482 576//483 624//531
f 575//482 624//531 623//530
f 576//483 577//484 625//532
f 576//483 625//532 624//531
f 577//484 578//485 626//533
f 577//484 626//533 625//532
f 578//485 579//486 627//534
f 578//485 627//534 626//533
f 579//486 580//487 628//535
f 579//486 628//535 627//534
f 580//487 581//488 629//536
f 580//487 629//536 628//535
f 581//488 582//489 630//537
f 581//488 630//537 629//536
f 582//489 583//490 631//538
f 582//489 631//538 630//537
f 583//490 584//491 632//539
f 583//490 632//539 631//538
f 584//491 585//492 633//540
f 584//491 633//540 632//539
f 585//492 586//493 634//541
f 585//492 634//541 633//540
f 586//493 587//494 635//542
f 586//493 635//542 634//541
f 587//494 588//495 636//543
f 587//494 636//543 635//542
f 588//495 589//496 637//544
f 588//495 637//544 636//543
f 589//496 590//497 638//545
f 589//496 638//545 637//544
f 590//497 591//498 639//546
f 590//497 639//546 638//545
f 591//498 592//499 640//547
f 591//498 640//547 639//546
f 592//499 593//500 641//548
f 592//499 641//548 640//547
f 593//500 594//501 642//549
f 593//500 642//549 641//548
f 594//501 595//502 643//550
f 594//501 643//550 642//549
f 595//502 596//503 644//551
f 595//502 644//551 643//550
f 596//503 597//504 645//552
f 596//503 645//552 644//551
f 597//504 598//505 646//553
f 597//504 646//553 645//552
f 598//505 599//506 647//554
f 598//505 647//554 646//553
f 599//506 553//460 601//508
f 599//506 601//508 647//554
f 601//508 600//507 648//555
f 601//508 648//555 649//6
f 600//507 602//509 650//7
f 600//507 650//7 648//555
f 602//509 603//510 651//556
f 602//509 651//556 650//7
f 603//510 604//511 652//8
f 603//510 652//8 651//556
f 604//511 605//512 653//557
f 604//511 653//557 652//8
f 605//512 606//513 654//9
f 605//512 654//9 653//557
f 606//513 607//514 655//558
f 606//513 655//558 654//9
f 607//514 608//515 656//10
f 607//514 656//10 655//558
f 608//515 609//516 657//559
f 608//515 657//559 656//10
f 609//516 610//517 658//11
f 609//516 658//11 657//559
f 610//517 611//518 659//560
f 610//517 659//560 658//11
f 611//518 612//519 660//4
f 611//518 660//4 659//560
f 612//519 613//520 661//561
f 612//519 661//561 660//4
f 613//520 614//521 662//12
f 613//520 662//12 661//561
f 614//521 615//522 663//562
f 614//521 663//562 662//12
f 615//522 616//523 664//13
f 615//522 664//13 663//562
f 616//523 617//524 665//563
f 616//523 665//563 664//13
f 617//524 618//525 666//14
f 617//524 666//14 665//563
f 618//525 619//526 667//564
f 618//525 667//564 666//14
f 619//526 620//527 668//15
f 619//526 668//15 667//564
f 620//527 621//528 669//565
f 620//527 669//565 668//15
f 621//528 622//529 670//16
f 621//528 670//16 669//565
f 622//529 623//530 671//566
f 622//529 671//566 670//16
f 623//530 624//531 672//5
f 623//530 672//5 671//566
f 624//531 625//532 673//567
f 624//531 673//567 672//5
f 625//532 626//533 674//17
f 625//532 674//17 673//567
f 626//533 627//534 675//568
f 626//533 675//568 674//17
f 627//534 628//535 676//18
f 627//534 676//18 675//568
f 628//535 629//536 677//569
f 628//535 677//569 676//18
f 629//536 630//537 678//19
f 629//536 678//19 677//569
f 630//537 631//538 679//570
f 630//537 679//570 678//19
f 631//538 632//539 680//20
f 631//538 680//20 679//570
f 632//539 633//540 681//571
f 632//539 681//571 680//20
f 633//540 634//541 682//21
f 633//540 682//21 681//571
f 634//541 635//542 683//572
f 634//541 683//572 682//21
f 635//542 636//543 684//3
f 635//542 684//3 683//572
f 636//543 637//544 685//573
f 636//543 685//573 684//3
f 637//544 638//545 686//22
f 637//544 686//22 685//573
f 638//545 639//546 687//574
f 638//545 687//574 686//22
f 639//546 640//547 688//23
f 639//546 688//23 687//574
f 640//547 641//548 689//575
f 640//547 689//575 688//23
f 641//548 642//549 690//24
f 641//548 690//24 689//575
f 642//549 643//550 691//576
f 642//549 691//576 690//24
f 643//550 644//551 692//25
f 643//550 692//25 691//576
f 644//551 645//552 693//577
f 644//551 693//577 692//25
f 645//552 646//553 694//26
f 645//552 694//26 693//577
f 646//553 647//554 695//578
f 646//553 695//578 694//26
f 647//554 601//508 649//6
f 647//554 649//6 695//578
f 649//6 648//555 696//579
f 649//6 696//579 697//580
f 648//555 650//7 698//581
f 648//555 698//581 696//579
f 650//7 651//556 699//582
f 650//7 699//582 698//581
f 651//556 652//8 700//583
f 651//556 700//583 699//582
f 652//8 653//557 701//584
f 652//8 701//584 700//583
f 653//557 654//9 702//585
f 653//557 702//585 701//584
f 654//9 655//558 703//586
f 654//9 703//586 702//585
f 655//558 656//10 704//587
f 655//558 704//587 703//586
f 656//10 657//559 705//588
f 656//10 705//588 704//587
f 657//559 658//11 706//589
f 657//559 706//589 705//588
f 658//11 659//560 707//590
f 658//11 707//590 706//589
f 659//560 660//4 708//591
f 659//560 708//591 707//590
f 660//4 661//561 709//592
f 660//4 709//592 708//591
f 661//561 662//12 710//593
f 661//561 710//593 709//592
f 662//12 663//562 711//594
f 662//12 711//594 710//593
f 663//562 664//13 712//595
f 663//562 712//595 711//594
f 664//13 665//563 713//596
f 664//13 713//596 712//595
f 665//563 666//14 714//597
f 665//563 714//597 713//596
f 666//14 667//564 715//598
f 666//14 715//598 714//597
f 667//564 668//15 716//599
f 667//564 716//599 715//598
f 668//15 669//565 717//600
f 668//15 717//600 716//599
f 669//565 670//16 718//601
f 669//565 718//601 717//600
f 670//16 671//566 719//602
f 670//16 719//602 718//601
f 671//566 672//5 720//603
f 671//566 720//603 719//602
f 672//5 673//567 721//604
f 672//5 721//604 720//603
f 673//567 674//17 722//605
f 673//567 722//605 721//604
f 674//17 675//568 723//606
f 674//17 723//606 722//605
f 675//568 676//18 724//607
f 675//568 724//607 723//606
f 676//18 677//569 725//608
f 676//18 725//608 724//607
f 677//569 678//19 726//609
f 677//569 726//609 725//608
f 678//19 679//570 727//610
f 678//19 727//610 726//609
f 679//570 680//20 728//611
f 679//570 728//611 727//610
f 680//20 681//571 729//612
f 680//20 729//612 728//611
f 681//571 682//21 730//613
f 681//571 730//613 729//612
f 682//21 683//572 731//614
f 682//21 731//614 730//613
f 683//572 684//3 732//615
f 683//572 732//615 731//614
f 684//3 685//573 733//616
f 684//3 733//616 732//615
f 685//573 686//22 734//617
f 685//573 734//617 733//616
f 686//22 687//574 735//618
f 686//22 735//618 734//617
f 687//574 688//23 736//619
f 687//574 736//619 735//618
f 688//23 689//575 737//620
f 688//23 737//620 736//619
f 689//575 690//24 738//621
f 689//575 738//621 737//620
f 690//24 691//576 739//622
f 690//24 739//622 738//621
f 691//576 692//25 740//623
f 691//576 740//623 739//622
f 692//25 693//577 741//624
f 692//25 741//624 740//623
f 693//577 694//26 742//625
f 693//577 742//625 741//624
f 694//26 695//578 743//626
f 694//26 743//626 742//625
f 695//578 649//6 697//580
f 695//578 697//580 743//626
f 697//580 696//579 744//627
f 697//580 744//627 745//628
f 696//579 698//581 746//629
f 696//579 746//629 744//627
f 698//581 699//582 747//630
f 698//581 747//630 746//629
f 699//582 700//583 748//631
f 699//582 748//631 747//630
f 700//583 701//584 749//632
f 700//583 749//632 748//631
f 701//584 702//585 750//633
f 701//584 750//633 749//632
f 702//585 703//586 751//634
f 702//585 751//634 750//633
f 703//586 704//587 752//635
f 703//586 752//635 751//634
f 704//587 705//588 753//636
f 704//587 753//636 752//635
f 705//588 706//589 754//637
f 705//588 754//637 753//636
f 706//589 707//590 755//638
f 706//589 755//638 754//637
f 707//590 708//591 756//639
f 707//590 756//639 755//638
f 708//591 709//592 757//640
f 708//591 757//640 756//639
f 709//592 710//593 758//641
f 709//592 758//641 757//640
f 710//593 711//594 759//642
f 710//593 759//642 758//641
f 711//594 712//595 760//643
f 711//594 760//643 759//642
f 712//595 713//596 761//644
f 712//595 761//644 760//643
f 713//596 714//597 762//645
f 713//596 762//645 761//644
f 714//597 715//598 763//646
f 714//597 763//646 762//645
f 715//598 716//599 764//647
f 715//598 764//647 763//646
f 716//599 717//600 765//648
f 716//599 765//648 764//647
f 717//600 718//601 766//649
f 717//600 766//649 765//648
f 718//601 719//602 767//650
f 718//601 767//650 766//649
f 719//602 720//603 768//651
f 719//602 768//651 767//650
f 720//603 721//604 769//652
f 720//603 769//652 768//651
f 721//604 722//605 770//653
f 721//604 770//653 769//652
f 722//605 723//606 771//654
f 722//605 771//654 770//653
f 723//606 724//607 772//655
f 723//606 772//655 771//654
f 724//607 725//608 773//656
f 724//607 773//656 772//655
f 725//608 726//609 774//657
f 725//608 774//657 773//656
f 726//609 727//610 775//658
f 726//609 775//658 774//657
f 727//610 728//611 776//659
f 727//610 776//659 775//658
f 728//611 729//612 777//660
f 728//611 777//660 776//659
f 729//612 730//613 778//661
f 729//612 778//661 777//660
f 730//613 731//614 779//662
f 730//613 779//662 778//661
f 731//614 732//615 780//663
f 731//614 780//663 779//662
f 732//615 733//616 781//664
f 732//615 781//664 780//663
f 733//616 734//617 782//665
f 733//616 782//665 781//664
f 734//617 735//618 783//666
f 734//617 783//666 782//665
f 735//618 736//619 784//667
f 735//618 784//667 783//666
f 736//619 737//620 785//668
f 736//619 785//668 784//667
f 737//620 738//621 786//669
f 737//620 786//669 785//668
f 738//621 739//622 787//670
f 738//621 787//670 786//669
f 739//622 740//623 788//671
f 739//622 788//671 787//670
f 740//623 741//624 789//672
f 740//623 789//672 788//671
f 741//624 742//625 790//673
f 741//624 790//673 789//672
f 742//625 743//626 791//674
f 742//625 791//674 790//673
f 743//626 697//580 745//628
f 743//626 745//628 791//674
f 745//628 744//627 792//675
f 745//628 792//675 793//676
f 744//627 746//629 794//677
f 744//627 794//677 792//675
f 746//629 747//630 795//678
f 746//629 795//678 794//677
f 747//630 748//631 796//679
f 747//630 796//679 795//678
f 748//631 749//632 797//680
f 748//631 797//680 796//679
f 749//632 750//633 798//681
f 749//632 798//681 797//680
f 750//633 751//634 799//682
f 750//633 799//682 798//681
f 751//634 752//635 800//683
f 751//634 800//683 799//682
f 752//635 753//636 801//684
f 752//635 801//684 800//683
f 753//636 754//637 802//685
f 753//636 802//685 801//684
f 754//637 755//638 803//686
f 754//637 803//686 802//685
f 755//638 756//639 804//687
f 755//638 804//687 803//686
f 756//639 757//640 805//688
f 756//639 805//688 804//687
f 757//640 758//641 806//689
f 757//640 806//689 805//688
f 758//641 759//642 807//690
f 758//641 807//690 806//689
f 759//642 760//643 808//691
f 759//642 808//691 807//690
f 760//643 761//644 809//692
f 760//643 809//692 808//691
f 761//644 762//645 810//693
f 761//644 810//693 809//692
f 762//645 763//646 811//694
f 762//645 811//694 810//693
f 763//646 764//647 812//695
f 763//646 812//695 811//694
f 764//647 765//648 813//696
f 764//647 813//696 812//695
f 765//648 766//649 814//697
f 765//648 814//697 813//696
f 766//649 767//650 815//698
f 766//649 815//698 814//697
f 767//650 768//651 816//699
f 767//650 816//699 815//698
f 768//651 769//652 817//700
f 768//651 817//700 816//699
f 769//652 770//653 818//701
f 769//652 818//701 817//700
f 770//653 771//654 819//702
f 770//653 819//702 818//701
f 771//654 772//655 820//703
f 771//654 820//703 819//702
f 772//655 773//656 821//704
f 772//655 821//704 820//703
f 773//656 774//657 822//705
f 773//656 822//705 821//704
f 774//657 775//658 823//706
f 774//657 823//706 822//705
f 775//658 776//659 824//707
f 775//658 824//707 823//706
f 776//659 777//660 825//708
f 776//659 825//708 824//707
f 777//660 778//661 826//709
f 777//660 826//709 825//708
f 778//661 779//662 827//710
f 778//661 827//710 826//709
f 779//662 780//663 828//711
f 779//662 828//711 827//710
f 780//663 781//664 829//712
f 780//663 829//712 828//711
f 781//664 782//665 830//713
f 781//664 830//713 829//712
f 782//665 783//666 831//714
f 782//665 831//714 830//713
f 783//666 784//667 832//715
f 783//666 832//715 831//714
f 784//667 785//668 833//716
f 784//667 833//716 832//715
f 785//668 786//669 834//717
f 785//668 834//717 833//716
f 786//669 787//670 835//718
f 786//669 835//718 834//717
f 787//670 788//671 836//719
f 787//670 836//719 835//718
f 788//671 789//672 837//720
f 788//671 837//720 836//719
f 789//672 790//673 838//721
f 789//672 838//721 837//720
f 790//673 791//674 839//722
f 790//673 839//722 838//721
f 791//674 745//628 793//676
f 791//674 793//676 839//722
f 793//676 792//675 840//723
f 793//676 840//723 841//724
f 792//675 794//677 842//725
f 792//675 842//725 840//723
f 794//677 795//678 843//726
f 794//677 843//726 842//725
f 795//678 796//679 844//727
f 795//678 844//727 843//726
f 796//679 797//680 845//728
f 796//679 845//728 844//727
f 797//680 798//681 846//729
f 797//680 846//729 845//728
f 798//681 799//682 847//730
f 798//681 847//730 846//729
f 799//682 800//683 848//731
f 799//682 848//731 847//730
f 800//683 801//684 849//732
f 800//683 849//732 848//731
f 801//684 802//685 850//733
f 801//684 850//733 849//732
f 802//685 803//686 851//734
f 802//685 851//734 850//733
f 803//686 804//687 852//735
f 803//686 852//735 851//734
f 804//687 805//688 853//736
f 804//687 853//736 852//735
f 805//688 806//689 854//737
f 805//688 854//737 853//736
f 806//689 807//690 855//738
f 806//689 855//738 854//737
f 807//690 808//691 856//739
f 807//690 856//739 855//738
f 808//691 809//692 857//740
f 808//691 857//740 856//739
f 809//692 810//693 858//741
f 809//692 858//741 857//740
f 810//693 811//694 859//742
f 810//693 859//742 858//741
f 811//694 812//695 860//743
f 811//694 860//743 859//742
f 812//695 813//696 861//744
f 812//695 861//744 860//743
f 813//696 814//697 862//745
f 813//696 862//745 861//744
f 814//697 815//698 863//746
f 814//697 863//746 862//745
f 815//698 816//699 864//747
f 815//698 864//747 863//746
f 816//699 817//700 865//748
f 816//699 865//748 864//747
f 817//700 818//701 866//749
f 817//700 866//749 865//748
f 818//701 819//702 867//750
f 818//701 867//750 866//749
f 819//702 820//703 868//751
f 819//702 868//751 867//750
f 820//703 821//704 869//752
f 820//703 869//752 868//751
f 821//704 822//705 870//753
f 821//704 870//753 869//752
f 822//705 823//706 871//754
f 822//705 871//754 870//753
f 823//706 824//707 872//755
f 823//706 872//755 871//754
f 824//707 825//708 873//756
f 824//707 873//756 872//755
f 825//708 826//709 874//757
f 825//708 874//757 873//756
f 826//709 827//710 875//758
f 826//709 875//758 874//757
f 827//710 828//711 876//759
f 827//710 876//759 875//758
f 828//711 829//712 877//760
f 828//711 877//760 876//759
f 829//712 830//713 878//761
f 829//712 878//761 877//760
f 830//713 831//714 879//762
f 830//713 879//762 878//761
f 831//714 832//715 880//763
f 831//714 880//763 879//762
f 832//715 833//716 881//764
f 832//715 881//764 880//763
f 833//716 834//717 882//765
f 833//716 882//765 881//764
f 834//717 835//718 883//766
f 834//717 883//766 882//765
f 835//718 836//719 884//767
f 835//718 884//767 883//766
f 836//719 837//720 885//768
f 836//719 885//768 884//767
f 837//720 838//721 886//769
f 837//720 886//769 885//768
f 838//721 839//722 887//770
f 838//721 887//770 886//769
f 839//722 793//676 841//724
f 839//722 841//724 887//770
f 841//724 840//723 888//771
f 841//724 888//771 889//772
f 840//723 842//725 890//773
f 840//723 890//773 888//771
f 842//725 843//726 891//774
f 842//725 891//774 890//773
f 843//726 844//727 892//775
f 843//726 892//775 891//774
f 844//727 845//728 893//776
f 844//727 893//776 892//775
f 845//728 846//729 894//777
f 845//728 894//777 893//776
f 846//729 847//730 895//778
f 846//729 895//778 894//777
f 847//730 848//731 896//779
f 847//730 896//779 895//778
f 848//731 849//732 897//780
f 848//731 897//780 896//779
f 849//732 850//733 898//781
f 849//732 898//781 897//780
f 850//733 851//734 899//782
f 850//733 899//782 898//781
f 851//734 852//735 900//783
f 851//734 900//783 899//782
f 852//735 853//736 901//784
f 852//735 901//784 900//783
f 853//736 854//737 902//785
f 853//736 902//785 901//784
f 854//737 855//738 903//786
f 854//737 903//786 902//785
f 855//738 856//739 904//787
f 855//738 904//787 903//786
f 856//739 857//740 905//788
f 856//739 905//788 904//787
f 857//740 858//741 906//789
f 857//740 906//789 905//788
f 858//741 859//742 907//790
f 858//741 907//790 906//789
f 859//742 860//743 908//791
f 859//742 908//791 907//790
f 860//743 861//744 909//792
f 860//743 909//792 908//791
f 861//744 862//745 910//793
f 861//744 910//793 909//792
f 862//745 863//746 911//794
f 862//745 911//794 910//793
f 863//746 864//747 912//795
f 863//746 912//795 911//794
f 864//747 865//748 913//796
f 864//747 913//796 912//795
f 865//748 866//749 914//797
f 865//748 914//797 913//796
f 866//749 867//750 915//798
f 866//749 915//798 914//797
f 867//750 868//751 916//799
f 867//750 916//799 915//798
f 868//751 869//752 917//800
f 868//751 917//800 916//799
f 869//752 870//753 918//801
f 869//752 918//801 917//800
f 870//753 871//754 919//802
f 870//753 919//802 918//801
f 871//754 872//755 920//803
f 871//754 920//803 919//802
f 872//755 873//756 921//804
f 872//755 921//804 920//803
f 873//756 874//757 922//805
f 873//756 922//805 921//804
f 874//757 875//758 923//806
f 874//757 923//806 922//805
f 875//758 876//759 924//807
f 875//758 924//807 923//806
f 876//759 877//760 925//808
f 876//759 925//808 924//807
f 877//760 878//761 926//809
f 877//760 926//809 925//808
f 878//761 879//762 927//810
f 878//761 927//810 926//809
f 879//762 880//763 928//811
f 879//762 928//811 927//810
f 880//763 881//764 929//812
f 880//763 929//812 928//811
f 881//764 882//765 930//813
f 881//764 930//813 929//812
f 882//765 883//766 931//814
f 882//765 931//814 930//813
f 883//766 884//767 932//815
f 883//766 932//815 931//814
f 884//767 885//768 933//816
f 884//767 933//816 932//815
f 885//768 886//769 934//817
f 885//768 934//817 933//816
f 886//769 887//770 935//818
f 886//769 935//818 934//817
f 887//770 841//724 889//772
f 887//770 889//772 935//818
f 889//772 888//771 936//819
f 889//772 936//819 937//820
f 888//771 890//773 938//821
f 888//771 938//821 936//819
f 890//773 891//774 939//822
f 890//773 939//822 938//821
f 891//774 892//775 940//823
f 891//774 940//823 939//822
f 892//775 893//776 941//824
f 892//775 941//824 940//823
f 893//776 894//777 942//825
f 893//776 942//825 941//824
f 894//777 895//778 943//826
f 894//777 943//826 942//825
f 895//778 896//779 944//827
f 895//778 944//827 943//826
f 896//779 897//780 945//828
f 896//779 945//828 944//827
f 897//780 898//781 946//829
f 897//780 946//829 945//828
f 898//781 899//782 947//830
f 898//781 947//830 946//829
f 899//782 900//783 948//831
f 899//782 948//831 947//830
f 900//783 901//784 949//832
f 900//783 949//832 948//831
f 901//784 902//785 950//833
f 901//784 950//833 949//832
f 902//785 903//786 951//834
f 902//785 951//834 950//833
f 903//786 904//787 952//835
f 903//786 952//835 951//834
f 904//787 905//788 953//836
f 904//787 953//836 952//835
f 905//788 906//789 954//837
f 905//788 954//837 953//836
f 906//789 907//790 955//838
f 906//789 955//838 954//837
f 907//790 908//791 956//839
f 907//790 956//839 955//838
f 908//791 909//792 957//840
f 908//791 957//840 956//839
f 909//792 910//793 958//841
f 909//792 958//841 957//840
f 910//793 911//794 959//842
f 910//793 959//842 958//841
f 911//794 912//795 960//843
f 911//794 960//843 959//842
f 912//795 913//796 961//844
f 912//795 961//844 960//843
f 913//796 914//797 962//845
f 913//796 962//845 961//844
f 914//797 915//798 963//846
f 914//797 963//846 962//845
f 915//798 916//799 964//847
f 915//798 964//847 963//846
f 916//799 917//800 965//848
f 916//799 965//848 964//847
f 917//800 918//801 966//849
f 917//800 966//849 965//848
f 918//801 919//802 967//850
f 918//801 967//850 966//849
f 919//802 920//803 968//851
f 919//802 968//851 967//850
f 920//803 921//804 969//852
f 920//803 969//852 968//851
f 921//804 922//805 970//853
f 921//804 970//853 969//852
f 922//805 923//806 971//854
f 922//805 971//854 970//853
f 923//806 924//807 972//855
f 923//806 972//855 971//854
f 924//807 925//808 973//856
f 924//807 973//856 972//855
f 925//808 926//809 974//857
f 925//808 974//857 973//856
f 926//809 927//810 975//858
f 926//809 975//858 974//857
f 927//810 928//811 976//859
f 927//810 976//859 975//858
f 928//811 929//812 977//860
f 928//811 977//860 976//859
f 929//812 930//813 978//861
f 929//812 978//861 977//860
f 930//813 931//814 979//862
f 930//813 979//862 978//861
f 931//814 932//815 980//863
f 931//814 980//863 979//862
f 932//815 933//816 981//864
f 932//815 981//864 980//863
f 933//816 934//817 982//865
f 933//816 982//865 981//864
f 934//817 935//818 983//866
f 934//817 983//866 982//865
f 935//818 889//772 937//820
f 935//818 937//820 983//866
f 937//820 936//819 984//867
f 937//820 984//867 985//868
f 936//819 938//821 986//869
f 936//819 986//869 984//867
f 938//821 939//822 987//870
f 938//821 987//870 986//869
f 939//822 940//823 988//871
f 939//822 988//871 987//870
f 940//823 941//824 989//872
f 940//823 989//872 988//871
f 941//824 942//825 990//873
f 941//824 990//873 989//872
f 942//825 943//826 991//874
f 942//825 991//874 990//873
f 943//826 944//827 992//875
f 943//826 992//875 991//874
f 944//827 945//828 993//876
f 944//827 993//876 992//875
f 945//828 946//829 994//877
f 945//828 994//877 993//876
f 946//829 947//830 995//878
f 946//829 995//878 994//877
f 947//830 948//831 996//879
f 947//830 996//879 995//878
f 948//831 949//832 997//880
f 948//831 997//880 996//879
f 949//832 950//833 998//881
f 949//832 998//881 997//880
f 950//833 951//834 999//882
f 950//833 999//882 998//881
f 951//834 952//835 1000//883
f 951//834 1000//883 999//882
f 952//835 953//836 1001//884
f 952//835 1001//884 1000//883
f 953//836 954//837 1002//885
f 953//836 1002//885 1001//884
f 954//837 955//838 1003//886
f 954//837 1003//886 1002//885
f 955//838 956//839 1004//887
f 955//838 1004//887 1003//886
f 956//839 957//840 1005//888
f 956//839 1005//888 1004//887
f 957//840 958//841 1006//889
f 957//840 1006//889 1005//888
f 958//841 959//842 1007//890
f 958//841 1007//890 1006//889
f 959//842 960//843 1008//891
f 959//842 1008//891 1007//890
f 960//843 961//844 1009//892
f 960//843 1009//892 1008//891
f 961//844 962//845 1010//893
f 961//844 1010//893 1009//892
f 962//845 963//846 1011//894
f 962//845 1011//894 1010//893
f 963//846 964//847 1012//895
f 963//846 1012//895 1011//894
f 964//847 965//848 1013//896
f 964//847 1013//896 1012//895
f 965//848 966//849 1014//897
f 965//848 1014//897 1013//896
f 966//849 967//850 1015//898
f 966//849 1015//898 1014//897
f 967//850 968//851 1016//899
f 967//850 1016//899 1015//898
f 968//851 969//852 1017//900
f 968//851 1017//900 1016//899
f 969//852 970//853 1018//901
f 969//852 1018//901 1017//900
f 970//853 971//854 1019//902
f 970//853 1019//902 1018//901
f 971//854 972//855 1020//903
f 971//854 1020//903 1019//902
f 972//855 973//856 1021//904
f 972//855 1021//904 1020//903
f 973//856 974//857 1022//905
f 973//856 1022//905 1021//904
f 974//857 975//858 1023//906
f 974//857 1023//906 1022//905
f 975//858 976//859 1024//907
f 975//858 1024//907 1023//906
f 976//859 977//860 1025//908
f 976//859 1025//908 1024//907
f 977//860 978//861 1026//909
f 977//860 1026//909 1025//908
f 978//861 979//862 1027//910
f 978//861 1027//910 1026//909
f 979//862 980//863 1028//911
f 979//862 1028//911 1027//910
f 980//863 981//864 1029//912
f 980//863 1029//912 1028//911
f 981//864 982//865 1030//913
f 981//864 1030//913 1029//912
f 982//865 983//866 1031//914
f 982//865 1031//914 1030//913
f 983//866 937//820 985//868
f 983//866 985//868 1031//914
f 985//868 984//867 1032//915
f 985//868 1032//915 1033//916
f 984//867 986//869 1034//917
f 984//867 1034//917 1032//915
f 986//869 987//870 1035//918
f 986//869 1035//918 1034//917
f 987//870 988//871 1036//919
f 987//870 1036//919 1035//918
f 988//871 989//872 1037//920
f 988//871 1037//920 1036//919
f 989//872 990//873 1038//921
f 989//872 1038//921 1037//920
f 990//873 991//874 1039//922
f 990//873 1039//922 1038//921
f 991//874 992//875 1040//923
f 991//874 1040//923 1039//922
f 992//875 993//876 1041//924
f 992//875 1041//924 1040//923
f 993//876 994//877 1042//925
f 993//876 1042//925 1041//924
f 994//877 995//878 1043//926
f 994//877 1043//926 1042//925
f 995//878 996//879 1044//927
f 995//878 1044//927 1043//926
f 996//879 997//880 1045//928
f 996//879 1045//928 1044//927
f 997//880 998//881 1046//929
f 997//880 1046//929 1045//928
f 998//881 999//882 1047//930
f 998//881 1047//930 1046//929
f 999//882 1000//883 1048//931
f 999//882 1048//931 1047//930
f 1000//883 1001//884 1049//932
f 1000//883 1049//932 1048//931
f 1001//884 1002//885 1050//933
f 1001//884 1050//933 1049//932
f 1002//885 1003//886 1051//934
f 1002//885 1051//934 1050//933
f 1003//886 1004//887 1052//935
f 1003//886 1052//935 1051//934
f 1004//887 1005//888 1053//936
f 1004//887 1053//936 1052//935
f 1005//888 1006//889 1054//937
f 1005//888 1054//937 1053//936
f 1006//889 1007//890 1055//938
f 1006//889 1055//938 1054//937
f 1007//890 1008//891 1056//939
f 1007//890 1056//939 1055//938
f 1008//891 1009//892 1057//940
f 1008//891 1057//940 1056//939
f 1009//892 1010//893 1058//941
f 1009//892 1058//941 1057//940
f 1010//893 1011//894 1059//942
f 1010//893 1059//942 1058//941
f 1011//894 1012//895 1060//943
f 1011//894 1060//943 1059//942
f 1012//895 1013//896 1061//944
f 1012//895 1061//944 1060//943
f 1013//896 1014//897 1062//945
f 1013//896 1062//945 1061//944
f 1014//897 1015//898 1063//946
f 1014//897 1063//946 1062//945
f 1015//898 1016//899 1064//947
f 1015//898 1064//947 1063//946
f 1016//899 1017//900 1065//948
f 1016//899 1065//948 1064//947
f 1017//900 1018//901 1066//949
f 1017//900 1066//949 1065//948
f 1018//901 1019//902 1067//950
f 1018//901 1067//950 1066//949
f 1019//902 1020//903 1068//951
f 1019//902 1068//951 1067//950
f 1020//903 1021//904 1069//952
f 1020//903 1069//952 1068//951
f 1021//904 1022//905 1070//953
f 1021//904 1070//953 1069//952
f 1022//905 1023//906 1071//954
f 1022//905 1071//954 1070//953
f 1023//906 1024//907 1072//955
f 1023//906 1072//955 1071//954
f 1024//907 1025//908 1073//956
f 1024//907 1073//956 1072//955
f 1025//908 1026//909 1074//957
f 1025//908 1074//957 1073//956
f 1026//909 1027//910 1075//958
f 1026//909 1075//958 1074//957
f 1027//910 1028//911 1076//959
f 1027//910 1076//959 1075//958
f 1028//911 1029//912 1077//960
f 1028//911 1077//960 1076//959
f 1029//912 1030//913 1078//961
f 1029//912 1078//961 1077//960
f 1030//913 1031//914 1079//962
f 1030//913 1079//962 1078//961
f 1031//914 985//868 1033//916
f 1031//914 1033//916 1079//962
f 1033//916 1032//915 1080//963
f 1033//916 1080//963 1081//964
f 1032//915 1034//917 1082//965
f 1032//915 1082//965 1080//963
f 1034//917 1035//918 1083//966
f 1034//917 1083//966 1082//965
f 1035//918 1036//919 1084//967
f 1035//918 1084//967 1083//966
f 1036//919 1037//920 1085//968
f 1036//919 1085//968 1084//967
f 1037//920 1038//921 1086//969
f 1037//920 1086//969 1085//968
f 1038//921 1039//922 1087//970
f 1038//921 1087//970 1086//969
f 1039//922 1040//923 1088//971
f 1039//922 1088//971 1087//970
f 1040//923 1041//924 1089//972
f 1040//923 1089//972 1088//971
f 1041//924 1042//925 1090//973
f 1041//924 1090//973 1089//972
f 1042//925 1043//926 1091//974
f 1042//925 1091//974 1090//973
f 1043//926 1044//927 1092//975
f 1043//926 1092//975 1091//974
f 1044//927 1045//928 1093//976
f 1044//927 1093//976 1092//975
f 1045//928 1046//929 1094//977
f 1045//928 1094//977 1093//976
f 1046//929 1047//930 1095//978
f 1046//929 1095//978 1094//977
f 1047//930 1048//931 1096//979
f 1047//930 1096//979 1095//978
f 1048//931 1049//932 1097//980
f 1048//931 1097//980 1096//979
f 1049//932 1050//933 1098//981
f 1049//932 1098//981 1097//980
f 1050//933 1051//934 1099//982
f 1050//933 1099//982 1098//981
f 1051//934 1052//935 1100//983
f 1051//934 1100//983 1099//982
f 1052//935 1053//936 1101//984
f 1052//935 1101//984 1100//983
f 1053//936 1054//937 1102//985
f 1053//936 1102//985 1101//984
f 1054//937 1055//938 1103//986
f 1054//937 1103//986 1102//985
f 1055//938 1056//939 1104//987
f 1055//938 1104//987 1103//986
f 1056//939 1057//940 1105//988
f 1056//939 1105//988 1104//987
f 1057//940 1058//941 1106//989
f 1057//940 1106//989 1105//988
f 1058//941 1059//942 1107//990
f 1058//941 1107//990 1106//989
f 1059//942 1060//943 1108//991
f 1059//942 1108//991 1107//990
f 1060//943 1061//944 1109//992
f 1060//943 1109//992 1108//991
f 1061//944 1062//945 1110//993
f 1061//944 1110//993 1109//992
f 1062//945 1063//946 1111//994
f 1062//945 1111//994 1110//993
f 1063//946 1064//947 1112//995
f 1063//946 1112//995 1111//994
f 1064//947 1065//948 1113//996
f 1064//947 1113//996 1112//995
f 1065//948 1066//949 1114//997
f 1065//948 1114//997 1113//996
f 1066//949 1067//950 1115//998
f 1066//949 1115//998 1114//997
f 1067//950 1068//951 1116//999
f 1067//950 1116//999 1115//998
f 1068//951 1069//952 1117//1000
f 1068//951 1117//1000 1116//999
f 1069//952 1070//953 1118//1001
f 1069//952 1118//1001 1117//1000
f 1070//953 1071//954 1119//1002
f 1070//953 1119//1002 1118//1001
f 1071//954 1072//955 1120//1003
f 1071//954 1120//1003 1119//1002
f 1072//955 1073//956 1121//1004
f 1072//955 1121//1004 1120//1003
f 1073//956 1074//957 1122//1005
f 1073//956 1122//1005 1121//1004
f 1074//957 1075//958 1123//1006
f 1074//957 1123//1006 1122//1005
f 1075//958 1076//959 1124//1007
f 1075//958 1124//1007 1123//1006
f 1076//959 1077//960 1125//1008
f 1076//959 1125//1008 1124//1007
f 1077//960 1078//961 1126//1009
f 1077//960 1126//1009 1125//1008
f 1078//961 1079//962 1127//1010
f 1078//961 1127//1010 1126//1009
f 1079//962 1033//916 1081//964
f 1079//962 1081//964 1127//1010
f 1081//964 1080//963 1128//1011
f 1081//964 1128//1011 1129//1012
f 1080//963 1082//965 1130//1013
f 1080//963 1130//1013 1128//1011
f 1082//965 1083//966 1131//1014
f 1082//965 1131//1014 1130//1013
f 1083//966 1084//967 1132//1015
f 1083//966 1132//1015 1131//1014
f 1084//967 1085//968 1133//1016
f 1084//967 1133//1016 1132//1015
f 1085//968 1086//969 1134//1017
f 1085//968 1134//1017 1133//1016
f 1086//969 1087//970 1135//1018
f 1086//969 1135//1018 1134//1017
f 1087//970 1088//971 1136//1019
f 1087//970 1136//1019 1135//1018
f 1088//971 1089//972 1137//1020
f 1088//971 1137//1020 1136//1019
f 1089//972 1090//973 1138//1021
f 1089//972 1138//1021 1137//1020
f 1090//973 1091//974 1139//1022
f 1090//973 1139//1022 1138//1021
f 1091//974 1092//975 1140//1023
f 1091//974 1140//1023 1139//1022
f 1092//975 1093//976 1141//1024
f 1092//975 1141//1024 1140//1023
f 1093//976 1094//977 1142//1025
f 1093//976 1142//1025 1141//1024
f 1094//977 1095//978 1143//1026
f 1094//977 1143//1026 1142//1025
f 1095//978 1096//979 1144//1027
f 1095//978 1144//1027 1143//1026
f 1096//979 1097//980 1145//1028
f 1096//979 1145//1028 1144//1027
f 1097//980 1098//981 1146//1029
f 1097//980 1146//1029 1145//1028
f 1098//981 1099//982 1147//1030
f 1098//981 1147//1030 1146//1029
f 1099//982 1100//983 1148//1031
f 1099//982 1148//1031 1147//1030
f 1100//983 1101//984 1149//1032
f 1100//983 1149//1032 1148//1031
f 1101//984 1102//985 1150//1033
f 1101//984 1150//1033 1149//1032
f 1102//985 1103//986 1151//1034
f 1102//985 1151//1034 1150//1033
f 1103//986 1104//987 1152//1035
f 1103//986 1152//1035 1151//1034
f 1104//987 1105//988 1153//1036
f 1104//987 1153//1036 1152//1035
f 1105//988 1106//989 1154//1037
f 1105//988 1154//1037 1153//1036
f 1106//989 1107//990 1155//1038
f 1106//989 1155//1038 1154//1037
f 1107//990 1108//991 1156//1039
f 1107//990 1156//1039 1155//1038
f 1108//991 1109//992 1157//1040
f 1108//991 1157//1040 1156//1039
f 1109//992 1110//993 1158//1041
f 1109//992 1158//1041 1157//1040
f 1110//993 1111//994 1159//1042
f 1110//993 1159//1042 1158//1041
f 1111//994 1112//995 1160//1043
f 1111//994 1160//1043 1159//1042
f 1112//995 1113//996 1161//1044
f 1112//995 1161//1044 1160//1043
f 1113//996 1114//997 1162//1045
f 1113//996 1162//1045 1161//1044
f 1114//997 1115//998 1163//1046
f 1114//997 1163//1046 1162//1045
f 1115//998 1116//999 1164//1047
f 1115//998 1164//1047 1163//1046
f 1116//999 1117//1000 1165//1048
f 1116//999 1165//1048 1164//1047
f 1117//1000 1118//1001 1166//1049
f 1117//1000 1166//1049 1165//1048
f 1118//1001 1119//1002 1167//1050
f 1118//1001 1167//1050 1166//1049
f 1119//1002 1120//1003 1168//1051
f 1119//1002 1168//1051 1167//1050
f 1120//1003 1121//1004 1169//1052
f 1120//1003 1169//1052 1168//1051
f 1121//1004 1122//1005 1170//1053
f 1121//1004 1170//1053 1169//1052
f 1122//1005 1123//1006 1171//1054
f 1122//1005 1171//1054 1170//1053
f 1123//1006 1124//1007 1172//1055
f 1123//1006 1172//1055 1171//1054
f 1124//1007 1125//1008 1173//1056
f 1124//1007 1173//1056 1172//1055
f 1125//1008 1126//1009 1174//1057
f 1125//1008 1174//1057 1173//1056
f 1126//1009 1127//1010 1175//1058
f 1126//1009 1175//1058 1174//1057
f 1127//1010 1081//964 1129//1012
f 1127//1010 1129//1012 1175//1058
f 1129//1012 1128//1011 1176//1059
f 1129//1012 1176//1059 1177//1060
f 1128//1011 1130//1013 1178//1061
f 1128//1011 1178//1061 1176//1059
f 1130//1013 1131//1014 1179//1062
f 1130//1013 1179//1062 1178//1061
f 1131//1014 1132//1015 1180//1063
f 1131//1014 1180//1063 1179//1062
f 1132//1015 1133//1016 1181//1064
f 1132//1015 1181//1064 1180//1063
f 1133//1016 1134//1017 1182//1065
f 1133//1016 1182//1065 1181//1064
f 1134//1017 1135//1018 1183//1066
f 1134//1017 1183//1066 1182//1065
f 1135//1018 1136//1019 1184//1067
f 1135//1018 1184//1067 1183//1066
f 1136//1019 1137//1020 1185//1068
f 1136//1019 1185//1068 1184//1067
f 1137//1020 1138//1021 1186//1069
f 1137//1020 1186//1069 1185//1068
f 1138//1021 1139//1022 1187//1070
f 1138//1021 1187//1070 1186//1069
f 1139//1022 1140//1023 1188//1071
f 1139//1022 1188//1071 1187//1070
f 1140//1023 1141//1024 1189//1072
f 1140//1023 1189//1072 1188//1071
f 1141//1024 1142//1025 1190//1073
f 1141//1024 1190//1073 1189//1072
f 1142//1025 1143//1026 1191//1074
f 1142//1025 1191//1074 1190//1073
f 1143//1026 1144//1027 1192//1075
f 1143//1026 1192//1075 1191//1074
f 1144//1027 1145//1028 1193//1076
f 1144//1027 1193//1076 1192//1075
f 1145//1028 1146//1029 1194//1077
f 1145//1028 1194//1077 1193//1076
f 1146//1029 1147//1030 1195//1078
f 1146//1029 1195//1078 1194//1077
f 1147//1030 1148//1031 1196//1079
f 1147//1030 1196//1079 1195//1078
f 1148//1031 1149//1032 1197//1080
f 1148//1031 1197//1080 1196//1079
f 1149//1032 1150//1033 1198//1081
f 1149//1032 1198//1081 1197//1080
f 1150//1033 1151//1034 1199//1082
f 1150//1033 1199//1082 1198//1081
f 1151//1034 1152//1035 1200//1083
f 1151//1034 1200//1083 1199//1082
f 1152//1035 1153//1036 1201//1084
f 1152//1035 1201//1084 1200//1083
f 1153//1036 1154//1037 1202//1085
f 1153//1036 1202//1085 1201//1084
f 1154//1037 1155//1038 1203//1086
f 1154//1037 1203//1086 1202//1085
f 1155//1038 1156//1039 1204//1087
f 1155//1038 1204//1087 1203//1086
f 1156//1039 1157//1040 1205//1088
f 1156//1039 1205//1088 1204//1087
f 1157//1040 1158//1041 1206//1089
f 1157//1040 1206//1089 1205//1088
f 1158//1041 1159//1042 1207//1090
f 1158//1041 1207//1090 1206//1089
f 1159//1042 1160//1043 1208//1091
f 1159//1042 1208//1091 1207//1090
f 1160//1043 1161//1044 1209//1092
f 1160//1043 1209//1092 1208//1091
f 1161//1044 1162//1045 1210//1093
f 1161//1044 1210//1093 1209//1092
f 1162//1045 1163//1046 1211//1094
f 1162//1045 1211//1094 1210//1093
f 1163//1046 1164//1047 1212//1095
f 1163//1046 1212//1095 1211//1094
f 1164//1047 1165//1048 1213//1096
f 1164//1047 1213//1096 1212//1095
f 1165//1048 1166//1049 1214//1097
f 1165//1048 1214//1097 1213//1096
f 1166//1049 1167//1050 1215//1098
f 1166//1049 1215//1098 1214//1097
f 1167//1050 1168//1051 1216//1099
f 1167//1050 1216//1099 1215//1098
f 1168//1051 1169//1052 1217//1100
f 1168//1051 1217//1100 1216//1099
f 1169//1052 1170//1053 1218//1101
f 1169//1052 1218//1101 1217//1100
f 1170//1053 1171//1054 1219//1102
f 1170//1053 1219//1102 1218//1101
f 1171//1054 1172//1055 1220//1103
f 1171//1054 1220//1103 1219//1102
f 1172//1055 1173//1056 1221//1104
f 1172//1055 1221//1104 1220//1103
f 1173//1056 1174//1057 1222//1105
f 1173//1056 1222//1105 1221//1104
f 1174//1057 1175//1058 1223//1106
f 1174//1057 1223//1106 1222//1105
f 1175//1058 1129//1012 1177//1060
f 1175//1058 1177//1060 1223//1106
f 1177//1060 1176//1059 118//2
f 1176//1059 1178//1061 118//2
f 1178//1061 1179//1062 118//2
f 1179//1062 1180//1063 118//2
f 1180//1063 1181//1064 118//2
f 1181//1064 1182//1065 118//2
f 1182//1065 1183//1066 118//2
f 1183//1066 1184//1067 118//2
f 1184//1067 1185//1068 118//2
f 1185//1068 1186//1069 118//2
f 1186//1069 1187//1070 118//2
f 1187//1070 1188//1071 118//2
f 1188//1071 1189//1072 118//2
f 1189//1072 1190//1073 118//2
f 1190//1073 1191//1074 118//2
f 1191//1074 1192//1075 118//2
f 1192//1075 1193//1076 118//2
f 1193//1076 1194//1077 118//2
f 1194//1077 1195//1078 118//2
f 1195//1078 1196//1079 118//2
f 1196//1079 1197//1080 118//2
f 1197//1080 1198//1081 118//2
f 1198//1081 1199//1082 118//2
f 1199//1082 1200//1083 118//2
f 1200//1083 1201//1084 118//2
f 1201//1084 1202//1085 118//2
f 1202//1085 1203//1086 118//2
f 1203//1086 1204//1087 118//2
f 1204//1087 1205//1088 118//2
f 1205//1088 1206//1089 118//2
f 1206//1089 1207//1090 118//2
f 1207//1090 1208//1091 118//2
f 1208//1091 1209//1092 118//2
f 1209//1092 1210//1093 118//2
f 1210//1093 1211//1094 118//2
f 1211//1094 1212//1095 118//2
f 1212//1095 1213//1096 118//2
f 1213//1096 1214//1097 118//2
f 1214//1097 1215//1098 118//2
f 1215//1098 1216//1099 118//2
f 1216//1099 1217//1100 118//2
f 1217//1100 1218//1101 118//2
f 1218//1101 1219//1102 118//2
f 1219//1102 1220//1103 118//2
f 1220//1103 1221//1104 118//2
f 1221//1104 1222//1105 118//2
f 1222//1105 1223//1106 118//2
f 1223//1106 1177//1060 118//2
usemtl post
f 1224//6 1225//7 1226//7
f 1224//6 1226//7 1227//6
f 1225//7 1228//8 1229//8
f 1225//7 1229//8 1226//7
f 1228//8 1230//9 1231//9
f 1228//8 1231//9 1229//8
f 1230//9 1232//10 1233//10
f 1230//9 1233//10 1231//9
f 1232//10 1234//11 1235//11
f 1232//10 1235//11 1233//10
f 1234//11 1236//4 1237//4
f 1234//11 1237//4 1235//11
f 1236//4 1238//12 1239//12
f 1236//4 1239//12 1237//4
f 1238//12 1240//13 1241//13
f 1238//12 1241//13 1239//12
f 1240//13 1242//14 1243//14
f 1240//13 1243//14 1241//13
f 1242//14 1244//15 1245//15
f 1242//14 1245//15 1243//14
f 1244//15 1246//16 1247//16
f 1244//15 1247//16 1245//15
f 1246//16 1248//5 1249//5
f 1246//16 1249//5 1247//16
f 1248//5 1250//17 1251//17
f 1248//5 1251//17 1249//5
f 1250//17 1252//18 1253//18
f 1250//17 1253//18 1251//17
f 1252//18 1254//19 1255//19
f 1252//18 1255//19 1253//18
f 1254//19 1256//20 1257//20
f 1254//19 1257//20 1255//19
f 1256//20 1258//21 1259//21
f 1256//20 1259//21 1257//20
f 1258//21 1260//3 1261//3
f 1258//21 1261//3 1259//21
f 1260//3 1262//22 1263//22
f 1260//3 1263//22 1261//3
f 1262//22 1264//23 1265//23
f 1262//22 1265//23 1263//22
f 1264//23 1266//24 1267//24
f 1264//23 1267//24 1265//23
f 1266//24 1268//25 1269//25
f 1266//24 1269//25 1267//24
f 1268//25 1270//26 1271//26
f 1268//25 1271//26 1269//25
f 1270//26 1224//6 1227//6
f 1270//26 1227//6 1271//26
f 1272//1 1225//1 1224//1
f 1273//2 1227//2 1226//2
f 1272//1 1228//1 1225//1
f 1273//2 1226//2 1229//2
f 1272//1 1230//1 1228//1
f 1273//2 1229//2 1231//2
f 1272//1 1232//1 1230//1
f 1273//2 1231//2 1233//2
f 1272//1 1234//1 1232//1
f 1273//2 1233//2 1235//2
f 1272//1 1236//1 1234//1
f 1273//2 1235//2 1237//2
f 1272//1 1238//1 1236//1
f 1273//2 1237//2 1239//2
f 1272//1 1240//1 1238//1
f 1273//2 1239//2 1241//2
f 1272//1 1242//1 1240//1
f 1273//2 1241//2 1243//2
f 1272//1 1244//1 1242//1
f 1273//2 1243//2 1245//2
f 1272//1 1246//1 1244//1
f 1273//2 1245//2 1247//2
f 1272//1 1248//1 1246//1
f 1273//2 1247//2 1249//2
f 1272//1 1250//1 1248//1
f 1273//2 1249//2 1251//2
f 1272//1 1252//1 1250//1
f 1273//2 1251//2 1253//2
f 1272//1 1254//1 1252//1
f 1273//2 1253//2 1255//2
f 1272//1 1256//1 1254//1
f 1273//2 1255//2 1257//2
f 1272//1 1258//1 1256//1
f 1273//2 1257//2 1259//2
f 1272//1 1260//1 1258//1
f 1273//2 1259//2 1261//2
f 1272//1 1262//1 1260//1
f 1273//2 1261//2 1263//2
f 1272//1 1264//1 1262//1
f 1273//2 1263//2 1265//2
f 1272//1 1266//1 1264//1
f 1273//2 1265//2 1267//2
f 1272//1 1268//1 1266//1
f 1273//2 1267//2 1269//2
f 1272//1 1270//1 1268//1
f 1273//2 1269//2 1271//2
f 1272//1 1224//1 1270//1
f 1273//2 1271//2 1227//2
usemtl chalk
f 1274//1 1275//1107 1276//1108
f 1274//1 1277//1109 1275//1107
f 1274//1 1278//1110 1277//1109
f 1274//1 1279//1111 1278//1110
f 1274//1 1280//1112 1279//1111
f 1274//1 1281//1113 1280//1112
f 1274//1 1282//1114 1281//1113
f 1274//1 1283//1115 1282//1114
f 1274//1 1284//1116 1283//1115
f 1274//1 1285//1117 1284//1116
f 1274//1 1286//1118 1285//1117
f 1274//1 1287//1119 1286//1118
f 1274//1 1288//1120 1287//1119
f 1274//1 1289//1121 1288//1120
f 1274//1 1290//1122 1289//1121
f 1274//1 1291//1123 1290//1122
f 1274//1 1292//1124 1291//1123
f 1274//1 1293//1125 1292//1124
f 1274//1 1294//1126 1293//1125
f 1274//1 1295//1127 1294//1126
f 1274//1 1296//1128 1295//1127
f 1274//1 1297//1129 1296//1128
f 1274//1 1298//1130 1297//1129
f 1274//1 1299//1131 1298//1130
f 1274//1 1300//1132 1299//1131
f 1274//1 1301//1133 1300//1132
f 1274//1 1302//1134 1301//1133
f 1274//1 1303//1135 1302//1134
f 1274//1 1304//1136 1303//1135
f 1274//1 1305//1137 1304//1136
f 1274//1 1306//1138 1305//1137
f 1274//1 1307//1139 1306//1138
f 1274//1 1308//1140 1307//1139
f 1274//1 1309//1141 1308//1140
f 1274//1 1310//1142 1309//1141
f 1274//1 1311//1143 1310//1142
f 1274//1 1312//1144 1311//1143
f 1274//1 1313//1145 1312//1144
f 1274//1 1314//1146 1313//1145
f 1274//1 1276//1108 1314//1146
f 1276//1108 1275//1107 1315//1147
f 1276//1108 1315//1147 1316//1148
f 1275//1107 1277//1109 1317//1149
f 1275//1107 1317//1149 1315//1147
f 1277//1109 1278//1110 1318//1150
f 1277//1109 1318//1150 1317//1149
f 1278//1110 1279//1111 1319//1151
f 1278//1110 1319//1151 1318//1150
f 1279//1111 1280//1112 1320//1152
f 1279//1111 1320//1152 1319//1151
f 1280//1112 1281//1113 1321//1153
f 1280//1112 1321//1153 1320//1152
f 1281//1113 1282//1114 1322//1154
f 1281//1113 1322//1154 1321//1153
f 1282//1114 1283//1115 1323//1155
f 1282//1114 1323//1155 1322//1154
f 1283//1115 1284//1116 1324//1156
f 1283//1115 1324//1156 1323//1155
f 1284//1116 1285//1117 1325//1157
f 1284//1116 1325//1157 1324//1156
f 1285//1117 1286//1118 1326//1158
f 1285//1117 1326//1158 1325//1157
f 1286//1118 1287//1119 1327//1159
f 1286//1118 1327//1159 1326//1158
f 1287//1119 1288//1120 1328//1160
f 1287//1119 1328//1160 1327//1159
f 1288//1120 1289//1121 1329//1161
f 1288//1120 1329//1161 1328//1160
f 1289//1121 1290//1122 1330//1162
f 1289//1121 1330//1162 1329//1161
f 1290//1122 1291//1123 1331//1163
f 1290//1122 1331//1163 1330//1162
f 1291//1123 1292//1124 1332//1164
f 1291//1123 1332//1164 1331//1163
f 1292//1124 1293//1125 1333//1165
f 1292//1124 1333//1165 1332//1164
f 1293//1125 1294//1126 1334//1166
f 1293//1125 1334//1166 1333//1165
f 1294//1126 1295//1127 1335//1167
f 1294//1126 1335//1167 1334//1166
f 1295//1127 1296//1128 1336//1168
f 1295//1127 1336//1168 1335//1167
f 1296//1128 1297//1129 1337//1169
f 1296//1128 1337//1169 1336//1168
f 1297//1129 1298//1130 1338//1170
f 1297//1129 1338//1170 1337//1169
f 1298//1130 1299//1131 1339//1171
f 1298//1130 1339//1171 1338//1170
f 1299//1131 1300//1132 1340//1172
f 1299//1131 1340//1172 1339//1171
f 1300//1132 1301//1133 1341//1173
f 1300//1132 1341//1173 1340//1172
f 1301//1133 1302//1134 1342//1174
f 1301//1133 1342//1174 1341//1173
f 1302//1134 1303//1135 1343//1175
f 1302//1134 1343//1175 1342//1174
f 1303//1135 1304//1136 1344//1176
f 1303//1135 1344//1176 1343//1175
f 1304//1136 1305//1137 1345//1177
f 1304//1136 1345//1177 1344//1176
f 1305//1137 1306//1138 1346//1178
f 1305//1137 1346//1178 1345//1177
f 1306//1138 1307//1139 1347//1179
f 1306//1138 1347//1179 1346//1178
f 1307//1139 1308//1140 1348//1180
f 1307//1139 1348//1180 1347//1179
f 1308//1140 1309//1141 1349//1181
f 1308//1140 1349//1181 1348//1180
f 1309//1141 1310//1142 1350//1182
f 1309//1141 1350//1182 1349//1181
f 1310//1142 1311//1143 1351//1183
f 1310//1142 1351//1183 1350//1182
f 1311//1143 1312//1144 1352//1184
f 1311//1143 1352//1184 1351//1183
f 1312//1144 1313//1145 1353//1185
f 1312//1144 1353//1185 1352//1184
f 1313//1145 1314//1146 1354//1186
f 1313//1145 1354//1186 1353//1185
f 1314//1146 1276//1108 1316//1148
f 1314//1146 1316//1148 1354//1186
f 1316//1148 1315//1147 1355//1187
f 1316//1148 1355//1187 1356//1188
f 1315//1147 1317//1149 1357//1189
f 1315//1147 1357//1189 1355//1187
f 1317//1149 1318//1150 1358//1190
f 1317//1149 1358//1190 1357//1189
f 1318//1150 1319//1151 1359//1191
f 1318//1150 1359//1191 1358//1190
f 1319//1151 1320//1152 1360//1192
f 1319//1151 1360//1192 1359//1191
f 1320//1152 1321//1153 1361//1193
f 1320//1152 1361//1193 1360//1192
f 1321//1153 1322//1154 1362//1194
f 1321//1153 1362//1194 1361//1193
f 1322//1154 1323//1155 1363//1195
f 1322//1154 1363//1195 1362//1194
f 1323//1155 1324//1156 1364//1196
f 1323//1155 1364//1196 1363//1195
f 1324//1156 1325//1157 1365//1197
f 1324//1156 1365//1197 1364//1196
f 1325//1157 1326//1158 1366//1198
f 1325//1157 1366//1198 1365//1197
f 1326//1158 1327//1159 1367//1199
f 1326//1158 1367//1199 1366//1198
f 1327//1159 1328//1160 1368//1200
f 1327//1159 1368//1200 1367//1199
f 1328//1160 1329//1161 1369//1201
f 1328//1160 1369//1201 1368//1200
f 1329//1161 1330//1162 1370//1202
f 1329//1161 1370//1202 1369//1201
f 1330//1162 1331//1163 1371//1203
f 1330//1162 1371//1203 1370//1202
f 1331//1163 1332//1164 1372//1204
f 1331//1163 1372//1204 1371//1203
f 1332//1164 1333//1165 1373//1205
f 1332//1164 1373//1205 1372//1204
f 1333//1165 1334//1166 1374//1206
f 1333//1165 1374//1206 1373//1205
f 1334//1166 1335//1167 1375//1207
f 1334//1166 1375//1207 1374//1206
f 1335//1167 1336//1168 1376//1208
f 1335//1167 1376//1208 1375//1207
f 1336//1168 1337//1169 1377//1209
f 1336//1168 1377//1209 1376//1208
f 1337//1169 1338//1170 1378//1210
f 1337//1169 1378//1210 1377//1209
f 1338//1170 1339//1171 1379//1211
f 1338//1170 1379//1211 1378//1210
f 1339//1171 1340//1172 1380//1212
f 1339//1171 1380//1212 1379//1211
f 1340//1172 1341//1173 1381//1213
f 1340//1172 1381//1213 1380//1212
f 1341//1173 1342//1174 1382//1214
f 1341//1173 1382//1214 1381//1213
f 1342//1174 1343//1175 1383//1215
f 1342//1174 1383//1215 1382//1214
f 1343//1175 1344//1176 1384//1216
f 1343//1175 1384//1216 1383//1215
f 1344//1176 1345//1177 1385//1217
f 1344//1176 1385//1217 1384//1216
f 1345//1177 1346//1178 1386//1218
f 1345//1177 1386//1218 1385//1217
f 1346//1178 1347//1179 1387//1219
f 1346//1178 1387//1219 1386//1218
f 1347//1179 1348//1180 1388//1220
f 1347//1179 1388//1220 1387//1219
f 1348//1180 1349//1181 1389//1221
f 1348//1180 1389//1221 1388//1220
f 1349//1181 1350//1182 1390//1222
f 1349//1181 1390//1222 1389//1221
f 1350//1182 1351//1183 1391//1223
f 1350//1182 1391//1223 1390//1222
f 1351//1183 1352//1184 1392//1224
f 1351//1183 1392//1224 1391//1223
f 1352//1184 1353//1185 1393//1225
f 1352//1184 1393//1225 1392//1224
f 1353//1185 1354//1186 1394//1226
f 1353//1185 1394//1226 1393//1225
f 1354//1186 1316//1148 1356//1188
f 1354//1186 1356//1188 1394//1226
f 1356//1188 1355//1187 1395//1227
f 1356//1188 1395//1227 1396//1228
f 1355//1187 1357//1189 1397//1229
f 1355//1187 1397//1229 1395//1227
f 1357//1189 1358//1190 1398//1230
f 1357//1189 1398//1230 1397//1229
f 1358//1190 1359//1191 1399//1231
f 1358//1190 1399//1231 1398//1230
f 1359//1191 1360//1192 1400//1232
f 1359//1191 1400//1232 1399//1231
f 1360//1192 1361//1193 1401//1233
f 1360//1192 1401//1233 1400//1232
f 1361//1193 1362//1194 1402//1234
f 1361//1193 1402//1234 1401//1233
f 1362//1194 1363//1195 1403//1235
f 1362//1194 1403//1235 1402//1234
f 1363//1195 1364//1196 1404//1236
f 1363//1195 1404//1236 1403//1235
f 1364//1196 1365//1197 1405//1237
f 1364//1196 1405//1237 1404//1236
f 1365//1197 1366//1198 1406//1238
f 1365//1197 1406//1238 1405//1237
f 1366//1198 1367//1199 1407//1239
f 1366//1198 1407//1239 1406//1238
f 1367//1199 1368//1200 1408//1240
f 1367//1199 1408//1240 1407//1239
f 1368//1200 1369//1201 1409//1241
f 1368//1200 1409//1241 1408//1240
f 1369//1201 1370//1202 1410//1242
f 1369//1201 1410//1242 1409//1241
f 1370//1202 1371//1203 1411//1243
f 1370//1202 1411//1243 1410//1242
f 1371//1203 1372//1204 1412//1244
f 1371//1203 1412//1244 1411//1243
f 1372//1204 1373//1205 1413//1245
f 1372//1204 1413//1245 1412//1244
f 1373//1205 1374//1206 1414//1246
f 1373//1205 1414//1246 1413//1245
f 1374//1206 1375//1207 1415//1247
f 1374//1206 1415//1247 1414//1246
f 1375//1207 1376//1208 1416//1248
f 1375//1207 1416//1248 1415//1247
f 1376//1208 1377//1209 1417//1249
f 1376//1208 1417//1249 1416//1248
f 1377//1209 1378//1210 1418//1250
f 1377//1209 1418//1250 1417//1249
f 1378//1210 1379//1211 1419//1251
f 1378//1210 1419//1251 1418//1250
f 1379//1211 1380//1212 1420//1252
f 1379//1211 1420//1252 1419//1251
f 1380//1212 1381//1213 1421//1253
f 1380//1212 1421//1253 1420//1252
f 1381//1213 1382//1214 1422//1254
f 1381//1213 1422//1254 1421//1253
f 1382//1214 1383//1215 1423//1255
f 1382//1214 1423//1255 1422//1254
f 1383//1215 1384//1216 1424//1256
f 1383//1215 1424//1256 1423//1255
f 1384//1216 1385//1217 1425//1257
f 1384//1216 1425//1257 1424//1256
f 1385//1217 1386//1218 1426//1258
f 1385//1217 1426//1258 1425//1257
f 1386//1218 1387//1219 1427//1259
f 1386//1218 1427//1259 1426//1258
f 1387//1219 1388//1220 1428//1260
f 1387//1219 1428//1260 1427//1259
f 1388//1220 1389//1221 1429//1261
f 1388//1220 1429//1261 1428//1260
f 1389//1221 1390//1222 1430//1262
f 1389//1221 1430//1262 1429//1261
f 1390//1222 1391//1223 1431//1263
f 1390//1222 1431//1263 1430//1262
f 1391//1223 1392//1224 1432//1264
f 1391//1223 1432//1264 1431//1263
f 1392//1224 1393//1225 1433//1265
f 1392//1224 1433//1265 1432//1264
f 1393//1225 1394//1226 1434//1266
f 1393//1225 1434//1266 1433//1265
f 1394//1226 1356//1188 1396//1228
f 1394//1226 1396//1228 1434//1266
f 1396//1228 1395//1227 1435//1267
f 1396//1228 1435//1267 1436//268
f 1395//1227 1397//1229 1437//1268
f 1395//1227 1437//1268 1435//1267
f 1397//1229 1398//1230 1438//1269
f 1397//1229 1438//1269 1437//1268
f 1398//1230 1399//1231 1439//1270
f 1398//1230 1439//1270 1438//1269
f 1399//1231 1400//1232 1440//273
f 1399//1231 1440//273 1439//1270
f 1400//1232 1401//1233 1441//1271
f 1400//1232 1441//1271 1440//273
f 1401//1233 1402//1234 1442//1272
f 1401//1233 1442//1272 1441//1271
f 1402//1234 1403//1235 1443//1273
f 1402//1234 1443//1273 1442//1272
f 1403//1235 1404//1236 1444//1274
f 1403//1235 1444//1274 1443//1273
f 1404//1236 1405//1237 1445//279
f 1404//1236 1445//279 1444//1274
f 1405//1237 1406//1238 1446//1275
f 1405//1237 1446//1275 1445//279
f 1406//1238 1407//1239 1447//1276
f 1406//1238 1447//1276 1446//1275
f 1407//1239 1408//1240 1448//1277
f 1407//1239 1448//1277 1447//1276
f 1408//1240 1409//1241 1449//1278
f 1408//1240 1449//1278 1448//1277
f 1409//1241 1410//1242 1450//285
f 1409//1241 1450//285 1449//1278
f 1410//1242 1411//1243 1451//1279
f 1410//1242 1451//1279 1450//285
f 1411//1243 1412//1244 1452//1280
f 1411//1243 1452//1280 1451//1279
f 1412//1244 1413//1245 1453//1281
f 1412//1244 1453//1281 1452//1280
f 1413//1245 1414//1246 1454//1282
f 1413//1245 1454//1282 1453//1281
f 1414//1246 1415//1247 1455//291
f 1414//1246 1455//291 1454//1282
f 1415//1247 1416//1248 1456//1283
f 1415//1247 1456//1283 1455//291
f 1416//1248 1417//1249 1457//1284
f 1416//1248 1457//1284 1456//1283
f 1417//1249 1418//1250 1458//1285
f 1417//1249 1458//1285 1457//1284
f 1418//1250 1419//1251 1459//1286
f 1418//1250 1459//1286 1458//1285
f 1419//1251 1420//1252 1460//297
f 1419//1251 1460//297 1459//1286
f 1420//1252 1421//1253 1461//1287
f 1420//1252 1461//1287 1460//297
f 1421//1253 1422//1254 1462//1288
f 1421//1253 1462//1288 1461//1287
f 1422//1254 1423//1255 1463//1289
f 1422//1254 1463//1289 1462//1288
f 1423//1255 1424//1256 1464//1290
f 1423//1255 1464//1290 1463//1289
f 1424//1256 1425//1257 1465//303
f 1424//1256 1465//303 1464//1290
f 1425//1257 1426//1258 1466//1291
f 1425//1257 1466//1291 1465//303
f 1426//1258 1427//1259 1467//1292
f 1426//1258 1467//1292 1466//1291
f 1427//1259 1428//1260 1468//1293
f 1427//1259 1468//1293 1467//1292
f 1428//1260 1429//1261 1469//1294
f 1428//1260 1469//1294 1468//1293
f 1429//1261 1430//1262 1470//309
f 1429//1261 1470//309 1469//1294
f 1430//1262 1431//1263 1471//1295
f 1430//1262 1471//1295 1470//309
f 1431//1263 1432//1264 1472//1296
f 1431//1263 1472//1296 1471//1295
f 1432//1264 1433//1265 1473//1297
f 1432//1264 1473//1297 1472//1296
f 1433//1265 1434//1266 1474//1298
f 1433//1265 1474//1298 1473//1297
f 1434//1266 1396//1228 1436//268
f 1434//1266 1436//268 1474//1298
f 1436//268 1435//1267 1475//1299
f 1436//268 1475//1299 1476//1300
f 1435//1267 1437//1268 1477//1301
f 1435//1267 1477//1301 1475//1299
f 1437//1268 1438//1269 1478//1302
f 1437//1268 1478//1302 1477//1301
f 1438//1269 1439//1270 1479//1303
f 1438//1269 1479//1303 1478//1302
f 1439//1270 1440//273 1480//1304
f 1439//1270 1480//1304 1479//1303
f 1440//273 1441//1271 1481//1305
f 1440//273 1481//1305 1480//1304
f 1441//1271 1442//1272 1482//1306
f 1441//1271 1482//1306 1481//1305
f 1442//1272 1443//1273 1483//1307
f 1442//1272 1483//1307 1482//1306
f 1443//1273 1444//1274 1484//1308
f 1443//1273 1484//1308 1483//1307
f 1444//1274 1445//279 1485//1309
f 1444//1274 1485//1309 1484//1308
f 1445//279 1446//1275 1486//1310
f 1445//279 1486//1310 1485//1309
f 1446//1275 1447//1276 1487//1311
f 1446//1275 1487//1311 1486//1310
f 1447//1276 1448//1277 1488//1312
f 1447//1276 1488//1312 1487//1311
f 1448//1277 1449//1278 1489//1313
f 1448//1277 1489//1313 1488//1312
f 1449//1278 1450//285 1490//1314
f 1449//1278 1490//1314 1489//1313
f 1450//285 1451//1279 1491//1315
f 1450//285 1491//1315 1490//1314
f 1451//1279 1452//1280 1492//1316
f 1451//1279 1492//1316 1491//1315
f 1452//1280 1453//1281 1493//1317
f 1452//1280 1493//1317 1492//1316
f 1453//1281 1454//1282 1494//1318
f 1453//1281 1494//1318 1493//1317
f 1454//1282 1455//291 1495//1319
f 1454//1282 1495//1319 1494//1318
f 1455//291 1456//1283 1496//1320
f 1455//291 1496//1320 1495//1319
f 1456//1283 1457//1284 1497//1321
f 1456//1283 1497//1321 1496//1320
f 1457//1284 1458//1285 1498//1322
f 1457//1284 1498//1322 1497//1321
f 1458//1285 1459//1286 1499//1323
f 1458//1285 1499//1323 1498//1322
f 1459//1286 1460//297 1500//1324
f 1459//1286 1500//1324 1499//1323
f 1460//297 1461//1287 1501//1325
f 1460//297 1501//1325 1500//1324
f 1461//1287 1462//1288 1502//1326
f 1461//1287 1502//1326 1501//1325
f 1462//1288 1463//1289 1503//1327
f 1462//1288 1503//1327 1502//1326
f 1463//1289 1464//1290 1504//1328
f 1463//1289 1504//1328 1503//1327
f 1464//1290 1465//303 1505//1329
f 1464//1290 1505//1329 1504//1328
f 1465//303 1466//1291 1506//1330
f 1465//303 1506//1330 1505//1329
f 1466//1291 1467//1292 1507//1331
f 1466//1291 1507//1331 1506//1330
f 1467//1292 1468//1293 1508//1332
f 1467//1292 1508//1332 1507//1331
f 1468//1293 1469//1294 1509//1333
f 1468//1293 1509//1333 1508//1332
f 1469//1294 1470//309 1510//1334
f 1469//1294 1510//1334 1509//1333
f 1470//309 1471//1295 1511//1335
f 1470//309 1511//1335 1510//1334
f 1471//1295 1472//1296 1512//1336
f 1471//1295 1512//1336 1511//1335
f 1472//1296 1473//1297 1513//1337
f 1472//1296 1513//1337 1512//1336
f 1473//1297 1474//1298 1514//1338
f 1473//1297 1514//1338 1513//1337
f 1474//1298 1436//268 1476//1300
f 1474//1298 1476//1300 1514//1338
f 1476//1300 1475//1299 1515//1339
f 1476//1300 1515//1339 1516//1340
f 1475//1299 1477//1301 1517//1341
f 1475//1299 1517//1341 1515//1339
f 1477//1301 1478//1302 1518//1342
f 1477//1301 1518//1342 1517//1341
f 1478//1302 1479//1303 1519//1343
f 1478//1302 1519//1343 1518//1342
f 1479//1303 1480//1304 1520//1344
f 1479//1303 1520//1344 1519//1343
f 1480//1304 1481//1305 1521//1345
f 1480//1304 1521//1345 1520//1344
f 1481//1305 1482//1306 1522//1346
f 1481//1305 1522//1346 1521//1345
f 1482//1306 1483//1307 1523//1347
f 1482//1306 1523//1347 1522//1346
f 1483//1307 1484//1308 1524//1348
f 1483//1307 1524//1348 1523//1347
f 1484//1308 1485//1309 1525//1349
f 1484//1308 1525//1349 1524//1348
f 1485//1309 1486//1310 1526//1350
f 1485//1309 1526//1350 1525//1349
f 1486//1310 1487//1311 1527//1351
f 1486//1310 1527//1351 1526//1350
f 1487//1311 1488//1312 1528//1352
f 1487//1311 1528//1352 1527//1351
f 1488//1312 1489//1313 1529//1353
f 1488//1312 1529//1353 1528//1352
f 1489//1313 1490//1314 1530//1354
f 1489//1313 1530//1354 1529//1353
f 1490//1314 1491//1315 1531//1355
f 1490//1314 1531//1355 1530//1354
f 1491//1315 1492//1316 1532//1356
f 1491//1315 1532//1356 1531//1355
f 1492//1316 1493//1317 1533//1357
f 1492//1316 1533//1357 1532//1356
f 1493//1317 1494//1318 1534//1358
f 1493//1317 1534//1358 1533//1357
f 1494//1318 1495//1319 1535//1359
f 1494//1318 1535//1359 1534//1358
f 1495//1319 1496//1320 1536//1360
f 1495//1319 1536//1360 1535//1359
f 1496//1320 1497//1321 1537//1361
f 1496//1320 1537//1361 1536//1360
f 1497//1321 1498//1322 1538//1362
f 1497//1321 1538//1362 1537//1361
f 1498//1322 1499//1323 1539//1363
f 1498//1322 1539//1363 1538//1362
f 1499//1323 1500//1324 1540//1364
f 1499//1323 1540//1364 1539//1363
f 1500//1324 1501//1325 1541//1365
f 1500//1324 1541//1365 1540//1364
f 1501//1325 1502//1326 1542//1366
f 1501//1325 1542//1366 1541//1365
f 1502//1326 1503//1327 1543//1367
f 1502//1326 1543//1367 1542//1366
f 1503//1327 1504//1328 1544//1368
f 1503//1327 1544//1368 1543//1367
f 1504//1328 1505//1329 1545//1369
f 1504//1328 1545//1369 1544//1368
f 1505//1329 1506//1330 1546//1370
f 1505//1329 1546//1370 1545//1369
f 1506//1330 1507//1331 1547//1371
f 1506//1330 1547//1371 1546//1370
f 1507//1331 1508//1332 1548//1372
f 1507//1331 1548//1372 1547//1371
f 1508//1332 1509//1333 1549//1373
f 1508//1332 1549//1373 1548//1372
f 1509//1333 1510//1334 1550//1374
f 1509//1333 1550//1374 1549//1373
f 1510//1334 1511//1335 1551//1375
f 1510//1334 1551//1375 1550//1374
f 1511//1335 1512//1336 1552//1376
f 1511//1335 1552//1376 1551//1375
f 1512//1336 1513//1337 1553//1377
f 1512//1336 1553//1377 1552//1376
f 1513//1337 1514//1338 1554//1378
f 1513//1337 1554//1378 1553//1377
f 1514//1338 1476//1300 1516//1340
f 1514//1338 1516//1340 1554//1378
f 1516//1340 1515//1339 1555//1379
f 1516//1340 1555//1379 1556//1380
f 1515//1339 1517//1341 1557//1381
f 1515//1339 1557//1381 1555//1379
f 1517//1341 1518//1342 1558//1382
f 1517//1341 1558//1382 1557//1381
f 1518//1342 1519//1343 1559//1383
f 1518//1342 1559//1383 1558//1382
f 1519//1343 1520//1344 1560//1384
f 1519//1343 1560//1384 1559//1383
f 1520//1344 1521//1345 1561//1385
f 1520//1344 1561//1385 1560//1384
f 1521//1345 1522//1346 1562//1386
f 1521//1345 1562//1386 1561//1385
f 1522//1346 1523//1347 1563//1387
f 1522//1346 1563//1387 1562//1386
f 1523//1347 1524//1348 1564//1388
f 1523//1347 1564//1388 1563//1387
f 1524//1348 1525//1349 1565//1389
f 1524//1348 1565//1389 1564//1388
f 1525//1349 1526//1350 1566//1390
f 1525//1349 1566//1390 1565//1389
f 1526//1350 1527//1351 1567//1391
f 1526//1350 1567//1391 1566//1390
f 1527//1351 1528//1352 1568//1392
f 1527//1351 1568//1392 1567//1391
f 1528//1352 1529//1353 1569//1393
f 1528//1352 1569//1393 1568//1392
f 1529//1353 1530//1354 1570//1394
f 1529//1353 1570//1394 1569//1393
f 1530//1354 1531//1355 1571//1395
f 1530//1354 1571//1395 1570//1394
f 1531//1355 1532//1356 1572//1396
f 1531//1355 1572//1396 1571//1395
f 1532//1356 1533//1357 1573//1397
f 1532//1356 1573//1397 1572//1396
f 1533//1357 1534//1358 1574//1398
f 1533//1357 1574//1398 1573//1397
f 1534//1358 1535//1359 1575//1399
f 1534//1358 1575//1399 1574//1398
f 1535//1359 1536//1360 1576//1400
f 1535//1359 1576//1400 1575//1399
f 1536//1360 1537//1361 1577//1401
f 1536//1360 1577//1401 1576//1400
f 1537//1361 1538//1362 1578//1402
f 1537//1361 1578//1402 1577//1401
f 1538//1362 1539//1363 1579//1403
f 1538//1362 1579//1403 1578//1402
f 1539//1363 1540//1364 1580//1404
f 1539//1363 1580//1404 1579//1403
f 1540//1364 1541//1365 1581//1405
f 1540//1364 1581//1405 1580//1404
f 1541//1365 1542//1366 1582//1406
f 1541//1365 1582//1406 1581//1405
f 1542//1366 1543//1367 1583//1407
f 1542//1366 1583//1407 1582//1406
f 1543//1367 1544//1368 1584//1408
f 1543//1367 1584//1408 1583//1407
f 1544//1368 1545//1369 1585//1409
f 1544//1368 1585//1409 1584//1408
f 1545//1369 1546//1370 1586//1410
f 1545//1369 1586//1410 1585//1409
f 1546//1370 1547//1371 1587//1411
f 1546//1370 1587//1411 1586//1410
f 1547//1371 1548//1372 1588//1412
f 1547//1371 1588//1412 1587//1411
f 1548//1372 1549//1373 1589//1413
f 1548//1372 1589//1413 1588//1412
f 1549//1373 1550//1374 1590//1414
f 1549//1373 1590//1414 1589//1413
f 1550//1374 1551//1375 1591//1415
f 1550//1374 1591//1415 1590//1414
f 1551//1375 1552//1376 1592//1416
f 1551//1375 1592//1416 1591//1415
f 1552//1376 1553//1377 1593//1417
f 1552//1376 1593//1417 1592//1416
f 1553//1377 1554//1378 1594//1418
f 1553//1377 1594//1418 1593//1417
f 1554//1378 1516//1340 1556//1380
f 1554//1378 1556//1380 1594//1418
f 1556//1380 1555//1379 1595//1419
f 1556//1380 1595//1419 1596//1420
f 1555//1379 1557//1381 1597//1421
f 1555//1379 1597//1421 1595//1419
f 1557//1381 1558//1382 1598//1422
f 1557//1381 1598//1422 1597//1421
f 1558//1382 1559//1383 1599//1423
f 1558//1382 1599//1423 1598//1422
f 1559//1383 1560//1384 1600//1424
f 1559//1383 1600//1424 1599//1423
f 1560//1384 1561//1385 1601//1425
f 1560//1384 1601//1425 1600//1424
f 1561//1385 1562//1386 1602//1426
f 1561//1385 1602//1426 1601//1425
f 1562//1386 1563//1387 1603//1427
f 1562//1386 1603//1427 1602//1426
f 1563//1387 1564//1388 1604//1428
f 1563//1387 1604//1428 1603//1427
f 1564//1388 1565//1389 1605//1429
f 1564//1388 1605//1429 1604//1428
f 1565//1389 1566//1390 1606//1430
f 1565//1389 1606//1430 1605//1429
f 1566//1390 1567//1391 1607//1431
f 1566//1390 1607//1431 1606//1430
f 1567//1391 1568//1392 1608//1432
f 1567//1391 1608//1432 1607//1431
f 1568//1392 1569//1393 1609//1433
f 1568//1392 1609//1433 1608//1432
f 1569//1393 1570//1394 1610//1434
f 1569//1393 1610//1434 1609//1433
f 1570//1394 1571//1395 1611//1435
f 1570//1394 1611//1435 1610//1434
f 1571//1395 1572//1396 1612//1436
f 1571//1395 1612//1436 1611//1435
f 1572//1396 1573//1397 1613//1437
f 1572//1396 1613//1437 1612//1436
f 1573//1397 1574//1398 1614//1438
f 1573//1397 1614//1438 1613//1437
f 1574//1398 1575//1399 1615//1439
f 1574//1398 1615//1439 1614//1438
f 1575//1399 1576//1400 1616//1440
f 1575//1399 1616//1440 1615//1439
f 1576//1400 1577//1401 1617//1441
f 1576//1400 1617//1441 1616//1440
f 1577//1401 1578//1402 1618//1442
f 1577//1401 1618//1442 1617//1441
f 1578//1402 1579//1403 1619//1443
f 1578//1402 1619//1443 1618//1442
f 1579//1403 1580//1404 1620//1444
f 1579//1403 1620//1444 1619//1443
f 1580//1404 1581//1405 1621//1445
f 1580//1404 1621//1445 1620//1444
f 1581//1405 1582//1406 1622//1446
f 1581//1405 1622//1446 1621//1445
f 1582//1406 1583//1407 1623//1447
f 1582//1406 1623//1447 1622//1446
f 1583//1407 1584//1408 1624//1448
f 1583//1407 1624//1448 1623//1447
f 1584//1408 1585//1409 1625//1449
f 1584//1408 1625//1449 1624//1448
f 1585//1409 1586//1410 1626//1450
f 1585//1409 1626//1450 1625//1449
f 1586//1410 1587//1411 1627//1451
f 1586//1410 1627//1451 1626//1450
f 1587//1411 1588//1412 1628//1452
f 1587//1411 1628//1452 1627//1451
f 1588//1412 1589//1413 1629//1453
f 1588//1412 1629//1453 1628//1452
f 1589//1413 1590//1414 1630//1454
f 1589//1413 1630//1454 1629//1453
f 1590//1414 1591//1415 1631//1455
f 1590//1414 1631//1455 1630//1454
f 1591//1415 1592//1416 1632//1456
f 1591//1415 1632//1456 1631//1455
f 1592//1416 1593//1417 1633//1457
f 1592//1416 1633//1457 1632//1456
f 1593//1417 1594//1418 1634//1458
f 1593//1417 1634//1458 1633//1457
f 1594//1418 1556//1380 1596//1420
f 1594//1418 1596//1420 1634//1458
f 1596//1420 1595//1419 1635//1459
f 1596//1420 1635//1459 1636//6
f 1595//1419 1597//1421 1637//1460
f 1595//1419 1637//1460 1635//1459
f 1597//1421 1598//1422 1638//1461
f 1597//1421 1638//1461 1637//1460
f 1598//1422 1599//1423 1639//1462
f 1598//1422 1639//1462 1638//1461
f 1599//1423 1600//1424 1640//9
f 1599//1423 1640//9 1639//1462
f 1600//1424 1601//1425 1641//1463
f 1600//1424 1641//1463 1640//9
f 1601//1425 1602//1426 1642//1464
f 1601//1425 1642//1464 1641//1463
f 1602//1426 1603//1427 1643//1465
f 1602//1426 1643//1465 1642//1464
f 1603//1427 1604//1428 1644//1466
f 1603//1427 1644//1466 1643//1465
f 1604//1428 1605//1429 1645//4
f 1604//1428 1645//4 1644//1466
f 1605//1429 1606//1430 1646//1467
f 1605//1429 1646//1467 1645//4
f 1606//1430 1607//1431 1647//1468
f 1606//1430 1647//1468 1646//1467
f 1607//1431 1608//1432 1648//1469
f 1607//1431 1648//1469 1647//1468
f 1608//1432 1609//1433 1649//1470
f 1608//1432 1649//1470 1648//1469
f 1609//1433 1610//1434 1650//14
f 1609//1433 1650//14 1649//1470
f 1610//1434 1611//1435 1651//1471
f 1610//1434 1651//1471 1650//14
f 1611//1435 1612//1436 1652//1472
f 1611//1435 1652//1472 1651//1471
f 1612//1436 1613//1437 1653//1473
f 1612//1436 1653//1473 1652//1472
f 1613//1437 1614//1438 1654//1474
f 1613//1437 1654//1474 1653//1473
f 1614//1438 1615//1439 1655//5
f 1614//1438 1655//5 1654//1474
f 1615//1439 1616//1440 1656//1475
f 1615//1439 1656//1475 1655//5
f 1616//1440 1617//1441 1657//1476
f 1616//1440 1657//1476 1656//1475
f 1617//1441 1618//1442 1658//1477
f 1617//1441 1658//1477 1657//1476
f 1618//1442 1619//1443 1659//1478
f 1618//1442 1659//1478 1658//1477
f 1619//1443 1620//1444 1660//19
f 1619//1443 1660//19 1659//1478
f 1620//1444 1621//1445 1661//1479
f 1620//1444 1661//1479 1660//19
f 1621//1445 1622//1446 1662//1480
f 1621//1445 1662//1480 1661//1479
f 1622//1446 1623//1447 1663//1481
f 1622//1446 1663//1481 1662//1480
f 1623//1447 1624//1448 1664//1482
f 1623//1447 1664//1482 1663//1481
f 1624//1448 1625//1449 1665//3
f 1624//1448 1665//3 1664//1482
f 1625//1449 1626//1450 1666//1483
f 1625//1449 1666//1483 1665//3
f 1626//1450 1627//1451 1667//1484
f 1626//1450 1667//1484 1666//1483
f 1627//1451 1628//1452 1668//1485
f 1627//1451 1668//1485 1667//1484
f 1628//1452 1629//1453 1669//1486
f 1628//1452 1669//1486 1668//1485
f 1629//1453 1630//1454 1670//24
f 1629//1453 1670//24 1669//1486
f 1630//1454 1631//1455 1671//1487
f 1630//1454 1671//1487 1670//24
f 1631//1455 1632//1456 1672//1488
f 1631//1455 1672//1488 1671//1487
f 1632//1456 1633//1457 1673//1489
f 1632//1456 1673//1489 1672//1488
f 1633//1457 1634//1458 1674//1490
f 1633//1457 1674//1490 1673//1489
f 1634//1458 1596//1420 1636//6
f 1634//1458 1636//6 1674//1490
f 1636//6 1635//1459 1675//1491
f 1636//6 1675//1491 1676//1492
f 1635//1459 1637//1460 1677//1493
f 1635//1459 1677//1493 1675//1491
f 1637//1460 1638//1461 1678//1494
f 1637//1460 1678//1494 1677//1493
f 1638//1461 1639//1462 1679//1495
f 1638//1461 1679//1495 1678//1494
f 1639//1462 1640//9 1680//1496
f 1639//1462 1680//1496 1679//1495
f 1640//9 1641//1463 1681//1497
f 1640//9 1681//1497 1680//1496
f 1641//1463 1642//1464 1682//1498
f 1641//1463 1682//1498 1681//1497
f 1642//1464 1643//1465 1683//1499
f 1642//1464 1683//1499 1682//1498
f 1643//1465 1644//1466 1684//1500
f 1643//1465 1684//1500 1683//1499
f 1644//1466 1645//4 1685//1501
f 1644//1466 1685//1501 1684//1500
f 1645//4 1646//1467 1686//1502
f 1645//4 1686//1502 1685//1501
f 1646//1467 1647//1468 1687//1503
f 1646//1467 1687//1503 1686//1502
f 1647//1468 1648//1469 1688//1504
f 1647//1468 1688//1504 1687//1503
f 1648//1469 1649//1470 1689//1505
f 1648//1469 1689//1505 1688//1504
f 1649//1470 1650//14 1690//1506
f 1649//1470 1690//1506 1689//1505
f 1650//14 1651//1471 1691//1507
f 1650//14 1691//1507 1690//1506
f 1651//1471 1652//1472 1692//1508
f 1651//1471 1692//1508 1691//1507
f 1652//1472 1653//1473 1693//1509
f 1652//1472 1693//1509 1692//1508
f 1653//1473 1654//1474 1694//1510
f 1653//1473 1694//1510 1693//1509
f 1654//1474 1655//5 1695//1511
f 1654//1474 1695//1511 1694//1510
f 1655//5 1656//1475 1696//1512
f 1655//5 1696//1512 1695//1511
f 1656//1475 1657//1476 1697//1513
f 1656//1475 1697//1513 1696//1512
f 1657//1476 1658//1477 1698//1514
f 1657//1476 1698//1514 1697//1513
f 1658//1477 1659//1478 1699//1515
f 1658//1477 1699//1515 1698//1514
f 1659//1478 1660//19 1700//1516
f 1659//1478 1700//1516 1699//1515
f 1660//19 1661//1479 1701//1517
f 1660//19 1701//1517 1700//1516
f 1661//1479 1662//1480 1702//1518
f 1661//1479 1702//1518 1701//1517
f 1662//1480 1663//1481 1703//1519
f 1662//1480 1703//1519 1702//1518
f 1663//1481 1664//1482 1704//1520
f 1663//1481 1704//1520 1703//1519
f 1664//1482 1665//3 1705//1521
f 1664//1482 1705//1521 1704//1520
f 1665//3 1666//1483 1706//1522
f 1665//3 1706//1522 1705//1521
f 1666//1483 1667//1484 1707//1523
f 1666//1483 1707//1523 1706//1522
f 1667//1484 1668//1485 1708//1524
f 1667//1484 1708//1524 1707//1523
f 1668//1485 1669//1486 1709//1525
f 1668//1485 1709//1525 1708//1524
f 1669//1486 1670//24 1710//1526
f 1669//1486 1710//1526 1709//1525
f 1670//24 1671//1487 1711//1527
f 1670//24 1711//1527 1710//1526
f 1671//1487 1672//1488 1712//1528
f 1671//1487 1712//1528 1711//1527
f 1672//1488 1673//1489 1713//1529
f 1672//1488 1713//1529 1712//1528
f 1673//1489 1674//1490 1714//1530
f 1673//1489 1714//1530 1713//1529
f 1674//1490 1636//6 1676//1492
f 1674//1490 1676//1492 1714//1530
f 1676//1492 1675//1491 1715//1531
f 1676//1492 1715//1531 1716//1532
f 1675//1491 1677//1493 1717//1533
f 1675//1491 1717//1533 1715//1531
f 1677//1493 1678//1494 1718//1534
f 1677//1493 1718//1534 1717//1533
f 1678//1494 1679//1495 1719//1535
f 1678//1494 1719//1535 1718//1534
f 1679//1495 1680//1496 1720//1536
f 1679//1495 1720//1536 1719//1535
f 1680//1496 1681//1497 1721//1537
f 1680//1496 1721//1537 1720//1536
f 1681//1497 1682//1498 1722//1538
f 1681//1497 1722//1538 1721//1537
f 1682//1498 1683//1499 1723//1539
f 1682//1498 1723//1539 1722//1538
f 1683//1499 1684//1500 1724//1540
f 1683//1499 1724//1540 1723//1539
f 1684//1500 1685//1501 1725//1541
f 1684//1500 1725//1541 1724//1540
f 1685//1501 1686//1502 1726//1542
f 1685//1501 1726//1542 1725//1541
f 1686//1502 1687//1503 1727//1543
f 1686//1502 1727//1543 1726//1542
f 1687//1503 1688//1504 1728//1544
f 1687//1503 1728//1544 1727//1543
f 1688//1504 1689//1505 1729//1545
f 1688//1504 1729//1545 1728//1544
f 1689//1505 1690//1506 1730//1546
f 1689//1505 1730//1546 1729//1545
f 1690//1506 1691//1507 1731//1547
f 1690//1506 1731//1547 1730//1546
f 1691//1507 1692//1508 1732//1548
f 1691//1507 1732//1548 1731//1547
f 1692//1508 1693//1509 1733//1549
f 1692//1508 1733//1549 1732//1548
f 1693//1509 1694//1510 1734//1550
f 1693//1509 1734//1550 1733//1549
f 1694//1510 1695//1511 1735//1551
f 1694//1510 1735//1551 1734//1550
f 1695//1511 1696//1512 1736//1552
f 1695//1511 1736//1552 1735//1551
f 1696//1512 1697//1513 1737//1553
f 1696//1512 1737//1553 1736//1552
f 1697//1513 1698//1514 1738//1554
f 1697//1513 1738//1554 1737//1553
f 1698//1514 1699//1515 1739//1555
f 1698//1514 1739//1555 1738//1554
f 1699//1515 1700//1516 1740//1556
f 1699//1515 1740//1556 1739//1555
f 1700//1516 1701//1517 1741//1557
f 1700//1516 1741//1557 1740//1556
f 1701//1517 1702//1518 1742//1558
f 1701//1517 1742//1558 1741//1557
f 1702//1518 1703//1519 1743//1559
f 1702//1518 1743//1559 1742//1558
f 1703//1519 1704//1520 1744//1560
f 1703//1519 1744//1560 1743//1559
f 1704//1520 1705//1521 1745//1561
f 1704//1520 1745//1561 1744//1560
f 1705//1521 1706//1522 1746//1562
f 1705//1521 1746//1562 1745//1561
f 1706//1522 1707//1523 1747//1563
f 1706//1522 1747//1563 1746//1562
f 1707//1523 1708//1524 1748//1564
f 1707//1523 1748//1564 1747//1563
f 1708//1524 1709//1525 1749//1565
f 1708//1524 1749//1565 1748//1564
f 1709//1525 1710//1526 1750//1566
f 1709//1525 1750//1566 1749//1565
f 1710//1526 1711//1527 1751//1567
f 1710//1526 1751//1567 1750//1566
f 1711//1527 1712//1528 1752//1568
f 1711//1527 1752//1568 1751//1567
f 1712//1528 1713//1529 1753//1569
f 1712//1528 1753//1569 1752//1568
f 1713//1529 1714//1530 1754//1570
f 1713//1529 1754//1570 1753//1569
f 1714//1530 1676//1492 1716//1532
f 1714//1530 1716//1532 1754//1570
f 1716//1532 1715//1531 1755//1571
f 1716//1532 1755//1571 1756//1572
f 1715//1531 1717//1533 1757//1573
f 1715//1531 1757//1573 1755//1571
f 1717//1533 1718//1534 1758//1574
f 1717//1533 1758//1574 1757//1573
f 1718//1534 1719//1535 1759//1575
f 1718//1534 1759//1575 1758//1574
f 1719//1535 1720//1536 1760//1576
f 1719//1535 1760//1576 1759//1575
f 1720//1536 1721//1537 1761//1577
f 1720//1536 1761//1577 1760//1576
f 1721//1537 1722//1538 1762//1578
f 1721//1537 1762//1578 1761//1577
f 1722//1538 1723//1539 1763//1579
f 1722//1538 1763//1579 1762//1578
f 1723//1539 1724//1540 1764//1580
f 1723//1539 1764//1580 1763//1579
f 1724//1540 1725//1541 1765//1581
f 1724//1540 1765//1581 1764//1580
f 1725//1541 1726//1542 1766//1582
f 1725//1541 1766//1582 1765//1581
f 1726//1542 1727//1543 1767//1583
f 1726//1542 1767//1583 1766//1582
f 1727//1543 1728//1544 1768//1584
f 1727//1543 1768//1584 1767//1583
f 1728//1544 1729//1545 1769//1585
f 1728//1544 1769//1585 1768//1584
f 1729//1545 1730//1546 1770//1586
f 1729//1545 1770//1586 1769//1585
f 1730//1546 1731//1547 1771//1587
f 1730//1546 1771//1587 1770//1586
f 1731//1547 1732//1548 1772//1588
f 1731//1547 1772//1588 1771//1587
f 1732//1548 1733//1549 1773//1589
f 1732//1548 1773//1589 1772//1588
f 1733//1549 1734//1550 1774//1590
f 1733//1549 1774//1590 1773//1589
f 1734//1550 1735//1551 1775//1591
f 1734//1550 1775//1591 1774//1590
f 1735//1551 1736//1552 1776//1592
f 1735//1551 1776//1592 1775//1591
f 1736//1552 1737//1553 1777//1593
f 1736//1552 1777//1593 1776//1592
f 1737//1553 1738//1554 1778//1594
f 1737//1553 1778//1594 1777//1593
f 1738//1554 1739//1555 1779//1595
f 1738//1554 1779//1595 1778//1594
f 1739//1555 1740//1556 1780//1596
f 1739//1555 1780//1596 1779//1595
f 1740//1556 1741//1557 1781//1597
f 1740//1556 1781//1597 1780//1596
f 1741//1557 1742//1558 1782//1598
f 1741//1557 1782//1598 1781//1597
f 1742//1558 1743//1559 1783//1599
f 1742//1558 1783//1599 1782//1598
f 1743//1559 1744//1560 1784//1600
f 1743//1559 1784//1600 1783//1599
f 1744//1560 1745//1561 1785//1601
f 1744//1560 1785//1601 1784//1600
f 1745//1561 1746//1562 1786//1602
f 1745//1561 1786//1602 1785//1601
f 1746//1562 1747//1563 1787//1603
f 1746//1562 1787//1603 1786//1602
f 1747//1563 1748//1564 1788//1604
f 1747//1563 1788//1604 1787//1603
f 1748//1564 1749//1565 1789//1605
f 1748//1564 1789//1605 1788//1604
f 1749//1565 1750//1566 1790//1606
f 1749//1565 1790//1606 1789//1605
f 1750//1566 1751//1567 1791//1607
f 1750//1566 1791//1607 1790//1606
f 1751//1567 1752//1568 1792//1608
f 1751//1567 1792//1608 1791//1607
f 1752//1568 1753//1569 1793//1609
f 1752//1568 1793//1609 1792//1608
f 1753//1569 1754//1570 1794//1610
f 1753//1569 1794//1610 1793//1609
f 1754//1570 1716//1532 1756//1572
f 1754//1570 1756//1572 1794//1610
f 1756//1572 1755//1571 1795//1611
f 1756//1572 1795//1611 1796//1612
f 1755//1571 1757//1573 1797//1613
f 1755//1571 1797//1613 1795//1611
f 1757//1573 1758//1574 1798//1614
f 1757//1573 1798//1614 1797//1613
f 1758//1574 1759//1575 1799//1615
f 1758//1574 1799//1615 1798//1614
f 1759//1575 1760//1576 1800//1616
f 1759//1575 1800//1616 1799//1615
f 1760//1576 1761//1577 1801//1617
f 1760//1576 1801//1617 1800//1616
f 1761//1577 1762//1578 1802//1618
f 1761//1577 1802//1618 1801//1617
f 1762//1578 1763//1579 1803//1619
f 1762//1578 1803//1619 1802//1618
f 1763//1579 1764//1580 1804//1620
f 1763//1579 1804//1620 1803//1619
f 1764//1580 1765//1581 1805//1621
f 1764//1580 1805//1621 1804//1620
f 1765//1581 1766//1582 1806//1622
f 1765//1581 1806//1622 1805//1621
f 1766//1582 1767//1583 1807//1623
f 1766//1582 1807//1623 1806//1622
f 1767//1583 1768//1584 1808//1624
f 1767//1583 1808//1624 1807//1623
f 1768//1584 1769//1585 1809//1625
f 1768//1584 1809//1625 1808//1624
f 1769//1585 1770//1586 1810//1626
f 1769//1585 1810//1626 1809//1625
f 1770//1586 1771//1587 1811//1627
f 1770//1586 1811//1627 1810//1626
f 1771//1587 1772//1588 1812//1628
f 1771//1587 1812//1628 1811//1627
f 1772//1588 1773//1589 1813//1629
f 1772//1588 1813//1629 1812//1628
f 1773//1589 1774//1590 1814//1630
f 1773//1589 1814//1630 1813//1629
f 1774//1590 1775//1591 1815//1631
f 1774//1590 1815//1631 1814//1630
f 1775//1591 1776//1592 1816//1632
f 1775//1591 1816//1632 1815//1631
f 1776//1592 1777//1593 1817//1633
f 1776//1592 1817//1633 1816//1632
f 1777//1593 1778//1594 1818//1634
f 1777//1593 1818//1634 1817//1633
f 1778//1594 1779//1595 1819//1635
f 1778//1594 1819//1635 1818//1634
f 1779//1595 1780//1596 1820//1636
f 1779//1595 1820//1636 1819//1635
f 1780//1596 1781//1597 1821//1637
f 1780//1596 1821//1637 1820//1636
f 1781//1597 1782//1598 1822//1638
f 1781//1597 1822//1638 1821//1637
f 1782//1598 1783//1599 1823//1639
f 1782//1598 1823//1639 1822//1638
f 1783//1599 1784//1600 1824//1640
f 1783//1599 1824//1640 1823//1639
f 1784//1600 1785//1601 1825//1641
f 1784//1600 1825//1641 1824//1640
f 1785//1601 1786//1602 1826//1642
f 1785//1601 1826//1642 1825//1641
f 1786//1602 1787//1603 1827//1643
f 1786//1602 1827//1643 1826//1642
f 1787//1603 1788//1604 1828//1644
f 1787//1603 1828//1644 1827//1643
f 1788//1604 1789//1605 1829//1645
f 1788//1604 1829//1645 1828//1644
f 1789//1605 1790//1606 1830//1646
f 1789//1605 1830//1646 1829//1645
f 1790//1606 1791//1607 1831//1647
f 1790//1606 1831//1647 1830//1646
f 1791//1607 1792//1608 1832//1648
f 1791//1607 1832//1648 1831//1647
f 1792//1608 1793//1609 1833//1649
f 1792//1608 1833//1649 1832//1648
f 1793//1609 1794//1610 1834//1650
f 1793//1609 1834//1650 1833//1649
f 1794//1610 1756//1572 1796//1612
f 1794//1610 1796//1612 1834//1650
f 1796//1612 1795//1611 1835//1651
f 1796//1612 1835//1651 1836//820
f 1795//1611 1797//1613 1837//1652
f 1795//1611 1837//1652 1835//1651
f 1797//1613 1798//1614 1838//1653
f 1797//1613 1838//1653 1837//1652
f 1798//1614 1799//1615 1839//1654
f 1798//1614 1839//1654 1838//1653
f 1799//1615 1800//1616 1840//825
f 1799//1615 1840//825 1839//1654
f 1800//1616 1801//1617 1841//1655
f 1800//1616 1841//1655 1840//825
f 1801//1617 1802//1618 1842//1656
f 1801//1617 1842//1656 1841//1655
f 1802//1618 1803//1619 1843//1657
f 1802//1618 1843//1657 1842//1656
f 1803//1619 1804//1620 1844//1658
f 1803//1619 1844//1658 1843//1657
f 1804//1620 1805//1621 1845//831
f 1804//1620 1845//831 1844//1658
f 1805//1621 1806//1622 1846//1659
f 1805//1621 1846//1659 1845//831
f 1806//1622 1807//1623 1847//1660
f 1806//1622 1847//1660 1846//1659
f 1807//1623 1808//1624 1848//1661
f 1807//1623 1848//1661 1847//1660
f 1808//1624 1809//1625 1849//1662
f 1808//1624 1849//1662 1848//1661
f 1809//1625 1810//1626 1850//837
f 1809//1625 1850//837 1849//1662
f 1810//1626 1811//1627 1851//1663
f 1810//1626 1851//1663 1850//837
f 1811//1627 1812//1628 1852//1664
f 1811//1627 1852//1664 1851//1663
f 1812//1628 1813//1629 1853//1665
f 1812//1628 1853//1665 1852//1664
f 1813//1629 1814//1630 1854//1666
f 1813//1629 1854//1666 1853//1665
f 1814//1630 1815//1631 1855//843
f 1814//1630 1855//843 1854//1666
f 1815//1631 1816//1632 1856//1667
f 1815//1631 1856//1667 1855//843
f 1816//1632 1817//1633 1857//1668
f 1816//1632 1857//1668 1856//1667
f 1817//1633 1818//1634 1858//1669
f 1817//1633 1858//1669 1857//1668
f 1818//1634 1819//1635 1859//1670
f 1818//1634 1859//1670 1858//1669
f 1819//1635 1820//1636 1860//849
f 1819//1635 1860//849 1859//1670
f 1820//1636 1821//1637 1861//1671
f 1820//1636 1861//1671 1860//849
f 1821//1637 1822//1638 1862//1672
f 1821//1637 1862//1672 1861//1671
f 1822//1638 1823//1639 1863//1673
f 1822//1638 1863//1673 1862//1672
f 1823//1639 1824//1640 1864//1674
f 1823//1639 1864//1674 1863//1673
f 1824//1640 1825//1641 1865//855
f 1824//1640 1865//855 1864//1674
f 1825//1641 1826//1642 1866//1675
f 1825//1641 1866//1675 1865//855
f 1826//1642 1827//1643 1867//1676
f 1826//1642 1867//1676 1866//1675
f 1827//1643 1828//1644 1868//1677
f 1827//1643 1868//1677 1867//1676
f 1828//1644 1829//1645 1869//1678
f 1828//1644 1869//1678 1868//1677
f 1829//1645 1830//1646 1870//861
f 1829//1645 1870//861 1869//1678
f 1830//1646 1831//1647 1871//1679
f 1830//1646 1871//1679 1870//861
f 1831//1647 1832//1648 1872//1680
f 1831//1647 1872//1680 1871//1679
f 1832//1648 1833//1649 1873//1681
f 1832//1648 1873//1681 1872//1680
f 1833//1649 1834//1650 1874//1682
f 1833//1649 1874//1682 1873//1681
f 1834//1650 1796//1612 1836//820
f 1834//1650 1836//820 1874//1682
f 1836//820 1835//1651 1875//1683
f 1836//820 1875//1683 1876//1684
f 1835//1651 1837//1652 1877//1685
f 1835//1651 1877//1685 1875//1683
f 1837//1652 1838//1653 1878//1686
f 1837//1652 1878//1686 1877//1685
f 1838//1653 1839//1654 1879//1687
f 1838//1653 1879//1687 1878//1686
f 1839//1654 1840//825 1880//1688
f 1839//1654 1880//1688 1879//1687
f 1840//825 1841//1655 1881//1689
f 1840//825 1881//1689 1880//1688
f 1841//1655 1842//1656 1882//1690
f 1841//1655 1882//1690 1881//1689
f 1842//1656 1843//1657 1883//1691
f 1842//1656 1883//1691 1882//1690
f 1843//1657 1844//1658 1884//1692
f 1843//1657 1884//1692 1883//1691
f 1844//1658 1845//831 1885//1693
f 1844//1658 1885//1693 1884//1692
f 1845//831 1846//1659 1886//1694
f 1845//831 1886//1694 1885//1693
f 1846//1659 1847//1660 1887//1695
f 1846//1659 1887//1695 1886//1694
f 1847//1660 1848//1661 1888//1696
f 1847//1660 1888//1696 1887//1695
f 1848//1661 1849//1662 1889//1697
f 1848//1661 1889//1697 1888//1696
f 1849//1662 1850//837 1890//1698
f 1849//1662 1890//1698 1889//1697
f 1850//837 1851//1663 1891//1699
f 1850//837 1891//1699 1890//1698
f 1851//1663 1852//1664 1892//1700
f 1851//1663 1892//1700 1891//1699
f 1852//1664 1853//1665 1893//1701
f 1852//1664 1893//1701 1892//1700
f 1853//1665 1854//1666 1894//1702
f 1853//1665 1894//1702 1893//1701
f 1854//1666 1855//843 1895//1703
f 1854//1666 1895//1703 1894//1702
f 1855//843 1856//1667 1896//1704
f 1855//843 1896//1704 1895//1703
f 1856//1667 1857//1668 1897//1705
f 1856//1667 1897//1705 1896//1704
f 1857//1668 1858//1669 1898//1706
f 1857//1668 1898//1706 1897//1705
f 1858//1669 1859//1670 1899//1707
f 1858//1669 1899//1707 1898//1706
f 1859//1670 1860//849 1900//1708
f 1859//1670 1900//1708 1899//1707
f 1860//849 1861//1671 1901//1709
f 1860//849 1901//1709 1900//1708
f 1861//1671 1862//1672 1902//1710
f 1861//1671 1902//1710 1901//1709
f 1862//1672 1863//1673 1903//1711
f 1862//1672 1903//1711 1902//1710
f 1863//1673 1864//1674 1904//1712
f 1863//1673 1904//1712 1903//1711
f 1864//1674 1865//855 1905//1713
f 1864//1674 1905//1713 1904//1712
f 1865//855 1866//1675 1906//1714
f 1865//855 1906//1714 1905//1713
f 1866//1675 1867//1676 1907//1715
f 1866//1675 1907//1715 1906//1714
f 1867//1676 1868//1677 1908//1716
f 1867//1676 1908//1716 1907//1715
f 1868//1677 1869//1678 1909//1717
f 1868//1677 1909//1717 1908//1716
f 1869//1678 1870//861 1910//1718
f 1869//1678 1910//1718 1909//1717
f 1870//861 1871//1679 1911//1719
f 1870//861 1911//1719 1910//1718
f 1871//1679 1872//1680 1912//1720
f 1871//1679 1912//1720 1911//1719
f 1872//1680 1873//1681 1913//1721
f 1872//1680 1913//1721 1912//1720
f 1873//1681 1874//1682 1914//1722
f 1873//1681 1914//1722 1913//1721
f 1874//1682 1836//820 1876//1684
f 1874//1682 1876//1684 1914//1722
f 1876//1684 1875//1683 1915//1723
f 1876//1684 1915//1723 1916//1724
f 1875//1683 1877//1685 1917//1725
f 1875//1683 1917//1725 1915//1723
f 1877//1685 1878//1686 1918//1726
f 1877//1685 1918//1726 1917//1725
f 1878//1686 1879//1687 1919//1727
f 1878//1686 1919//1727 1918//1726
f 1879//1687 1880//1688 1920//1728
f 1879//1687 1920//1728 1919//1727
f 1880//1688 1881//1689 1921//1729
f 1880//1688 1921//1729 1920//1728
f 1881//1689 1882//1690 1922//1730
f 1881//1689 1922//1730 1921//1729
f 1882//1690 1883//1691 1923//1731
f 1882//1690 1923//1731 1922//1730
f 1883//1691 1884//1692 1924//1732
f 1883//1691 1924//1732 1923//1731
f 1884//1692 1885//1693 1925//1733
f 1884//1692 1925//1733 1924//1732
f 1885//1693 1886//1694 1926//1734
f 1885//1693 1926//1734 1925//1733
f 1886//1694 1887//1695 1927//1735
f 1886//1694 1927//1735 1926//1734
f 1887//1695 1888//1696 1928//1736
f 1887//1695 1928//1736 1927//1735
f 1888//1696 1889//1697 1929//1737
f 1888//1696 1929//1737 1928//1736
f 1889//1697 1890//1698 1930//1738
f 1889//1697 1930//1738 1929//1737
f 1890//1698 1891//1699 1931//1739
f 1890//1698 1931//1739 1930//1738
f 1891//1699 1892//1700 1932//1740
f 1891//1699 1932//1740 1931//1739
f 1892//1700 1893//1701 1933//1741
f 1892//1700 1933//1741 1932//1740
f 1893//1701 1894//1702 1934//1742
f 1893//1701 1934//1742 1933//1741
f 1894//1702 1895//1703 1935//1743
f 1894//1702 1935//1743 1934//1742
f 1895//1703 1896//1704 1936//1744
f 1895//1703 1936//1744 1935//1743
f 1896//1704 1897//1705 1937//1745
f 1896//1704 1937//1745 1936//1744
f 1897//1705 1898//1706 1938//1746
f 1897//1705 1938//1746 1937//1745
f 1898//1706 1899//1707 1939//1747
f 1898//1706 1939//1747 1938//1746
f 1899//1707 1900//1708 1940//1748
f 1899//1707 1940//1748 1939//1747
f 1900//1708 1901//1709 1941//1749
f 1900//1708 1941//1749 1940//1748
f 1901//1709 1902//1710 1942//1750
f 1901//1709 1942//1750 1941//1749
f 1902//1710 1903//1711 1943//1751
f 1902//1710 1943//1751 1942//1750
f 1903//1711 1904//1712 1944//1752
f 1903//1711 1944//1752 1943//1751
f 1904//1712 1905//1713 1945//1753
f 1904//1712 1945//1753 1944//1752
f 1905//1713 1906//1714 1946//1754
f 1905//1713 1946//1754 1945//1753
f 1906//1714 1907//1715 1947//1755
f 1906//1714 1947//1755 1946//1754
f 1907//1715 1908//1716 1948//1756
f 1907//1715 1948//1756 1947//1755
f 1908//1716 1909//1717 1949//1757
f 1908//1716 1949//1757 1948//1756
f 1909//1717 1910//1718 1950//1758
f 1909//1717 1950//1758 1949//1757
f 1910//1718 1911//1719 1951//1759
f 1910//1718 1951//1759 1950//1758
f 1911//1719 1912//1720 1952//1760
f 1911//1719 1952//1760 1951//1759
f 1912//1720 1913//1721 1953//1761
f 1912//1720 1953//1761 1952//1760
f 1913//1721 1914//1722 1954//1762
f 1913//1721 1954//1762 1953//1761
f 1914//1722 1876//1684 1916//1724
f 1914//1722 1916//1724 1954//1762
f 1916//1724 1915//1723 1955//1763
f 1916//1724 1955//1763 1956//1764
f 1915//1723 1917//1725 1957//1765
f 1915//1723 1957//1765 1955//1763
f 1917//1725 1918//1726 1958//1766
f 1917//1725 1958//1766 1957//1765
f 1918//1726 1919//1727 1959//1767
f 1918//1726 1959//1767 1958//1766
f 1919//1727 1920//1728 1960//1768
f 1919//1727 1960//1768 1959//1767
f 1920//1728 1921//1729 1961//1769
f 1920//1728 1961//1769 1960//1768
f 1921//1729 1922//1730 1962//1770
f 1921//1729 1962//1770 1961//1769
f 1922//1730 1923//1731 1963//1771
f 1922//1730 1963//1771 1962//1770
f 1923//1731 1924//1732 1964//1772
f 1923//1731 1964//1772 1963//1771
f 1924//1732 1925//1733 1965//1773
f 1924//1732 1965//1773 1964//1772
f 1925//1733 1926//1734 1966//1774
f 1925//1733 1966//1774 1965//1773
f 1926//1734 1927//1735 1967//1775
f 1926//1734 1967//1775 1966//1774
f 1927//1735 1928//1736 1968//1776
f 1927//1735 1968//1776 1967//1775
f 1928//1736 1929//1737 1969//1777
f 1928//1736 1969//1777 1968//1776
f 1929//1737 1930//1738 1970//1778
f 1929//1737 1970//1778 1969//1777
f 1930//1738 1931//1739 1971//1779
f 1930//1738 1971//1779 1970//1778
f 1931//1739 1932//1740 1972//1780
f 1931//1739 1972//1780 1971//1779
f 1932//1740 1933//1741 1973//1781
f 1932//1740 1973//1781 1972//1780
f 1933//1741 1934//1742 1974//1782
f 1933//1741 1974//1782 1973//1781
f 1934//1742 1935//1743 1975//1783
f 1934//1742 1975//1783 1974//1782
f 1935//1743 1936//1744 1976//1784
f 1935//1743 1976//1784 1975//1783
f 1936//1744 1937//1745 1977//1785
f 1936//1744 1977//1785 1976//1784
f 1937//1745 1938//1746 1978//1786
f 1937//1745 1978//1786 1977//1785
f 1938//1746 1939//1747 1979//1787
f 1938//1746 1979//1787 1978//1786
f 1939//1747 1940//1748 1980//1788
f 1939//1747 1980//1788 1979//1787
f 1940//1748 1941//1749 1981//1789
f 1940//1748 1981//1789 1980//1788
f 1941//1749 1942//1750 1982//1790
f 1941//1749 1982//1790 1981//1789
f 1942//1750 1943//1751 1983//1791
f 1942//1750 1983//1791 1982//1790
f 1943//1751 1944//1752 1984//1792
f 1943//1751 1984//1792 1983//1791
f 1944//1752 1945//1753 1985//1793
f 1944//1752 1985//1793 1984//1792
f 1945//1753 1946//1754 1986//1794
f 1945//1753 1986//1794 1985//1793
f 1946//1754 1947//1755 1987//1795
f 1946//1754 1987//1795 1986//1794
f 1947//1755 1948//1756 1988//1796
f 1947//1755 1988//1796 1987//1795
f 1948//1756 1949//1757 1989//1797
f 1948//1756 1989//1797 1988//1796
f 1949//1757 1950//1758 1990//1798
f 1949//1757 1990//1798 1989//1797
f 1950//1758 1951//1759 1991//1799
f 1950//1758 1991//1799 1990//1798
f 1951//1759 1952//1760 1992//1800
f 1951//1759 1992//1800 1991//1799
f 1952//1760 1953//1761 1993//1801
f 1952//1760 1993//1801 1992//1800
f 1953//1761 1954//1762 1994//1802
f 1953//1761 1994//1802 1993//1801
f 1954//1762 1916//1724 1956//1764
f 1954//1762 1956//1764 1994//1802
f 1956//1764 1955//1763 1995//1803
f 1956//1764 1995//1803 1996//1804
f 1955//1763 1957//1765 1997//1805
f 1955//1763 1997//1805 1995//1803
f 1957//1765 1958//1766 1998//1806
f 1957//1765 1998//1806 1997//1805
f 1958//1766 1959//1767 1999//1807
f 1958//1766 1999//1807 1998//1806
f 1959//1767 1960//1768 2000//1808
f 1959//1767 2000//1808 1999//1807
f 1960//1768 1961//1769 2001//1809
f 1960//1768 2001//1809 2000//1808
f 1961//1769 1962//1770 2002//1810
f 1961//1769 2002//1810 2001//1809
f 1962//1770 1963//1771 2003//1811
f 1962//1770 2003//1811 2002//1810
f 1963//1771 1964//1772 2004//1812
f 1963//1771 2004//1812 2003//1811
f 1964//1772 1965//1773 2005//1813
f 1964//1772 2005//1813 2004//1812
f 1965//1773 1966//1774 2006//1814
f 1965//1773 2006//1814 2005//1813
f 1966//1774 1967//1775 2007//1815
f 1966//1774 2007//1815 2006//1814
f 1967//1775 1968//1776 2008//1816
f 1967//1775 2008//1816 2007//1815
f 1968//1776 1969//1777 2009//1817
f 1968//1776 2009//1817 2008//1816
f 1969//1777 1970//1778 2010//1818
f 1969//1777 2010//1818 2009//1817
f 1970//1778 1971//1779 2011//1819
f 1970//1778 2011//1819 2010//1818
f 1971//1779 1972//1780 2012//1820
f 1971//1779 2012//1820 2011//1819
f 1972//1780 1973//1781 2013//1821
f 1972//1780 2013//1821 2012//1820
f 1973//1781 1974//1782 2014//1822
f 1973//1781 2014//1822 2013//1821
f 1974//1782 1975//1783 2015//1823
f 1974//1782 2015//1823 2014//1822
f 1975//1783 1976//1784 2016//1824
f 1975//1783 2016//1824 2015//1823
f 1976//1784 1977//1785 2017//1825
f 1976//1784 2017//1825 2016//1824
f 1977//1785 1978//1786 2018//1826
f 1977//1785 2018//1826 2017//1825
f 1978//1786 1979//1787 2019//1827
f 1978//1786 2019//1827 2018//1826
f 1979//1787 1980//1788 2020//1828
f 1979//1787 2020//1828 2019//1827
f 1980//1788 1981//1789 2021//1829
f 1980//1788 2021//1829 2020//1828
f 1981//1789 1982//1790 2022//1830
f 1981//1789 2022//1830 2021//1829
f 1982//1790 1983//1791 2023//1831
f 1982//1790 2023//1831 2022//1830
f 1983//1791 1984//1792 2024//1832
f 1983//1791 2024//1832 2023//1831
f 1984//1792 1985//1793 2025//1833
f 1984//1792 2025//1833 2024//1832
f 1985//1793 1986//1794 2026//1834
f 1985//1793 2026//1834 2025//1833
f 1986//1794 1987//1795 2027//1835
f 1986//1794 2027//1835 2026//1834
f 1987//1795 1988//1796 2028//1836
f 1987//1795 2028//1836 2027//1835
f 1988//1796 1989//1797 2029//1837
f 1988//1796 2029//1837 2028//1836
f 1989//1797 1990//1798 2030//1838
f 1989//1797 2030//1838 2029//1837
f 1990//1798 1991//1799 2031//1839
f 1990//1798 2031//1839 2030//1838
f 1991//1799 1992//1800 2032//1840
f 1991//1799 2032//1840 2031//1839
f 1992//1800 1993//1801 2033//1841
f 1992//1800 2033//1841 2032//1840
f 1993//1801 1994//1802 2034//1842
f 1993//1801 2034//1842 2033//1841
f 1994//1802 1956//1764 1996//1804
f 1994//1802 1996//1804 2034//1842
f 1996//1804 1995//1803 1273//2
f 1995//1803 1997//1805 1273//2
f 1997//1805 1998//1806 1273//2
f 1998//1806 1999//1807 1273//2
f 1999//1807 2000//1808 1273//2
f 2000//1808 2001//1809 1273//2
f 2001//1809 2002//1810 1273//2
f 2002//1810 2003//1811 1273//2
f 2003//1811 2004//1812 1273//2
f 2004//1812 2005//1813 1273//2
f 2005//1813 2006//1814 1273//2
f 2006//1814 2007//1815 1273//2
f 2007//1815 2008//1816 1273//2
f 2008//1816 2009//1817 1273//2
f 2009//1817 2010//1818 1273//2
f 2010//1818 2011//1819 1273//2
f 2011//1819 2012//1820 1273//2
f 2012//1820 2013//1821 1273//2
f 2013//1821 2014//1822 1273//2
f 2014//1822 2015//1823 1273//2
f 2015//1823 2016//1824 1273//2
f 2016//1824 2017//1825 1273//2
f 2017//1825 2018//1826 1273//2
f 2018//1826 2019//1827 1273//2
f 2019//1827 2020//1828 1273//2
f 2020//1828 2021//1829 1273//2
f 2021//1829 2022//1830 1273//2
f 2022//1830 2023//1831 1273//2
f 2023//1831 2024//1832 1273//2
f 2024//1832 2025//1833 1273//2
f 2025//1833 2026//1834 1273//2
f 2026//1834 2027//1835 1273//2
f 2027//1835 2028//1836 1273//2
f 2028//1836 2029//1837 1273//2
f 2029//1837 2030//1838 1273//2
f 2030//1838 2031//1839 1273//2
f 2031//1839 2032//1840 1273//2
f 2032//1840 2033//1841 1273//2
f 2033//1841 2034//1842 1273//2
f 2034//1842 1996//1804 1273//2
