mtllib roughness.mtl
v -1430.0000 0.0000 -1430.0000
v -1430.0000 0.0000 1430.0000
v 1430.0000 0.0000 1430.0000
v 1430.0000 0.0000 -1430.0000
v -250.2500 77.0000 0.0000
v -244.3014 76.5260 0.9422
v -244.2273 76.5260 0.0000
v -244.5220 76.5260 1.8611
v -244.8837 76.5260 2.7343
v -245.3775 76.5260 3.5401
v -245.9913 76.5260 4.2587
v -246.7099 76.5260 4.8725
v -247.5157 76.5260 5.3663
v -248.3889 76.5260 5.7280
v -249.3078 76.5260 5.9486
v -250.2500 76.5260 6.0227
v -251.1922 76.5260 5.9486
v -252.1111 76.5260 5.7280
v -252.9843 76.5260 5.3663
v -253.7901 76.5260 4.8725
v -254.5087 76.5260 4.2587
v -255.1225 76.5260 3.5401
v -255.6163 76.5260 2.7343
v -255.9780 76.5260 1.8611
v -256.1986 76.5260 0.9422
v -256.2727 76.5260 0.0000
v -256.1986 76.5260 -0.9422
v -255.9780 76.5260 -1.8611
v -255.6163 76.5260 -2.7343
v -255.1225 76.5260 -3.5401
v -254.5087 76.5260 -4.2587
v -253.7901 76.5260 -4.8725
v -252.9843 76.5260 -5.3663
v -252.1111 76.5260 -5.7280
v -251.1922 76.5260 -5.9486
v -250.2500 76.5260 -6.0227
v -249.3078 76.5260 -5.9486
v -248.3889 76.5260 -5.7280
v -247.5157 76.5260 -5.3663
v -246.7099 76.5260 -4.8725
v -245.9913 76.5260 -4.2587
v -245.3775 76.5260 -3.5401
v -244.8837 76.5260 -2.7343
v -244.5220 76.5260 -1.8611
v -244.3014 76.5260 -0.9422
v -238.4993 75.1157 1.8611
v -238.3528 75.1157 0.0000
v -238.9351 75.1157 3.6764
v -239.6496 75.1157 5.4012
v -240.6250 75.1157 6.9930
v -241.8374 75.1157 8.4126
v -243.2570 75.1157 9.6250
v -244.8488 75.1157 10.6004
v -246.5736 75.1157 11.3149
v -248.3889 75.1157 11.7507
v -250.2500 75.1157 11.8972
v -252.1111 75.1157 11.7507
v -253.9264 75.1157 11.3149
v -255.6512 75.1157 10.6004
v -257.2430 75.1157 9.6250
v -258.6626 75.1157 8.4126
v -259.8750 75.1157 6.9930
v -260.8504 75.1157 5.4012
v -261.5649 75.1157 3.6764
v -262.0007 75.1157 1.8611
v -262.1472 75.1157 0.0000
v -262.0007 75.1157 -1.8611
v -261.5649 75.1157 -3.6764
v -260.8504 75.1157 -5.4012
v -259.8750 75.1157 -6.9930
v -258.6626 75.1157 -8.4126
v -257.2430 75.1157 -9.6250
v -255.6512 75.1157 -10.6004
v -253.9264 75.1157 -11.3149
v -252.1111 75.1157 -11.7507
v -250.2500 75.1157 -11.8972
v -248.3889 75.1157 -11.7507
v -246.5736 75.1157 -11.3149
v -244.8488 75.1157 -10.6004
v -243.2570 75.1157 -9.6250
v -241.8374 75.1157 -8.4126
v -240.6250 75.1157 -6.9930
v -239.6496 75.1157 -5.4012
v -238.9351 75.1157 -3.6764
v -238.4993 75.1157 -1.8611
v -232.9866 72.8038 2.7343
v -232.7714 72.8038 0.0000
v -233.6268 72.8038 5.4012
v -234.6764 72.8038 7.9351
v -236.1095 72.8038 10.2737
v -237.8907 72.8038 12.3593
v -239.9763 72.8038 14.1405
v -242.3149 72.8038 15.5736
v -244.8488 72.8038 16.6232
v -247.5157 72.8038 17.2634
v -250.2500 72.8038 17.4786
v -252.9843 72.8038 17.2634
v -255.6512 72.8038 16.6232
v -258.1851 72.8038 15.5736
v -260.5237 72.8038 14.1405
v -262.6093 72.8038 12.3593
v -264.3905 72.8038 10.2737
v -265.8236 72.8038 7.9351
v -266.8732 72.8038 5.4012
v -267.5134 72.8038 2.7343
v -267.7286 72.8038 0.0000
v -267.5134 72.8038 -2.7343
v -266.8732 72.8038 -5.4012
v -265.8236 72.8038 -7.9351
v -264.3905 72.8038 -10.2737
v -262.6093 72.8038 -12.3593
v -260.5237 72.8038 -14.1405
v -258.1851 72.8038 -15.5736
v -255.6512 72.8038 -16.6232
v -252.9843 72.8038 -17.2634
v -250.2500 72.8038 -17.4786
v -247.5157 72.8038 -17.2634
v -244.8488 72.8038 -16.6232
v -242.3149 72.8038 -15.5736
v -239.9763 72.8038 -14.1405
v -237.8907 72.8038 -12.3593
v -236.1095 72.8038 -10.2737
v -234.6764 72.8038 -7.9351
v -233.6268 72.8038 -5.4012
v -232.9866 72.8038 -2.7343
v -227.8989 69.6472 3.5401
v -227.6203 69.6472 0.0000
v -228.7278 69.6472 6.9930
v -230.0868 69.6472 10.2737
v -231.9422 69.6472 13.3014
v -234.2484 69.6472 16.0016
v -236.9486 69.6472 18.3078
v -239.9763 69.6472 20.1632
v -243.2570 69.6472 21.5222
v -246.7099 69.6472 22.3511
v -250.2500 69.6472 22.6297
v -253.7901 69.6472 22.3511
v -257.2430 69.6472 21.5222
v -260.5237 69.6472 20.1632
v -263.5514 69.6472 18.3078
v -266.2516 69.6472 16.0016
v -268.5578 69.6472 13.3014
v -270.4132 69.6472 10.2737
v -271.7722 69.6472 6.9930
v -272.6011 69.6472 3.5401
v -272.8797 69.6472 0.0000
v -272.6011 69.6472 -3.5401
v -271.7722 69.6472 -6.9930
v -270.4132 69.6472 -10.2737
v -268.5578 69.6472 -13.3014
v -266.2516 69.6472 -16.0016
v -263.5514 69.6472 -18.3078
v -260.5237 69.6472 -20.1632
v -257.2430 69.6472 -21.5222
v -253.7901 69.6472 -22.3511
v -250.2500 69.6472 -22.6297
v -246.7099 69.6472 -22.3511
v -243.2570 69.6472 -21.5222
v -239.9763 69.6472 -20.1632
v -236.9486 69.6472 -18.3078
v -234.2484 69.6472 -16.0016
v -231.9422 69.6472 -13.3014
v -230.0868 69.6472 -10.2737
v -228.7278 69.6472 -6.9930
v -227.8989 69.6472 -3.5401
v -223.3616 65.7236 4.2587
v -223.0264 65.7236 0.0000
v -224.3588 65.7236 8.4126
v -225.9936 65.7236 12.3593
v -228.2256 65.7236 16.0016
v -231.0000 65.7236 19.2500
v -234.2484 65.7236 22.0244
v -237.8907 65.7236 24.2564
v -241.8374 65.7236 25.8912
v -245.9913 65.7236 26.8884
v -250.2500 65.7236 27.2236
v -254.5087 65.7236 26.8884
v -258.6626 65.7236 25.8912
v -262.6093 65.7236 24.2564
v -266.2516 65.7236 22.0244
v -269.5000 65.7236 19.2500
v -272.2744 65.7236 16.0016
v -274.5064 65.7236 12.3593
v -276.1412 65.7236 8.4126
v -277.1384 65.7236 4.2587
v -277.4736 65.7236 0.0000
v -277.1384 65.7236 -4.2587
v -276.1412 65.7236 -8.4126
v -274.5064 65.7236 -12.3593
v -272.2744 65.7236 -16.0016
v -269.5000 65.7236 -19.2500
v -266.2516 65.7236 -22.0244
v -262.6093 65.7236 -24.2564
v -258.6626 65.7236 -25.8912
v -254.5087 65.7236 -26.8884
v -250.2500 65.7236 -27.2236
v -245.9913 65.7236 -26.8884
v -241.8374 65.7236 -25.8912
v -237.8907 65.7236 -24.2564
v -234.2484 65.7236 -22.0244
v -231.0000 65.7236 -19.2500
v -228.2256 65.7236 -16.0016
v -225.9936 65.7236 -12.3593
v -224.3588 65.7236 -8.4126
v -223.3616 65.7236 -4.2587
v -219.4863 61.1297 4.8725
v -219.1028 61.1297 0.0000
v -220.6273 61.1297 9.6250
v -222.4977 61.1297 14.1405
v -225.0514 61.1297 18.3078
v -228.2256 61.1297 22.0244
v -231.9422 61.1297 25.1986
v -236.1095 61.1297 27.7523
v -240.6250 61.1297 29.6227
v -245.3775 61.1297 30.7637
v -250.2500 61.1297 31.1472
v -255.1225 61.1297 30.7637
v -259.8750 61.1297 29.6227
v -264.3905 61.1297 27.7523
v -268.5578 61.1297 25.1986
v -272.2744 61.1297 22.0244
v -275.4486 61.1297 18.3078
v -278.0023 61.1297 14.1405
v -279.8727 61.1297 9.6250
v -281.0137 61.1297 4.8725
v -281.3972 61.1297 0.0000
v -281.0137 61.1297 -4.8725
v -279.8727 61.1297 -9.6250
v -278.0023 61.1297 -14.1405
v -275.4486 61.1297 -18.3078
v -272.2744 61.1297 -22.0244
v -268.5578 61.1297 -25.1986
v -264.3905 61.1297 -27.7523
v -259.8750 61.1297 -29.6227
v -255.1225 61.1297 -30.7637
v -250.2500 61.1297 -31.1472
v -245.3775 61.1297 -30.7637
v -240.6250 61.1297 -29.6227
v -236.1095 61.1297 -27.7523
v -231.9422 61.1297 -25.1986
v -228.2256 61.1297 -22.0244
v -225.0514 61.1297 -18.3078
v -222.4977 61.1297 -14.1405
v -220.6273 61.1297 -9.6250
v -219.4863 61.1297 -4.8725
v -216.3686 55.9786 5.3663
v -215.9462 55.9786 0.0000
v -217.6252 55.9786 10.6004
v -219.6851 55.9786 15.5736
v -222.4977 55.9786 20.1632
v -225.9936 55.9786 24.2564
v -230.0868 55.9786 27.7523
v -234.6764 55.9786 30.5649
v -239.6496 55.9786 32.6248
v -244.8837 55.9786 33.8814
v -250.2500 55.9786 34.3038
v -255.6163 55.9786 33.8814
v -260.8504 55.9786 32.6248
v -265.8236 55.9786 30.5649
v -270.4132 55.9786 27.7523
v -274.5064 55.9786 24.2564
v -278.0023 55.9786 20.1632
v -280.8149 55.9786 15.5736
v -282.8748 55.9786 10.6004
v -284.1314 55.9786 5.3663
v -284.5538 55.9786 0.0000
v -284.1314 55.9786 -5.3663
v -282.8748 55.9786 -10.6004
v -280.8149 55.9786 -15.5736
v -278.0023 55.9786 -20.1632
v -274.5064 55.9786 -24.2564
v -270.4132 55.9786 -27.7523
v -265.8236 55.9786 -30.5649
v -260.8504 55.9786 -32.6248
v -255.6163 55.9786 -33.8814
v -250.2500 55.9786 -34.3038
v -244.8837 55.9786 -33.8814
v -239.6496 55.9786 -32.6248
v -234.6764 55.9786 -30.5649
v -230.0868 55.9786 -27.7523
v -225.9936 55.9786 -24.2564
v -222.4977 55.9786 -20.1632
v -219.6851 55.9786 -15.5736
v -217.6252 55.9786 -10.6004
v -216.3686 55.9786 -5.3663
v -214.0851 50.3972 5.7280
v -213.6343 50.3972 0.0000
v -215.4264 50.3972 11.3149
v -217.6252 50.3972 16.6232
v -220.6273 50.3972 21.5222
v -224.3588 50.3972 25.8912
v -228.7278 50.3972 29.6227
v -233.6268 50.3972 32.6248
v -238.9351 50.3972 34.8236
v -244.5220 50.3972 36.1649
v -250.2500 50.3972 36.6157
v -255.9780 50.3972 36.1649
v -261.5649 50.3972 34.8236
v -266.8732 50.3972 32.6248
v -271.7722 50.3972 29.6227
v -276.1412 50.3972 25.8912
v -279.8727 50.3972 21.5222
v -282.8748 50.3972 16.6232
v -285.0736 50.3972 11.3149
v -286.4149 50.3972 5.7280
v -286.8657 50.3972 0.0000
v -286.4149 50.3972 -5.7280
v -285.0736 50.3972 -11.3149
v -282.8748 50.3972 -16.6232
v -279.8727 50.3972 -21.5222
v -276.1412 50.3972 -25.8912
v -271.7722 50.3972 -29.6227
v -266.8732 50.3972 -32.6248
v -261.5649 50.3972 -34.8236
v -255.9780 50.3972 -36.1649
v -250.2500 50.3972 -36.6157
v -244.5220 50.3972 -36.1649
v -238.9351 50.3972 -34.8236
v -233.6268 50.3972 -32.6248
v -228.7278 50.3972 -29.6227
v -224.3588 50.3972 -25.8912
v -220.6273 50.3972 -21.5222
v -217.6252 50.3972 -16.6232
v -215.4264 50.3972 -11.3149
v -214.0851 50.3972 -5.7280
v -212.6922 44.5227 5.9486
v -212.2240 44.5227 0.0000
v -214.0851 44.5227 11.7507
v -216.3686 44.5227 17.2634
v -219.4863 44.5227 22.3511
v -223.3616 44.5227 26.8884
v -227.8989 44.5227 30.7637
v -232.9866 44.5227 33.8814
v -238.4993 44.5227 36.1649
v -244.3014 44.5227 37.5578
v -250.2500 44.5227 38.0260
v -256.1986 44.5227 37.5578
v -262.0007 44.5227 36.1649
v -267.5134 44.5227 33.8814
v -272.6011 44.5227 30.7637
v -277.1384 44.5227 26.8884
v -281.0137 44.5227 22.3511
v -284.1314 44.5227 17.2634
v -286.4149 44.5227 11.7507
v -287.8078 44.5227 5.9486
v -288.2760 44.5227 0.0000
v -287.8078 44.5227 -5.9486
v -286.4149 44.5227 -11.7507
v -284.1314 44.5227 -17.2634
v -281.0137 44.5227 -22.3511
v -277.1384 44.5227 -26.8884
v -272.6011 44.5227 -30.7637
v -267.5134 44.5227 -33.8814
v -262.0007 44.5227 -36.1649
v -256.1986 44.5227 -37.5578
v -250.2500 44.5227 -38.0260
v -244.3014 44.5227 -37.5578
v -238.4993 44.5227 -36.1649
v -232.9866 44.5227 -33.8814
v -227.8989 44.5227 -30.7637
v -223.3616 44.5227 -26.8884
v -219.4863 44.5227 -22.3511
v -216.3686 44.5227 -17.2634
v -214.0851 44.5227 -11.7507
v -212.6922 44.5227 -5.9486
v -212.2240 38.5000 6.0227
v -211.7500 38.5000 0.0000
v -213.6343 38.5000 11.8972
v -215.9462 38.5000 17.4786
v -219.1028 38.5000 22.6297
v -223.0264 38.5000 27.2236
v -227.6203 38.5000 31.1472
v -232.7714 38.5000 34.3038
v -238.3528 38.5000 36.6157
v -244.2273 38.5000 38.0260
v -250.2500 38.5000 38.5000
v -256.2727 38.5000 38.0260
v -262.1472 38.5000 36.6157
v -267.7286 38.5000 34.3038
v -272.8797 38.5000 31.1472
v -277.4736 38.5000 27.2236
v -281.3972 38.5000 22.6297
v -284.5538 38.5000 17.4786
v -286.8657 38.5000 11.8972
v -288.2760 38.5000 6.0227
v -288.7500 38.5000 0.0000
v -288.2760 38.5000 -6.0227
v -286.8657 38.5000 -11.8972
v -284.5538 38.5000 -17.4786
v -281.3972 38.5000 -22.6297
v -277.4736 38.5000 -27.2236
v -272.8797 38.5000 -31.1472
v -267.7286 38.5000 -34.3038
v -262.1472 38.5000 -36.6157
v -256.2727 38.5000 -38.0260
v -250.2500 38.5000 -38.5000
v -244.2273 38.5000 -38.0260
v -238.3528 38.5000 -36.6157
v -232.7714 38.5000 -34.3038
v -227.6203 38.5000 -31.1472
v -223.0264 38.5000 -27.2236
v -219.1028 38.5000 -22.6297
v -215.9462 38.5000 -17.4786
v -213.6343 38.5000 -11.8972
v -212.2240 38.5000 -6.0227
v -212.6922 32.4773 5.9486
v -212.2240 32.4773 0.0000
v -214.0851 32.4773 11.7507
v -216.3686 32.4773 17.2634
v -219.4863 32.4773 22.3511
v -223.3616 32.4773 26.8884
v -227.8989 32.4773 30.7637
v -232.9866 32.4773 33.8814
v -238.4993 32.4773 36.1649
v -244.3014 32.4773 37.5578
v -250.2500 32.4773 38.0260
v -256.1986 32.4773 37.5578
v -262.0007 32.4773 36.1649
v -267.5134 32.4773 33.8814
v -272.6011 32.4773 30.7637
v -277.1384 32.4773 26.8884
v -281.0137 32.4773 22.3511
v -284.1314 32.4773 17.2634
v -286.4149 32.4773 11.7507
v -287.8078 32.4773 5.9486
v -288.2760 32.4773 0.0000
v -287.8078 32.4773 -5.9486
v -286.4149 32.4773 -11.7507
v -284.1314 32.4773 -17.2634
v -281.0137 32.4773 -22.3511
v -277.1384 32.4773 -26.8884
v -272.6011 32.4773 -30.7637
v -267.5134 32.4773 -33.8814
v -262.0007 32.4773 -36.1649
v -256.1986 32.4773 -37.5578
v -250.2500 32.4773 -38.0260
v -244.3014 32.4773 -37.5578
v -238.4993 32.4773 -36.1649
v -232.9866 32.4773 -33.8814
v -227.8989 32.4773 -30.7637
v -223.3616 32.4773 -26.8884
v -219.4863 32.4773 -22.3511
v -216.3686 32.4773 -17.2634
v -214.0851 32.4773 -11.7507
v -212.6922 32.4773 -5.9486
v -214.0851 26.6028 5.7280
v -213.6343 26.6028 0.0000
v -215.4264 26.6028 11.3149
v -217.6252 26.6028 16.6232
v -220.6273 26.6028 21.5222
v -224.3588 26.6028 25.8912
v -228.7278 26.6028 29.6227
v -233.6268 26.6028 32.6248
v -238.9351 26.6028 34.8236
v -244.5220 26.6028 36.1649
v -250.2500 26.6028 36.6157
v -255.9780 26.6028 36.1649
v -261.5649 26.6028 34.8236
v -266.8732 26.6028 32.6248
v -271.7722 26.6028 29.6227
v -276.1412 26.6028 25.8912
v -279.8727 26.6028 21.5222
v -282.8748 26.6028 16.6232
v -285.0736 26.6028 11.3149
v -286.4149 26.6028 5.7280
v -286.8657 26.6028 0.0000
v -286.4149 26.6028 -5.7280
v -285.0736 26.6028 -11.3149
v -282.8748 26.6028 -16.6232
v -279.8727 26.6028 -21.5222
v -276.1412 26.6028 -25.8912
v -271.7722 26.6028 -29.6227
v -266.8732 26.6028 -32.6248
v -261.5649 26.6028 -34.8236
v -255.9780 26.6028 -36.1649
v -250.2500 26.6028 -36.6157
v -244.5220 26.6028 -36.1649
v -238.9351 26.6028 -34.8236
v -233.6268 26.6028 -32.6248
v -228.7278 26.6028 -29.6227
v -224.3588 26.6028 -25.8912
v -220.6273 26.6028 -21.5222
v -217.6252 26.6028 -16.6232
v -215.4264 26.6028 -11.3149
v -214.0851 26.6028 -5.7280
v -216.3686 21.0214 5.3663
v -215.9462 21.0214 0.0000
v -217.6252 21.0214 10.6004
v -219.6851 21.0214 15.5736
v -222.4977 21.0214 20.1632
v -225.9936 21.0214 24.2564
v -230.0868 21.0214 27.7523
v -234.6764 21.0214 30.5649
v -239.6496 21.0214 32.6248
v -244.8837 21.0214 33.8814
v -250.2500 21.0214 34.3038
v -255.6163 21.0214 33.8814
v -260.8504 21.0214 32.6248
v -265.8236 21.0214 30.5649
v -270.4132 21.0214 27.7523
v -274.5064 21.0214 24.2564
v -278.0023 21.0214 20.1632
v -280.8149 21.0214 15.5736
v -282.8748 21.0214 10.6004
v -284.1314 21.0214 5.3663
v -284.5538 21.0214 0.0000
v -284.1314 21.0214 -5.3663
v -282.8748 21.0214 -10.6004
v -280.8149 21.0214 -15.5736
v -278.0023 21.0214 -20.1632
v -274.5064 21.0214 -24.2564
v -270.4132 21.0214 -27.7523
v -265.8236 21.0214 -30.5649
v -260.8504 21.0214 -32.6248
v -255.6163 21.0214 -33.8814
v -250.2500 21.0214 -34.3038
v -244.8837 21.0214 -33.8814
v -239.6496 21.0214 -32.6248
v -234.6764 21.0214 -30.5649
v -230.0868 21.0214 -27.7523
v -225.9936 21.0214 -24.2564
v -222.4977 21.0214 -20.1632
v -219.6851 21.0214 -15.5736
v -217.6252 21.0214 -10.6004
v -216.3686 21.0214 -5.3663
v -219.4863 15.8703 4.8725
v -219.1028 15.8703 0.0000
v -220.6273 15.8703 9.6250
v -222.4977 15.8703 14.1405
v -225.0514 15.8703 18.3078
v -228.2256 15.8703 22.0244
v -231.9422 15.8703 25.1986
v -236.1095 15.8703 27.7523
v -240.6250 15.8703 29.6227
v -245.3775 15.8703 30.7637
v -250.2500 15.8703 31.1472
v -255.1225 15.8703 30.7637
v -259.8750 15.8703 29.6227
v -264.3905 15.8703 27.7523
v -268.5578 15.8703 25.1986
v -272.2744 15.8703 22.0244
v -275.4486 15.8703 18.3078
v -278.0023 15.8703 14.1405
v -279.8727 15.8703 9.6250
v -281.0137 15.8703 4.8725
v -281.3972 15.8703 0.0000
v -281.0137 15.8703 -4.8725
v -279.8727 15.8703 -9.6250
v -278.0023 15.8703 -14.1405
v -275.4486 15.8703 -18.3078
v -272.2744 15.8703 -22.0244
v -268.5578 15.8703 -25.1986
v -264.3905 15.8703 -27.7523
v -259.8750 15.8703 -29.6227
v -255.1225 15.8703 -30.7637
v -250.2500 15.8703 -31.1472
v -245.3775 15.8703 -30.7637
v -240.6250 15.8703 -29.6227
v -236.1095 15.8703 -27.7523
v -231.9422 15.8703 -25.1986
v -228.2256 15.8703 -22.0244
v -225.0514 15.8703 -18.3078
v -222.4977 15.8703 -14.1405
v -220.6273 15.8703 -9.6250
v -219.4863 15.8703 -4.8725
v -223.3616 11.2764 4.2587
v -223.0264 11.2764 0.0000
v -224.3588 11.2764 8.4126
v -225.9936 11.2764 12.3593
v -228.2256 11.2764 16.0016
v -231.0000 11.2764 19.2500
v -234.2484 11.2764 22.0244
v -237.8907 11.2764 24.2564
v -241.8374 11.2764 25.8912
v -245.9913 11.2764 26.8884
v -250.2500 11.2764 27.2236
v -254.5087 11.2764 26.8884
v -258.6626 11.2764 25.8912
v -262.6093 11.2764 24.2564
v -266.2516 11.2764 22.0244
v -269.5000 11.2764 19.2500
v -272.2744 11.2764 16.0016
v -274.5064 11.2764 12.3593
v -276.1412 11.2764 8.4126
v -277.1384 11.2764 4.2587
v -277.4736 11.2764 0.0000
v -277.1384 11.2764 -4.2587
v -276.1412 11.2764 -8.4126
v -274.5064 11.2764 -12.3593
v -272.2744 11.2764 -16.0016
v -269.5000 11.2764 -19.2500
v -266.2516 11.2764 -22.0244
v -262.6093 11.2764 -24.2564
v -258.6626 11.2764 -25.8912
v -254.5087 11.2764 -26.8884
v -250.2500 11.2764 -27.2236
v -245.9913 11.2764 -26.8884
v -241.8374 11.2764 -25.8912
v -237.8907 11.2764 -24.2564
v -234.2484 11.2764 -22.0244
v -231.0000 11.2764 -19.2500
v -228.2256 11.2764 -16.0016
v -225.9936 11.2764 -12.3593
v -224.3588 11.2764 -8.4126
v -223.3616 11.2764 -4.2587
v -227.8989 7.3528 3.5401
v -227.6203 7.3528 0.0000
v -228.7278 7.3528 6.9930
v -230.0868 7.3528 10.2737
v -231.9422 7.3528 13.3014
v -234.2484 7.3528 16.0016
v -236.9486 7.3528 18.3078
v -239.9763 7.3528 20.1632
v -243.2570 7.3528 21.5222
v -246.7099 7.3528 22.3511
v -250.2500 7.3528 22.6297
v -253.7901 7.3528 22.3511
v -257.2430 7.3528 21.5222
v -260.5237 7.3528 20.1632
v -263.5514 7.3528 18.3078
v -266.2516 7.3528 16.0016
v -268.5578 7.3528 13.3014
v -270.4132 7.3528 10.2737
v -271.7722 7.3528 6.9930
v -272.6011 7.3528 3.5401
v -272.8797 7.3528 0.0000
v -272.6011 7.3528 -3.5401
v -271.7722 7.3528 -6.9930
v -270.4132 7.3528 -10.2737
v -268.5578 7.3528 -13.3014
v -266.2516 7.3528 -16.0016
v -263.5514 7.3528 -18.3078
v -260.5237 7.3528 -20.1632
v -257.2430 7.3528 -21.5222
v -253.7901 7.3528 -22.3511
v -250.2500 7.3528 -22.6297
v -246.7099 7.3528 -22.3511
v -243.2570 7.3528 -21.5222
v -239.9763 7.3528 -20.1632
v -236.9486 7.3528 -18.3078
v -234.2484 7.3528 -16.0016
v -231.9422 7.3528 -13.3014
v -230.0868 7.3528 -10.2737
v -228.7278 7.3528 -6.9930
v -227.8989 7.3528 -3.5401
v -232.9866 4.1962 2.7343
v -232.7714 4.1962 0.0000
v -233.6268 4.1962 5.4012
v -234.6764 4.1962 7.9351
v -236.1095 4.1962 10.2737
v -237.8907 4.1962 12.3593
v -239.9763 4.1962 14.1405
v -242.3149 4.1962 15.5736
v -244.8488 4.1962 16.6232
v -247.5157 4.1962 17.2634
v -250.2500 4.1962 17.4786
v -252.9843 4.1962 17.2634
v -255.6512 4.1962 16.6232
v -258.1851 4.1962 15.5736
v -260.5237 4.1962 14.1405
v -262.6093 4.1962 12.3593
v -264.3905 4.1962 10.2737
v -265.8236 4.1962 7.9351
v -266.8732 4.1962 5.4012
v -267.5134 4.1962 2.7343
v -267.7286 4.1962 0.0000
v -267.5134 4.1962 -2.7343
v -266.8732 4.1962 -5.4012
v -265.8236 4.1962 -7.9351
v -264.3905 4.1962 -10.2737
v -262.6093 4.1962 -12.3593
v -260.5237 4.1962 -14.1405
v -258.1851 4.1962 -15.5736
v -255.6512 4.1962 -16.6232
v -252.9843 4.1962 -17.2634
v -250.2500 4.1962 -17.4786
v -247.5157 4.1962 -17.2634
v -244.8488 4.1962 -16.6232
v -242.3149 4.1962 -15.5736
v -239.9763 4.1962 -14.1405
v -237.8907 4.1962 -12.3593
v -236.1095 4.1962 -10.2737
v -234.6764 4.1962 -7.9351
v -233.6268 4.1962 -5.4012
v -232.9866 4.1962 -2.7343
v -238.4993 1.8843 1.8611
v -238.3528 1.8843 0.0000
v -238.9351 1.8843 3.6764
v -239.6496 1.8843 5.4012
v -240.6250 1.8843 6.9930
v -241.8374 1.8843 8.4126
v -243.2570 1.8843 9.6250
v -244.8488 1.8843 10.6004
v -246.5736 1.8843 11.3149
v -248.3889 1.8843 11.7507
v -250.2500 1.8843 11.8972
v -252.1111 1.8843 11.7507
v -253.9264 1.8843 11.3149
v -255.6512 1.8843 10.6004
v -257.2430 1.8843 9.6250
v -258.6626 1.8843 8.4126
v -259.8750 1.8843 6.9930
v -260.8504 1.8843 5.4012
v -261.5649 1.8843 3.6764
v -262.0007 1.8843 1.8611
v -262.1472 1.8843 0.0000
v -262.0007 1.8843 -1.8611
v -261.5649 1.8843 -3.6764
v -260.8504 1.8843 -5.4012
v -259.8750 1.8843 -6.9930
v -258.6626 1.8843 -8.4126
v -257.2430 1.8843 -9.6250
v -255.6512 1.8843 -10.6004
v -253.9264 1.8843 -11.3149
v -252.1111 1.8843 -11.7507
v -250.2500 1.8843 -11.8972
v -248.3889 1.8843 -11.7507
v -246.5736 1.8843 -11.3149
v -244.8488 1.8843 -10.6004
v -243.2570 1.8843 -9.6250
v -241.8374 1.8843 -8.4126
v -240.6250 1.8843 -6.9930
v -239.6496 1.8843 -5.4012
v -238.9351 1.8843 -3.6764
v -238.4993 1.8843 -1.8611
v -244.3014 0.4740 0.9422
v -244.2273 0.4740 0.0000
v -244.5220 0.4740 1.8611
v -244.8837 0.4740 2.7343
v -245.3775 0.4740 3.5401
v -245.9913 0.4740 4.2587
v -246.7099 0.4740 4.8725
v -247.5157 0.4740 5.3663
v -248.3889 0.4740 5.7280
v -249.3078 0.4740 5.9486
v -250.2500 0.4740 6.0227
v -251.1922 0.4740 5.9486
v -252.1111 0.4740 5.7280
v -252.9843 0.4740 5.3663
v -253.7901 0.4740 4.8725
v -254.5087 0.4740 4.2587
v -255.1225 0.4740 3.5401
v -255.6163 0.4740 2.7343
v -255.9780 0.4740 1.8611
v -256.1986 0.4740 0.9422
v -256.2727 0.4740 0.0000
v -256.1986 0.4740 -0.9422
v -255.9780 0.4740 -1.8611
v -255.6163 0.4740 -2.7343
v -255.1225 0.4740 -3.5401
v -254.5087 0.4740 -4.2587
v -253.7901 0.4740 -4.8725
v -252.9843 0.4740 -5.3663
v -252.1111 0.4740 -5.7280
v -251.1922 0.4740 -5.9486
v -250.2500 0.4740 -6.0227
v -249.3078 0.4740 -5.9486
v -248.3889 0.4740 -5.7280
v -247.5157 0.4740 -5.3663
v -246.7099 0.4740 -4.8725
v -245.9913 0.4740 -4.2587
v -245.3775 0.4740 -3.5401
v -244.8837 0.4740 -2.7343
v -244.5220 0.4740 -1.8611
v -244.3014 0.4740 -0.9422
v -250.2500 0.0000 0.0000
v -150.1500 77.0000 0.0000
v -144.2014 76.5260 0.9422
v -144.1273 76.5260 0.0000
v -144.4220 76.5260 1.8611
v -144.7837 76.5260 2.7343
v -145.2775 76.5260 3.5401
v -145.8913 76.5260 4.2587
v -146.6099 76.5260 4.8725
v -147.4157 76.5260 5.3663
v -148.2889 76.5260 5.7280
v -149.2078 76.5260 5.9486
v -150.1500 76.5260 6.0227
v -151.0922 76.5260 5.9486
v -152.0111 76.5260 5.7280
v -152.8843 76.5260 5.3663
v -153.6901 76.5260 4.8725
v -154.4087 76.5260 4.2587
v -155.0225 76.5260 3.5401
v -155.5163 76.5260 2.7343
v -155.8780 76.5260 1.8611
v -156.0986 76.5260 0.9422
v -156.1727 76.5260 0.0000
v -156.0986 76.5260 -0.9422
v -155.8780 76.5260 -1.8611
v -155.5163 76.5260 -2.7343
v -155.0225 76.5260 -3.5401
v -154.4087 76.5260 -4.2587
v -153.6901 76.5260 -4.8725
v -152.8843 76.5260 -5.3663
v -152.0111 76.5260 -5.7280
v -151.0922 76.5260 -5.9486
v -150.1500 76.5260 -6.0227
v -149.2078 76.5260 -5.9486
v -148.2889 76.5260 -5.7280
v -147.4157 76.5260 -5.3663
v -146.6099 76.5260 -4.8725
v -145.8913 76.5260 -4.2587
v -145.2775 76.5260 -3.5401
v -144.7837 76.5260 -2.7343
v -144.4220 76.5260 -1.8611
v -144.2014 76.5260 -0.9422
v -138.3993 75.1157 1.8611
v -138.2528 75.1157 0.0000
v -138.8351 75.1157 3.6764
v -139.5496 75.1157 5.4012
v -140.5250 75.1157 6.9930
v -141.7374 75.1157 8.4126
v -143.1570 75.1157 9.6250
v -144.7488 75.1157 10.6004
v -146.4736 75.1157 11.3149
v -148.2889 75.1157 11.7507
v -150.1500 75.1157 11.8972
v -152.0111 75.1157 11.7507
v -153.8264 75.1157 11.3149
v -155.5512 75.1157 10.6004
v -157.1430 75.1157 9.6250
v -158.5626 75.1157 8.4126
v -159.7750 75.1157 6.9930
v -160.7504 75.1157 5.4012
v -161.4649 75.1157 3.6764
v -161.9007 75.1157 1.8611
v -162.0472 75.1157 0.0000
v -161.9007 75.1157 -1.8611
v -161.4649 75.1157 -3.6764
v -160.7504 75.1157 -5.4012
v -159.7750 75.1157 -6.9930
v -158.5626 75.1157 -8.4126
v -157.1430 75.1157 -9.6250
v -155.5512 75.1157 -10.6004
v -153.8264 75.1157 -11.3149
v -152.0111 75.1157 -11.7507
v -150.1500 75.1157 -11.8972
v -148.2889 75.1157 -11.7507
v -146.4736 75.1157 -11.3149
v -144.7488 75.1157 -10.6004
v -143.1570 75.1157 -9.6250
v -141.7374 75.1157 -8.4126
v -140.5250 75.1157 -6.9930
v -139.5496 75.1157 -5.4012
v -138.8351 75.1157 -3.6764
v -138.3993 75.1157 -1.8611
v -132.8866 72.8038 2.7343
v -132.6714 72.8038 0.0000
v -133.5268 72.8038 5.4012
v -134.5764 72.8038 7.9351
v -136.0095 72.8038 10.2737
v -137.7907 72.8038 12.3593
v -139.8763 72.8038 14.1405
v -142.2149 72.8038 15.5736
v -144.7488 72.8038 16.6232
v -147.4157 72.8038 17.2634
v -150.1500 72.8038 17.4786
v -152.8843 72.8038 17.2634
v -155.5512 72.8038 16.6232
v -158.0851 72.8038 15.5736
v -160.4237 72.8038 14.1405
v -162.5093 72.8038 12.3593
v -164.2905 72.8038 10.2737
v -165.7236 72.8038 7.9351
v -166.7732 72.8038 5.4012
v -167.4134 72.8038 2.7343
v -167.6286 72.8038 0.0000
v -167.4134 72.8038 -2.7343
v -166.7732 72.8038 -5.4012
v -165.7236 72.8038 -7.9351
v -164.2905 72.8038 -10.2737
v -162.5093 72.8038 -12.3593
v -160.4237 72.8038 -14.1405
v -158.0851 72.8038 -15.5736
v -155.5512 72.8038 -16.6232
v -152.8843 72.8038 -17.2634
v -150.1500 72.8038 -17.4786
v -147.4157 72.8038 -17.2634
v -144.7488 72.8038 -16.6232
v -142.2149 72.8038 -15.5736
v -139.8763 72.8038 -14.1405
v -137.7907 72.8038 -12.3593
v -136.0095 72.8038 -10.2737
v -134.5764 72.8038 -7.9351
v -133.5268 72.8038 -5.4012
v -132.8866 72.8038 -2.7343
v -127.7989 69.6472 3.5401
v -127.5203 69.6472 0.0000
v -128.6278 69.6472 6.9930
v -129.9868 69.6472 10.2737
v -131.8422 69.6472 13.3014
v -134.1484 69.6472 16.0016
v -136.8486 69.6472 18.3078
v -139.8763 69.6472 20.1632
v -143.1570 69.6472 21.5222
v -146.6099 69.6472 22.3511
v -150.1500 69.6472 22.6297
v -153.6901 69.6472 22.3511
v -157.1430 69.6472 21.5222
v -160.4237 69.6472 20.1632
v -163.4514 69.6472 18.3078
v -166.1516 69.6472 16.0016
v -168.4578 69.6472 13.3014
v -170.3132 69.6472 10.2737
v -171.6722 69.6472 6.9930
v -172.5011 69.6472 3.5401
v -172.7797 69.6472 0.0000
v -172.5011 69.6472 -3.5401
v -171.6722 69.6472 -6.9930
v -170.3132 69.6472 -10.2737
v -168.4578 69.6472 -13.3014
v -166.1516 69.6472 -16.0016
v -163.4514 69.6472 -18.3078
v -160.4237 69.6472 -20.1632
v -157.1430 69.6472 -21.5222
v -153.6901 69.6472 -22.3511
v -150.1500 69.6472 -22.6297
v -146.6099 69.6472 -22.3511
v -143.1570 69.6472 -21.5222
v -139.8763 69.6472 -20.1632
v -136.8486 69.6472 -18.3078
v -134.1484 69.6472 -16.0016
v -131.8422 69.6472 -13.3014
v -129.9868 69.6472 -10.2737
v -128.6278 69.6472 -6.9930
v -127.7989 69.6472 -3.5401
v -123.2616 65.7236 4.2587
v -122.9264 65.7236 0.0000
v -124.2588 65.7236 8.4126
v -125.8936 65.7236 12.3593
v -128.1256 65.7236 16.0016
v -130.9000 65.7236 19.2500
v -134.1484 65.7236 22.0244
v -137.7907 65.7236 24.2564
v -141.7374 65.7236 25.8912
v -145.8913 65.7236 26.8884
v -150.1500 65.7236 27.2236
v -154.4087 65.7236 26.8884
v -158.5626 65.7236 25.8912
v -162.5093 65.7236 24.2564
v -166.1516 65.7236 22.0244
v -169.4000 65.7236 19.2500
v -172.1744 65.7236 16.0016
v -174.4064 65.7236 12.3593
v -176.0412 65.7236 8.4126
v -177.0384 65.7236 4.2587
v -177.3736 65.7236 0.0000
v -177.0384 65.7236 -4.2587
v -176.0412 65.7236 -8.4126
v -174.4064 65.7236 -12.3593
v -172.1744 65.7236 -16.0016
v -169.4000 65.7236 -19.2500
v -166.1516 65.7236 -22.0244
v -162.5093 65.7236 -24.2564
v -158.5626 65.7236 -25.8912
v -154.4087 65.7236 -26.8884
v -150.1500 65.7236 -27.2236
v -145.8913 65.7236 -26.8884
v -141.7374 65.7236 -25.8912
v -137.7907 65.7236 -24.2564
v -134.1484 65.7236 -22.0244
v -130.9000 65.7236 -19.2500
v -128.1256 65.7236 -16.0016
v -125.8936 65.7236 -12.3593
v -124.2588 65.7236 -8.4126
v -123.2616 65.7236 -4.2587
v -119.3863 61.1297 4.8725
v -119.0028 61.1297 0.0000
v -120.5273 61.1297 9.6250
v -122.3977 61.1297 14.1405
v -124.9514 61.1297 18.3078
v -128.1256 61.1297 22.0244
v -131.8422 61.1297 25.1986
v -136.0095 61.1297 27.7523
v -140.5250 61.1297 29.6227
v -145.2775 61.1297 30.7637
v -150.1500 61.1297 31.1472
v -155.0225 61.1297 30.7637
v -159.7750 61.1297 29.6227
v -164.2905 61.1297 27.7523
v -168.4578 61.1297 25.1986
v -172.1744 61.1297 22.0244
v -175.3486 61.1297 18.3078
v -177.9023 61.1297 14.1405
v -179.7727 61.1297 9.6250
v -180.9137 61.1297 4.8725
v -181.2972 61.1297 0.0000
v -180.9137 61.1297 -4.8725
v -179.7727 61.1297 -9.6250
v -177.9023 61.1297 -14.1405
v -175.3486 61.1297 -18.3078
v -172.1744 61.1297 -22.0244
v -168.4578 61.1297 -25.1986
v -164.2905 61.1297 -27.7523
v -159.7750 61.1297 -29.6227
v -155.0225 61.1297 -30.7637
v -150.1500 61.1297 -31.1472
v -145.2775 61.1297 -30.7637
v -140.5250 61.1297 -29.6227
v -136.0095 61.1297 -27.7523
v -131.8422 61.1297 -25.1986
v -128.1256 61.1297 -22.0244
v -124.9514 61.1297 -18.3078
v -122.3977 61.1297 -14.1405
v -120.5273 61.1297 -9.6250
v -119.3863 61.1297 -4.8725
v -116.2686 55.9786 5.3663
v -115.8462 55.9786 0.0000
v -117.5252 55.9786 10.6004
v -119.5851 55.9786 15.5736
v -122.3977 55.9786 20.1632
v -125.8936 55.9786 24.2564
v -129.9868 55.9786 27.7523
v -134.5764 55.9786 30.5649
v -139.5496 55.9786 32.6248
v -144.7837 55.9786 33.8814
v -150.1500 55.9786 34.3038
v -155.5163 55.9786 33.8814
v -160.7504 55.9786 32.6248
v -165.7236 55.9786 30.5649
v -170.3132 55.9786 27.7523
v -174.4064 55.9786 24.2564
v -177.9023 55.9786 20.1632
v -180.7149 55.9786 15.5736
v -182.7748 55.9786 10.6004
v -184.0314 55.9786 5.3663
v -184.4538 55.9786 0.0000
v -184.0314 55.9786 -5.3663
v -182.7748 55.9786 -10.6004
v -180.7149 55.9786 -15.5736
v -177.9023 55.9786 -20.1632
v -174.4064 55.9786 -24.2564
v -170.3132 55.9786 -27.7523
v -165.7236 55.9786 -30.5649
v -160.7504 55.9786 -32.6248
v -155.5163 55.9786 -33.8814
v -150.1500 55.9786 -34.3038
v -144.7837 55.9786 -33.8814
v -139.5496 55.9786 -32.6248
v -134.5764 55.9786 -30.5649
v -129.9868 55.9786 -27.7523
v -125.8936 55.9786 -24.2564
v -122.3977 55.9786 -20.1632
v -119.5851 55.9786 -15.5736
v -117.5252 55.9786 -10.6004
v -116.2686 55.9786 -5.3663
v -113.9851 50.3972 5.7280
v -113.5343 50.3972 0.0000
v -115.3264 50.3972 11.3149
v -117.5252 50.3972 16.6232
v -120.5273 50.3972 21.5222
v -124.2588 50.3972 25.8912
v -128.6278 50.3972 29.6227
v -133.5268 50.3972 32.6248
v -138.8351 50.3972 34.8236
v -144.4220 50.3972 36.1649
v -150.1500 50.3972 36.6157
v -155.8780 50.3972 36.1649
v -161.4649 50.3972 34.8236
v -166.7732 50.3972 32.6248
v -171.6722 50.3972 29.6227
v -176.0412 50.3972 25.8912
v -179.7727 50.3972 21.5222
v -182.7748 50.3972 16.6232
v -184.9736 50.3972 11.3149
v -186.3149 50.3972 5.7280
v -186.7657 50.3972 0.0000
v -186.3149 50.3972 -5.7280
v -184.9736 50.3972 -11.3149
v -182.7748 50.3972 -16.6232
v -179.7727 50.3972 -21.5222
v -176.0412 50.3972 -25.8912
v -171.6722 50.3972 -29.6227
v -166.7732 50.3972 -32.6248
v -161.4649 50.3972 -34.8236
v -155.8780 50.3972 -36.1649
v -150.1500 50.3972 -36.6157
v -144.4220 50.3972 -36.1649
v -138.8351 50.3972 -34.8236
v -133.5268 50.3972 -32.6248
v -128.6278 50.3972 -29.6227
v -124.2588 50.3972 -25.8912
v -120.5273 50.3972 -21.5222
v -117.5252 50.3972 -16.6232
v -115.3264 50.3972 -11.3149
v -113.9851 50.3972 -5.7280
v -112.5922 44.5227 5.9486
v -112.1240 44.5227 0.0000
v -113.9851 44.5227 11.7507
v -116.2686 44.5227 17.2634
v -119.3863 44.5227 22.3511
v -123.2616 44.5227 26.8884
v -127.7989 44.5227 30.7637
v -132.8866 44.5227 33.8814
v -138.3993 44.5227 36.1649
v -144.2014 44.5227 37.5578
v -150.1500 44.5227 38.0260
v -156.0986 44.5227 37.5578
v -161.9007 44.5227 36.1649
v -167.4134 44.5227 33.8814
v -172.5011 44.5227 30.7637
v -177.0384 44.5227 26.8884
v -180.9137 44.5227 22.3511
v -184.0314 44.5227 17.2634
v -186.3149 44.5227 11.7507
v -187.7078 44.5227 5.9486
v -188.1760 44.5227 0.0000
v -187.7078 44.5227 -5.9486
v -186.3149 44.5227 -11.7507
v -184.0314 44.5227 -17.2634
v -180.9137 44.5227 -22.3511
v -177.0384 44.5227 -26.8884
v -172.5011 44.5227 -30.7637
v -167.4134 44.5227 -33.8814
v -161.9007 44.5227 -36.1649
v -156.0986 44.5227 -37.5578
v -150.1500 44.5227 -38.0260
v -144.2014 44.5227 -37.5578
v -138.3993 44.5227 -36.1649
v -132.8866 44.5227 -33.8814
v -127.7989 44.5227 -30.7637
v -123.2616 44.5227 -26.8884
v -119.3863 44.5227 -22.3511
v -116.2686 44.5227 -17.2634
v -113.9851 44.5227 -11.7507
v -112.5922 44.5227 -5.9486
v -112.1240 38.5000 6.0227
v -111.6500 38.5000 0.0000
v -113.5343 38.5000 11.8972
v -115.8462 38.5000 17.4786
v -119.0028 38.5000 22.6297
v -122.9264 38.5000 27.2236
v -127.5203 38.5000 31.1472
v -132.6714 38.5000 34.3038
v -138.2528 38.5000 36.6157
v -144.1273 38.5000 38.0260
v -150.1500 38.5000 38.5000
v -156.1727 38.5000 38.0260
v -162.0472 38.5000 36.6157
v -167.6286 38.5000 34.3038
v -172.7797 38.5000 31.1472
v -177.3736 38.5000 27.2236
v -181.2972 38.5000 22.6297
v -184.4538 38.5000 17.4786
v -186.7657 38.5000 11.8972
v -188.1760 38.5000 6.0227
v -188.6500 38.5000 0.0000
v -188.1760 38.5000 -6.0227
v -186.7657 38.5000 -11.8972
v -184.4538 38.5000 -17.4786
v -181.2972 38.5000 -22.6297
v -177.3736 38.5000 -27.2236
v -172.7797 38.5000 -31.1472
v -167.6286 38.5000 -34.3038
v -162.0472 38.5000 -36.6157
v -156.1727 38.5000 -38.0260
v -150.1500 38.5000 -38.5000
v -144.1273 38.5000 -38.0260
v -138.2528 38.5000 -36.6157
v -132.6714 38.5000 -34.3038
v -127.5203 38.5000 -31.1472
v -122.9264 38.5000 -27.2236
v -119.0028 38.5000 -22.6297
v -115.8462 38.5000 -17.4786
v -113.5343 38.5000 -11.8972
v -112.1240 38.5000 -6.0227
v -112.5922 32.4773 5.9486
v -112.1240 32.4773 0.0000
v -113.9851 32.4773 11.7507
v -116.2686 32.4773 17.2634
v -119.3863 32.4773 22.3511
v -123.2616 32.4773 26.8884
v -127.7989 32.4773 30.7637
v -132.8866 32.4773 33.8814
v -138.3993 32.4773 36.1649
v -144.2014 32.4773 37.5578
v -150.1500 32.4773 38.0260
v -156.0986 32.4773 37.5578
v -161.9007 32.4773 36.1649
v -167.4134 32.4773 33.8814
v -172.5011 32.4773 30.7637
v -177.0384 32.4773 26.8884
v -180.9137 32.4773 22.3511
v -184.0314 32.4773 17.2634
v -186.3149 32.4773 11.7507
v -187.7078 32.4773 5.9486
v -188.1760 32.4773 0.0000
v -187.7078 32.4773 -5.9486
v -186.3149 32.4773 -11.7507
v -184.0314 32.4773 -17.2634
v -180.9137 32.4773 -22.3511
v -177.0384 32.4773 -26.8884
v -172.5011 32.4773 -30.7637
v -167.4134 32.4773 -33.8814
v -161.9007 32.4773 -36.1649
v -156.0986 32.4773 -37.5578
v -150.1500 32.4773 -38.0260
v -144.2014 32.4773 -37.5578
v -138.3993 32.4773 -36.1649
v -132.8866 32.4773 -33.8814
v -127.7989 32.4773 -30.7637
v -123.2616 32.4773 -26.8884
v -119.3863 32.4773 -22.3511
v -116.2686 32.4773 -17.2634
v -113.9851 32.4773 -11.7507
v -112.5922 32.4773 -5.9486
v -113.9851 26.6028 5.7280
v -113.5343 26.6028 0.0000
v -115.3264 26.6028 11.3149
v -117.5252 26.6028 16.6232
v -120.5273 26.6028 21.5222
v -124.2588 26.6028 25.8912
v -128.6278 26.6028 29.6227
v -133.5268 26.6028 32.6248
v -138.8351 26.6028 34.8236
v -144.4220 26.6028 36.1649
v -150.1500 26.6028 36.6157
v -155.8780 26.6028 36.1649
v -161.4649 26.6028 34.8236
v -166.7732 26.6028 32.6248
v -171.6722 26.6028 29.6227
v -176.0412 26.6028 25.8912
v -179.7727 26.6028 21.5222
v -182.7748 26.6028 16.6232
v -184.9736 26.6028 11.3149
v -186.3149 26.6028 5.7280
v -186.7657 26.6028 0.0000
v -186.3149 26.6028 -5.7280
v -184.9736 26.6028 -11.3149
v -182.7748 26.6028 -16.6232
v -179.7727 26.6028 -21.5222
v -176.0412 26.6028 -25.8912
v -171.6722 26.6028 -29.6227
v -166.7732 26.6028 -32.6248
v -161.4649 26.6028 -34.8236
v -155.8780 26.6028 -36.1649
v -150.1500 26.6028 -36.6157
v -144.4220 26.6028 -36.1649
v -138.8351 26.6028 -34.8236
v -133.5268 26.6028 -32.6248
v -128.6278 26.6028 -29.6227
v -124.2588 26.6028 -25.8912
v -120.5273 26.6028 -21.5222
v -117.5252 26.6028 -16.6232
v -115.3264 26.6028 -11.3149
v -113.9851 26.6028 -5.7280
v -116.2686 21.0214 5.3663
v -115.8462 21.0214 0.0000
v -117.5252 21.0214 10.6004
v -119.5851 21.0214 15.5736
v -122.3977 21.0214 20.1632
v -125.8936 21.0214 24.2564
v -129.9868 21.0214 27.7523
v -134.5764 21.0214 30.5649
v -139.5496 21.0214 32.6248
v -144.7837 21.0214 33.8814
v -150.1500 21.0214 34.3038
v -155.5163 21.0214 33.8814
v -160.7504 21.0214 32.6248
v -165.7236 21.0214 30.5649
v -170.3132 21.0214 27.7523
v -174.4064 21.0214 24.2564
v -177.9023 21.0214 20.1632
v -180.7149 21.0214 15.5736
v -182.7748 21.0214 10.6004
v -184.0314 21.0214 5.3663
v -184.4538 21.0214 0.0000
v -184.0314 21.0214 -5.3663
v -182.7748 21.0214 -10.6004
v -180.7149 21.0214 -15.5736
v -177.9023 21.0214 -20.1632
v -174.4064 21.0214 -24.2564
v -170.3132 21.0214 -27.7523
v -165.7236 21.0214 -30.5649
v -160.7504 21.0214 -32.6248
v -155.5163 21.0214 -33.8814
v -150.1500 21.0214 -34.3038
v -144.7837 21.0214 -33.8814
v -139.5496 21.0214 -32.6248
v -134.5764 21.0214 -30.5649
v -129.9868 21.0214 -27.7523
v -125.8936 21.0214 -24.2564
v -122.3977 21.0214 -20.1632
v -119.5851 21.0214 -15.5736
v -117.5252 21.0214 -10.6004
v -116.2686 21.0214 -5.3663
v -119.3863 15.8703 4.8725
v -119.0028 15.8703 0.0000
v -120.5273 15.8703 9.6250
v -122.3977 15.8703 14.1405
v -124.9514 15.8703 18.3078
v -128.1256 15.8703 22.0244
v -131.8422 15.8703 25.1986
v -136.0095 15.8703 27.7523
v -140.5250 15.8703 29.6227
v -145.2775 15.8703 30.7637
v -150.1500 15.8703 31.1472
v -155.0225 15.8703 30.7637
v -159.7750 15.8703 29.6227
v -164.2905 15.8703 27.7523
v -168.4578 15.8703 25.1986
v -172.1744 15.8703 22.0244
v -175.3486 15.8703 18.3078
v -177.9023 15.8703 14.1405
v -179.7727 15.8703 9.6250
v -180.9137 15.8703 4.8725
v -181.2972 15.8703 0.0000
v -180.9137 15.8703 -4.8725
v -179.7727 15.8703 -9.6250
v -177.9023 15.8703 -14.1405
v -175.3486 15.8703 -18.3078
v -172.1744 15.8703 -22.0244
v -168.4578 15.8703 -25.1986
v -164.2905 15.8703 -27.7523
v -159.7750 15.8703 -29.6227
v -155.0225 15.8703 -30.7637
v -150.1500 15.8703 -31.1472
v -145.2775 15.8703 -30.7637
v -140.5250 15.8703 -29.6227
v -136.0095 15.8703 -27.7523
v -131.8422 15.8703 -25.1986
v -128.1256 15.8703 -22.0244
v -124.9514 15.8703 -18.3078
v -122.3977 15.8703 -14.1405
v -120.5273 15.8703 -9.6250
v -119.3863 15.8703 -4.8725
v -123.2616 11.2764 4.2587
v -122.9264 11.2764 0.0000
v -124.2588 11.2764 8.4126
v -125.8936 11.2764 12.3593
v -128.1256 11.2764 16.0016
v -130.9000 11.2764 19.2500
v -134.1484 11.2764 22.0244
v -137.7907 11.2764 24.2564
v -141.7374 11.2764 25.8912
v -145.8913 11.2764 26.8884
v -150.1500 11.2764 27.2236
v -154.4087 11.2764 26.8884
v -158.5626 11.2764 25.8912
v -162.5093 11.2764 24.2564
v -166.1516 11.2764 22.0244
v -169.4000 11.2764 19.2500
v -172.1744 11.2764 16.0016
v -174.4064 11.2764 12.3593
v -176.0412 11.2764 8.4126
v -177.0384 11.2764 4.2587
v -177.3736 11.2764 0.0000
v -177.0384 11.2764 -4.2587
v -176.0412 11.2764 -8.4126
v -174.4064 11.2764 -12.3593
v -172.1744 11.2764 -16.0016
v -169.4000 11.2764 -19.2500
v -166.1516 11.2764 -22.0244
v -162.5093 11.2764 -24.2564
v -158.5626 11.2764 -25.8912
v -154.4087 11.2764 -26.8884
v -150.1500 11.2764 -27.2236
v -145.8913 11.2764 -26.8884
v -141.7374 11.2764 -25.8912
v -137.7907 11.2764 -24.2564
v -134.1484 11.2764 -22.0244
v -130.9000 11.2764 -19.2500
v -128.1256 11.2764 -16.0016
v -125.8936 11.2764 -12.3593
v -124.2588 11.2764 -8.4126
v -123.2616 11.2764 -4.2587
v -127.7989 7.3528 3.5401
v -127.5203 7.3528 0.0000
v -128.6278 7.3528 6.9930
v -129.9868 7.3528 10.2737
v -131.8422 7.3528 13.3014
v -134.1484 7.3528 16.0016
v -136.8486 7.3528 18.3078
v -139.8763 7.3528 20.1632
v -143.1570 7.3528 21.5222
v -146.6099 7.3528 22.3511
v -150.1500 7.3528 22.6297
v -153.6901 7.3528 22.3511
v -157.1430 7.3528 21.5222
v -160.4237 7.3528 20.1632
v -163.4514 7.3528 18.3078
v -166.1516 7.3528 16.0016
v -168.4578 7.3528 13.3014
v -170.3132 7.3528 10.2737
v -171.6722 7.3528 6.9930
v -172.5011 7.3528 3.5401
v -172.7797 7.3528 0.0000
v -172.5011 7.3528 -3.5401
v -171.6722 7.3528 -6.9930
v -170.3132 7.3528 -10.2737
v -168.4578 7.3528 -13.3014
v -166.1516 7.3528 -16.0016
v -163.4514 7.3528 -18.3078
v -160.4237 7.3528 -20.1632
v -157.1430 7.3528 -21.5222
v -153.6901 7.3528 -22.3511
v -150.1500 7.3528 -22.6297
v -146.6099 7.3528 -22.3511
v -143.1570 7.3528 -21.5222
v -139.8763 7.3528 -20.1632
v -136.8486 7.3528 -18.3078
v -134.1484 7.3528 -16.0016
v -131.8422 7.3528 -13.3014
v -129.9868 7.3528 -10.2737
v -128.6278 7.3528 -6.9930
v -127.7989 7.3528 -3.5401
v -132.8866 4.1962 2.7343
v -132.6714 4.1962 0.0000
v -133.5268 4.1962 5.4012
v -134.5764 4.1962 7.9351
v -136.0095 4.1962 10.2737
v -137.7907 4.1962 12.3593
v -139.8763 4.1962 14.1405
v -142.2149 4.1962 15.5736
v -144.7488 4.1962 16.6232
v -147.4157 4.1962 17.2634
v -150.1500 4.1962 17.4786
v -152.8843 4.1962 17.2634
v -155.5512 4.1962 16.6232
v -158.0851 4.1962 15.5736
v -160.4237 4.1962 14.1405
v -162.5093 4.1962 12.3593
v -164.2905 4.1962 10.2737
v -165.7236 4.1962 7.9351
v -166.7732 4.1962 5.4012
v -167.4134 4.1962 2.7343
v -167.6286 4.1962 0.0000
v -167.4134 4.1962 -2.7343
v -166.7732 4.1962 -5.4012
v -165.7236 4.1962 -7.9351
v -164.2905 4.1962 -10.2737
v -162.5093 4.1962 -12.3593
v -160.4237 4.1962 -14.1405
v -158.0851 4.1962 -15.5736
v -155.5512 4.1962 -16.6232
v -152.8843 4.1962 -17.2634
v -150.1500 4.1962 -17.4786
v -147.4157 4.1962 -17.2634
v -144.7488 4.1962 -16.6232
v -142.2149 4.1962 -15.5736
v -139.8763 4.1962 -14.1405
v -137.7907 4.1962 -12.3593
v -136.0095 4.1962 -10.2737
v -134.5764 4.1962 -7.9351
v -133.5268 4.1962 -5.4012
v -132.8866 4.1962 -2.7343
v -138.3993 1.8843 1.8611
v -138.2528 1.8843 0.0000
v -138.8351 1.8843 3.6764
v -139.5496 1.8843 5.4012
v -140.5250 1.8843 6.9930
v -141.7374 1.8843 8.4126
v -143.1570 1.8843 9.6250
v -144.7488 1.8843 10.6004
v -146.4736 1.8843 11.3149
v -148.2889 1.8843 11.7507
v -150.1500 1.8843 11.8972
v -152.0111 1.8843 11.7507
v -153.8264 1.8843 11.3149
v -155.5512 1.8843 10.6004
v -157.1430 1.8843 9.6250
v -158.5626 1.8843 8.4126
v -159.7750 1.8843 6.9930
v -160.7504 1.8843 5.4012
v -161.4649 1.8843 3.6764
v -161.9007 1.8843 1.8611
v -162.0472 1.8843 0.0000
v -161.9007 1.8843 -1.8611
v -161.4649 1.8843 -3.6764
v -160.7504 1.8843 -5.4012
v -159.7750 1.8843 -6.9930
v -158.5626 1.8843 -8.4126
v -157.1430 1.8843 -9.6250
v -155.5512 1.8843 -10.6004
v -153.8264 1.8843 -11.3149
v -152.0111 1.8843 -11.7507
v -150.1500 1.8843 -11.8972
v -148.2889 1.8843 -11.7507
v -146.4736 1.8843 -11.3149
v -144.7488 1.8843 -10.6004
v -143.1570 1.8843 -9.6250
v -141.7374 1.8843 -8.4126
v -140.5250 1.8843 -6.9930
v -139.5496 1.8843 -5.4012
v -138.8351 1.8843 -3.6764
v -138.3993 1.8843 -1.8611
v -144.2014 0.4740 0.9422
v -144.1273 0.4740 0.0000
v -144.4220 0.4740 1.8611
v -144.7837 0.4740 2.7343
v -145.2775 0.4740 3.5401
v -145.8913 0.4740 4.2587
v -146.6099 0.4740 4.8725
v -147.4157 0.4740 5.3663
v -148.2889 0.4740 5.7280
v -149.2078 0.4740 5.9486
v -150.1500 0.4740 6.0227
v -151.0922 0.4740 5.9486
v -152.0111 0.4740 5.7280
v -152.8843 0.4740 5.3663
v -153.6901 0.4740 4.8725
v -154.4087 0.4740 4.2587
v -155.0225 0.4740 3.5401
v -155.5163 0.4740 2.7343
v -155.8780 0.4740 1.8611
v -156.0986 0.4740 0.9422
v -156.1727 0.4740 0.0000
v -156.0986 0.4740 -0.9422
v -155.8780 0.4740 -1.8611
v -155.5163 0.4740 -2.7343
v -155.0225 0.4740 -3.5401
v -154.4087 0.4740 -4.2587
v -153.6901 0.4740 -4.8725
v -152.8843 0.4740 -5.3663
v -152.0111 0.4740 -5.7280
v -151.0922 0.4740 -5.9486
v -150.1500 0.4740 -6.0227
v -149.2078 0.4740 -5.9486
v -148.2889 0.4740 -5.7280
v -147.4157 0.4740 -5.3663
v -146.6099 0.4740 -4.8725
v -145.8913 0.4740 -4.2587
v -145.2775 0.4740 -3.5401
v -144.7837 0.4740 -2.7343
v -144.4220 0.4740 -1.8611
v -144.2014 0.4740 -0.9422
v -150.1500 0.0000 0.0000
v -50.0500 77.0000 0.0000
v -44.1014 76.5260 0.9422
v -44.0273 76.5260 0.0000
v -44.3220 76.5260 1.8611
v -44.6837 76.5260 2.7343
v -45.1775 76.5260 3.5401
v -45.7913 76.5260 4.2587
v -46.5099 76.5260 4.8725
v -47.3157 76.5260 5.3663
v -48.1889 76.5260 5.7280
v -49.1078 76.5260 5.9486
v -50.0500 76.5260 6.0227
v -50.9922 76.5260 5.9486
v -51.9111 76.5260 5.7280
v -52.7843 76.5260 5.3663
v -53.5901 76.5260 4.8725
v -54.3087 76.5260 4.2587
v -54.9225 76.5260 3.5401
v -55.4163 76.5260 2.7343
v -55.7780 76.5260 1.8611
v -55.9986 76.5260 0.9422
v -56.0727 76.5260 0.0000
v -55.9986 76.5260 -0.9422
v -55.7780 76.5260 -1.8611
v -55.4163 76.5260 -2.7343
v -54.9225 76.5260 -3.5401
v -54.3087 76.5260 -4.2587
v -53.5901 76.5260 -4.8725
v -52.7843 76.5260 -5.3663
v -51.9111 76.5260 -5.7280
v -50.9922 76.5260 -5.9486
v -50.0500 76.5260 -6.0227
v -49.1078 76.5260 -5.9486
v -48.1889 76.5260 -5.7280
v -47.3157 76.5260 -5.3663
v -46.5099 76.5260 -4.8725
v -45.7913 76.5260 -4.2587
v -45.1775 76.5260 -3.5401
v -44.6837 76.5260 -2.7343
v -44.3220 76.5260 -1.8611
v -44.1014 76.5260 -0.9422
v -38.2993 75.1157 1.8611
v -38.1528 75.1157 0.0000
v -38.7351 75.1157 3.6764
v -39.4496 75.1157 5.4012
v -40.4250 75.1157 6.9930
v -41.6374 75.1157 8.4126
v -43.0570 75.1157 9.6250
v -44.6488 75.1157 10.6004
v -46.3736 75.1157 11.3149
v -48.1889 75.1157 11.7507
v -50.0500 75.1157 11.8972
v -51.9111 75.1157 11.7507
v -53.7264 75.1157 11.3149
v -55.4512 75.1157 10.6004
v -57.0430 75.1157 9.6250
v -58.4626 75.1157 8.4126
v -59.6750 75.1157 6.9930
v -60.6504 75.1157 5.4012
v -61.3649 75.1157 3.6764
v -61.8007 75.1157 1.8611
v -61.9472 75.1157 0.0000
v -61.8007 75.1157 -1.8611
v -61.3649 75.1157 -3.6764
v -60.6504 75.1157 -5.4012
v -59.6750 75.1157 -6.9930
v -58.4626 75.1157 -8.4126
v -57.0430 75.1157 -9.6250
v -55.4512 75.1157 -10.6004
v -53.7264 75.1157 -11.3149
v -51.9111 75.1157 -11.7507
v -50.0500 75.1157 -11.8972
v -48.1889 75.1157 -11.7507
v -46.3736 75.1157 -11.3149
v -44.6488 75.1157 -10.6004
v -43.0570 75.1157 -9.6250
v -41.6374 75.1157 -8.4126
v -40.4250 75.1157 -6.9930
v -39.4496 75.1157 -5.4012
v -38.7351 75.1157 -3.6764
v -38.2993 75.1157 -1.8611
v -32.7866 72.8038 2.7343
v -32.5714 72.8038 0.0000
v -33.4268 72.8038 5.4012
v -34.4764 72.8038 7.9351
v -35.9095 72.8038 10.2737
v -37.6907 72.8038 12.3593
v -39.7763 72.8038 14.1405
v -42.1149 72.8038 15.5736
v -44.6488 72.8038 16.6232
v -47.3157 72.8038 17.2634
v -50.0500 72.8038 17.4786
v -52.7843 72.8038 17.2634
v -55.4512 72.8038 16.6232
v -57.9851 72.8038 15.5736
v -60.3237 72.8038 14.1405
v -62.4093 72.8038 12.3593
v -64.1905 72.8038 10.2737
v -65.6236 72.8038 7.9351
v -66.6732 72.8038 5.4012
v -67.3134 72.8038 2.7343
v -67.5286 72.8038 0.0000
v -67.3134 72.8038 -2.7343
v -66.6732 72.8038 -5.4012
v -65.6236 72.8038 -7.9351
v -64.1905 72.8038 -10.2737
v -62.4093 72.8038 -12.3593
v -60.3237 72.8038 -14.1405
v -57.9851 72.8038 -15.5736
v -55.4512 72.8038 -16.6232
v -52.7843 72.8038 -17.2634
v -50.0500 72.8038 -17.4786
v -47.3157 72.8038 -17.2634
v -44.6488 72.8038 -16.6232
v -42.1149 72.8038 -15.5736
v -39.7763 72.8038 -14.1405
v -37.6907 72.8038 -12.3593
v -35.9095 72.8038 -10.2737
v -34.4764 72.8038 -7.9351
v -33.4268 72.8038 -5.4012
v -32.7866 72.8038 -2.7343
v -27.6989 69.6472 3.5401
v -27.4203 69.6472 0.0000
v -28.5278 69.6472 6.9930
v -29.8868 69.6472 10.2737
v -31.7422 69.6472 13.3014
v -34.0484 69.6472 16.0016
v -36.7486 69.6472 18.3078
v -39.7763 69.6472 20.1632
v -43.0570 69.6472 21.5222
v -46.5099 69.6472 22.3511
v -50.0500 69.6472 22.6297
v -53.5901 69.6472 22.3511
v -57.0430 69.6472 21.5222
v -60.3237 69.6472 20.1632
v -63.3514 69.6472 18.3078
v -66.0516 69.6472 16.0016
v -68.3578 69.6472 13.3014
v -70.2132 69.6472 10.2737
v -71.5722 69.6472 6.9930
v -72.4011 69.6472 3.5401
v -72.6797 69.6472 0.0000
v -72.4011 69.6472 -3.5401
v -71.5722 69.6472 -6.9930
v -70.2132 69.6472 -10.2737
v -68.3578 69.6472 -13.3014
v -66.0516 69.6472 -16.0016
v -63.3514 69.6472 -18.3078
v -60.3237 69.6472 -20.1632
v -57.0430 69.6472 -21.5222
v -53.5901 69.6472 -22.3511
v -50.0500 69.6472 -22.6297
v -46.5099 69.6472 -22.3511
v -43.0570 69.6472 -21.5222
v -39.7763 69.6472 -20.1632
v -36.7486 69.6472 -18.3078
v -34.0484 69.6472 -16.0016
v -31.7422 69.6472 -13.3014
v -29.8868 69.6472 -10.2737
v -28.5278 69.6472 -6.9930
v -27.6989 69.6472 -3.5401
v -23.1616 65.7236 4.2587
v -22.8264 65.7236 0.0000
v -24.1588 65.7236 8.4126
v -25.7936 65.7236 12.3593
v -28.0256 65.7236 16.0016
v -30.8000 65.7236 19.2500
v -34.0484 65.7236 22.0244
v -37.6907 65.7236 24.2564
v -41.6374 65.7236 25.8912
v -45.7913 65.7236 26.8884
v -50.0500 65.7236 27.2236
v -54.3087 65.7236 26.8884
v -58.4626 65.7236 25.8912
v -62.4093 65.7236 24.2564
v -66.0516 65.7236 22.0244
v -69.3000 65.7236 19.2500
v -72.0744 65.7236 16.0016
v -74.3064 65.7236 12.3593
v -75.9412 65.7236 8.4126
v -76.9384 65.7236 4.2587
v -77.2736 65.7236 0.0000
v -76.9384 65.7236 -4.2587
v -75.9412 65.7236 -8.4126
v -74.3064 65.7236 -12.3593
v -72.0744 65.7236 -16.0016
v -69.3000 65.7236 -19.2500
v -66.0516 65.7236 -22.0244
v -62.4093 65.7236 -24.2564
v -58.4626 65.7236 -25.8912
v -54.3087 65.7236 -26.8884
v -50.0500 65.7236 -27.2236
v -45.7913 65.7236 -26.8884
v -41.6374 65.7236 -25.8912
v -37.6907 65.7236 -24.2564
v -34.0484 65.7236 -22.0244
v -30.8000 65.7236 -19.2500
v -28.0256 65.7236 -16.0016
v -25.7936 65.7236 -12.3593
v -24.1588 65.7236 -8.4126
v -23.1616 65.7236 -4.2587
v -19.2863 61.1297 4.8725
v -18.9028 61.1297 0.0000
v -20.4273 61.1297 9.6250
v -22.2977 61.1297 14.1405
v -24.8514 61.1297 18.3078
v -28.0256 61.1297 22.0244
v -31.7422 61.1297 25.1986
v -35.9095 61.1297 27.7523
v -40.4250 61.1297 29.6227
v -45.1775 61.1297 30.7637
v -50.0500 61.1297 31.1472
v -54.9225 61.1297 30.7637
v -59.6750 61.1297 29.6227
v -64.1905 61.1297 27.7523
v -68.3578 61.1297 25.1986
v -72.0744 61.1297 22.0244
v -75.2486 61.1297 18.3078
v -77.8023 61.1297 14.1405
v -79.6727 61.1297 9.6250
v -80.8137 61.1297 4.8725
v -81.1972 61.1297 0.0000
v -80.8137 61.1297 -4.8725
v -79.6727 61.1297 -9.6250
v -77.8023 61.1297 -14.1405
v -75.2486 61.1297 -18.3078
v -72.0744 61.1297 -22.0244
v -68.3578 61.1297 -25.1986
v -64.1905 61.1297 -27.7523
v -59.6750 61.1297 -29.6227
v -54.9225 61.1297 -30.7637
v -50.0500 61.1297 -31.1472
v -45.1775 61.1297 -30.7637
v -40.4250 61.1297 -29.6227
v -35.9095 61.1297 -27.7523
v -31.7422 61.1297 -25.1986
v -28.0256 61.1297 -22.0244
v -24.8514 61.1297 -18.3078
v -22.2977 61.1297 -14.1405
v -20.4273 61.1297 -9.6250
v -19.2863 61.1297 -4.8725
v -16.1686 55.9786 5.3663
v -15.7462 55.9786 0.0000
v -17.4252 55.9786 10.6004
v -19.4851 55.9786 15.5736
v -22.2977 55.9786 20.1632
v -25.7936 55.9786 24.2564
v -29.8868 55.9786 27.7523
v -34.4764 55.9786 30.5649
v -39.4496 55.9786 32.6248
v -44.6837 55.9786 33.8814
v -50.0500 55.9786 34.3038
v -55.4163 55.9786 33.8814
v -60.6504 55.9786 32.6248
v -65.6236 55.9786 30.5649
v -70.2132 55.9786 27.7523
v -74.3064 55.9786 24.2564
v -77.8023 55.9786 20.1632
v -80.6149 55.9786 15.5736
v -82.6748 55.9786 10.6004
v -83.9314 55.9786 5.3663
v -84.3538 55.9786 0.0000
v -83.9314 55.9786 -5.3663
v -82.6748 55.9786 -10.6004
v -80.6149 55.9786 -15.5736
v -77.8023 55.9786 -20.1632
v -74.3064 55.9786 -24.2564
v -70.2132 55.9786 -27.7523
v -65.6236 55.9786 -30.5649
v -60.6504 55.9786 -32.6248
v -55.4163 55.9786 -33.8814
v -50.0500 55.9786 -34.3038
v -44.6837 55.9786 -33.8814
v -39.4496 55.9786 -32.6248
v -34.4764 55.9786 -30.5649
v -29.8868 55.9786 -27.7523
v -25.7936 55.9786 -24.2564
v -22.2977 55.9786 -20.1632
v -19.4851 55.9786 -15.5736
v -17.4252 55.9786 -10.6004
v -16.1686 55.9786 -5.3663
v -13.8851 50.3972 5.7280
v -13.4343 50.3972 0.0000
v -15.2264 50.3972 11.3149
v -17.4252 50.3972 16.6232
v -20.4273 50.3972 21.5222
v -24.1588 50.3972 25.8912
v -28.5278 50.3972 29.6227
v -33.4268 50.3972 32.6248
v -38.7351 50.3972 34.8236
v -44.3220 50.3972 36.1649
v -50.0500 50.3972 36.6157
v -55.7780 50.3972 36.1649
v -61.3649 50.3972 34.8236
v -66.6732 50.3972 32.6248
v -71.5722 50.3972 29.6227
v -75.9412 50.3972 25.8912
v -79.6727 50.3972 21.5222
v -82.6748 50.3972 16.6232
v -84.8736 50.3972 11.3149
v -86.2149 50.3972 5.7280
v -86.6657 50.3972 0.0000
v -86.2149 50.3972 -5.7280
v -84.8736 50.3972 -11.3149
v -82.6748 50.3972 -16.6232
v -79.6727 50.3972 -21.5222
v -75.9412 50.3972 -25.8912
v -71.5722 50.3972 -29.6227
v -66.6732 50.3972 -32.6248
v -61.3649 50.3972 -34.8236
v -55.7780 50.3972 -36.1649
v -50.0500 50.3972 -36.6157
v -44.3220 50.3972 -36.1649
v -38.7351 50.3972 -34.8236
v -33.4268 50.3972 -32.6248
v -28.5278 50.3972 -29.6227
v -24.1588 50.3972 -25.8912
v -20.4273 50.3972 -21.5222
v -17.4252 50.3972 -16.6232
v -15.2264 50.3972 -11.3149
v -13.8851 50.3972 -5.7280
v -12.4922 44.5227 5.9486
v -12.0240 44.5227 0.0000
v -13.8851 44.5227 11.7507
v -16.1686 44.5227 17.2634
v -19.2863 44.5227 22.3511
v -23.1616 44.5227 26.8884
v -27.6989 44.5227 30.7637
v -32.7866 44.5227 33.8814
v -38.2993 44.5227 36.1649
v -44.1014 44.5227 37.5578
v -50.0500 44.5227 38.0260
v -55.9986 44.5227 37.5578
v -61.8007 44.5227 36.1649
v -67.3134 44.5227 33.8814
v -72.4011 44.5227 30.7637
v -76.9384 44.5227 26.8884
v -80.8137 44.5227 22.3511
v -83.9314 44.5227 17.2634
v -86.2149 44.5227 11.7507
v -87.6078 44.5227 5.9486
v -88.0760 44.5227 0.0000
v -87.6078 44.5227 -5.9486
v -86.2149 44.5227 -11.7507
v -83.9314 44.5227 -17.2634
v -80.8137 44.5227 -22.3511
v -76.9384 44.5227 -26.8884
v -72.4011 44.5227 -30.7637
v -67.3134 44.5227 -33.8814
v -61.8007 44.5227 -36.1649
v -55.9986 44.5227 -37.5578
v -50.0500 44.5227 -38.0260
v -44.1014 44.5227 -37.5578
v -38.2993 44.5227 -36.1649
v -32.7866 44.5227 -33.8814
v -27.6989 44.5227 -30.7637
v -23.1616 44.5227 -26.8884
v -19.2863 44.5227 -22.3511
v -16.1686 44.5227 -17.2634
v -13.8851 44.5227 -11.7507
v -12.4922 44.5227 -5.9486
v -12.0240 38.5000 6.0227
v -11.5500 38.5000 0.0000
v -13.4343 38.5000 11.8972
v -15.7462 38.5000 17.4786
v -18.9028 38.5000 22.6297
v -22.8264 38.5000 27.2236
v -27.4203 38.5000 31.1472
v -32.5714 38.5000 34.3038
v -38.1528 38.5000 36.6157
v -44.0273 38.5000 38.0260
v -50.0500 38.5000 38.5000
v -56.0727 38.5000 38.0260
v -61.9472 38.5000 36.6157
v -67.5286 38.5000 34.3038
v -72.6797 38.5000 31.1472
v -77.2736 38.5000 27.2236
v -81.1972 38.5000 22.6297
v -84.3538 38.5000 17.4786
v -86.6657 38.5000 11.8972
v -88.0760 38.5000 6.0227
v -88.5500 38.5000 0.0000
v -88.0760 38.5000 -6.0227
v -86.6657 38.5000 -11.8972
v -84.3538 38.5000 -17.4786
v -81.1972 38.5000 -22.6297
v -77.2736 38.5000 -27.2236
v -72.6797 38.5000 -31.1472
v -67.5286 38.5000 -34.3038
v -61.9472 38.5000 -36.6157
v -56.0727 38.5000 -38.0260
v -50.0500 38.5000 -38.5000
v -44.0273 38.5000 -38.0260
v -38.1528 38.5000 -36.6157
v -32.5714 38.5000 -34.3038
v -27.4203 38.5000 -31.1472
v -22.8264 38.5000 -27.2236
v -18.9028 38.5000 -22.6297
v -15.7462 38.5000 -17.4786
v -13.4343 38.5000 -11.8972
v -12.0240 38.5000 -6.0227
v -12.4922 32.4773 5.9486
v -12.0240 32.4773 0.0000
v -13.8851 32.4773 11.7507
v -16.1686 32.4773 17.2634
v -19.2863 32.4773 22.3511
v -23.1616 32.4773 26.8884
v -27.6989 32.4773 30.7637
v -32.7866 32.4773 33.8814
v -38.2993 32.4773 36.1649
v -44.1014 32.4773 37.5578
v -50.0500 32.4773 38.0260
v -55.9986 32.4773 37.5578
v -61.8007 32.4773 36.1649
v -67.3134 32.4773 33.8814
v -72.4011 32.4773 30.7637
v -76.9384 32.4773 26.8884
v -80.8137 32.4773 22.3511
v -83.9314 32.4773 17.2634
v -86.2149 32.4773 11.7507
v -87.6078 32.4773 5.9486
v -88.0760 32.4773 0.0000
v -87.6078 32.4773 -5.9486
v -86.2149 32.4773 -11.7507
v -83.9314 32.4773 -17.2634
v -80.8137 32.4773 -22.3511
v -76.9384 32.4773 -26.8884
v -72.4011 32.4773 -30.7637
v -67.3134 32.4773 -33.8814
v -61.8007 32.4773 -36.1649
v -55.9986 32.4773 -37.5578
v -50.0500 32.4773 -38.0260
v -44.1014 32.4773 -37.5578
v -38.2993 32.4773 -36.1649
v -32.7866 32.4773 -33.8814
v -27.6989 32.4773 -30.7637
v -23.1616 32.4773 -26.8884
v -19.2863 32.4773 -22.3511
v -16.1686 32.4773 -17.2634
v -13.8851 32.4773 -11.7507
v -12.4922 32.4773 -5.9486
v -13.8851 26.6028 5.7280
v -13.4343 26.6028 0.0000
v -15.2264 26.6028 11.3149
v -17.4252 26.6028 16.6232
v -20.4273 26.6028 21.5222
v -24.1588 26.6028 25.8912
v -28.5278 26.6028 29.6227
v -33.4268 26.6028 32.6248
v -38.7351 26.6028 34.8236
v -44.3220 26.6028 36.1649
v -50.0500 26.6028 36.6157
v -55.7780 26.6028 36.1649
v -61.3649 26.6028 34.8236
v -66.6732 26.6028 32.6248
v -71.5722 26.6028 29.6227
v -75.9412 26.6028 25.8912
v -79.6727 26.6028 21.5222
v -82.6748 26.6028 16.6232
v -84.8736 26.6028 11.3149
v -86.2149 26.6028 5.7280
v -86.6657 26.6028 0.0000
v -86.2149 26.6028 -5.7280
v -84.8736 26.6028 -11.3149
v -82.6748 26.6028 -16.6232
v -79.6727 26.6028 -21.5222
v -75.9412 26.6028 -25.8912
v -71.5722 26.6028 -29.6227
v -66.6732 26.6028 -32.6248
v -61.3649 26.6028 -34.8236
v -55.7780 26.6028 -36.1649
v -50.0500 26.6028 -36.6157
v -44.3220 26.6028 -36.1649
v -38.7351 26.6028 -34.8236
v -33.4268 26.6028 -32.6248
v -28.5278 26.6028 -29.6227
v -24.1588 26.6028 -25.8912
v -20.4273 26.6028 -21.5222
v -17.4252 26.6028 -16.6232
v -15.2264 26.6028 -11.3149
v -13.8851 26.6028 -5.7280
v -16.1686 21.0214 5.3663
v -15.7462 21.0214 0.0000
v -17.4252 21.0214 10.6004
v -19.4851 21.0214 15.5736
v -22.2977 21.0214 20.1632
v -25.7936 21.0214 24.2564
v -29.8868 21.0214 27.7523
v -34.4764 21.0214 30.5649
v -39.4496 21.0214 32.6248
v -44.6837 21.0214 33.8814
v -50.0500 21.0214 34.3038
v -55.4163 21.0214 33.8814
v -60.6504 21.0214 32.6248
v -65.6236 21.0214 30.5649
v -70.2132 21.0214 27.7523
v -74.3064 21.0214 24.2564
v -77.8023 21.0214 20.1632
v -80.6149 21.0214 15.5736
v -82.6748 21.0214 10.6004
v -83.9314 21.0214 5.3663
v -84.3538 21.0214 0.0000
v -83.9314 21.0214 -5.3663
v -82.6748 21.0214 -10.6004
v -80.6149 21.0214 -15.5736
v -77.8023 21.0214 -20.1632
v -74.3064 21.0214 -24.2564
v -70.2132 21.0214 -27.7523
v -65.6236 21.0214 -30.5649
v -60.6504 21.0214 -32.6248
v -55.4163 21.0214 -33.8814
v -50.0500 21.0214 -34.3038
v -44.6837 21.0214 -33.8814
v -39.4496 21.0214 -32.6248
v -34.4764 21.0214 -30.5649
v -29.8868 21.0214 -27.7523
v -25.7936 21.0214 -24.2564
v -22.2977 21.0214 -20.1632
v -19.4851 21.0214 -15.5736
v -17.4252 21.0214 -10.6004
v -16.1686 21.0214 -5.3663
v -19.2863 15.8703 4.8725
v -18.9028 15.8703 0.0000
v -20.4273 15.8703 9.6250
v -22.2977 15.8703 14.1405
v -24.8514 15.8703 18.3078
v -28.0256 15.8703 22.0244
v -31.7422 15.8703 25.1986
v -35.9095 15.8703 27.7523
v -40.4250 15.8703 29.6227
v -45.1775 15.8703 30.7637
v -50.0500 15.8703 31.1472
v -54.9225 15.8703 30.7637
v -59.6750 15.8703 29.6227
v -64.1905 15.8703 27.7523
v -68.3578 15.8703 25.1986
v -72.0744 15.8703 22.0244
v -75.2486 15.8703 18.3078
v -77.8023 15.8703 14.1405
v -79.6727 15.8703 9.6250
v -80.8137 15.8703 4.8725
v -81.1972 15.8703 0.0000
v -80.8137 15.8703 -4.8725
v -79.6727 15.8703 -9.6250
v -77.8023 15.8703 -14.1405
v -75.2486 15.8703 -18.3078
v -72.0744 15.8703 -22.0244
v -68.3578 15.8703 -25.1986
v -64.1905 15.8703 -27.7523
v -59.6750 15.8703 -29.6227
v -54.9225 15.8703 -30.7637
v -50.0500 15.8703 -31.1472
v -45.1775 15.8703 -30.7637
v -40.4250 15.8703 -29.6227
v -35.9095 15.8703 -27.7523
v -31.7422 15.8703 -25.1986
v -28.0256 15.8703 -22.0244
v -24.8514 15.8703 -18.3078
v -22.2977 15.8703 -14.1405
v -20.4273 15.8703 -9.6250
v -19.2863 15.8703 -4.8725
v -23.1616 11.2764 4.2587
v -22.8264 11.2764 0.0000
v -24.1588 11.2764 8.4126
v -25.7936 11.2764 12.3593
v -28.0256 11.2764 16.0016
v -30.8000 11.2764 19.2500
v -34.0484 11.2764 22.0244
v -37.6907 11.2764 24.2564
v -41.6374 11.2764 25.8912
v -45.7913 11.2764 26.8884
v -50.0500 11.2764 27.2236
v -54.3087 11.2764 26.8884
v -58.4626 11.2764 25.8912
v -62.4093 11.2764 24.2564
v -66.0516 11.2764 22.0244
v -69.3000 11.2764 19.2500
v -72.0744 11.2764 16.0016
v -74.3064 11.2764 12.3593
v -75.9412 11.2764 8.4126
v -76.9384 11.2764 4.2587
v -77.2736 11.2764 0.0000
v -76.9384 11.2764 -4.2587
v -75.9412 11.2764 -8.4126
v -74.3064 11.2764 -12.3593
v -72.0744 11.2764 -16.0016
v -69.3000 11.2764 -19.2500
v -66.0516 11.2764 -22.0244
v -62.4093 11.2764 -24.2564
v -58.4626 11.2764 -25.8912
v -54.3087 11.2764 -26.8884
v -50.0500 11.2764 -27.2236
v -45.7913 11.2764 -26.8884
v -41.6374 11.2764 -25.8912
v -37.6907 11.2764 -24.2564
v -34.0484 11.2764 -22.0244
v -30.8000 11.2764 -19.2500
v -28.0256 11.2764 -16.0016
v -25.7936 11.2764 -12.3593
v -24.1588 11.2764 -8.4126
v -23.1616 11.2764 -4.2587
v -27.6989 7.3528 3.5401
v -27.4203 7.3528 0.0000
v -28.5278 7.3528 6.9930
v -29.8868 7.3528 10.2737
v -31.7422 7.3528 13.3014
v -34.0484 7.3528 16.0016
v -36.7486 7.3528 18.3078
v -39.7763 7.3528 20.1632
v -43.0570 7.3528 21.5222
v -46.5099 7.3528 22.3511
v -50.0500 7.3528 22.6297
v -53.5901 7.3528 22.3511
v -57.0430 7.3528 21.5222
v -60.3237 7.3528 20.1632
v -63.3514 7.3528 18.3078
v -66.0516 7.3528 16.0016
v -68.3578 7.3528 13.3014
v -70.2132 7.3528 10.2737
v -71.5722 7.3528 6.9930
v -72.4011 7.3528 3.5401
v -72.6797 7.3528 0.0000
v -72.4011 7.3528 -3.5401
v -71.5722 7.3528 -6.9930
v -70.2132 7.3528 -10.2737
v -68.3578 7.3528 -13.3014
v -66.0516 7.3528 -16.0016
v -63.3514 7.3528 -18.3078
v -60.3237 7.3528 -20.1632
v -57.0430 7.3528 -21.5222
v -53.5901 7.3528 -22.3511
v -50.0500 7.3528 -22.6297
v -46.5099 7.3528 -22.3511
v -43.0570 7.3528 -21.5222
v -39.7763 7.3528 -20.1632
v -36.7486 7.3528 -18.3078
v -34.0484 7.3528 -16.0016
v -31.7422 7.3528 -13.3014
v -29.8868 7.3528 -10.2737
v -28.5278 7.3528 -6.9930
v -27.6989 7.3528 -3.5401
v -32.7866 4.1962 2.7343
v -32.5714 4.1962 0.0000
v -33.4268 4.1962 5.4012
v -34.4764 4.1962 7.9351
v -35.9095 4.1962 10.2737
v -37.6907 4.1962 12.3593
v -39.7763 4.1962 14.1405
v -42.1149 4.1962 15.5736
v -44.6488 4.1962 16.6232
v -47.3157 4.1962 17.2634
v -50.0500 4.1962 17.4786
v -52.7843 4.1962 17.2634
v -55.4512 4.1962 16.6232
v -57.9851 4.1962 15.5736
v -60.3237 4.1962 14.1405
v -62.4093 4.1962 12.3593
v -64.1905 4.1962 10.2737
v -65.6236 4.1962 7.9351
v -66.6732 4.1962 5.4012
v -67.3134 4.1962 2.7343
v -67.5286 4.1962 0.0000
v -67.3134 4.1962 -2.7343
v -66.6732 4.1962 -5.4012
v -65.6236 4.1962 -7.9351
v -64.1905 4.1962 -10.2737
v -62.4093 4.1962 -12.3593
v -60.3237 4.1962 -14.1405
v -57.9851 4.1962 -15.5736
v -55.4512 4.1962 -16.6232
v -52.7843 4.1962 -17.2634
v -50.0500 4.1962 -17.4786
v -47.3157 4.1962 -17.2634
v -44.6488 4.1962 -16.6232
v -42.1149 4.1962 -15.5736
v -39.7763 4.1962 -14.1405
v -37.6907 4.1962 -12.3593
v -35.9095 4.1962 -10.2737
v -34.4764 4.1962 -7.9351
v -33.4268 4.1962 -5.4012
v -32.7866 4.1962 -2.7343
v -38.2993 1.8843 1.8611
v -38.1528 1.8843 0.0000
v -38.7351 1.8843 3.6764
v -39.4496 1.8843 5.4012
v -40.4250 1.8843 6.9930
v -41.6374 1.8843 8.4126
v -43.0570 1.8843 9.6250
v -44.6488 1.8843 10.6004
v -46.3736 1.8843 11.3149
v -48.1889 1.8843 11.7507
v -50.0500 1.8843 11.8972
v -51.9111 1.8843 11.7507
v -53.7264 1.8843 11.3149
v -55.4512 1.8843 10.6004
v -57.0430 1.8843 9.6250
v -58.4626 1.8843 8.4126
v -59.6750 1.8843 6.9930
v -60.6504 1.8843 5.4012
v -61.3649 1.8843 3.6764
v -61.8007 1.8843 1.8611
v -61.9472 1.8843 0.0000
v -61.8007 1.8843 -1.8611
v -61.3649 1.8843 -3.6764
v -60.6504 1.8843 -5.4012
v -59.6750 1.8843 -6.9930
v -58.4626 1.8843 -8.4126
v -57.0430 1.8843 -9.6250
v -55.4512 1.8843 -10.6004
v -53.7264 1.8843 -11.3149
v -51.9111 1.8843 -11.7507
v -50.0500 1.8843 -11.8972
v -48.1889 1.8843 -11.7507
v -46.3736 1.8843 -11.3149
v -44.6488 1.8843 -10.6004
v -43.0570 1.8843 -9.6250
v -41.6374 1.8843 -8.4126
v -40.4250 1.8843 -6.9930
v -39.4496 1.8843 -5.4012
v -38.7351 1.8843 -3.6764
v -38.2993 1.8843 -1.8611
v -44.1014 0.4740 0.9422
v -44.0273 0.4740 0.0000
v -44.3220 0.4740 1.8611
v -44.6837 0.4740 2.7343
v -45.1775 0.4740 3.5401
v -45.7913 0.4740 4.2587
v -46.5099 0.4740 4.8725
v -47.3157 0.4740 5.3663
v -48.1889 0.4740 5.7280
v -49.1078 0.4740 5.9486
v -50.0500 0.4740 6.0227
v -50.9922 0.4740 5.9486
v -51.9111 0.4740 5.7280
v -52.7843 0.4740 5.3663
v -53.5901 0.4740 4.8725
v -54.3087 0.4740 4.2587
v -54.9225 0.4740 3.5401
v -55.4163 0.4740 2.7343
v -55.7780 0.4740 1.8611
v -55.9986 0.4740 0.9422
v -56.0727 0.4740 0.0000
v -55.9986 0.4740 -0.9422
v -55.7780 0.4740 -1.8611
v -55.4163 0.4740 -2.7343
v -54.9225 0.4740 -3.5401
v -54.3087 0.4740 -4.2587
v -53.5901 0.4740 -4.8725
v -52.7843 0.4740 -5.3663
v -51.9111 0.4740 -5.7280
v -50.9922 0.4740 -5.9486
v -50.0500 0.4740 -6.0227
v -49.1078 0.4740 -5.9486
v -48.1889 0.4740 -5.7280
v -47.3157 0.4740 -5.3663
v -46.5099 0.4740 -4.8725
v -45.7913 0.4740 -4.2587
v -45.1775 0.4740 -3.5401
v -44.6837 0.4740 -2.7343
v -44.3220 0.4740 -1.8611
v -44.1014 0.4740 -0.9422
v -50.0500 0.0000 0.0000
v 50.0500 77.0000 0.0000
v 55.9986 76.5260 0.9422
v 56.0727 76.5260 0.0000
v 55.7780 76.5260 1.8611
v 55.4163 76.5260 2.7343
v 54.9225 76.5260 3.5401
v 54.3087 76.5260 4.2587
v 53.5901 76.5260 4.8725
v 52.7843 76.5260 5.3663
v 51.9111 76.5260 5.7280
v 50.9922 76.5260 5.9486
v 50.0500 76.5260 6.0227
v 49.1078 76.5260 5.9486
v 48.1889 76.5260 5.7280
v 47.3157 76.5260 5.3663
v 46.5099 76.5260 4.8725
v 45.7913 76.5260 4.2587
v 45.1775 76.5260 3.5401
v 44.6837 76.5260 2.7343
v 44.3220 76.5260 1.8611
v 44.1014 76.5260 0.9422
v 44.0273 76.5260 0.0000
v 44.1014 76.5260 -0.9422
v 44.3220 76.5260 -1.8611
v 44.6837 76.5260 -2.7343
v 45.1775 76.5260 -3.5401
v 45.7913 76.5260 -4.2587
v 46.5099 76.5260 -4.8725
v 47.3157 76.5260 -5.3663
v 48.1889 76.5260 -5.7280
v 49.1078 76.5260 -5.9486
v 50.0500 76.5260 -6.0227
v 50.9922 76.5260 -5.9486
v 51.9111 76.5260 -5.7280
v 52.7843 76.5260 -5.3663
v 53.5901 76.5260 -4.8725
v 54.3087 76.5260 -4.2587
v 54.9225 76.5260 -3.5401
v 55.4163 76.5260 -2.7343
v 55.7780 76.5260 -1.8611
v 55.9986 76.5260 -0.9422
v 61.8007 75.1157 1.8611
v 61.9472 75.1157 0.0000
v 61.3649 75.1157 3.6764
v 60.6504 75.1157 5.4012
v 59.6750 75.1157 6.9930
v 58.4626 75.1157 8.4126
v 57.0430 75.1157 9.6250
v 55.4512 75.1157 10.6004
v 53.7264 75.1157 11.3149
v 51.9111 75.1157 11.7507
v 50.0500 75.1157 11.8972
v 48.1889 75.1157 11.7507
v 46.3736 75.1157 11.3149
v 44.6488 75.1157 10.6004
v 43.0570 75.1157 9.6250
v 41.6374 75.1157 8.4126
v 40.4250 75.1157 6.9930
v 39.4496 75.1157 5.4012
v 38.7351 75.1157 3.6764
v 38.2993 75.1157 1.8611
v 38.1528 75.1157 0.0000
v 38.2993 75.1157 -1.8611
v 38.7351 75.1157 -3.6764
v 39.4496 75.1157 -5.4012
v 40.4250 75.1157 -6.9930
v 41.6374 75.1157 -8.4126
v 43.0570 75.1157 -9.6250
v 44.6488 75.1157 -10.6004
v 46.3736 75.1157 -11.3149
v 48.1889 75.1157 -11.7507
v 50.0500 75.1157 -11.8972
v 51.9111 75.1157 -11.7507
v 53.7264 75.1157 -11.3149
v 55.4512 75.1157 -10.6004
v 57.0430 75.1157 -9.6250
v 58.4626 75.1157 -8.4126
v 59.6750 75.1157 -6.9930
v 60.6504 75.1157 -5.4012
v 61.3649 75.1157 -3.6764
v 61.8007 75.1157 -1.8611
v 67.3134 72.8038 2.7343
v 67.5286 72.8038 0.0000
v 66.6732 72.8038 5.4012
v 65.6236 72.8038 7.9351
v 64.1905 72.8038 10.2737
v 62.4093 72.8038 12.3593
v 60.3237 72.8038 14.1405
v 57.9851 72.8038 15.5736
v 55.4512 72.8038 16.6232
v 52.7843 72.8038 17.2634
v 50.0500 72.8038 17.4786
v 47.3157 72.8038 17.2634
v 44.6488 72.8038 16.6232
v 42.1149 72.8038 15.5736
v 39.7763 72.8038 14.1405
v 37.6907 72.8038 12.3593
v 35.9095 72.8038 10.2737
v 34.4764 72.8038 7.9351
v 33.4268 72.8038 5.4012
v 32.7866 72.8038 2.7343
v 32.5714 72.8038 0.0000
v 32.7866 72.8038 -2.7343
v 33.4268 72.8038 -5.4012
v 34.4764 72.8038 -7.9351
v 35.9095 72.8038 -10.2737
v 37.6907 72.8038 -12.3593
v 39.7763 72.8038 -14.1405
v 42.1149 72.8038 -15.5736
v 44.6488 72.8038 -16.6232
v 47.3157 72.8038 -17.2634
v 50.0500 72.8038 -17.4786
v 52.7843 72.8038 -17.2634
v 55.4512 72.8038 -16.6232
v 57.9851 72.8038 -15.5736
v 60.3237 72.8038 -14.1405
v 62.4093 72.8038 -12.3593
v 64.1905 72.8038 -10.2737
v 65.6236 72.8038 -7.9351
v 66.6732 72.8038 -5.4012
v 67.3134 72.8038 -2.7343
v 72.4011 69.6472 3.5401
v 72.6797 69.6472 0.0000
v 71.5722 69.6472 6.9930
v 70.2132 69.6472 10.2737
v 68.3578 69.6472 13.3014
v 66.0516 69.6472 16.0016
v 63.3514 69.6472 18.3078
v 60.3237 69.6472 20.1632
v 57.0430 69.6472 21.5222
v 53.5901 69.6472 22.3511
v 50.0500 69.6472 22.6297
v 46.5099 69.6472 22.3511
v 43.0570 69.6472 21.5222
v 39.7763 69.6472 20.1632
v 36.7486 69.6472 18.3078
v 34.0484 69.6472 16.0016
v 31.7422 69.6472 13.3014
v 29.8868 69.6472 10.2737
v 28.5278 69.6472 6.9930
v 27.6989 69.6472 3.5401
v 27.4203 69.6472 0.0000
v 27.6989 69.6472 -3.5401
v 28.5278 69.6472 -6.9930
v 29.8868 69.6472 -10.2737
v 31.7422 69.6472 -13.3014
v 34.0484 69.6472 -16.0016
v 36.7486 69.6472 -18.3078
v 39.7763 69.6472 -20.1632
v 43.0570 69.6472 -21.5222
v 46.5099 69.6472 -22.3511
v 50.0500 69.6472 -22.6297
v 53.5901 69.6472 -22.3511
v 57.0430 69.6472 -21.5222
v 60.3237 69.6472 -20.1632
v 63.3514 69.6472 -18.3078
v 66.0516 69.6472 -16.0016
v 68.3578 69.6472 -13.3014
v 70.2132 69.6472 -10.2737
v 71.5722 69.6472 -6.9930
v 72.4011 69.6472 -3.5401
v 76.9384 65.7236 4.2587
v 77.2736 65.7236 0.0000
v 75.9412 65.7236 8.4126
v 74.3064 65.7236 12.3593
v 72.0744 65.7236 16.0016
v 69.3000 65.7236 19.2500
v 66.0516 65.7236 22.0244
v 62.4093 65.7236 24.2564
v 58.4626 65.7236 25.8912
v 54.3087 65.7236 26.8884
v 50.0500 65.7236 27.2236
v 45.7913 65.7236 26.8884
v 41.6374 65.7236 25.8912
v 37.6907 65.7236 24.2564
v 34.0484 65.7236 22.0244
v 30.8000 65.7236 19.2500
v 28.0256 65.7236 16.0016
v 25.7936 65.7236 12.3593
v 24.1588 65.7236 8.4126
v 23.1616 65.7236 4.2587
v 22.8264 65.7236 0.0000
v 23.1616 65.7236 -4.2587
v 24.1588 65.7236 -8.4126
v 25.7936 65.7236 -12.3593
v 28.0256 65.7236 -16.0016
v 30.8000 65.7236 -19.2500
v 34.0484 65.7236 -22.0244
v 37.6907 65.7236 -24.2564
v 41.6374 65.7236 -25.8912
v 45.7913 65.7236 -26.8884
v 50.0500 65.7236 -27.2236
v 54.3087 65.7236 -26.8884
v 58.4626 65.7236 -25.8912
v 62.4093 65.7236 -24.2564
v 66.0516 65.7236 -22.0244
v 69.3000 65.7236 -19.2500
v 72.0744 65.7236 -16.0016
v 74.3064 65.7236 -12.3593
v 75.9412 65.7236 -8.4126
v 76.9384 65.7236 -4.2587
v 80.8137 61.1297 4.8725
v 81.1972 61.1297 0.0000
v 79.6727 61.1297 9.6250
v 77.8023 61.1297 14.1405
v 75.2486 61.1297 18.3078
v 72.0744 61.1297 22.0244
v 68.3578 61.1297 25.1986
v 64.1905 61.1297 27.7523
v 59.6750 61.1297 29.6227
v 54.9225 61.1297 30.7637
v 50.0500 61.1297 31.1472
v 45.1775 61.1297 30.7637
v 40.4250 61.1297 29.6227
v 35.9095 61.1297 27.7523
v 31.7422 61.1297 25.1986
v 28.0256 61.1297 22.0244
v 24.8514 61.1297 18.3078
v 22.2977 61.1297 14.1405
v 20.4273 61.1297 9.6250
v 19.2863 61.1297 4.8725
v 18.9028 61.1297 0.0000
v 19.2863 61.1297 -4.8725
v 20.4273 61.1297 -9.6250
v 22.2977 61.1297 -14.1405
v 24.8514 61.1297 -18.3078
v 28.0256 61.1297 -22.0244
v 31.7422 61.1297 -25.1986
v 35.9095 61.1297 -27.7523
v 40.4250 61.1297 -29.6227
v 45.1775 61.1297 -30.7637
v 50.0500 61.1297 -31.1472
v 54.9225 61.1297 -30.7637
v 59.6750 61.1297 -29.6227
v 64.1905 61.1297 -27.7523
v 68.3578 61.1297 -25.1986
v 72.0744 61.1297 -22.0244
v 75.2486 61.1297 -18.3078
v 77.8023 61.1297 -14.1405
v 79.6727 61.1297 -9.6250
v 80.8137 61.1297 -4.8725
v 83.9314 55.9786 5.3663
v 84.3538 55.9786 0.0000
v 82.6748 55.9786 10.6004
v 80.6149 55.9786 15.5736
v 77.8023 55.9786 20.1632
v 74.3064 55.9786 24.2564
v 70.2132 55.9786 27.7523
v 65.6236 55.9786 30.5649
v 60.6504 55.9786 32.6248
v 55.4163 55.9786 33.8814
v 50.0500 55.9786 34.3038
v 44.6837 55.9786 33.8814
v 39.4496 55.9786 32.6248
v 34.4764 55.9786 30.5649
v 29.8868 55.9786 27.7523
v 25.7936 55.9786 24.2564
v 22.2977 55.9786 20.1632
v 19.4851 55.9786 15.5736
v 17.4252 55.9786 10.6004
v 16.1686 55.9786 5.3663
v 15.7462 55.9786 0.0000
v 16.1686 55.9786 -5.3663
v 17.4252 55.9786 -10.6004
v 19.4851 55.9786 -15.5736
v 22.2977 55.9786 -20.1632
v 25.7936 55.9786 -24.2564
v 29.8868 55.9786 -27.7523
v 34.4764 55.9786 -30.5649
v 39.4496 55.9786 -32.6248
v 44.6837 55.9786 -33.8814
v 50.0500 55.9786 -34.3038
v 55.4163 55.9786 -33.8814
v 60.6504 55.9786 -32.6248
v 65.6236 55.9786 -30.5649
v 70.2132 55.9786 -27.7523
v 74.3064 55.9786 -24.2564
v 77.8023 55.9786 -20.1632
v 80.6149 55.9786 -15.5736
v 82.6748 55.9786 -10.6004
v 83.9314 55.9786 -5.3663
v 86.2149 50.3972 5.7280
v 86.6657 50.3972 0.0000
v 84.8736 50.3972 11.3149
v 82.6748 50.3972 16.6232
v 79.6727 50.3972 21.5222
v 75.9412 50.3972 25.8912
v 71.5722 50.3972 29.6227
v 66.6732 50.3972 32.6248
v 61.3649 50.3972 34.8236
v 55.7780 50.3972 36.1649
v 50.0500 50.3972 36.6157
v 44.3220 50.3972 36.1649
v 38.7351 50.3972 34.8236
v 33.4268 50.3972 32.6248
v 28.5278 50.3972 29.6227
v 24.1588 50.3972 25.8912
v 20.4273 50.3972 21.5222
v 17.4252 50.3972 16.6232
v 15.2264 50.3972 11.3149
v 13.8851 50.3972 5.7280
v 13.4343 50.3972 0.0000
v 13.8851 50.3972 -5.7280
v 15.2264 50.3972 -11.3149
v 17.4252 50.3972 -16.6232
v 20.4273 50.3972 -21.5222
v 24.1588 50.3972 -25.8912
v 28.5278 50.3972 -29.6227
v 33.4268 50.3972 -32.6248
v 38.7351 50.3972 -34.8236
v 44.3220 50.3972 -36.1649
v 50.0500 50.3972 -36.6157
v 55.7780 50.3972 -36.1649
v 61.3649 50.3972 -34.8236
v 66.6732 50.3972 -32.6248
v 71.5722 50.3972 -29.6227
v 75.9412 50.3972 -25.8912
v 79.6727 50.3972 -21.5222
v 82.6748 50.3972 -16.6232
v 84.8736 50.3972 -11.3149
v 86.2149 50.3972 -5.7280
v 87.6078 44.5227 5.9486
v 88.0760 44.5227 0.0000
v 86.2149 44.5227 11.7507
v 83.9314 44.5227 17.2634
v 80.8137 44.5227 22.3511
v 76.9384 44.5227 26.8884
v 72.4011 44.5227 30.7637
v 67.3134 44.5227 33.8814
v 61.8007 44.5227 36.1649
v 55.9986 44.5227 37.5578
v 50.0500 44.5227 38.0260
v 44.1014 44.5227 37.5578
v 38.2993 44.5227 36.1649
v 32.7866 44.5227 33.8814
v 27.6989 44.5227 30.7637
v 23.1616 44.5227 26.8884
v 19.2863 44.5227 22.3511
v 16.1686 44.5227 17.2634
v 13.8851 44.5227 11.7507
v 12.4922 44.5227 5.9486
v 12.0240 44.5227 0.0000
v 12.4922 44.5227 -5.9486
v 13.8851 44.5227 -11.7507
v 16.1686 44.5227 -17.2634
v 19.2863 44.5227 -22.3511
v 23.1616 44.5227 -26.8884
v 27.6989 44.5227 -30.7637
v 32.7866 44.5227 -33.8814
v 38.2993 44.5227 -36.1649
v 44.1014 44.5227 -37.5578
v 50.0500 44.5227 -38.0260
v 55.9986 44.5227 -37.5578
v 61.8007 44.5227 -36.1649
v 67.3134 44.5227 -33.8814
v 72.4011 44.5227 -30.7637
v 76.9384 44.5227 -26.8884
v 80.8137 44.5227 -22.3511
v 83.9314 44.5227 -17.2634
v 86.2149 44.5227 -11.7507
v 87.6078 44.5227 -5.9486
v 88.0760 38.5000 6.0227
v 88.5500 38.5000 0.0000
v 86.6657 38.5000 11.8972
v 84.3538 38.5000 17.4786
v 81.1972 38.5000 22.6297
v 77.2736 38.5000 27.2236
v 72.6797 38.5000 31.1472
v 67.5286 38.5000 34.3038
v 61.9472 38.5000 36.6157
v 56.0727 38.5000 38.0260
v 50.0500 38.5000 38.5000
v 44.0273 38.5000 38.0260
v 38.1528 38.5000 36.6157
v 32.5714 38.5000 34.3038
v 27.4203 38.5000 31.1472
v 22.8264 38.5000 27.2236
v 18.9028 38.5000 22.6297
v 15.7462 38.5000 17.4786
v 13.4343 38.5000 11.8972
v 12.0240 38.5000 6.0227
v 11.5500 38.5000 0.0000
v 12.0240 38.5000 -6.0227
v 13.4343 38.5000 -11.8972
v 15.7462 38.5000 -17.4786
v 18.9028 38.5000 -22.6297
v 22.8264 38.5000 -27.2236
v 27.4203 38.5000 -31.1472
v 32.5714 38.5000 -34.3038
v 38.1528 38.5000 -36.6157
v 44.0273 38.5000 -38.0260
v 50.0500 38.5000 -38.5000
v 56.0727 38.5000 -38.0260
v 61.9472 38.5000 -36.6157
v 67.5286 38.5000 -34.3038
v 72.6797 38.5000 -31.1472
v 77.2736 38.5000 -27.2236
v 81.1972 38.5000 -22.6297
v 84.3538 38.5000 -17.4786
v 86.6657 38.5000 -11.8972
v 88.0760 38.5000 -6.0227
v 87.6078 32.4773 5.9486
v 88.0760 32.4773 0.0000
v 86.2149 32.4773 11.7507
v 83.9314 32.4773 17.2634
v 80.8137 32.4773 22.3511
v 76.9384 32.4773 26.8884
v 72.4011 32.4773 30.7637
v 67.3134 32.4773 33.8814
v 61.8007 32.4773 36.1649
v 55.9986 32.4773 37.5578
v 50.0500 32.4773 38.0260
v 44.1014 32.4773 37.5578
v 38.2993 32.4773 36.1649
v 32.7866 32.4773 33.8814
v 27.6989 32.4773 30.7637
v 23.1616 32.4773 26.8884
v 19.2863 32.4773 22.3511
v 16.1686 32.4773 17.2634
v 13.8851 32.4773 11.7507
v 12.4922 32.4773 5.9486
v 12.0240 32.4773 0.0000
v 12.4922 32.4773 -5.9486
v 13.8851 32.4773 -11.7507
v 16.1686 32.4773 -17.2634
v 19.2863 32.4773 -22.3511
v 23.1616 32.4773 -26.8884
v 27.6989 32.4773 -30.7637
v 32.7866 32.4773 -33.8814
v 38.2993 32.4773 -36.1649
v 44.1014 32.4773 -37.5578
v 50.0500 32.4773 -38.0260
v 55.9986 32.4773 -37.5578
v 61.8007 32.4773 -36.1649
v 67.3134 32.4773 -33.8814
v 72.4011 32.4773 -30.7637
v 76.9384 32.4773 -26.8884
v 80.8137 32.4773 -22.3511
v 83.9314 32.4773 -17.2634
v 86.2149 32.4773 -11.7507
v 87.6078 32.4773 -5.9486
v 86.2149 26.6028 5.7280
v 86.6657 26.6028 0.0000
v 84.8736 26.6028 11.3149
v 82.6748 26.6028 16.6232
v 79.6727 26.6028 21.5222
v 75.9412 26.6028 25.8912
v 71.5722 26.6028 29.6227
v 66.6732 26.6028 32.6248
v 61.3649 26.6028 34.8236
v 55.7780 26.6028 36.1649
v 50.0500 26.6028 36.6157
v 44.3220 26.6028 36.1649
v 38.7351 26.6028 34.8236
v 33.4268 26.6028 32.6248
v 28.5278 26.6028 29.6227
v 24.1588 26.6028 25.8912
v 20.4273 26.6028 21.5222
v 17.4252 26.6028 16.6232
v 15.2264 26.6028 11.3149
v 13.8851 26.6028 5.7280
v 13.4343 26.6028 0.0000
v 13.8851 26.6028 -5.7280
v 15.2264 26.6028 -11.3149
v 17.4252 26.6028 -16.6232
v 20.4273 26.6028 -21.5222
v 24.1588 26.6028 -25.8912
v 28.5278 26.6028 -29.6227
v 33.4268 26.6028 -32.6248
v 38.7351 26.6028 -34.8236
v 44.3220 26.6028 -36.1649
v 50.0500 26.6028 -36.6157
v 55.7780 26.6028 -36.1649
v 61.3649 26.6028 -34.8236
v 66.6732 26.6028 -32.6248
v 71.5722 26.6028 -29.6227
v 75.9412 26.6028 -25.8912
v 79.6727 26.6028 -21.5222
v 82.6748 26.6028 -16.6232
v 84.8736 26.6028 -11.3149
v 86.2149 26.6028 -5.7280
v 83.9314 21.0214 5.3663
v 84.3538 21.0214 0.0000
v 82.6748 21.0214 10.6004
v 80.6149 21.0214 15.5736
v 77.8023 21.0214 20.1632
v 74.3064 21.0214 24.2564
v 70.2132 21.0214 27.7523
v 65.6236 21.0214 30.5649
v 60.6504 21.0214 32.6248
v 55.4163 21.0214 33.8814
v 50.0500 21.0214 34.3038
v 44.6837 21.0214 33.8814
v 39.4496 21.0214 32.6248
v 34.4764 21.0214 30.5649
v 29.8868 21.0214 27.7523
v 25.7936 21.0214 24.2564
v 22.2977 21.0214 20.1632
v 19.4851 21.0214 15.5736
v 17.4252 21.0214 10.6004
v 16.1686 21.0214 5.3663
v 15.7462 21.0214 0.0000
v 16.1686 21.0214 -5.3663
v 17.4252 21.0214 -10.6004
v 19.4851 21.0214 -15.5736
v 22.2977 21.0214 -20.1632
v 25.7936 21.0214 -24.2564
v 29.8868 21.0214 -27.7523
v 34.4764 21.0214 -30.5649
v 39.4496 21.0214 -32.6248
v 44.6837 21.0214 -33.8814
v 50.0500 21.0214 -34.3038
v 55.4163 21.0214 -33.8814
v 60.6504 21.0214 -32.6248
v 65.6236 21.0214 -30.5649
v 70.2132 21.0214 -27.7523
v 74.3064 21.0214 -24.2564
v 77.8023 21.0214 -20.1632
v 80.6149 21.0214 -15.5736
v 82.6748 21.0214 -10.6004
v 83.9314 21.0214 -5.3663
v 80.8137 15.8703 4.8725
v 81.1972 15.8703 0.0000
v 79.6727 15.8703 9.6250
v 77.8023 15.8703 14.1405
v 75.2486 15.8703 18.3078
v 72.0744 15.8703 22.0244
v 68.3578 15.8703 25.1986
v 64.1905 15.8703 27.7523
v 59.6750 15.8703 29.6227
v 54.9225 15.8703 30.7637
v 50.0500 15.8703 31.1472
v 45.1775 15.8703 30.7637
v 40.4250 15.8703 29.6227
v 35.9095 15.8703 27.7523
v 31.7422 15.8703 25.1986
v 28.0256 15.8703 22.0244
v 24.8514 15.8703 18.3078
v 22.2977 15.8703 14.1405
v 20.4273 15.8703 9.6250
v 19.2863 15.8703 4.8725
v 18.9028 15.8703 0.0000
v 19.2863 15.8703 -4.8725
v 20.4273 15.8703 -9.6250
v 22.2977 15.8703 -14.1405
v 24.8514 15.8703 -18.3078
v 28.0256 15.8703 -22.0244
v 31.7422 15.8703 -25.1986
v 35.9095 15.8703 -27.7523
v 40.4250 15.8703 -29.6227
v 45.1775 15.8703 -30.7637
v 50.0500 15.8703 -31.1472
v 54.9225 15.8703 -30.7637
v 59.6750 15.8703 -29.6227
v 64.1905 15.8703 -27.7523
v 68.3578 15.8703 -25.1986
v 72.0744 15.8703 -22.0244
v 75.2486 15.8703 -18.3078
v 77.8023 15.8703 -14.1405
v 79.6727 15.8703 -9.6250
v 80.8137 15.8703 -4.8725
v 76.9384 11.2764 4.2587
v 77.2736 11.2764 0.0000
v 75.9412 11.2764 8.4126
v 74.3064 11.2764 12.3593
v 72.0744 11.2764 16.0016
v 69.3000 11.2764 19.2500
v 66.0516 11.2764 22.0244
v 62.4093 11.2764 24.2564
v 58.4626 11.2764 25.8912
v 54.3087 11.2764 26.8884
v 50.0500 11.2764 27.2236
v 45.7913 11.2764 26.8884
v 41.6374 11.2764 25.8912
v 37.6907 11.2764 24.2564
v 34.0484 11.2764 22.0244
v 30.8000 11.2764 19.2500
v 28.0256 11.2764 16.0016
v 25.7936 11.2764 12.3593
v 24.1588 11.2764 8.4126
v 23.1616 11.2764 4.2587
v 22.8264 11.2764 0.0000
v 23.1616 11.2764 -4.2587
v 24.1588 11.2764 -8.4126
v 25.7936 11.2764 -12.3593
v 28.0256 11.2764 -16.0016
v 30.8000 11.2764 -19.2500
v 34.0484 11.2764 -22.0244
v 37.6907 11.2764 -24.2564
v 41.6374 11.2764 -25.8912
v 45.7913 11.2764 -26.8884
v 50.0500 11.2764 -27.2236
v 54.3087 11.2764 -26.8884
v 58.4626 11.2764 -25.8912
v 62.4093 11.2764 -24.2564
v 66.0516 11.2764 -22.0244
v 69.3000 11.2764 -19.2500
v 72.0744 11.2764 -16.0016
v 74.3064 11.2764 -12.3593
v 75.9412 11.2764 -8.4126
v 76.9384 11.2764 -4.2587
v 72.4011 7.3528 3.5401
v 72.6797 7.3528 0.0000
v 71.5722 7.3528 6.9930
v 70.2132 7.3528 10.2737
v 68.3578 7.3528 13.3014
v 66.0516 7.3528 16.0016
v 63.3514 7.3528 18.3078
v 60.3237 7.3528 20.1632
v 57.0430 7.3528 21.5222
v 53.5901 7.3528 22.3511
v 50.0500 7.3528 22.6297
v 46.5099 7.3528 22.3511
v 43.0570 7.3528 21.5222
v 39.7763 7.3528 20.1632
v 36.7486 7.3528 18.3078
v 34.0484 7.3528 16.0016
v 31.7422 7.3528 13.3014
v 29.8868 7.3528 10.2737
v 28.5278 7.3528 6.9930
v 27.6989 7.3528 3.5401
v 27.4203 7.3528 0.0000
v 27.6989 7.3528 -3.5401
v 28.5278 7.3528 -6.9930
v 29.8868 7.3528 -10.2737
v 31.7422 7.3528 -13.3014
v 34.0484 7.3528 -16.0016
v 36.7486 7.3528 -18.3078
v 39.7763 7.3528 -20.1632
v 43.0570 7.3528 -21.5222
v 46.5099 7.3528 -22.3511
v 50.0500 7.3528 -22.6297
v 53.5901 7.3528 -22.3511
v 57.0430 7.3528 -21.5222
v 60.3237 7.3528 -20.1632
v 63.3514 7.3528 -18.3078
v 66.0516 7.3528 -16.0016
v 68.3578 7.3528 -13.3014
v 70.2132 7.3528 -10.2737
v 71.5722 7.3528 -6.9930
v 72.4011 7.3528 -3.5401
v 67.3134 4.1962 2.7343
v 67.5286 4.1962 0.0000
v 66.6732 4.1962 5.4012
v 65.6236 4.1962 7.9351
v 64.1905 4.1962 10.2737
v 62.4093 4.1962 12.3593
v 60.3237 4.1962 14.1405
v 57.9851 4.1962 15.5736
v 55.4512 4.1962 16.6232
v 52.7843 4.1962 17.2634
v 50.0500 4.1962 17.4786
v 47.3157 4.1962 17.2634
v 44.6488 4.1962 16.6232
v 42.1149 4.1962 15.5736
v 39.7763 4.1962 14.1405
v 37.6907 4.1962 12.3593
v 35.9095 4.1962 10.2737
v 34.4764 4.1962 7.9351
v 33.4268 4.1962 5.4012
v 32.7866 4.1962 2.7343
v 32.5714 4.1962 0.0000
v 32.7866 4.1962 -2.7343
v 33.4268 4.1962 -5.4012
v 34.4764 4.1962 -7.9351
v 35.9095 4.1962 -10.2737
v 37.6907 4.1962 -12.3593
v 39.7763 4.1962 -14.1405
v 42.1149 4.1962 -15.5736
v 44.6488 4.1962 -16.6232
v 47.3157 4.1962 -17.2634
v 50.0500 4.1962 -17.4786
v 52.7843 4.1962 -17.2634
v 55.4512 4.1962 -16.6232
v 57.9851 4.1962 -15.5736
v 60.3237 4.1962 -14.1405
v 62.4093 4.1962 -12.3593
v 64.1905 4.1962 -10.2737
v 65.6236 4.1962 -7.9351
v 66.6732 4.1962 -5.4012
v 67.3134 4.1962 -2.7343
v 61.8007 1.8843 1.8611
v 61.9472 1.8843 0.0000
v 61.3649 1.8843 3.6764
v 60.6504 1.8843 5.4012
v 59.6750 1.8843 6.9930
v 58.4626 1.8843 8.4126
v 57.0430 1.8843 9.6250
v 55.4512 1.8843 10.6004
v 53.7264 1.8843 11.3149
v 51.9111 1.8843 11.7507
v 50.0500 1.8843 11.8972
v 48.1889 1.8843 11.7507
v 46.3736 1.8843 11.3149
v 44.6488 1.8843 10.6004
v 43.0570 1.8843 9.6250
v 41.6374 1.8843 8.4126
v 40.4250 1.8843 6.9930
v 39.4496 1.8843 5.4012
v 38.7351 1.8843 3.6764
v 38.2993 1.8843 1.8611
v 38.1528 1.8843 0.0000
v 38.2993 1.8843 -1.8611
v 38.7351 1.8843 -3.6764
v 39.4496 1.8843 -5.4012
v 40.4250 1.8843 -6.9930
v 41.6374 1.8843 -8.4126
v 43.0570 1.8843 -9.6250
v 44.6488 1.8843 -10.6004
v 46.3736 1.8843 -11.3149
v 48.1889 1.8843 -11.7507
v 50.0500 1.8843 -11.8972
v 51.9111 1.8843 -11.7507
v 53.7264 1.8843 -11.3149
v 55.4512 1.8843 -10.6004
v 57.0430 1.8843 -9.6250
v 58.4626 1.8843 -8.4126
v 59.6750 1.8843 -6.9930
v 60.6504 1.8843 -5.4012
v 61.3649 1.8843 -3.6764
v 61.8007 1.8843 -1.8611
v 55.9986 0.4740 0.9422
v 56.0727 0.4740 0.0000
v 55.7780 0.4740 1.8611
v 55.4163 0.4740 2.7343
v 54.9225 0.4740 3.5401
v 54.3087 0.4740 4.2587
v 53.5901 0.4740 4.8725
v 52.7843 0.4740 5.3663
v 51.9111 0.4740 5.7280
v 50.9922 0.4740 5.9486
v 50.0500 0.4740 6.0227
v 49.1078 0.4740 5.9486
v 48.1889 0.4740 5.7280
v 47.3157 0.4740 5.3663
v 46.5099 0.4740 4.8725
v 45.7913 0.4740 4.2587
v 45.1775 0.4740 3.5401
v 44.6837 0.4740 2.7343
v 44.3220 0.4740 1.8611
v 44.1014 0.4740 0.9422
v 44.0273 0.4740 0.0000
v 44.1014 0.4740 -0.9422
v 44.3220 0.4740 -1.8611
v 44.6837 0.4740 -2.7343
v 45.1775 0.4740 -3.5401
v 45.7913 0.4740 -4.2587
v 46.5099 0.4740 -4.8725
v 47.3157 0.4740 -5.3663
v 48.1889 0.4740 -5.7280
v 49.1078 0.4740 -5.9486
v 50.0500 0.4740 -6.0227
v 50.9922 0.4740 -5.9486
v 51.9111 0.4740 -5.7280
v 52.7843 0.4740 -5.3663
v 53.5901 0.4740 -4.8725
v 54.3087 0.4740 -4.2587
v 54.9225 0.4740 -3.5401
v 55.4163 0.4740 -2.7343
v 55.7780 0.4740 -1.8611
v 55.9986 0.4740 -0.9422
v 50.0500 0.0000 0.0000
v 150.1500 77.0000 0.0000
v 156.0986 76.5260 0.9422
v 156.1727 76.5260 0.0000
v 155.8780 76.5260 1.8611
v 155.5163 76.5260 2.7343
v 155.0225 76.5260 3.5401
v 154.4087 76.5260 4.2587
v 153.6901 76.5260 4.8725
v 152.8843 76.5260 5.3663
v 152.0111 76.5260 5.7280
v 151.0922 76.5260 5.9486
v 150.1500 76.5260 6.0227
v 149.2078 76.5260 5.9486
v 148.2889 76.5260 5.7280
v 147.4157 76.5260 5.3663
v 146.6099 76.5260 4.8725
v 145.8913 76.5260 4.2587
v 145.2775 76.5260 3.5401
v 144.7837 76.5260 2.7343
v 144.4220 76.5260 1.8611
v 144.2014 76.5260 0.9422
v 144.1273 76.5260 0.0000
v 144.2014 76.5260 -0.9422
v 144.4220 76.5260 -1.8611
v 144.7837 76.5260 -2.7343
v 145.2775 76.5260 -3.5401
v 145.8913 76.5260 -4.2587
v 146.6099 76.5260 -4.8725
v 147.4157 76.5260 -5.3663
v 148.2889 76.5260 -5.7280
v 149.2078 76.5260 -5.9486
v 150.1500 76.5260 -6.0227
v 151.0922 76.5260 -5.9486
v 152.0111 76.5260 -5.7280
v 152.8843 76.5260 -5.3663
v 153.6901 76.5260 -4.8725
v 154.4087 76.5260 -4.2587
v 155.0225 76.5260 -3.5401
v 155.5163 76.5260 -2.7343
v 155.8780 76.5260 -1.8611
v 156.0986 76.5260 -0.9422
v 161.9007 75.1157 1.8611
v 162.0472 75.1157 0.0000
v 161.4649 75.1157 3.6764
v 160.7504 75.1157 5.4012
v 159.7750 75.1157 6.9930
v 158.5626 75.1157 8.4126
v 157.1430 75.1157 9.6250
v 155.5512 75.1157 10.6004
v 153.8264 75.1157 11.3149
v 152.0111 75.1157 11.7507
v 150.1500 75.1157 11.8972
v 148.2889 75.1157 11.7507
v 146.4736 75.1157 11.3149
v 144.7488 75.1157 10.6004
v 143.1570 75.1157 9.6250
v 141.7374 75.1157 8.4126
v 140.5250 75.1157 6.9930
v 139.5496 75.1157 5.4012
v 138.8351 75.1157 3.6764
v 138.3993 75.1157 1.8611
v 138.2528 75.1157 0.0000
v 138.3993 75.1157 -1.8611
v 138.8351 75.1157 -3.6764
v 139.5496 75.1157 -5.4012
v 140.5250 75.1157 -6.9930
v 141.7374 75.1157 -8.4126
v 143.1570 75.1157 -9.6250
v 144.7488 75.1157 -10.6004
v 146.4736 75.1157 -11.3149
v 148.2889 75.1157 -11.7507
v 150.1500 75.1157 -11.8972
v 152.0111 75.1157 -11.7507
v 153.8264 75.1157 -11.3149
v 155.5512 75.1157 -10.6004
v 157.1430 75.1157 -9.6250
v 158.5626 75.1157 -8.4126
v 159.7750 75.1157 -6.9930
v 160.7504 75.1157 -5.4012
v 161.4649 75.1157 -3.6764
v 161.9007 75.1157 -1.8611
v 167.4134 72.8038 2.7343
v 167.6286 72.8038 0.0000
v 166.7732 72.8038 5.4012
v 165.7236 72.8038 7.9351
v 164.2905 72.8038 10.2737
v 162.5093 72.8038 12.3593
v 160.4237 72.8038 14.1405
v 158.0851 72.8038 15.5736
v 155.5512 72.8038 16.6232
v 152.8843 72.8038 17.2634
v 150.1500 72.8038 17.4786
v 147.4157 72.8038 17.2634
v 144.7488 72.8038 16.6232
v 142.2149 72.8038 15.5736
v 139.8763 72.8038 14.1405
v 137.7907 72.8038 12.3593
v 136.0095 72.8038 10.2737
v 134.5764 72.8038 7.9351
v 133.5268 72.8038 5.4012
v 132.8866 72.8038 2.7343
v 132.6714 72.8038 0.0000
v 132.8866 72.8038 -2.7343
v 133.5268 72.8038 -5.4012
v 134.5764 72.8038 -7.9351
v 136.0095 72.8038 -10.2737
v 137.7907 72.8038 -12.3593
v 139.8763 72.8038 -14.1405
v 142.2149 72.8038 -15.5736
v 144.7488 72.8038 -16.6232
v 147.4157 72.8038 -17.2634
v 150.1500 72.8038 -17.4786
v 152.8843 72.8038 -17.2634
v 155.5512 72.8038 -16.6232
v 158.0851 72.8038 -15.5736
v 160.4237 72.8038 -14.1405
v 162.5093 72.8038 -12.3593
v 164.2905 72.8038 -10.2737
v 165.7236 72.8038 -7.9351
v 166.7732 72.8038 -5.4012
v 167.4134 72.8038 -2.7343
v 172.5011 69.6472 3.5401
v 172.7797 69.6472 0.0000
v 171.6722 69.6472 6.9930
v 170.3132 69.6472 10.2737
v 168.4578 69.6472 13.3014
v 166.1516 69.6472 16.0016
v 163.4514 69.6472 18.3078
v 160.4237 69.6472 20.1632
v 157.1430 69.6472 21.5222
v 153.6901 69.6472 22.3511
v 150.1500 69.6472 22.6297
v 146.6099 69.6472 22.3511
v 143.1570 69.6472 21.5222
v 139.8763 69.6472 20.1632
v 136.8486 69.6472 18.3078
v 134.1484 69.6472 16.0016
v 131.8422 69.6472 13.3014
v 129.9868 69.6472 10.2737
v 128.6278 69.6472 6.9930
v 127.7989 69.6472 3.5401
v 127.5203 69.6472 0.0000
v 127.7989 69.6472 -3.5401
v 128.6278 69.6472 -6.9930
v 129.9868 69.6472 -10.2737
v 131.8422 69.6472 -13.3014
v 134.1484 69.6472 -16.0016
v 136.8486 69.6472 -18.3078
v 139.8763 69.6472 -20.1632
v 143.1570 69.6472 -21.5222
v 146.6099 69.6472 -22.3511
v 150.1500 69.6472 -22.6297
v 153.6901 69.6472 -22.3511
v 157.1430 69.6472 -21.5222
v 160.4237 69.6472 -20.1632
v 163.4514 69.6472 -18.3078
v 166.1516 69.6472 -16.0016
v 168.4578 69.6472 -13.3014
v 170.3132 69.6472 -10.2737
v 171.6722 69.6472 -6.9930
v 172.5011 69.6472 -3.5401
v 177.0384 65.7236 4.2587
v 177.3736 65.7236 0.0000
v 176.0412 65.7236 8.4126
v 174.4064 65.7236 12.3593
v 172.1744 65.7236 16.0016
v 169.4000 65.7236 19.2500
v 166.1516 65.7236 22.0244
v 162.5093 65.7236 24.2564
v 158.5626 65.7236 25.8912
v 154.4087 65.7236 26.8884
v 150.1500 65.7236 27.2236
v 145.8913 65.7236 26.8884
v 141.7374 65.7236 25.8912
v 137.7907 65.7236 24.2564
v 134.1484 65.7236 22.0244
v 130.9000 65.7236 19.2500
v 128.1256 65.7236 16.0016
v 125.8936 65.7236 12.3593
v 124.2588 65.7236 8.4126
v 123.2616 65.7236 4.2587
v 122.9264 65.7236 0.0000
v 123.2616 65.7236 -4.2587
v 124.2588 65.7236 -8.4126
v 125.8936 65.7236 -12.3593
v 128.1256 65.7236 -16.0016
v 130.9000 65.7236 -19.2500
v 134.1484 65.7236 -22.0244
v 137.7907 65.7236 -24.2564
v 141.7374 65.7236 -25.8912
v 145.8913 65.7236 -26.8884
v 150.1500 65.7236 -27.2236
v 154.4087 65.7236 -26.8884
v 158.5626 65.7236 -25.8912
v 162.5093 65.7236 -24.2564
v 166.1516 65.7236 -22.0244
v 169.4000 65.7236 -19.2500
v 172.1744 65.7236 -16.0016
v 174.4064 65.7236 -12.3593
v 176.0412 65.7236 -8.4126
v 177.0384 65.7236 -4.2587
v 180.9137 61.1297 4.8725
v 181.2972 61.1297 0.0000
v 179.7727 61.1297 9.6250
v 177.9023 61.1297 14.1405
v 175.3486 61.1297 18.3078
v 172.1744 61.1297 22.0244
v 168.4578 61.1297 25.1986
v 164.2905 61.1297 27.7523
v 159.7750 61.1297 29.6227
v 155.0225 61.1297 30.7637
v 150.1500 61.1297 31.1472
v 145.2775 61.1297 30.7637
v 140.5250 61.1297 29.6227
v 136.0095 61.1297 27.7523
v 131.8422 61.1297 25.1986
v 128.1256 61.1297 22.0244
v 124.9514 61.1297 18.3078
v 122.3977 61.1297 14.1405
v 120.5273 61.1297 9.6250
v 119.3863 61.1297 4.8725
v 119.0028 61.1297 0.0000
v 119.3863 61.1297 -4.8725
v 120.5273 61.1297 -9.6250
v 122.3977 61.1297 -14.1405
v 124.9514 61.1297 -18.3078
v 128.1256 61.1297 -22.0244
v 131.8422 61.1297 -25.1986
v 136.0095 61.1297 -27.7523
v 140.5250 61.1297 -29.6227
v 145.2775 61.1297 -30.7637
v 150.1500 61.1297 -31.1472
v 155.0225 61.1297 -30.7637
v 159.7750 61.1297 -29.6227
v 164.2905 61.1297 -27.7523
v 168.4578 61.1297 -25.1986
v 172.1744 61.1297 -22.0244
v 175.3486 61.1297 -18.3078
v 177.9023 61.1297 -14.1405
v 179.7727 61.1297 -9.6250
v 180.9137 61.1297 -4.8725
v 184.0314 55.9786 5.3663
v 184.4538 55.9786 0.0000
v 182.7748 55.9786 10.6004
v 180.7149 55.9786 15.5736
v 177.9023 55.9786 20.1632
v 174.4064 55.9786 24.2564
v 170.3132 55.9786 27.7523
v 165.7236 55.9786 30.5649
v 160.7504 55.9786 32.6248
v 155.5163 55.9786 33.8814
v 150.1500 55.9786 34.3038
v 144.7837 55.9786 33.8814
v 139.5496 55.9786 32.6248
v 134.5764 55.9786 30.5649
v 129.9868 55.9786 27.7523
v 125.8936 55.9786 24.2564
v 122.3977 55.9786 20.1632
v 119.5851 55.9786 15.5736
v 117.5252 55.9786 10.6004
v 116.2686 55.9786 5.3663
v 115.8462 55.9786 0.0000
v 116.2686 55.9786 -5.3663
v 117.5252 55.9786 -10.6004
v 119.5851 55.9786 -15.5736
v 122.3977 55.9786 -20.1632
v 125.8936 55.9786 -24.2564
v 129.9868 55.9786 -27.7523
v 134.5764 55.9786 -30.5649
v 139.5496 55.9786 -32.6248
v 144.7837 55.9786 -33.8814
v 150.1500 55.9786 -34.3038
v 155.5163 55.9786 -33.8814
v 160.7504 55.9786 -32.6248
v 165.7236 55.9786 -30.5649
v 170.3132 55.9786 -27.7523
v 174.4064 55.9786 -24.2564
v 177.9023 55.9786 -20.1632
v 180.7149 55.9786 -15.5736
v 182.7748 55.9786 -10.6004
v 184.0314 55.9786 -5.3663
v 186.3149 50.3972 5.7280
v 186.7657 50.3972 0.0000
v 184.9736 50.3972 11.3149
v 182.7748 50.3972 16.6232
v 179.7727 50.3972 21.5222
v 176.0412 50.3972 25.8912
v 171.6722 50.3972 29.6227
v 166.7732 50.3972 32.6248
v 161.4649 50.3972 34.8236
v 155.8780 50.3972 36.1649
v 150.1500 50.3972 36.6157
v 144.4220 50.3972 36.1649
v 138.8351 50.3972 34.8236
v 133.5268 50.3972 32.6248
v 128.6278 50.3972 29.6227
v 124.2588 50.3972 25.8912
v 120.5273 50.3972 21.5222
v 117.5252 50.3972 16.6232
v 115.3264 50.3972 11.3149
v 113.9851 50.3972 5.7280
v 113.5343 50.3972 0.0000
v 113.9851 50.3972 -5.7280
v 115.3264 50.3972 -11.3149
v 117.5252 50.3972 -16.6232
v 120.5273 50.3972 -21.5222
v 124.2588 50.3972 -25.8912
v 128.6278 50.3972 -29.6227
v 133.5268 50.3972 -32.6248
v 138.8351 50.3972 -34.8236
v 144.4220 50.3972 -36.1649
v 150.1500 50.3972 -36.6157
v 155.8780 50.3972 -36.1649
v 161.4649 50.3972 -34.8236
v 166.7732 50.3972 -32.6248
v 171.6722 50.3972 -29.6227
v 176.0412 50.3972 -25.8912
v 179.7727 50.3972 -21.5222
v 182.7748 50.3972 -16.6232
v 184.9736 50.3972 -11.3149
v 186.3149 50.3972 -5.7280
v 187.7078 44.5227 5.9486
v 188.1760 44.5227 0.0000
v 186.3149 44.5227 11.7507
v 184.0314 44.5227 17.2634
v 180.9137 44.5227 22.3511
v 177.0384 44.5227 26.8884
v 172.5011 44.5227 30.7637
v 167.4134 44.5227 33.8814
v 161.9007 44.5227 36.1649
v 156.0986 44.5227 37.5578
v 150.1500 44.5227 38.0260
v 144.2014 44.5227 37.5578
v 138.3993 44.5227 36.1649
v 132.8866 44.5227 33.8814
v 127.7989 44.5227 30.7637
v 123.2616 44.5227 26.8884
v 119.3863 44.5227 22.3511
v 116.2686 44.5227 17.2634
v 113.9851 44.5227 11.7507
v 112.5922 44.5227 5.9486
v 112.1240 44.5227 0.0000
v 112.5922 44.5227 -5.9486
v 113.9851 44.5227 -11.7507
v 116.2686 44.5227 -17.2634
v 119.3863 44.5227 -22.3511
v 123.2616 44.5227 -26.8884
v 127.7989 44.5227 -30.7637
v 132.8866 44.5227 -33.8814
v 138.3993 44.5227 -36.1649
v 144.2014 44.5227 -37.5578
v 150.1500 44.5227 -38.0260
v 156.0986 44.5227 -37.5578
v 161.9007 44.5227 -36.1649
v 167.4134 44.5227 -33.8814
v 172.5011 44.5227 -30.7637
v 177.0384 44.5227 -26.8884
v 180.9137 44.5227 -22.3511
v 184.0314 44.5227 -17.2634
v 186.3149 44.5227 -11.7507
v 187.7078 44.5227 -5.9486
v 188.1760 38.5000 6.0227
v 188.6500 38.5000 0.0000
v 186.7657 38.5000 11.8972
v 184.4538 38.5000 17.4786
v 181.2972 38.5000 22.6297
v 177.3736 38.5000 27.2236
v 172.7797 38.5000 31.1472
v 167.6286 38.5000 34.3038
v 162.0472 38.5000 36.6157
v 156.1727 38.5000 38.0260
v 150.1500 38.5000 38.5000
v 144.1273 38.5000 38.0260
v 138.2528 38.5000 36.6157
v 132.6714 38.5000 34.3038
v 127.5203 38.5000 31.1472
v 122.9264 38.5000 27.2236
v 119.0028 38.5000 22.6297
v 115.8462 38.5000 17.4786
v 113.5343 38.5000 11.8972
v 112.1240 38.5000 6.0227
v 111.6500 38.5000 0.0000
v 112.1240 38.5000 -6.0227
v 113.5343 38.5000 -11.8972
v 115.8462 38.5000 -17.4786
v 119.0028 38.5000 -22.6297
v 122.9264 38.5000 -27.2236
v 127.5203 38.5000 -31.1472
v 132.6714 38.5000 -34.3038
v 138.2528 38.5000 -36.6157
v 144.1273 38.5000 -38.0260
v 150.1500 38.5000 -38.5000
v 156.1727 38.5000 -38.0260
v 162.0472 38.5000 -36.6157
v 167.6286 38.5000 -34.3038
v 172.7797 38.5000 -31.1472
v 177.3736 38.5000 -27.2236
v 181.2972 38.5000 -22.6297
v 184.4538 38.5000 -17.4786
v 186.7657 38.5000 -11.8972
v 188.1760 38.5000 -6.0227
v 187.7078 32.4773 5.9486
v 188.1760 32.4773 0.0000
v 186.3149 32.4773 11.7507
v 184.0314 32.4773 17.2634
v 180.9137 32.4773 22.3511
v 177.0384 32.4773 26.8884
v 172.5011 32.4773 30.7637
v 167.4134 32.4773 33.8814
v 161.9007 32.4773 36.1649
v 156.0986 32.4773 37.5578
v 150.1500 32.4773 38.0260
v 144.2014 32.4773 37.5578
v 138.3993 32.4773 36.1649
v 132.8866 32.4773 33.8814
v 127.7989 32.4773 30.7637
v 123.2616 32.4773 26.8884
v 119.3863 32.4773 22.3511
v 116.2686 32.4773 17.2634
v 113.9851 32.4773 11.7507
v 112.5922 32.4773 5.9486
v 112.1240 32.4773 0.0000
v 112.5922 32.4773 -5.9486
v 113.9851 32.4773 -11.7507
v 116.2686 32.4773 -17.2634
v 119.3863 32.4773 -22.3511
v 123.2616 32.4773 -26.8884
v 127.7989 32.4773 -30.7637
v 132.8866 32.4773 -33.8814
v 138.3993 32.4773 -36.1649
v 144.2014 32.4773 -37.5578
v 150.1500 32.4773 -38.0260
v 156.0986 32.4773 -37.5578
v 161.9007 32.4773 -36.1649
v 167.4134 32.4773 -33.8814
v 172.5011 32.4773 -30.7637
v 177.0384 32.4773 -26.8884
v 180.9137 32.4773 -22.3511
v 184.0314 32.4773 -17.2634
v 186.3149 32.4773 -11.7507
v 187.7078 32.4773 -5.9486
v 186.3149 26.6028 5.7280
v 186.7657 26.6028 0.0000
v 184.9736 26.6028 11.3149
v 182.7748 26.6028 16.6232
v 179.7727 26.6028 21.5222
v 176.0412 26.6028 25.8912
v 171.6722 26.6028 29.6227
v 166.7732 26.6028 32.6248
v 161.4649 26.6028 34.8236
v 155.8780 26.6028 36.1649
v 150.1500 26.6028 36.6157
v 144.4220 26.6028 36.1649
v 138.8351 26.6028 34.8236
v 133.5268 26.6028 32.6248
v 128.6278 26.6028 29.6227
v 124.2588 26.6028 25.8912
v 120.5273 26.6028 21.5222
v 117.5252 26.6028 16.6232
v 115.3264 26.6028 11.3149
v 113.9851 26.6028 5.7280
v 113.5343 26.6028 0.0000
v 113.9851 26.6028 -5.7280
v 115.3264 26.6028 -11.3149
v 117.5252 26.6028 -16.6232
v 120.5273 26.6028 -21.5222
v 124.2588 26.6028 -25.8912
v 128.6278 26.6028 -29.6227
v 133.5268 26.6028 -32.6248
v 138.8351 26.6028 -34.8236
v 144.4220 26.6028 -36.1649
v 150.1500 26.6028 -36.6157
v 155.8780 26.6028 -36.1649
v 161.4649 26.6028 -34.8236
v 166.7732 26.6028 -32.6248
v 171.6722 26.6028 -29.6227
v 176.0412 26.6028 -25.8912
v 179.7727 26.6028 -21.5222
v 182.7748 26.6028 -16.6232
v 184.9736 26.6028 -11.3149
v 186.3149 26.6028 -5.7280
v 184.0314 21.0214 5.3663
v 184.4538 21.0214 0.0000
v 182.7748 21.0214 10.6004
v 180.7149 21.0214 15.5736
v 177.9023 21.0214 20.1632
v 174.4064 21.0214 24.2564
v 170.3132 21.0214 27.7523
v 165.7236 21.0214 30.5649
v 160.7504 21.0214 32.6248
v 155.5163 21.0214 33.8814
v 150.1500 21.0214 34.3038
v 144.7837 21.0214 33.8814
v 139.5496 21.0214 32.6248
v 134.5764 21.0214 30.5649
v 129.9868 21.0214 27.7523
v 125.8936 21.0214 24.2564
v 122.3977 21.0214 20.1632
v 119.5851 21.0214 15.5736
v 117.5252 21.0214 10.6004
v 116.2686 21.0214 5.3663
v 115.8462 21.0214 0.0000
v 116.2686 21.0214 -5.3663
v 117.5252 21.0214 -10.6004
v 119.5851 21.0214 -15.5736
v 122.3977 21.0214 -20.1632
v 125.8936 21.0214 -24.2564
v 129.9868 21.0214 -27.7523
v 134.5764 21.0214 -30.5649
v 139.5496 21.0214 -32.6248
v 144.7837 21.0214 -33.8814
v 150.1500 21.0214 -34.3038
v 155.5163 21.0214 -33.8814
v 160.7504 21.0214 -32.6248
v 165.7236 21.0214 -30.5649
v 170.3132 21.0214 -27.7523
v 174.4064 21.0214 -24.2564
v 177.9023 21.0214 -20.1632
v 180.7149 21.0214 -15.5736
v 182.7748 21.0214 -10.6004
v 184.0314 21.0214 -5.3663
v 180.9137 15.8703 4.8725
v 181.2972 15.8703 0.0000
v 179.7727 15.8703 9.6250
v 177.9023 15.8703 14.1405
v 175.3486 15.8703 18.3078
v 172.1744 15.8703 22.0244
v 168.4578 15.8703 25.1986
v 164.2905 15.8703 27.7523
v 159.7750 15.8703 29.6227
v 155.0225 15.8703 30.7637
v 150.1500 15.8703 31.1472
v 145.2775 15.8703 30.7637
v 140.5250 15.8703 29.6227
v 136.0095 15.8703 27.7523
v 131.8422 15.8703 25.1986
v 128.1256 15.8703 22.0244
v 124.9514 15.8703 18.3078
v 122.3977 15.8703 14.1405
v 120.5273 15.8703 9.6250
v 119.3863 15.8703 4.8725
v 119.0028 15.8703 0.0000
v 119.3863 15.8703 -4.8725
v 120.5273 15.8703 -9.6250
v 122.3977 15.8703 -14.1405
v 124.9514 15.8703 -18.3078
v 128.1256 15.8703 -22.0244
v 131.8422 15.8703 -25.1986
v 136.0095 15.8703 -27.7523
v 140.5250 15.8703 -29.6227
v 145.2775 15.8703 -30.7637
v 150.1500 15.8703 -31.1472
v 155.0225 15.8703 -30.7637
v 159.7750 15.8703 -29.6227
v 164.2905 15.8703 -27.7523
v 168.4578 15.8703 -25.1986
v 172.1744 15.8703 -22.0244
v 175.3486 15.8703 -18.3078
v 177.9023 15.8703 -14.1405
v 179.7727 15.8703 -9.6250
v 180.9137 15.8703 -4.8725
v 177.0384 11.2764 4.2587
v 177.3736 11.2764 0.0000
v 176.0412 11.2764 8.4126
v 174.4064 11.2764 12.3593
v 172.1744 11.2764 16.0016
v 169.4000 11.2764 19.2500
v 166.1516 11.2764 22.0244
v 162.5093 11.2764 24.2564
v 158.5626 11.2764 25.8912
v 154.4087 11.2764 26.8884
v 150.1500 11.2764 27.2236
v 145.8913 11.2764 26.8884
v 141.7374 11.2764 25.8912
v 137.7907 11.2764 24.2564
v 134.1484 11.2764 22.0244
v 130.9000 11.2764 19.2500
v 128.1256 11.2764 16.0016
v 125.8936 11.2764 12.3593
v 124.2588 11.2764 8.4126
v 123.2616 11.2764 4.2587
v 122.9264 11.2764 0.0000
v 123.2616 11.2764 -4.2587
v 124.2588 11.2764 -8.4126
v 125.8936 11.2764 -12.3593
v 128.1256 11.2764 -16.0016
v 130.9000 11.2764 -19.2500
v 134.1484 11.2764 -22.0244
v 137.7907 11.2764 -24.2564
v 141.7374 11.2764 -25.8912
v 145.8913 11.2764 -26.8884
v 150.1500 11.2764 -27.2236
v 154.4087 11.2764 -26.8884
v 158.5626 11.2764 -25.8912
v 162.5093 11.2764 -24.2564
v 166.1516 11.2764 -22.0244
v 169.4000 11.2764 -19.2500
v 172.1744 11.2764 -16.0016
v 174.4064 11.2764 -12.3593
v 176.0412 11.2764 -8.4126
v 177.0384 11.2764 -4.2587
v 172.5011 7.3528 3.5401
v 172.7797 7.3528 0.0000
v 171.6722 7.3528 6.9930
v 170.3132 7.3528 10.2737
v 168.4578 7.3528 13.3014
v 166.1516 7.3528 16.0016
v 163.4514 7.3528 18.3078
v 160.4237 7.3528 20.1632
v 157.1430 7.3528 21.5222
v 153.6901 7.3528 22.3511
v 150.1500 7.3528 22.6297
v 146.6099 7.3528 22.3511
v 143.1570 7.3528 21.5222
v 139.8763 7.3528 20.1632
v 136.8486 7.3528 18.3078
v 134.1484 7.3528 16.0016
v 131.8422 7.3528 13.3014
v 129.9868 7.3528 10.2737
v 128.6278 7.3528 6.9930
v 127.7989 7.3528 3.5401
v 127.5203 7.3528 0.0000
v 127.7989 7.3528 -3.5401
v 128.6278 7.3528 -6.9930
v 129.9868 7.3528 -10.2737
v 131.8422 7.3528 -13.3014
v 134.1484 7.3528 -16.0016
v 136.8486 7.3528 -18.3078
v 139.8763 7.3528 -20.1632
v 143.1570 7.3528 -21.5222
v 146.6099 7.3528 -22.3511
v 150.1500 7.3528 -22.6297
v 153.6901 7.3528 -22.3511
v 157.1430 7.3528 -21.5222
v 160.4237 7.3528 -20.1632
v 163.4514 7.3528 -18.3078
v 166.1516 7.3528 -16.0016
v 168.4578 7.3528 -13.3014
v 170.3132 7.3528 -10.2737
v 171.6722 7.3528 -6.9930
v 172.5011 7.3528 -3.5401
v 167.4134 4.1962 2.7343
v 167.6286 4.1962 0.0000
v 166.7732 4.1962 5.4012
v 165.7236 4.1962 7.9351
v 164.2905 4.1962 10.2737
v 162.5093 4.1962 12.3593
v 160.4237 4.1962 14.1405
v 158.0851 4.1962 15.5736
v 155.5512 4.1962 16.6232
v 152.8843 4.1962 17.2634
v 150.1500 4.1962 17.4786
v 147.4157 4.1962 17.2634
v 144.7488 4.1962 16.6232
v 142.2149 4.1962 15.5736
v 139.8763 4.1962 14.1405
v 137.7907 4.1962 12.3593
v 136.0095 4.1962 10.2737
v 134.5764 4.1962 7.9351
v 133.5268 4.1962 5.4012
v 132.8866 4.1962 2.7343
v 132.6714 4.1962 0.0000
v 132.8866 4.1962 -2.7343
v 133.5268 4.1962 -5.4012
v 134.5764 4.1962 -7.9351
v 136.0095 4.1962 -10.2737
v 137.7907 4.1962 -12.3593
v 139.8763 4.1962 -14.1405
v 142.2149 4.1962 -15.5736
v 144.7488 4.1962 -16.6232
v 147.4157 4.1962 -17.2634
v 150.1500 4.1962 -17.4786
v 152.8843 4.1962 -17.2634
v 155.5512 4.1962 -16.6232
v 158.0851 4.1962 -15.5736
v 160.4237 4.1962 -14.1405
v 162.5093 4.1962 -12.3593
v 164.2905 4.1962 -10.2737
v 165.7236 4.1962 -7.9351
v 166.7732 4.1962 -5.4012
v 167.4134 4.1962 -2.7343
v 161.9007 1.8843 1.8611
v 162.0472 1.8843 0.0000
v 161.4649 1.8843 3.6764
v 160.7504 1.8843 5.4012
v 159.7750 1.8843 6.9930
v 158.5626 1.8843 8.4126
v 157.1430 1.8843 9.6250
v 155.5512 1.8843 10.6004
v 153.8264 1.8843 11.3149
v 152.0111 1.8843 11.7507
v 150.1500 1.8843 11.8972
v 148.2889 1.8843 11.7507
v 146.4736 1.8843 11.3149
v 144.7488 1.8843 10.6004
v 143.1570 1.8843 9.6250
v 141.7374 1.8843 8.4126
v 140.5250 1.8843 6.9930
v 139.5496 1.8843 5.4012
v 138.8351 1.8843 3.6764
v 138.3993 1.8843 1.8611
v 138.2528 1.8843 0.0000
v 138.3993 1.8843 -1.8611
v 138.8351 1.8843 -3.6764
v 139.5496 1.8843 -5.4012
v 140.5250 1.8843 -6.9930
v 141.7374 1.8843 -8.4126
v 143.1570 1.8843 -9.6250
v 144.7488 1.8843 -10.6004
v 146.4736 1.8843 -11.3149
v 148.2889 1.8843 -11.7507
v 150.1500 1.8843 -11.8972
v 152.0111 1.8843 -11.7507
v 153.8264 1.8843 -11.3149
v 155.5512 1.8843 -10.6004
v 157.1430 1.8843 -9.6250
v 158.5626 1.8843 -8.4126
v 159.7750 1.8843 -6.9930
v 160.7504 1.8843 -5.4012
v 161.4649 1.8843 -3.6764
v 161.9007 1.8843 -1.8611
v 156.0986 0.4740 0.9422
v 156.1727 0.4740 0.0000
v 155.8780 0.4740 1.8611
v 155.5163 0.4740 2.7343
v 155.0225 0.4740 3.5401
v 154.4087 0.4740 4.2587
v 153.6901 0.4740 4.8725
v 152.8843 0.4740 5.3663
v 152.0111 0.4740 5.7280
v 151.0922 0.4740 5.9486
v 150.1500 0.4740 6.0227
v 149.2078 0.4740 5.9486
v 148.2889 0.4740 5.7280
v 147.4157 0.4740 5.3663
v 146.6099 0.4740 4.8725
v 145.8913 0.4740 4.2587
v 145.2775 0.4740 3.5401
v 144.7837 0.4740 2.7343
v 144.4220 0.4740 1.8611
v 144.2014 0.4740 0.9422
v 144.1273 0.4740 0.0000
v 144.2014 0.4740 -0.9422
v 144.4220 0.4740 -1.8611
v 144.7837 0.4740 -2.7343
v 145.2775 0.4740 -3.5401
v 145.8913 0.4740 -4.2587
v 146.6099 0.4740 -4.8725
v 147.4157 0.4740 -5.3663
v 148.2889 0.4740 -5.7280
v 149.2078 0.4740 -5.9486
v 150.1500 0.4740 -6.0227
v 151.0922 0.4740 -5.9486
v 152.0111 0.4740 -5.7280
v 152.8843 0.4740 -5.3663
v 153.6901 0.4740 -4.8725
v 154.4087 0.4740 -4.2587
v 155.0225 0.4740 -3.5401
v 155.5163 0.4740 -2.7343
v 155.8780 0.4740 -1.8611
v 156.0986 0.4740 -0.9422
v 150.1500 0.0000 0.0000
v 250.2500 77.0000 0.0000
v 256.1986 76.5260 0.9422
v 256.2727 76.5260 0.0000
v 255.9780 76.5260 1.8611
v 255.6163 76.5260 2.7343
v 255.1225 76.5260 3.5401
v 254.5087 76.5260 4.2587
v 253.7901 76.5260 4.8725
v 252.9843 76.5260 5.3663
v 252.1111 76.5260 5.7280
v 251.1922 76.5260 5.9486
v 250.2500 76.5260 6.0227
v 249.3078 76.5260 5.9486
v 248.3889 76.5260 5.7280
v 247.5157 76.5260 5.3663
v 246.7099 76.5260 4.8725
v 245.9913 76.5260 4.2587
v 245.3775 76.5260 3.5401
v 244.8837 76.5260 2.7343
v 244.5220 76.5260 1.8611
v 244.3014 76.5260 0.9422
v 244.2273 76.5260 0.0000
v 244.3014 76.5260 -0.9422
v 244.5220 76.5260 -1.8611
v 244.8837 76.5260 -2.7343
v 245.3775 76.5260 -3.5401
v 245.9913 76.5260 -4.2587
v 246.7099 76.5260 -4.8725
v 247.5157 76.5260 -5.3663
v 248.3889 76.5260 -5.7280
v 249.3078 76.5260 -5.9486
v 250.2500 76.5260 -6.0227
v 251.1922 76.5260 -5.9486
v 252.1111 76.5260 -5.7280
v 252.9843 76.5260 -5.3663
v 253.7901 76.5260 -4.8725
v 254.5087 76.5260 -4.2587
v 255.1225 76.5260 -3.5401
v 255.6163 76.5260 -2.7343
v 255.9780 76.5260 -1.8611
v 256.1986 76.5260 -0.9422
v 262.0007 75.1157 1.8611
v 262.1472 75.1157 0.0000
v 261.5649 75.1157 3.6764
v 260.8504 75.1157 5.4012
v 259.8750 75.1157 6.9930
v 258.6626 75.1157 8.4126
v 257.2430 75.1157 9.6250
v 255.6512 75.1157 10.6004
v 253.9264 75.1157 11.3149
v 252.1111 75.1157 11.7507
v 250.2500 75.1157 11.8972
v 248.3889 75.1157 11.7507
v 246.5736 75.1157 11.3149
v 244.8488 75.1157 10.6004
v 243.2570 75.1157 9.6250
v 241.8374 75.1157 8.4126
v 240.6250 75.1157 6.9930
v 239.6496 75.1157 5.4012
v 238.9351 75.1157 3.6764
v 238.4993 75.1157 1.8611
v 238.3528 75.1157 0.0000
v 238.4993 75.1157 -1.8611
v 238.9351 75.1157 -3.6764
v 239.6496 75.1157 -5.4012
v 240.6250 75.1157 -6.9930
v 241.8374 75.1157 -8.4126
v 243.2570 75.1157 -9.6250
v 244.8488 75.1157 -10.6004
v 246.5736 75.1157 -11.3149
v 248.3889 75.1157 -11.7507
v 250.2500 75.1157 -11.8972
v 252.1111 75.1157 -11.7507
v 253.9264 75.1157 -11.3149
v 255.6512 75.1157 -10.6004
v 257.2430 75.1157 -9.6250
v 258.6626 75.1157 -8.4126
v 259.8750 75.1157 -6.9930
v 260.8504 75.1157 -5.4012
v 261.5649 75.1157 -3.6764
v 262.0007 75.1157 -1.8611
v 267.5134 72.8038 2.7343
v 267.7286 72.8038 0.0000
v 266.8732 72.8038 5.4012
v 265.8236 72.8038 7.9351
v 264.3905 72.8038 10.2737
v 262.6093 72.8038 12.3593
v 260.5237 72.8038 14.1405
v 258.1851 72.8038 15.5736
v 255.6512 72.8038 16.6232
v 252.9843 72.8038 17.2634
v 250.2500 72.8038 17.4786
v 247.5157 72.8038 17.2634
v 244.8488 72.8038 16.6232
v 242.3149 72.8038 15.5736
v 239.9763 72.8038 14.1405
v 237.8907 72.8038 12.3593
v 236.1095 72.8038 10.2737
v 234.6764 72.8038 7.9351
v 233.6268 72.8038 5.4012
v 232.9866 72.8038 2.7343
v 232.7714 72.8038 0.0000
v 232.9866 72.8038 -2.7343
v 233.6268 72.8038 -5.4012
v 234.6764 72.8038 -7.9351
v 236.1095 72.8038 -10.2737
v 237.8907 72.8038 -12.3593
v 239.9763 72.8038 -14.1405
v 242.3149 72.8038 -15.5736
v 244.8488 72.8038 -16.6232
v 247.5157 72.8038 -17.2634
v 250.2500 72.8038 -17.4786
v 252.9843 72.8038 -17.2634
v 255.6512 72.8038 -16.6232
v 258.1851 72.8038 -15.5736
v 260.5237 72.8038 -14.1405
v 262.6093 72.8038 -12.3593
v 264.3905 72.8038 -10.2737
v 265.8236 72.8038 -7.9351
v 266.8732 72.8038 -5.4012
v 267.5134 72.8038 -2.7343
v 272.6011 69.6472 3.5401
v 272.8797 69.6472 0.0000
v 271.7722 69.6472 6.9930
v 270.4132 69.6472 10.2737
v 268.5578 69.6472 13.3014
v 266.2516 69.6472 16.0016
v 263.5514 69.6472 18.3078
v 260.5237 69.6472 20.1632
v 257.2430 69.6472 21.5222
v 253.7901 69.6472 22.3511
v 250.2500 69.6472 22.6297
v 246.7099 69.6472 22.3511
v 243.2570 69.6472 21.5222
v 239.9763 69.6472 20.1632
v 236.9486 69.6472 18.3078
v 234.2484 69.6472 16.0016
v 231.9422 69.6472 13.3014
v 230.0868 69.6472 10.2737
v 228.7278 69.6472 6.9930
v 227.8989 69.6472 3.5401
v 227.6203 69.6472 0.0000
v 227.8989 69.6472 -3.5401
v 228.7278 69.6472 -6.9930
v 230.0868 69.6472 -10.2737
v 231.9422 69.6472 -13.3014
v 234.2484 69.6472 -16.0016
v 236.9486 69.6472 -18.3078
v 239.9763 69.6472 -20.1632
v 243.2570 69.6472 -21.5222
v 246.7099 69.6472 -22.3511
v 250.2500 69.6472 -22.6297
v 253.7901 69.6472 -22.3511
v 257.2430 69.6472 -21.5222
v 260.5237 69.6472 -20.1632
v 263.5514 69.6472 -18.3078
v 266.2516 69.6472 -16.0016
v 268.5578 69.6472 -13.3014
v 270.4132 69.6472 -10.2737
v 271.7722 69.6472 -6.9930
v 272.6011 69.6472 -3.5401
v 277.1384 65.7236 4.2587
v 277.4736 65.7236 0.0000
v 276.1412 65.7236 8.4126
v 274.5064 65.7236 12.3593
v 272.2744 65.7236 16.0016
v 269.5000 65.7236 19.2500
v 266.2516 65.7236 22.0244
v 262.6093 65.7236 24.2564
v 258.6626 65.7236 25.8912
v 254.5087 65.7236 26.8884
v 250.2500 65.7236 27.2236
v 245.9913 65.7236 26.8884
v 241.8374 65.7236 25.8912
v 237.8907 65.7236 24.2564
v 234.2484 65.7236 22.0244
v 231.0000 65.7236 19.2500
v 228.2256 65.7236 16.0016
v 225.9936 65.7236 12.3593
v 224.3588 65.7236 8.4126
v 223.3616 65.7236 4.2587
v 223.0264 65.7236 0.0000
v 223.3616 65.7236 -4.2587
v 224.3588 65.7236 -8.4126
v 225.9936 65.7236 -12.3593
v 228.2256 65.7236 -16.0016
v 231.0000 65.7236 -19.2500
v 234.2484 65.7236 -22.0244
v 237.8907 65.7236 -24.2564
v 241.8374 65.7236 -25.8912
v 245.9913 65.7236 -26.8884
v 250.2500 65.7236 -27.2236
v 254.5087 65.7236 -26.8884
v 258.6626 65.7236 -25.8912
v 262.6093 65.7236 -24.2564
v 266.2516 65.7236 -22.0244
v 269.5000 65.7236 -19.2500
v 272.2744 65.7236 -16.0016
v 274.5064 65.7236 -12.3593
v 276.1412 65.7236 -8.4126
v 277.1384 65.7236 -4.2587
v 281.0137 61.1297 4.8725
v 281.3972 61.1297 0.0000
v 279.8727 61.1297 9.6250
v 278.0023 61.1297 14.1405
v 275.4486 61.1297 18.3078
v 272.2744 61.1297 22.0244
v 268.5578 61.1297 25.1986
v 264.3905 61.1297 27.7523
v 259.8750 61.1297 29.6227
v 255.1225 61.1297 30.7637
v 250.2500 61.1297 31.1472
v 245.3775 61.1297 30.7637
v 240.6250 61.1297 29.6227
v 236.1095 61.1297 27.7523
v 231.9422 61.1297 25.1986
v 228.2256 61.1297 22.0244
v 225.0514 61.1297 18.3078
v 222.4977 61.1297 14.1405
v 220.6273 61.1297 9.6250
v 219.4863 61.1297 4.8725
v 219.1028 61.1297 0.0000
v 219.4863 61.1297 -4.8725
v 220.6273 61.1297 -9.6250
v 222.4977 61.1297 -14.1405
v 225.0514 61.1297 -18.3078
v 228.2256 61.1297 -22.0244
v 231.9422 61.1297 -25.1986
v 236.1095 61.1297 -27.7523
v 240.6250 61.1297 -29.6227
v 245.3775 61.1297 -30.7637
v 250.2500 61.1297 -31.1472
v 255.1225 61.1297 -30.7637
v 259.8750 61.1297 -29.6227
v 264.3905 61.1297 -27.7523
v 268.5578 61.1297 -25.1986
v 272.2744 61.1297 -22.0244
v 275.4486 61.1297 -18.3078
v 278.0023 61.1297 -14.1405
v 279.8727 61.1297 -9.6250
v 281.0137 61.1297 -4.8725
v 284.1314 55.9786 5.3663
v 284.5538 55.9786 0.0000
v 282.8748 55.9786 10.6004
v 280.8149 55.9786 15.5736
v 278.0023 55.9786 20.1632
v 274.5064 55.9786 24.2564
v 270.4132 55.9786 27.7523
v 265.8236 55.9786 30.5649
v 260.8504 55.9786 32.6248
v 255.6163 55.9786 33.8814
v 250.2500 55.9786 34.3038
v 244.8837 55.9786 33.8814
v 239.6496 55.9786 32.6248
v 234.6764 55.9786 30.5649
v 230.0868 55.9786 27.7523
v 225.9936 55.9786 24.2564
v 222.4977 55.9786 20.1632
v 219.6851 55.9786 15.5736
v 217.6252 55.9786 10.6004
v 216.3686 55.9786 5.3663
v 215.9462 55.9786 0.0000
v 216.3686 55.9786 -5.3663
v 217.6252 55.9786 -10.6004
v 219.6851 55.9786 -15.5736
v 222.4977 55.9786 -20.1632
v 225.9936 55.9786 -24.2564
v 230.0868 55.9786 -27.7523
v 234.6764 55.9786 -30.5649
v 239.6496 55.9786 -32.6248
v 244.8837 55.9786 -33.8814
v 250.2500 55.9786 -34.3038
v 255.6163 55.9786 -33.8814
v 260.8504 55.9786 -32.6248
v 265.8236 55.9786 -30.5649
v 270.4132 55.9786 -27.7523
v 274.5064 55.9786 -24.2564
v 278.0023 55.9786 -20.1632
v 280.8149 55.9786 -15.5736
v 282.8748 55.9786 -10.6004
v 284.1314 55.9786 -5.3663
v 286.4149 50.3972 5.7280
v 286.8657 50.3972 0.0000
v 285.0736 50.3972 11.3149
v 282.8748 50.3972 16.6232
v 279.8727 50.3972 21.5222
v 276.1412 50.3972 25.8912
v 271.7722 50.3972 29.6227
v 266.8732 50.3972 32.6248
v 261.5649 50.3972 34.8236
v 255.9780 50.3972 36.1649
v 250.2500 50.3972 36.6157
v 244.5220 50.3972 36.1649
v 238.9351 50.3972 34.8236
v 233.6268 50.3972 32.6248
v 228.7278 50.3972 29.6227
v 224.3588 50.3972 25.8912
v 220.6273 50.3972 21.5222
v 217.6252 50.3972 16.6232
v 215.4264 50.3972 11.3149
v 214.0851 50.3972 5.7280
v 213.6343 50.3972 0.0000
v 214.0851 50.3972 -5.7280
v 215.4264 50.3972 -11.3149
v 217.6252 50.3972 -16.6232
v 220.6273 50.3972 -21.5222
v 224.3588 50.3972 -25.8912
v 228.7278 50.3972 -29.6227
v 233.6268 50.3972 -32.6248
v 238.9351 50.3972 -34.8236
v 244.5220 50.3972 -36.1649
v 250.2500 50.3972 -36.6157
v 255.9780 50.3972 -36.1649
v 261.5649 50.3972 -34.8236
v 266.8732 50.3972 -32.6248
v 271.7722 50.3972 -29.6227
v 276.1412 50.3972 -25.8912
v 279.8727 50.3972 -21.5222
v 282.8748 50.3972 -16.6232
v 285.0736 50.3972 -11.3149
v 286.4149 50.3972 -5.7280
v 287.8078 44.5227 5.9486
v 288.2760 44.5227 0.0000
v 286.4149 44.5227 11.7507
v 284.1314 44.5227 17.2634
v 281.0137 44.5227 22.3511
v 277.1384 44.5227 26.8884
v 272.6011 44.5227 30.7637
v 267.5134 44.5227 33.8814
v 262.0007 44.5227 36.1649
v 256.1986 44.5227 37.5578
v 250.2500 44.5227 38.0260
v 244.3014 44.5227 37.5578
v 238.4993 44.5227 36.1649
v 232.9866 44.5227 33.8814
v 227.8989 44.5227 30.7637
v 223.3616 44.5227 26.8884
v 219.4863 44.5227 22.3511
v 216.3686 44.5227 17.2634
v 214.0851 44.5227 11.7507
v 212.6922 44.5227 5.9486
v 212.2240 44.5227 0.0000
v 212.6922 44.5227 -5.9486
v 214.0851 44.5227 -11.7507
v 216.3686 44.5227 -17.2634
v 219.4863 44.5227 -22.3511
v 223.3616 44.5227 -26.8884
v 227.8989 44.5227 -30.7637
v 232.9866 44.5227 -33.8814
v 238.4993 44.5227 -36.1649
v 244.3014 44.5227 -37.5578
v 250.2500 44.5227 -38.0260
v 256.1986 44.5227 -37.5578
v 262.0007 44.5227 -36.1649
v 267.5134 44.5227 -33.8814
v 272.6011 44.5227 -30.7637
v 277.1384 44.5227 -26.8884
v 281.0137 44.5227 -22.3511
v 284.1314 44.5227 -17.2634
v 286.4149 44.5227 -11.7507
v 287.8078 44.5227 -5.9486
v 288.2760 38.5000 6.0227
v 288.7500 38.5000 0.0000
v 286.8657 38.5000 11.8972
v 284.5538 38.5000 17.4786
v 281.3972 38.5000 22.6297
v 277.4736 38.5000 27.2236
v 272.8797 38.5000 31.1472
v 267.7286 38.5000 34.3038
v 262.1472 38.5000 36.6157
v 256.2727 38.5000 38.0260
v 250.2500 38.5000 38.5000
v 244.2273 38.5000 38.0260
v 238.3528 38.5000 36.6157
v 232.7714 38.5000 34.3038
v 227.6203 38.5000 31.1472
v 223.0264 38.5000 27.2236
v 219.1028 38.5000 22.6297
v 215.9462 38.5000 17.4786
v 213.6343 38.5000 11.8972
v 212.2240 38.5000 6.0227
v 211.7500 38.5000 0.0000
v 212.2240 38.5000 -6.0227
v 213.6343 38.5000 -11.8972
v 215.9462 38.5000 -17.4786
v 219.1028 38.5000 -22.6297
v 223.0264 38.5000 -27.2236
v 227.6203 38.5000 -31.1472
v 232.7714 38.5000 -34.3038
v 238.3528 38.5000 -36.6157
v 244.2273 38.5000 -38.0260
v 250.2500 38.5000 -38.5000
v 256.2727 38.5000 -38.0260
v 262.1472 38.5000 -36.6157
v 267.7286 38.5000 -34.3038
v 272.8797 38.5000 -31.1472
v 277.4736 38.5000 -27.2236
v 281.3972 38.5000 -22.6297
v 284.5538 38.5000 -17.4786
v 286.8657 38.5000 -11.8972
v 288.2760 38.5000 -6.0227
v 287.8078 32.4773 5.9486
v 288.2760 32.4773 0.0000
v 286.4149 32.4773 11.7507
v 284.1314 32.4773 17.2634
v 281.0137 32.4773 22.3511
v 277.1384 32.4773 26.8884
v 272.6011 32.4773 30.7637
v 267.5134 32.4773 33.8814
v 262.0007 32.4773 36.1649
v 256.1986 32.4773 37.5578
v 250.2500 32.4773 38.0260
v 244.3014 32.4773 37.5578
v 238.4993 32.4773 36.1649
v 232.9866 32.4773 33.8814
v 227.8989 32.4773 30.7637
v 223.3616 32.4773 26.8884
v 219.4863 32.4773 22.3511
v 216.3686 32.4773 17.2634
v 214.0851 32.4773 11.7507
v 212.6922 32.4773 5.9486
v 212.2240 32.4773 0.0000
v 212.6922 32.4773 -5.9486
v 214.0851 32.4773 -11.7507
v 216.3686 32.4773 -17.2634
v 219.4863 32.4773 -22.3511
v 223.3616 32.4773 -26.8884
v 227.8989 32.4773 -30.7637
v 232.9866 32.4773 -33.8814
v 238.4993 32.4773 -36.1649
v 244.3014 32.4773 -37.5578
v 250.2500 32.4773 -38.0260
v 256.1986 32.4773 -37.5578
v 262.0007 32.4773 -36.1649
v 267.5134 32.4773 -33.8814
v 272.6011 32.4773 -30.7637
v 277.1384 32.4773 -26.8884
v 281.0137 32.4773 -22.3511
v 284.1314 32.4773 -17.2634
v 286.4149 32.4773 -11.7507
v 287.8078 32.4773 -5.9486
v 286.4149 26.6028 5.7280
v 286.8657 26.6028 0.0000
v 285.0736 26.6028 11.3149
v 282.8748 26.6028 16.6232
v 279.8727 26.6028 21.5222
v 276.1412 26.6028 25.8912
v 271.7722 26.6028 29.6227
v 266.8732 26.6028 32.6248
v 261.5649 26.6028 34.8236
v 255.9780 26.6028 36.1649
v 250.2500 26.6028 36.6157
v 244.5220 26.6028 36.1649
v 238.9351 26.6028 34.8236
v 233.6268 26.6028 32.6248
v 228.7278 26.6028 29.6227
v 224.3588 26.6028 25.8912
v 220.6273 26.6028 21.5222
v 217.6252 26.6028 16.6232
v 215.4264 26.6028 11.3149
v 214.0851 26.6028 5.7280
v 213.6343 26.6028 0.0000
v 214.0851 26.6028 -5.7280
v 215.4264 26.6028 -11.3149
v 217.6252 26.6028 -16.6232
v 220.6273 26.6028 -21.5222
v 224.3588 26.6028 -25.8912
v 228.7278 26.6028 -29.6227
v 233.6268 26.6028 -32.6248
v 238.9351 26.6028 -34.8236
v 244.5220 26.6028 -36.1649
v 250.2500 26.6028 -36.6157
v 255.9780 26.6028 -36.1649
v 261.5649 26.6028 -34.8236
v 266.8732 26.6028 -32.6248
v 271.7722 26.6028 -29.6227
v 276.1412 26.6028 -25.8912
v 279.8727 26.6028 -21.5222
v 282.8748 26.6028 -16.6232
v 285.0736 26.6028 -11.3149
v 286.4149 26.6028 -5.7280
v 284.1314 21.0214 5.3663
v 284.5538 21.0214 0.0000
v 282.8748 21.0214 10.6004
v 280.8149 21.0214 15.5736
v 278.0023 21.0214 20.1632
v 274.5064 21.0214 24.2564
v 270.4132 21.0214 27.7523
v 265.8236 21.0214 30.5649
v 260.8504 21.0214 32.6248
v 255.6163 21.0214 33.8814
v 250.2500 21.0214 34.3038
v 244.8837 21.0214 33.8814
v 239.6496 21.0214 32.6248
v 234.6764 21.0214 30.5649
v 230.0868 21.0214 27.7523
v 225.9936 21.0214 24.2564
v 222.4977 21.0214 20.1632
v 219.6851 21.0214 15.5736
v 217.6252 21.0214 10.6004
v 216.3686 21.0214 5.3663
v 215.9462 21.0214 0.0000
v 216.3686 21.0214 -5.3663
v 217.6252 21.0214 -10.6004
v 219.6851 21.0214 -15.5736
v 222.4977 21.0214 -20.1632
v 225.9936 21.0214 -24.2564
v 230.0868 21.0214 -27.7523
v 234.6764 21.0214 -30.5649
v 239.6496 21.0214 -32.6248
v 244.8837 21.0214 -33.8814
v 250.2500 21.0214 -34.3038
v 255.6163 21.0214 -33.8814
v 260.8504 21.0214 -32.6248
v 265.8236 21.0214 -30.5649
v 270.4132 21.0214 -27.7523
v 274.5064 21.0214 -24.2564
v 278.0023 21.0214 -20.1632
v 280.8149 21.0214 -15.5736
v 282.8748 21.0214 -10.6004
v 284.1314 21.0214 -5.3663
v 281.0137 15.8703 4.8725
v 281.3972 15.8703 0.0000
v 279.8727 15.8703 9.6250
v 278.0023 15.8703 14.1405
v 275.4486 15.8703 18.3078
v 272.2744 15.8703 22.0244
v 268.5578 15.8703 25.1986
v 264.3905 15.8703 27.7523
v 259.8750 15.8703 29.6227
v 255.1225 15.8703 30.7637
v 250.2500 15.8703 31.1472
v 245.3775 15.8703 30.7637
v 240.6250 15.8703 29.6227
v 236.1095 15.8703 27.7523
v 231.9422 15.8703 25.1986
v 228.2256 15.8703 22.0244
v 225.0514 15.8703 18.3078
v 222.4977 15.8703 14.1405
v 220.6273 15.8703 9.6250
v 219.4863 15.8703 4.8725
v 219.1028 15.8703 0.0000
v 219.4863 15.8703 -4.8725
v 220.6273 15.8703 -9.6250
v 222.4977 15.8703 -14.1405
v 225.0514 15.8703 -18.3078
v 228.2256 15.8703 -22.0244
v 231.9422 15.8703 -25.1986
v 236.1095 15.8703 -27.7523
v 240.6250 15.8703 -29.6227
v 245.3775 15.8703 -30.7637
v 250.2500 15.8703 -31.1472
v 255.1225 15.8703 -30.7637
v 259.8750 15.8703 -29.6227
v 264.3905 15.8703 -27.7523
v 268.5578 15.8703 -25.1986
v 272.2744 15.8703 -22.0244
v 275.4486 15.8703 -18.3078
v 278.0023 15.8703 -14.1405
v 279.8727 15.8703 -9.6250
v 281.0137 15.8703 -4.8725
v 277.1384 11.2764 4.2587
v 277.4736 11.2764 0.0000
v 276.1412 11.2764 8.4126
v 274.5064 11.2764 12.3593
v 272.2744 11.2764 16.0016
v 269.5000 11.2764 19.2500
v 266.2516 11.2764 22.0244
v 262.6093 11.2764 24.2564
v 258.6626 11.2764 25.8912
v 254.5087 11.2764 26.8884
v 250.2500 11.2764 27.2236
v 245.9913 11.2764 26.8884
v 241.8374 11.2764 25.8912
v 237.8907 11.2764 24.2564
v 234.2484 11.2764 22.0244
v 231.0000 11.2764 19.2500
v 228.2256 11.2764 16.0016
v 225.9936 11.2764 12.3593
v 224.3588 11.2764 8.4126
v 223.3616 11.2764 4.2587
v 223.0264 11.2764 0.0000
v 223.3616 11.2764 -4.2587
v 224.3588 11.2764 -8.4126
v 225.9936 11.2764 -12.3593
v 228.2256 11.2764 -16.0016
v 231.0000 11.2764 -19.2500
v 234.2484 11.2764 -22.0244
v 237.8907 11.2764 -24.2564
v 241.8374 11.2764 -25.8912
v 245.9913 11.2764 -26.8884
v 250.2500 11.2764 -27.2236
v 254.5087 11.2764 -26.8884
v 258.6626 11.2764 -25.8912
v 262.6093 11.2764 -24.2564
v 266.2516 11.2764 -22.0244
v 269.5000 11.2764 -19.2500
v 272.2744 11.2764 -16.0016
v 274.5064 11.2764 -12.3593
v 276.1412 11.2764 -8.4126
v 277.1384 11.2764 -4.2587
v 272.6011 7.3528 3.5401
v 272.8797 7.3528 0.0000
v 271.7722 7.3528 6.9930
v 270.4132 7.3528 10.2737
v 268.5578 7.3528 13.3014
v 266.2516 7.3528 16.0016
v 263.5514 7.3528 18.3078
v 260.5237 7.3528 20.1632
v 257.2430 7.3528 21.5222
v 253.7901 7.3528 22.3511
v 250.2500 7.3528 22.6297
v 246.7099 7.3528 22.3511
v 243.2570 7.3528 21.5222
v 239.9763 7.3528 20.1632
v 236.9486 7.3528 18.3078
v 234.2484 7.3528 16.0016
v 231.9422 7.3528 13.3014
v 230.0868 7.3528 10.2737
v 228.7278 7.3528 6.9930
v 227.8989 7.3528 3.5401
v 227.6203 7.3528 0.0000
v 227.8989 7.3528 -3.5401
v 228.7278 7.3528 -6.9930
v 230.0868 7.3528 -10.2737
v 231.9422 7.3528 -13.3014
v 234.2484 7.3528 -16.0016
v 236.9486 7.3528 -18.3078
v 239.9763 7.3528 -20.1632
v 243.2570 7.3528 -21.5222
v 246.7099 7.3528 -22.3511
v 250.2500 7.3528 -22.6297
v 253.7901 7.3528 -22.3511
v 257.2430 7.3528 -21.5222
v 260.5237 7.3528 -20.1632
v 263.5514 7.3528 -18.3078
v 266.2516 7.3528 -16.0016
v 268.5578 7.3528 -13.3014
v 270.4132 7.3528 -10.2737
v 271.7722 7.3528 -6.9930
v 272.6011 7.3528 -3.5401
v 267.5134 4.1962 2.7343
v 267.7286 4.1962 0.0000
v 266.8732 4.1962 5.4012
v 265.8236 4.1962 7.9351
v 264.3905 4.1962 10.2737
v 262.6093 4.1962 12.3593
v 260.5237 4.1962 14.1405
v 258.1851 4.1962 15.5736
v 255.6512 4.1962 16.6232
v 252.9843 4.1962 17.2634
v 250.2500 4.1962 17.4786
v 247.5157 4.1962 17.2634
v 244.8488 4.1962 16.6232
v 242.3149 4.1962 15.5736
v 239.9763 4.1962 14.1405
v 237.8907 4.1962 12.3593
v 236.1095 4.1962 10.2737
v 234.6764 4.1962 7.9351
v 233.6268 4.1962 5.4012
v 232.9866 4.1962 2.7343
v 232.7714 4.1962 0.0000
v 232.9866 4.1962 -2.7343
v 233.6268 4.1962 -5.4012
v 234.6764 4.1962 -7.9351
v 236.1095 4.1962 -10.2737
v 237.8907 4.1962 -12.3593
v 239.9763 4.1962 -14.1405
v 242.3149 4.1962 -15.5736
v 244.8488 4.1962 -16.6232
v 247.5157 4.1962 -17.2634
v 250.2500 4.1962 -17.4786
v 252.9843 4.1962 -17.2634
v 255.6512 4.1962 -16.6232
v 258.1851 4.1962 -15.5736
v 260.5237 4.1962 -14.1405
v 262.6093 4.1962 -12.3593
v 264.3905 4.1962 -10.2737
v 265.8236 4.1962 -7.9351
v 266.8732 4.1962 -5.4012
v 267.5134 4.1962 -2.7343
v 262.0007 1.8843 1.8611
v 262.1472 1.8843 0.0000
v 261.5649 1.8843 3.6764
v 260.8504 1.8843 5.4012
v 259.8750 1.8843 6.9930
v 258.6626 1.8843 8.4126
v 257.2430 1.8843 9.6250
v 255.6512 1.8843 10.6004
v 253.9264 1.8843 11.3149
v 252.1111 1.8843 11.7507
v 250.2500 1.8843 11.8972
v 248.3889 1.8843 11.7507
v 246.5736 1.8843 11.3149
v 244.8488 1.8843 10.6004
v 243.2570 1.8843 9.6250
v 241.8374 1.8843 8.4126
v 240.6250 1.8843 6.9930
v 239.6496 1.8843 5.4012
v 238.9351 1.8843 3.6764
v 238.4993 1.8843 1.8611
v 238.3528 1.8843 0.0000
v 238.4993 1.8843 -1.8611
v 238.9351 1.8843 -3.6764
v 239.6496 1.8843 -5.4012
v 240.6250 1.8843 -6.9930
v 241.8374 1.8843 -8.4126
v 243.2570 1.8843 -9.6250
v 244.8488 1.8843 -10.6004
v 246.5736 1.8843 -11.3149
v 248.3889 1.8843 -11.7507
v 250.2500 1.8843 -11.8972
v 252.1111 1.8843 -11.7507
v 253.9264 1.8843 -11.3149
v 255.6512 1.8843 -10.6004
v 257.2430 1.8843 -9.6250
v 258.6626 1.8843 -8.4126
v 259.8750 1.8843 -6.9930
v 260.8504 1.8843 -5.4012
v 261.5649 1.8843 -3.6764
v 262.0007 1.8843 -1.8611
v 256.1986 0.4740 0.9422
v 256.2727 0.4740 0.0000
v 255.9780 0.4740 1.8611
v 255.6163 0.4740 2.7343
v 255.1225 0.4740 3.5401
v 254.5087 0.4740 4.2587
v 253.7901 0.4740 4.8725
v 252.9843 0.4740 5.3663
v 252.1111 0.4740 5.7280
v 251.1922 0.4740 5.9486
v 250.2500 0.4740 6.0227
v 249.3078 0.4740 5.9486
v 248.3889 0.4740 5.7280
v 247.5157 0.4740 5.3663
v 246.7099 0.4740 4.8725
v 245.9913 0.4740 4.2587
v 245.3775 0.4740 3.5401
v 244.8837 0.4740 2.7343
v 244.5220 0.4740 1.8611
v 244.3014 0.4740 0.9422
v 244.2273 0.4740 0.0000
v 244.3014 0.4740 -0.9422
v 244.5220 0.4740 -1.8611
v 244.8837 0.4740 -2.7343
v 245.3775 0.4740 -3.5401
v 245.9913 0.4740 -4.2587
v 246.7099 0.4740 -4.8725
v 247.5157 0.4740 -5.3663
v 248.3889 0.4740 -5.7280
v 249.3078 0.4740 -5.9486
v 250.2500 0.4740 -6.0227
v 251.1922 0.4740 -5.9486
v 252.1111 0.4740 -5.7280
v 252.9843 0.4740 -5.3663
v 253.7901 0.4740 -4.8725
v 254.5087 0.4740 -4.2587
v 255.1225 0.4740 -3.5401
v 255.6163 0.4740 -2.7343
v 255.9780 0.4740 -1.8611
v 256.1986 0.4740 -0.9422
v 250.2500 0.0000 0.0000
v -564.3000 0.0000 495.0000
v -535.7000 0.0000 495.0000
v -535.7000 0.0000 523.6000
v -564.3000 0.0000 523.6000
v -564.3000 99.0000 495.0000
v -564.3000 99.0000 523.6000
v -535.7000 99.0000 523.6000
v -535.7000 99.0000 495.0000
v -454.3000 0.0000 495.0000
v -425.7000 0.0000 495.0000
v -425.7000 0.0000 523.6000
v -454.3000 0.0000 523.6000
v -454.3000 157.8197 495.0000
v -454.3000 157.8197 523.6000
v -425.7000 157.8197 523.6000
v -425.7000 157.8197 495.0000
v -344.3000 0.0000 495.0000
v -315.7000 0.0000 495.0000
v -315.7000 0.0000 523.6000
v -344.3000 0.0000 523.6000
v -344.3000 152.3608 495.0000
v -344.3000 152.3608 523.6000
v -315.7000 152.3608 523.6000
v -315.7000 152.3608 495.0000
v -234.3000 0.0000 495.0000
v -205.7000 0.0000 495.0000
v -205.7000 0.0000 523.6000
v -234.3000 0.0000 523.6000
v -234.3000 88.5888 495.0000
v -234.3000 88.5888 523.6000
v -205.7000 88.5888 523.6000
v -205.7000 88.5888 495.0000
v -124.3000 0.0000 495.0000
v -95.7000 0.0000 495.0000
v -95.7000 0.0000 523.6000
v -124.3000 0.0000 523.6000
v -124.3000 36.1943 495.0000
v -124.3000 36.1943 523.6000
v -95.7000 36.1943 523.6000
v -95.7000 36.1943 495.0000
v -14.3000 0.0000 495.0000
v 14.3000 0.0000 495.0000
v 14.3000 0.0000 523.6000
v -14.3000 0.0000 523.6000
v -14.3000 52.4343 495.0000
v -14.3000 52.4343 523.6000
v 14.3000 52.4343 523.6000
v 14.3000 52.4343 495.0000
v 95.7000 0.0000 495.0000
v 124.3000 0.0000 495.0000
v 124.3000 0.0000 523.6000
v 95.7000 0.0000 523.6000
v 95.7000 119.5617 495.0000
v 95.7000 119.5617 523.6000
v 124.3000 119.5617 523.6000
v 124.3000 119.5617 495.0000
v 205.7000 0.0000 495.0000
v 234.3000 0.0000 495.0000
v 234.3000 0.0000 523.6000
v 205.7000 0.0000 523.6000
v 205.7000 164.2191 495.0000
v 205.7000 164.2191 523.6000
v 234.3000 164.2191 523.6000
v 234.3000 164.2191 495.0000
v 315.7000 0.0000 495.0000
v 344.3000 0.0000 495.0000
v 344.3000 0.0000 523.6000
v 315.7000 0.0000 523.6000
v 315.7000 137.6045 495.0000
v 315.7000 137.6045 523.6000
v 344.3000 137.6045 523.6000
v 344.3000 137.6045 495.0000
v 425.7000 0.0000 495.0000
v 454.3000 0.0000 495.0000
v 454.3000 0.0000 523.6000
v 425.7000 0.0000 523.6000
v 425.7000 68.8026 495.0000
v 425.7000 68.8026 523.6000
v 454.3000 68.8026 523.6000
v 454.3000 68.8026 495.0000
v 535.7000 0.0000 495.0000
v 564.3000 0.0000 495.0000
v 564.3000 0.0000 523.6000
v 535.7000 0.0000 523.6000
v 535.7000 33.0006 495.0000
v 535.7000 33.0006 523.6000
v 564.3000 33.0006 523.6000
v 564.3000 33.0006 495.0000
vn 0.000000 1.000000 0.000000
vn 0.154508 0.987688 0.024472
vn 0.156434 0.987688 0.000000
vn 0.148778 0.987688 0.048341
vn 0.139384 0.987688 0.071020
vn 0.126558 0.987688 0.091950
vn 0.110616 0.987688 0.110616
vn 0.091950 0.987688 0.126558
vn 0.071020 0.987688 0.139384
vn 0.048341 0.987688 0.148778
vn 0.024472 0.987688 0.154508
vn 0.000000 0.987688 0.156434
vn -0.024472 0.987688 0.154508
vn -0.048341 0.987688 0.148778
vn -0.071020 0.987688 0.139384
vn -0.091950 0.987688 0.126558
vn -0.110616 0.987688 0.110616
vn -0.126558 0.987688 0.091950
vn -0.139384 0.987688 0.071020
vn -0.148778 0.987688 0.048341
vn -0.154508 0.987688 0.024472
vn -0.156434 0.987688 0.000000
vn -0.154508 0.987688 -0.024472
vn -0.148778 0.987688 -0.048341
vn -0.139384 0.987688 -0.071020
vn -0.126558 0.987688 -0.091950
vn -0.110616 0.987688 -0.110616
vn -0.091950 0.987688 -0.126558
vn -0.071020 0.987688 -0.139384
vn -0.048341 0.987688 -0.148778
vn -0.024472 0.987688 -0.154508
vn -0.000000 0.987688 -0.156434
vn 0.024472 0.987688 -0.154508
vn 0.048341 0.987688 -0.148778
vn 0.071020 0.987688 -0.139384
vn 0.091950 0.987688 -0.126558
vn 0.110616 0.987688 -0.110616
vn 0.126558 0.987688 -0.091950
vn 0.139384 0.987688 -0.071020
vn 0.148778 0.987688 -0.048341
vn 0.154508 0.987688 -0.024472
vn 0.305212 0.951057 0.048341
vn 0.309017 0.951057 0.000000
vn 0.293893 0.951057 0.095492
vn 0.275336 0.951057 0.140291
vn 0.250000 0.951057 0.181636
vn 0.218508 0.951057 0.218508
vn 0.181636 0.951057 0.250000
vn 0.140291 0.951057 0.275336
vn 0.095492 0.951057 0.293893
vn 0.048341 0.951057 0.305212
vn 0.000000 0.951057 0.309017
vn -0.048341 0.951057 0.305212
vn -0.095492 0.951057 0.293893
vn -0.140291 0.951057 0.275336
vn -0.181636 0.951057 0.250000
vn -0.218508 0.951057 0.218508
vn -0.250000 0.951057 0.181636
vn -0.275336 0.951057 0.140291
vn -0.293893 0.951057 0.095492
vn -0.305212 0.951057 0.048341
vn -0.309017 0.951057 0.000000
vn -0.305212 0.951057 -0.048341
vn -0.293893 0.951057 -0.095492
vn -0.275336 0.951057 -0.140291
vn -0.250000 0.951057 -0.181636
vn -0.218508 0.951057 -0.218508
vn -0.181636 0.951057 -0.250000
vn -0.140291 0.951057 -0.275336
vn -0.095492 0.951057 -0.293893
vn -0.048341 0.951057 -0.305212
vn -0.000000 0.951057 -0.309017
vn 0.048341 0.951057 -0.305212
vn 0.095492 0.951057 -0.293893
vn 0.140291 0.951057 -0.275336
vn 0.181636 0.951057 -0.250000
vn 0.218508 0.951057 -0.218508
vn 0.250000 0.951057 -0.181636
vn 0.275336 0.951057 -0.140291
vn 0.293893 0.951057 -0.095492
vn 0.305212 0.951057 -0.048341
vn 0.448401 0.891007 0.071020
vn 0.453990 0.891007 0.000000
vn 0.431771 0.891007 0.140291
vn 0.404508 0.891007 0.206107
vn 0.367286 0.891007 0.266849
vn 0.321020 0.891007 0.321020
vn 0.266849 0.891007 0.367286
vn 0.206107 0.891007 0.404508
vn 0.140291 0.891007 0.431771
vn 0.071020 0.891007 0.448401
vn 0.000000 0.891007 0.453990
vn -0.071020 0.891007 0.448401
vn -0.140291 0.891007 0.431771
vn -0.206107 0.891007 0.404508
vn -0.266849 0.891007 0.367286
vn -0.321020 0.891007 0.321020
vn -0.367286 0.891007 0.266849
vn -0.404508 0.891007 0.206107
vn -0.431771 0.891007 0.140291
vn -0.448401 0.891007 0.071020
vn -0.453990 0.891007 0.000000
vn -0.448401 0.891007 -0.071020
vn -0.431771 0.891007 -0.140291
vn -0.404508 0.891007 -0.206107
vn -0.367286 0.891007 -0.266849
vn -0.321020 0.891007 -0.321020
vn -0.266849 0.891007 -0.367286
vn -0.206107 0.891007 -0.404508
vn -0.140291 0.891007 -0.431771
vn -0.071020 0.891007 -0.448401
vn -0.000000 0.891007 -0.453990
vn 0.071020 0.891007 -0.448401
vn 0.140291 0.891007 -0.431771
vn 0.206107 0.891007 -0.404508
vn 0.266849 0.891007 -0.367286
vn 0.321020 0.891007 -0.321020
vn 0.367286 0.891007 -0.266849
vn 0.404508 0.891007 -0.206107
vn 0.431771 0.891007 -0.140291
vn 0.448401 0.891007 -0.071020
vn 0.580549 0.809017 0.091950
vn 0.587785 0.809017 0.000000
vn 0.559017 0.809017 0.181636
vn 0.523720 0.809017 0.266849
vn 0.475528 0.809017 0.345492
vn 0.415627 0.809017 0.415627
vn 0.345492 0.809017 0.475528
vn 0.266849 0.809017 0.523720
vn 0.181636 0.809017 0.559017
vn 0.091950 0.809017 0.580549
vn 0.000000 0.809017 0.587785
vn -0.091950 0.809017 0.580549
vn -0.181636 0.809017 0.559017
vn -0.266849 0.809017 0.523720
vn -0.345492 0.809017 0.475528
vn -0.415627 0.809017 0.415627
vn -0.475528 0.809017 0.345492
vn -0.523720 0.809017 0.266849
vn -0.559017 0.809017 0.181636
vn -0.580549 0.809017 0.091950
vn -0.587785 0.809017 0.000000
vn -0.580549 0.809017 -0.091950
vn -0.559017 0.809017 -0.181636
vn -0.523720 0.809017 -0.266849
vn -0.475528 0.809017 -0.345492
vn -0.415627 0.809017 -0.415627
vn -0.345492 0.809017 -0.475528
vn -0.266849 0.809017 -0.523720
vn -0.181636 0.809017 -0.559017
vn -0.091950 0.809017 -0.580549
vn -0.000000 0.809017 -0.587785
vn 0.091950 0.809017 -0.580549
vn 0.181636 0.809017 -0.559017
vn 0.266849 0.809017 -0.523720
vn 0.345492 0.809017 -0.475528
vn 0.415627 0.809017 -0.415627
vn 0.475528 0.809017 -0.345492
vn 0.523720 0.809017 -0.266849
vn 0.559017 0.809017 -0.181636
vn 0.580549 0.809017 -0.091950
vn 0.698401 0.707107 0.110616
vn 0.707107 0.707107 0.000000
vn 0.672499 0.707107 0.218508
vn 0.630037 0.707107 0.321020
vn 0.572061 0.707107 0.415627
vn 0.500000 0.707107 0.500000
vn 0.415627 0.707107 0.572061
vn 0.321020 0.707107 0.630037
vn 0.218508 0.707107 0.672499
vn 0.110616 0.707107 0.698401
vn 0.000000 0.707107 0.707107
vn -0.110616 0.707107 0.698401
vn -0.218508 0.707107 0.672499
vn -0.321020 0.707107 0.630037
vn -0.415627 0.707107 0.572061
vn -0.500000 0.707107 0.500000
vn -0.572061 0.707107 0.415627
vn -0.630037 0.707107 0.321020
vn -0.672499 0.707107 0.218508
vn -0.698401 0.707107 0.110616
vn -0.707107 0.707107 0.000000
vn -0.698401 0.707107 -0.110616
vn -0.672499 0.707107 -0.218508
vn -0.630037 0.707107 -0.321020
vn -0.572061 0.707107 -0.415627
vn -0.500000 0.707107 -0.500000
vn -0.415627 0.707107 -0.572061
vn -0.321020 0.707107 -0.630037
vn -0.218508 0.707107 -0.672499
vn -0.110616 0.707107 -0.698401
vn -0.000000 0.707107 -0.707107
vn 0.110616 0.707107 -0.698401
vn 0.218508 0.707107 -0.672499
vn 0.321020 0.707107 -0.630037
vn 0.415627 0.707107 -0.572061
vn 0.500000 0.707107 -0.500000
vn 0.572061 0.707107 -0.415627
vn 0.630037 0.707107 -0.321020
vn 0.672499 0.707107 -0.218508
vn 0.698401 0.707107 -0.110616
vn 0.799057 0.587785 0.126558
vn 0.809017 0.587785 0.000000
vn 0.769421 0.587785 0.250000
vn 0.720839 0.587785 0.367286
vn 0.654508 0.587785 0.475528
vn 0.572061 0.587785 0.572061
vn 0.475528 0.587785 0.654508
vn 0.367286 0.587785 0.720839
vn 0.250000 0.587785 0.769421
vn 0.126558 0.587785 0.799057
vn 0.000000 0.587785 0.809017
vn -0.126558 0.587785 0.799057
vn -0.250000 0.587785 0.769421
vn -0.367286 0.587785 0.720839
vn -0.475528 0.587785 0.654508
vn -0.572061 0.587785 0.572061
vn -0.654508 0.587785 0.475528
vn -0.720839 0.587785 0.367286
vn -0.769421 0.587785 0.250000
vn -0.799057 0.587785 0.126558
vn -0.809017 0.587785 0.000000
vn -0.799057 0.587785 -0.126558
vn -0.769421 0.587785 -0.250000
vn -0.720839 0.587785 -0.367286
vn -0.654508 0.587785 -0.475528
vn -0.572061 0.587785 -0.572061
vn -0.475528 0.587785 -0.654508
vn -0.367286 0.587785 -0.720839
vn -0.250000 0.587785 -0.769421
vn -0.126558 0.587785 -0.799057
vn -0.000000 0.587785 -0.809017
vn 0.126558 0.587785 -0.799057
vn 0.250000 0.587785 -0.769421
vn 0.367286 0.587785 -0.720839
vn 0.475528 0.587785 -0.654508
vn 0.572061 0.587785 -0.572061
vn 0.654508 0.587785 -0.475528
vn 0.720839 0.587785 -0.367286
vn 0.769421 0.587785 -0.250000
vn 0.799057 0.587785 -0.126558
vn 0.880037 0.453990 0.139384
vn 0.891007 0.453990 0.000000
vn 0.847398 0.453990 0.275336
vn 0.793893 0.453990 0.404508
vn 0.720839 0.453990 0.523720
vn 0.630037 0.453990 0.630037
vn 0.523720 0.453990 0.720839
vn 0.404508 0.453990 0.793893
vn 0.275336 0.453990 0.847398
vn 0.139384 0.453990 0.880037
vn 0.000000 0.453990 0.891007
vn -0.139384 0.453990 0.880037
vn -0.275336 0.453990 0.847398
vn -0.404508 0.453990 0.793893
vn -0.523720 0.453990 0.720839
vn -0.630037 0.453990 0.630037
vn -0.720839 0.453990 0.523720
vn -0.793893 0.453990 0.404508
vn -0.847398 0.453990 0.275336
vn -0.880037 0.453990 0.139384
vn -0.891007 0.453990 0.000000
vn -0.880037 0.453990 -0.139384
vn -0.847398 0.453990 -0.275336
vn -0.793893 0.453990 -0.404508
vn -0.720839 0.453990 -0.523720
vn -0.630037 0.453990 -0.630037
vn -0.523720 0.453990 -0.720839
vn -0.404508 0.453990 -0.793893
vn -0.275336 0.453990 -0.847398
vn -0.139384 0.453990 -0.880037
vn -0.000000 0.453990 -0.891007
vn 0.139384 0.453990 -0.880037
vn 0.275336 0.453990 -0.847398
vn 0.404508 0.453990 -0.793893
vn 0.523720 0.453990 -0.720839
vn 0.630037 0.453990 -0.630037
vn 0.720839 0.453990 -0.523720
vn 0.793893 0.453990 -0.404508
vn 0.847398 0.453990 -0.275336
vn 0.880037 0.453990 -0.139384
vn 0.939347 0.309017 0.148778
vn 0.951057 0.309017 0.000000
vn 0.904508 0.309017 0.293893
vn 0.847398 0.309017 0.431771
vn 0.769421 0.309017 0.559017
vn 0.672499 0.309017 0.672499
vn 0.559017 0.309017 0.769421
vn 0.431771 0.309017 0.847398
vn 0.293893 0.309017 0.904508
vn 0.148778 0.309017 0.939347
vn 0.000000 0.309017 0.951057
vn -0.148778 0.309017 0.939347
vn -0.293893 0.309017 0.904508
vn -0.431771 0.309017 0.847398
vn -0.559017 0.309017 0.769421
vn -0.672499 0.309017 0.672499
vn -0.769421 0.309017 0.559017
vn -0.847398 0.309017 0.431771
vn -0.904508 0.309017 0.293893
vn -0.939347 0.309017 0.148778
vn -0.951057 0.309017 0.000000
vn -0.939347 0.309017 -0.148778
vn -0.904508 0.309017 -0.293893
vn -0.847398 0.309017 -0.431771
vn -0.769421 0.309017 -0.559017
vn -0.672499 0.309017 -0.672499
vn -0.559017 0.309017 -0.769421
vn -0.431771 0.309017 -0.847398
vn -0.293893 0.309017 -0.904508
vn -0.148778 0.309017 -0.939347
vn -0.000000 0.309017 -0.951057
vn 0.148778 0.309017 -0.939347
vn 0.293893 0.309017 -0.904508
vn 0.431771 0.309017 -0.847398
vn 0.559017 0.309017 -0.769421
vn 0.672499 0.309017 -0.672499
vn 0.769421 0.309017 -0.559017
vn 0.847398 0.309017 -0.431771
vn 0.904508 0.309017 -0.293893
vn 0.939347 0.309017 -0.148778
vn 0.975528 0.156434 0.154508
vn 0.987688 0.156434 0.000000
vn 0.939347 0.156434 0.305212
vn 0.880037 0.156434 0.448401
vn 0.799057 0.156434 0.580549
vn 0.698401 0.156434 0.698401
vn 0.580549 0.156434 0.799057
vn 0.448401 0.156434 0.880037
vn 0.305212 0.156434 0.939347
vn 0.154508 0.156434 0.975528
vn 0.000000 0.156434 0.987688
vn -0.154508 0.156434 0.975528
vn -0.305212 0.156434 0.939347
vn -0.448401 0.156434 0.880037
vn -0.580549 0.156434 0.799057
vn -0.698401 0.156434 0.698401
vn -0.799057 0.156434 0.580549
vn -0.880037 0.156434 0.448401
vn -0.939347 0.156434 0.305212
vn -0.975528 0.156434 0.154508
vn -0.987688 0.156434 0.000000
vn -0.975528 0.156434 -0.154508
vn -0.939347 0.156434 -0.305212
vn -0.880037 0.156434 -0.448401
vn -0.799057 0.156434 -0.580549
vn -0.698401 0.156434 -0.698401
vn -0.580549 0.156434 -0.799057
vn -0.448401 0.156434 -0.880037
vn -0.305212 0.156434 -0.939347
vn -0.154508 0.156434 -0.975528
vn -0.000000 0.156434 -0.987688
vn 0.154508 0.156434 -0.975528
vn 0.305212 0.156434 -0.939347
vn 0.448401 0.156434 -0.880037
vn 0.580549 0.156434 -0.799057
vn 0.698401 0.156434 -0.698401
vn 0.799057 0.156434 -0.580549
vn 0.880037 0.156434 -0.448401
vn 0.939347 0.156434 -0.305212
vn 0.975528 0.156434 -0.154508
vn 0.987688 0.000000 0.156434
vn 1.000000 0.000000 0.000000
vn 0.951057 0.000000 0.309017
vn 0.891007 0.000000 0.453990
vn 0.809017 0.000000 0.587785
vn 0.707107 0.000000 0.707107
vn 0.587785 0.000000 0.809017
vn 0.453990 0.000000 0.891007
vn 0.309017 0.000000 0.951057
vn 0.156434 0.000000 0.987688
vn 0.000000 0.000000 1.000000
vn -0.156434 0.000000 0.987688
vn -0.309017 0.000000 0.951057
vn -0.453990 0.000000 0.891007
vn -0.587785 0.000000 0.809017
vn -0.707107 0.000000 0.707107
vn -0.809017 0.000000 0.587785
vn -0.891007 0.000000 0.453990
vn -0.951057 0.000000 0.309017
vn -0.987688 0.000000 0.156434
vn -1.000000 0.000000 0.000000
vn -0.987688 0.000000 -0.156434
vn -0.951057 0.000000 -0.309017
vn -0.891007 0.000000 -0.453990
vn -0.809017 0.000000 -0.587785
vn -0.707107 0.000000 -0.707107
vn -0.587785 0.000000 -0.809017
vn -0.453990 0.000000 -0.891007
vn -0.309017 0.000000 -0.951057
vn -0.156434 0.000000 -0.987688
vn -0.000000 0.000000 -1.000000
vn 0.156434 0.000000 -0.987688
vn 0.309017 0.000000 -0.951057
vn 0.453990 0.000000 -0.891007
vn 0.587785 0.000000 -0.809017
vn 0.707107 0.000000 -0.707107
vn 0.809017 0.000000 -0.587785
vn 0.891007 0.000000 -0.453990
vn 0.951057 0.000000 -0.309017
vn 0.987688 0.000000 -0.156434
vn 0.975528 -0.156434 0.154508
vn 0.987688 -0.156434 0.000000
vn 0.939347 -0.156434 0.305212
vn 0.880037 -0.156434 0.448401
vn 0.799057 -0.156434 0.580549
vn 0.698401 -0.156434 0.698401
vn 0.580549 -0.156434 0.799057
vn 0.448401 -0.156434 0.880037
vn 0.305212 -0.156434 0.939347
vn 0.154508 -0.156434 0.975528
vn 0.000000 -0.156434 0.987688
vn -0.154508 -0.156434 0.975528
vn -0.305212 -0.156434 0.939347
vn -0.448401 -0.156434 0.880037
vn -0.580549 -0.156434 0.799057
vn -0.698401 -0.156434 0.698401
vn -0.799057 -0.156434 0.580549
vn -0.880037 -0.156434 0.448401
vn -0.939347 -0.156434 0.305212
vn -0.975528 -0.156434 0.154508
vn -0.987688 -0.156434 0.000000
vn -0.975528 -0.156434 -0.154508
vn -0.939347 -0.156434 -0.305212
vn -0.880037 -0.156434 -0.448401
vn -0.799057 -0.156434 -0.580549
vn -0.698401 -0.156434 -0.698401
vn -0.580549 -0.156434 -0.799057
vn -0.448401 -0.156434 -0.880037
vn -0.305212 -0.156434 -0.939347
vn -0.154508 -0.156434 -0.975528
vn -0.000000 -0.156434 -0.987688
vn 0.154508 -0.156434 -0.975528
vn 0.305212 -0.156434 -0.939347
vn 0.448401 -0.156434 -0.880037
vn 0.580549 -0.156434 -0.799057
vn 0.698401 -0.156434 -0.698401
vn 0.799057 -0.156434 -0.580549
vn 0.880037 -0.156434 -0.448401
vn 0.939347 -0.156434 -0.305212
vn 0.975528 -0.156434 -0.154508
vn 0.939347 -0.309017 0.148778
vn 0.951057 -0.309017 0.000000
vn 0.904508 -0.309017 0.293893
vn 0.847398 -0.309017 0.431771
vn 0.769421 -0.309017 0.559017
vn 0.672499 -0.309017 0.672499
vn 0.559017 -0.309017 0.769421
vn 0.431771 -0.309017 0.847398
vn 0.293893 -0.309017 0.904508
vn 0.148778 -0.309017 0.939347
vn 0.000000 -0.309017 0.951057
vn -0.148778 -0.309017 0.939347
vn -0.293893 -0.309017 0.904508
vn -0.431771 -0.309017 0.847398
vn -0.559017 -0.309017 0.769421
vn -0.672499 -0.309017 0.672499
vn -0.769421 -0.309017 0.559017
vn -0.847398 -0.309017 0.431771
vn -0.904508 -0.309017 0.293893
vn -0.939347 -0.309017 0.148778
vn -0.951057 -0.309017 0.000000
vn -0.939347 -0.309017 -0.148778
vn -0.904508 -0.309017 -0.293893
vn -0.847398 -0.309017 -0.431771
vn -0.769421 -0.309017 -0.559017
vn -0.672499 -0.309017 -0.672499
vn -0.559017 -0.309017 -0.769421
vn -0.431771 -0.309017 -0.847398
vn -0.293893 -0.309017 -0.904508
vn -0.148778 -0.309017 -0.939347
vn -0.000000 -0.309017 -0.951057
vn 0.148778 -0.309017 -0.939347
vn 0.293893 -0.309017 -0.904508
vn 0.431771 -0.309017 -0.847398
vn 0.559017 -0.309017 -0.769421
vn 0.672499 -0.309017 -0.672499
vn 0.769421 -0.309017 -0.559017
vn 0.847398 -0.309017 -0.431771
vn 0.904508 -0.309017 -0.293893
vn 0.939347 -0.309017 -0.148778
vn 0.880037 -0.453990 0.139384
vn 0.891007 -0.453990 0.000000
vn 0.847398 -0.453990 0.275336
vn 0.793893 -0.453990 0.404508
vn 0.720839 -0.453990 0.523720
vn 0.630037 -0.453990 0.630037
vn 0.523720 -0.453990 0.720839
vn 0.404508 -0.453990 0.793893
vn 0.275336 -0.453990 0.847398
vn 0.139384 -0.453990 0.880037
vn 0.000000 -0.453990 0.891007
vn -0.139384 -0.453990 0.880037
vn -0.275336 -0.453990 0.847398
vn -0.404508 -0.453990 0.793893
vn -0.523720 -0.453990 0.720839
vn -0.630037 -0.453990 0.630037
vn -0.720839 -0.453990 0.523720
vn -0.793893 -0.453990 0.404508
vn -0.847398 -0.453990 0.275336
vn -0.880037 -0.453990 0.139384
vn -0.891007 -0.453990 0.000000
vn -0.880037 -0.453990 -0.139384
vn -0.847398 -0.453990 -0.275336
vn -0.793893 -0.453990 -0.404508
vn -0.720839 -0.453990 -0.523720
vn -0.630037 -0.453990 -0.630037
vn -0.523720 -0.453990 -0.720839
vn -0.404508 -0.453990 -0.793893
vn -0.275336 -0.453990 -0.847398
vn -0.139384 -0.453990 -0.880037
vn -0.000000 -0.453990 -0.891007
vn 0.139384 -0.453990 -0.880037
vn 0.275336 -0.453990 -0.847398
vn 0.404508 -0.453990 -0.793893
vn 0.523720 -0.453990 -0.720839
vn 0.630037 -0.453990 -0.630037
vn 0.720839 -0.453990 -0.523720
vn 0.793893 -0.453990 -0.404508
vn 0.847398 -0.453990 -0.275336
vn 0.880037 -0.453990 -0.139384
vn 0.799057 -0.587785 0.126558
vn 0.809017 -0.587785 0.000000
vn 0.769421 -0.587785 0.250000
vn 0.720839 -0.587785 0.367286
vn 0.654508 -0.587785 0.475528
vn 0.572061 -0.587785 0.572061
vn 0.475528 -0.587785 0.654508
vn 0.367286 -0.587785 0.720839
vn 0.250000 -0.587785 0.769421
vn 0.126558 -0.587785 0.799057
vn 0.000000 -0.587785 0.809017
vn -0.126558 -0.587785 0.799057
vn -0.250000 -0.587785 0.769421
vn -0.367286 -0.587785 0.720839
vn -0.475528 -0.587785 0.654508
vn -0.572061 -0.587785 0.572061
vn -0.654508 -0.587785 0.475528
vn -0.720839 -0.587785 0.367286
vn -0.769421 -0.587785 0.250000
vn -0.799057 -0.587785 0.126558
vn -0.809017 -0.587785 0.000000
vn -0.799057 -0.587785 -0.126558
vn -0.769421 -0.587785 -0.250000
vn -0.720839 -0.587785 -0.367286
vn -0.654508 -0.587785 -0.475528
vn -0.572061 -0.587785 -0.572061
vn -0.475528 -0.587785 -0.654508
vn -0.367286 -0.587785 -0.720839
vn -0.250000 -0.587785 -0.769421
vn -0.126558 -0.587785 -0.799057
vn -0.000000 -0.587785 -0.809017
vn 0.126558 -0.587785 -0.799057
vn 0.250000 -0.587785 -0.769421
vn 0.367286 -0.587785 -0.720839
vn 0.475528 -0.587785 -0.654508
vn 0.572061 -0.587785 -0.572061
vn 0.654508 -0.587785 -0.475528
vn 0.720839 -0.587785 -0.367286
vn 0.769421 -0.587785 -0.250000
vn 0.799057 -0.587785 -0.126558
vn 0.698401 -0.707107 0.110616
vn 0.707107 -0.707107 0.000000
vn 0.672499 -0.707107 0.218508
vn 0.630037 -0.707107 0.321020
vn 0.572061 -0.707107 0.415627
vn 0.500000 -0.707107 0.500000
vn 0.415627 -0.707107 0.572061
vn 0.321020 -0.707107 0.630037
vn 0.218508 -0.707107 0.672499
vn 0.110616 -0.707107 0.698401
vn 0.000000 -0.707107 0.707107
vn -0.110616 -0.707107 0.698401
vn -0.218508 -0.707107 0.672499
vn -0.321020 -0.707107 0.630037
vn -0.415627 -0.707107 0.572061
vn -0.500000 -0.707107 0.500000
vn -0.572061 -0.707107 0.415627
vn -0.630037 -0.707107 0.321020
vn -0.672499 -0.707107 0.218508
vn -0.698401 -0.707107 0.110616
vn -0.707107 -0.707107 0.000000
vn -0.698401 -0.707107 -0.110616
vn -0.672499 -0.707107 -0.218508
vn -0.630037 -0.707107 -0.321020
vn -0.572061 -0.707107 -0.415627
vn -0.500000 -0.707107 -0.500000
vn -0.415627 -0.707107 -0.572061
vn -0.321020 -0.707107 -0.630037
vn -0.218508 -0.707107 -0.672499
vn -0.110616 -0.707107 -0.698401
vn -0.000000 -0.707107 -0.707107
vn 0.110616 -0.707107 -0.698401
vn 0.218508 -0.707107 -0.672499
vn 0.321020 -0.707107 -0.630037
vn 0.415627 -0.707107 -0.572061
vn 0.500000 -0.707107 -0.500000
vn 0.572061 -0.707107 -0.415627
vn 0.630037 -0.707107 -0.321020
vn 0.672499 -0.707107 -0.218508
vn 0.698401 -0.707107 -0.110616
vn 0.580549 -0.809017 0.091950
vn 0.587785 -0.809017 0.000000
vn 0.559017 -0.809017 0.181636
vn 0.523720 -0.809017 0.266849
vn 0.475528 -0.809017 0.345492
vn 0.415627 -0.809017 0.415627
vn 0.345492 -0.809017 0.475528
vn 0.266849 -0.809017 0.523720
vn 0.181636 -0.809017 0.559017
vn 0.091950 -0.809017 0.580549
vn 0.000000 -0.809017 0.587785
vn -0.091950 -0.809017 0.580549
vn -0.181636 -0.809017 0.559017
vn -0.266849 -0.809017 0.523720
vn -0.345492 -0.809017 0.475528
vn -0.415627 -0.809017 0.415627
vn -0.475528 -0.809017 0.345492
vn -0.523720 -0.809017 0.266849
vn -0.559017 -0.809017 0.181636
vn -0.580549 -0.809017 0.091950
vn -0.587785 -0.809017 0.000000
vn -0.580549 -0.809017 -0.091950
vn -0.559017 -0.809017 -0.181636
vn -0.523720 -0.809017 -0.266849
vn -0.475528 -0.809017 -0.345492
vn -0.415627 -0.809017 -0.415627
vn -0.345492 -0.809017 -0.475528
vn -0.266849 -0.809017 -0.523720
vn -0.181636 -0.809017 -0.559017
vn -0.091950 -0.809017 -0.580549
vn -0.000000 -0.809017 -0.587785
vn 0.091950 -0.809017 -0.580549
vn 0.181636 -0.809017 -0.559017
vn 0.266849 -0.809017 -0.523720
vn 0.345492 -0.809017 -0.475528
vn 0.415627 -0.809017 -0.415627
vn 0.475528 -0.809017 -0.345492
vn 0.523720 -0.809017 -0.266849
vn 0.559017 -0.809017 -0.181636
vn 0.580549 -0.809017 -0.091950
vn 0.448401 -0.891007 0.071020
vn 0.453990 -0.891007 0.000000
vn 0.431771 -0.891007 0.140291
vn 0.404508 -0.891007 0.206107
vn 0.367286 -0.891007 0.266849
vn 0.321020 -0.891007 0.321020
vn 0.266849 -0.891007 0.367286
vn 0.206107 -0.891007 0.404508
vn 0.140291 -0.891007 0.431771
vn 0.071020 -0.891007 0.448401
vn 0.000000 -0.891007 0.453990
vn -0.071020 -0.891007 0.448401
vn -0.140291 -0.891007 0.431771
vn -0.206107 -0.891007 0.404508
vn -0.266849 -0.891007 0.367286
vn -0.321020 -0.891007 0.321020
vn -0.367286 -0.891007 0.266849
vn -0.404508 -0.891007 0.206107
vn -0.431771 -0.891007 0.140291
vn -0.448401 -0.891007 0.071020
vn -0.453990 -0.891007 0.000000
vn -0.448401 -0.891007 -0.071020
vn -0.431771 -0.891007 -0.140291
vn -0.404508 -0.891007 -0.206107
vn -0.367286 -0.891007 -0.266849
vn -0.321020 -0.891007 -0.321020
vn -0.266849 -0.891007 -0.367286
vn -0.206107 -0.891007 -0.404508
vn -0.140291 -0.891007 -0.431771
vn -0.071020 -0.891007 -0.448401
vn -0.000000 -0.891007 -0.453990
vn 0.071020 -0.891007 -0.448401
vn 0.140291 -0.891007 -0.431771
vn 0.206107 -0.891007 -0.404508
vn 0.266849 -0.891007 -0.367286
vn 0.321020 -0.891007 -0.321020
vn 0.367286 -0.891007 -0.266849
vn 0.404508 -0.891007 -0.206107
vn 0.431771 -0.891007 -0.140291
vn 0.448401 -0.891007 -0.071020
vn 0.305212 -0.951057 0.048341
vn 0.309017 -0.951057 0.000000
vn 0.293893 -0.951057 0.095492
vn 0.275336 -0.951057 0.140291
vn 0.250000 -0.951057 0.181636
vn 0.218508 -0.951057 0.218508
vn 0.181636 -0.951057 0.250000
vn 0.140291 -0.951057 0.275336
vn 0.095492 -0.951057 0.293893
vn 0.048341 -0.951057 0.305212
vn 0.000000 -0.951057 0.309017
vn -0.048341 -0.951057 0.305212
vn -0.095492 -0.951057 0.293893
vn -0.140291 -0.951057 0.275336
vn -0.181636 -0.951057 0.250000
vn -0.218508 -0.951057 0.218508
vn -0.250000 -0.951057 0.181636
vn -0.275336 -0.951057 0.140291
vn -0.293893 -0.951057 0.095492
vn -0.305212 -0.951057 0.048341
vn -0.309017 -0.951057 0.000000
vn -0.305212 -0.951057 -0.048341
vn -0.293893 -0.951057 -0.095492
vn -0.275336 -0.951057 -0.140291
vn -0.250000 -0.951057 -0.181636
vn -0.218508 -0.951057 -0.218508
vn -0.181636 -0.951057 -0.250000
vn -0.140291 -0.951057 -0.275336
vn -0.095492 -0.951057 -0.293893
vn -0.048341 -0.951057 -0.305212
vn -0.000000 -0.951057 -0.309017
vn 0.048341 -0.951057 -0.305212
vn 0.095492 -0.951057 -0.293893
vn 0.140291 -0.951057 -0.275336
vn 0.181636 -0.951057 -0.250000
vn 0.218508 -0.951057 -0.218508
vn 0.250000 -0.951057 -0.181636
vn 0.275336 -0.951057 -0.140291
vn 0.293893 -0.951057 -0.095492
vn 0.305212 -0.951057 -0.048341
vn 0.154508 -0.987688 0.024472
vn 0.156434 -0.987688 0.000000
vn 0.148778 -0.987688 0.048341
vn 0.139384 -0.987688 0.071020
vn 0.126558 -0.987688 0.091950
vn 0.110616 -0.987688 0.110616
vn 0.091950 -0.987688 0.126558
vn 0.071020 -0.987688 0.139384
vn 0.048341 -0.987688 0.148778
vn 0.024472 -0.987688 0.154508
vn 0.000000 -0.987688 0.156434
vn -0.024472 -0.987688 0.154508
vn -0.048341 -0.987688 0.148778
vn -0.071020 -0.987688 0.139384
vn -0.091950 -0.987688 0.126558
vn -0.110616 -0.987688 0.110616
vn -0.126558 -0.987688 0.091950
vn -0.139384 -0.987688 0.071020
vn -0.148778 -0.987688 0.048341
vn -0.154508 -0.987688 0.024472
vn -0.156434 -0.987688 0.000000
vn -0.154508 -0.987688 -0.024472
vn -0.148778 -0.987688 -0.048341
vn -0.139384 -0.987688 -0.071020
vn -0.126558 -0.987688 -0.091950
vn -0.110616 -0.987688 -0.110616
vn -0.091950 -0.987688 -0.126558
vn -0.071020 -0.987688 -0.139384
vn -0.048341 -0.987688 -0.148778
vn -0.024472 -0.987688 -0.154508
vn -0.000000 -0.987688 -0.156434
vn 0.024472 -0.987688 -0.154508
vn 0.048341 -0.987688 -0.148778
vn 0.071020 -0.987688 -0.139384
vn 0.091950 -0.987688 -0.126558
vn 0.110616 -0.987688 -0.110616
vn 0.126558 -0.987688 -0.091950
vn 0.139384 -0.987688 -0.071020
vn 0.148778 -0.987688 -0.048341
vn 0.154508 -0.987688 -0.024472
vn 0.000000 -1.000000 0.000000
usemtl deck
f 1//1 2//1 3//1
f 1//1 3//1 4//1
usemtl gold0
f 5//1 6//2 7//3
f 5//1 8//4 6//2
f 5//1 9//5 8//4
f 5//1 10//6 9//5
f 5//1 11//7 10//6
f 5//1 12//8 11//7
f 5//1 13//9 12//8
f 5//1 14//10 13//9
f 5//1 15//11 14//10
f 5//1 16//12 15//11
f 5//1 17//13 16//12
f 5//1 18//14 17//13
f 5//1 19//15 18//14
f 5//1 20//16 19//15
f 5//1 21//17 20//16
f 5//1 22//18 21//17
f 5//1 23//19 22//18
f 5//1 24//20 23//19
f 5//1 25//21 24//20
f 5//1 26//22 25//21
f 5//1 27//23 26//22
f 5//1 28//24 27//23
f 5//1 29//25 28//24
f 5//1 30//26 29//25
f 5//1 31//27 30//26
f 5//1 32//28 31//27
f 5//1 33//29 32//28
f 5//1 34//30 33//29
f 5//1 35//31 34//30
f 5//1 36//32 35//31
f 5//1 37//33 36//32
f 5//1 38//34 37//33
f 5//1 39//35 38//34
f 5//1 40//36 39//35
f 5//1 41//37 40//36
f 5//1 42//38 41//37
f 5//1 43//39 42//38
f 5//1 44//40 43//39
f 5//1 45//41 44//40
f 5//1 7//3 45//41
f 7//3 6//2 46//42
f 7//3 46//42 47//43
f 6//2 8//4 48//44
f 6//2 48//44 46//42
f 8//4 9//5 49//45
f 8//4 49//45 48//44
f 9//5 10//6 50//46
f 9//5 50//46 49//45
f 10//6 11//7 51//47
f 10//6 51//47 50//46
f 11//7 12//8 52//48
f 11//7 52//48 51//47
f 12//8 13//9 53//49
f 12//8 53//49 52//48
f 13//9 14//10 54//50
f 13//9 54//50 53//49
f 14//10 15//11 55//51
f 14//10 55//51 54//50
f 15//11 16//12 56//52
f 15//11 56//52 55//51
f 16//12 17//13 57//53
f 16//12 57//53 56//52
f 17//13 18//14 58//54
f 17//13 58//54 57//53
f 18//14 19//15 59//55
f 18//14 59//55 58//54
f 19//15 20//16 60//56
f 19//15 60//56 59//55
f 20//16 21//17 61//57
f 20//16 61//57 60//56
f 21//17 22//18 62//58
f 21//17 62//58 61//57
f 22//18 23//19 63//59
f 22//18 63//59 62//58
f 23//19 24//20 64//60
f 23//19 64//60 63//59
f 24//20 25//21 65//61
f 24//20 65//61 64//60
f 25//21 26//22 66//62
f 25//21 66//62 65//61
f 26//22 27//23 67//63
f 26//22 67//63 66//62
f 27//23 28//24 68//64
f 27//23 68//64 67//63
f 28//24 29//25 69//65
f 28//24 69//65 68//64
f 29//25 30//26 70//66
f 29//25 70//66 69//65
f 30//26 31//27 71//67
f 30//26 71//67 70//66
f 31//27 32//28 72//68
f 31//27 72//68 71//67
f 32//28 33//29 73//69
f 32//28 73//69 72//68
f 33//29 34//30 74//70
f 33//29 74//70 73//69
f 34//30 35//31 75//71
f 34//30 75//71 74//70
f 35//31 36//32 76//72
f 35//31 76//72 75//71
f 36//32 37//33 77//73
f 36//32 77//73 76//72
f 37//33 38//34 78//74
f 37//33 78//74 77//73
f 38//34 39//35 79//75
f 38//34 79//75 78//74
f 39//35 40//36 80//76
f 39//35 80//76 79//75
f 40//36 41//37 81//77
f 40//36 81//77 80//76
f 41//37 42//38 82//78
f 41//37 82//78 81//77
f 42//38 43//39 83//79
f 42//38 83//79 82//78
f 43//39 44//40 84//80
f 43//39 84//80 83//79
f 44//40 45//41 85//81
f 44//40 85//81 84//80
f 45//41 7//3 47//43
f 45//41 47//43 85//81
f 47//43 46//42 86//82
f 47//43 86//82 87//83
f 46//42 48//44 88//84
f 46//42 88//84 86//82
f 48//44 49//45 89//85
f 48//44 89//85 88//84
f 49//45 50//46 90//86
f 49//45 90//86 89//85
f 50//46 51//47 91//87
f 50//46 91//87 90//86
f 51//47 52//48 92//88
f 51//47 92//88 91//87
f 52//48 53//49 93//89
f 52//48 93//89 92//88
f 53//49 54//50 94//90
f 53//49 94//90 93//89
f 54//50 55//51 95//91
f 54//50 95//91 94//90
f 55//51 56//52 96//92
f 55//51 96//92 95//91
f 56//52 57//53 97//93
f 56//52 97//93 96//92
f 57//53 58//54 98//94
f 57//53 98//94 97//93
f 58//54 59//55 99//95
f 58//54 99//95 98//94
f 59//55 60//56 100//96
f 59//55 100//96 99//95
f 60//56 61//57 101//97
f 60//56 101//97 100//96
f 61//57 62//58 102//98
f 61//57 102//98 101//97
f 62//58 63//59 103//99
f 62//58 103//99 102//98
f 63//59 64//60 104//100
f 63//59 104//100 103//99
f 64//60 65//61 105//101
f 64//60 105//101 104//100
f 65//61 66//62 106//102
f 65//61 106//102 105//101
f 66//62 67//63 107//103
f 66//62 107//103 106//102
f 67//63 68//64 108//104
f 67//63 108//104 107//103
f 68//64 69//65 109//105
f 68//64 109//105 108//104
f 69//65 70//66 110//106
f 69//65 110//106 109//105
f 70//66 71//67 111//107
f 70//66 111//107 110//106
f 71//67 72//68 112//108
f 71//67 112//108 111//107
f 72//68 73//69 113//109
f 72//68 113//109 112//108
f 73//69 74//70 114//110
f 73//69 114//110 113//109
f 74//70 75//71 115//111
f 74//70 115//111 114//110
f 75//71 76//72 116//112
f 75//71 116//112 115//111
f 76//72 77//73 117//113
f 76//72 117//113 116//112
f 77//73 78//74 118//114
f 77//73 118//114 117//113
f 78//74 79//75 119//115
f 78//74 119//115 118//114
f 79//75 80//76 120//116
f 79//75 120//116 119//115
f 80//76 81//77 121//117
f 80//76 121//117 120//116
f 81//77 82//78 122//118
f 81//77 122//118 121//117
f 82//78 83//79 123//119
f 82//78 123//119 122//118
f 83//79 84//80 124//120
f 83//79 124//120 123//119
f 84//80 85//81 125//121
f 84//80 125//121 124//120
f 85//81 47//43 87//83
f 85//81 87//83 125//121
f 87//83 86//82 126//122
f 87//83 126//122 127//123
f 86//82 88//84 128//124
f 86//82 128//124 126//122
f 88//84 89//85 129//125
f 88//84 129//125 128//124
f 89//85 90//86 130//126
f 89//85 130//126 129//125
f 90//86 91//87 131//127
f 90//86 131//127 130//126
f 91//87 92//88 132//128
f 91//87 132//128 131//127
f 92//88 93//89 133//129
f 92//88 133//129 132//128
f 93//89 94//90 134//130
f 93//89 134//130 133//129
f 94//90 95//91 135//131
f 94//90 135//131 134//130
f 95//91 96//92 136//132
f 95//91 136//132 135//131
f 96//92 97//93 137//133
f 96//92 137//133 136//132
f 97//93 98//94 138//134
f 97//93 138//134 137//133
f 98//94 99//95 139//135
f 98//94 139//135 138//134
f 99//95 100//96 140//136
f 99//95 140//136 139//135
f 100//96 101//97 141//137
f 100//96 141//137 140//136
f 101//97 102//98 142//138
f 101//97 142//138 141//137
f 102//98 103//99 143//139
f 102//98 143//139 142//138
f 103//99 104//100 144//140
f 103//99 144//140 143//139
f 104//100 105//101 145//141
f 104//100 145//141 144//140
f 105//101 106//102 146//142
f 105//101 146//142 145//141
f 106//102 107//103 147//143
f 106//102 147//143 146//142
f 107//103 108//104 148//144
f 107//103 148//144 147//143
f 108//104 109//105 149//145
f 108//104 149//145 148//144
f 109//105 110//106 150//146
f 109//105 150//146 149//145
f 110//106 111//107 151//147
f 110//106 151//147 150//146
f 111//107 112//108 152//148
f 111//107 152//148 151//147
f 112//108 113//109 153//149
f 112//108 153//149 152//148
f 113//109 114//110 154//150
f 113//109 154//150 153//149
f 114//110 115//111 155//151
f 114//110 155//151 154//150
f 115//111 116//112 156//152
f 115//111 156//152 155//151
f 116//112 117//113 157//153
f 116//112 157//153 156//152
f 117//113 118//114 158//154
f 117//113 158//154 157//153
f 118//114 119//115 159//155
f 118//114 159//155 158//154
f 119//115 120//116 160//156
f 119//115 160//156 159//155
f 120//116 121//117 161//157
f 120//116 161//157 160//156
f 121//117 122//118 162//158
f 121//117 162//158 161//157
f 122//118 123//119 163//159
f 122//118 163//159 162//158
f 123//119 124//120 164//160
f 123//119 164//160 163//159
f 124//120 125//121 165//161
f 124//120 165//161 164//160
f 125//121 87//83 127//123
f 125//121 127//123 165//161
f 127//123 126//122 166//162
f 127//123 166//162 167//163
f 126//122 128//124 168//164
f 126//122 168//164 166//162
f 128//124 129//125 169//165
f 128//124 169//165 168//164
f 129//125 130//126 170//166
f 129//125 170//166 169//165
f 130//126 131//127 171//167
f 130//126 171//167 170//166
f 131//127 132//128 172//168
f 131//127 172//168 171//167
f 132//128 133//129 173//169
f 132//128 173//169 172//168
f 133//129 134//130 174//170
f 133//129 174//170 173//169
f 134//130 135//131 175//171
f 134//130 175//171 174//170
f 135//131 136//132 176//172
f 135//131 176//172 175//171
f 136//132 137//133 177//173
f 136//132 177//173 176//172
f 137//133 138//134 178//174
f 137//133 178//174 177//173
f 138//134 139//135 179//175
f 138//134 179//175 178//174
f 139//135 140//136 180//176
f 139//135 180//176 179//175
f 140//136 141//137 181//177
f 140//136 181//177 180//176
f 141//137 142//138 182//178
f 141//137 182//178 181//177
f 142//138 143//139 183//179
f 142//138 183//179 182//178
f 143//139 144//140 184//180
f 143//139 184//180 183//179
f 144//140 145//141 185//181
f 144//140 185//181 184//180
f 145//141 146//142 186//182
f 145//141 186//182 185//181
f 146//142 147//143 187//183
f 146//142 187//183 186//182
f 147//143 148//144 188//184
f 147//143 188//184 187//183
f 148//144 149//145 189//185
f 148//144 189//185 188//184
f 149//145 150//146 190//186
f 149//145 190//186 189//185
f 150//146 151//147 191//187
f 150//146 191//187 190//186
f 151//147 152//148 192//188
f 151//147 192//188 191//187
f 152//148 153//149 193//189
f 152//148 193//189 192//188
f 153//149 154//150 194//190
f 153//149 194//190 193//189
f 154//150 155//151 195//191
f 154//150 195//191 194//190
f 155//151 156//152 196//192
f 155//151 196//192 195//191
f 156//152 157//153 197//193
f 156//152 197//193 196//192
f 157//153 158//154 198//194
f 157//153 198//194 197//193
f 158//154 159//155 199//195
f 158//154 199//195 198//194
f 159//155 160//156 200//196
f 159//155 200//196 199//195
f 160//156 161//157 201//197
f 160//156 201//197 200//196
f 161//157 162//158 202//198
f 161//157 202//198 201//197
f 162//158 163//159 203//199
f 162//158 203//199 202//198
f 163//159 164//160 204//200
f 163//159 204//200 203//199
f 164//160 165//161 205//201
f 164//160 205//201 204//200
f 165//161 127//123 167//163
f 165//161 167//163 205//201
f 167//163 166//162 206//202
f 167//163 206//202 207//203
f 166//162 168//164 208//204
f 166//162 208//204 206//202
f 168//164 169//165 209//205
f 168//164 209//205 208//204
f 169//165 170//166 210//206
f 169//165 210//206 209//205
f 170//166 171//167 211//207
f 170//166 211//207 210//206
f 171//167 172//168 212//208
f 171//167 212//208 211//207
f 172//168 173//169 213//209
f 172//168 213//209 212//208
f 173//169 174//170 214//210
f 173//169 214//210 213//209
f 174//170 175//171 215//211
f 174//170 215//211 214//210
f 175//171 176//172 216//212
f 175//171 216//212 215//211
f 176//172 177//173 217//213
f 176//172 217//213 216//212
f 177//173 178//174 218//214
f 177//173 218//214 217//213
f 178//174 179//175 219//215
f 178//174 219//215 218//214
f 179//175 180//176 220//216
f 179//175 220//216 219//215
f 180//176 181//177 221//217
f 180//176 221//217 220//216
f 181//177 182//178 222//218
f 181//177 222//218 221//217
f 182//178 183//179 223//219
f 182//178 223//219 222//218
f 183//179 184//180 224//220
f 183//179 224//220 223//219
f 184//180 185//181 225//221
f 184//180 225//221 224//220
f 185//181 186//182 226//222
f 185//181 226//222 225//221
f 186//182 187//183 227//223
f 186//182 227//223 226//222
f 187//183 188//184 228//224
f 187//183 228//224 227//223
f 188//184 189//185 229//225
f 188//184 229//225 228//224
f 189//185 190//186 230//226
f 189//185 230//226 229//225
f 190//186 191//187 231//227
f 190//186 231//227 230//226
f 191//187 192//188 232//228
f 191//187 232//228 231//227
f 192//188 193//189 233//229
f 192//188 233//229 232//228
f 193//189 194//190 234//230
f 193//189 234//230 233//229
f 194//190 195//191 235//231
f 194//190 235//231 234//230
f 195//191 196//192 236//232
f 195//191 236//232 235//231
f 196//192 197//193 237//233
f 196//192 237//233 236//232
f 197//193 198//194 238//234
f 197//193 238//234 237//233
f 198//194 199//195 239//235
f 198//194 239//235 238//234
f 199//195 200//196 240//236
f 199//195 240//236 239//235
f 200//196 201//197 241//237
f 200//196 241//237 240//236
f 201//197 202//198 242//238
f 201//197 242//238 241//237
f 202//198 203//199 243//239
f 202//198 243//239 242//238
f 203//199 204//200 244//240
f 203//199 244//240 243//239
f 204//200 205//201 245//241
f 204//200 245//241 244//240
f 205//201 167//163 207//203
f 205//201 207//203 245//241
f 207//203 206//202 246//242
f 207//203 246//242 247//243
f 206//202 208//204 248//244
f 206//202 248//244 246//242
f 208//204 209//205 249//245
f 208//204 249//245 248//244
f 209//205 210//206 250//246
f 209//205 250//246 249//245
f 210//206 211//207 251//247
f 210//206 251//247 250//246
f 211//207 212//208 252//248
f 211//207 252//248 251//247
f 212//208 213//209 253//249
f 212//208 253//249 252//248
f 213//209 214//210 254//250
f 213//209 254//250 253//249
f 214//210 215//211 255//251
f 214//210 255//251 254//250
f 215//211 216//212 256//252
f 215//211 256//252 255//251
f 216//212 217//213 257//253
f 216//212 257//253 256//252
f 217//213 218//214 258//254
f 217//213 258//254 257//253
f 218//214 219//215 259//255
f 218//214 259//255 258//254
f 219//215 220//216 260//256
f 219//215 260//256 259//255
f 220//216 221//217 261//257
f 220//216 261//257 260//256
f 221//217 222//218 262//258
f 221//217 262//258 261//257
f 222//218 223//219 263//259
f 222//218 263//259 262//258
f 223//219 224//220 264//260
f 223//219 264//260 263//259
f 224//220 225//221 265//261
f 224//220 265//261 264//260
f 225//221 226//222 266//262
f 225//221 266//262 265//261
f 226//222 227//223 267//263
f 226//222 267//263 266//262
f 227//223 228//224 268//264
f 227//223 268//264 267//263
f 228//224 229//225 269//265
f 228//224 269//265 268//264
f 229//225 230//226 270//266
f 229//225 270//266 269//265
f 230//226 231//227 271//267
f 230//226 271//267 270//266
f 231//227 232//228 272//268
f 231//227 272//268 271//267
f 232//228 233//229 273//269
f 232//228 273//269 272//268
f 233//229 234//230 274//270
f 233//229 274//270 273//269
f 234//230 235//231 275//271
f 234//230 275//271 274//270
f 235//231 236//232 276//272
f 235//231 276//272 275//271
f 236//232 237//233 277//273
f 236//232 277//273 276//272
f 237//233 238//234 278//274
f 237//233 278//274 277//273
f 238//234 239//235 279//275
f 238//234 279//275 278//274
f 239//235 240//236 280//276
f 239//235 280//276 279//275
f 240//236 241//237 281//277
f 240//236 281//277 280//276
f 241//237 242//238 282//278
f 241//237 282//278 281//277
f 242//238 243//239 283//279
f 242//238 283//279 282//278
f 243//239 244//240 284//280
f 243//239 284//280 283//279
f 244//240 245//241 285//281
f 244//240 285//281 284//280
f 245//241 207//203 247//243
f 245//241 247//243 285//281
f 247//243 246//242 286//282
f 247//243 286//282 287//283
f 246//242 248//244 288//284
f 246//242 288//284 286//282
f 248//244 249//245 289//285
f 248//244 289//285 288//284
f 249//245 250//246 290//286
f 249//245 290//286 289//285
f 250//246 251//247 291//287
f 250//246 291//287 290//286
f 251//247 252//248 292//288
f 251//247 292//288 291//287
f 252//248 253//249 293//289
f 252//248 293//289 292//288
f 253//249 254//250 294//290
f 253//249 294//290 293//289
f 254//250 255//251 295//291
f 254//250 295//291 294//290
f 255//251 256//252 296//292
f 255//251 296//292 295//291
f 256//252 257//253 297//293
f 256//252 297//293 296//292
f 257//253 258//254 298//294
f 257//253 298//294 297//293
f 258//254 259//255 299//295
f 258//254 299//295 298//294
f 259//255 260//256 300//296
f 259//255 300//296 299//295
f 260//256 261//257 301//297
f 260//256 301//297 300//296
f 261//257 262//258 302//298
f 261//257 302//298 301//297
f 262//258 263//259 303//299
f 262//258 303//299 302//298
f 263//259 264//260 304//300
f 263//259 304//300 303//299
f 264//260 265//261 305//301
f 264//260 305//301 304//300
f 265//261 266//262 306//302
f 265//261 306//302 305//301
f 266//262 267//263 307//303
f 266//262 307//303 306//302
f 267//263 268//264 308//304
f 267//263 308//304 307//303
f 268//264 269//265 309//305
f 268//264 309//305 308//304
f 269//265 270//266 310//306
f 269//265 310//306 309//305
f 270//266 271//267 311//307
f 270//266 311//307 310//306
f 271//267 272//268 312//308
f 271//267 312//308 311//307
f 272//268 273//269 313//309
f 272//268 313//309 312//308
f 273//269 274//270 314//310
f 273//269 314//310 313//309
f 274//270 275//271 315//311
f 274//270 315//311 314//310
f 275//271 276//272 316//312
f 275//271 316//312 315//311
f 276//272 277//273 317//313
f 276//272 317//313 316//312
f 277//273 278//274 318//314
f 277//273 318//314 317//313
f 278//274 279//275 319//315
f 278//274 319//315 318//314
f 279//275 280//276 320//316
f 279//275 320//316 319//315
f 280//276 281//277 321//317
f 280//276 321//317 320//316
f 281//277 282//278 322//318
f 281//277 322//318 321//317
f 282//278 283//279 323//319
f 282//278 323//319 322//318
f 283//279 284//280 324//320
f 283//279 324//320 323//319
f 284//280 285//281 325//321
f 284//280 325//321 324//320
f 285//281 247//243 287//283
f 285//281 287//283 325//321
f 287//283 286//282 326//322
f 287//283 326//322 327//323
f 286//282 288//284 328//324
f 286//282 328//324 326//322
f 288//284 289//285 329//325
f 288//284 329//325 328//324
f 289//285 290//286 330//326
f 289//285 330//326 329//325
f 290//286 291//287 331//327
f 290//286 331//327 330//326
f 291//287 292//288 332//328
f 291//287 332//328 331//327
f 292//288 293//289 333//329
f 292//288 333//329 332//328
f 293//289 294//290 334//330
f 293//289 334//330 333//329
f 294//290 295//291 335//331
f 294//290 335//331 334//330
f 295//291 296//292 336//332
f 295//291 336//332 335//331
f 296//292 297//293 337//333
f 296//292 337//333 336//332
f 297//293 298//294 338//334
f 297//293 338//334 337//333
f 298//294 299//295 339//335
f 298//294 339//335 338//334
f 299//295 300//296 340//336
f 299//295 340//336 339//335
f 300//296 301//297 341//337
f 300//296 341//337 340//336
f 301//297 302//298 342//338
f 301//297 342//338 341//337
f 302//298 303//299 343//339
f 302//298 343//339 342//338
f 303//299 304//300 344//340
f 303//299 344//340 343//339
f 304//300 305//301 345//341
f 304//300 345//341 344//340
f 305//301 306//302 346//342
f 305//301 346//342 345//341
f 306//302 307//303 347//343
f 306//302 347//343 346//342
f 307//303 308//304 348//344
f 307//303 348//344 347//343
f 308//304 309//305 349//345
f 308//304 349//345 348//344
f 309//305 310//306 350//346
f 309//305 350//346 349//345
f 310//306 311//307 351//347
f 310//306 351//347 350//346
f 311//307 312//308 352//348
f 311//307 352//348 351//347
f 312//308 313//309 353//349
f 312//308 353//349 352//348
f 313//309 314//310 354//350
f 313//309 354//350 353//349
f 314//310 315//311 355//351
f 314//310 355//351 354//350
f 315//311 316//312 356//352
f 315//311 356//352 355//351
f 316//312 317//313 357//353
f 316//312 357//353 356//352
f 317//313 318//314 358//354
f 317//313 358//354 357//353
f 318//314 319//315 359//355
f 318//314 359//355 358//354
f 319//315 320//316 360//356
f 319//315 360//356 359//355
f 320//316 321//317 361//357
f 320//316 361//357 360//356
f 321//317 322//318 362//358
f 321//317 362//358 361//357
f 322//318 323//319 363//359
f 322//318 363//359 362//358
f 323//319 324//320 364//360
f 323//319 364//360 363//359
f 324//320 325//321 365//361
f 324//320 365//361 364//360
f 325//321 287//283 327//323
f 325//321 327//323 365//361
f 327//323 326//322 366//362
f 327//323 366//362 367//363
f 326//322 328//324 368//364
f 326//322 368//364 366//362
f 328//324 329//325 369//365
f 328//324 369//365 368//364
f 329//325 330//326 370//366
f 329//325 370//366 369//365
f 330//326 331//327 371//367
f 330//326 371//367 370//366
f 331//327 332//328 372//368
f 331//327 372//368 371//367
f 332//328 333//329 373//369
f 332//328 373//369 372//368
f 333//329 334//330 374//370
f 333//329 374//370 373//369
f 334//330 335//331 375//371
f 334//330 375//371 374//370
f 335//331 336//332 376//372
f 335//331 376//372 375//371
f 336//332 337//333 377//373
f 336//332 377//373 376//372
f 337//333 338//334 378//374
f 337//333 378//374 377//373
f 338//334 339//335 379//375
f 338//334 379//375 378//374
f 339//335 340//336 380//376
f 339//335 380//376 379//375
f 340//336 341//337 381//377
f 340//336 381//377 380//376
f 341//337 342//338 382//378
f 341//337 382//378 381//377
f 342//338 343//339 383//379
f 342//338 383//379 382//378
f 343//339 344//340 384//380
f 343//339 384//380 383//379
f 344//340 345//341 385//381
f 344//340 385//381 384//380
f 345//341 346//342 386//382
f 345//341 386//382 385//381
f 346//342 347//343 387//383
f 346//342 387//383 386//382
f 347//343 348//344 388//384
f 347//343 388//384 387//383
f 348//344 349//345 389//385
f 348//344 389//385 388//384
f 349//345 350//346 390//386
f 349//345 390//386 389//385
f 350//346 351//347 391//387
f 350//346 391//387 390//386
f 351//347 352//348 392//388
f 351//347 392//388 391//387
f 352//348 353//349 393//389
f 352//348 393//389 392//388
f 353//349 354//350 394//390
f 353//349 394//390 393//389
f 354//350 355//351 395//391
f 354//350 395//391 394//390
f 355//351 356//352 396//392
f 355//351 396//392 395//391
f 356//352 357//353 397//393
f 356//352 397//393 396//392
f 357//353 358//354 398//394
f 357//353 398//394 397//393
f 358//354 359//355 399//395
f 358//354 399//395 398//394
f 359//355 360//356 400//396
f 359//355 400//396 399//395
f 360//356 361//357 401//397
f 360//356 401//397 400//396
f 361//357 362//358 402//398
f 361//357 402//398 401//397
f 362//358 363//359 403//399
f 362//358 403//399 402//398
f 363//359 364//360 404//400
f 363//359 404//400 403//399
f 364//360 365//361 405//401
f 364//360 405//401 404//400
f 365//361 327//323 367//363
f 365//361 367//363 405//401
f 367//363 366//362 406//402
f 367//363 406//402 407//403
f 366//362 368//364 408//404
f 366//362 408//404 406//402
f 368//364 369//365 409//405
f 368//364 409//405 408//404
f 369//365 370//366 410//406
f 369//365 410//406 409//405
f 370//366 371//367 411//407
f 370//366 411//407 410//406
f 371//367 372//368 412//408
f 371//367 412//408 411//407
f 372//368 373//369 413//409
f 372//368 413//409 412//408
f 373//369 374//370 414//410
f 373//369 414//410 413//409
f 374//370 375//371 415//411
f 374//370 415//411 414//410
f 375//371 376//372 416//412
f 375//371 416//412 415//411
f 376//372 377//373 417//413
f 376//372 417//413 416//412
f 377//373 378//374 418//414
f 377//373 418//414 417//413
f 378//374 379//375 419//415
f 378//374 419//415 418//414
f 379//375 380//376 420//416
f 379//375 420//416 419//415
f 380//376 381//377 421//417
f 380//376 421//417 420//416
f 381//377 382//378 422//418
f 381//377 422//418 421//417
f 382//378 383//379 423//419
f 382//378 423//419 422//418
f 383//379 384//380 424//420
f 383//379 424//420 423//419
f 384//380 385//381 425//421
f 384//380 425//421 424//420
f 385//381 386//382 426//422
f 385//381 426//422 425//421
f 386//382 387//383 427//423
f 386//382 427//423 426//422
f 387//383 388//384 428//424
f 387//383 428//424 427//423
f 388//384 389//385 429//425
f 388//384 429//425 428//424
f 389//385 390//386 430//426
f 389//385 430//426 429//425
f 390//386 391//387 431//427
f 390//386 431//427 430//426
f 391//387 392//388 432//428
f 391//387 432//428 431//427
f 392//388 393//389 433//429
f 392//388 433//429 432//428
f 393//389 394//390 434//430
f 393//389 434//430 433//429
f 394//390 395//391 435//431
f 394//390 435//431 434//430
f 395//391 396//392 436//432
f 395//391 436//432 435//431
f 396//392 397//393 437//433
f 396//392 437//433 436//432
f 397//393 398//394 438//434
f 397//393 438//434 437//433
f 398//394 399//395 439//435
f 398//394 439//435 438//434
f 399//395 400//396 440//436
f 399//395 440//436 439//435
f 400//396 401//397 441//437
f 400//396 441//437 440//436
f 401//397 402//398 442//438
f 401//397 442//438 441//437
f 402//398 403//399 443//439
f 402//398 443//439 442//438
f 403//399 404//400 444//440
f 403//399 444//440 443//439
f 404//400 405//401 445//441
f 404//400 445//441 444//440
f 405//401 367//363 407//403
f 405//401 407//403 445//441
f 407//403 406//402 446//442
f 407//403 446//442 447//443
f 406//402 408//404 448//444
f 406//402 448//444 446//442
f 408//404 409//405 449//445
f 408//404 449//445 448//444
f 409//405 410//406 450//446
f 409//405 450//446 449//445
f 410//406 411//407 451//447
f 410//406 451//447 450//446
f 411//407 412//408 452//448
f 411//407 452//448 451//447
f 412//408 413//409 453//449
f 412//408 453//449 452//448
f 413//409 414//410 454//450
f 413//409 454//450 453//449
f 414//410 415//411 455//451
f 414//410 455//451 454//450
f 415//411 416//412 456//452
f 415//411 456//452 455//451
f 416//412 417//413 457//453
f 416//412 457//453 456//452
f 417//413 418//414 458//454
f 417//413 458//454 457//453
f 418//414 419//415 459//455
f 418//414 459//455 458//454
f 419//415 420//416 460//456
f 419//415 460//456 459//455
f 420//416 421//417 461//457
f 420//416 461//457 460//456
f 421//417 422//418 462//458
f 421//417 462//458 461//457
f 422//418 423//419 463//459
f 422//418 463//459 462//458
f 423//419 424//420 464//460
f 423//419 464//460 463//459
f 424//420 425//421 465//461
f 424//420 465//461 464//460
f 425//421 426//422 466//462
f 425//421 466//462 465//461
f 426//422 427//423 467//463
f 426//422 467//463 466//462
f 427//423 428//424 468//464
f 427//423 468//464 467//463
f 428//424 429//425 469//465
f 428//424 469//465 468//464
f 429//425 430//426 470//466
f 429//425 470//466 469//465
f 430//426 431//427 471//467
f 430//426 471//467 470//466
f 431//427 432//428 472//468
f 431//427 472//468 471//467
f 432//428 433//429 473//469
f 432//428 473//469 472//468
f 433//429 434//430 474//470
f 433//429 474//470 473//469
f 434//430 435//431 475//471
f 434//430 475//471 474//470
f 435//431 436//432 476//472
f 435//431 476//472 475//471
f 436//432 437//433 477//473
f 436//432 477//473 476//472
f 437//433 438//434 478//474
f 437//433 478//474 477//473
f 438//434 439//435 479//475
f 438//434 479//475 478//474
f 439//435 440//436 480//476
f 439//435 480//476 479//475
f 440//436 441//437 481//477
f 440//436 481//477 480//476
f 441//437 442//438 482//478
f 441//437 482//478 481//477
f 442//438 443//439 483//479
f 442//438 483//479 482//478
f 443//439 444//440 484//480
f 443//439 484//480 483//479
f 444//440 445//441 485//481
f 444//440 485//481 484//480
f 445//441 407//403 447//443
f 445//441 447//443 485//481
f 447//443 446//442 486//482
f 447//443 486//482 487//483
f 446//442 448//444 488//484
f 446//442 488//484 486//482
f 448//444 449//445 489//485
f 448//444 489//485 488//484
f 449//445 450//446 490//486
f 449//445 490//486 489//485
f 450//446 451//447 491//487
f 450//446 491//487 490//486
f 451//447 452//448 492//488
f 451//447 492//488 491//487
f 452//448 453//449 493//489
f 452//448 493//489 492//488
f 453//449 454//450 494//490
f 453//449 494//490 493//489
f 454//450 455//451 495//491
f 454//450 495//491 494//490
f 455//451 456//452 496//492
f 455//451 496//492 495//491
f 456//452 457//453 497//493
f 456//452 497//493 496//492
f 457//453 458//454 498//494
f 457//453 498//494 497//493
f 458//454 459//455 499//495
f 458//454 499//495 498//494
f 459//455 460//456 500//496
f 459//455 500//496 499//495
f 460//456 461//457 501//497
f 460//456 501//497 500//496
f 461//457 462//458 502//498
f 461//457 502//498 501//497
f 462//458 463//459 503//499
f 462//458 503//499 502//498
f 463//459 464//460 504//500
f 463//459 504//500 503//499
f 464//460 465//461 505//501
f 464//460 505//501 504//500
f 465//461 466//462 506//502
f 465//461 506//502 505//501
f 466//462 467//463 507//503
f 466//462 507//503 506//502
f 467//463 468//464 508//504
f 467//463 508//504 507//503
f 468//464 469//465 509//505
f 468//464 509//505 508//504
f 469//465 470//466 510//506
f 469//465 510//506 509//505
f 470//466 471//467 511//507
f 470//466 511//507 510//506
f 471//467 472//468 512//508
f 471//467 512//508 511//507
f 472//468 473//469 513//509
f 472//468 513//509 512//508
f 473//469 474//470 514//510
f 473//469 514//510 513//509
f 474//470 475//471 515//511
f 474//470 515//511 514//510
f 475//471 476//472 516//512
f 475//471 516//512 515//511
f 476//472 477//473 517//513
f 476//472 517//513 516//512
f 477//473 478//474 518//514
f 477//473 518//514 517//513
f 478//474 479//475 519//515
f 478//474 519//515 518//514
f 479//475 480//476 520//516
f 479//475 520//516 519//515
f 480//476 481//477 521//517
f 480//476 521//517 520//516
f 481//477 482//478 522//518
f 481//477 522//518 521//517
f 482//478 483//479 523//519
f 482//478 523//519 522//518
f 483//479 484//480 524//520
f 483//479 524//520 523//519
f 484//480 485//481 525//521
f 484//480 525//521 524//520
f 485//481 447//443 487//483
f 485//481 487//483 525//521
f 487//483 486//482 526//522
f 487//483 526//522 527//523
f 486//482 488//484 528//524
f 486//482 528//524 526//522
f 488//484 489//485 529//525
f 488//484 529//525 528//524
f 489//485 490//486 530//526
f 489//485 530//526 529//525
f 490//486 491//487 531//527
f 490//486 531//527 530//526
f 491//487 492//488 532//528
f 491//487 532//528 531//527
f 492//488 493//489 533//529
f 492//488 533//529 532//528
f 493//489 494//490 534//530
f 493//489 534//530 533//529
f 494//490 495//491 535//531
f 494//490 535//531 534//530
f 495//491 496//492 536//532
f 495//491 536//532 535//531
f 496//492 497//493 537//533
f 496//492 537//533 536//532
f 497//493 498//494 538//534
f 497//493 538//534 537//533
f 498//494 499//495 539//535
f 498//494 539//535 538//534
f 499//495 500//496 540//536
f 499//495 540//536 539//535
f 500//496 501//497 541//537
f 500//496 541//537 540//536
f 501//497 502//498 542//538
f 501//497 542//538 541//537
f 502//498 503//499 543//539
f 502//498 543//539 542//538
f 503//499 504//500 544//540
f 503//499 544//540 543//539
f 504//500 505//501 545//541
f 504//500 545//541 544//540
f 505//501 506//502 546//542
f 505//501 546//542 545//541
f 506//502 507//503 547//543
f 506//502 547//543 546//542
f 507//503 508//504 548//544
f 507//503 548//544 547//543
f 508//504 509//505 549//545
f 508//504 549//545 548//544
f 509//505 510//506 550//546
f 509//505 550//546 549//545
f 510//506 511//507 551//547
f 510//506 551//547 550//546
f 511//507 512//508 552//548
f 511//507 552//548 551//547
f 512//508 513//509 553//549
f 512//508 553//549 552//548
f 513//509 514//510 554//550
f 513//509 554//550 553//549
f 514//510 515//511 555//551
f 514//510 555//551 554//550
f 515//511 516//512 556//552
f 515//511 556//552 555//551
f 516//512 517//513 557//553
f 516//512 557//553 556//552
f 517//513 518//514 558//554
f 517//513 558//554 557//553
f 518//514 519//515 559//555
f 518//514 559//555 558//554
f 519//515 520//516 560//556
f 519//515 560//556 559//555
f 520//516 521//517 561//557
f 520//516 561//557 560//556
f 521//517 522//518 562//558
f 521//517 562//558 561//557
f 522//518 523//519 563//559
f 522//518 563//559 562//558
f 523//519 524//520 564//560
f 523//519 564//560 563//559
f 524//520 525//521 565//561
f 524//520 565//561 564//560
f 525//521 487//483 527//523
f 525//521 527//523 565//561
f 527//523 526//522 566//562
f 527//523 566//562 567//563
f 526//522 528//524 568//564
f 526//522 568//564 566//562
f 528//524 529//525 569//565
f 528//524 569//565 568//564
f 529//525 530//526 570//566
f 529//525 570//566 569//565
f 530//526 531//527 571//567
f 530//526 571//567 570//566
f 531//527 532//528 572//568
f 531//527 572//568 571//567
f 532//528 533//529 573//569
f 532//528 573//569 572//568
f 533//529 534//530 574//570
f 533//529 574//570 573//569
f 534//530 535//531 575//571
f 534//530 575//571 574//570
f 535//531 536//532 576//572
f 535//531 576//572 575//571
f 536//532 537//533 577//573
f 536//532 577//573 576//572
f 537//533 538//534 578//574
f 537//533 578//574 577//573
f 538//534 539//535 579//575
f 538//534 579//575 578//574
f 539//535 540//536 580//576
f 539//535 580//576 579//575
f 540//536 541//537 581//577
f 540//536 581//577 580//576
f 541//537 542//538 582//578
f 541//537 582//578 581//577
f 542//538 543//539 583//579
f 542//538 583//579 582//578
f 543//539 544//540 584//580
f 543//539 584//580 583//579
f 544//540 545//541 585//581
f 544//540 585//581 584//580
f 545//541 546//542 586//582
f 545//541 586//582 585//581
f 546//542 547//543 587//583
f 546//542 587//583 586//582
f 547//543 548//544 588//584
f 547//543 588//584 587//583
f 548//544 549//545 589//585
f 548//544 589//585 588//584
f 549//545 550//546 590//586
f 549//545 590//586 589//585
f 550//546 551//547 591//587
f 550//546 591//587 590//586
f 551//547 552//548 592//588
f 551//547 592//588 591//587
f 552//548 553//549 593//589
f 552//548 593//589 592//588
f 553//549 554//550 594//590
f 553//549 594//590 593//589
f 554//550 555//551 595//591
f 554//550 595//591 594//590
f 555//551 556//552 596//592
f 555//551 596//592 595//591
f 556//552 557//553 597//593
f 556//552 597//593 596//592
f 557//553 558//554 598//594
f 557//553 598//594 597//593
f 558//554 559//555 599//595
f 558//554 599//595 598//594
f 559//555 560//556 600//596
f 559//555 600//596 599//595
f 560//556 561//557 601//597
f 560//556 601//597 600//596
f 561//557 562//558 602//598
f 561//557 602//598 601//597
f 562//558 563//559 603//599
f 562//558 603//599 602//598
f 563//559 564//560 604//600
f 563//559 604//600 603//599
f 564//560 565//561 605//601
f 564//560 605//601 604//600
f 565//561 527//523 567//563
f 565//561 567//563 605//601
f 567//563 566//562 606//602
f 567//563 606//602 607//603
f 566//562 568//564 608//604
f 566//562 608//604 606//602
f 568//564 569//565 609//605
f 568//564 609//605 608//604
f 569//565 570//566 610//606
f 569//565 610//606 609//605
f 570//566 571//567 611//607
f 570//566 611//607 610//606
f 571//567 572//568 612//608
f 571//567 612//608 611//607
f 572//568 573//569 613//609
f 572//568 613//609 612//608
f 573//569 574//570 614//610
f 573//569 614//610 613//609
f 574//570 575//571 615//611
f 574//570 615//611 614//610
f 575//571 576//572 616//612
f 575//571 616//612 615//611
f 576//572 577//573 617//613
f 576//572 617//613 616//612
f 577//573 578//574 618//614
f 577//573 618//614 617//613
f 578//574 579//575 619//615
f 578//574 619//615 618//614
f 579//575 580//576 620//616
f 579//575 620//616 619//615
f 580//576 581//577 621//617
f 580//576 621//617 620//616
f 581//577 582//578 622//618
f 581//577 622//618 621//617
f 582//578 583//579 623//619
f 582//578 623//619 622//618
f 583//579 584//580 624//620
f 583//579 624//620 623//619
f 584//580 585//581 625//621
f 584//580 625//621 624//620
f 585//581 586//582 626//622
f 585//581 626//622 625//621
f 586//582 587//583 627//623
f 586//582 627//623 626//622
f 587//583 588//584 628//624
f 587//583 628//624 627//623
f 588//584 589//585 629//625
f 588//584 629//625 628//624
f 589//585 590//586 630//626
f 589//585 630//626 629//625
f 590//586 591//587 631//627
f 590//586 631//627 630//626
f 591//587 592//588 632//628
f 591//587 632//628 631//627
f 592//588 593//589 633//629
f 592//588 633//629 632//628
f 593//589 594//590 634//630
f 593//589 634//630 633//629
f 594//590 595//591 635//631
f 594//590 635//631 634//630
f 595//591 596//592 636//632
f 595//591 636//632 635//631
f 596//592 597//593 637//633
f 596//592 637//633 636//632
f 597//593 598//594 638//634
f 597//593 638//634 637//633
f 598//594 599//595 639//635
f 598//594 639//635 638//634
f 599//595 600//596 640//636
f 599//595 640//636 639//635
f 600//596 601//597 641//637
f 600//596 641//637 640//636
f 601//597 602//598 642//638
f 601//597 642//638 641//637
f 602//598 603//599 643//639
f 602//598 643//639 642//638
f 603//599 604//600 644//640
f 603//599 644//640 643//639
f 604//600 605//601 645//641
f 604//600 645//641 644//640
f 605//601 567//563 607//603
f 605//601 607//603 645//641
f 607//603 606//602 646//642
f 607//603 646//642 647//643
f 606//602 608//604 648//644
f 606//602 648//644 646//642
f 608//604 609//605 649//645
f 608//604 649//645 648//644
f 609//605 610//606 650//646
f 609//605 650//646 649//645
f 610//606 611//607 651//647
f 610//606 651//647 650//646
f 611//607 612//608 652//648
f 611//607 652//648 651//647
f 612//608 613//609 653//649
f 612//608 653//649 652//648
f 613//609 614//610 654//650
f 613//609 654//650 653//649
f 614//610 615//611 655//651
f 614//610 655//651 654//650
f 615//611 616//612 656//652
f 615//611 656//652 655//651
f 616//612 617//613 657//653
f 616//612 657//653 656//652
f 617//613 618//614 658//654
f 617//613 658//654 657//653
f 618//614 619//615 659//655
f 618//614 659//655 658//654
f 619//615 620//616 660//656
f 619//615 660//656 659//655
f 620//616 621//617 661//657
f 620//616 661//657 660//656
f 621//617 622//618 662//658
f 621//617 662//658 661//657
f 622//618 623//619 663//659
f 622//618 663//659 662//658
f 623//619 624//620 664//660
f 623//619 664//660 663//659
f 624//620 625//621 665//661
f 624//620 665//661 664//660
f 625//621 626//622 666//662
f 625//621 666//662 665//661
f 626//622 627//623 667//663
f 626//622 667//663 666//662
f 627//623 628//624 668//664
f 627//623 668//664 667//663
f 628//624 629//625 669//665
f 628//624 669//665 668//664
f 629//625 630//626 670//666
f 629//625 670//666 669//665
f 630//626 631//627 671//667
f 630//626 671//667 670//666
f 631//627 632//628 672//668
f 631//627 672//668 671//667
f 632//628 633//629 673//669
f 632//628 673//669 672//668
f 633//629 634//630 674//670
f 633//629 674//670 673//669
f 634//630 635//631 675//671
f 634//630 675//671 674//670
f 635//631 636//632 676//672
f 635//631 676//672 675//671
f 636//632 637//633 677//673
f 636//632 677//673 676//672
f 637//633 638//634 678//674
f 637//633 678//674 677//673
f 638//634 639//635 679//675
f 638//634 679//675 678//674
f 639//635 640//636 680//676
f 639//635 680//676 679//675
f 640//636 641//637 681//677
f 640//636 681//677 680//676
f 641//637 642//638 682//678
f 641//637 682//678 681//677
f 642//638 643//639 683//679
f 642//638 683//679 682//678
f 643//639 644//640 684//680
f 643//639 684//680 683//679
f 644//640 645//641 685//681
f 644//640 685//681 684//680
f 645//641 607//603 647//643
f 645//641 647//643 685//681
f 647//643 646//642 686//682
f 647//643 686//682 687//683
f 646//642 648//644 688//684
f 646//642 688//684 686//682
f 648//644 649//645 689//685
f 648//644 689//685 688//684
f 649//645 650//646 690//686
f 649//645 690//686 689//685
f 650//646 651//647 691//687
f 650//646 691//687 690//686
f 651//647 652//648 692//688
f 651//647 692//688 691//687
f 652//648 653//649 693//689
f 652//648 693//689 692//688
f 653//649 654//650 694//690
f 653//649 694//690 693//689
f 654//650 655//651 695//691
f 654//650 695//691 694//690
f 655//651 656//652 696//692
f 655//651 696//692 695//691
f 656//652 657//653 697//693
f 656//652 697//693 696//692
f 657//653 658//654 698//694
f 657//653 698//694 697//693
f 658//654 659//655 699//695
f 658//654 699//695 698//694
f 659//655 660//656 700//696
f 659//655 700//696 699//695
f 660//656 661//657 701//697
f 660//656 701//697 700//696
f 661//657 662//658 702//698
f 661//657 702//698 701//697
f 662//658 663//659 703//699
f 662//658 703//699 702//698
f 663//659 664//660 704//700
f 663//659 704//700 703//699
f 664//660 665//661 705//701
f 664//660 705//701 704//700
f 665//661 666//662 706//702
f 665//661 706//702 705//701
f 666//662 667//663 707//703
f 666//662 707//703 706//702
f 667//663 668//664 708//704
f 667//663 708//704 707//703
f 668//664 669//665 709//705
f 668//664 709//705 708//704
f 669//665 670//666 710//706
f 669//665 710//706 709//705
f 670//666 671//667 711//707
f 670//666 711//707 710//706
f 671//667 672//668 712//708
f 671//667 712//708 711//707
f 672//668 673//669 713//709
f 672//668 713//709 712//708
f 673//669 674//670 714//710
f 673//669 714//710 713//709
f 674//670 675//671 715//711
f 674//670 715//711 714//710
f 675//671 676//672 716//712
f 675//671 716//712 715//711
f 676//672 677//673 717//713
f 676//672 717//713 716//712
f 677//673 678//674 718//714
f 677//673 718//714 717//713
f 678//674 679//675 719//715
f 678//674 719//715 718//714
f 679//675 680//676 720//716
f 679//675 720//716 719//715
f 680//676 681//677 721//717
f 680//676 721//717 720//716
f 681//677 682//678 722//718
f 681//677 722//718 721//717
f 682//678 683//679 723//719
f 682//678 723//719 722//718
f 683//679 684//680 724//720
f 683//679 724//720 723//719
f 684//680 685//681 725//721
f 684//680 725//721 724//720
f 685//681 647//643 687//683
f 685//681 687//683 725//721
f 687//683 686//682 726//722
f 687//683 726//722 727//723
f 686//682 688//684 728//724
f 686//682 728//724 726//722
f 688//684 689//685 729//725
f 688//684 729//725 728//724
f 689//685 690//686 730//726
f 689//685 730//726 729//725
f 690//686 691//687 731//727
f 690//686 731//727 730//726
f 691//687 692//688 732//728
f 691//687 732//728 731//727
f 692//688 693//689 733//729
f 692//688 733//729 732//728
f 693//689 694//690 734//730
f 693//689 734//730 733//729
f 694//690 695//691 735//731
f 694//690 735//731 734//730
f 695//691 696//692 736//732
f 695//691 736//732 735//731
f 696//692 697//693 737//733
f 696//692 737//733 736//732
f 697//693 698//694 738//734
f 697//693 738//734 737//733
f 698//694 699//695 739//735
f 698//694 739//735 738//734
f 699//695 700//696 740//736
f 699//695 740//736 739//735
f 700//696 701//697 741//737
f 700//696 741//737 740//736
f 701//697 702//698 742//738
f 701//697 742//738 741//737
f 702//698 703//699 743//739
f 702//698 743//739 742//738
f 703//699 704//700 744//740
f 703//699 744//740 743//739
f 704//700 705//701 745//741
f 704//700 745//741 744//740
f 705//701 706//702 746//742
f 705//701 746//742 745//741
f 706//702 707//703 747//743
f 706//702 747//743 746//742
f 707//703 708//704 748//744
f 707//703 748//744 747//743
f 708//704 709//705 749//745
f 708//704 749//745 748//744
f 709//705 710//706 750//746
f 709//705 750//746 749//745
f 710//706 711//707 751//747
f 710//706 751//747 750//746
f 711//707 712//708 752//748
f 711//707 752//748 751//747
f 712//708 713//709 753//749
f 712//708 753//749 752//748
f 713//709 714//710 754//750
f 713//709 754//750 753//749
f 714//710 715//711 755//751
f 714//710 755//751 754//750
f 715//711 716//712 756//752
f 715//711 756//752 755//751
f 716//712 717//713 757//753
f 716//712 757//753 756//752
f 717//713 718//714 758//754
f 717//713 758//754 757//753
f 718//714 719//715 759//755
f 718//714 759//755 758//754
f 719//715 720//716 760//756
f 719//715 760//756 759//755
f 720//716 721//717 761//757
f 720//716 761//757 760//756
f 721//717 722//718 762//758
f 721//717 762//758 761//757
f 722//718 723//719 763//759
f 722//718 763//759 762//758
f 723//719 724//720 764//760
f 723//719 764//760 763//759
f 724//720 725//721 765//761
f 724//720 765//761 764//760
f 725//721 687//683 727//723
f 725//721 727//723 765//761
f 727//723 726//722 766//762
f 726//722 728//724 766//762
f 728//724 729//725 766//762
f 729//725 730//726 766//762
f 730//726 731//727 766//762
f 731//727 732//728 766//762
f 732//728 733//729 766//762
f 733//729 734//730 766//762
f 734//730 735//731 766//762
f 735//731 736//732 766//762
f 736//732 737//733 766//762
f 737//733 738//734 766//762
f 738//734 739//735 766//762
f 739//735 740//736 766//762
f 740//736 741//737 766//762
f 741//737 742//738 766//762
f 742//738 743//739 766//762
f 743//739 744//740 766//762
f 744//740 745//741 766//762
f 745//741 746//742 766//762
f 746//742 747//743 766//762
f 747//743 748//744 766//762
f 748//744 749//745 766//762
f 749//745 750//746 766//762
f 750//746 751//747 766//762
f 751//747 752//748 766//762
f 752//748 753//749 766//762
f 753//749 754//750 766//762
f 754//750 755//751 766//762
f 755//751 756//752 766//762
f 756//752 757//753 766//762
f 757//753 758//754 766//762
f 758//754 759//755 766//762
f 759//755 760//756 766//762
f 760//756 761//757 766//762
f 761//757 762//758 766//762
f 762//758 763//759 766//762
f 763//759 764//760 766//762
f 764//760 765//761 766//762
f 765//761 727//723 766//762
usemtl gold1
f 767//1 768//2 769//3
f 767//1 770//4 768//2
f 767//1 771//5 770//4
f 767//1 772//6 771//5
f 767//1 773//7 772//6
f 767//1 774//8 773//7
f 767//1 775//9 774//8
f 767//1 776//10 775//9
f 767//1 777//11 776//10
f 767//1 778//12 777//11
f 767//1 779//13 778//12
f 767//1 780//14 779//13
f 767//1 781//15 780//14
f 767//1 782//16 781//15
f 767//1 783//17 782//16
f 767//1 784//18 783//17
f 767//1 785//19 784//18
f 767//1 786//20 785//19
f 767//1 787//21 786//20
f 767//1 788//22 787//21
f 767//1 789//23 788//22
f 767//1 790//24 789//23
f 767//1 791//25 790//24
f 767//1 792//26 791//25
f 767//1 793//27 792//26
f 767//1 794//28 793//27
f 767//1 795//29 794//28
f 767//1 796//30 795//29
f 767//1 797//31 796//30
f 767//1 798//32 797//31
f 767//1 799//33 798//32
f 767//1 800//34 799//33
f 767//1 801//35 800//34
f 767//1 802//36 801//35
f 767//1 803//37 802//36
f 767//1 804//38 803//37
f 767//1 805//39 804//38
f 767//1 806//40 805//39
f 767//1 807//41 806//40
f 767//1 769//3 807//41
f 769//3 768//2 808//42
f 769//3 808//42 809//43
f 768//2 770//4 810//44
f 768//2 810//44 808//42
f 770//4 771//5 811//45
f 770//4 811//45 810//44
f 771//5 772//6 812//46
f 771//5 812//46 811//45
f 772//6 773//7 813//47
f 772//6 813//47 812//46
f 773//7 774//8 814//48
f 773//7 814//48 813//47
f 774//8 775//9 815//49
f 774//8 815//49 814//48
f 775//9 776//10 816//50
f 775//9 816//50 815//49
f 776//10 777//11 817//51
f 776//10 817//51 816//50
f 777//11 778//12 818//52
f 777//11 818//52 817//51
f 778//12 779//13 819//53
f 778//12 819//53 818//52
f 779//13 780//14 820//54
f 779//13 820//54 819//53
f 780//14 781//15 821//55
f 780//14 821//55 820//54
f 781//15 782//16 822//56
f 781//15 822//56 821//55
f 782//16 783//17 823//57
f 782//16 823//57 822//56
f 783//17 784//18 824//58
f 783//17 824//58 823//57
f 784//18 785//19 825//59
f 784//18 825//59 824//58
f 785//19 786//20 826//60
f 785//19 826//60 825//59
f 786//20 787//21 827//61
f 786//20 827//61 826//60
f 787//21 788//22 828//62
f 787//21 828//62 827//61
f 788//22 789//23 829//63
f 788//22 829//63 828//62
f 789//23 790//24 830//64
f 789//23 830//64 829//63
f 790//24 791//25 831//65
f 790//24 831//65 830//64
f 791//25 792//26 832//66
f 791//25 832//66 831//65
f 792//26 793//27 833//67
f 792//26 833//67 832//66
f 793//27 794//28 834//68
f 793//27 834//68 833//67
f 794//28 795//29 835//69
f 794//28 835//69 834//68
f 795//29 796//30 836//70
f 795//29 836//70 835//69
f 796//30 797//31 837//71
f 796//30 837//71 836//70
f 797//31 798//32 838//72
f 797//31 838//72 837//71
f 798//32 799//33 839//73
f 798//32 839//73 838//72
f 799//33 800//34 840//74
f 799//33 840//74 839//73
f 800//34 801//35 841//75
f 800//34 841//75 840//74
f 801//35 802//36 842//76
f 801//35 842//76 841//75
f 802//36 803//37 843//77
f 802//36 843//77 842//76
f 803//37 804//38 844//78
f 803//37 844//78 843//77
f 804//38 805//39 845//79
f 804//38 845//79 844//78
f 805//39 806//40 846//80
f 805//39 846//80 845//79
f 806//40 807//41 847//81
f 806//40 847//81 846//80
f 807//41 769//3 809//43
f 807//41 809//43 847//81
f 809//43 808//42 848//82
f 809//43 848//82 849//83
f 808//42 810//44 850//84
f 808//42 850//84 848//82
f 810//44 811//45 851//85
f 810//44 851//85 850//84
f 811//45 812//46 852//86
f 811//45 852//86 851//85
f 812//46 813//47 853//87
f 812//46 853//87 852//86
f 813//47 814//48 854//88
f 813//47 854//88 853//87
f 814//48 815//49 855//89
f 814//48 855//89 854//88
f 815//49 816//50 856//90
f 815//49 856//90 855//89
f 816//50 817//51 857//91
f 816//50 857//91 856//90
f 817//51 818//52 858//92
f 817//51 858//92 857//91
f 818//52 819//53 859//93
f 818//52 859//93 858//92
f 819//53 820//54 860//94
f 819//53 860//94 859//93
f 820//54 821//55 861//95
f 820//54 861//95 860//94
f 821//55 822//56 862//96
f 821//55 862//96 861//95
f 822//56 823//57 863//97
f 822//56 863//97 862//96
f 823//57 824//58 864//98
f 823//57 864//98 863//97
f 824//58 825//59 865//99
f 824//58 865//99 864//98
f 825//59 826//60 866//100
f 825//59 866//100 865//99
f 826//60 827//61 867//101
f 826//60 867//101 866//100
f 827//61 828//62 868//102
f 827//61 868//102 867//101
f 828//62 829//63 869//103
f 828//62 869//103 868//102
f 829//63 830//64 870//104
f 829//63 870//104 869//103
f 830//64 831//65 871//105
f 830//64 871//105 870//104
f 831//65 832//66 872//106
f 831//65 872//106 871//105
f 832//66 833//67 873//107
f 832//66 873//107 872//106
f 833//67 834//68 874//108
f 833//67 874//108 873//107
f 834//68 835//69 875//109
f 834//68 875//109 874//108
f 835//69 836//70 876//110
f 835//69 876//110 875//109
f 836//70 837//71 877//111
f 836//70 877//111 876//110
f 837//71 838//72 878//112
f 837//71 878//112 877//111
f 838//72 839//73 879//113
f 838//72 879//113 878//112
f 839//73 840//74 880//114
f 839//73 880//114 879//113
f 840//74 841//75 881//115
f 840//74 881//115 880//114
f 841//75 842//76 882//116
f 841//75 882//116 881//115
f 842//76 843//77 883//117
f 842//76 883//117 882//116
f 843//77 844//78 884//118
f 843//77 884//118 883//117
f 844//78 845//79 885//119
f 844//78 885//119 884//118
f 845//79 846//80 886//120
f 845//79 886//120 885//119
f 846//80 847//81 887//121
f 846//80 887//121 886//120
f 847//81 809//43 849//83
f 847//81 849//83 887//121
f 849//83 848//82 888//122
f 849//83 888//122 889//123
f 848//82 850//84 890//124
f 848//82 890//124 888//122
f 850//84 851//85 891//125
f 850//84 891//125 890//124
f 851//85 852//86 892//126
f 851//85 892//126 891//125
f 852//86 853//87 893//127
f 852//86 893//127 892//126
f 853//87 854//88 894//128
f 853//87 894//128 893//127
f 854//88 855//89 895//129
f 854//88 895//129 894//128
f 855//89 856//90 896//130
f 855//89 896//130 895//129
f 856//90 857//91 897//131
f 856//90 897//131 896//130
f 857//91 858//92 898//132
f 857//91 898//132 897//131
f 858//92 859//93 899//133
f 858//92 899//133 898//132
f 859//93 860//94 900//134
f 859//93 900//134 899//133
f 860//94 861//95 901//135
f 860//94 901//135 900//134
f 861//95 862//96 902//136
f 861//95 902//136 901//135
f 862//96 863//97 903//137
f 862//96 903//137 902//136
f 863//97 864//98 904//138
f 863//97 904//138 903//137
f 864//98 865//99 905//139
f 864//98 905//139 904//138
f 865//99 866//100 906//140
f 865//99 906//140 905//139
f 866//100 867//101 907//141
f 866//100 907//141 906//140
f 867//101 868//102 908//142
f 867//101 908//142 907//141
f 868//102 869//103 909//143
f 868//102 909//143 908//142
f 869//103 870//104 910//144
f 869//103 910//144 909//143
f 870//104 871//105 911//145
f 870//104 911//145 910//144
f 871//105 872//106 912//146
f 871//105 912//146 911//145
f 872//106 873//107 913//147
f 872//106 913//147 912//146
f 873//107 874//108 914//148
f 873//107 914//148 913//147
f 874//108 875//109 915//149
f 874//108 915//149 914//148
f 875//109 876//110 916//150
f 875//109 916//150 915//149
f 876//110 877//111 917//151
f 876//110 917//151 916//150
f 877//111 878//112 918//152
f 877//111 918//152 917//151
f 878//112 879//113 919//153
f 878//112 919//153 918//152
f 879//113 880//114 920//154
f 879//113 920//154 919//153
f 880//114 881//115 921//155
f 880//114 921//155 920//154
f 881//115 882//116 922//156
f 881//115 922//156 921//155
f 882//116 883//117 923//157
f 882//116 923//157 922//156
f 883//117 884//118 924//158
f 883//117 924//158 923//157
f 884//118 885//119 925//159
f 884//118 925//159 924//158
f 885//119 886//120 926//160
f 885//119 926//160 925//159
f 886//120 887//121 927//161
f 886//120 927//161 926//160
f 887//121 849//83 889//123
f 887//121 889//123 927//161
f 889//123 888//122 928//162
f 889//123 928//162 929//163
f 888//122 890//124 930//164
f 888//122 930//164 928//162
f 890//124 891//125 931//165
f 890//124 931//165 930//164
f 891//125 892//126 932//166
f 891//125 932//166 931//165
f 892//126 893//127 933//167
f 892//126 933//167 932//166
f 893//127 894//128 934//168
f 893//127 934//168 933//167
f 894//128 895//129 935//169
f 894//128 935//169 934//168
f 895//129 896//130 936//170
f 895//129 936//170 935//169
f 896//130 897//131 937//171
f 896//130 937//171 936//170
f 897//131 898//132 938//172
f 897//131 938//172 937//171
f 898//132 899//133 939//173
f 898//132 939//173 938//172
f 899//133 900//134 940//174
f 899//133 940//174 939//173
f 900//134 901//135 941//175
f 900//134 941//175 940//174
f 901//135 902//136 942//176
f 901//135 942//176 941//175
f 902//136 903//137 943//177
f 902//136 943//177 942//176
f 903//137 904//138 944//178
f 903//137 944//178 943//177
f 904//138 905//139 945//179
f 904//138 945//179 944//178
f 905//139 906//140 946//180
f 905//139 946//180 945//179
f 906//140 907//141 947//181
f 906//140 947//181 946//180
f 907//141 908//142 948//182
f 907//141 948//182 947//181
f 908//142 909//143 949//183
f 908//142 949//183 948//182
f 909//143 910//144 950//184
f 909//143 950//184 949//183
f 910//144 911//145 951//185
f 910//144 951//185 950//184
f 911//145 912//146 952//186
f 911//145 952//186 951//185
f 912//146 913//147 953//187
f 912//146 953//187 952//186
f 913//147 914//148 954//188
f 913//147 954//188 953//187
f 914//148 915//149 955//189
f 914//148 955//189 954//188
f 915//149 916//150 956//190
f 915//149 956//190 955//189
f 916//150 917//151 957//191
f 916//150 957//191 956//190
f 917//151 918//152 958//192
f 917//151 958//192 957//191
f 918//152 919//153 959//193
f 918//152 959//193 958//192
f 919//153 920//154 960//194
f 919//153 960//194 959//193
f 920//154 921//155 961//195
f 920//154 961//195 960//194
f 921//155 922//156 962//196
f 921//155 962//196 961//195
f 922//156 923//157 963//197
f 922//156 963//197 962//196
f 923//157 924//158 964//198
f 923//157 964//198 963//197
f 924//158 925//159 965//199
f 924//158 965//199 964//198
f 925//159 926//160 966//200
f 925//159 966//200 965//199
f 926//160 927//161 967//201
f 926//160 967//201 966//200
f 927//161 889//123 929//163
f 927//161 929//163 967//201
f 929//163 928//162 968//202
f 929//163 968//202 969//203
f 928//162 930//164 970//204
f 928//162 970//204 968//202
f 930//164 931//165 971//205
f 930//164 971//205 970//204
f 931//165 932//166 972//206
f 931//165 972//206 971//205
f 932//166 933//167 973//207
f 932//166 973//207 972//206
f 933//167 934//168 974//208
f 933//167 974//208 973//207
f 934//168 935//169 975//209
f 934//168 975//209 974//208
f 935//169 936//170 976//210
f 935//169 976//210 975//209
f 936//170 937//171 977//211
f 936//170 977//211 976//210
f 937//171 938//172 978//212
f 937//171 978//212 977//211
f 938//172 939//173 979//213
f 938//172 979//213 978//212
f 939//173 940//174 980//214
f 939//173 980//214 979//213
f 940//174 941//175 981//215
f 940//174 981//215 980//214
f 941//175 942//176 982//216
f 941//175 982//216 981//215
f 942//176 943//177 983//217
f 942//176 983//217 982//216
f 943//177 944//178 984//218
f 943//177 984//218 983//217
f 944//178 945//179 985//219
f 944//178 985//219 984//218
f 945//179 946//180 986//220
f 945//179 986//220 985//219
f 946//180 947//181 987//221
f 946//180 987//221 986//220
f 947//181 948//182 988//222
f 947//181 988//222 987//221
f 948//182 949//183 989//223
f 948//182 989//223 988//222
f 949//183 950//184 990//224
f 949//183 990//224 989//223
f 950//184 951//185 991//225
f 950//184 991//225 990//224
f 951//185 952//186 992//226
f 951//185 992//226 991//225
f 952//186 953//187 993//227
f 952//186 993//227 992//226
f 953//187 954//188 994//228
f 953//187 994//228 993//227
f 954//188 955//189 995//229
f 954//188 995//229 994//228
f 955//189 956//190 996//230
f 955//189 996//230 995//229
f 956//190 957//191 997//231
f 956//190 997//231 996//230
f 957//191 958//192 998//232
f 957//191 998//232 997//231
f 958//192 959//193 999//233
f 958//192 999//233 998//232
f 959//193 960//194 1000//234
f 959//193 1000//234 999//233
f 960//194 961//195 1001//235
f 960//194 1001//235 1000//234
f 961//195 962//196 1002//236
f 961//195 1002//236 1001//235
f 962//196 963//197 1003//237
f 962//196 1003//237 1002//236
f 963//197 964//198 1004//238
f 963//197 1004//238 1003//237
f 964//198 965//199 1005//239
f 964//198 1005//239 1004//238
f 965//199 966//200 1006//240
f 965//199 1006//240 1005//239
f 966//200 967//201 1007//241
f 966//200 1007//241 1006//240
f 967//201 929//163 969//203
f 967//201 969//203 1007//241
f 969//203 968//202 1008//242
f 969//203 1008//242 1009//243
f 968//202 970//204 1010//244
f 968//202 1010//244 1008//242
f 970//204 971//205 1011//245
f 970//204 1011//245 1010//244
f 971//205 972//206 1012//246
f 971//205 1012//246 1011//245
f 972//206 973//207 1013//247
f 972//206 1013//247 1012//246
f 973//207 974//208 1014//248
f 973//207 1014//248 1013//247
f 974//208 975//209 1015//249
f 974//208 1015//249 1014//248
f 975//209 976//210 1016//250
f 975//209 1016//250 1015//249
f 976//210 977//211 1017//251
f 976//210 1017//251 1016//250
f 977//211 978//212 1018//252
f 977//211 1018//252 1017//251
f 978//212 979//213 1019//253
f 978//212 1019//253 1018//252
f 979//213 980//214 1020//254
f 979//213 1020//254 1019//253
f 980//214 981//215 1021//255
f 980//214 1021//255 1020//254
f 981//215 982//216 1022//256
f 981//215 1022//256 1021//255
f 982//216 983//217 1023//257
f 982//216 1023//257 1022//256
f 983//217 984//218 1024//258
f 983//217 1024//258 1023//257
f 984//218 985//219 1025//259
f 984//218 1025//259 1024//258
f 985//219 986//220 1026//260
f 985//219 1026//260 1025//259
f 986//220 987//221 1027//261
f 986//220 1027//261 1026//260
f 987//221 988//222 1028//262
f 987//221 1028//262 1027//261
f 988//222 989//223 1029//263
f 988//222 1029//263 1028//262
f 989//223 990//224 1030//264
f 989//223 1030//264 1029//263
f 990//224 991//225 1031//265
f 990//224 1031//265 1030//264
f 991//225 992//226 1032//266
f 991//225 1032//266 1031//265
f 992//226 993//227 1033//267
f 992//226 1033//267 1032//266
f 993//227 994//228 1034//268
f 993//227 1034//268 1033//267
f 994//228 995//229 1035//269
f 994//228 1035//269 1034//268
f 995//229 996//230 1036//270
f 995//229 1036//270 1035//269
f 996//230 997//231 1037//271
f 996//230 1037//271 1036//270
f 997//231 998//232 1038//272
f 997//231 1038//272 1037//271
f 998//232 999//233 1039//273
f 998//232 1039//273 1038//272
f 999//233 1000//234 1040//274
f 999//233 1040//274 1039//273
f 1000//234 1001//235 1041//275
f 1000//234 1041//275 1040//274
f 1001//235 1002//236 1042//276
f 1001//235 1042//276 1041//275
f 1002//236 1003//237 1043//277
f 1002//236 1043//277 1042//276
f 1003//237 1004//238 1044//278
f 1003//237 1044//278 1043//277
f 1004//238 1005//239 1045//279
f 1004//238 1045//279 1044//278
f 1005//239 1006//240 1046//280
f 1005//239 1046//280 1045//279
f 1006//240 1007//241 1047//281
f 1006//240 1047//281 1046//280
f 1007//241 969//203 1009//243
f 1007//241 1009//243 1047//281
f 1009//243 1008//242 1048//282
f 1009//243 1048//282 1049//283
f 1008//242 1010//244 1050//284
f 1008//242 1050//284 1048//282
f 1010//244 1011//245 1051//285
f 1010//244 1051//285 1050//284
f 1011//245 1012//246 1052//286
f 1011//245 1052//286 1051//285
f 1012//246 1013//247 1053//287
f 1012//246 1053//287 1052//286
f 1013//247 1014//248 1054//288
f 1013//247 1054//288 1053//287
f 1014//248 1015//249 1055//289
f 1014//248 1055//289 1054//288
f 1015//249 1016//250 1056//290
f 1015//249 1056//290 1055//289
f 1016//250 1017//251 1057//291
f 1016//250 1057//291 1056//290
f 1017//251 1018//252 1058//292
f 1017//251 1058//292 1057//291
f 1018//252 1019//253 1059//293
f 1018//252 1059//293 1058//292
f 1019//253 1020//254 1060//294
f 1019//253 1060//294 1059//293
f 1020//254 1021//255 1061//295
f 1020//254 1061//295 1060//294
f 1021//255 1022//256 1062//296
f 1021//255 1062//296 1061//295
f 1022//256 1023//257 1063//297
f 1022//256 1063//297 1062//296
f 1023//257 1024//258 1064//298
f 1023//257 1064//298 1063//297
f 1024//258 1025//259 1065//299
f 1024//258 1065//299 1064//298
f 1025//259 1026//260 1066//300
f 1025//259 1066//300 1065//299
f 1026//260 1027//261 1067//301
f 1026//260 1067//301 1066//300
f 1027//261 1028//262 1068//302
f 1027//261 1068//302 1067//301
f 1028//262 1029//263 1069//303
f 1028//262 1069//303 1068//302
f 1029//263 1030//264 1070//304
f 1029//263 1070//304 1069//303
f 1030//264 1031//265 1071//305
f 1030//264 1071//305 1070//304
f 1031//265 1032//266 1072//306
f 1031//265 1072//306 1071//305
f 1032//266 1033//267 1073//307
f 1032//266 1073//307 1072//306
f 1033//267 1034//268 1074//308
f 1033//267 1074//308 1073//307
f 1034//268 1035//269 1075//309
f 1034//268 1075//309 1074//308
f 1035//269 1036//270 1076//310
f 1035//269 1076//310 1075//309
f 1036//270 1037//271 1077//311
f 1036//270 1077//311 1076//310
f 1037//271 1038//272 1078//312
f 1037//271 1078//312 1077//311
f 1038//272 1039//273 1079//313
f 1038//272 1079//313 1078//312
f 1039//273 1040//274 1080//314
f 1039//273 1080//314 1079//313
f 1040//274 1041//275 1081//315
f 1040//274 1081//315 1080//314
f 1041//275 1042//276 1082//316
f 1041//275 1082//316 1081//315
f 1042//276 1043//277 1083//317
f 1042//276 1083//317 1082//316
f 1043//277 1044//278 1084//318
f 1043//277 1084//318 1083//317
f 1044//278 1045//279 1085//319
f 1044//278 1085//319 1084//318
f 1045//279 1046//280 1086//320
f 1045//279 1086//320 1085//319
f 1046//280 1047//281 1087//321
f 1046//280 1087//321 1086//320
f 1047//281 1009//243 1049//283
f 1047//281 1049//283 1087//321
f 1049//283 1048//282 1088//322
f 1049//283 1088//322 1089//323
f 1048//282 1050//284 1090//324
f 1048//282 1090//324 1088//322
f 1050//284 1051//285 1091//325
f 1050//284 1091//325 1090//324
f 1051//285 1052//286 1092//326
f 1051//285 1092//326 1091//325
f 1052//286 1053//287 1093//327
f 1052//286 1093//327 1092//326
f 1053//287 1054//288 1094//328
f 1053//287 1094//328 1093//327
f 1054//288 1055//289 1095//329
f 1054//288 1095//329 1094//328
f 1055//289 1056//290 1096//330
f 1055//289 1096//330 1095//329
f 1056//290 1057//291 1097//331
f 1056//290 1097//331 1096//330
f 1057//291 1058//292 1098//332
f 1057//291 1098//332 1097//331
f 1058//292 1059//293 1099//333
f 1058//292 1099//333 1098//332
f 1059//293 1060//294 1100//334
f 1059//293 1100//334 1099//333
f 1060//294 1061//295 1101//335
f 1060//294 1101//335 1100//334
f 1061//295 1062//296 1102//336
f 1061//295 1102//336 1101//335
f 1062//296 1063//297 1103//337
f 1062//296 1103//337 1102//336
f 1063//297 1064//298 1104//338
f 1063//297 1104//338 1103//337
f 1064//298 1065//299 1105//339
f 1064//298 1105//339 1104//338
f 1065//299 1066//300 1106//340
f 1065//299 1106//340 1105//339
f 1066//300 1067//301 1107//341
f 1066//300 1107//341 1106//340
f 1067//301 1068//302 1108//342
f 1067//301 1108//342 1107//341
f 1068//302 1069//303 1109//343
f 1068//302 1109//343 1108//342
f 1069//303 1070//304 1110//344
f 1069//303 1110//344 1109//343
f 1070//304 1071//305 1111//345
f 1070//304 1111//345 1110//344
f 1071//305 1072//306 1112//346
f 1071//305 1112//346 1111//345
f 1072//306 1073//307 1113//347
f 1072//306 1113//347 1112//346
f 1073//307 1074//308 1114//348
f 1073//307 1114//348 1113//347
f 1074//308 1075//309 1115//349
f 1074//308 1115//349 1114//348
f 1075//309 1076//310 1116//350
f 1075//309 1116//350 1115//349
f 1076//310 1077//311 1117//351
f 1076//310 1117//351 1116//350
f 1077//311 1078//312 1118//352
f 1077//311 1118//352 1117//351
f 1078//312 1079//313 1119//353
f 1078//312 1119//353 1118//352
f 1079//313 1080//314 1120//354
f 1079//313 1120//354 1119//353
f 1080//314 1081//315 1121//355
f 1080//314 1121//355 1120//354
f 1081//315 1082//316 1122//356
f 1081//315 1122//356 1121//355
f 1082//316 1083//317 1123//357
f 1082//316 1123//357 1122//356
f 1083//317 1084//318 1124//358
f 1083//317 1124//358 1123//357
f 1084//318 1085//319 1125//359
f 1084//318 1125//359 1124//358
f 1085//319 1086//320 1126//360
f 1085//319 1126//360 1125//359
f 1086//320 1087//321 1127//361
f 1086//320 1127//361 1126//360
f 1087//321 1049//283 1089//323
f 1087//321 1089//323 1127//361
f 1089//323 1088//322 1128//362
f 1089//323 1128//362 1129//363
f 1088//322 1090//324 1130//364
f 1088//322 1130//364 1128//362
f 1090//324 1091//325 1131//365
f 1090//324 1131//365 1130//364
f 1091//325 1092//326 1132//366
f 1091//325 1132//366 1131//365
f 1092//326 1093//327 1133//367
f 1092//326 1133//367 1132//366
f 1093//327 1094//328 1134//368
f 1093//327 1134//368 1133//367
f 1094//328 1095//329 1135//369
f 1094//328 1135//369 1134//368
f 1095//329 1096//330 1136//370
f 1095//329 1136//370 1135//369
f 1096//330 1097//331 1137//371
f 1096//330 1137//371 1136//370
f 1097//331 1098//332 1138//372
f 1097//331 1138//372 1137//371
f 1098//332 1099//333 1139//373
f 1098//332 1139//373 1138//372
f 1099//333 1100//334 1140//374
f 1099//333 1140//374 1139//373
f 1100//334 1101//335 1141//375
f 1100//334 1141//375 1140//374
f 1101//335 1102//336 1142//376
f 1101//335 1142//376 1141//375
f 1102//336 1103//337 1143//377
f 1102//336 1143//377 1142//376
f 1103//337 1104//338 1144//378
f 1103//337 1144//378 1143//377
f 1104//338 1105//339 1145//379
f 1104//338 1145//379 1144//378
f 1105//339 1106//340 1146//380
f 1105//339 1146//380 1145//379
f 1106//340 1107//341 1147//381
f 1106//340 1147//381 1146//380
f 1107//341 1108//342 1148//382
f 1107//341 1148//382 1147//381
f 1108//342 1109//343 1149//383
f 1108//342 1149//383 1148//382
f 1109//343 1110//344 1150//384
f 1109//343 1150//384 1149//383
f 1110//344 1111//345 1151//385
f 1110//344 1151//385 1150//384
f 1111//345 1112//346 1152//386
f 1111//345 1152//386 1151//385
f 1112//346 1113//347 1153//387
f 1112//346 1153//387 1152//386
f 1113//347 1114//348 1154//388
f 1113//347 1154//388 1153//387
f 1114//348 1115//349 1155//389
f 1114//348 1155//389 1154//388
f 1115//349 1116//350 1156//390
f 1115//349 1156//390 1155//389
f 1116//350 1117//351 1157//391
f 1116//350 1157//391 1156//390
f 1117//351 1118//352 1158//392
f 1117//351 1158//392 1157//391
f 1118//352 1119//353 1159//393
f 1118//352 1159//393 1158//392
f 1119//353 1120//354 1160//394
f 1119//353 1160//394 1159//393
f 1120//354 1121//355 1161//395
f 1120//354 1161//395 1160//394
f 1121//355 1122//356 1162//396
f 1121//355 1162//396 1161//395
f 1122//356 1123//357 1163//397
f 1122//356 1163//397 1162//396
f 1123//357 1124//358 1164//398
f 1123//357 1164//398 1163//397
f 1124//358 1125//359 1165//399
f 1124//358 1165//399 1164//398
f 1125//359 1126//360 1166//400
f 1125//359 1166//400 1165//399
f 1126//360 1127//361 1167//401
f 1126//360 1167//401 1166//400
f 1127//361 1089//323 1129//363
f 1127//361 1129//363 1167//401
f 1129//363 1128//362 1168//402
f 1129//363 1168//402 1169//403
f 1128//362 1130//364 1170//404
f 1128//362 1170//404 1168//402
f 1130//364 1131//365 1171//405
f 1130//364 1171//405 1170//404
f 1131//365 1132//366 1172//406
f 1131//365 1172//406 1171//405
f 1132//366 1133//367 1173//407
f 1132//366 1173//407 1172//406
f 1133//367 1134//368 1174//408
f 1133//367 1174//408 1173//407
f 1134//368 1135//369 1175//409
f 1134//368 1175//409 1174//408
f 1135//369 1136//370 1176//410
f 1135//369 1176//410 1175//409
f 1136//370 1137//371 1177//411
f 1136//370 1177//411 1176//410
f 1137//371 1138//372 1178//412
f 1137//371 1178//412 1177//411
f 1138//372 1139//373 1179//413
f 1138//372 1179//413 1178//412
f 1139//373 1140//374 1180//414
f 1139//373 1180//414 1179//413
f 1140//374 1141//375 1181//415
f 1140//374 1181//415 1180//414
f 1141//375 1142//376 1182//416
f 1141//375 1182//416 1181//415
f 1142//376 1143//377 1183//417
f 1142//376 1183//417 1182//416
f 1143//377 1144//378 1184//418
f 1143//377 1184//418 1183//417
f 1144//378 1145//379 1185//419
f 1144//378 1185//419 1184//418
f 1145//379 1146//380 1186//420
f 1145//379 1186//420 1185//419
f 1146//380 1147//381 1187//421
f 1146//380 1187//421 1186//420
f 1147//381 1148//382 1188//422
f 1147//381 1188//422 1187//421
f 1148//382 1149//383 1189//423
f 1148//382 1189//423 1188//422
f 1149//383 1150//384 1190//424
f 1149//383 1190//424 1189//423
f 1150//384 1151//385 1191//425
f 1150//384 1191//425 1190//424
f 1151//385 1152//386 1192//426
f 1151//385 1192//426 1191//425
f 1152//386 1153//387 1193//427
f 1152//386 1193//427 1192//426
f 1153//387 1154//388 1194//428
f 1153//387 1194//428 1193//427
f 1154//388 1155//389 1195//429
f 1154//388 1195//429 1194//428
f 1155//389 1156//390 1196//430
f 1155//389 1196//430 1195//429
f 1156//390 1157//391 1197//431
f 1156//390 1197//431 1196//430
f 1157//391 1158//392 1198//432
f 1157//391 1198//432 1197//431
f 1158//392 1159//393 1199//433
f 1158//392 1199//433 1198//432
f 1159//393 1160//394 1200//434
f 1159//393 1200//434 1199//433
f 1160//394 1161//395 1201//435
f 1160//394 1201//435 1200//434
f 1161//395 1162//396 1202//436
f 1161//395 1202//436 1201//435
f 1162//396 1163//397 1203//437
f 1162//396 1203//437 1202//436
f 1163//397 1164//398 1204//438
f 1163//397 1204//438 1203//437
f 1164//398 1165//399 1205//439
f 1164//398 1205//439 1204//438
f 1165//399 1166//400 1206//440
f 1165//399 1206//440 1205//439
f 1166//400 1167//401 1207//441
f 1166//400 1207//441 1206//440
f 1167//401 1129//363 1169//403
f 1167//401 1169//403 1207//441
f 1169//403 1168//402 1208//442
f 1169//403 1208//442 1209//443
f 1168//402 1170//404 1210//444
f 1168//402 1210//444 1208//442
f 1170//404 1171//405 1211//445
f 1170//404 1211//445 1210//444
f 1171//405 1172//406 1212//446
f 1171//405 1212//446 1211//445
f 1172//406 1173//407 1213//447
f 1172//406 1213//447 1212//446
f 1173//407 1174//408 1214//448
f 1173//407 1214//448 1213//447
f 1174//408 1175//409 1215//449
f 1174//408 1215//449 1214//448
f 1175//409 1176//410 1216//450
f 1175//409 1216//450 1215//449
f 1176//410 1177//411 1217//451
f 1176//410 1217//451 1216//450
f 1177//411 1178//412 1218//452
f 1177//411 1218//452 1217//451
f 1178//412 1179//413 1219//453
f 1178//412 1219//453 1218//452
f 1179//413 1180//414 1220//454
f 1179//413 1220//454 1219//453
f 1180//414 1181//415 1221//455
f 1180//414 1221//455 1220//454
f 1181//415 1182//416 1222//456
f 1181//415 1222//456 1221//455
f 1182//416 1183//417 1223//457
f 1182//416 1223//457 1222//456
f 1183//417 1184//418 1224//458
f 1183//417 1224//458 1223//457
f 1184//418 1185//419 1225//459
f 1184//418 1225//459 1224//458
f 1185//419 1186//420 1226//460
f 1185//419 1226//460 1225//459
f 1186//420 1187//421 1227//461
f 1186//420 1227//461 1226//460
f 1187//421 1188//422 1228//462
f 1187//421 1228//462 1227//461
f 1188//422 1189//423 1229//463
f 1188//422 1229//463 1228//462
f 1189//423 1190//424 1230//464
f 1189//423 1230//464 1229//463
f 1190//424 1191//425 1231//465
f 1190//424 1231//465 1230//464
f 1191//425 1192//426 1232//466
f 1191//425 1232//466 1231//465
f 1192//426 1193//427 1233//467
f 1192//426 1233//467 1232//466
f 1193//427 1194//428 1234//468
f 1193//427 1234//468 1233//467
f 1194//428 1195//429 1235//469
f 1194//428 1235//469 1234//468
f 1195//429 1196//430 1236//470
f 1195//429 1236//470 1235//469
f 1196//430 1197//431 1237//471
f 1196//430 1237//471 1236//470
f 1197//431 1198//432 1238//472
f 1197//431 1238//472 1237//471
f 1198//432 1199//433 1239//473
f 1198//432 1239//473 1238//472
f 1199//433 1200//434 1240//474
f 1199//433 1240//474 1239//473
f 1200//434 1201//435 1241//475
f 1200//434 1241//475 1240//474
f 1201//435 1202//436 1242//476
f 1201//435 1242//476 1241//475
f 1202//436 1203//437 1243//477
f 1202//436 1243//477 1242//476
f 1203//437 1204//438 1244//478
f 1203//437 1244//478 1243//477
f 1204//438 1205//439 1245//479
f 1204//438 1245//479 1244//478
f 1205//439 1206//440 1246//480
f 1205//439 1246//480 1245//479
f 1206//440 1207//441 1247//481
f 1206//440 1247//481 1246//480
f 1207//441 1169//403 1209//443
f 1207//441 1209//443 1247//481
f 1209//443 1208//442 1248//482
f 1209//443 1248//482 1249//483
f 1208//442 1210//444 1250//484
f 1208//442 1250//484 1248//482
f 1210//444 1211//445 1251//485
f 1210//444 1251//485 1250//484
f 1211//445 1212//446 1252//486
f 1211//445 1252//486 1251//485
f 1212//446 1213//447 1253//487
f 1212//446 1253//487 1252//486
f 1213//447 1214//448 1254//488
f 1213//447 1254//488 1253//487
f 1214//448 1215//449 1255//489
f 1214//448 1255//489 1254//488
f 1215//449 1216//450 1256//490
f 1215//449 1256//490 1255//489
f 1216//450 1217//451 1257//491
f 1216//450 1257//491 1256//490
f 1217//451 1218//452 1258//492
f 1217//451 1258//492 1257//491
f 1218//452 1219//453 1259//493
f 1218//452 1259//493 1258//492
f 1219//453 1220//454 1260//494
f 1219//453 1260//494 1259//493
f 1220//454 1221//455 1261//495
f 1220//454 1261//495 1260//494
f 1221//455 1222//456 1262//496
f 1221//455 1262//496 1261//495
f 1222//456 1223//457 1263//497
f 1222//456 1263//497 1262//496
f 1223//457 1224//458 1264//498
f 1223//457 1264//498 1263//497
f 1224//458 1225//459 1265//499
f 1224//458 1265//499 1264//498
f 1225//459 1226//460 1266//500
f 1225//459 1266//500 1265//499
f 1226//460 1227//461 1267//501
f 1226//460 1267//501 1266//500
f 1227//461 1228//462 1268//502
f 1227//461 1268//502 1267//501
f 1228//462 1229//463 1269//503
f 1228//462 1269//503 1268//502
f 1229//463 1230//464 1270//504
f 1229//463 1270//504 1269//503
f 1230//464 1231//465 1271//505
f 1230//464 1271//505 1270//504
f 1231//465 1232//466 1272//506
f 1231//465 1272//506 1271//505
f 1232//466 1233//467 1273//507
f 1232//466 1273//507 1272//506
f 1233//467 1234//468 1274//508
f 1233//467 1274//508 1273//507
f 1234//468 1235//469 1275//509
f 1234//468 1275//509 1274//508
f 1235//469 1236//470 1276//510
f 1235//469 1276//510 1275//509
f 1236//470 1237//471 1277//511
f 1236//470 1277//511 1276//510
f 1237//471 1238//472 1278//512
f 1237//471 1278//512 1277//511
f 1238//472 1239//473 1279//513
f 1238//472 1279//513 1278//512
f 1239//473 1240//474 1280//514
f 1239//473 1280//514 1279//513
f 1240//474 1241//475 1281//515
f 1240//474 1281//515 1280//514
f 1241//475 1242//476 1282//516
f 1241//475 1282//516 1281//515
f 1242//476 1243//477 1283//517
f 1242//476 1283//517 1282//516
f 1243//477 1244//478 1284//518
f 1243//477 1284//518 1283//517
f 1244//478 1245//479 1285//519
f 1244//478 1285//519 1284//518
f 1245//479 1246//480 1286//520
f 1245//479 1286//520 1285//519
f 1246//480 1247//481 1287//521
f 1246//480 1287//521 1286//520
f 1247//481 1209//443 1249//483
f 1247//481 1249//483 1287//521
f 1249//483 1248//482 1288//522
f 1249//483 1288//522 1289//523
f 1248//482 1250//484 1290//524
f 1248//482 1290//524 1288//522
f 1250//484 1251//485 1291//525
f 1250//484 1291//525 1290//524
f 1251//485 1252//486 1292//526
f 1251//485 1292//526 1291//525
f 1252//486 1253//487 1293//527
f 1252//486 1293//527 1292//526
f 1253//487 1254//488 1294//528
f 1253//487 1294//528 1293//527
f 1254//488 1255//489 1295//529
f 1254//488 1295//529 1294//528
f 1255//489 1256//490 1296//530
f 1255//489 1296//530 1295//529
f 1256//490 1257//491 1297//531
f 1256//490 1297//531 1296//530
f 1257//491 1258//492 1298//532
f 1257//491 1298//532 1297//531
f 1258//492 1259//493 1299//533
f 1258//492 1299//533 1298//532
f 1259//493 1260//494 1300//534
f 1259//493 1300//534 1299//533
f 1260//494 1261//495 1301//535
f 1260//494 1301//535 1300//534
f 1261//495 1262//496 1302//536
f 1261//495 1302//536 1301//535
f 1262//496 1263//497 1303//537
f 1262//496 1303//537 1302//536
f 1263//497 1264//498 1304//538
f 1263//497 1304//538 1303//537
f 1264//498 1265//499 1305//539
f 1264//498 1305//539 1304//538
f 1265//499 1266//500 1306//540
f 1265//499 1306//540 1305//539
f 1266//500 1267//501 1307//541
f 1266//500 1307//541 1306//540
f 1267//501 1268//502 1308//542
f 1267//501 1308//542 1307//541
f 1268//502 1269//503 1309//543
f 1268//502 1309//543 1308//542
f 1269//503 1270//504 1310//544
f 1269//503 1310//544 1309//543
f 1270//504 1271//505 1311//545
f 1270//504 1311//545 1310//544
f 1271//505 1272//506 1312//546
f 1271//505 1312//546 1311//545
f 1272//506 1273//507 1313//547
f 1272//506 1313//547 1312//546
f 1273//507 1274//508 1314//548
f 1273//507 1314//548 1313//547
f 1274//508 1275//509 1315//549
f 1274//508 1315//549 1314//548
f 1275//509 1276//510 1316//550
f 1275//509 1316//550 1315//549
f 1276//510 1277//511 1317//551
f 1276//510 1317//551 1316//550
f 1277//511 1278//512 1318//552
f 1277//511 1318//552 1317//551
f 1278//512 1279//513 1319//553
f 1278//512 1319//553 1318//552
f 1279//513 1280//514 1320//554
f 1279//513 1320//554 1319//553
f 1280//514 1281//515 1321//555
f 1280//514 1321//555 1320//554
f 1281//515 1282//516 1322//556
f 1281//515 1322//556 1321//555
f 1282//516 1283//517 1323//557
f 1282//516 1323//557 1322//556
f 1283//517 1284//518 1324//558
f 1283//517 1324//558 1323//557
f 1284//518 1285//519 1325//559
f 1284//518 1325//559 1324//558
f 1285//519 1286//520 1326//560
f 1285//519 1326//560 1325//559
f 1286//520 1287//521 1327//561
f 1286//520 1327//561 1326//560
f 1287//521 1249//483 1289//523
f 1287//521 1289//523 1327//561
f 1289//523 1288//522 1328//562
f 1289//523 1328//562 1329//563
f 1288//522 1290//524 1330//564
f 1288//522 1330//564 1328//562
f 1290//524 1291//525 1331//565
f 1290//524 1331//565 1330//564
f 1291//525 1292//526 1332//566
f 1291//525 1332//566 1331//565
f 1292//526 1293//527 1333//567
f 1292//526 1333//567 1332//566
f 1293//527 1294//528 1334//568
f 1293//527 1334//568 1333//567
f 1294//528 1295//529 1335//569
f 1294//528 1335//569 1334//568
f 1295//529 1296//530 1336//570
f 1295//529 1336//570 1335//569
f 1296//530 1297//531 1337//571
f 1296//530 1337//571 1336//570
f 1297//531 1298//532 1338//572
f 1297//531 1338//572 1337//571
f 1298//532 1299//533 1339//573
f 1298//532 1339//573 1338//572
f 1299//533 1300//534 1340//574
f 1299//533 1340//574 1339//573
f 1300//534 1301//535 1341//575
f 1300//534 1341//575 1340//574
f 1301//535 1302//536 1342//576
f 1301//535 1342//576 1341//575
f 1302//536 1303//537 1343//577
f 1302//536 1343//577 1342//576
f 1303//537 1304//538 1344//578
f 1303//537 1344//578 1343//577
f 1304//538 1305//539 1345//579
f 1304//538 1345//579 1344//578
f 1305//539 1306//540 1346//580
f 1305//539 1346//580 1345//579
f 1306//540 1307//541 1347//581
f 1306//540 1347//581 1346//580
f 1307//541 1308//542 1348//582
f 1307//541 1348//582 1347//581
f 1308//542 1309//543 1349//583
f 1308//542 1349//583 1348//582
f 1309//543 1310//544 1350//584
f 1309//543 1350//584 1349//583
f 1310//544 1311//545 1351//585
f 1310//544 1351//585 1350//584
f 1311//545 1312//546 1352//586
f 1311//545 1352//586 1351//585
f 1312//546 1313//547 1353//587
f 1312//546 1353//587 1352//586
f 1313//547 1314//548 1354//588
f 1313//547 1354//588 1353//587
f 1314//548 1315//549 1355//589
f 1314//548 1355//589 1354//588
f 1315//549 1316//550 1356//590
f 1315//549 1356//590 1355//589
f 1316//550 1317//551 1357//591
f 1316//550 1357//591 1356//590
f 1317//551 1318//552 1358//592
f 1317//551 1358//592 1357//591
f 1318//552 1319//553 1359//593
f 1318//552 1359//593 1358//592
f 1319//553 1320//554 1360//594
f 1319//553 1360//594 1359//593
f 1320//554 1321//555 1361//595
f 1320//554 1361//595 1360//594
f 1321//555 1322//556 1362//596
f 1321//555 1362//596 1361//595
f 1322//556 1323//557 1363//597
f 1322//556 1363//597 1362//596
f 1323//557 1324//558 1364//598
f 1323//557 1364//598 1363//597
f 1324//558 1325//559 1365//599
f 1324//558 1365//599 1364//598
f 1325//559 1326//560 1366//600
f 1325//559 1366//600 1365//599
f 1326//560 1327//561 1367//601
f 1326//560 1367//601 1366//600
f 1327//561 1289//523 1329//563
f 1327//561 1329//563 1367//601
f 1329//563 1328//562 1368//602
f 1329//563 1368//602 1369//603
f 1328//562 1330//564 1370//604
f 1328//562 1370//604 1368//602
f 1330//564 1331//565 1371//605
f 1330//564 1371//605 1370//604
f 1331//565 1332//566 1372//606
f 1331//565 1372//606 1371//605
f 1332//566 1333//567 1373//607
f 1332//566 1373//607 1372//606
f 1333//567 1334//568 1374//608
f 1333//567 1374//608 1373//607
f 1334//568 1335//569 1375//609
f 1334//568 1375//609 1374//608
f 1335//569 1336//570 1376//610
f 1335//569 1376//610 1375//609
f 1336//570 1337//571 1377//611
f 1336//570 1377//611 1376//610
f 1337//571 1338//572 1378//612
f 1337//571 1378//612 1377//611
f 1338//572 1339//573 1379//613
f 1338//572 1379//613 1378//612
f 1339//573 1340//574 1380//614
f 1339//573 1380//614 1379//613
f 1340//574 1341//575 1381//615
f 1340//574 1381//615 1380//614
f 1341//575 1342//576 1382//616
f 1341//575 1382//616 1381//615
f 1342//576 1343//577 1383//617
f 1342//576 1383//617 1382//616
f 1343//577 1344//578 1384//618
f 1343//577 1384//618 1383//617
f 1344//578 1345//579 1385//619
f 1344//578 1385//619 1384//618
f 1345//579 1346//580 1386//620
f 1345//579 1386//620 1385//619
f 1346//580 1347//581 1387//621
f 1346//580 1387//621 1386//620
f 1347//581 1348//582 1388//622
f 1347//581 1388//622 1387//621
f 1348//582 1349//583 1389//623
f 1348//582 1389//623 1388//622
f 1349//583 1350//584 1390//624
f 1349//583 1390//624 1389//623
f 1350//584 1351//585 1391//625
f 1350//584 1391//625 1390//624
f 1351//585 1352//586 1392//626
f 1351//585 1392//626 1391//625
f 1352//586 1353//587 1393//627
f 1352//586 1393//627 1392//626
f 1353//587 1354//588 1394//628
f 1353//587 1394//628 1393//627
f 1354//588 1355//589 1395//629
f 1354//588 1395//629 1394//628
f 1355//589 1356//590 1396//630
f 1355//589 1396//630 1395//629
f 1356//590 1357//591 1397//631
f 1356//590 1397//631 1396//630
f 1357//591 1358//592 1398//632
f 1357//591 1398//632 1397//631
f 1358//592 1359//593 1399//633
f 1358//592 1399//633 1398//632
f 1359//593 1360//594 1400//634
f 1359//593 1400//634 1399//633
f 1360//594 1361//595 1401//635
f 1360//594 1401//635 1400//634
f 1361//595 1362//596 1402//636
f 1361//595 1402//636 1401//635
f 1362//596 1363//597 1403//637
f 1362//596 1403//637 1402//636
f 1363//597 1364//598 1404//638
f 1363//597 1404//638 1403//637
f 1364//598 1365//599 1405//639
f 1364//598 1405//639 1404//638
f 1365//599 1366//600 1406//640
f 1365//599 1406//640 1405//639
f 1366//600 1367//601 1407//641
f 1366//600 1407//641 1406//640
f 1367//601 1329//563 1369//603
f 1367//601 1369//603 1407//641
f 1369//603 1368//602 1408//642
f 1369//603 1408//642 1409//643
f 1368//602 1370//604 1410//644
f 1368//602 1410//644 1408//642
f 1370//604 1371//605 1411//645
f 1370//604 1411//645 1410//644
f 1371//605 1372//606 1412//646
f 1371//605 1412//646 1411//645
f 1372//606 1373//607 1413//647
f 1372//606 1413//647 1412//646
f 1373//607 1374//608 1414//648
f 1373//607 1414//648 1413//647
f 1374//608 1375//609 1415//649
f 1374//608 1415//649 1414//648
f 1375//609 1376//610 1416//650
f 1375//609 1416//650 1415//649
f 1376//610 1377//611 1417//651
f 1376//610 1417//651 1416//650
f 1377//611 1378//612 1418//652
f 1377//611 1418//652 1417//651
f 1378//612 1379//613 1419//653
f 1378//612 1419//653 1418//652
f 1379//613 1380//614 1420//654
f 1379//613 1420//654 1419//653
f 1380//614 1381//615 1421//655
f 1380//614 1421//655 1420//654
f 1381//615 1382//616 1422//656
f 1381//615 1422//656 1421//655
f 1382//616 1383//617 1423//657
f 1382//616 1423//657 1422//656
f 1383//617 1384//618 1424//658
f 1383//617 1424//658 1423//657
f 1384//618 1385//619 1425//659
f 1384//618 1425//659 1424//658
f 1385//619 1386//620 1426//660
f 1385//619 1426//660 1425//659
f 1386//620 1387//621 1427//661
f 1386//620 1427//661 1426//660
f 1387//621 1388//622 1428//662
f 1387//621 1428//662 1427//661
f 1388//622 1389//623 1429//663
f 1388//622 1429//663 1428//662
f 1389//623 1390//624 1430//664
f 1389//623 1430//664 1429//663
f 1390//624 1391//625 1431//665
f 1390//624 1431//665 1430//664
f 1391//625 1392//626 1432//666
f 1391//625 1432//666 1431//665
f 1392//626 1393//627 1433//667
f 1392//626 1433//667 1432//666
f 1393//627 1394//628 1434//668
f 1393//627 1434//668 1433//667
f 1394//628 1395//629 1435//669
f 1394//628 1435//669 1434//668
f 1395//629 1396//630 1436//670
f 1395//629 1436//670 1435//669
f 1396//630 1397//631 1437//671
f 1396//630 1437//671 1436//670
f 1397//631 1398//632 1438//672
f 1397//631 1438//672 1437//671
f 1398//632 1399//633 1439//673
f 1398//632 1439//673 1438//672
f 1399//633 1400//634 1440//674
f 1399//633 1440//674 1439//673
f 1400//634 1401//635 1441//675
f 1400//634 1441//675 1440//674
f 1401//635 1402//636 1442//676
f 1401//635 1442//676 1441//675
f 1402//636 1403//637 1443//677
f 1402//636 1443//677 1442//676
f 1403//637 1404//638 1444//678
f 1403//637 1444//678 1443//677
f 1404//638 1405//639 1445//679
f 1404//638 1445//679 1444//678
f 1405//639 1406//640 1446//680
f 1405//639 1446//680 1445//679
f 1406//640 1407//641 1447//681
f 1406//640 1447//681 1446//680
f 1407//641 1369//603 1409//643
f 1407//641 1409//643 1447//681
f 1409//643 1408//642 1448//682
f 1409//643 1448//682 1449//683
f 1408//642 1410//644 1450//684
f 1408//642 1450//684 1448//682
f 1410//644 1411//645 1451//685
f 1410//644 1451//685 1450//684
f 1411//645 1412//646 1452//686
f 1411//645 1452//686 1451//685
f 1412//646 1413//647 1453//687
f 1412//646 1453//687 1452//686
f 1413//647 1414//648 1454//688
f 1413//647 1454//688 1453//687
f 1414//648 1415//649 1455//689
f 1414//648 1455//689 1454//688
f 1415//649 1416//650 1456//690
f 1415//649 1456//690 1455//689
f 1416//650 1417//651 1457//691
f 1416//650 1457//691 1456//690
f 1417//651 1418//652 1458//692
f 1417//651 1458//692 1457//691
f 1418//652 1419//653 1459//693
f 1418//652 1459//693 1458//692
f 1419//653 1420//654 1460//694
f 1419//653 1460//694 1459//693
f 1420//654 1421//655 1461//695
f 1420//654 1461//695 1460//694
f 1421//655 1422//656 1462//696
f 1421//655 1462//696 1461//695
f 1422//656 1423//657 1463//697
f 1422//656 1463//697 1462//696
f 1423//657 1424//658 1464//698
f 1423//657 1464//698 1463//697
f 1424//658 1425//659 1465//699
f 1424//658 1465//699 1464//698
f 1425//659 1426//660 1466//700
f 1425//659 1466//700 1465//699
f 1426//660 1427//661 1467//701
f 1426//660 1467//701 1466//700
f 1427//661 1428//662 1468//702
f 1427//661 1468//702 1467//701
f 1428//662 1429//663 1469//703
f 1428//662 1469//703 1468//702
f 1429//663 1430//664 1470//704
f 1429//663 1470//704 1469//703
f 1430//664 1431//665 1471//705
f 1430//664 1471//705 1470//704
f 1431//665 1432//666 1472//706
f 1431//665 1472//706 1471//705
f 1432//666 1433//667 1473//707
f 1432//666 1473//707 1472//706
f 1433//667 1434//668 1474//708
f 1433//667 1474//708 1473//707
f 1434//668 1435//669 1475//709
f 1434//668 1475//709 1474//708
f 1435//669 1436//670 1476//710
f 1435//669 1476//710 1475//709
f 1436//670 1437//671 1477//711
f 1436//670 1477//711 1476//710
f 1437//671 1438//672 1478//712
f 1437//671 1478//712 1477//711
f 1438//672 1439//673 1479//713
f 1438//672 1479//713 1478//712
f 1439//673 1440//674 1480//714
f 1439//673 1480//714 1479//713
f 1440//674 1441//675 1481//715
f 1440//674 1481//715 1480//714
f 1441//675 1442//676 1482//716
f 1441//675 1482//716 1481//715
f 1442//676 1443//677 1483//717
f 1442//676 1483//717 1482//716
f 1443//677 1444//678 1484//718
f 1443//677 1484//718 1483//717
f 1444//678 1445//679 1485//719
f 1444//678 1485//719 1484//718
f 1445//679 1446//680 1486//720
f 1445//679 1486//720 1485//719
f 1446//680 1447//681 1487//721
f 1446//680 1487//721 1486//720
f 1447//681 1409//643 1449//683
f 1447//681 1449//683 1487//721
f 1449//683 1448//682 1488//722
f 1449//683 1488//722 1489//723
f 1448//682 1450//684 1490//724
f 1448//682 1490//724 1488//722
f 1450//684 1451//685 1491//725
f 1450//684 1491//725 1490//724
f 1451//685 1452//686 1492//726
f 1451//685 1492//726 1491//725
f 1452//686 1453//687 1493//727
f 1452//686 1493//727 1492//726
f 1453//687 1454//688 1494//728
f 1453//687 1494//728 1493//727
f 1454//688 1455//689 1495//729
f 1454//688 1495//729 1494//728
f 1455//689 1456//690 1496//730
f 1455//689 1496//730 1495//729
f 1456//690 1457//691 1497//731
f 1456//690 1497//731 1496//730
f 1457//691 1458//692 1498//732
f 1457//691 1498//732 1497//731
f 1458//692 1459//693 1499//733
f 1458//692 1499//733 1498//732
f 1459//693 1460//694 1500//734
f 1459//693 1500//734 1499//733
f 1460//694 1461//695 1501//735
f 1460//694 1501//735 1500//734
f 1461//695 1462//696 1502//736
f 1461//695 1502//736 1501//735
f 1462//696 1463//697 1503//737
f 1462//696 1503//737 1502//736
f 1463//697 1464//698 1504//738
f 1463//697 1504//738 1503//737
f 1464//698 1465//699 1505//739
f 1464//698 1505//739 1504//738
f 1465//699 1466//700 1506//740
f 1465//699 1506//740 1505//739
f 1466//700 1467//701 1507//741
f 1466//700 1507//741 1506//740
f 1467//701 1468//702 1508//742
f 1467//701 1508//742 1507//741
f 1468//702 1469//703 1509//743
f 1468//702 1509//743 1508//742
f 1469//703 1470//704 1510//744
f 1469//703 1510//744 1509//743
f 1470//704 1471//705 1511//745
f 1470//704 1511//745 1510//744
f 1471//705 1472//706 1512//746
f 1471//705 1512//746 1511//745
f 1472//706 1473//707 1513//747
f 1472//706 1513//747 1512//746
f 1473//707 1474//708 1514//748
f 1473//707 1514//748 1513//747
f 1474//708 1475//709 1515//749
f 1474//708 1515//749 1514//748
f 1475//709 1476//710 1516//750
f 1475//709 1516//750 1515//749
f 1476//710 1477//711 1517//751
f 1476//710 1517//751 1516//750
f 1477//711 1478//712 1518//752
f 1477//711 1518//752 1517//751
f 1478//712 1479//713 1519//753
f 1478//712 1519//753 1518//752
f 1479//713 1480//714 1520//754
f 1479//713 1520//754 1519//753
f 1480//714 1481//715 1521//755
f 1480//714 1521//755 1520//754
f 1481//715 1482//716 1522//756
f 1481//715 1522//756 1521//755
f 1482//716 1483//717 1523//757
f 1482//716 1523//757 1522//756
f 1483//717 1484//718 1524//758
f 1483//717 1524//758 1523//757
f 1484//718 1485//719 1525//759
f 1484//718 1525//759 1524//758
f 1485//719 1486//720 1526//760
f 1485//719 1526//760 1525//759
f 1486//720 1487//721 1527//761
f 1486//720 1527//761 1526//760
f 1487//721 1449//683 1489//723
f 1487//721 1489//723 1527//761
f 1489//723 1488//722 1528//762
f 1488//722 1490//724 1528//762
f 1490//724 1491//725 1528//762
f 1491//725 1492//726 1528//762
f 1492//726 1493//727 1528//762
f 1493//727 1494//728 1528//762
f 1494//728 1495//729 1528//762
f 1495//729 1496//730 1528//762
f 1496//730 1497//731 1528//762
f 1497//731 1498//732 1528//762
f 1498//732 1499//733 1528//762
f 1499//733 1500//734 1528//762
f 1500//734 1501//735 1528//762
f 1501//735 1502//736 1528//762
f 1502//736 1503//737 1528//762
f 1503//737 1504//738 1528//762
f 1504//738 1505//739 1528//762
f 1505//739 1506//740 1528//762
f 1506//740 1507//741 1528//762
f 1507//741 1508//742 1528//762
f 1508//742 1509//743 1528//762
f 1509//743 1510//744 1528//762
f 1510//744 1511//745 1528//762
f 1511//745 1512//746 1528//762
f 1512//746 1513//747 1528//762
f 1513//747 1514//748 1528//762
f 1514//748 1515//749 1528//762
f 1515//749 1516//750 1528//762
f 1516//750 1517//751 1528//762
f 1517//751 1518//752 1528//762
f 1518//752 1519//753 1528//762
f 1519//753 1520//754 1528//762
f 1520//754 1521//755 1528//762
f 1521//755 1522//756 1528//762
f 1522//756 1523//757 1528//762
f 1523//757 1524//758 1528//762
f 1524//758 1525//759 1528//762
f 1525//759 1526//760 1528//762
f 1526//760 1527//761 1528//762
f 1527//761 1489//723 1528//762
usemtl gold2
f 1529//1 1530//2 1531//3
f 1529//1 1532//4 1530//2
f 1529//1 1533//5 1532//4
f 1529//1 1534//6 1533//5
f 1529//1 1535//7 1534//6
f 1529//1 1536//8 1535//7
f 1529//1 1537//9 1536//8
f 1529//1 1538//10 1537//9
f 1529//1 1539//11 1538//10
f 1529//1 1540//12 1539//11
f 1529//1 1541//13 1540//12
f 1529//1 1542//14 1541//13
f 1529//1 1543//15 1542//14
f 1529//1 1544//16 1543//15
f 1529//1 1545//17 1544//16
f 1529//1 1546//18 1545//17
f 1529//1 1547//19 1546//18
f 1529//1 1548//20 1547//19
f 1529//1 1549//21 1548//20
f 1529//1 1550//22 1549//21
f 1529//1 1551//23 1550//22
f 1529//1 1552//24 1551//23
f 1529//1 1553//25 1552//24
f 1529//1 1554//26 1553//25
f 1529//1 1555//27 1554//26
f 1529//1 1556//28 1555//27
f 1529//1 1557//29 1556//28
f 1529//1 1558//30 1557//29
f 1529//1 1559//31 1558//30
f 1529//1 1560//32 1559//31
f 1529//1 1561//33 1560//32
f 1529//1 1562//34 1561//33
f 1529//1 1563//35 1562//34
f 1529//1 1564//36 1563//35
f 1529//1 1565//37 1564//36
f 1529//1 1566//38 1565//37
f 1529//1 1567//39 1566//38
f 1529//1 1568//40 1567//39
f 1529//1 1569//41 1568//40
f 1529//1 1531//3 1569//41
f 1531//3 1530//2 1570//42
f 1531//3 1570//42 1571//43
f 1530//2 1532//4 1572//44
f 1530//2 1572//44 1570//42
f 1532//4 1533//5 1573//45
f 1532//4 1573//45 1572//44
f 1533//5 1534//6 1574//46
f 1533//5 1574//46 1573//45
f 1534//6 1535//7 1575//47
f 1534//6 1575//47 1574//46
f 1535//7 1536//8 1576//48
f 1535//7 1576//48 1575//47
f 1536//8 1537//9 1577//49
f 1536//8 1577//49 1576//48
f 1537//9 1538//10 1578//50
f 1537//9 1578//50 1577//49
f 1538//10 1539//11 1579//51
f 1538//10 1579//51 1578//50
f 1539//11 1540//12 1580//52
f 1539//11 1580//52 1579//51
f 1540//12 1541//13 1581//53
f 1540//12 1581//53 1580//52
f 1541//13 1542//14 1582//54
f 1541//13 1582//54 1581//53
f 1542//14 1543//15 1583//55
f 1542//14 1583//55 1582//54
f 1543//15 1544//16 1584//56
f 1543//15 1584//56 1583//55
f 1544//16 1545//17 1585//57
f 1544//16 1585//57 1584//56
f 1545//17 1546//18 1586//58
f 1545//17 1586//58 1585//57
f 1546//18 1547//19 1587//59
f 1546//18 1587//59 1586//58
f 1547//19 1548//20 1588//60
f 1547//19 1588//60 1587//59
f 1548//20 1549//21 1589//61
f 1548//20 1589//61 1588//60
f 1549//21 1550//22 1590//62
f 1549//21 1590//62 1589//61
f 1550//22 1551//23 1591//63
f 1550//22 1591//63 1590//62
f 1551//23 1552//24 1592//64
f 1551//23 1592//64 1591//63
f 1552//24 1553//25 1593//65
f 1552//24 1593//65 1592//64
f 1553//25 1554//26 1594//66
f 1553//25 1594//66 1593//65
f 1554//26 1555//27 1595//67
f 1554//26 1595//67 1594//66
f 1555//27 1556//28 1596//68
f 1555//27 1596//68 1595//67
f 1556//28 1557//29 1597//69
f 1556//28 1597//69 1596//68
f 1557//29 1558//30 1598//70
f 1557//29 1598//70 1597//69
f 1558//30 1559//31 1599//71
f 1558//30 1599//71 1598//70
f 1559//31 1560//32 1600//72
f 1559//31 1600//72 1599//71
f 1560//32 1561//33 1601//73
f 1560//32 1601//73 1600//72
f 1561//33 1562//34 1602//74
f 1561//33 1602//74 1601//73
f 1562//34 1563//35 1603//75
f 1562//34 1603//75 1602//74
f 1563//35 1564//36 1604//76
f 1563//35 1604//76 1603//75
f 1564//36 1565//37 1605//77
f 1564//36 1605//77 1604//76
f 1565//37 1566//38 1606//78
f 1565//37 1606//78 1605//77
f 1566//38 1567//39 1607//79
f 1566//38 1607//79 1606//78
f 1567//39 1568//40 1608//80
f 1567//39 1608//80 1607//79
f 1568//40 1569//41 1609//81
f 1568//40 1609//81 1608//80
f 1569//41 1531//3 1571//43
f 1569//41 1571//43 1609//81
f 1571//43 1570//42 1610//82
f 1571//43 1610//82 1611//83
f 1570//42 1572//44 1612//84
f 1570//42 1612//84 1610//82
f 1572//44 1573//45 1613//85
f 1572//44 1613//85 1612//84
f 1573//45 1574//46 1614//86
f 1573//45 1614//86 1613//85
f 1574//46 1575//47 1615//87
f 1574//46 1615//87 1614//86
f 1575//47 1576//48 1616//88
f 1575//47 1616//88 1615//87
f 1576//48 1577//49 1617//89
f 1576//48 1617//89 1616//88
f 1577//49 1578//50 1618//90
f 1577//49 1618//90 1617//89
f 1578//50 1579//51 1619//91
f 1578//50 1619//91 1618//90
f 1579//51 1580//52 1620//92
f 1579//51 1620//92 1619//91
f 1580//52 1581//53 1621//93
f 1580//52 1621//93 1620//92
f 1581//53 1582//54 1622//94
f 1581//53 1622//94 1621//93
f 1582//54 1583//55 1623//95
f 1582//54 1623//95 1622//94
f 1583//55 1584//56 1624//96
f 1583//55 1624//96 1623//95
f 1584//56 1585//57 1625//97
f 1584//56 1625//97 1624//96
f 1585//57 1586//58 1626//98
f 1585//57 1626//98 1625//97
f 1586//58 1587//59 1627//99
f 1586//58 1627//99 1626//98
f 1587//59 1588//60 1628//100
f 1587//59 1628//100 1627//99
f 1588//60 1589//61 1629//101
f 1588//60 1629//101 1628//100
f 1589//61 1590//62 1630//102
f 1589//61 1630//102 1629//101
f 1590//62 1591//63 1631//103
f 1590//62 1631//103 1630//102
f 1591//63 1592//64 1632//104
f 1591//63 1632//104 1631//103
f 1592//64 1593//65 1633//105
f 1592//64 1633//105 1632//104
f 1593//65 1594//66 1634//106
f 1593//65 1634//106 1633//105
f 1594//66 1595//67 1635//107
f 1594//66 1635//107 1634//106
f 1595//67 1596//68 1636//108
f 1595//67 1636//108 1635//107
f 1596//68 1597//69 1637//109
f 1596//68 1637//109 1636//108
f 1597//69 1598//70 1638//110
f 1597//69 1638//110 1637//109
f 1598//70 1599//71 1639//111
f 1598//70 1639//111 1638//110
f 1599//71 1600//72 1640//112
f 1599//71 1640//112 1639//111
f 1600//72 1601//73 1641//113
f 1600//72 1641//113 1640//112
f 1601//73 1602//74 1642//114
f 1601//73 1642//114 1641//113
f 1602//74 1603//75 1643//115
f 1602//74 1643//115 1642//114
f 1603//75 1604//76 1644//116
f 1603//75 1644//116 1643//115
f 1604//76 1605//77 1645//117
f 1604//76 1645//117 1644//116
f 1605//77 1606//78 1646//118
f 1605//77 1646//118 1645//117
f 1606//78 1607//79 1647//119
f 1606//78 1647//119 1646//118
f 1607//79 1608//80 1648//120
f 1607//79 1648//120 1647//119
f 1608//80 1609//81 1649//121
f 1608//80 1649//121 1648//120
f 1609//81 1571//43 1611//83
f 1609//81 1611//83 1649//121
f 1611//83 1610//82 1650//122
f 1611//83 1650//122 1651//123
f 1610//82 1612//84 1652//124
f 1610//82 1652//124 1650//122
f 1612//84 1613//85 1653//125
f 1612//84 1653//125 1652//124
f 1613//85 1614//86 1654//126
f 1613//85 1654//126 1653//125
f 1614//86 1615//87 1655//127
f 1614//86 1655//127 1654//126
f 1615//87 1616//88 1656//128
f 1615//87 1656//128 1655//127
f 1616//88 1617//89 1657//129
f 1616//88 1657//129 1656//128
f 1617//89 1618//90 1658//130
f 1617//89 1658//130 1657//129
f 1618//90 1619//91 1659//131
f 1618//90 1659//131 1658//130
f 1619//91 1620//92 1660//132
f 1619//91 1660//132 1659//131
f 1620//92 1621//93 1661//133
f 1620//92 1661//133 1660//132
f 1621//93 1622//94 1662//134
f 1621//93 1662//134 1661//133
f 1622//94 1623//95 1663//135
f 1622//94 1663//135 1662//134
f 1623//95 1624//96 1664//136
f 1623//95 1664//136 1663//135
f 1624//96 1625//97 1665//137
f 1624//96 1665//137 1664//136
f 1625//97 1626//98 1666//138
f 1625//97 1666//138 1665//137
f 1626//98 1627//99 1667//139
f 1626//98 1667//139 1666//138
f 1627//99 1628//100 1668//140
f 1627//99 1668//140 1667//139
f 1628//100 1629//101 1669//141
f 1628//100 1669//141 1668//140
f 1629//101 1630//102 1670//142
f 1629//101 1670//142 1669//141
f 1630//102 1631//103 1671//143
f 1630//102 1671//143 1670//142
f 1631//103 1632//104 1672//144
f 1631//103 1672//144 1671//143
f 1632//104 1633//105 1673//145
f 1632//104 1673//145 1672//144
f 1633//105 1634//106 1674//146
f 1633//105 1674//146 1673//145
f 1634//106 1635//107 1675//147
f 1634//106 1675//147 1674//146
f 1635//107 1636//108 1676//148
f 1635//107 1676//148 1675//147
f 1636//108 1637//109 1677//149
f 1636//108 1677//149 1676//148
f 1637//109 1638//110 1678//150
f 1637//109 1678//150 1677//149
f 1638//110 1639//111 1679//151
f 1638//110 1679//151 1678//150
f 1639//111 1640//112 1680//152
f 1639//111 1680//152 1679//151
f 1640//112 1641//113 1681//153
f 1640//112 1681//153 1680//152
f 1641//113 1642//114 1682//154
f 1641//113 1682//154 1681//153
f 1642//114 1643//115 1683//155
f 1642//114 1683//155 1682//154
f 1643//115 1644//116 1684//156
f 1643//115 1684//156 1683//155
f 1644//116 1645//117 1685//157
f 1644//116 1685//157 1684//156
f 1645//117 1646//118 1686//158
f 1645//117 1686//158 1685//157
f 1646//118 1647//119 1687//159
f 1646//118 1687//159 1686//158
f 1647//119 1648//120 1688//160
f 1647//119 1688//160 1687//159
f 1648//120 1649//121 1689//161
f 1648//120 1689//161 1688//160
f 1649//121 1611//83 1651//123
f 1649//121 1651//123 1689//161
f 1651//123 1650//122 1690//162
f 1651//123 1690//162 1691//163
f 1650//122 1652//124 1692//164
f 1650//122 1692//164 1690//162
f 1652//124 1653//125 1693//165
f 1652//124 1693//165 1692//164
f 1653//125 1654//126 1694//166
f 1653//125 1694//166 1693//165
f 1654//126 1655//127 1695//167
f 1654//126 1695//167 1694//166
f 1655//127 1656//128 1696//168
f 1655//127 1696//168 1695//167
f 1656//128 1657//129 1697//169
f 1656//128 1697//169 1696//168
f 1657//129 1658//130 1698//170
f 1657//129 1698//170 1697//169
f 1658//130 1659//131 1699//171
f 1658//130 1699//171 1698//170
f 1659//131 1660//132 1700//172
f 1659//131 1700//172 1699//171
f 1660//132 1661//133 1701//173
f 1660//132 1701//173 1700//172
f 1661//133 1662//134 1702//174
f 1661//133 1702//174 1701//173
f 1662//134 1663//135 1703//175
f 1662//134 1703//175 1702//174
f 1663//135 1664//136 1704//176
f 1663//135 1704//176 1703//175
f 1664//136 1665//137 1705//177
f 1664//136 1705//177 1704//176
f 1665//137 1666//138 1706//178
f 1665//137 1706//178 1705//177
f 1666//138 1667//139 1707//179
f 1666//138 1707//179 1706//178
f 1667//139 1668//140 1708//180
f 1667//139 1708//180 1707//179
f 1668//140 1669//141 1709//181
f 1668//140 1709//181 1708//180
f 1669//141 1670//142 1710//182
f 1669//141 1710//182 1709//181
f 1670//142 1671//143 1711//183
f 1670//142 1711//183 1710//182
f 1671//143 1672//144 1712//184
f 1671//143 1712//184 1711//183
f 1672//144 1673//145 1713//185
f 1672//144 1713//185 1712//184
f 1673//145 1674//146 1714//186
f 1673//145 1714//186 1713//185
f 1674//146 1675//147 1715//187
f 1674//146 1715//187 1714//186
f 1675//147 1676//148 1716//188
f 1675//147 1716//188 1715//187
f 1676//148 1677//149 1717//189
f 1676//148 1717//189 1716//188
f 1677//149 1678//150 1718//190
f 1677//149 1718//190 1717//189
f 1678//150 1679//151 1719//191
f 1678//150 1719//191 1718//190
f 1679//151 1680//152 1720//192
f 1679//151 1720//192 1719//191
f 1680//152 1681//153 1721//193
f 1680//152 1721//193 1720//192
f 1681//153 1682//154 1722//194
f 1681//153 1722//194 1721//193
f 1682//154 1683//155 1723//195
f 1682//154 1723//195 1722//194
f 1683//155 1684//156 1724//196
f 1683//155 1724//196 1723//195
f 1684//156 1685//157 1725//197
f 1684//156 1725//197 1724//196
f 1685//157 1686//158 1726//198
f 1685//157 1726//198 1725//197
f 1686//158 1687//159 1727//199
f 1686//158 1727//199 1726//198
f 1687//159 1688//160 1728//200
f 1687//159 1728//200 1727//199
f 1688//160 1689//161 1729//201
f 1688//160 1729//201 1728//200
f 1689//161 1651//123 1691//163
f 1689//161 1691//163 1729//201
f 1691//163 1690//162 1730//202
f 1691//163 1730//202 1731//203
f 1690//162 1692//164 1732//204
f 1690//162 1732//204 1730//202
f 1692//164 1693//165 1733//205
f 1692//164 1733//205 1732//204
f 1693//165 1694//166 1734//206
f 1693//165 1734//206 1733//205
f 1694//166 1695//167 1735//207
f 1694//166 1735//207 1734//206
f 1695//167 1696//168 1736//208
f 1695//167 1736//208 1735//207
f 1696//168 1697//169 1737//209
f 1696//168 1737//209 1736//208
f 1697//169 1698//170 1738//210
f 1697//169 1738//210 1737//209
f 1698//170 1699//171 1739//211
f 1698//170 1739//211 1738//210
f 1699//171 1700//172 1740//212
f 1699//171 1740//212 1739//211
f 1700//172 1701//173 1741//213
f 1700//172 1741//213 1740//212
f 1701//173 1702//174 1742//214
f 1701//173 1742//214 1741//213
f 1702//174 1703//175 1743//215
f 1702//174 1743//215 1742//214
f 1703//175 1704//176 1744//216
f 1703//175 1744//216 1743//215
f 1704//176 1705//177 1745//217
f 1704//176 1745//217 1744//216
f 1705//177 1706//178 1746//218
f 1705//177 1746//218 1745//217
f 1706//178 1707//179 1747//219
f 1706//178 1747//219 1746//218
f 1707//179 1708//180 1748//220
f 1707//179 1748//220 1747//219
f 1708//180 1709//181 1749//221
f 1708//180 1749//221 1748//220
f 1709//181 1710//182 1750//222
f 1709//181 1750//222 1749//221
f 1710//182 1711//183 1751//223
f 1710//182 1751//223 1750//222
f 1711//183 1712//184 1752//224
f 1711//183 1752//224 1751//223
f 1712//184 1713//185 1753//225
f 1712//184 1753//225 1752//224
f 1713//185 1714//186 1754//226
f 1713//185 1754//226 1753//225
f 1714//186 1715//187 1755//227
f 1714//186 1755//227 1754//226
f 1715//187 1716//188 1756//228
f 1715//187 1756//228 1755//227
f 1716//188 1717//189 1757//229
f 1716//188 1757//229 1756//228
f 1717//189 1718//190 1758//230
f 1717//189 1758//230 1757//229
f 1718//190 1719//191 1759//231
f 1718//190 1759//231 1758//230
f 1719//191 1720//192 1760//232
f 1719//191 1760//232 1759//231
f 1720//192 1721//193 1761//233
f 1720//192 1761//233 1760//232
f 1721//193 1722//194 1762//234
f 1721//193 1762//234 1761//233
f 1722//194 1723//195 1763//235
f 1722//194 1763//235 1762//234
f 1723//195 1724//196 1764//236
f 1723//195 1764//236 1763//235
f 1724//196 1725//197 1765//237
f 1724//196 1765//237 1764//236
f 1725//197 1726//198 1766//238
f 1725//197 1766//238 1765//237
f 1726//198 1727//199 1767//239
f 1726//198 1767//239 1766//238
f 1727//199 1728//200 1768//240
f 1727//199 1768//240 1767//239
f 1728//200 1729//201 1769//241
f 1728//200 1769//241 1768//240
f 1729//201 1691//163 1731//203
f 1729//201 1731//203 1769//241
f 1731//203 1730//202 1770//242
f 1731//203 1770//242 1771//243
f 1730//202 1732//204 1772//244
f 1730//202 1772//244 1770//242
f 1732//204 1733//205 1773//245
f 1732//204 1773//245 1772//244
f 1733//205 1734//206 1774//246
f 1733//205 1774//246 1773//245
f 1734//206 1735//207 1775//247
f 1734//206 1775//247 1774//246
f 1735//207 1736//208 1776//248
f 1735//207 1776//248 1775//247
f 1736//208 1737//209 1777//249
f 1736//208 1777//249 1776//248
f 1737//209 1738//210 1778//250
f 1737//209 1778//250 1777//249
f 1738//210 1739//211 1779//251
f 1738//210 1779//251 1778//250
f 1739//211 1740//212 1780//252
f 1739//211 1780//252 1779//251
f 1740//212 1741//213 1781//253
f 1740//212 1781//253 1780//252
f 1741//213 1742//214 1782//254
f 1741//213 1782//254 1781//253
f 1742//214 1743//215 1783//255
f 1742//214 1783//255 1782//254
f 1743//215 1744//216 1784//256
f 1743//215 1784//256 1783//255
f 1744//216 1745//217 1785//257
f 1744//216 1785//257 1784//256
f 1745//217 1746//218 1786//258
f 1745//217 1786//258 1785//257
f 1746//218 1747//219 1787//259
f 1746//218 1787//259 1786//258
f 1747//219 1748//220 1788//260
f 1747//219 1788//260 1787//259
f 1748//220 1749//221 1789//261
f 1748//220 1789//261 1788//260
f 1749//221 1750//222 1790//262
f 1749//221 1790//262 1789//261
f 1750//222 1751//223 1791//263
f 1750//222 1791//263 1790//262
f 1751//223 1752//224 1792//264
f 1751//223 1792//264 1791//263
f 1752//224 1753//225 1793//265
f 1752//224 1793//265 1792//264
f 1753//225 1754//226 1794//266
f 1753//225 1794//266 1793//265
f 1754//226 1755//227 1795//267
f 1754//226 1795//267 1794//266
f 1755//227 1756//228 1796//268
f 1755//227 1796//268 1795//267
f 1756//228 1757//229 1797//269
f 1756//228 1797//269 1796//268
f 1757//229 1758//230 1798//270
f 1757//229 1798//270 1797//269
f 1758//230 1759//231 1799//271
f 1758//230 1799//271 1798//270
f 1759//231 1760//232 1800//272
f 1759//231 1800//272 1799//271
f 1760//232 1761//233 1801//273
f 1760//232 1801//273 1800//272
f 1761//233 1762//234 1802//274
f 1761//233 1802//274 1801//273
f 1762//234 1763//235 1803//275
f 1762//234 1803//275 1802//274
f 1763//235 1764//236 1804//276
f 1763//235 1804//276 1803//275
f 1764//236 1765//237 1805//277
f 1764//236 1805//277 1804//276
f 1765//237 1766//238 1806//278
f 1765//237 1806//278 1805//277
f 1766//238 1767//239 1807//279
f 1766//238 1807//279 1806//278
f 1767//239 1768//240 1808//280
f 1767//239 1808//280 1807//279
f 1768//240 1769//241 1809//281
f 1768//240 1809//281 1808//280
f 1769//241 1731//203 1771//243
f 1769//241 1771//243 1809//281
f 1771//243 1770//242 1810//282
f 1771//243 1810//282 1811//283
f 1770//242 1772//244 1812//284
f 1770//242 1812//284 1810//282
f 1772//244 1773//245 1813//285
f 1772//244 1813//285 1812//284
f 1773//245 1774//246 1814//286
f 1773//245 1814//286 1813//285
f 1774//246 1775//247 1815//287
f 1774//246 1815//287 1814//286
f 1775//247 1776//248 1816//288
f 1775//247 1816//288 1815//287
f 1776//248 1777//249 1817//289
f 1776//248 1817//289 1816//288
f 1777//249 1778//250 1818//290
f 1777//249 1818//290 1817//289
f 1778//250 1779//251 1819//291
f 1778//250 1819//291 1818//290
f 1779//251 1780//252 1820//292
f 1779//251 1820//292 1819//291
f 1780//252 1781//253 1821//293
f 1780//252 1821//293 1820//292
f 1781//253 1782//254 1822//294
f 1781//253 1822//294 1821//293
f 1782//254 1783//255 1823//295
f 1782//254 1823//295 1822//294
f 1783//255 1784//256 1824//296
f 1783//255 1824//296 1823//295
f 1784//256 1785//257 1825//297
f 1784//256 1825//297 1824//296
f 1785//257 1786//258 1826//298
f 1785//257 1826//298 1825//297
f 1786//258 1787//259 1827//299
f 1786//258 1827//299 1826//298
f 1787//259 1788//260 1828//300
f 1787//259 1828//300 1827//299
f 1788//260 1789//261 1829//301
f 1788//260 1829//301 1828//300
f 1789//261 1790//262 1830//302
f 1789//261 1830//302 1829//301
f 1790//262 1791//263 1831//303
f 1790//262 1831//303 1830//302
f 1791//263 1792//264 1832//304
f 1791//263 1832//304 1831//303
f 1792//264 1793//265 1833//305
f 1792//264 1833//305 1832//304
f 1793//265 1794//266 1834//306
f 1793//265 1834//306 1833//305
f 1794//266 1795//267 1835//307
f 1794//266 1835//307 1834//306
f 1795//267 1796//268 1836//308
f 1795//267 1836//308 1835//307
f 1796//268 1797//269 1837//309
f 1796//268 1837//309 1836//308
f 1797//269 1798//270 1838//310
f 1797//269 1838//310 1837//309
f 1798//270 1799//271 1839//311
f 1798//270 1839//311 1838//310
f 1799//271 1800//272 1840//312
f 1799//271 1840//312 1839//311
f 1800//272 1801//273 1841//313
f 1800//272 1841//313 1840//312
f 1801//273 1802//274 1842//314
f 1801//273 1842//314 1841//313
f 1802//274 1803//275 1843//315
f 1802//274 1843//315 1842//314
f 1803//275 1804//276 1844//316
f 1803//275 1844//316 1843//315
f 1804//276 1805//277 1845//317
f 1804//276 1845//317 1844//316
f 1805//277 1806//278 1846//318
f 1805//277 1846//318 1845//317
f 1806//278 1807//279 1847//319
f 1806//278 1847//319 1846//318
f 1807//279 1808//280 1848//320
f 1807//279 1848//320 1847//319
f 1808//280 1809//281 1849//321
f 1808//280 1849//321 1848//320
f 1809//281 1771//243 1811//283
f 1809//281 1811//283 1849//321
f 1811//283 1810//282 1850//322
f 1811//283 1850//322 1851//323
f 1810//282 1812//284 1852//324
f 1810//282 1852//324 1850//322
f 1812//284 1813//285 1853//325
f 1812//284 1853//325 1852//324
f 1813//285 1814//286 1854//326
f 1813//285 1854//326 1853//325
f 1814//286 1815//287 1855//327
f 1814//286 1855//327 1854//326
f 1815//287 1816//288 1856//328
f 1815//287 1856//328 1855//327
f 1816//288 1817//289 1857//329
f 1816//288 1857//329 1856//328
f 1817//289 1818//290 1858//330
f 1817//289 1858//330 1857//329
f 1818//290 1819//291 1859//331
f 1818//290 1859//331 1858//330
f 1819//291 1820//292 1860//332
f 1819//291 1860//332 1859//331
f 1820//292 1821//293 1861//333
f 1820//292 1861//333 1860//332
f 1821//293 1822//294 1862//334
f 1821//293 1862//334 1861//333
f 1822//294 1823//295 1863//335
f 1822//294 1863//335 1862//334
f 1823//295 1824//296 1864//336
f 1823//295 1864//336 1863//335
f 1824//296 1825//297 1865//337
f 1824//296 1865//337 1864//336
f 1825//297 1826//298 1866//338
f 1825//297 1866//338 1865//337
f 1826//298 1827//299 1867//339
f 1826//298 1867//339 1866//338
f 1827//299 1828//300 1868//340
f 1827//299 1868//340 1867//339
f 1828//300 1829//301 1869//341
f 1828//300 1869//341 1868//340
f 1829//301 1830//302 1870//342
f 1829//301 1870//342 1869//341
f 1830//302 1831//303 1871//343
f 1830//302 1871//343 1870//342
f 1831//303 1832//304 1872//344
f 1831//303 1872//344 1871//343
f 1832//304 1833//305 1873//345
f 1832//304 1873//345 1872//344
f 1833//305 1834//306 1874//346
f 1833//305 1874//346 1873//345
f 1834//306 1835//307 1875//347
f 1834//306 1875//347 1874//346
f 1835//307 1836//308 1876//348
f 1835//307 1876//348 1875//347
f 1836//308 1837//309 1877//349
f 1836//308 1877//349 1876//348
f 1837//309 1838//310 1878//350
f 1837//309 1878//350 1877//349
f 1838//310 1839//311 1879//351
f 1838//310 1879//351 1878//350
f 1839//311 1840//312 1880//352
f 1839//311 1880//352 1879//351
f 1840//312 1841//313 1881//353
f 1840//312 1881//353 1880//352
f 1841//313 1842//314 1882//354
f 1841//313 1882//354 1881//353
f 1842//314 1843//315 1883//355
f 1842//314 1883//355 1882//354
f 1843//315 1844//316 1884//356
f 1843//315 1884//356 1883//355
f 1844//316 1845//317 1885//357
f 1844//316 1885//357 1884//356
f 1845//317 1846//318 1886//358
f 1845//317 1886//358 1885//357
f 1846//318 1847//319 1887//359
f 1846//318 1887//359 1886//358
f 1847//319 1848//320 1888//360
f 1847//319 1888//360 1887//359
f 1848//320 1849//321 1889//361
f 1848//320 1889//361 1888//360
f 1849//321 1811//283 1851//323
f 1849//321 1851//323 1889//361
f 1851//323 1850//322 1890//362
f 1851//323 1890//362 1891//363
f 1850//322 1852//324 1892//364
f 1850//322 1892//364 1890//362
f 1852//324 1853//325 1893//365
f 1852//324 1893//365 1892//364
f 1853//325 1854//326 1894//366
f 1853//325 1894//366 1893//365
f 1854//326 1855//327 1895//367
f 1854//326 1895//367 1894//366
f 1855//327 1856//328 1896//368
f 1855//327 1896//368 1895//367
f 1856//328 1857//329 1897//369
f 1856//328 1897//369 1896//368
f 1857//329 1858//330 1898//370
f 1857//329 1898//370 1897//369
f 1858//330 1859//331 1899//371
f 1858//330 1899//371 1898//370
f 1859//331 1860//332 1900//372
f 1859//331 1900//372 1899//371
f 1860//332 1861//333 1901//373
f 1860//332 1901//373 1900//372
f 1861//333 1862//334 1902//374
f 1861//333 1902//374 1901//373
f 1862//334 1863//335 1903//375
f 1862//334 1903//375 1902//374
f 1863//335 1864//336 1904//376
f 1863//335 1904//376 1903//375
f 1864//336 1865//337 1905//377
f 1864//336 1905//377 1904//376
f 1865//337 1866//338 1906//378
f 1865//337 1906//378 1905//377
f 1866//338 1867//339 1907//379
f 1866//338 1907//379 1906//378
f 1867//339 1868//340 1908//380
f 1867//339 1908//380 1907//379
f 1868//340 1869//341 1909//381
f 1868//340 1909//381 1908//380
f 1869//341 1870//342 1910//382
f 1869//341 1910//382 1909//381
f 1870//342 1871//343 1911//383
f 1870//342 1911//383 1910//382
f 1871//343 1872//344 1912//384
f 1871//343 1912//384 1911//383
f 1872//344 1873//345 1913//385
f 1872//344 1913//385 1912//384
f 1873//345 1874//346 1914//386
f 1873//345 1914//386 1913//385
f 1874//346 1875//347 1915//387
f 1874//346 1915//387 1914//386
f 1875//347 1876//348 1916//388
f 1875//347 1916//388 1915//387
f 1876//348 1877//349 1917//389
f 1876//348 1917//389 1916//388
f 1877//349 1878//350 1918//390
f 1877//349 1918//390 1917//389
f 1878//350 1879//351 1919//391
f 1878//350 1919//391 1918//390
f 1879//351 1880//352 1920//392
f 1879//351 1920//392 1919//391
f 1880//352 1881//353 1921//393
f 1880//352 1921//393 1920//392
f 1881//353 1882//354 1922//394
f 1881//353 1922//394 1921//393
f 1882//354 1883//355 1923//395
f 1882//354 1923//395 1922//394
f 1883//355 1884//356 1924//396
f 1883//355 1924//396 1923//395
f 1884//356 1885//357 1925//397
f 1884//356 1925//397 1924//396
f 1885//357 1886//358 1926//398
f 1885//357 1926//398 1925//397
f 1886//358 1887//359 1927//399
f 1886//358 1927//399 1926//398
f 1887//359 1888//360 1928//400
f 1887//359 1928//400 1927//399
f 1888//360 1889//361 1929//401
f 1888//360 1929//401 1928//400
f 1889//361 1851//323 1891//363
f 1889//361 1891//363 1929//401
f 1891//363 1890//362 1930//402
f 1891//363 1930//402 1931//403
f 1890//362 1892//364 1932//404
f 1890//362 1932//404 1930//402
f 1892//364 1893//365 1933//405
f 1892//364 1933//405 1932//404
f 1893//365 1894//366 1934//406
f 1893//365 1934//406 1933//405
f 1894//366 1895//367 1935//407
f 1894//366 1935//407 1934//406
f 1895//367 1896//368 1936//408
f 1895//367 1936//408 1935//407
f 1896//368 1897//369 1937//409
f 1896//368 1937//409 1936//408
f 1897//369 1898//370 1938//410
f 1897//369 1938//410 1937//409
f 1898//370 1899//371 1939//411
f 1898//370 1939//411 1938//410
f 1899//371 1900//372 1940//412
f 1899//371 1940//412 1939//411
f 1900//372 1901//373 1941//413
f 1900//372 1941//413 1940//412
f 1901//373 1902//374 1942//414
f 1901//373 1942//414 1941//413
f 1902//374 1903//375 1943//415
f 1902//374 1943//415 1942//414
f 1903//375 1904//376 1944//416
f 1903//375 1944//416 1943//415
f 1904//376 1905//377 1945//417
f 1904//376 1945//417 1944//416
f 1905//377 1906//378 1946//418
f 1905//377 1946//418 1945//417
f 1906//378 1907//379 1947//419
f 1906//378 1947//419 1946//418
f 1907//379 1908//380 1948//420
f 1907//379 1948//420 1947//419
f 1908//380 1909//381 1949//421
f 1908//380 1949//421 1948//420
f 1909//381 1910//382 1950//422
f 1909//381 1950//422 1949//421
f 1910//382 1911//383 1951//423
f 1910//382 1951//423 1950//422
f 1911//383 1912//384 1952//424
f 1911//383 1952//424 1951//423
f 1912//384 1913//385 1953//425
f 1912//384 1953//425 1952//424
f 1913//385 1914//386 1954//426
f 1913//385 1954//426 1953//425
f 1914//386 1915//387 1955//427
f 1914//386 1955//427 1954//426
f 1915//387 1916//388 1956//428
f 1915//387 1956//428 1955//427
f 1916//388 1917//389 1957//429
f 1916//388 1957//429 1956//428
f 1917//389 1918//390 1958//430
f 1917//389 1958//430 1957//429
f 1918//390 1919//391 1959//431
f 1918//390 1959//431 1958//430
f 1919//391 1920//392 1960//432
f 1919//391 1960//432 1959//431
f 1920//392 1921//393 1961//433
f 1920//392 1961//433 1960//432
f 1921//393 1922//394 1962//434
f 1921//393 1962//434 1961//433
f 1922//394 1923//395 1963//435
f 1922//394 1963//435 1962//434
f 1923//395 1924//396 1964//436
f 1923//395 1964//436 1963//435
f 1924//396 1925//397 1965//437
f 1924//396 1965//437 1964//436
f 1925//397 1926//398 1966//438
f 1925//397 1966//438 1965//437
f 1926//398 1927//399 1967//439
f 1926//398 1967//439 1966//438
f 1927//399 1928//400 1968//440
f 1927//399 1968//440 1967//439
f 1928//400 1929//401 1969//441
f 1928//400 1969//441 1968//440
f 1929//401 1891//363 1931//403
f 1929//401 1931//403 1969//441
f 1931//403 1930//402 1970//442
f 1931//403 1970//442 1971//443
f 1930//402 1932//404 1972//444
f 1930//402 1972//444 1970//442
f 1932//404 1933//405 1973//445
f 1932//404 1973//445 1972//444
f 1933//405 1934//406 1974//446
f 1933//405 1974//446 1973//445
f 1934//406 1935//407 1975//447
f 1934//406 1975//447 1974//446
f 1935//407 1936//408 1976//448
f 1935//407 1976//448 1975//447
f 1936//408 1937//409 1977//449
f 1936//408 1977//449 1976//448
f 1937//409 1938//410 1978//450
f 1937//409 1978//450 1977//449
f 1938//410 1939//411 1979//451
f 1938//410 1979//451 1978//450
f 1939//411 1940//412 1980//452
f 1939//411 1980//452 1979//451
f 1940//412 1941//413 1981//453
f 1940//412 1981//453 1980//452
f 1941//413 1942//414 1982//454
f 1941//413 1982//454 1981//453
f 1942//414 1943//415 1983//455
f 1942//414 1983//455 1982//454
f 1943//415 1944//416 1984//456
f 1943//415 1984//456 1983//455
f 1944//416 1945//417 1985//457
f 1944//416 1985//457 1984//456
f 1945//417 1946//418 1986//458
f 1945//417 1986//458 1985//457
f 1946//418 1947//419 1987//459
f 1946//418 1987//459 1986//458
f 1947//419 1948//420 1988//460
f 1947//419 1988//460 1987//459
f 1948//420 1949//421 1989//461
f 1948//420 1989//461 1988//460
f 1949//421 1950//422 1990//462
f 1949//421 1990//462 1989//461
f 1950//422 1951//423 1991//463
f 1950//422 1991//463 1990//462
f 1951//423 1952//424 1992//464
f 1951//423 1992//464 1991//463
f 1952//424 1953//425 1993//465
f 1952//424 1993//465 1992//464
f 1953//425 1954//426 1994//466
f 1953//425 1994//466 1993//465
f 1954//426 1955//427 1995//467
f 1954//426 1995//467 1994//466
f 1955//427 1956//428 1996//468
f 1955//427 1996//468 1995//467
f 1956//428 1957//429 1997//469
f 1956//428 1997//469 1996//468
f 1957//429 1958//430 1998//470
f 1957//429 1998//470 1997//469
f 1958//430 1959//431 1999//471
f 1958//430 1999//471 1998//470
f 1959//431 1960//432 2000//472
f 1959//431 2000//472 1999//471
f 1960//432 1961//433 2001//473
f 1960//432 2001//473 2000//472
f 1961//433 1962//434 2002//474
f 1961//433 2002//474 2001//473
f 1962//434 1963//435 2003//475
f 1962//434 2003//475 2002//474
f 1963//435 1964//436 2004//476
f 1963//435 2004//476 2003//475
f 1964//436 1965//437 2005//477
f 1964//436 2005//477 2004//476
f 1965//437 1966//438 2006//478
f 1965//437 2006//478 2005//477
f 1966//438 1967//439 2007//479
f 1966//438 2007//479 2006//478
f 1967//439 1968//440 2008//480
f 1967//439 2008//480 2007//479
f 1968//440 1969//441 2009//481
f 1968//440 2009//481 2008//480
f 1969//441 1931//403 1971//443
f 1969//441 1971//443 2009//481
f 1971//443 1970//442 2010//482
f 1971//443 2010//482 2011//483
f 1970//442 1972//444 2012//484
f 1970//442 2012//484 2010//482
f 1972//444 1973//445 2013//485
f 1972//444 2013//485 2012//484
f 1973//445 1974//446 2014//486
f 1973//445 2014//486 2013//485
f 1974//446 1975//447 2015//487
f 1974//446 2015//487 2014//486
f 1975//447 1976//448 2016//488
f 1975//447 2016//488 2015//487
f 1976//448 1977//449 2017//489
f 1976//448 2017//489 2016//488
f 1977//449 1978//450 2018//490
f 1977//449 2018//490 2017//489
f 1978//450 1979//451 2019//491
f 1978//450 2019//491 2018//490
f 1979//451 1980//452 2020//492
f 1979//451 2020//492 2019//491
f 1980//452 1981//453 2021//493
f 1980//452 2021//493 2020//492
f 1981//453 1982//454 2022//494
f 1981//453 2022//494 2021//493
f 1982//454 1983//455 2023//495
f 1982//454 2023//495 2022//494
f 1983//455 1984//456 2024//496
f 1983//455 2024//496 2023//495
f 1984//456 1985//457 2025//497
f 1984//456 2025//497 2024//496
f 1985//457 1986//458 2026//498
f 1985//457 2026//498 2025//497
f 1986//458 1987//459 2027//499
f 1986//458 2027//499 2026//498
f 1987//459 1988//460 2028//500
f 1987//459 2028//500 2027//499
f 1988//460 1989//461 2029//501
f 1988//460 2029//501 2028//500
f 1989//461 1990//462 2030//502
f 1989//461 2030//502 2029//501
f 1990//462 1991//463 2031//503
f 1990//462 2031//503 2030//502
f 1991//463 1992//464 2032//504
f 1991//463 2032//504 2031//503
f 1992//464 1993//465 2033//505
f 1992//464 2033//505 2032//504
f 1993//465 1994//466 2034//506
f 1993//465 2034//506 2033//505
f 1994//466 1995//467 2035//507
f 1994//466 2035//507 2034//506
f 1995//467 1996//468 2036//508
f 1995//467 2036//508 2035//507
f 1996//468 1997//469 2037//509
f 1996//468 2037//509 2036//508
f 1997//469 1998//470 2038//510
f 1997//469 2038//510 2037//509
f 1998//470 1999//471 2039//511
f 1998//470 2039//511 2038//510
f 1999//471 2000//472 2040//512
f 1999//471 2040//512 2039//511
f 2000//472 2001//473 2041//513
f 2000//472 2041//513 2040//512
f 2001//473 2002//474 2042//514
f 2001//473 2042//514 2041//513
f 2002//474 2003//475 2043//515
f 2002//474 2043//515 2042//514
f 2003//475 2004//476 2044//516
f 2003//475 2044//516 2043//515
f 2004//476 2005//477 2045//517
f 2004//476 2045//517 2044//516
f 2005//477 2006//478 2046//518
f 2005//477 2046//518 2045//517
f 2006//478 2007//479 2047//519
f 2006//478 2047//519 2046//518
f 2007//479 2008//480 2048//520
f 2007//479 2048//520 2047//519
f 2008//480 2009//481 2049//521
f 2008//480 2049//521 2048//520
f 2009//481 1971//443 2011//483
f 2009//481 2011//483 2049//521
f 2011//483 2010//482 2050//522
f 2011//483 2050//522 2051//523
f 2010//482 2012//484 2052//524
f 2010//482 2052//524 2050//522
f 2012//484 2013//485 2053//525
f 2012//484 2053//525 2052//524
f 2013//485 2014//486 2054//526
f 2013//485 2054//526 2053//525
f 2014//486 2015//487 2055//527
f 2014//486 2055//527 2054//526
f 2015//487 2016//488 2056//528
f 2015//487 2056//528 2055//527
f 2016//488 2017//489 2057//529
f 2016//488 2057//529 2056//528
f 2017//489 2018//490 2058//530
f 2017//489 2058//530 2057//529
f 2018//490 2019//491 2059//531
f 2018//490 2059//531 2058//530
f 2019//491 2020//492 2060//532
f 2019//491 2060//532 2059//531
f 2020//492 2021//493 2061//533
f 2020//492 2061//533 2060//532
f 2021//493 2022//494 2062//534
f 2021//493 2062//534 2061//533
f 2022//494 2023//495 2063//535
f 2022//494 2063//535 2062//534
f 2023//495 2024//496 2064//536
f 2023//495 2064//536 2063//535
f 2024//496 2025//497 2065//537
f 2024//496 2065//537 2064//536
f 2025//497 2026//498 2066//538
f 2025//497 2066//538 2065//537
f 2026//498 2027//499 2067//539
f 2026//498 2067//539 2066//538
f 2027//499 2028//500 2068//540
f 2027//499 2068//540 2067//539
f 2028//500 2029//501 2069//541
f 2028//500 2069//541 2068//540
f 2029//501 2030//502 2070//542
f 2029//501 2070//542 2069//541
f 2030//502 2031//503 2071//543
f 2030//502 2071//543 2070//542
f 2031//503 2032//504 2072//544
f 2031//503 2072//544 2071//543
f 2032//504 2033//505 2073//545
f 2032//504 2073//545 2072//544
f 2033//505 2034//506 2074//546
f 2033//505 2074//546 2073//545
f 2034//506 2035//507 2075//547
f 2034//506 2075//547 2074//546
f 2035//507 2036//508 2076//548
f 2035//507 2076//548 2075//547
f 2036//508 2037//509 2077//549
f 2036//508 2077//549 2076//548
f 2037//509 2038//510 2078//550
f 2037//509 2078//550 2077//549
f 2038//510 2039//511 2079//551
f 2038//510 2079//551 2078//550
f 2039//511 2040//512 2080//552
f 2039//511 2080//552 2079//551
f 2040//512 2041//513 2081//553
f 2040//512 2081//553 2080//552
f 2041//513 2042//514 2082//554
f 2041//513 2082//554 2081//553
f 2042//514 2043//515 2083//555
f 2042//514 2083//555 2082//554
f 2043//515 2044//516 2084//556
f 2043//515 2084//556 2083//555
f 2044//516 2045//517 2085//557
f 2044//516 2085//557 2084//556
f 2045//517 2046//518 2086//558
f 2045//517 2086//558 2085//557
f 2046//518 2047//519 2087//559
f 2046//518 2087//559 2086//558
f 2047//519 2048//520 2088//560
f 2047//519 2088//560 2087//559
f 2048//520 2049//521 2089//561
f 2048//520 2089//561 2088//560
f 2049//521 2011//483 2051//523
f 2049//521 2051//523 2089//561
f 2051//523 2050//522 2090//562
f 2051//523 2090//562 2091//563
f 2050//522 2052//524 2092//564
f 2050//522 2092//564 2090//562
f 2052//524 2053//525 2093//565
f 2052//524 2093//565 2092//564
f 2053//525 2054//526 2094//566
f 2053//525 2094//566 2093//565
f 2054//526 2055//527 2095//567
f 2054//526 2095//567 2094//566
f 2055//527 2056//528 2096//568
f 2055//527 2096//568 2095//567
f 2056//528 2057//529 2097//569
f 2056//528 2097//569 2096//568
f 2057//529 2058//530 2098//570
f 2057//529 2098//570 2097//569
f 2058//530 2059//531 2099//571
f 2058//530 2099//571 2098//570
f 2059//531 2060//532 2100//572
f 2059//531 2100//572 2099//571
f 2060//532 2061//533 2101//573
f 2060//532 2101//573 2100//572
f 2061//533 2062//534 2102//574
f 2061//533 2102//574 2101//573
f 2062//534 2063//535 2103//575
f 2062//534 2103//575 2102//574
f 2063//535 2064//536 2104//576
f 2063//535 2104//576 2103//575
f 2064//536 2065//537 2105//577
f 2064//536 2105//577 2104//576
f 2065//537 2066//538 2106//578
f 2065//537 2106//578 2105//577
f 2066//538 2067//539 2107//579
f 2066//538 2107//579 2106//578
f 2067//539 2068//540 2108//580
f 2067//539 2108//580 2107//579
f 2068//540 2069//541 2109//581
f 2068//540 2109//581 2108//580
f 2069//541 2070//542 2110//582
f 2069//541 2110//582 2109//581
f 2070//542 2071//543 2111//583
f 2070//542 2111//583 2110//582
f 2071//543 2072//544 2112//584
f 2071//543 2112//584 2111//583
f 2072//544 2073//545 2113//585
f 2072//544 2113//585 2112//584
f 2073//545 2074//546 2114//586
f 2073//545 2114//586 2113//585
f 2074//546 2075//547 2115//587
f 2074//546 2115//587 2114//586
f 2075//547 2076//548 2116//588
f 2075//547 2116//588 2115//587
f 2076//548 2077//549 2117//589
f 2076//548 2117//589 2116//588
f 2077//549 2078//550 2118//590
f 2077//549 2118//590 2117//589
f 2078//550 2079//551 2119//591
f 2078//550 2119//591 2118//590
f 2079//551 2080//552 2120//592
f 2079//551 2120//592 2119//591
f 2080//552 2081//553 2121//593
f 2080//552 2121//593 2120//592
f 2081//553 2082//554 2122//594
f 2081//553 2122//594 2121//593
f 2082//554 2083//555 2123//595
f 2082//554 2123//595 2122//594
f 2083//555 2084//556 2124//596
f 2083//555 2124//596 2123//595
f 2084//556 2085//557 2125//597
f 2084//556 2125//597 2124//596
f 2085//557 2086//558 2126//598
f 2085//557 2126//598 2125//597
f 2086//558 2087//559 2127//599
f 2086//558 2127//599 2126//598
f 2087//559 2088//560 2128//600
f 2087//559 2128//600 2127//599
f 2088//560 2089//561 2129//601
f 2088//560 2129//601 2128//600
f 2089//561 2051//523 2091//563
f 2089//561 2091//563 2129//601
f 2091//563 2090//562 2130//602
f 2091//563 2130//602 2131//603
f 2090//562 2092//564 2132//604
f 2090//562 2132//604 2130//602
f 2092//564 2093//565 2133//605
f 2092//564 2133//605 2132//604
f 2093//565 2094//566 2134//606
f 2093//565 2134//606 2133//605
f 2094//566 2095//567 2135//607
f 2094//566 2135//607 2134//606
f 2095//567 2096//568 2136//608
f 2095//567 2136//608 2135//607
f 2096//568 2097//569 2137//609
f 2096//568 2137//609 2136//608
f 2097//569 2098//570 2138//610
f 2097//569 2138//610 2137//609
f 2098//570 2099//571 2139//611
f 2098//570 2139//611 2138//610
f 2099//571 2100//572 2140//612
f 2099//571 2140//612 2139//611
f 2100//572 2101//573 2141//613
f 2100//572 2141//613 2140//612
f 2101//573 2102//574 2142//614
f 2101//573 2142//614 2141//613
f 2102//574 2103//575 2143//615
f 2102//574 2143//615 2142//614
f 2103//575 2104//576 2144//616
f 2103//575 2144//616 2143//615
f 2104//576 2105//577 2145//617
f 2104//576 2145//617 2144//616
f 2105//577 2106//578 2146//618
f 2105//577 2146//618 2145//617
f 2106//578 2107//579 2147//619
f 2106//578 2147//619 2146//618
f 2107//579 2108//580 2148//620
f 2107//579 2148//620 2147//619
f 2108//580 2109//581 2149//621
f 2108//580 2149//621 2148//620
f 2109//581 2110//582 2150//622
f 2109//581 2150//622 2149//621
f 2110//582 2111//583 2151//623
f 2110//582 2151//623 2150//622
f 2111//583 2112//584 2152//624
f 2111//583 2152//624 2151//623
f 2112//584 2113//585 2153//625
f 2112//584 2153//625 2152//624
f 2113//585 2114//586 2154//626
f 2113//585 2154//626 2153//625
f 2114//586 2115//587 2155//627
f 2114//586 2155//627 2154//626
f 2115//587 2116//588 2156//628
f 2115//587 2156//628 2155//627
f 2116//588 2117//589 2157//629
f 2116//588 2157//629 2156//628
f 2117//589 2118//590 2158//630
f 2117//589 2158//630 2157//629
f 2118//590 2119//591 2159//631
f 2118//590 2159//631 2158//630
f 2119//591 2120//592 2160//632
f 2119//591 2160//632 2159//631
f 2120//592 2121//593 2161//633
f 2120//592 2161//633 2160//632
f 2121//593 2122//594 2162//634
f 2121//593 2162//634 2161//633
f 2122//594 2123//595 2163//635
f 2122//594 2163//635 2162//634
f 2123//595 2124//596 2164//636
f 2123//595 2164//636 2163//635
f 2124//596 2125//597 2165//637
f 2124//596 2165//637 2164//636
f 2125//597 2126//598 2166//638
f 2125//597 2166//638 2165//637
f 2126//598 2127//599 2167//639
f 2126//598 2167//639 2166//638
f 2127//599 2128//600 2168//640
f 2127//599 2168//640 2167//639
f 2128//600 2129//601 2169//641
f 2128//600 2169//641 2168//640
f 2129//601 2091//563 2131//603
f 2129//601 2131//603 2169//641
f 2131//603 2130//602 2170//642
f 2131//603 2170//642 2171//643
f 2130//602 2132//604 2172//644
f 2130//602 2172//644 2170//642
f 2132//604 2133//605 2173//645
f 2132//604 2173//645 2172//644
f 2133//605 2134//606 2174//646
f 2133//605 2174//646 2173//645
f 2134//606 2135//607 2175//647
f 2134//606 2175//647 2174//646
f 2135//607 2136//608 2176//648
f 2135//607 2176//648 2175//647
f 2136//608 2137//609 2177//649
f 2136//608 2177//649 2176//648
f 2137//609 2138//610 2178//650
f 2137//609 2178//650 2177//649
f 2138//610 2139//611 2179//651
f 2138//610 2179//651 2178//650
f 2139//611 2140//612 2180//652
f 2139//611 2180//652 2179//651
f 2140//612 2141//613 2181//653
f 2140//612 2181//653 2180//652
f 2141//613 2142//614 2182//654
f 2141//613 2182//654 2181//653
f 2142//614 2143//615 2183//655
f 2142//614 2183//655 2182//654
f 2143//615 2144//616 2184//656
f 2143//615 2184//656 2183//655
f 2144//616 2145//617 2185//657
f 2144//616 2185//657 2184//656
f 2145//617 2146//618 2186//658
f 2145//617 2186//658 2185//657
f 2146//618 2147//619 2187//659
f 2146//618 2187//659 2186//658
f 2147//619 2148//620 2188//660
f 2147//619 2188//660 2187//659
f 2148//620 2149//621 2189//661
f 2148//620 2189//661 2188//660
f 2149//621 2150//622 2190//662
f 2149//621 2190//662 2189//661
f 2150//622 2151//623 2191//663
f 2150//622 2191//663 2190//662
f 2151//623 2152//624 2192//664
f 2151//623 2192//664 2191//663
f 2152//624 2153//625 2193//665
f 2152//624 2193//665 2192//664
f 2153//625 2154//626 2194//666
f 2153//625 2194//666 2193//665
f 2154//626 2155//627 2195//667
f 2154//626 2195//667 2194//666
f 2155//627 2156//628 2196//668
f 2155//627 2196//668 2195//667
f 2156//628 2157//629 2197//669
f 2156//628 2197//669 2196//668
f 2157//629 2158//630 2198//670
f 2157//629 2198//670 2197//669
f 2158//630 2159//631 2199//671
f 2158//630 2199//671 2198//670
f 2159//631 2160//632 2200//672
f 2159//631 2200//672 2199//671
f 2160//632 2161//633 2201//673
f 2160//632 2201//673 2200//672
f 2161//633 2162//634 2202//674
f 2161//633 2202//674 2201//673
f 2162//634 2163//635 2203//675
f 2162//634 2203//675 2202//674
f 2163//635 2164//636 2204//676
f 2163//635 2204//676 2203//675
f 2164//636 2165//637 2205//677
f 2164//636 2205//677 2204//676
f 2165//637 2166//638 2206//678
f 2165//637 2206//678 2205//677
f 2166//638 2167//639 2207//679
f 2166//638 2207//679 2206//678
f 2167//639 2168//640 2208//680
f 2167//639 2208//680 2207//679
f 2168//640 2169//641 2209//681
f 2168//640 2209//681 2208//680
f 2169//641 2131//603 2171//643
f 2169//641 2171//643 2209//681
f 2171//643 2170//642 2210//682
f 2171//643 2210//682 2211//683
f 2170//642 2172//644 2212//684
f 2170//642 2212//684 2210//682
f 2172//644 2173//645 2213//685
f 2172//644 2213//685 2212//684
f 2173//645 2174//646 2214//686
f 2173//645 2214//686 2213//685
f 2174//646 2175//647 2215//687
f 2174//646 2215//687 2214//686
f 2175//647 2176//648 2216//688
f 2175//647 2216//688 2215//687
f 2176//648 2177//649 2217//689
f 2176//648 2217//689 2216//688
f 2177//649 2178//650 2218//690
f 2177//649 2218//690 2217//689
f 2178//650 2179//651 2219//691
f 2178//650 2219//691 2218//690
f 2179//651 2180//652 2220//692
f 2179//651 2220//692 2219//691
f 2180//652 2181//653 2221//693
f 2180//652 2221//693 2220//692
f 2181//653 2182//654 2222//694
f 2181//653 2222//694 2221//693
f 2182//654 2183//655 2223//695
f 2182//654 2223//695 2222//694
f 2183//655 2184//656 2224//696
f 2183//655 2224//696 2223//695
f 2184//656 2185//657 2225//697
f 2184//656 2225//697 2224//696
f 2185//657 2186//658 2226//698
f 2185//657 2226//698 2225//697
f 2186//658 2187//659 2227//699
f 2186//658 2227//699 2226//698
f 2187//659 2188//660 2228//700
f 2187//659 2228//700 2227//699
f 2188//660 2189//661 2229//701
f 2188//660 2229//701 2228//700
f 2189//661 2190//662 2230//702
f 2189//661 2230//702 2229//701
f 2190//662 2191//663 2231//703
f 2190//662 2231//703 2230//702
f 2191//663 2192//664 2232//704
f 2191//663 2232//704 2231//703
f 2192//664 2193//665 2233//705
f 2192//664 2233//705 2232//704
f 2193//665 2194//666 2234//706
f 2193//665 2234//706 2233//705
f 2194//666 2195//667 2235//707
f 2194//666 2235//707 2234//706
f 2195//667 2196//668 2236//708
f 2195//667 2236//708 2235//707
f 2196//668 2197//669 2237//709
f 2196//668 2237//709 2236//708
f 2197//669 2198//670 2238//710
f 2197//669 2238//710 2237//709
f 2198//670 2199//671 2239//711
f 2198//670 2239//711 2238//710
f 2199//671 2200//672 2240//712
f 2199//671 2240//712 2239//711
f 2200//672 2201//673 2241//713
f 2200//672 2241//713 2240//712
f 2201//673 2202//674 2242//714
f 2201//673 2242//714 2241//713
f 2202//674 2203//675 2243//715
f 2202//674 2243//715 2242//714
f 2203//675 2204//676 2244//716
f 2203//675 2244//716 2243//715
f 2204//676 2205//677 2245//717
f 2204//676 2245//717 2244//716
f 2205//677 2206//678 2246//718
f 2205//677 2246//718 2245//717
f 2206//678 2207//679 2247//719
f 2206//678 2247//719 2246//718
f 2207//679 2208//680 2248//720
f 2207//679 2248//720 2247//719
f 2208//680 2209//681 2249//721
f 2208//680 2249//721 2248//720
f 2209//681 2171//643 2211//683
f 2209//681 2211//683 2249//721
f 2211//683 2210//682 2250//722
f 2211//683 2250//722 2251//723
f 2210//682 2212//684 2252//724
f 2210//682 2252//724 2250//722
f 2212//684 2213//685 2253//725
f 2212//684 2253//725 2252//724
f 2213//685 2214//686 2254//726
f 2213//685 2254//726 2253//725
f 2214//686 2215//687 2255//727
f 2214//686 2255//727 2254//726
f 2215//687 2216//688 2256//728
f 2215//687 2256//728 2255//727
f 2216//688 2217//689 2257//729
f 2216//688 2257//729 2256//728
f 2217//689 2218//690 2258//730
f 2217//689 2258//730 2257//729
f 2218//690 2219//691 2259//731
f 2218//690 2259//731 2258//730
f 2219//691 2220//692 2260//732
f 2219//691 2260//732 2259//731
f 2220//692 2221//693 2261//733
f 2220//692 2261//733 2260//732
f 2221//693 2222//694 2262//734
f 2221//693 2262//734 2261//733
f 2222//694 2223//695 2263//735
f 2222//694 2263//735 2262//734
f 2223//695 2224//696 2264//736
f 2223//695 2264//736 2263//735
f 2224//696 2225//697 2265//737
f 2224//696 2265//737 2264//736
f 2225//697 2226//698 2266//738
f 2225//697 2266//738 2265//737
f 2226//698 2227//699 2267//739
f 2226//698 2267//739 2266//738
f 2227//699 2228//700 2268//740
f 2227//699 2268//740 2267//739
f 2228//700 2229//701 2269//741
f 2228//700 2269//741 2268//740
f 2229//701 2230//702 2270//742
f 2229//701 2270//742 2269//741
f 2230//702 2231//703 2271//743
f 2230//702 2271//743 2270//742
f 2231//703 2232//704 2272//744
f 2231//703 2272//744 2271//743
f 2232//704 2233//705 2273//745
f 2232//704 2273//745 2272//744
f 2233//705 2234//706 2274//746
f 2233//705 2274//746 2273//745
f 2234//706 2235//707 2275//747
f 2234//706 2275//747 2274//746
f 2235//707 2236//708 2276//748
f 2235//707 2276//748 2275//747
f 2236//708 2237//709 2277//749
f 2236//708 2277//749 2276//748
f 2237//709 2238//710 2278//750
f 2237//709 2278//750 2277//749
f 2238//710 2239//711 2279//751
f 2238//710 2279//751 2278//750
f 2239//711 2240//712 2280//752
f 2239//711 2280//752 2279//751
f 2240//712 2241//713 2281//753
f 2240//712 2281//753 2280//752
f 2241//713 2242//714 2282//754
f 2241//713 2282//754 2281//753
f 2242//714 2243//715 2283//755
f 2242//714 2283//755 2282//754
f 2243//715 2244//716 2284//756
f 2243//715 2284//756 2283//755
f 2244//716 2245//717 2285//757
f 2244//716 2285//757 2284//756
f 2245//717 2246//718 2286//758
f 2245//717 2286//758 2285//757
f 2246//718 2247//719 2287//759
f 2246//718 2287//759 2286//758
f 2247//719 2248//720 2288//760
f 2247//719 2288//760 2287//759
f 2248//720 2249//721 2289//761
f 2248//720 2289//761 2288//760
f 2249//721 2211//683 2251//723
f 2249//721 2251//723 2289//761
f 2251//723 2250//722 2290//762
f 2250//722 2252//724 2290//762
f 2252//724 2253//725 2290//762
f 2253//725 2254//726 2290//762
f 2254//726 2255//727 2290//762
f 2255//727 2256//728 2290//762
f 2256//728 2257//729 2290//762
f 2257//729 2258//730 2290//762
f 2258//730 2259//731 2290//762
f 2259//731 2260//732 2290//762
f 2260//732 2261//733 2290//762
f 2261//733 2262//734 2290//762
f 2262//734 2263//735 2290//762
f 2263//735 2264//736 2290//762
f 2264//736 2265//737 2290//762
f 2265//737 2266//738 2290//762
f 2266//738 2267//739 2290//762
f 2267//739 2268//740 2290//762
f 2268//740 2269//741 2290//762
f 2269//741 2270//742 2290//762
f 2270//742 2271//743 2290//762
f 2271//743 2272//744 2290//762
f 2272//744 2273//745 2290//762
f 2273//745 2274//746 2290//762
f 2274//746 2275//747 2290//762
f 2275//747 2276//748 2290//762
f 2276//748 2277//749 2290//762
f 2277//749 2278//750 2290//762
f 2278//750 2279//751 2290//762
f 2279//751 2280//752 2290//762
f 2280//752 2281//753 2290//762
f 2281//753 2282//754 2290//762
f 2282//754 2283//755 2290//762
f 2283//755 2284//756 2290//762
f 2284//756 2285//757 2290//762
f 2285//757 2286//758 2290//762
f 2286//758 2287//759 2290//762
f 2287//759 2288//760 2290//762
f 2288//760 2289//761 2290//762
f 2289//761 2251//723 2290//762
usemtl gold3
f 2291//1 2292//2 2293//3
f 2291//1 2294//4 2292//2
f 2291//1 2295//5 2294//4
f 2291//1 2296//6 2295//5
f 2291//1 2297//7 2296//6
f 2291//1 2298//8 2297//7
f 2291//1 2299//9 2298//8
f 2291//1 2300//10 2299//9
f 2291//1 2301//11 2300//10
f 2291//1 2302//12 2301//11
f 2291//1 2303//13 2302//12
f 2291//1 2304//14 2303//13
f 2291//1 2305//15 2304//14
f 2291//1 2306//16 2305//15
f 2291//1 2307//17 2306//16
f 2291//1 2308//18 2307//17
f 2291//1 2309//19 2308//18
f 2291//1 2310//20 2309//19
f 2291//1 2311//21 2310//20
f 2291//1 2312//22 2311//21
f 2291//1 2313//23 2312//22
f 2291//1 2314//24 2313//23
f 2291//1 2315//25 2314//24
f 2291//1 2316//26 2315//25
f 2291//1 2317//27 2316//26
f 2291//1 2318//28 2317//27
f 2291//1 2319//29 2318//28
f 2291//1 2320//30 2319//29
f 2291//1 2321//31 2320//30
f 2291//1 2322//32 2321//31
f 2291//1 2323//33 2322//32
f 2291//1 2324//34 2323//33
f 2291//1 2325//35 2324//34
f 2291//1 2326//36 2325//35
f 2291//1 2327//37 2326//36
f 2291//1 2328//38 2327//37
f 2291//1 2329//39 2328//38
f 2291//1 2330//40 2329//39
f 2291//1 2331//41 2330//40
f 2291//1 2293//3 2331//41
f 2293//3 2292//2 2332//42
f 2293//3 2332//42 2333//43
f 2292//2 2294//4 2334//44
f 2292//2 2334//44 2332//42
f 2294//4 2295//5 2335//45
f 2294//4 2335//45 2334//44
f 2295//5 2296//6 2336//46
f 2295//5 2336//46 2335//45
f 2296//6 2297//7 2337//47
f 2296//6 2337//47 2336//46
f 2297//7 2298//8 2338//48
f 2297//7 2338//48 2337//47
f 2298//8 2299//9 2339//49
f 2298//8 2339//49 2338//48
f 2299//9 2300//10 2340//50
f 2299//9 2340//50 2339//49
f 2300//10 2301//11 2341//51
f 2300//10 2341//51 2340//50
f 2301//11 2302//12 2342//52
f 2301//11 2342//52 2341//51
f 2302//12 2303//13 2343//53
f 2302//12 2343//53 2342//52
f 2303//13 2304//14 2344//54
f 2303//13 2344//54 2343//53
f 2304//14 2305//15 2345//55
f 2304//14 2345//55 2344//54
f 2305//15 2306//16 2346//56
f 2305//15 2346//56 2345//55
f 2306//16 2307//17 2347//57
f 2306//16 2347//57 2346//56
f 2307//17 2308//18 2348//58
f 2307//17 2348//58 2347//57
f 2308//18 2309//19 2349//59
f 2308//18 2349//59 2348//58
f 2309//19 2310//20 2350//60
f 2309//19 2350//60 2349//59
f 2310//20 2311//21 2351//61
f 2310//20 2351//61 2350//60
f 2311//21 2312//22 2352//62
f 2311//21 2352//62 2351//61
f 2312//22 2313//23 2353//63
f 2312//22 2353//63 2352//62
f 2313//23 2314//24 2354//64
f 2313//23 2354//64 2353//63
f 2314//24 2315//25 2355//65
f 2314//24 2355//65 2354//64
f 2315//25 2316//26 2356//66
f 2315//25 2356//66 2355//65
f 2316//26 2317//27 2357//67
f 2316//26 2357//67 2356//66
f 2317//27 2318//28 2358//68
f 2317//27 2358//68 2357//67
f 2318//28 2319//29 2359//69
f 2318//28 2359//69 2358//68
f 2319//29 2320//30 2360//70
f 2319//29 2360//70 2359//69
f 2320//30 2321//31 2361//71
f 2320//30 2361//71 2360//70
f 2321//31 2322//32 2362//72
f 2321//31 2362//72 2361//71
f 2322//32 2323//33 2363//73
f 2322//32 2363//73 2362//72
f 2323//33 2324//34 2364//74
f 2323//33 2364//74 2363//73
f 2324//34 2325//35 2365//75
f 2324//34 2365//75 2364//74
f 2325//35 2326//36 2366//76
f 2325//35 2366//76 2365//75
f 2326//36 2327//37 2367//77
f 2326//36 2367//77 2366//76
f 2327//37 2328//38 2368//78
f 2327//37 2368//78 2367//77
f 2328//38 2329//39 2369//79
f 2328//38 2369//79 2368//78
f 2329//39 2330//40 2370//80
f 2329//39 2370//80 2369//79
f 2330//40 2331//41 2371//81
f 2330//40 2371//81 2370//80
f 2331//41 2293//3 2333//43
f 2331//41 2333//43 2371//81
f 2333//43 2332//42 2372//82
f 2333//43 2372//82 2373//83
f 2332//42 2334//44 2374//84
f 2332//42 2374//84 2372//82
f 2334//44 2335//45 2375//85
f 2334//44 2375//85 2374//84
f 2335//45 2336//46 2376//86
f 2335//45 2376//86 2375//85
f 2336//46 2337//47 2377//87
f 2336//46 2377//87 2376//86
f 2337//47 2338//48 2378//88
f 2337//47 2378//88 2377//87
f 2338//48 2339//49 2379//89
f 2338//48 2379//89 2378//88
f 2339//49 2340//50 2380//90
f 2339//49 2380//90 2379//89
f 2340//50 2341//51 2381//91
f 2340//50 2381//91 2380//90
f 2341//51 2342//52 2382//92
f 2341//51 2382//92 2381//91
f 2342//52 2343//53 2383//93
f 2342//52 2383//93 2382//92
f 2343//53 2344//54 2384//94
f 2343//53 2384//94 2383//93
f 2344//54 2345//55 2385//95
f 2344//54 2385//95 2384//94
f 2345//55 2346//56 2386//96
f 2345//55 2386//96 2385//95
f 2346//56 2347//57 2387//97
f 2346//56 2387//97 2386//96
f 2347//57 2348//58 2388//98
f 2347//57 2388//98 2387//97
f 2348//58 2349//59 2389//99
f 2348//58 2389//99 2388//98
f 2349//59 2350//60 2390//100
f 2349//59 2390//100 2389//99
f 2350//60 2351//61 2391//101
f 2350//60 2391//101 2390//100
f 2351//61 2352//62 2392//102
f 2351//61 2392//102 2391//101
f 2352//62 2353//63 2393//103
f 2352//62 2393//103 2392//102
f 2353//63 2354//64 2394//104
f 2353//63 2394//104 2393//103
f 2354//64 2355//65 2395//105
f 2354//64 2395//105 2394//104
f 2355//65 2356//66 2396//106
f 2355//65 2396//106 2395//105
f 2356//66 2357//67 2397//107
f 2356//66 2397//107 2396//106
f 2357//67 2358//68 2398//108
f 2357//67 2398//108 2397//107
f 2358//68 2359//69 2399//109
f 2358//68 2399//109 2398//108
f 2359//69 2360//70 2400//110
f 2359//69 2400//110 2399//109
f 2360//70 2361//71 2401//111
f 2360//70 2401//111 2400//110
f 2361//71 2362//72 2402//112
f 2361//71 2402//112 2401//111
f 2362//72 2363//73 2403//113
f 2362//72 2403//113 2402//112
f 2363//73 2364//74 2404//114
f 2363//73 2404//114 2403//113
f 2364//74 2365//75 2405//115
f 2364//74 2405//115 2404//114
f 2365//75 2366//76 2406//116
f 2365//75 2406//116 2405//115
f 2366//76 2367//77 2407//117
f 2366//76 2407//117 2406//116
f 2367//77 2368//78 2408//118
f 2367//77 2408//118 2407//117
f 2368//78 2369//79 2409//119
f 2368//78 2409//119 2408//118
f 2369//79 2370//80 2410//120
f 2369//79 2410//120 2409//119
f 2370//80 2371//81 2411//121
f 2370//80 2411//121 2410//120
f 2371//81 2333//43 2373//83
f 2371//81 2373//83 2411//121
f 2373//83 2372//82 2412//122
f 2373//83 2412//122 2413//123
f 2372//82 2374//84 2414//124
f 2372//82 2414//124 2412//122
f 2374//84 2375//85 2415//125
f 2374//84 2415//125 2414//124
f 2375//85 2376//86 2416//126
f 2375//85 2416//126 2415//125
f 2376//86 2377//87 2417//127
f 2376//86 2417//127 2416//126
f 2377//87 2378//88 2418//128
f 2377//87 2418//128 2417//127
f 2378//88 2379//89 2419//129
f 2378//88 2419//129 2418//128
f 2379//89 2380//90 2420//130
f 2379//89 2420//130 2419//129
f 2380//90 2381//91 2421//131
f 2380//90 2421//131 2420//130
f 2381//91 2382//92 2422//132
f 2381//91 2422//132 2421//131
f 2382//92 2383//93 2423//133
f 2382//92 2423//133 2422//132
f 2383//93 2384//94 2424//134
f 2383//93 2424//134 2423//133
f 2384//94 2385//95 2425//135
f 2384//94 2425//135 2424//134
f 2385//95 2386//96 2426//136
f 2385//95 2426//136 2425//135
f 2386//96 2387//97 2427//137
f 2386//96 2427//137 2426//136
f 2387//97 2388//98 2428//138
f 2387//97 2428//138 2427//137
f 2388//98 2389//99 2429//139
f 2388//98 2429//139 2428//138
f 2389//99 2390//100 2430//140
f 2389//99 2430//140 2429//139
f 2390//100 2391//101 2431//141
f 2390//100 2431//141 2430//140
f 2391//101 2392//102 2432//142
f 2391//101 2432//142 2431//141
f 2392//102 2393//103 2433//143
f 2392//102 2433//143 2432//142
f 2393//103 2394//104 2434//144
f 2393//103 2434//144 2433//143
f 2394//104 2395//105 2435//145
f 2394//104 2435//145 2434//144
f 2395//105 2396//106 2436//146
f 2395//105 2436//146 2435//145
f 2396//106 2397//107 2437//147
f 2396//106 2437//147 2436//146
f 2397//107 2398//108 2438//148
f 2397//107 2438//148 2437//147
f 2398//108 2399//109 2439//149
f 2398//108 2439//149 2438//148
f 2399//109 2400//110 2440//150
f 2399//109 2440//150 2439//149
f 2400//110 2401//111 2441//151
f 2400//110 2441//151 2440//150
f 2401//111 2402//112 2442//152
f 2401//111 2442//152 2441//151
f 2402//112 2403//113 2443//153
f 2402//112 2443//153 2442//152
f 2403//113 2404//114 2444//154
f 2403//113 2444//154 2443//153
f 2404//114 2405//115 2445//155
f 2404//114 2445//155 2444//154
f 2405//115 2406//116 2446//156
f 2405//115 2446//156 2445//155
f 2406//116 2407//117 2447//157
f 2406//116 2447//157 2446//156
f 2407//117 2408//118 2448//158
f 2407//117 2448//158 2447//157
f 2408//118 2409//119 2449//159
f 2408//118 2449//159 2448//158
f 2409//119 2410//120 2450//160
f 2409//119 2450//160 2449//159
f 2410//120 2411//121 2451//161
f 2410//120 2451//161 2450//160
f 2411//121 2373//83 2413//123
f 2411//121 2413//123 2451//161
f 2413//123 2412//122 2452//162
f 2413//123 2452//162 2453//163
f 2412//122 2414//124 2454//164
f 2412//122 2454//164 2452//162
f 2414//124 2415//125 2455//165
f 2414//124 2455//165 2454//164
f 2415//125 2416//126 2456//166
f 2415//125 2456//166 2455//165
f 2416//126 2417//127 2457//167
f 2416//126 2457//167 2456//166
f 2417//127 2418//128 2458//168
f 2417//127 2458//168 2457//167
f 2418//128 2419//129 2459//169
f 2418//128 2459//169 2458//168
f 2419//129 2420//130 2460//170
f 2419//129 2460//170 2459//169
f 2420//130 2421//131 2461//171
f 2420//130 2461//171 2460//170
f 2421//131 2422//132 2462//172
f 2421//131 2462//172 2461//171
f 2422//132 2423//133 2463//173
f 2422//132 2463//173 2462//172
f 2423//133 2424//134 2464//174
f 2423//133 2464//174 2463//173
f 2424//134 2425//135 2465//175
f 2424//134 2465//175 2464//174
f 2425//135 2426//136 2466//176
f 2425//135 2466//176 2465//175
f 2426//136 2427//137 2467//177
f 2426//136 2467//177 2466//176
f 2427//137 2428//138 2468//178
f 2427//137 2468//178 2467//177
f 2428//138 2429//139 2469//179
f 2428//138 2469//179 2468//178
f 2429//139 2430//140 2470//180
f 2429//139 2470//180 2469//179
f 2430//140 2431//141 2471//181
f 2430//140 2471//181 2470//180
f 2431//141 2432//142 2472//182
f 2431//141 2472//182 2471//181
f 2432//142 2433//143 2473//183
f 2432//142 2473//183 2472//182
f 2433//143 2434//144 2474//184
f 2433//143 2474//184 2473//183
f 2434//144 2435//145 2475//185
f 2434//144 2475//185 2474//184
f 2435//145 2436//146 2476//186
f 2435//145 2476//186 2475//185
f 2436//146 2437//147 2477//187
f 2436//146 2477//187 2476//186
f 2437//147 2438//148 2478//188
f 2437//147 2478//188 2477//187
f 2438//148 2439//149 2479//189
f 2438//148 2479//189 2478//188
f 2439//149 2440//150 2480//190
f 2439//149 2480//190 2479//189
f 2440//150 2441//151 2481//191
f 2440//150 2481//191 2480//190
f 2441//151 2442//152 2482//192
f 2441//151 2482//192 2481//191
f 2442//152 2443//153 2483//193
f 2442//152 2483//193 2482//192
f 2443//153 2444//154 2484//194
f 2443//153 2484//194 2483//193
f 2444//154 2445//155 2485//195
f 2444//154 2485//195 2484//194
f 2445//155 2446//156 2486//196
f 2445//155 2486//196 2485//195
f 2446//156 2447//157 2487//197
f 2446//156 2487//197 2486//196
f 2447//157 2448//158 2488//198
f 2447//157 2488//198 2487//197
f 2448//158 2449//159 2489//199
f 2448//158 2489//199 2488//198
f 2449//159 2450//160 2490//200
f 2449//159 2490//200 2489//199
f 2450//160 2451//161 2491//201
f 2450//160 2491//201 2490//200
f 2451//161 2413//123 2453//163
f 2451//161 2453//163 2491//201
f 2453//163 2452//162 2492//202
f 2453//163 2492//202 2493//203
f 2452//162 2454//164 2494//204
f 2452//162 2494//204 2492//202
f 2454//164 2455//165 2495//205
f 2454//164 2495//205 2494//204
f 2455//165 2456//166 2496//206
f 2455//165 2496//206 2495//205
f 2456//166 2457//167 2497//207
f 2456//166 2497//207 2496//206
f 2457//167 2458//168 2498//208
f 2457//167 2498//208 2497//207
f 2458//168 2459//169 2499//209
f 2458//168 2499//209 2498//208
f 2459//169 2460//170 2500//210
f 2459//169 2500//210 2499//209
f 2460//170 2461//171 2501//211
f 2460//170 2501//211 2500//210
f 2461//171 2462//172 2502//212
f 2461//171 2502//212 2501//211
f 2462//172 2463//173 2503//213
f 2462//172 2503//213 2502//212
f 2463//173 2464//174 2504//214
f 2463//173 2504//214 2503//213
f 2464//174 2465//175 2505//215
f 2464//174 2505//215 2504//214
f 2465//175 2466//176 2506//216
f 2465//175 2506//216 2505//215
f 2466//176 2467//177 2507//217
f 2466//176 2507//217 2506//216
f 2467//177 2468//178 2508//218
f 2467//177 2508//218 2507//217
f 2468//178 2469//179 2509//219
f 2468//178 2509//219 2508//218
f 2469//179 2470//180 2510//220
f 2469//179 2510//220 2509//219
f 2470//180 2471//181 2511//221
f 2470//180 2511//221 2510//220
f 2471//181 2472//182 2512//222
f 2471//181 2512//222 2511//221
f 2472//182 2473//183 2513//223
f 2472//182 2513//223 2512//222
f 2473//183 2474//184 2514//224
f 2473//183 2514//224 2513//223
f 2474//184 2475//185 2515//225
f 2474//184 2515//225 2514//224
f 2475//185 2476//186 2516//226
f 2475//185 2516//226 2515//225
f 2476//186 2477//187 2517//227
f 2476//186 2517//227 2516//226
f 2477//187 2478//188 2518//228
f 2477//187 2518//228 2517//227
f 2478//188 2479//189 2519//229
f 2478//188 2519//229 2518//228
f 2479//189 2480//190 2520//230
f 2479//189 2520//230 2519//229
f 2480//190 2481//191 2521//231
f 2480//190 2521//231 2520//230
f 2481//191 2482//192 2522//232
f 2481//191 2522//232 2521//231
f 2482//192 2483//193 2523//233
f 2482//192 2523//233 2522//232
f 2483//193 2484//194 2524//234
f 2483//193 2524//234 2523//233
f 2484//194 2485//195 2525//235
f 2484//194 2525//235 2524//234
f 2485//195 2486//196 2526//236
f 2485//195 2526//236 2525//235
f 2486//196 2487//197 2527//237
f 2486//196 2527//237 2526//236
f 2487//197 2488//198 2528//238
f 2487//197 2528//238 2527//237
f 2488//198 2489//199 2529//239
f 2488//198 2529//239 2528//238
f 2489//199 2490//200 2530//240
f 2489//199 2530//240 2529//239
f 2490//200 2491//201 2531//241
f 2490//200 2531//241 2530//240
f 2491//201 2453//163 2493//203
f 2491//201 2493//203 2531//241
f 2493//203 2492//202 2532//242
f 2493//203 2532//242 2533//243
f 2492//202 2494//204 2534//244
f 2492//202 2534//244 2532//242
f 2494//204 2495//205 2535//245
f 2494//204 2535//245 2534//244
f 2495//205 2496//206 2536//246
f 2495//205 2536//246 2535//245
f 2496//206 2497//207 2537//247
f 2496//206 2537//247 2536//246
f 2497//207 2498//208 2538//248
f 2497//207 2538//248 2537//247
f 2498//208 2499//209 2539//249
f 2498//208 2539//249 2538//248
f 2499//209 2500//210 2540//250
f 2499//209 2540//250 2539//249
f 2500//210 2501//211 2541//251
f 2500//210 2541//251 2540//250
f 2501//211 2502//212 2542//252
f 2501//211 2542//252 2541//251
f 2502//212 2503//213 2543//253
f 2502//212 2543//253 2542//252
f 2503//213 2504//214 2544//254
f 2503//213 2544//254 2543//253
f 2504//214 2505//215 2545//255
f 2504//214 2545//255 2544//254
f 2505//215 2506//216 2546//256
f 2505//215 2546//256 2545//255
f 2506//216 2507//217 2547//257
f 2506//216 2547//257 2546//256
f 2507//217 2508//218 2548//258
f 2507//217 2548//258 2547//257
f 2508//218 2509//219 2549//259
f 2508//218 2549//259 2548//258
f 2509//219 2510//220 2550//260
f 2509//219 2550//260 2549//259
f 2510//220 2511//221 2551//261
f 2510//220 2551//261 2550//260
f 2511//221 2512//222 2552//262
f 2511//221 2552//262 2551//261
f 2512//222 2513//223 2553//263
f 2512//222 2553//263 2552//262
f 2513//223 2514//224 2554//264
f 2513//223 2554//264 2553//263
f 2514//224 2515//225 2555//265
f 2514//224 2555//265 2554//264
f 2515//225 2516//226 2556//266
f 2515//225 2556//266 2555//265
f 2516//226 2517//227 2557//267
f 2516//226 2557//267 2556//266
f 2517//227 2518//228 2558//268
f 2517//227 2558//268 2557//267
f 2518//228 2519//229 2559//269
f 2518//228 2559//269 2558//268
f 2519//229 2520//230 2560//270
f 2519//229 2560//270 2559//269
f 2520//230 2521//231 2561//271
f 2520//230 2561//271 2560//270
f 2521//231 2522//232 2562//272
f 2521//231 2562//272 2561//271
f 2522//232 2523//233 2563//273
f 2522//232 2563//273 2562//272
f 2523//233 2524//234 2564//274
f 2523//233 2564//274 2563//273
f 2524//234 2525//235 2565//275
f 2524//234 2565//275 2564//274
f 2525//235 2526//236 2566//276
f 2525//235 2566//276 2565//275
f 2526//236 2527//237 2567//277
f 2526//236 2567//277 2566//276
f 2527//237 2528//238 2568//278
f 2527//237 2568//278 2567//277
f 2528//238 2529//239 2569//279
f 2528//238 2569//279 2568//278
f 2529//239 2530//240 2570//280
f 2529//239 2570//280 2569//279
f 2530//240 2531//241 2571//281
f 2530//240 2571//281 2570//280
f 2531//241 2493//203 2533//243
f 2531//241 2533//243 2571//281
f 2533//243 2532//242 2572//282
f 2533//243 2572//282 2573//283
f 2532//242 2534//244 2574//284
f 2532//242 2574//284 2572//282
f 2534//244 2535//245 2575//285
f 2534//244 2575//285 2574//284
f 2535//245 2536//246 2576//286
f 2535//245 2576//286 2575//285
f 2536//246 2537//247 2577//287
f 2536//246 2577//287 2576//286
f 2537//247 2538//248 2578//288
f 2537//247 2578//288 2577//287
f 2538//248 2539//249 2579//289
f 2538//248 2579//289 2578//288
f 2539//249 2540//250 2580//290
f 2539//249 2580//290 2579//289
f 2540//250 2541//251 2581//291
f 2540//250 2581//291 2580//290
f 2541//251 2542//252 2582//292
f 2541//251 2582//292 2581//291
f 2542//252 2543//253 2583//293
f 2542//252 2583//293 2582//292
f 2543//253 2544//254 2584//294
f 2543//253 2584//294 2583//293
f 2544//254 2545//255 2585//295
f 2544//254 2585//295 2584//294
f 2545//255 2546//256 2586//296
f 2545//255 2586//296 2585//295
f 2546//256 2547//257 2587//297
f 2546//256 2587//297 2586//296
f 2547//257 2548//258 2588//298
f 2547//257 2588//298 2587//297
f 2548//258 2549//259 2589//299
f 2548//258 2589//299 2588//298
f 2549//259 2550//260 2590//300
f 2549//259 2590//300 2589//299
f 2550//260 2551//261 2591//301
f 2550//260 2591//301 2590//300
f 2551//261 2552//262 2592//302
f 2551//261 2592//302 2591//301
f 2552//262 2553//263 2593//303
f 2552//262 2593//303 2592//302
f 2553//263 2554//264 2594//304
f 2553//263 2594//304 2593//303
f 2554//264 2555//265 2595//305
f 2554//264 2595//305 2594//304
f 2555//265 2556//266 2596//306
f 2555//265 2596//306 2595//305
f 2556//266 2557//267 2597//307
f 2556//266 2597//307 2596//306
f 2557//267 2558//268 2598//308
f 2557//267 2598//308 2597//307
f 2558//268 2559//269 2599//309
f 2558//268 2599//309 2598//308
f 2559//269 2560//270 2600//310
f 2559//269 2600//310 2599//309
f 2560//270 2561//271 2601//311
f 2560//270 2601//311 2600//310
f 2561//271 2562//272 2602//312
f 2561//271 2602//312 2601//311
f 2562//272 2563//273 2603//313
f 2562//272 2603//313 2602//312
f 2563//273 2564//274 2604//314
f 2563//273 2604//314 2603//313
f 2564//274 2565//275 2605//315
f 2564//274 2605//315 2604//314
f 2565//275 2566//276 2606//316
f 2565//275 2606//316 2605//315
f 2566//276 2567//277 2607//317
f 2566//276 2607//317 2606//316
f 2567//277 2568//278 2608//318
f 2567//277 2608//318 2607//317
f 2568//278 2569//279 2609//319
f 2568//278 2609//319 2608//318
f 2569//279 2570//280 2610//320
f 2569//279 2610//320 2609//319
f 2570//280 2571//281 2611//321
f 2570//280 2611//321 2610//320
f 2571//281 2533//243 2573//283
f 2571//281 2573//283 2611//321
f 2573//283 2572//282 2612//322
f 2573//283 2612//322 2613//323
f 2572//282 2574//284 2614//324
f 2572//282 2614//324 2612//322
f 2574//284 2575//285 2615//325
f 2574//284 2615//325 2614//324
f 2575//285 2576//286 2616//326
f 2575//285 2616//326 2615//325
f 2576//286 2577//287 2617//327
f 2576//286 2617//327 2616//326
f 2577//287 2578//288 2618//328
f 2577//287 2618//328 2617//327
f 2578//288 2579//289 2619//329
f 2578//288 2619//329 2618//328
f 2579//289 2580//290 2620//330
f 2579//289 2620//330 2619//329
f 2580//290 2581//291 2621//331
f 2580//290 2621//331 2620//330
f 2581//291 2582//292 2622//332
f 2581//291 2622//332 2621//331
f 2582//292 2583//293 2623//333
f 2582//292 2623//333 2622//332
f 2583//293 2584//294 2624//334
f 2583//293 2624//334 2623//333
f 2584//294 2585//295 2625//335
f 2584//294 2625//335 2624//334
f 2585//295 2586//296 2626//336
f 2585//295 2626//336 2625//335
f 2586//296 2587//297 2627//337
f 2586//296 2627//337 2626//336
f 2587//297 2588//298 2628//338
f 2587//297 2628//338 2627//337
f 2588//298 2589//299 2629//339
f 2588//298 2629//339 2628//338
f 2589//299 2590//300 2630//340
f 2589//299 2630//340 2629//339
f 2590//300 2591//301 2631//341
f 2590//300 2631//341 2630//340
f 2591//301 2592//302 2632//342
f 2591//301 2632//342 2631//341
f 2592//302 2593//303 2633//343
f 2592//302 2633//343 2632//342
f 2593//303 2594//304 2634//344
f 2593//303 2634//344 2633//343
f 2594//304 2595//305 2635//345
f 2594//304 2635//345 2634//344
f 2595//305 2596//306 2636//346
f 2595//305 2636//346 2635//345
f 2596//306 2597//307 2637//347
f 2596//306 2637//347 2636//346
f 2597//307 2598//308 2638//348
f 2597//307 2638//348 2637//347
f 2598//308 2599//309 2639//349
f 2598//308 2639//349 2638//348
f 2599//309 2600//310 2640//350
f 2599//309 2640//350 2639//349
f 2600//310 2601//311 2641//351
f 2600//310 2641//351 2640//350
f 2601//311 2602//312 2642//352
f 2601//311 2642//352 2641//351
f 2602//312 2603//313 2643//353
f 2602//312 2643//353 2642//352
f 2603//313 2604//314 2644//354
f 2603//313 2644//354 2643//353
f 2604//314 2605//315 2645//355
f 2604//314 2645//355 2644//354
f 2605//315 2606//316 2646//356
f 2605//315 2646//356 2645//355
f 2606//316 2607//317 2647//357
f 2606//316 2647//357 2646//356
f 2607//317 2608//318 2648//358
f 2607//317 2648//358 2647//357
f 2608//318 2609//319 2649//359
f 2608//318 2649//359 2648//358
f 2609//319 2610//320 2650//360
f 2609//319 2650//360 2649//359
f 2610//320 2611//321 2651//361
f 2610//320 2651//361 2650//360
f 2611//321 2573//283 2613//323
f 2611//321 2613//323 2651//361
f 2613//323 2612//322 2652//362
f 2613//323 2652//362 2653//363
f 2612//322 2614//324 2654//364
f 2612//322 2654//364 2652//362
f 2614//324 2615//325 2655//365
f 2614//324 2655//365 2654//364
f 2615//325 2616//326 2656//366
f 2615//325 2656//366 2655//365
f 2616//326 2617//327 2657//367
f 2616//326 2657//367 2656//366
f 2617//327 2618//328 2658//368
f 2617//327 2658//368 2657//367
f 2618//328 2619//329 2659//369
f 2618//328 2659//369 2658//368
f 2619//329 2620//330 2660//370
f 2619//329 2660//370 2659//369
f 2620//330 2621//331 2661//371
f 2620//330 2661//371 2660//370
f 2621//331 2622//332 2662//372
f 2621//331 2662//372 2661//371
f 2622//332 2623//333 2663//373
f 2622//332 2663//373 2662//372
f 2623//333 2624//334 2664//374
f 2623//333 2664//374 2663//373
f 2624//334 2625//335 2665//375
f 2624//334 2665//375 2664//374
f 2625//335 2626//336 2666//376
f 2625//335 2666//376 2665//375
f 2626//336 2627//337 2667//377
f 2626//336 2667//377 2666//376
f 2627//337 2628//338 2668//378
f 2627//337 2668//378 2667//377
f 2628//338 2629//339 2669//379
f 2628//338 2669//379 2668//378
f 2629//339 2630//340 2670//380
f 2629//339 2670//380 2669//379
f 2630//340 2631//341 2671//381
f 2630//340 2671//381 2670//380
f 2631//341 2632//342 2672//382
f 2631//341 2672//382 2671//381
f 2632//342 2633//343 2673//383
f 2632//342 2673//383 2672//382
f 2633//343 2634//344 2674//384
f 2633//343 2674//384 2673//383
f 2634//344 2635//345 2675//385
f 2634//344 2675//385 2674//384
f 2635//345 2636//346 2676//386
f 2635//345 2676//386 2675//385
f 2636//346 2637//347 2677//387
f 2636//346 2677//387 2676//386
f 2637//347 2638//348 2678//388
f 2637//347 2678//388 2677//387
f 2638//348 2639//349 2679//389
f 2638//348 2679//389 2678//388
f 2639//349 2640//350 2680//390
f 2639//349 2680//390 2679//389
f 2640//350 2641//351 2681//391
f 2640//350 2681//391 2680//390
f 2641//351 2642//352 2682//392
f 2641//351 2682//392 2681//391
f 2642//352 2643//353 2683//393
f 2642//352 2683//393 2682//392
f 2643//353 2644//354 2684//394
f 2643//353 2684//394 2683//393
f 2644//354 2645//355 2685//395
f 2644//354 2685//395 2684//394
f 2645//355 2646//356 2686//396
f 2645//355 2686//396 2685//395
f 2646//356 2647//357 2687//397
f 2646//356 2687//397 2686//396
f 2647//357 2648//358 2688//398
f 2647//357 2688//398 2687//397
f 2648//358 2649//359 2689//399
f 2648//358 2689//399 2688//398
f 2649//359 2650//360 2690//400
f 2649//359 2690//400 2689//399
f 2650//360 2651//361 2691//401
f 2650//360 2691//401 2690//400
f 2651//361 2613//323 2653//363
f 2651//361 2653//363 2691//401
f 2653//363 2652//362 2692//402
f 2653//363 2692//402 2693//403
f 2652//362 2654//364 2694//404
f 2652//362 2694//404 2692//402
f 2654//364 2655//365 2695//405
f 2654//364 2695//405 2694//404
f 2655//365 2656//366 2696//406
f 2655//365 2696//406 2695//405
f 2656//366 2657//367 2697//407
f 2656//366 2697//407 2696//406
f 2657//367 2658//368 2698//408
f 2657//367 2698//408 2697//407
f 2658//368 2659//369 2699//409
f 2658//368 2699//409 2698//408
f 2659//369 2660//370 2700//410
f 2659//369 2700//410 2699//409
f 2660//370 2661//371 2701//411
f 2660//370 2701//411 2700//410
f 2661//371 2662//372 2702//412
f 2661//371 2702//412 2701//411
f 2662//372 2663//373 2703//413
f 2662//372 2703//413 2702//412
f 2663//373 2664//374 2704//414
f 2663//373 2704//414 2703//413
f 2664//374 2665//375 2705//415
f 2664//374 2705//415 2704//414
f 2665//375 2666//376 2706//416
f 2665//375 2706//416 2705//415
f 2666//376 2667//377 2707//417
f 2666//376 2707//417 2706//416
f 2667//377 2668//378 2708//418
f 2667//377 2708//418 2707//417
f 2668//378 2669//379 2709//419
f 2668//378 2709//419 2708//418
f 2669//379 2670//380 2710//420
f 2669//379 2710//420 2709//419
f 2670//380 2671//381 2711//421
f 2670//380 2711//421 2710//420
f 2671//381 2672//382 2712//422
f 2671//381 2712//422 2711//421
f 2672//382 2673//383 2713//423
f 2672//382 2713//423 2712//422
f 2673//383 2674//384 2714//424
f 2673//383 2714//424 2713//423
f 2674//384 2675//385 2715//425
f 2674//384 2715//425 2714//424
f 2675//385 2676//386 2716//426
f 2675//385 2716//426 2715//425
f 2676//386 2677//387 2717//427
f 2676//386 2717//427 2716//426
f 2677//387 2678//388 2718//428
f 2677//387 2718//428 2717//427
f 2678//388 2679//389 2719//429
f 2678//388 2719//429 2718//428
f 2679//389 2680//390 2720//430
f 2679//389 2720//430 2719//429
f 2680//390 2681//391 2721//431
f 2680//390 2721//431 2720//430
f 2681//391 2682//392 2722//432
f 2681//391 2722//432 2721//431
f 2682//392 2683//393 2723//433
f 2682//392 2723//433 2722//432
f 2683//393 2684//394 2724//434
f 2683//393 2724//434 2723//433
f 2684//394 2685//395 2725//435
f 2684//394 2725//435 2724//434
f 2685//395 2686//396 2726//436
f 2685//395 2726//436 2725//435
f 2686//396 2687//397 2727//437
f 2686//396 2727//437 2726//436
f 2687//397 2688//398 2728//438
f 2687//397 2728//438 2727//437
f 2688//398 2689//399 2729//439
f 2688//398 2729//439 2728//438
f 2689//399 2690//400 2730//440
f 2689//399 2730//440 2729//439
f 2690//400 2691//401 2731//441
f 2690//400 2731//441 2730//440
f 2691//401 2653//363 2693//403
f 2691//401 2693//403 2731//441
f 2693//403 2692//402 2732//442
f 2693//403 2732//442 2733//443
f 2692//402 2694//404 2734//444
f 2692//402 2734//444 2732//442
f 2694//404 2695//405 2735//445
f 2694//404 2735//445 2734//444
f 2695//405 2696//406 2736//446
f 2695//405 2736//446 2735//445
f 2696//406 2697//407 2737//447
f 2696//406 2737//447 2736//446
f 2697//407 2698//408 2738//448
f 2697//407 2738//448 2737//447
f 2698//408 2699//409 2739//449
f 2698//408 2739//449 2738//448
f 2699//409 2700//410 2740//450
f 2699//409 2740//450 2739//449
f 2700//410 2701//411 2741//451
f 2700//410 2741//451 2740//450
f 2701//411 2702//412 2742//452
f 2701//411 2742//452 2741//451
f 2702//412 2703//413 2743//453
f 2702//412 2743//453 2742//452
f 2703//413 2704//414 2744//454
f 2703//413 2744//454 2743//453
f 2704//414 2705//415 2745//455
f 2704//414 2745//455 2744//454
f 2705//415 2706//416 2746//456
f 2705//415 2746//456 2745//455
f 2706//416 2707//417 2747//457
f 2706//416 2747//457 2746//456
f 2707//417 2708//418 2748//458
f 2707//417 2748//458 2747//457
f 2708//418 2709//419 2749//459
f 2708//418 2749//459 2748//458
f 2709//419 2710//420 2750//460
f 2709//419 2750//460 2749//459
f 2710//420 2711//421 2751//461
f 2710//420 2751//461 2750//460
f 2711//421 2712//422 2752//462
f 2711//421 2752//462 2751//461
f 2712//422 2713//423 2753//463
f 2712//422 2753//463 2752//462
f 2713//423 2714//424 2754//464
f 2713//423 2754//464 2753//463
f 2714//424 2715//425 2755//465
f 2714//424 2755//465 2754//464
f 2715//425 2716//426 2756//466
f 2715//425 2756//466 2755//465
f 2716//426 2717//427 2757//467
f 2716//426 2757//467 2756//466
f 2717//427 2718//428 2758//468
f 2717//427 2758//468 2757//467
f 2718//428 2719//429 2759//469
f 2718//428 2759//469 2758//468
f 2719//429 2720//430 2760//470
f 2719//429 2760//470 2759//469
f 2720//430 2721//431 2761//471
f 2720//430 2761//471 2760//470
f 2721//431 2722//432 2762//472
f 2721//431 2762//472 2761//471
f 2722//432 2723//433 2763//473
f 2722//432 2763//473 2762//472
f 2723//433 2724//434 2764//474
f 2723//433 2764//474 2763//473
f 2724//434 2725//435 2765//475
f 2724//434 2765//475 2764//474
f 2725//435 2726//436 2766//476
f 2725//435 2766//476 2765//475
f 2726//436 2727//437 2767//477
f 2726//436 2767//477 2766//476
f 2727//437 2728//438 2768//478
f 2727//437 2768//478 2767//477
f 2728//438 2729//439 2769//479
f 2728//438 2769//479 2768//478
f 2729//439 2730//440 2770//480
f 2729//439 2770//480 2769//479
f 2730//440 2731//441 2771//481
f 2730//440 2771//481 2770//480
f 2731//441 2693//403 2733//443
f 2731//441 2733//443 2771//481
f 2733//443 2732//442 2772//482
f 2733//443 2772//482 2773//483
f 2732//442 2734//444 2774//484
f 2732//442 2774//484 2772//482
f 2734//444 2735//445 2775//485
f 2734//444 2775//485 2774//484
f 2735//445 2736//446 2776//486
f 2735//445 2776//486 2775//485
f 2736//446 2737//447 2777//487
f 2736//446 2777//487 2776//486
f 2737//447 2738//448 2778//488
f 2737//447 2778//488 2777//487
f 2738//448 2739//449 2779//489
f 2738//448 2779//489 2778//488
f 2739//449 2740//450 2780//490
f 2739//449 2780//490 2779//489
f 2740//450 2741//451 2781//491
f 2740//450 2781//491 2780//490
f 2741//451 2742//452 2782//492
f 2741//451 2782//492 2781//491
f 2742//452 2743//453 2783//493
f 2742//452 2783//493 2782//492
f 2743//453 2744//454 2784//494
f 2743//453 2784//494 2783//493
f 2744//454 2745//455 2785//495
f 2744//454 2785//495 2784//494
f 2745//455 2746//456 2786//496
f 2745//455 2786//496 2785//495
f 2746//456 2747//457 2787//497
f 2746//456 2787//497 2786//496
f 2747//457 2748//458 2788//498
f 2747//457 2788//498 2787//497
f 2748//458 2749//459 2789//499
f 2748//458 2789//499 2788//498
f 2749//459 2750//460 2790//500
f 2749//459 2790//500 2789//499
f 2750//460 2751//461 2791//501
f 2750//460 2791//501 2790//500
f 2751//461 2752//462 2792//502
f 2751//461 2792//502 2791//501
f 2752//462 2753//463 2793//503
f 2752//462 2793//503 2792//502
f 2753//463 2754//464 2794//504
f 2753//463 2794//504 2793//503
f 2754//464 2755//465 2795//505
f 2754//464 2795//505 2794//504
f 2755//465 2756//466 2796//506
f 2755//465 2796//506 2795//505
f 2756//466 2757//467 2797//507
f 2756//466 2797//507 2796//506
f 2757//467 2758//468 2798//508
f 2757//467 2798//508 2797//507
f 2758//468 2759//469 2799//509
f 2758//468 2799//509 2798//508
f 2759//469 2760//470 2800//510
f 2759//469 2800//510 2799//509
f 2760//470 2761//471 2801//511
f 2760//470 2801//511 2800//510
f 2761//471 2762//472 2802//512
f 2761//471 2802//512 2801//511
f 2762//472 2763//473 2803//513
f 2762//472 2803//513 2802//512
f 2763//473 2764//474 2804//514
f 2763//473 2804//514 2803//513
f 2764//474 2765//475 2805//515
f 2764//474 2805//515 2804//514
f 2765//475 2766//476 2806//516
f 2765//475 2806//516 2805//515
f 2766//476 2767//477 2807//517
f 2766//476 2807//517 2806//516
f 2767//477 2768//478 2808//518
f 2767//477 2808//518 2807//517
f 2768//478 2769//479 2809//519
f 2768//478 2809//519 2808//518
f 2769//479 2770//480 2810//520
f 2769//479 2810//520 2809//519
f 2770//480 2771//481 2811//521
f 2770//480 2811//521 2810//520
f 2771//481 2733//443 2773//483
f 2771//481 2773//483 2811//521
f 2773//483 2772//482 2812//522
f 2773//483 2812//522 2813//523
f 2772//482 2774//484 2814//524
f 2772//482 2814//524 2812//522
f 2774//484 2775//485 2815//525
f 2774//484 2815//525 2814//524
f 2775//485 2776//486 2816//526
f 2775//485 2816//526 2815//525
f 2776//486 2777//487 2817//527
f 2776//486 2817//527 2816//526
f 2777//487 2778//488 2818//528
f 2777//487 2818//528 2817//527
f 2778//488 2779//489 2819//529
f 2778//488 2819//529 2818//528
f 2779//489 2780//490 2820//530
f 2779//489 2820//530 2819//529
f 2780//490 2781//491 2821//531
f 2780//490 2821//531 2820//530
f 2781//491 2782//492 2822//532
f 2781//491 2822//532 2821//531
f 2782//492 2783//493 2823//533
f 2782//492 2823//533 2822//532
f 2783//493 2784//494 2824//534
f 2783//493 2824//534 2823//533
f 2784//494 2785//495 2825//535
f 2784//494 2825//535 2824//534
f 2785//495 2786//496 2826//536
f 2785//495 2826//536 2825//535
f 2786//496 2787//497 2827//537
f 2786//496 2827//537 2826//536
f 2787//497 2788//498 2828//538
f 2787//497 2828//538 2827//537
f 2788//498 2789//499 2829//539
f 2788//498 2829//539 2828//538
f 2789//499 2790//500 2830//540
f 2789//499 2830//540 2829//539
f 2790//500 2791//501 2831//541
f 2790//500 2831//541 2830//540
f 2791//501 2792//502 2832//542
f 2791//501 2832//542 2831//541
f 2792//502 2793//503 2833//543
f 2792//502 2833//543 2832//542
f 2793//503 2794//504 2834//544
f 2793//503 2834//544 2833//543
f 2794//504 2795//505 2835//545
f 2794//504 2835//545 2834//544
f 2795//505 2796//506 2836//546
f 2795//505 2836//546 2835//545
f 2796//506 2797//507 2837//547
f 2796//506 2837//547 2836//546
f 2797//507 2798//508 2838//548
f 2797//507 2838//548 2837//547
f 2798//508 2799//509 2839//549
f 2798//508 2839//549 2838//548
f 2799//509 2800//510 2840//550
f 2799//509 2840//550 2839//549
f 2800//510 2801//511 2841//551
f 2800//510 2841//551 2840//550
f 2801//511 2802//512 2842//552
f 2801//511 2842//552 2841//551
f 2802//512 2803//513 2843//553
f 2802//512 2843//553 2842//552
f 2803//513 2804//514 2844//554
f 2803//513 2844//554 2843//553
f 2804//514 2805//515 2845//555
f 2804//514 2845//555 2844//554
f 2805//515 2806//516 2846//556
f 2805//515 2846//556 2845//555
f 2806//516 2807//517 2847//557
f 2806//516 2847//557 2846//556
f 2807//517 2808//518 2848//558
f 2807//517 2848//558 2847//557
f 2808//518 2809//519 2849//559
f 2808//518 2849//559 2848//558
f 2809//519 2810//520 2850//560
f 2809//519 2850//560 2849//559
f 2810//520 2811//521 2851//561
f 2810//520 2851//561 2850//560
f 2811//521 2773//483 2813//523
f 2811//521 2813//523 2851//561
f 2813//523 2812//522 2852//562
f 2813//523 2852//562 2853//563
f 2812//522 2814//524 2854//564
f 2812//522 2854//564 2852//562
f 2814//524 2815//525 2855//565
f 2814//524 2855//565 2854//564
f 2815//525 2816//526 2856//566
f 2815//525 2856//566 2855//565
f 2816//526 2817//527 2857//567
f 2816//526 2857//567 2856//566
f 2817//527 2818//528 2858//568
f 2817//527 2858//568 2857//567
f 2818//528 2819//529 2859//569
f 2818//528 2859//569 2858//568
f 2819//529 2820//530 2860//570
f 2819//529 2860//570 2859//569
f 2820//530 2821//531 2861//571
f 2820//530 2861//571 2860//570
f 2821//531 2822//532 2862//572
f 2821//531 2862//572 2861//571
f 2822//532 2823//533 2863//573
f 2822//532 2863//573 2862//572
f 2823//533 2824//534 2864//574
f 2823//533 2864//574 2863//573
f 2824//534 2825//535 2865//575
f 2824//534 2865//575 2864//574
f 2825//535 2826//536 2866//576
f 2825//535 2866//576 2865//575
f 2826//536 2827//537 2867//577
f 2826//536 2867//577 2866//576
f 2827//537 2828//538 2868//578
f 2827//537 2868//578 2867//577
f 2828//538 2829//539 2869//579
f 2828//538 2869//579 2868//578
f 2829//539 2830//540 2870//580
f 2829//539 2870//580 2869//579
f 2830//540 2831//541 2871//581
f 2830//540 2871//581 2870//580
f 2831//541 2832//542 2872//582
f 2831//541 2872//582 2871//581
f 2832//542 2833//543 2873//583
f 2832//542 2873//583 2872//582
f 2833//543 2834//544 2874//584
f 2833//543 2874//584 2873//583
f 2834//544 2835//545 2875//585
f 2834//544 2875//585 2874//584
f 2835//545 2836//546 2876//586
f 2835//545 2876//586 2875//585
f 2836//546 2837//547 2877//587
f 2836//546 2877//587 2876//586
f 2837//547 2838//548 2878//588
f 2837//547 2878//588 2877//587
f 2838//548 2839//549 2879//589
f 2838//548 2879//589 2878//588
f 2839//549 2840//550 2880//590
f 2839//549 2880//590 2879//589
f 2840//550 2841//551 2881//591
f 2840//550 2881//591 2880//590
f 2841//551 2842//552 2882//592
f 2841//551 2882//592 2881//591
f 2842//552 2843//553 2883//593
f 2842//552 2883//593 2882//592
f 2843//553 2844//554 2884//594
f 2843//553 2884//594 2883//593
f 2844//554 2845//555 2885//595
f 2844//554 2885//595 2884//594
f 2845//555 2846//556 2886//596
f 2845//555 2886//596 2885//595
f 2846//556 2847//557 2887//597
f 2846//556 2887//597 2886//596
f 2847//557 2848//558 2888//598
f 2847//557 2888//598 2887//597
f 2848//558 2849//559 2889//599
f 2848//558 2889//599 2888//598
f 2849//559 2850//560 2890//600
f 2849//559 2890//600 2889//599
f 2850//560 2851//561 2891//601
f 2850//560 2891//601 2890//600
f 2851//561 2813//523 2853//563
f 2851//561 2853//563 2891//601
f 2853//563 2852//562 2892//602
f 2853//563 2892//602 2893//603
f 2852//562 2854//564 2894//604
f 2852//562 2894//604 2892//602
f 2854//564 2855//565 2895//605
f 2854//564 2895//605 2894//604
f 2855//565 2856//566 2896//606
f 2855//565 2896//606 2895//605
f 2856//566 2857//567 2897//607
f 2856//566 2897//607 2896//606
f 2857//567 2858//568 2898//608
f 2857//567 2898//608 2897//607
f 2858//568 2859//569 2899//609
f 2858//568 2899//609 2898//608
f 2859//569 2860//570 2900//610
f 2859//569 2900//610 2899//609
f 2860//570 2861//571 2901//611
f 2860//570 2901//611 2900//610
f 2861//571 2862//572 2902//612
f 2861//571 2902//612 2901//611
f 2862//572 2863//573 2903//613
f 2862//572 2903//613 2902//612
f 2863//573 2864//574 2904//614
f 2863//573 2904//614 2903//613
f 2864//574 2865//575 2905//615
f 2864//574 2905//615 2904//614
f 2865//575 2866//576 2906//616
f 2865//575 2906//616 2905//615
f 2866//576 2867//577 2907//617
f 2866//576 2907//617 2906//616
f 2867//577 2868//578 2908//618
f 2867//577 2908//618 2907//617
f 2868//578 2869//579 2909//619
f 2868//578 2909//619 2908//618
f 2869//579 2870//580 2910//620
f 2869//579 2910//620 2909//619
f 2870//580 2871//581 2911//621
f 2870//580 2911//621 2910//620
f 2871//581 2872//582 2912//622
f 2871//581 2912//622 2911//621
f 2872//582 2873//583 2913//623
f 2872//582 2913//623 2912//622
f 2873//583 2874//584 2914//624
f 2873//583 2914//624 2913//623
f 2874//584 2875//585 2915//625
f 2874//584 2915//625 2914//624
f 2875//585 2876//586 2916//626
f 2875//585 2916//626 2915//625
f 2876//586 2877//587 2917//627
f 2876//586 2917//627 2916//626
f 2877//587 2878//588 2918//628
f 2877//587 2918//628 2917//627
f 2878//588 2879//589 2919//629
f 2878//588 2919//629 2918//628
f 2879//589 2880//590 2920//630
f 2879//589 2920//630 2919//629
f 2880//590 2881//591 2921//631
f 2880//590 2921//631 2920//630
f 2881//591 2882//592 2922//632
f 2881//591 2922//632 2921//631
f 2882//592 2883//593 2923//633
f 2882//592 2923//633 2922//632
f 2883//593 2884//594 2924//634
f 2883//593 2924//634 2923//633
f 2884//594 2885//595 2925//635
f 2884//594 2925//635 2924//634
f 2885//595 2886//596 2926//636
f 2885//595 2926//636 2925//635
f 2886//596 2887//597 2927//637
f 2886//596 2927//637 2926//636
f 2887//597 2888//598 2928//638
f 2887//597 2928//638 2927//637
f 2888//598 2889//599 2929//639
f 2888//598 2929//639 2928//638
f 2889//599 2890//600 2930//640
f 2889//599 2930//640 2929//639
f 2890//600 2891//601 2931//641
f 2890//600 2931//641 2930//640
f 2891//601 2853//563 2893//603
f 2891//601 2893//603 2931//641
f 2893//603 2892//602 2932//642
f 2893//603 2932//642 2933//643
f 2892//602 2894//604 2934//644
f 2892//602 2934//644 2932//642
f 2894//604 2895//605 2935//645
f 2894//604 2935//645 2934//644
f 2895//605 2896//606 2936//646
f 2895//605 2936//646 2935//645
f 2896//606 2897//607 2937//647
f 2896//606 2937//647 2936//646
f 2897//607 2898//608 2938//648
f 2897//607 2938//648 2937//647
f 2898//608 2899//609 2939//649
f 2898//608 2939//649 2938//648
f 2899//609 2900//610 2940//650
f 2899//609 2940//650 2939//649
f 2900//610 2901//611 2941//651
f 2900//610 2941//651 2940//650
f 2901//611 2902//612 2942//652
f 2901//611 2942//652 2941//651
f 2902//612 2903//613 2943//653
f 2902//612 2943//653 2942//652
f 2903//613 2904//614 2944//654
f 2903//613 2944//654 2943//653
f 2904//614 2905//615 2945//655
f 2904//614 2945//655 2944//654
f 2905//615 2906//616 2946//656
f 2905//615 2946//656 2945//655
f 2906//616 2907//617 2947//657
f 2906//616 2947//657 2946//656
f 2907//617 2908//618 2948//658
f 2907//617 2948//658 2947//657
f 2908//618 2909//619 2949//659
f 2908//618 2949//659 2948//658
f 2909//619 2910//620 2950//660
f 2909//619 2950//660 2949//659
f 2910//620 2911//621 2951//661
f 2910//620 2951//661 2950//660
f 2911//621 2912//622 2952//662
f 2911//621 2952//662 2951//661
f 2912//622 2913//623 2953//663
f 2912//622 2953//663 2952//662
f 2913//623 2914//624 2954//664
f 2913//623 2954//664 2953//663
f 2914//624 2915//625 2955//665
f 2914//624 2955//665 2954//664
f 2915//625 2916//626 2956//666
f 2915//625 2956//666 2955//665
f 2916//626 2917//627 2957//667
f 2916//626 2957//667 2956//666
f 2917//627 2918//628 2958//668
f 2917//627 2958//668 2957//667
f 2918//628 2919//629 2959//669
f 2918//628 2959//669 2958//668
f 2919//629 2920//630 2960//670
f 2919//629 2960//670 2959//669
f 2920//630 2921//631 2961//671
f 2920//630 2961//671 2960//670
f 2921//631 2922//632 2962//672
f 2921//631 2962//672 2961//671
f 2922//632 2923//633 2963//673
f 2922//632 2963//673 2962//672
f 2923//633 2924//634 2964//674
f 2923//633 2964//674 2963//673
f 2924//634 2925//635 2965//675
f 2924//634 2965//675 2964//674
f 2925//635 2926//636 2966//676
f 2925//635 2966//676 2965//675
f 2926//636 2927//637 2967//677
f 2926//636 2967//677 2966//676
f 2927//637 2928//638 2968//678
f 2927//637 2968//678 2967//677
f 2928//638 2929//639 2969//679
f 2928//638 2969//679 2968//678
f 2929//639 2930//640 2970//680
f 2929//639 2970//680 2969//679
f 2930//640 2931//641 2971//681
f 2930//640 2971//681 2970//680
f 2931//641 2893//603 2933//643
f 2931//641 2933//643 2971//681
f 2933//643 2932//642 2972//682
f 2933//643 2972//682 2973//683
f 2932//642 2934//644 2974//684
f 2932//642 2974//684 2972//682
f 2934//644 2935//645 2975//685
f 2934//644 2975//685 2974//684
f 2935//645 2936//646 2976//686
f 2935//645 2976//686 2975//685
f 2936//646 2937//647 2977//687
f 2936//646 2977//687 2976//686
f 2937//647 2938//648 2978//688
f 2937//647 2978//688 2977//687
f 2938//648 2939//649 2979//689
f 2938//648 2979//689 2978//688
f 2939//649 2940//650 2980//690
f 2939//649 2980//690 2979//689
f 2940//650 2941//651 2981//691
f 2940//650 2981//691 2980//690
f 2941//651 2942//652 2982//692
f 2941//651 2982//692 2981//691
f 2942//652 2943//653 2983//693
f 2942//652 2983//693 2982//692
f 2943//653 2944//654 2984//694
f 2943//653 2984//694 2983//693
f 2944//654 2945//655 2985//695
f 2944//654 2985//695 2984//694
f 2945//655 2946//656 2986//696
f 2945//655 2986//696 2985//695
f 2946//656 2947//657 2987//697
f 2946//656 2987//697 2986//696
f 2947//657 2948//658 2988//698
f 2947//657 2988//698 2987//697
f 2948//658 2949//659 2989//699
f 2948//658 2989//699 2988//698
f 2949//659 2950//660 2990//700
f 2949//659 2990//700 2989//699
f 2950//660 2951//661 2991//701
f 2950//660 2991//701 2990//700
f 2951//661 2952//662 2992//702
f 2951//661 2992//702 2991//701
f 2952//662 2953//663 2993//703
f 2952//662 2993//703 2992//702
f 2953//663 2954//664 2994//704
f 2953//663 2994//704 2993//703
f 2954//664 2955//665 2995//705
f 2954//664 2995//705 2994//704
f 2955//665 2956//666 2996//706
f 2955//665 2996//706 2995//705
f 2956//666 2957//667 2997//707
f 2956//666 2997//707 2996//706
f 2957//667 2958//668 2998//708
f 2957//667 2998//708 2997//707
f 2958//668 2959//669 2999//709
f 2958//668 2999//709 2998//708
f 2959//669 2960//670 3000//710
f 2959//669 3000//710 2999//709
f 2960//670 2961//671 3001//711
f 2960//670 3001//711 3000//710
f 2961//671 2962//672 3002//712
f 2961//671 3002//712 3001//711
f 2962//672 2963//673 3003//713
f 2962//672 3003//713 3002//712
f 2963//673 2964//674 3004//714
f 2963//673 3004//714 3003//713
f 2964//674 2965//675 3005//715
f 2964//674 3005//715 3004//714
f 2965//675 2966//676 3006//716
f 2965//675 3006//716 3005//715
f 2966//676 2967//677 3007//717
f 2966//676 3007//717 3006//716
f 2967//677 2968//678 3008//718
f 2967//677 3008//718 3007//717
f 2968//678 2969//679 3009//719
f 2968//678 3009//719 3008//718
f 2969//679 2970//680 3010//720
f 2969//679 3010//720 3009//719
f 2970//680 2971//681 3011//721
f 2970//680 3011//721 3010//720
f 2971//681 2933//643 2973//683
f 2971//681 2973//683 3011//721
f 2973//683 2972//682 3012//722
f 2973//683 3012//722 3013//723
f 2972//682 2974//684 3014//724
f 2972//682 3014//724 3012//722
f 2974//684 2975//685 3015//725
f 2974//684 3015//725 3014//724
f 2975//685 2976//686 3016//726
f 2975//685 3016//726 3015//725
f 2976//686 2977//687 3017//727
f 2976//686 3017//727 3016//726
f 2977//687 2978//688 3018//728
f 2977//687 3018//728 3017//727
f 2978//688 2979//689 3019//729
f 2978//688 3019//729 3018//728
f 2979//689 2980//690 3020//730
f 2979//689 3020//730 3019//729
f 2980//690 2981//691 3021//731
f 2980//690 3021//731 3020//730
f 2981//691 2982//692 3022//732
f 2981//691 3022//732 3021//731
f 2982//692 2983//693 3023//733
f 2982//692 3023//733 3022//732
f 2983//693 2984//694 3024//734
f 2983//693 3024//734 3023//733
f 2984//694 2985//695 3025//735
f 2984//694 3025//735 3024//734
f 2985//695 2986//696 3026//736
f 2985//695 3026//736 3025//735
f 2986//696 2987//697 3027//737
f 2986//696 3027//737 3026//736
f 2987//697 2988//698 3028//738
f 2987//697 3028//738 3027//737
f 2988//698 2989//699 3029//739
f 2988//698 3029//739 3028//738
f 2989//699 2990//700 3030//740
f 2989//699 3030//740 3029//739
f 2990//700 2991//701 3031//741
f 2990//700 3031//741 3030//740
f 2991//701 2992//702 3032//742
f 2991//701 3032//742 3031//741
f 2992//702 2993//703 3033//743
f 2992//702 3033//743 3032//742
f 2993//703 2994//704 3034//744
f 2993//703 3034//744 3033//743
f 2994//704 2995//705 3035//745
f 2994//704 3035//745 3034//744
f 2995//705 2996//706 3036//746
f 2995//705 3036//746 3035//745
f 2996//706 2997//707 3037//747
f 2996//706 3037//747 3036//746
f 2997//707 2998//708 3038//748
f 2997//707 3038//748 3037//747
f 2998//708 2999//709 3039//749
f 2998//708 3039//749 3038//748
f 2999//709 3000//710 3040//750
f 2999//709 3040//750 3039//749
f 3000//710 3001//711 3041//751
f 3000//710 3041//751 3040//750
f 3001//711 3002//712 3042//752
f 3001//711 3042//752 3041//751
f 3002//712 3003//713 3043//753
f 3002//712 3043//753 3042//752
f 3003//713 3004//714 3044//754
f 3003//713 3044//754 3043//753
f 3004//714 3005//715 3045//755
f 3004//714 3045//755 3044//754
f 3005//715 3006//716 3046//756
f 3005//715 3046//756 3045//755
f 3006//716 3007//717 3047//757
f 3006//716 3047//757 3046//756
f 3007//717 3008//718 3048//758
f 3007//717 3048//758 3047//757
f 3008//718 3009//719 3049//759
f 3008//718 3049//759 3048//758
f 3009//719 3010//720 3050//760
f 3009//719 3050//760 3049//759
f 3010//720 3011//721 3051//761
f 3010//720 3051//761 3050//760
f 3011//721 2973//683 3013//723
f 3011//721 3013//723 3051//761
f 3013//723 3012//722 3052//762
f 3012//722 3014//724 3052//762
f 3014//724 3015//725 3052//762
f 3015//725 3016//726 3052//762
f 3016//726 3017//727 3052//762
f 3017//727 3018//728 3052//762
f 3018//728 3019//729 3052//762
f 3019//729 3020//730 3052//762
f 3020//730 3021//731 3052//762
f 3021//731 3022//732 3052//762
f 3022//732 3023//733 3052//762
f 3023//733 3024//734 3052//762
f 3024//734 3025//735 3052//762
f 3025//735 3026//736 3052//762
f 3026//736 3027//737 3052//762
f 3027//737 3028//738 3052//762
f 3028//738 3029//739 3052//762
f 3029//739 3030//740 3052//762
f 3030//740 3031//741 3052//762
f 3031//741 3032//742 3052//762
f 3032//742 3033//743 3052//762
f 3033//743 3034//744 3052//762
f 3034//744 3035//745 3052//762
f 3035//745 3036//746 3052//762
f 3036//746 3037//747 3052//762
f 3037//747 3038//748 3052//762
f 3038//748 3039//749 3052//762
f 3039//749 3040//750 3052//762
f 3040//750 3041//751 3052//762
f 3041//751 3042//752 3052//762
f 3042//752 3043//753 3052//762
f 3043//753 3044//754 3052//762
f 3044//754 3045//755 3052//762
f 3045//755 3046//756 3052//762
f 3046//756 3047//757 3052//762
f 3047//757 3048//758 3052//762
f 3048//758 3049//759 3052//762
f 3049//759 3050//760 3052//762
f 3050//760 3051//761 3052//762
f 3051//761 3013//723 3052//762
usemtl gold4
f 3053//1 3054//2 3055//3
f 3053//1 3056//4 3054//2
f 3053//1 3057//5 3056//4
f 3053//1 3058//6 3057//5
f 3053//1 3059//7 3058//6
f 3053//1 3060//8 3059//7
f 3053//1 3061//9 3060//8
f 3053//1 3062//10 3061//9
f 3053//1 3063//11 3062//10
f 3053//1 3064//12 3063//11
f 3053//1 3065//13 3064//12
f 3053//1 3066//14 3065//13
f 3053//1 3067//15 3066//14
f 3053//1 3068//16 3067//15
f 3053//1 3069//17 3068//16
f 3053//1 3070//18 3069//17
f 3053//1 3071//19 3070//18
f 3053//1 3072//20 3071//19
f 3053//1 3073//21 3072//20
f 3053//1 3074//22 3073//21
f 3053//1 3075//23 3074//22
f 3053//1 3076//24 3075//23
f 3053//1 3077//25 3076//24
f 3053//1 3078//26 3077//25
f 3053//1 3079//27 3078//26
f 3053//1 3080//28 3079//27
f 3053//1 3081//29 3080//28
f 3053//1 3082//30 3081//29
f 3053//1 3083//31 3082//30
f 3053//1 3084//32 3083//31
f 3053//1 3085//33 3084//32
f 3053//1 3086//34 3085//33
f 3053//1 3087//35 3086//34
f 3053//1 3088//36 3087//35
f 3053//1 3089//37 3088//36
f 3053//1 3090//38 3089//37
f 3053//1 3091//39 3090//38
f 3053//1 3092//40 3091//39
f 3053//1 3093//41 3092//40
f 3053//1 3055//3 3093//41
f 3055//3 3054//2 3094//42
f 3055//3 3094//42 3095//43
f 3054//2 3056//4 3096//44
f 3054//2 3096//44 3094//42
f 3056//4 3057//5 3097//45
f 3056//4 3097//45 3096//44
f 3057//5 3058//6 3098//46
f 3057//5 3098//46 3097//45
f 3058//6 3059//7 3099//47
f 3058//6 3099//47 3098//46
f 3059//7 3060//8 3100//48
f 3059//7 3100//48 3099//47
f 3060//8 3061//9 3101//49
f 3060//8 3101//49 3100//48
f 3061//9 3062//10 3102//50
f 3061//9 3102//50 3101//49
f 3062//10 3063//11 3103//51
f 3062//10 3103//51 3102//50
f 3063//11 3064//12 3104//52
f 3063//11 3104//52 3103//51
f 3064//12 3065//13 3105//53
f 3064//12 3105//53 3104//52
f 3065//13 3066//14 3106//54
f 3065//13 3106//54 3105//53
f 3066//14 3067//15 3107//55
f 3066//14 3107//55 3106//54
f 3067//15 3068//16 3108//56
f 3067//15 3108//56 3107//55
f 3068//16 3069//17 3109//57
f 3068//16 3109//57 3108//56
f 3069//17 3070//18 3110//58
f 3069//17 3110//58 3109//57
f 3070//18 3071//19 3111//59
f 3070//18 3111//59 3110//58
f 3071//19 3072//20 3112//60
f 3071//19 3112//60 3111//59
f 3072//20 3073//21 3113//61
f 3072//20 3113//61 3112//60
f 3073//21 3074//22 3114//62
f 3073//21 3114//62 3113//61
f 3074//22 3075//23 3115//63
f 3074//22 3115//63 3114//62
f 3075//23 3076//24 3116//64
f 3075//23 3116//64 3115//63
f 3076//24 3077//25 3117//65
f 3076//24 3117//65 3116//64
f 3077//25 3078//26 3118//66
f 3077//25 3118//66 3117//65
f 3078//26 3079//27 3119//67
f 3078//26 3119//67 3118//66
f 3079//27 3080//28 3120//68
f 3079//27 3120//68 3119//67
f 3080//28 3081//29 3121//69
f 3080//28 3121//69 3120//68
f 3081//29 3082//30 3122//70
f 3081//29 3122//70 3121//69
f 3082//30 3083//31 3123//71
f 3082//30 3123//71 3122//70
f 3083//31 3084//32 3124//72
f 3083//31 3124//72 3123//71
f 3084//32 3085//33 3125//73
f 3084//32 3125//73 3124//72
f 3085//33 3086//34 3126//74
f 3085//33 3126//74 3125//73
f 3086//34 3087//35 3127//75
f 3086//34 3127//75 3126//74
f 3087//35 3088//36 3128//76
f 3087//35 3128//76 3127//75
f 3088//36 3089//37 3129//77
f 3088//36 3129//77 3128//76
f 3089//37 3090//38 3130//78
f 3089//37 3130//78 3129//77
f 3090//38 3091//39 3131//79
f 3090//38 3131//79 3130//78
f 3091//39 3092//40 3132//80
f 3091//39 3132//80 3131//79
f 3092//40 3093//41 3133//81
f 3092//40 3133//81 3132//80
f 3093//41 3055//3 3095//43
f 3093//41 3095//43 3133//81
f 3095//43 3094//42 3134//82
f 3095//43 3134//82 3135//83
f 3094//42 3096//44 3136//84
f 3094//42 3136//84 3134//82
f 3096//44 3097//45 3137//85
f 3096//44 3137//85 3136//84
f 3097//45 3098//46 3138//86
f 3097//45 3138//86 3137//85
f 3098//46 3099//47 3139//87
f 3098//46 3139//87 3138//86
f 3099//47 3100//48 3140//88
f 3099//47 3140//88 3139//87
f 3100//48 3101//49 3141//89
f 3100//48 3141//89 3140//88
f 3101//49 3102//50 3142//90
f 3101//49 3142//90 3141//89
f 3102//50 3103//51 3143//91
f 3102//50 3143//91 3142//90
f 3103//51 3104//52 3144//92
f 3103//51 3144//92 3143//91
f 3104//52 3105//53 3145//93
f 3104//52 3145//93 3144//92
f 3105//53 3106//54 3146//94
f 3105//53 3146//94 3145//93
f 3106//54 3107//55 3147//95
f 3106//54 3147//95 3146//94
f 3107//55 3108//56 3148//96
f 3107//55 3148//96 3147//95
f 3108//56 3109//57 3149//97
f 3108//56 3149//97 3148//96
f 3109//57 3110//58 3150//98
f 3109//57 3150//98 3149//97
f 3110//58 3111//59 3151//99
f 3110//58 3151//99 3150//98
f 3111//59 3112//60 3152//100
f 3111//59 3152//100 3151//99
f 3112//60 3113//61 3153//101
f 3112//60 3153//101 3152//100
f 3113//61 3114//62 3154//102
f 3113//61 3154//102 3153//101
f 3114//62 3115//63 3155//103
f 3114//62 3155//103 3154//102
f 3115//63 3116//64 3156//104
f 3115//63 3156//104 3155//103
f 3116//64 3117//65 3157//105
f 3116//64 3157//105 3156//104
f 3117//65 3118//66 3158//106
f 3117//65 3158//106 3157//105
f 3118//66 3119//67 3159//107
f 3118//66 3159//107 3158//106
f 3119//67 3120//68 3160//108
f 3119//67 3160//108 3159//107
f 3120//68 3121//69 3161//109
f 3120//68 3161//109 3160//108
f 3121//69 3122//70 3162//110
f 3121//69 3162//110 3161//109
f 3122//70 3123//71 3163//111
f 3122//70 3163//111 3162//110
f 3123//71 3124//72 3164//112
f 3123//71 3164//112 3163//111
f 3124//72 3125//73 3165//113
f 3124//72 3165//113 3164//112
f 3125//73 3126//74 3166//114
f 3125//73 3166//114 3165//113
f 3126//74 3127//75 3167//115
f 3126//74 3167//115 3166//114
f 3127//75 3128//76 3168//116
f 3127//75 3168//116 3167//115
f 3128//76 3129//77 3169//117
f 3128//76 3169//117 3168//116
f 3129//77 3130//78 3170//118
f 3129//77 3170//118 3169//117
f 3130//78 3131//79 3171//119
f 3130//78 3171//119 3170//118
f 3131//79 3132//80 3172//120
f 3131//79 3172//120 3171//119
f 3132//80 3133//81 3173//121
f 3132//80 3173//121 3172//120
f 3133//81 3095//43 3135//83
f 3133//81 3135//83 3173//121
f 3135//83 3134//82 3174//122
f 3135//83 3174//122 3175//123
f 3134//82 3136//84 3176//124
f 3134//82 3176//124 3174//122
f 3136//84 3137//85 3177//125
f 3136//84 3177//125 3176//124
f 3137//85 3138//86 3178//126
f 3137//85 3178//126 3177//125
f 3138//86 3139//87 3179//127
f 3138//86 3179//127 3178//126
f 3139//87 3140//88 3180//128
f 3139//87 3180//128 3179//127
f 3140//88 3141//89 3181//129
f 3140//88 3181//129 3180//128
f 3141//89 3142//90 3182//130
f 3141//89 3182//130 3181//129
f 3142//90 3143//91 3183//131
f 3142//90 3183//131 3182//130
f 3143//91 3144//92 3184//132
f 3143//91 3184//132 3183//131
f 3144//92 3145//93 3185//133
f 3144//92 3185//133 3184//132
f 3145//93 3146//94 3186//134
f 3145//93 3186//134 3185//133
f 3146//94 3147//95 3187//135
f 3146//94 3187//135 3186//134
f 3147//95 3148//96 3188//136
f 3147//95 3188//136 3187//135
f 3148//96 3149//97 3189//137
f 3148//96 3189//137 3188//136
f 3149//97 3150//98 3190//138
f 3149//97 3190//138 3189//137
f 3150//98 3151//99 3191//139
f 3150//98 3191//139 3190//138
f 3151//99 3152//100 3192//140
f 3151//99 3192//140 3191//139
f 3152//100 3153//101 3193//141
f 3152//100 3193//141 3192//140
f 3153//101 3154//102 3194//142
f 3153//101 3194//142 3193//141
f 3154//102 3155//103 3195//143
f 3154//102 3195//143 3194//142
f 3155//103 3156//104 3196//144
f 3155//103 3196//144 3195//143
f 3156//104 3157//105 3197//145
f 3156//104 3197//145 3196//144
f 3157//105 3158//106 3198//146
f 3157//105 3198//146 3197//145
f 3158//106 3159//107 3199//147
f 3158//106 3199//147 3198//146
f 3159//107 3160//108 3200//148
f 3159//107 3200//148 3199//147
f 3160//108 3161//109 3201//149
f 3160//108 3201//149 3200//148
f 3161//109 3162//110 3202//150
f 3161//109 3202//150 3201//149
f 3162//110 3163//111 3203//151
f 3162//110 3203//151 3202//150
f 3163//111 3164//112 3204//152
f 3163//111 3204//152 3203//151
f 3164//112 3165//113 3205//153
f 3164//112 3205//153 3204//152
f 3165//113 3166//114 3206//154
f 3165//113 3206//154 3205//153
f 3166//114 3167//115 3207//155
f 3166//114 3207//155 3206//154
f 3167//115 3168//116 3208//156
f 3167//115 3208//156 3207//155
f 3168//116 3169//117 3209//157
f 3168//116 3209//157 3208//156
f 3169//117 3170//118 3210//158
f 3169//117 3210//158 3209//157
f 3170//118 3171//119 3211//159
f 3170//118 3211//159 3210//158
f 3171//119 3172//120 3212//160
f 3171//119 3212//160 3211//159
f 3172//120 3173//121 3213//161
f 3172//120 3213//161 3212//160
f 3173//121 3135//83 3175//123
f 3173//121 3175//123 3213//161
f 3175//123 3174//122 3214//162
f 3175//123 3214//162 3215//163
f 3174//122 3176//124 3216//164
f 3174//122 3216//164 3214//162
f 3176//124 3177//125 3217//165
f 3176//124 3217//165 3216//164
f 3177//125 3178//126 3218//166
f 3177//125 3218//166 3217//165
f 3178//126 3179//127 3219//167
f 3178//126 3219//167 3218//166
f 3179//127 3180//128 3220//168
f 3179//127 3220//168 3219//167
f 3180//128 3181//129 3221//169
f 3180//128 3221//169 3220//168
f 3181//129 3182//130 3222//170
f 3181//129 3222//170 3221//169
f 3182//130 3183//131 3223//171
f 3182//130 3223//171 3222//170
f 3183//131 3184//132 3224//172
f 3183//131 3224//172 3223//171
f 3184//132 3185//133 3225//173
f 3184//132 3225//173 3224//172
f 3185//133 3186//134 3226//174
f 3185//133 3226//174 3225//173
f 3186//134 3187//135 3227//175
f 3186//134 3227//175 3226//174
f 3187//135 3188//136 3228//176
f 3187//135 3228//176 3227//175
f 3188//136 3189//137 3229//177
f 3188//136 3229//177 3228//176
f 3189//137 3190//138 3230//178
f 3189//137 3230//178 3229//177
f 3190//138 3191//139 3231//179
f 3190//138 3231//179 3230//178
f 3191//139 3192//140 3232//180
f 3191//139 3232//180 3231//179
f 3192//140 3193//141 3233//181
f 3192//140 3233//181 3232//180
f 3193//141 3194//142 3234//182
f 3193//141 3234//182 3233//181
f 3194//142 3195//143 3235//183
f 3194//142 3235//183 3234//182
f 3195//143 3196//144 3236//184
f 3195//143 3236//184 3235//183
f 3196//144 3197//145 3237//185
f 3196//144 3237//185 3236//184
f 3197//145 3198//146 3238//186
f 3197//145 3238//186 3237//185
f 3198//146 3199//147 3239//187
f 3198//146 3239//187 3238//186
f 3199//147 3200//148 3240//188
f 3199//147 3240//188 3239//187
f 3200//148 3201//149 3241//189
f 3200//148 3241//189 3240//188
f 3201//149 3202//150 3242//190
f 3201//149 3242//190 3241//189
f 3202//150 3203//151 3243//191
f 3202//150 3243//191 3242//190
f 3203//151 3204//152 3244//192
f 3203//151 3244//192 3243//191
f 3204//152 3205//153 3245//193
f 3204//152 3245//193 3244//192
f 3205//153 3206//154 3246//194
f 3205//153 3246//194 3245//193
f 3206//154 3207//155 3247//195
f 3206//154 3247//195 3246//194
f 3207//155 3208//156 3248//196
f 3207//155 3248//196 3247//195
f 3208//156 3209//157 3249//197
f 3208//156 3249//197 3248//196
f 3209//157 3210//158 3250//198
f 3209//157 3250//198 3249//197
f 3210//158 3211//159 3251//199
f 3210//158 3251//199 3250//198
f 3211//159 3212//160 3252//200
f 3211//159 3252//200 3251//199
f 3212//160 3213//161 3253//201
f 3212//160 3253//201 3252//200
f 3213//161 3175//123 3215//163
f 3213//161 3215//163 3253//201
f 3215//163 3214//162 3254//202
f 3215//163 3254//202 3255//203
f 3214//162 3216//164 3256//204
f 3214//162 3256//204 3254//202
f 3216//164 3217//165 3257//205
f 3216//164 3257//205 3256//204
f 3217//165 3218//166 3258//206
f 3217//165 3258//206 3257//205
f 3218//166 3219//167 3259//207
f 3218//166 3259//207 3258//206
f 3219//167 3220//168 3260//208
f 3219//167 3260//208 3259//207
f 3220//168 3221//169 3261//209
f 3220//168 3261//209 3260//208
f 3221//169 3222//170 3262//210
f 3221//169 3262//210 3261//209
f 3222//170 3223//171 3263//211
f 3222//170 3263//211 3262//210
f 3223//171 3224//172 3264//212
f 3223//171 3264//212 3263//211
f 3224//172 3225//173 3265//213
f 3224//172 3265//213 3264//212
f 3225//173 3226//174 3266//214
f 3225//173 3266//214 3265//213
f 3226//174 3227//175 3267//215
f 3226//174 3267//215 3266//214
f 3227//175 3228//176 3268//216
f 3227//175 3268//216 3267//215
f 3228//176 3229//177 3269//217
f 3228//176 3269//217 3268//216
f 3229//177 3230//178 3270//218
f 3229//177 3270//218 3269//217
f 3230//178 3231//179 3271//219
f 3230//178 3271//219 3270//218
f 3231//179 3232//180 3272//220
f 3231//179 3272//220 3271//219
f 3232//180 3233//181 3273//221
f 3232//180 3273//221 3272//220
f 3233//181 3234//182 3274//222
f 3233//181 3274//222 3273//221
f 3234//182 3235//183 3275//223
f 3234//182 3275//223 3274//222
f 3235//183 3236//184 3276//224
f 3235//183 3276//224 3275//223
f 3236//184 3237//185 3277//225
f 3236//184 3277//225 3276//224
f 3237//185 3238//186 3278//226
f 3237//185 3278//226 3277//225
f 3238//186 3239//187 3279//227
f 3238//186 3279//227 3278//226
f 3239//187 3240//188 3280//228
f 3239//187 3280//228 3279//227
f 3240//188 3241//189 3281//229
f 3240//188 3281//229 3280//228
f 3241//189 3242//190 3282//230
f 3241//189 3282//230 3281//229
f 3242//190 3243//191 3283//231
f 3242//190 3283//231 3282//230
f 3243//191 3244//192 3284//232
f 3243//191 3284//232 3283//231
f 3244//192 3245//193 3285//233
f 3244//192 3285//233 3284//232
f 3245//193 3246//194 3286//234
f 3245//193 3286//234 3285//233
f 3246//194 3247//195 3287//235
f 3246//194 3287//235 3286//234
f 3247//195 3248//196 3288//236
f 3247//195 3288//236 3287//235
f 3248//196 3249//197 3289//237
f 3248//196 3289//237 3288//236
f 3249//197 3250//198 3290//238
f 3249//197 3290//238 3289//237
f 3250//198 3251//199 3291//239
f 3250//198 3291//239 3290//238
f 3251//199 3252//200 3292//240
f 3251//199 3292//240 3291//239
f 3252//200 3253//201 3293//241
f 3252//200 3293//241 3292//240
f 3253//201 3215//163 3255//203
f 3253//201 3255//203 3293//241
f 3255//203 3254//202 3294//242
f 3255//203 3294//242 3295//243
f 3254//202 3256//204 3296//244
f 3254//202 3296//244 3294//242
f 3256//204 3257//205 3297//245
f 3256//204 3297//245 3296//244
f 3257//205 3258//206 3298//246
f 3257//205 3298//246 3297//245
f 3258//206 3259//207 3299//247
f 3258//206 3299//247 3298//246
f 3259//207 3260//208 3300//248
f 3259//207 3300//248 3299//247
f 3260//208 3261//209 3301//249
f 3260//208 3301//249 3300//248
f 3261//209 3262//210 3302//250
f 3261//209 3302//250 3301//249
f 3262//210 3263//211 3303//251
f 3262//210 3303//251 3302//250
f 3263//211 3264//212 3304//252
f 3263//211 3304//252 3303//251
f 3264//212 3265//213 3305//253
f 3264//212 3305//253 3304//252
f 3265//213 3266//214 3306//254
f 3265//213 3306//254 3305//253
f 3266//214 3267//215 3307//255
f 3266//214 3307//255 3306//254
f 3267//215 3268//216 3308//256
f 3267//215 3308//256 3307//255
f 3268//216 3269//217 3309//257
f 3268//216 3309//257 3308//256
f 3269//217 3270//218 3310//258
f 3269//217 3310//258 3309//257
f 3270//218 3271//219 3311//259
f 3270//218 3311//259 3310//258
f 3271//219 3272//220 3312//260
f 3271//219 3312//260 3311//259
f 3272//220 3273//221 3313//261
f 3272//220 3313//261 3312//260
f 3273//221 3274//222 3314//262
f 3273//221 3314//262 3313//261
f 3274//222 3275//223 3315//263
f 3274//222 3315//263 3314//262
f 3275//223 3276//224 3316//264
f 3275//223 3316//264 3315//263
f 3276//224 3277//225 3317//265
f 3276//224 3317//265 3316//264
f 3277//225 3278//226 3318//266
f 3277//225 3318//266 3317//265
f 3278//226 3279//227 3319//267
f 3278//226 3319//267 3318//266
f 3279//227 3280//228 3320//268
f 3279//227 3320//268 3319//267
f 3280//228 3281//229 3321//269
f 3280//228 3321//269 3320//268
f 3281//229 3282//230 3322//270
f 3281//229 3322//270 3321//269
f 3282//230 3283//231 3323//271
f 3282//230 3323//271 3322//270
f 3283//231 3284//232 3324//272
f 3283//231 3324//272 3323//271
f 3284//232 3285//233 3325//273
f 3284//232 3325//273 3324//272
f 3285//233 3286//234 3326//274
f 3285//233 3326//274 3325//273
f 3286//234 3287//235 3327//275
f 3286//234 3327//275 3326//274
f 3287//235 3288//236 3328//276
f 3287//235 3328//276 3327//275
f 3288//236 3289//237 3329//277
f 3288//236 3329//277 3328//276
f 3289//237 3290//238 3330//278
f 3289//237 3330//278 3329//277
f 3290//238 3291//239 3331//279
f 3290//238 3331//279 3330//278
f 3291//239 3292//240 3332//280
f 3291//239 3332//280 3331//279
f 3292//240 3293//241 3333//281
f 3292//240 3333//281 3332//280
f 3293//241 3255//203 3295//243
f 3293//241 3295//243 3333//281
f 3295//243 3294//242 3334//282
f 3295//243 3334//282 3335//283
f 3294//242 3296//244 3336//284
f 3294//242 3336//284 3334//282
f 3296//244 3297//245 3337//285
f 3296//244 3337//285 3336//284
f 3297//245 3298//246 3338//286
f 3297//245 3338//286 3337//285
f 3298//246 3299//247 3339//287
f 3298//246 3339//287 3338//286
f 3299//247 3300//248 3340//288
f 3299//247 3340//288 3339//287
f 3300//248 3301//249 3341//289
f 3300//248 3341//289 3340//288
f 3301//249 3302//250 3342//290
f 3301//249 3342//290 3341//289
f 3302//250 3303//251 3343//291
f 3302//250 3343//291 3342//290
f 3303//251 3304//252 3344//292
f 3303//251 3344//292 3343//291
f 3304//252 3305//253 3345//293
f 3304//252 3345//293 3344//292
f 3305//253 3306//254 3346//294
f 3305//253 3346//294 3345//293
f 3306//254 3307//255 3347//295
f 3306//254 3347//295 3346//294
f 3307//255 3308//256 3348//296
f 3307//255 3348//296 3347//295
f 3308//256 3309//257 3349//297
f 3308//256 3349//297 3348//296
f 3309//257 3310//258 3350//298
f 3309//257 3350//298 3349//297
f 3310//258 3311//259 3351//299
f 3310//258 3351//299 3350//298
f 3311//259 3312//260 3352//300
f 3311//259 3352//300 3351//299
f 3312//260 3313//261 3353//301
f 3312//260 3353//301 3352//300
f 3313//261 3314//262 3354//302
f 3313//261 3354//302 3353//301
f 3314//262 3315//263 3355//303
f 3314//262 3355//303 3354//302
f 3315//263 3316//264 3356//304
f 3315//263 3356//304 3355//303
f 3316//264 3317//265 3357//305
f 3316//264 3357//305 3356//304
f 3317//265 3318//266 3358//306
f 3317//265 3358//306 3357//305
f 3318//266 3319//267 3359//307
f 3318//266 3359//307 3358//306
f 3319//267 3320//268 3360//308
f 3319//267 3360//308 3359//307
f 3320//268 3321//269 3361//309
f 3320//268 3361//309 3360//308
f 3321//269 3322//270 3362//310
f 3321//269 3362//310 3361//309
f 3322//270 3323//271 3363//311
f 3322//270 3363//311 3362//310
f 3323//271 3324//272 3364//312
f 3323//271 3364//312 3363//311
f 3324//272 3325//273 3365//313
f 3324//272 3365//313 3364//312
f 3325//273 3326//274 3366//314
f 3325//273 3366//314 3365//313
f 3326//274 3327//275 3367//315
f 3326//274 3367//315 3366//314
f 3327//275 3328//276 3368//316
f 3327//275 3368//316 3367//315
f 3328//276 3329//277 3369//317
f 3328//276 3369//317 3368//316
f 3329//277 3330//278 3370//318
f 3329//277 3370//318 3369//317
f 3330//278 3331//279 3371//319
f 3330//278 3371//319 3370//318
f 3331//279 3332//280 3372//320
f 3331//279 3372//320 3371//319
f 3332//280 3333//281 3373//321
f 3332//280 3373//321 3372//320
f 3333//281 3295//243 3335//283
f 3333//281 3335//283 3373//321
f 3335//283 3334//282 3374//322
f 3335//283 3374//322 3375//323
f 3334//282 3336//284 3376//324
f 3334//282 3376//324 3374//322
f 3336//284 3337//285 3377//325
f 3336//284 3377//325 3376//324
f 3337//285 3338//286 3378//326
f 3337//285 3378//326 3377//325
f 3338//286 3339//287 3379//327
f 3338//286 3379//327 3378//326
f 3339//287 3340//288 3380//328
f 3339//287 3380//328 3379//327
f 3340//288 3341//289 3381//329
f 3340//288 3381//329 3380//328
f 3341//289 3342//290 3382//330
f 3341//289 3382//330 3381//329
f 3342//290 3343//291 3383//331
f 3342//290 3383//331 3382//330
f 3343//291 3344//292 3384//332
f 3343//291 3384//332 3383//331
f 3344//292 3345//293 3385//333
f 3344//292 3385//333 3384//332
f 3345//293 3346//294 3386//334
f 3345//293 3386//334 3385//333
f 3346//294 3347//295 3387//335
f 3346//294 3387//335 3386//334
f 3347//295 3348//296 3388//336
f 3347//295 3388//336 3387//335
f 3348//296 3349//297 3389//337
f 3348//296 3389//337 3388//336
f 3349//297 3350//298 3390//338
f 3349//297 3390//338 3389//337
f 3350//298 3351//299 3391//339
f 3350//298 3391//339 3390//338
f 3351//299 3352//300 3392//340
f 3351//299 3392//340 3391//339
f 3352//300 3353//301 3393//341
f 3352//300 3393//341 3392//340
f 3353//301 3354//302 3394//342
f 3353//301 3394//342 3393//341
f 3354//302 3355//303 3395//343
f 3354//302 3395//343 3394//342
f 3355//303 3356//304 3396//344
f 3355//303 3396//344 3395//343
f 3356//304 3357//305 3397//345
f 3356//304 3397//345 3396//344
f 3357//305 3358//306 3398//346
f 3357//305 3398//346 3397//345
f 3358//306 3359//307 3399//347
f 3358//306 3399//347 3398//346
f 3359//307 3360//308 3400//348
f 3359//307 3400//348 3399//347
f 3360//308 3361//309 3401//349
f 3360//308 3401//349 3400//348
f 3361//309 3362//310 3402//350
f 3361//309 3402//350 3401//349
f 3362//310 3363//311 3403//351
f 3362//310 3403//351 3402//350
f 3363//311 3364//312 3404//352
f 3363//311 3404//352 3403//351
f 3364//312 3365//313 3405//353
f 3364//312 3405//353 3404//352
f 3365//313 3366//314 3406//354
f 3365//313 3406//354 3405//353
f 3366//314 3367//315 3407//355
f 3366//314 3407//355 3406//354
f 3367//315 3368//316 3408//356
f 3367//315 3408//356 3407//355
f 3368//316 3369//317 3409//357
f 3368//316 3409//357 3408//356
f 3369//317 3370//318 3410//358
f 3369//317 3410//358 3409//357
f 3370//318 3371//319 3411//359
f 3370//318 3411//359 3410//358
f 3371//319 3372//320 3412//360
f 3371//319 3412//360 3411//359
f 3372//320 3373//321 3413//361
f 3372//320 3413//361 3412//360
f 3373//321 3335//283 3375//323
f 3373//321 3375//323 3413//361
f 3375//323 3374//322 3414//362
f 3375//323 3414//362 3415//363
f 3374//322 3376//324 3416//364
f 3374//322 3416//364 3414//362
f 3376//324 3377//325 3417//365
f 3376//324 3417//365 3416//364
f 3377//325 3378//326 3418//366
f 3377//325 3418//366 3417//365
f 3378//326 3379//327 3419//367
f 3378//326 3419//367 3418//366
f 3379//327 3380//328 3420//368
f 3379//327 3420//368 3419//367
f 3380//328 3381//329 3421//369
f 3380//328 3421//369 3420//368
f 3381//329 3382//330 3422//370
f 3381//329 3422//370 3421//369
f 3382//330 3383//331 3423//371
f 3382//330 3423//371 3422//370
f 3383//331 3384//332 3424//372
f 3383//331 3424//372 3423//371
f 3384//332 3385//333 3425//373
f 3384//332 3425//373 3424//372
f 3385//333 3386//334 3426//374
f 3385//333 3426//374 3425//373
f 3386//334 3387//335 3427//375
f 3386//334 3427//375 3426//374
f 3387//335 3388//336 3428//376
f 3387//335 3428//376 3427//375
f 3388//336 3389//337 3429//377
f 3388//336 3429//377 3428//376
f 3389//337 3390//338 3430//378
f 3389//337 3430//378 3429//377
f 3390//338 3391//339 3431//379
f 3390//338 3431//379 3430//378
f 3391//339 3392//340 3432//380
f 3391//339 3432//380 3431//379
f 3392//340 3393//341 3433//381
f 3392//340 3433//381 3432//380
f 3393//341 3394//342 3434//382
f 3393//341 3434//382 3433//381
f 3394//342 3395//343 3435//383
f 3394//342 3435//383 3434//382
f 3395//343 3396//344 3436//384
f 3395//343 3436//384 3435//383
f 3396//344 3397//345 3437//385
f 3396//344 3437//385 3436//384
f 3397//345 3398//346 3438//386
f 3397//345 3438//386 3437//385
f 3398//346 3399//347 3439//387
f 3398//346 3439//387 3438//386
f 3399//347 3400//348 3440//388
f 3399//347 3440//388 3439//387
f 3400//348 3401//349 3441//389
f 3400//348 3441//389 3440//388
f 3401//349 3402//350 3442//390
f 3401//349 3442//390 3441//389
f 3402//350 3403//351 3443//391
f 3402//350 3443//391 3442//390
f 3403//351 3404//352 3444//392
f 3403//351 3444//392 3443//391
f 3404//352 3405//353 3445//393
f 3404//352 3445//393 3444//392
f 3405//353 3406//354 3446//394
f 3405//353 3446//394 3445//393
f 3406//354 3407//355 3447//395
f 3406//354 3447//395 3446//394
f 3407//355 3408//356 3448//396
f 3407//355 3448//396 3447//395
f 3408//356 3409//357 3449//397
f 3408//356 3449//397 3448//396
f 3409//357 3410//358 3450//398
f 3409//357 3450//398 3449//397
f 3410//358 3411//359 3451//399
f 3410//358 3451//399 3450//398
f 3411//359 3412//360 3452//400
f 3411//359 3452//400 3451//399
f 3412//360 3413//361 3453//401
f 3412//360 3453//401 3452//400
f 3413//361 3375//323 3415//363
f 3413//361 3415//363 3453//401
f 3415//363 3414//362 3454//402
f 3415//363 3454//402 3455//403
f 3414//362 3416//364 3456//404
f 3414//362 3456//404 3454//402
f 3416//364 3417//365 3457//405
f 3416//364 3457//405 3456//404
f 3417//365 3418//366 3458//406
f 3417//365 3458//406 3457//405
f 3418//366 3419//367 3459//407
f 3418//366 3459//407 3458//406
f 3419//367 3420//368 3460//408
f 3419//367 3460//408 3459//407
f 3420//368 3421//369 3461//409
f 3420//368 3461//409 3460//408
f 3421//369 3422//370 3462//410
f 3421//369 3462//410 3461//409
f 3422//370 3423//371 3463//411
f 3422//370 3463//411 3462//410
f 3423//371 3424//372 3464//412
f 3423//371 3464//412 3463//411
f 3424//372 3425//373 3465//413
f 3424//372 3465//413 3464//412
f 3425//373 3426//374 3466//414
f 3425//373 3466//414 3465//413
f 3426//374 3427//375 3467//415
f 3426//374 3467//415 3466//414
f 3427//375 3428//376 3468//416
f 3427//375 3468//416 3467//415
f 3428//376 3429//377 3469//417
f 3428//376 3469//417 3468//416
f 3429//377 3430//378 3470//418
f 3429//377 3470//418 3469//417
f 3430//378 3431//379 3471//419
f 3430//378 3471//419 3470//418
f 3431//379 3432//380 3472//420
f 3431//379 3472//420 3471//419
f 3432//380 3433//381 3473//421
f 3432//380 3473//421 3472//420
f 3433//381 3434//382 3474//422
f 3433//381 3474//422 3473//421
f 3434//382 3435//383 3475//423
f 3434//382 3475//423 3474//422
f 3435//383 3436//384 3476//424
f 3435//383 3476//424 3475//423
f 3436//384 3437//385 3477//425
f 3436//384 3477//425 3476//424
f 3437//385 3438//386 3478//426
f 3437//385 3478//426 3477//425
f 3438//386 3439//387 3479//427
f 3438//386 3479//427 3478//426
f 3439//387 3440//388 3480//428
f 3439//387 3480//428 3479//427
f 3440//388 3441//389 3481//429
f 3440//388 3481//429 3480//428
f 3441//389 3442//390 3482//430
f 3441//389 3482//430 3481//429
f 3442//390 3443//391 3483//431
f 3442//390 3483//431 3482//430
f 3443//391 3444//392 3484//432
f 3443//391 3484//432 3483//431
f 3444//392 3445//393 3485//433
f 3444//392 3485//433 3484//432
f 3445//393 3446//394 3486//434
f 3445//393 3486//434 3485//433
f 3446//394 3447//395 3487//435
f 3446//394 3487//435 3486//434
f 3447//395 3448//396 3488//436
f 3447//395 3488//436 3487//435
f 3448//396 3449//397 3489//437
f 3448//396 3489//437 3488//436
f 3449//397 3450//398 3490//438
f 3449//397 3490//438 3489//437
f 3450//398 3451//399 3491//439
f 3450//398 3491//439 3490//438
f 3451//399 3452//400 3492//440
f 3451//399 3492//440 3491//439
f 3452//400 3453//401 3493//441
f 3452//400 3493//441 3492//440
f 3453//401 3415//363 3455//403
f 3453//401 3455//403 3493//441
f 3455//403 3454//402 3494//442
f 3455//403 3494//442 3495//443
f 3454//402 3456//404 3496//444
f 3454//402 3496//444 3494//442
f 3456//404 3457//405 3497//445
f 3456//404 3497//445 3496//444
f 3457//405 3458//406 3498//446
f 3457//405 3498//446 3497//445
f 3458//406 3459//407 3499//447
f 3458//406 3499//447 3498//446
f 3459//407 3460//408 3500//448
f 3459//407 3500//448 3499//447
f 3460//408 3461//409 3501//449
f 3460//408 3501//449 3500//448
f 3461//409 3462//410 3502//450
f 3461//409 3502//450 3501//449
f 3462//410 3463//411 3503//451
f 3462//410 3503//451 3502//450
f 3463//411 3464//412 3504//452
f 3463//411 3504//452 3503//451
f 3464//412 3465//413 3505//453
f 3464//412 3505//453 3504//452
f 3465//413 3466//414 3506//454
f 3465//413 3506//454 3505//453
f 3466//414 3467//415 3507//455
f 3466//414 3507//455 3506//454
f 3467//415 3468//416 3508//456
f 3467//415 3508//456 3507//455
f 3468//416 3469//417 3509//457
f 3468//416 3509//457 3508//456
f 3469//417 3470//418 3510//458
f 3469//417 3510//458 3509//457
f 3470//418 3471//419 3511//459
f 3470//418 3511//459 3510//458
f 3471//419 3472//420 3512//460
f 3471//419 3512//460 3511//459
f 3472//420 3473//421 3513//461
f 3472//420 3513//461 3512//460
f 3473//421 3474//422 3514//462
f 3473//421 3514//462 3513//461
f 3474//422 3475//423 3515//463
f 3474//422 3515//463 3514//462
f 3475//423 3476//424 3516//464
f 3475//423 3516//464 3515//463
f 3476//424 3477//425 3517//465
f 3476//424 3517//465 3516//464
f 3477//425 3478//426 3518//466
f 3477//425 3518//466 3517//465
f 3478//426 3479//427 3519//467
f 3478//426 3519//467 3518//466
f 3479//427 3480//428 3520//468
f 3479//427 3520//468 3519//467
f 3480//428 3481//429 3521//469
f 3480//428 3521//469 3520//468
f 3481//429 3482//430 3522//470
f 3481//429 3522//470 3521//469
f 3482//430 3483//431 3523//471
f 3482//430 3523//471 3522//470
f 3483//431 3484//432 3524//472
f 3483//431 3524//472 3523//471
f 3484//432 3485//433 3525//473
f 3484//432 3525//473 3524//472
f 3485//433 3486//434 3526//474
f 3485//433 3526//474 3525//473
f 3486//434 3487//435 3527//475
f 3486//434 3527//475 3526//474
f 3487//435 3488//436 3528//476
f 3487//435 3528//476 3527//475
f 3488//436 3489//437 3529//477
f 3488//436 3529//477 3528//476
f 3489//437 3490//438 3530//478
f 3489//437 3530//478 3529//477
f 3490//438 3491//439 3531//479
f 3490//438 3531//479 3530//478
f 3491//439 3492//440 3532//480
f 3491//439 3532//480 3531//479
f 3492//440 3493//441 3533//481
f 3492//440 3533//481 3532//480
f 3493//441 3455//403 3495//443
f 3493//441 3495//443 3533//481
f 3495//443 3494//442 3534//482
f 3495//443 3534//482 3535//483
f 3494//442 3496//444 3536//484
f 3494//442 3536//484 3534//482
f 3496//444 3497//445 3537//485
f 3496//444 3537//485 3536//484
f 3497//445 3498//446 3538//486
f 3497//445 3538//486 3537//485
f 3498//446 3499//447 3539//487
f 3498//446 3539//487 3538//486
f 3499//447 3500//448 3540//488
f 3499//447 3540//488 3539//487
f 3500//448 3501//449 3541//489
f 3500//448 3541//489 3540//488
f 3501//449 3502//450 3542//490
f 3501//449 3542//490 3541//489
f 3502//450 3503//451 3543//491
f 3502//450 3543//491 3542//490
f 3503//451 3504//452 3544//492
f 3503//451 3544//492 3543//491
f 3504//452 3505//453 3545//493
f 3504//452 3545//493 3544//492
f 3505//453 3506//454 3546//494
f 3505//453 3546//494 3545//493
f 3506//454 3507//455 3547//495
f 3506//454 3547//495 3546//494
f 3507//455 3508//456 3548//496
f 3507//455 3548//496 3547//495
f 3508//456 3509//457 3549//497
f 3508//456 3549//497 3548//496
f 3509//457 3510//458 3550//498
f 3509//457 3550//498 3549//497
f 3510//458 3511//459 3551//499
f 3510//458 3551//499 3550//498
f 3511//459 3512//460 3552//500
f 3511//459 3552//500 3551//499
f 3512//460 3513//461 3553//501
f 3512//460 3553//501 3552//500
f 3513//461 3514//462 3554//502
f 3513//461 3554//502 3553//501
f 3514//462 3515//463 3555//503
f 3514//462 3555//503 3554//502
f 3515//463 3516//464 3556//504
f 3515//463 3556//504 3555//503
f 3516//464 3517//465 3557//505
f 3516//464 3557//505 3556//504
f 3517//465 3518//466 3558//506
f 3517//465 3558//506 3557//505
f 3518//466 3519//467 3559//507
f 3518//466 3559//507 3558//506
f 3519//467 3520//468 3560//508
f 3519//467 3560//508 3559//507
f 3520//468 3521//469 3561//509
f 3520//468 3561//509 3560//508
f 3521//469 3522//470 3562//510
f 3521//469 3562//510 3561//509
f 3522//470 3523//471 3563//511
f 3522//470 3563//511 3562//510
f 3523//471 3524//472 3564//512
f 3523//471 3564//512 3563//511
f 3524//472 3525//473 3565//513
f 3524//472 3565//513 3564//512
f 3525//473 3526//474 3566//514
f 3525//473 3566//514 3565//513
f 3526//474 3527//475 3567//515
f 3526//474 3567//515 3566//514
f 3527//475 3528//476 3568//516
f 3527//475 3568//516 3567//515
f 3528//476 3529//477 3569//517
f 3528//476 3569//517 3568//516
f 3529//477 3530//478 3570//518
f 3529//477 3570//518 3569//517
f 3530//478 3531//479 3571//519
f 3530//478 3571//519 3570//518
f 3531//479 3532//480 3572//520
f 3531//479 3572//520 3571//519
f 3532//480 3533//481 3573//521
f 3532//480 3573//521 3572//520
f 3533//481 3495//443 3535//483
f 3533//481 3535//483 3573//521
f 3535//483 3534//482 3574//522
f 3535//483 3574//522 3575//523
f 3534//482 3536//484 3576//524
f 3534//482 3576//524 3574//522
f 3536//484 3537//485 3577//525
f 3536//484 3577//525 3576//524
f 3537//485 3538//486 3578//526
f 3537//485 3578//526 3577//525
f 3538//486 3539//487 3579//527
f 3538//486 3579//527 3578//526
f 3539//487 3540//488 3580//528
f 3539//487 3580//528 3579//527
f 3540//488 3541//489 3581//529
f 3540//488 3581//529 3580//528
f 3541//489 3542//490 3582//530
f 3541//489 3582//530 3581//529
f 3542//490 3543//491 3583//531
f 3542//490 3583//531 3582//530
f 3543//491 3544//492 3584//532
f 3543//491 3584//532 3583//531
f 3544//492 3545//493 3585//533
f 3544//492 3585//533 3584//532
f 3545//493 3546//494 3586//534
f 3545//493 3586//534 3585//533
f 3546//494 3547//495 3587//535
f 3546//494 3587//535 3586//534
f 3547//495 3548//496 3588//536
f 3547//495 3588//536 3587//535
f 3548//496 3549//497 3589//537
f 3548//496 3589//537 3588//536
f 3549//497 3550//498 3590//538
f 3549//497 3590//538 3589//537
f 3550//498 3551//499 3591//539
f 3550//498 3591//539 3590//538
f 3551//499 3552//500 3592//540
f 3551//499 3592//540 3591//539
f 3552//500 3553//501 3593//541
f 3552//500 3593//541 3592//540
f 3553//501 3554//502 3594//542
f 3553//501 3594//542 3593//541
f 3554//502 3555//503 3595//543
f 3554//502 3595//543 3594//542
f 3555//503 3556//504 3596//544
f 3555//503 3596//544 3595//543
f 3556//504 3557//505 3597//545
f 3556//504 3597//545 3596//544
f 3557//505 3558//506 3598//546
f 3557//505 3598//546 3597//545
f 3558//506 3559//507 3599//547
f 3558//506 3599//547 3598//546
f 3559//507 3560//508 3600//548
f 3559//507 3600//548 3599//547
f 3560//508 3561//509 3601//549
f 3560//508 3601//549 3600//548
f 3561//509 3562//510 3602//550
f 3561//509 3602//550 3601//549
f 3562//510 3563//511 3603//551
f 3562//510 3603//551 3602//550
f 3563//511 3564//512 3604//552
f 3563//511 3604//552 3603//551
f 3564//512 3565//513 3605//553
f 3564//512 3605//553 3604//552
f 3565//513 3566//514 3606//554
f 3565//513 3606//554 3605//553
f 3566//514 3567//515 3607//555
f 3566//514 3607//555 3606//554
f 3567//515 3568//516 3608//556
f 3567//515 3608//556 3607//555
f 3568//516 3569//517 3609//557
f 3568//516 3609//557 3608//556
f 3569//517 3570//518 3610//558
f 3569//517 3610//558 3609//557
f 3570//518 3571//519 3611//559
f 3570//518 3611//559 3610//558
f 3571//519 3572//520 3612//560
f 3571//519 3612//560 3611//559
f 3572//520 3573//521 3613//561
f 3572//520 3613//561 3612//560
f 3573//521 3535//483 3575//523
f 3573//521 3575//523 3613//561
f 3575//523 3574//522 3614//562
f 3575//523 3614//562 3615//563
f 3574//522 3576//524 3616//564
f 3574//522 3616//564 3614//562
f 3576//524 3577//525 3617//565
f 3576//524 3617//565 3616//564
f 3577//525 3578//526 3618//566
f 3577//525 3618//566 3617//565
f 3578//526 3579//527 3619//567
f 3578//526 3619//567 3618//566
f 3579//527 3580//528 3620//568
f 3579//527 3620//568 3619//567
f 3580//528 3581//529 3621//569
f 3580//528 3621//569 3620//568
f 3581//529 3582//530 3622//570
f 3581//529 3622//570 3621//569
f 3582//530 3583//531 3623//571
f 3582//530 3623//571 3622//570
f 3583//531 3584//532 3624//572
f 3583//531 3624//572 3623//571
f 3584//532 3585//533 3625//573
f 3584//532 3625//573 3624//572
f 3585//533 3586//534 3626//574
f 3585//533 3626//574 3625//573
f 3586//534 3587//535 3627//575
f 3586//534 3627//575 3626//574
f 3587//535 3588//536 3628//576
f 3587//535 3628//576 3627//575
f 3588//536 3589//537 3629//577
f 3588//536 3629//577 3628//576
f 3589//537 3590//538 3630//578
f 3589//537 3630//578 3629//577
f 3590//538 3591//539 3631//579
f 3590//538 3631//579 3630//578
f 3591//539 3592//540 3632//580
f 3591//539 3632//580 3631//579
f 3592//540 3593//541 3633//581
f 3592//540 3633//581 3632//580
f 3593//541 3594//542 3634//582
f 3593//541 3634//582 3633//581
f 3594//542 3595//543 3635//583
f 3594//542 3635//583 3634//582
f 3595//543 3596//544 3636//584
f 3595//543 3636//584 3635//583
f 3596//544 3597//545 3637//585
f 3596//544 3637//585 3636//584
f 3597//545 3598//546 3638//586
f 3597//545 3638//586 3637//585
f 3598//546 3599//547 3639//587
f 3598//546 3639//587 3638//586
f 3599//547 3600//548 3640//588
f 3599//547 3640//588 3639//587
f 3600//548 3601//549 3641//589
f 3600//548 3641//589 3640//588
f 3601//549 3602//550 3642//590
f 3601//549 3642//590 3641//589
f 3602//550 3603//551 3643//591
f 3602//550 3643//591 3642//590
f 3603//551 3604//552 3644//592
f 3603//551 3644//592 3643//591
f 3604//552 3605//553 3645//593
f 3604//552 3645//593 3644//592
f 3605//553 3606//554 3646//594
f 3605//553 3646//594 3645//593
f 3606//554 3607//555 3647//595
f 3606//554 3647//595 3646//594
f 3607//555 3608//556 3648//596
f 3607//555 3648//596 3647//595
f 3608//556 3609//557 3649//597
f 3608//556 3649//597 3648//596
f 3609//557 3610//558 3650//598
f 3609//557 3650//598 3649//597
f 3610//558 3611//559 3651//599
f 3610//558 3651//599 3650//598
f 3611//559 3612//560 3652//600
f 3611//559 3652//600 3651//599
f 3612//560 3613//561 3653//601
f 3612//560 3653//601 3652//600
f 3613//561 3575//523 3615//563
f 3613//561 3615//563 3653//601
f 3615//563 3614//562 3654//602
f 3615//563 3654//602 3655//603
f 3614//562 3616//564 3656//604
f 3614//562 3656//604 3654//602
f 3616//564 3617//565 3657//605
f 3616//564 3657//605 3656//604
f 3617//565 3618//566 3658//606
f 3617//565 3658//606 3657//605
f 3618//566 3619//567 3659//607
f 3618//566 3659//607 3658//606
f 3619//567 3620//568 3660//608
f 3619//567 3660//608 3659//607
f 3620//568 3621//569 3661//609
f 3620//568 3661//609 3660//608
f 3621//569 3622//570 3662//610
f 3621//569 3662//610 3661//609
f 3622//570 3623//571 3663//611
f 3622//570 3663//611 3662//610
f 3623//571 3624//572 3664//612
f 3623//571 3664//612 3663//611
f 3624//572 3625//573 3665//613
f 3624//572 3665//613 3664//612
f 3625//573 3626//574 3666//614
f 3625//573 3666//614 3665//613
f 3626//574 3627//575 3667//615
f 3626//574 3667//615 3666//614
f 3627//575 3628//576 3668//616
f 3627//575 3668//616 3667//615
f 3628//576 3629//577 3669//617
f 3628//576 3669//617 3668//616
f 3629//577 3630//578 3670//618
f 3629//577 3670//618 3669//617
f 3630//578 3631//579 3671//619
f 3630//578 3671//619 3670//618
f 3631//579 3632//580 3672//620
f 3631//579 3672//620 3671//619
f 3632//580 3633//581 3673//621
f 3632//580 3673//621 3672//620
f 3633//581 3634//582 3674//622
f 3633//581 3674//622 3673//621
f 3634//582 3635//583 3675//623
f 3634//582 3675//623 3674//622
f 3635//583 3636//584 3676//624
f 3635//583 3676//624 3675//623
f 3636//584 3637//585 3677//625
f 3636//584 3677//625 3676//624
f 3637//585 3638//586 3678//626
f 3637//585 3678//626 3677//625
f 3638//586 3639//587 3679//627
f 3638//586 3679//627 3678//626
f 3639//587 3640//588 3680//628
f 3639//587 3680//628 3679//627
f 3640//588 3641//589 3681//629
f 3640//588 3681//629 3680//628
f 3641//589 3642//590 3682//630
f 3641//589 3682//630 3681//629
f 3642//590 3643//591 3683//631
f 3642//590 3683//631 3682//630
f 3643//591 3644//592 3684//632
f 3643//591 3684//632 3683//631
f 3644//592 3645//593 3685//633
f 3644//592 3685//633 3684//632
f 3645//593 3646//594 3686//634
f 3645//593 3686//634 3685//633
f 3646//594 3647//595 3687//635
f 3646//594 3687//635 3686//634
f 3647//595 3648//596 3688//636
f 3647//595 3688//636 3687//635
f 3648//596 3649//597 3689//637
f 3648//596 3689//637 3688//636
f 3649//597 3650//598 3690//638
f 3649//597 3690//638 3689//637
f 3650//598 3651//599 3691//639
f 3650//598 3691//639 3690//638
f 3651//599 3652//600 3692//640
f 3651//599 3692//640 3691//639
f 3652//600 3653//601 3693//641
f 3652//600 3693//641 3692//640
f 3653//601 3615//563 3655//603
f 3653//601 3655//603 3693//641
f 3655//603 3654//602 3694//642
f 3655//603 3694//642 3695//643
f 3654//602 3656//604 3696//644
f 3654//602 3696//644 3694//642
f 3656//604 3657//605 3697//645
f 3656//604 3697//645 3696//644
f 3657//605 3658//606 3698//646
f 3657//605 3698//646 3697//645
f 3658//606 3659//607 3699//647
f 3658//606 3699//647 3698//646
f 3659//607 3660//608 3700//648
f 3659//607 3700//648 3699//647
f 3660//608 3661//609 3701//649
f 3660//608 3701//649 3700//648
f 3661//609 3662//610 3702//650
f 3661//609 3702//650 3701//649
f 3662//610 3663//611 3703//651
f 3662//610 3703//651 3702//650
f 3663//611 3664//612 3704//652
f 3663//611 3704//652 3703//651
f 3664//612 3665//613 3705//653
f 3664//612 3705//653 3704//652
f 3665//613 3666//614 3706//654
f 3665//613 3706//654 3705//653
f 3666//614 3667//615 3707//655
f 3666//614 3707//655 3706//654
f 3667//615 3668//616 3708//656
f 3667//615 3708//656 3707//655
f 3668//616 3669//617 3709//657
f 3668//616 3709//657 3708//656
f 3669//617 3670//618 3710//658
f 3669//617 3710//658 3709//657
f 3670//618 3671//619 3711//659
f 3670//618 3711//659 3710//658
f 3671//619 3672//620 3712//660
f 3671//619 3712//660 3711//659
f 3672//620 3673//621 3713//661
f 3672//620 3713//661 3712//660
f 3673//621 3674//622 3714//662
f 3673//621 3714//662 3713//661
f 3674//622 3675//623 3715//663
f 3674//622 3715//663 3714//662
f 3675//623 3676//624 3716//664
f 3675//623 3716//664 3715//663
f 3676//624 3677//625 3717//665
f 3676//624 3717//665 3716//664
f 3677//625 3678//626 3718//666
f 3677//625 3718//666 3717//665
f 3678//626 3679//627 3719//667
f 3678//626 3719//667 3718//666
f 3679//627 3680//628 3720//668
f 3679//627 3720//668 3719//667
f 3680//628 3681//629 3721//669
f 3680//628 3721//669 3720//668
f 3681//629 3682//630 3722//670
f 3681//629 3722//670 3721//669
f 3682//630 3683//631 3723//671
f 3682//630 3723//671 3722//670
f 3683//631 3684//632 3724//672
f 3683//631 3724//672 3723//671
f 3684//632 3685//633 3725//673
f 3684//632 3725//673 3724//672
f 3685//633 3686//634 3726//674
f 3685//633 3726//674 3725//673
f 3686//634 3687//635 3727//675
f 3686//634 3727//675 3726//674
f 3687//635 3688//636 3728//676
f 3687//635 3728//676 3727//675
f 3688//636 3689//637 3729//677
f 3688//636 3729//677 3728//676
f 3689//637 3690//638 3730//678
f 3689//637 3730//678 3729//677
f 3690//638 3691//639 3731//679
f 3690//638 3731//679 3730//678
f 3691//639 3692//640 3732//680
f 3691//639 3732//680 3731//679
f 3692//640 3693//641 3733//681
f 3692//640 3733//681 3732//680
f 3693//641 3655//603 3695//643
f 3693//641 3695//643 3733//681
f 3695//643 3694//642 3734//682
f 3695//643 3734//682 3735//683
f 3694//642 3696//644 3736//684
f 3694//642 3736//684 3734//682
f 3696//644 3697//645 3737//685
f 3696//644 3737//685 3736//684
f 3697//645 3698//646 3738//686
f 3697//645 3738//686 3737//685
f 3698//646 3699//647 3739//687
f 3698//646 3739//687 3738//686
f 3699//647 3700//648 3740//688
f 3699//647 3740//688 3739//687
f 3700//648 3701//649 3741//689
f 3700//648 3741//689 3740//688
f 3701//649 3702//650 3742//690
f 3701//649 3742//690 3741//689
f 3702//650 3703//651 3743//691
f 3702//650 3743//691 3742//690
f 3703//651 3704//652 3744//692
f 3703//651 3744//692 3743//691
f 3704//652 3705//653 3745//693
f 3704//652 3745//693 3744//692
f 3705//653 3706//654 3746//694
f 3705//653 3746//694 3745//693
f 3706//654 3707//655 3747//695
f 3706//654 3747//695 3746//694
f 3707//655 3708//656 3748//696
f 3707//655 3748//696 3747//695
f 3708//656 3709//657 3749//697
f 3708//656 3749//697 3748//696
f 3709//657 3710//658 3750//698
f 3709//657 3750//698 3749//697
f 3710//658 3711//659 3751//699
f 3710//658 3751//699 3750//698
f 3711//659 3712//660 3752//700
f 3711//659 3752//700 3751//699
f 3712//660 3713//661 3753//701
f 3712//660 3753//701 3752//700
f 3713//661 3714//662 3754//702
f 3713//661 3754//702 3753//701
f 3714//662 3715//663 3755//703
f 3714//662 3755//703 3754//702
f 3715//663 3716//664 3756//704
f 3715//663 3756//704 3755//703
f 3716//664 3717//665 3757//705
f 3716//664 3757//705 3756//704
f 3717//665 3718//666 3758//706
f 3717//665 3758//706 3757//705
f 3718//666 3719//667 3759//707
f 3718//666 3759//707 3758//706
f 3719//667 3720//668 3760//708
f 3719//667 3760//708 3759//707
f 3720//668 3721//669 3761//709
f 3720//668 3761//709 3760//708
f 3721//669 3722//670 3762//710
f 3721//669 3762//710 3761//709
f 3722//670 3723//671 3763//711
f 3722//670 3763//711 3762//710
f 3723//671 3724//672 3764//712
f 3723//671 3764//712 3763//711
f 3724//672 3725//673 3765//713
f 3724//672 3765//713 3764//712
f 3725//673 3726//674 3766//714
f 3725//673 3766//714 3765//713
f 3726//674 3727//675 3767//715
f 3726//674 3767//715 3766//714
f 3727//675 3728//676 3768//716
f 3727//675 3768//716 3767//715
f 3728//676 3729//677 3769//717
f 3728//676 3769//717 3768//716
f 3729//677 3730//678 3770//718
f 3729//677 3770//718 3769//717
f 3730//678 3731//679 3771//719
f 3730//678 3771//719 3770//718
f 3731//679 3732//680 3772//720
f 3731//679 3772//720 3771//719
f 3732//680 3733//681 3773//721
f 3732//680 3773//721 3772//720
f 3733//681 3695//643 3735//683
f 3733//681 3735//683 3773//721
f 3735//683 3734//682 3774//722
f 3735//683 3774//722 3775//723
f 3734//682 3736//684 3776//724
f 3734//682 3776//724 3774//722
f 3736//684 3737//685 3777//725
f 3736//684 3777//725 3776//724
f 3737//685 3738//686 3778//726
f 3737//685 3778//726 3777//725
f 3738//686 3739//687 3779//727
f 3738//686 3779//727 3778//726
f 3739//687 3740//688 3780//728
f 3739//687 3780//728 3779//727
f 3740//688 3741//689 3781//729
f 3740//688 3781//729 3780//728
f 3741//689 3742//690 3782//730
f 3741//689 3782//730 3781//729
f 3742//690 3743//691 3783//731
f 3742//690 3783//731 3782//730
f 3743//691 3744//692 3784//732
f 3743//691 3784//732 3783//731
f 3744//692 3745//693 3785//733
f 3744//692 3785//733 3784//732
f 3745//693 3746//694 3786//734
f 3745//693 3786//734 3785//733
f 3746//694 3747//695 3787//735
f 3746//694 3787//735 3786//734
f 3747//695 3748//696 3788//736
f 3747//695 3788//736 3787//735
f 3748//696 3749//697 3789//737
f 3748//696 3789//737 3788//736
f 3749//697 3750//698 3790//738
f 3749//697 3790//738 3789//737
f 3750//698 3751//699 3791//739
f 3750//698 3791//739 3790//738
f 3751//699 3752//700 3792//740
f 3751//699 3792//740 3791//739
f 3752//700 3753//701 3793//741
f 3752//700 3793//741 3792//740
f 3753//701 3754//702 3794//742
f 3753//701 3794//742 3793//741
f 3754//702 3755//703 3795//743
f 3754//702 3795//743 3794//742
f 3755//703 3756//704 3796//744
f 3755//703 3796//744 3795//743
f 3756//704 3757//705 3797//745
f 3756//704 3797//745 3796//744
f 3757//705 3758//706 3798//746
f 3757//705 3798//746 3797//745
f 3758//706 3759//707 3799//747
f 3758//706 3799//747 3798//746
f 3759//707 3760//708 3800//748
f 3759//707 3800//748 3799//747
f 3760//708 3761//709 3801//749
f 3760//708 3801//749 3800//748
f 3761//709 3762//710 3802//750
f 3761//709 3802//750 3801//749
f 3762//710 3763//711 3803//751
f 3762//710 3803//751 3802//750
f 3763//711 3764//712 3804//752
f 3763//711 3804//752 3803//751
f 3764//712 3765//713 3805//753
f 3764//712 3805//753 3804//752
f 3765//713 3766//714 3806//754
f 3765//713 3806//754 3805//753
f 3766//714 3767//715 3807//755
f 3766//714 3807//755 3806//754
f 3767//715 3768//716 3808//756
f 3767//715 3808//756 3807//755
f 3768//716 3769//717 3809//757
f 3768//716 3809//757 3808//756
f 3769//717 3770//718 3810//758
f 3769//717 3810//758 3809//757
f 3770//718 3771//719 3811//759
f 3770//718 3811//759 3810//758
f 3771//719 3772//720 3812//760
f 3771//719 3812//760 3811//759
f 3772//720 3773//721 3813//761
f 3772//720 3813//761 3812//760
f 3773//721 3735//683 3775//723
f 3773//721 3775//723 3813//761
f 3775//723 3774//722 3814//762
f 3774//722 3776//724 3814//762
f 3776//724 3777//725 3814//762
f 3777//725 3778//726 3814//762
f 3778//726 3779//727 3814//762
f 3779//727 3780//728 3814//762
f 3780//728 3781//729 3814//762
f 3781//729 3782//730 3814//762
f 3782//730 3783//731 3814//762
f 3783//731 3784//732 3814//762
f 3784//732 3785//733 3814//762
f 3785//733 3786//734 3814//762
f 3786//734 3787//735 3814//762
f 3787//735 3788//736 3814//762
f 3788//736 3789//737 3814//762
f 3789//737 3790//738 3814//762
f 3790//738 3791//739 3814//762
f 3791//739 3792//740 3814//762
f 3792//740 3793//741 3814//762
f 3793//741 3794//742 3814//762
f 3794//742 3795//743 3814//762
f 3795//743 3796//744 3814//762
f 3796//744 3797//745 3814//762
f 3797//745 3798//746 3814//762
f 3798//746 3799//747 3814//762
f 3799//747 3800//748 3814//762
f 3800//748 3801//749 3814//762
f 3801//749 3802//750 3814//762
f 3802//750 3803//751 3814//762
f 3803//751 3804//752 3814//762
f 3804//752 3805//753 3814//762
f 3805//753 3806//754 3814//762
f 3806//754 3807//755 3814//762
f 3807//755 3808//756 3814//762
f 3808//756 3809//757 3814//762
f 3809//757 3810//758 3814//762
f 3810//758 3811//759 3814//762
f 3811//759 3812//760 3814//762
f 3812//760 3813//761 3814//762
f 3813//761 3775//723 3814//762
usemtl gold5
f 3815//1 3816//2 3817//3
f 3815//1 3818//4 3816//2
f 3815//1 3819//5 3818//4
f 3815//1 3820//6 3819//5
f 3815//1 3821//7 3820//6
f 3815//1 3822//8 3821//7
f 3815//1 3823//9 3822//8
f 3815//1 3824//10 3823//9
f 3815//1 3825//11 3824//10
f 3815//1 3826//12 3825//11
f 3815//1 3827//13 3826//12
f 3815//1 3828//14 3827//13
f 3815//1 3829//15 3828//14
f 3815//1 3830//16 3829//15
f 3815//1 3831//17 3830//16
f 3815//1 3832//18 3831//17
f 3815//1 3833//19 3832//18
f 3815//1 3834//20 3833//19
f 3815//1 3835//21 3834//20
f 3815//1 3836//22 3835//21
f 3815//1 3837//23 3836//22
f 3815//1 3838//24 3837//23
f 3815//1 3839//25 3838//24
f 3815//1 3840//26 3839//25
f 3815//1 3841//27 3840//26
f 3815//1 3842//28 3841//27
f 3815//1 3843//29 3842//28
f 3815//1 3844//30 3843//29
f 3815//1 3845//31 3844//30
f 3815//1 3846//32 3845//31
f 3815//1 3847//33 3846//32
f 3815//1 3848//34 3847//33
f 3815//1 3849//35 3848//34
f 3815//1 3850//36 3849//35
f 3815//1 3851//37 3850//36
f 3815//1 3852//38 3851//37
f 3815//1 3853//39 3852//38
f 3815//1 3854//40 3853//39
f 3815//1 3855//41 3854//40
f 3815//1 3817//3 3855//41
f 3817//3 3816//2 3856//42
f 3817//3 3856//42 3857//43
f 3816//2 3818//4 3858//44
f 3816//2 3858//44 3856//42
f 3818//4 3819//5 3859//45
f 3818//4 3859//45 3858//44
f 3819//5 3820//6 3860//46
f 3819//5 3860//46 3859//45
f 3820//6 3821//7 3861//47
f 3820//6 3861//47 3860//46
f 3821//7 3822//8 3862//48
f 3821//7 3862//48 3861//47
f 3822//8 3823//9 3863//49
f 3822//8 3863//49 3862//48
f 3823//9 3824//10 3864//50
f 3823//9 3864//50 3863//49
f 3824//10 3825//11 3865//51
f 3824//10 3865//51 3864//50
f 3825//11 3826//12 3866//52
f 3825//11 3866//52 3865//51
f 3826//12 3827//13 3867//53
f 3826//12 3867//53 3866//52
f 3827//13 3828//14 3868//54
f 3827//13 3868//54 3867//53
f 3828//14 3829//15 3869//55
f 3828//14 3869//55 3868//54
f 3829//15 3830//16 3870//56
f 3829//15 3870//56 3869//55
f 3830//16 3831//17 3871//57
f 3830//16 3871//57 3870//56
f 3831//17 3832//18 3872//58
f 3831//17 3872//58 3871//57
f 3832//18 3833//19 3873//59
f 3832//18 3873//59 3872//58
f 3833//19 3834//20 3874//60
f 3833//19 3874//60 3873//59
f 3834//20 3835//21 3875//61
f 3834//20 3875//61 3874//60
f 3835//21 3836//22 3876//62
f 3835//21 3876//62 3875//61
f 3836//22 3837//23 3877//63
f 3836//22 3877//63 3876//62
f 3837//23 3838//24 3878//64
f 3837//23 3878//64 3877//63
f 3838//24 3839//25 3879//65
f 3838//24 3879//65 3878//64
f 3839//25 3840//26 3880//66
f 3839//25 3880//66 3879//65
f 3840//26 3841//27 3881//67
f 3840//26 3881//67 3880//66
f 3841//27 3842//28 3882//68
f 3841//27 3882//68 3881//67
f 3842//28 3843//29 3883//69
f 3842//28 3883//69 3882//68
f 3843//29 3844//30 3884//70
f 3843//29 3884//70 3883//69
f 3844//30 3845//31 3885//71
f 3844//30 3885//71 3884//70
f 3845//31 3846//32 3886//72
f 3845//31 3886//72 3885//71
f 3846//32 3847//33 3887//73
f 3846//32 3887//73 3886//72
f 3847//33 3848//34 3888//74
f 3847//33 3888//74 3887//73
f 3848//34 3849//35 3889//75
f 3848//34 3889//75 3888//74
f 3849//35 3850//36 3890//76
f 3849//35 3890//76 3889//75
f 3850//36 3851//37 3891//77
f 3850//36 3891//77 3890//76
f 3851//37 3852//38 3892//78
f 3851//37 3892//78 3891//77
f 3852//38 3853//39 3893//79
f 3852//38 3893//79 3892//78
f 3853//39 3854//40 3894//80
f 3853//39 3894//80 3893//79
f 3854//40 3855//41 3895//81
f 3854//40 3895//81 3894//80
f 3855//41 3817//3 3857//43
f 3855//41 3857//43 3895//81
f 3857//43 3856//42 3896//82
f 3857//43 3896//82 3897//83
f 3856//42 3858//44 3898//84
f 3856//42 3898//84 3896//82
f 3858//44 3859//45 3899//85
f 3858//44 3899//85 3898//84
f 3859//45 3860//46 3900//86
f 3859//45 3900//86 3899//85
f 3860//46 3861//47 3901//87
f 3860//46 3901//87 3900//86
f 3861//47 3862//48 3902//88
f 3861//47 3902//88 3901//87
f 3862//48 3863//49 3903//89
f 3862//48 3903//89 3902//88
f 3863//49 3864//50 3904//90
f 3863//49 3904//90 3903//89
f 3864//50 3865//51 3905//91
f 3864//50 3905//91 3904//90
f 3865//51 3866//52 3906//92
f 3865//51 3906//92 3905//91
f 3866//52 3867//53 3907//93
f 3866//52 3907//93 3906//92
f 3867//53 3868//54 3908//94
f 3867//53 3908//94 3907//93
f 3868//54 3869//55 3909//95
f 3868//54 3909//95 3908//94
f 3869//55 3870//56 3910//96
f 3869//55 3910//96 3909//95
f 3870//56 3871//57 3911//97
f 3870//56 3911//97 3910//96
f 3871//57 3872//58 3912//98
f 3871//57 3912//98 3911//97
f 3872//58 3873//59 3913//99
f 3872//58 3913//99 3912//98
f 3873//59 3874//60 3914//100
f 3873//59 3914//100 3913//99
f 3874//60 3875//61 3915//101
f 3874//60 3915//101 3914//100
f 3875//61 3876//62 3916//102
f 3875//61 3916//102 3915//101
f 3876//62 3877//63 3917//103
f 3876//62 3917//103 3916//102
f 3877//63 3878//64 3918//104
f 3877//63 3918//104 3917//103
f 3878//64 3879//65 3919//105
f 3878//64 3919//105 3918//104
f 3879//65 3880//66 3920//106
f 3879//65 3920//106 3919//105
f 3880//66 3881//67 3921//107
f 3880//66 3921//107 3920//106
f 3881//67 3882//68 3922//108
f 3881//67 3922//108 3921//107
f 3882//68 3883//69 3923//109
f 3882//68 3923//109 3922//108
f 3883//69 3884//70 3924//110
f 3883//69 3924//110 3923//109
f 3884//70 3885//71 3925//111
f 3884//70 3925//111 3924//110
f 3885//71 3886//72 3926//112
f 3885//71 3926//112 3925//111
f 3886//72 3887//73 3927//113
f 3886//72 3927//113 3926//112
f 3887//73 3888//74 3928//114
f 3887//73 3928//114 3927//113
f 3888//74 3889//75 3929//115
f 3888//74 3929//115 3928//114
f 3889//75 3890//76 3930//116
f 3889//75 3930//116 3929//115
f 3890//76 3891//77 3931//117
f 3890//76 3931//117 3930//116
f 3891//77 3892//78 3932//118
f 3891//77 3932//118 3931//117
f 3892//78 3893//79 3933//119
f 3892//78 3933//119 3932//118
f 3893//79 3894//80 3934//120
f 3893//79 3934//120 3933//119
f 3894//80 3895//81 3935//121
f 3894//80 3935//121 3934//120
f 3895//81 3857//43 3897//83
f 3895//81 3897//83 3935//121
f 3897//83 3896//82 3936//122
f 3897//83 3936//122 3937//123
f 3896//82 3898//84 3938//124
f 3896//82 3938//124 3936//122
f 3898//84 3899//85 3939//125
f 3898//84 3939//125 3938//124
f 3899//85 3900//86 3940//126
f 3899//85 3940//126 3939//125
f 3900//86 3901//87 3941//127
f 3900//86 3941//127 3940//126
f 3901//87 3902//88 3942//128
f 3901//87 3942//128 3941//127
f 3902//88 3903//89 3943//129
f 3902//88 3943//129 3942//128
f 3903//89 3904//90 3944//130
f 3903//89 3944//130 3943//129
f 3904//90 3905//91 3945//131
f 3904//90 3945//131 3944//130
f 3905//91 3906//92 3946//132
f 3905//91 3946//132 3945//131
f 3906//92 3907//93 3947//133
f 3906//92 3947//133 3946//132
f 3907//93 3908//94 3948//134
f 3907//93 3948//134 3947//133
f 3908//94 3909//95 3949//135
f 3908//94 3949//135 3948//134
f 3909//95 3910//96 3950//136
f 3909//95 3950//136 3949//135
f 3910//96 3911//97 3951//137
f 3910//96 3951//137 3950//136
f 3911//97 3912//98 3952//138
f 3911//97 3952//138 3951//137
f 3912//98 3913//99 3953//139
f 3912//98 3953//139 3952//138
f 3913//99 3914//100 3954//140
f 3913//99 3954//140 3953//139
f 3914//100 3915//101 3955//141
f 3914//100 3955//141 3954//140
f 3915//101 3916//102 3956//142
f 3915//101 3956//142 3955//141
f 3916//102 3917//103 3957//143
f 3916//102 3957//143 3956//142
f 3917//103 3918//104 3958//144
f 3917//103 3958//144 3957//143
f 3918//104 3919//105 3959//145
f 3918//104 3959//145 3958//144
f 3919//105 3920//106 3960//146
f 3919//105 3960//146 3959//145
f 3920//106 3921//107 3961//147
f 3920//106 3961//147 3960//146
f 3921//107 3922//108 3962//148
f 3921//107 3962//148 3961//147
f 3922//108 3923//109 3963//149
f 3922//108 3963//149 3962//148
f 3923//109 3924//110 3964//150
f 3923//109 3964//150 3963//149
f 3924//110 3925//111 3965//151
f 3924//110 3965//151 3964//150
f 3925//111 3926//112 3966//152
f 3925//111 3966//152 3965//151
f 3926//112 3927//113 3967//153
f 3926//112 3967//153 3966//152
f 3927//113 3928//114 3968//154
f 3927//113 3968//154 3967//153
f 3928//114 3929//115 3969//155
f 3928//114 3969//155 3968//154
f 3929//115 3930//116 3970//156
f 3929//115 3970//156 3969//155
f 3930//116 3931//117 3971//157
f 3930//116 3971//157 3970//156
f 3931//117 3932//118 3972//158
f 3931//117 3972//158 3971//157
f 3932//118 3933//119 3973//159
f 3932//118 3973//159 3972//158
f 3933//119 3934//120 3974//160
f 3933//119 3974//160 3973//159
f 3934//120 3935//121 3975//161
f 3934//120 3975//161 3974//160
f 3935//121 3897//83 3937//123
f 3935//121 3937//123 3975//161
f 3937//123 3936//122 3976//162
f 3937//123 3976//162 3977//163
f 3936//122 3938//124 3978//164
f 3936//122 3978//164 3976//162
f 3938//124 3939//125 3979//165
f 3938//124 3979//165 3978//164
f 3939//125 3940//126 3980//166
f 3939//125 3980//166 3979//165
f 3940//126 3941//127 3981//167
f 3940//126 3981//167 3980//166
f 3941//127 3942//128 3982//168
f 3941//127 3982//168 3981//167
f 3942//128 3943//129 3983//169
f 3942//128 3983//169 3982//168
f 3943//129 3944//130 3984//170
f 3943//129 3984//170 3983//169
f 3944//130 3945//131 3985//171
f 3944//130 3985//171 3984//170
f 3945//131 3946//132 3986//172
f 3945//131 3986//172 3985//171
f 3946//132 3947//133 3987//173
f 3946//132 3987//173 3986//172
f 3947//133 3948//134 3988//174
f 3947//133 3988//174 3987//173
f 3948//134 3949//135 3989//175
f 3948//134 3989//175 3988//174
f 3949//135 3950//136 3990//176
f 3949//135 3990//176 3989//175
f 3950//136 3951//137 3991//177
f 3950//136 3991//177 3990//176
f 3951//137 3952//138 3992//178
f 3951//137 3992//178 3991//177
f 3952//138 3953//139 3993//179
f 3952//138 3993//179 3992//178
f 3953//139 3954//140 3994//180
f 3953//139 3994//180 3993//179
f 3954//140 3955//141 3995//181
f 3954//140 3995//181 3994//180
f 3955//141 3956//142 3996//182
f 3955//141 3996//182 3995//181
f 3956//142 3957//143 3997//183
f 3956//142 3997//183 3996//182
f 3957//143 3958//144 3998//184
f 3957//143 3998//184 3997//183
f 3958//144 3959//145 3999//185
f 3958//144 3999//185 3998//184
f 3959//145 3960//146 4000//186
f 3959//145 4000//186 3999//185
f 3960//146 3961//147 4001//187
f 3960//146 4001//187 4000//186
f 3961//147 3962//148 4002//188
f 3961//147 4002//188 4001//187
f 3962//148 3963//149 4003//189
f 3962//148 4003//189 4002//188
f 3963//149 3964//150 4004//190
f 3963//149 4004//190 4003//189
f 3964//150 3965//151 4005//191
f 3964//150 4005//191 4004//190
f 3965//151 3966//152 4006//192
f 3965//151 4006//192 4005//191
f 3966//152 3967//153 4007//193
f 3966//152 4007//193 4006//192
f 3967//153 3968//154 4008//194
f 3967//153 4008//194 4007//193
f 3968//154 3969//155 4009//195
f 3968//154 4009//195 4008//194
f 3969//155 3970//156 4010//196
f 3969//155 4010//196 4009//195
f 3970//156 3971//157 4011//197
f 3970//156 4011//197 4010//196
f 3971//157 3972//158 4012//198
f 3971//157 4012//198 4011//197
f 3972//158 3973//159 4013//199
f 3972//158 4013//199 4012//198
f 3973//159 3974//160 4014//200
f 3973//159 4014//200 4013//199
f 3974//160 3975//161 4015//201
f 3974//160 4015//201 4014//200
f 3975//161 3937//123 3977//163
f 3975//161 3977//163 4015//201
f 3977//163 3976//162 4016//202
f 3977//163 4016//202 4017//203
f 3976//162 3978//164 4018//204
f 3976//162 4018//204 4016//202
f 3978//164 3979//165 4019//205
f 3978//164 4019//205 4018//204
f 3979//165 3980//166 4020//206
f 3979//165 4020//206 4019//205
f 3980//166 3981//167 4021//207
f 3980//166 4021//207 4020//206
f 3981//167 3982//168 4022//208
f 3981//167 4022//208 4021//207
f 3982//168 3983//169 4023//209
f 3982//168 4023//209 4022//208
f 3983//169 3984//170 4024//210
f 3983//169 4024//210 4023//209
f 3984//170 3985//171 4025//211
f 3984//170 4025//211 4024//210
f 3985//171 3986//172 4026//212
f 3985//171 4026//212 4025//211
f 3986//172 3987//173 4027//213
f 3986//172 4027//213 4026//212
f 3987//173 3988//174 4028//214
f 3987//173 4028//214 4027//213
f 3988//174 3989//175 4029//215
f 3988//174 4029//215 4028//214
f 3989//175 3990//176 4030//216
f 3989//175 4030//216 4029//215
f 3990//176 3991//177 4031//217
f 3990//176 4031//217 4030//216
f 3991//177 3992//178 4032//218
f 3991//177 4032//218 4031//217
f 3992//178 3993//179 4033//219
f 3992//178 4033//219 4032//218
f 3993//179 3994//180 4034//220
f 3993//179 4034//220 4033//219
f 3994//180 3995//181 4035//221
f 3994//180 4035//221 4034//220
f 3995//181 3996//182 4036//222
f 3995//181 4036//222 4035//221
f 3996//182 3997//183 4037//223
f 3996//182 4037//223 4036//222
f 3997//183 3998//184 4038//224
f 3997//183 4038//224 4037//223
f 3998//184 3999//185 4039//225
f 3998//184 4039//225 4038//224
f 3999//185 4000//186 4040//226
f 3999//185 4040//226 4039//225
f 4000//186 4001//187 4041//227
f 4000//186 4041//227 4040//226
f 4001//187 4002//188 4042//228
f 4001//187 4042//228 4041//227
f 4002//188 4003//189 4043//229
f 4002//188 4043//229 4042//228
f 4003//189 4004//190 4044//230
f 4003//189 4044//230 4043//229
f 4004//190 4005//191 4045//231
f 4004//190 4045//231 4044//230
f 4005//191 4006//192 4046//232
f 4005//191 4046//232 4045//231
f 4006//192 4007//193 4047//233
f 4006//192 4047//233 4046//232
f 4007//193 4008//194 4048//234
f 4007//193 4048//234 4047//233
f 4008//194 4009//195 4049//235
f 4008//194 4049//235 4048//234
f 4009//195 4010//196 4050//236
f 4009//195 4050//236 4049//235
f 4010//196 4011//197 4051//237
f 4010//196 4051//237 4050//236
f 4011//197 4012//198 4052//238
f 4011//197 4052//238 4051//237
f 4012//198 4013//199 4053//239
f 4012//198 4053//239 4052//238
f 4013//199 4014//200 4054//240
f 4013//199 4054//240 4053//239
f 4014//200 4015//201 4055//241
f 4014//200 4055//241 4054//240
f 4015//201 3977//163 4017//203
f 4015//201 4017//203 4055//241
f 4017//203 4016//202 4056//242
f 4017//203 4056//242 4057//243
f 4016//202 4018//204 4058//244
f 4016//202 4058//244 4056//242
f 4018//204 4019//205 4059//245
f 4018//204 4059//245 4058//244
f 4019//205 4020//206 4060//246
f 4019//205 4060//246 4059//245
f 4020//206 4021//207 4061//247
f 4020//206 4061//247 4060//246
f 4021//207 4022//208 4062//248
f 4021//207 4062//248 4061//247
f 4022//208 4023//209 4063//249
f 4022//208 4063//249 4062//248
f 4023//209 4024//210 4064//250
f 4023//209 4064//250 4063//249
f 4024//210 4025//211 4065//251
f 4024//210 4065//251 4064//250
f 4025//211 4026//212 4066//252
f 4025//211 4066//252 4065//251
f 4026//212 4027//213 4067//253
f 4026//212 4067//253 4066//252
f 4027//213 4028//214 4068//254
f 4027//213 4068//254 4067//253
f 4028//214 4029//215 4069//255
f 4028//214 4069//255 4068//254
f 4029//215 4030//216 4070//256
f 4029//215 4070//256 4069//255
f 4030//216 4031//217 4071//257
f 4030//216 4071//257 4070//256
f 4031//217 4032//218 4072//258
f 4031//217 4072//258 4071//257
f 4032//218 4033//219 4073//259
f 4032//218 4073//259 4072//258
f 4033//219 4034//220 4074//260
f 4033//219 4074//260 4073//259
f 4034//220 4035//221 4075//261
f 4034//220 4075//261 4074//260
f 4035//221 4036//222 4076//262
f 4035//221 4076//262 4075//261
f 4036//222 4037//223 4077//263
f 4036//222 4077//263 4076//262
f 4037//223 4038//224 4078//264
f 4037//223 4078//264 4077//263
f 4038//224 4039//225 4079//265
f 4038//224 4079//265 4078//264
f 4039//225 4040//226 4080//266
f 4039//225 4080//266 4079//265
f 4040//226 4041//227 4081//267
f 4040//226 4081//267 4080//266
f 4041//227 4042//228 4082//268
f 4041//227 4082//268 4081//267
f 4042//228 4043//229 4083//269
f 4042//228 4083//269 4082//268
f 4043//229 4044//230 4084//270
f 4043//229 4084//270 4083//269
f 4044//230 4045//231 4085//271
f 4044//230 4085//271 4084//270
f 4045//231 4046//232 4086//272
f 4045//231 4086//272 4085//271
f 4046//232 4047//233 4087//273
f 4046//232 4087//273 4086//272
f 4047//233 4048//234 4088//274
f 4047//233 4088//274 4087//273
f 4048//234 4049//235 4089//275
f 4048//234 4089//275 4088//274
f 4049//235 4050//236 4090//276
f 4049//235 4090//276 4089//275
f 4050//236 4051//237 4091//277
f 4050//236 4091//277 4090//276
f 4051//237 4052//238 4092//278
f 4051//237 4092//278 4091//277
f 4052//238 4053//239 4093//279
f 4052//238 4093//279 4092//278
f 4053//239 4054//240 4094//280
f 4053//239 4094//280 4093//279
f 4054//240 4055//241 4095//281
f 4054//240 4095//281 4094//280
f 4055//241 4017//203 4057//243
f 4055//241 4057//243 4095//281
f 4057//243 4056//242 4096//282
f 4057//243 4096//282 4097//283
f 4056//242 4058//244 4098//284
f 4056//242 4098//284 4096//282
f 4058//244 4059//245 4099//285
f 4058//244 4099//285 4098//284
f 4059//245 4060//246 4100//286
f 4059//245 4100//286 4099//285
f 4060//246 4061//247 4101//287
f 4060//246 4101//287 4100//286
f 4061//247 4062//248 4102//288
f 4061//247 4102//288 4101//287
f 4062//248 4063//249 4103//289
f 4062//248 4103//289 4102//288
f 4063//249 4064//250 4104//290
f 4063//249 4104//290 4103//289
f 4064//250 4065//251 4105//291
f 4064//250 4105//291 4104//290
f 4065//251 4066//252 4106//292
f 4065//251 4106//292 4105//291
f 4066//252 4067//253 4107//293
f 4066//252 4107//293 4106//292
f 4067//253 4068//254 4108//294
f 4067//253 4108//294 4107//293
f 4068//254 4069//255 4109//295
f 4068//254 4109//295 4108//294
f 4069//255 4070//256 4110//296
f 4069//255 4110//296 4109//295
f 4070//256 4071//257 4111//297
f 4070//256 4111//297 4110//296
f 4071//257 4072//258 4112//298
f 4071//257 4112//298 4111//297
f 4072//258 4073//259 4113//299
f 4072//258 4113//299 4112//298
f 4073//259 4074//260 4114//300
f 4073//259 4114//300 4113//299
f 4074//260 4075//261 4115//301
f 4074//260 4115//301 4114//300
f 4075//261 4076//262 4116//302
f 4075//261 4116//302 4115//301
f 4076//262 4077//263 4117//303
f 4076//262 4117//303 4116//302
f 4077//263 4078//264 4118//304
f 4077//263 4118//304 4117//303
f 4078//264 4079//265 4119//305
f 4078//264 4119//305 4118//304
f 4079//265 4080//266 4120//306
f 4079//265 4120//306 4119//305
f 4080//266 4081//267 4121//307
f 4080//266 4121//307 4120//306
f 4081//267 4082//268 4122//308
f 4081//267 4122//308 4121//307
f 4082//268 4083//269 4123//309
f 4082//268 4123//309 4122//308
f 4083//269 4084//270 4124//310
f 4083//269 4124//310 4123//309
f 4084//270 4085//271 4125//311
f 4084//270 4125//311 4124//310
f 4085//271 4086//272 4126//312
f 4085//271 4126//312 4125//311
f 4086//272 4087//273 4127//313
f 4086//272 4127//313 4126//312
f 4087//273 4088//274 4128//314
f 4087//273 4128//314 4127//313
f 4088//274 4089//275 4129//315
f 4088//274 4129//315 4128//314
f 4089//275 4090//276 4130//316
f 4089//275 4130//316 4129//315
f 4090//276 4091//277 4131//317
f 4090//276 4131//317 4130//316
f 4091//277 4092//278 4132//318
f 4091//277 4132//318 4131//317
f 4092//278 4093//279 4133//319
f 4092//278 4133//319 4132//318
f 4093//279 4094//280 4134//320
f 4093//279 4134//320 4133//319
f 4094//280 4095//281 4135//321
f 4094//280 4135//321 4134//320
f 4095//281 4057//243 4097//283
f 4095//281 4097//283 4135//321
f 4097//283 4096//282 4136//322
f 4097//283 4136//322 4137//323
f 4096//282 4098//284 4138//324
f 4096//282 4138//324 4136//322
f 4098//284 4099//285 4139//325
f 4098//284 4139//325 4138//324
f 4099//285 4100//286 4140//326
f 4099//285 4140//326 4139//325
f 4100//286 4101//287 4141//327
f 4100//286 4141//327 4140//326
f 4101//287 4102//288 4142//328
f 4101//287 4142//328 4141//327
f 4102//288 4103//289 4143//329
f 4102//288 4143//329 4142//328
f 4103//289 4104//290 4144//330
f 4103//289 4144//330 4143//329
f 4104//290 4105//291 4145//331
f 4104//290 4145//331 4144//330
f 4105//291 4106//292 4146//332
f 4105//291 4146//332 4145//331
f 4106//292 4107//293 4147//333
f 4106//292 4147//333 4146//332
f 4107//293 4108//294 4148//334
f 4107//293 4148//334 4147//333
f 4108//294 4109//295 4149//335
f 4108//294 4149//335 4148//334
f 4109//295 4110//296 4150//336
f 4109//295 4150//336 4149//335
f 4110//296 4111//297 4151//337
f 4110//296 4151//337 4150//336
f 4111//297 4112//298 4152//338
f 4111//297 4152//338 4151//337
f 4112//298 4113//299 4153//339
f 4112//298 4153//339 4152//338
f 4113//299 4114//300 4154//340
f 4113//299 4154//340 4153//339
f 4114//300 4115//301 4155//341
f 4114//300 4155//341 4154//340
f 4115//301 4116//302 4156//342
f 4115//301 4156//342 4155//341
f 4116//302 4117//303 4157//343
f 4116//302 4157//343 4156//342
f 4117//303 4118//304 4158//344
f 4117//303 4158//344 4157//343
f 4118//304 4119//305 4159//345
f 4118//304 4159//345 4158//344
f 4119//305 4120//306 4160//346
f 4119//305 4160//346 4159//345
f 4120//306 4121//307 4161//347
f 4120//306 4161//347 4160//346
f 4121//307 4122//308 4162//348
f 4121//307 4162//348 4161//347
f 4122//308 4123//309 4163//349
f 4122//308 4163//349 4162//348
f 4123//309 4124//310 4164//350
f 4123//309 4164//350 4163//349
f 4124//310 4125//311 4165//351
f 4124//310 4165//351 4164//350
f 4125//311 4126//312 4166//352
f 4125//311 4166//352 4165//351
f 4126//312 4127//313 4167//353
f 4126//312 4167//353 4166//352
f 4127//313 4128//314 4168//354
f 4127//313 4168//354 4167//353
f 4128//314 4129//315 4169//355
f 4128//314 4169//355 4168//354
f 4129//315 4130//316 4170//356
f 4129//315 4170//356 4169//355
f 4130//316 4131//317 4171//357
f 4130//316 4171//357 4170//356
f 4131//317 4132//318 4172//358
f 4131//317 4172//358 4171//357
f 4132//318 4133//319 4173//359
f 4132//318 4173//359 4172//358
f 4133//319 4134//320 4174//360
f 4133//319 4174//360 4173//359
f 4134//320 4135//321 4175//361
f 4134//320 4175//361 4174//360
f 4135//321 4097//283 4137//323
f 4135//321 4137//323 4175//361
f 4137//323 4136//322 4176//362
f 4137//323 4176//362 4177//363
f 4136//322 4138//324 4178//364
f 4136//322 4178//364 4176//362
f 4138//324 4139//325 4179//365
f 4138//324 4179//365 4178//364
f 4139//325 4140//326 4180//366
f 4139//325 4180//366 4179//365
f 4140//326 4141//327 4181//367
f 4140//326 4181//367 4180//366
f 4141//327 4142//328 4182//368
f 4141//327 4182//368 4181//367
f 4142//328 4143//329 4183//369
f 4142//328 4183//369 4182//368
f 4143//329 4144//330 4184//370
f 4143//329 4184//370 4183//369
f 4144//330 4145//331 4185//371
f 4144//330 4185//371 4184//370
f 4145//331 4146//332 4186//372
f 4145//331 4186//372 4185//371
f 4146//332 4147//333 4187//373
f 4146//332 4187//373 4186//372
f 4147//333 4148//334 4188//374
f 4147//333 4188//374 4187//373
f 4148//334 4149//335 4189//375
f 4148//334 4189//375 4188//374
f 4149//335 4150//336 4190//376
f 4149//335 4190//376 4189//375
f 4150//336 4151//337 4191//377
f 4150//336 4191//377 4190//376
f 4151//337 4152//338 4192//378
f 4151//337 4192//378 4191//377
f 4152//338 4153//339 4193//379
f 4152//338 4193//379 4192//378
f 4153//339 4154//340 4194//380
f 4153//339 4194//380 4193//379
f 4154//340 4155//341 4195//381
f 4154//340 4195//381 4194//380
f 4155//341 4156//342 4196//382
f 4155//341 4196//382 4195//381
f 4156//342 4157//343 4197//383
f 4156//342 4197//383 4196//382
f 4157//343 4158//344 4198//384
f 4157//343 4198//384 4197//383
f 4158//344 4159//345 4199//385
f 4158//344 4199//385 4198//384
f 4159//345 4160//346 4200//386
f 4159//345 4200//386 4199//385
f 4160//346 4161//347 4201//387
f 4160//346 4201//387 4200//386
f 4161//347 4162//348 4202//388
f 4161//347 4202//388 4201//387
f 4162//348 4163//349 4203//389
f 4162//348 4203//389 4202//388
f 4163//349 4164//350 4204//390
f 4163//349 4204//390 4203//389
f 4164//350 4165//351 4205//391
f 4164//350 4205//391 4204//390
f 4165//351 4166//352 4206//392
f 4165//351 4206//392 4205//391
f 4166//352 4167//353 4207//393
f 4166//352 4207//393 4206//392
f 4167//353 4168//354 4208//394
f 4167//353 4208//394 4207//393
f 4168//354 4169//355 4209//395
f 4168//354 4209//395 4208//394
f 4169//355 4170//356 4210//396
f 4169//355 4210//396 4209//395
f 4170//356 4171//357 4211//397
f 4170//356 4211//397 4210//396
f 4171//357 4172//358 4212//398
f 4171//357 4212//398 4211//397
f 4172//358 4173//359 4213//399
f 4172//358 4213//399 4212//398
f 4173//359 4174//360 4214//400
f 4173//359 4214//400 4213//399
f 4174//360 4175//361 4215//401
f 4174//360 4215//401 4214//400
f 4175//361 4137//323 4177//363
f 4175//361 4177//363 4215//401
f 4177//363 4176//362 4216//402
f 4177//363 4216//402 4217//403
f 4176//362 4178//364 4218//404
f 4176//362 4218//404 4216//402
f 4178//364 4179//365 4219//405
f 4178//364 4219//405 4218//404
f 4179//365 4180//366 4220//406
f 4179//365 4220//406 4219//405
f 4180//366 4181//367 4221//407
f 4180//366 4221//407 4220//406
f 4181//367 4182//368 4222//408
f 4181//367 4222//408 4221//407
f 4182//368 4183//369 4223//409
f 4182//368 4223//409 4222//408
f 4183//369 4184//370 4224//410
f 4183//369 4224//410 4223//409
f 4184//370 4185//371 4225//411
f 4184//370 4225//411 4224//410
f 4185//371 4186//372 4226//412
f 4185//371 4226//412 4225//411
f 4186//372 4187//373 4227//413
f 4186//372 4227//413 4226//412
f 4187//373 4188//374 4228//414
f 4187//373 4228//414 4227//413
f 4188//374 4189//375 4229//415
f 4188//374 4229//415 4228//414
f 4189//375 4190//376 4230//416
f 4189//375 4230//416 4229//415
f 4190//376 4191//377 4231//417
f 4190//376 4231//417 4230//416
f 4191//377 4192//378 4232//418
f 4191//377 4232//418 4231//417
f 4192//378 4193//379 4233//419
f 4192//378 4233//419 4232//418
f 4193//379 4194//380 4234//420
f 4193//379 4234//420 4233//419
f 4194//380 4195//381 4235//421
f 4194//380 4235//421 4234//420
f 4195//381 4196//382 4236//422
f 4195//381 4236//422 4235//421
f 4196//382 4197//383 4237//423
f 4196//382 4237//423 4236//422
f 4197//383 4198//384 4238//424
f 4197//383 4238//424 4237//423
f 4198//384 4199//385 4239//425
f 4198//384 4239//425 4238//424
f 4199//385 4200//386 4240//426
f 4199//385 4240//426 4239//425
f 4200//386 4201//387 4241//427
f 4200//386 4241//427 4240//426
f 4201//387 4202//388 4242//428
f 4201//387 4242//428 4241//427
f 4202//388 4203//389 4243//429
f 4202//388 4243//429 4242//428
f 4203//389 4204//390 4244//430
f 4203//389 4244//430 4243//429
f 4204//390 4205//391 4245//431
f 4204//390 4245//431 4244//430
f 4205//391 4206//392 4246//432
f 4205//391 4246//432 4245//431
f 4206//392 4207//393 4247//433
f 4206//392 4247//433 4246//432
f 4207//393 4208//394 4248//434
f 4207//393 4248//434 4247//433
f 4208//394 4209//395 4249//435
f 4208//394 4249//435 4248//434
f 4209//395 4210//396 4250//436
f 4209//395 4250//436 4249//435
f 4210//396 4211//397 4251//437
f 4210//396 4251//437 4250//436
f 4211//397 4212//398 4252//438
f 4211//397 4252//438 4251//437
f 4212//398 4213//399 4253//439
f 4212//398 4253//439 4252//438
f 4213//399 4214//400 4254//440
f 4213//399 4254//440 4253//439
f 4214//400 4215//401 4255//441
f 4214//400 4255//441 4254//440
f 4215//401 4177//363 4217//403
f 4215//401 4217//403 4255//441
f 4217//403 4216//402 4256//442
f 4217//403 4256//442 4257//443
f 4216//402 4218//404 4258//444
f 4216//402 4258//444 4256//442
f 4218//404 4219//405 4259//445
f 4218//404 4259//445 4258//444
f 4219//405 4220//406 4260//446
f 4219//405 4260//446 4259//445
f 4220//406 4221//407 4261//447
f 4220//406 4261//447 4260//446
f 4221//407 4222//408 4262//448
f 4221//407 4262//448 4261//447
f 4222//408 4223//409 4263//449
f 4222//408 4263//449 4262//448
f 4223//409 4224//410 4264//450
f 4223//409 4264//450 4263//449
f 4224//410 4225//411 4265//451
f 4224//410 4265//451 4264//450
f 4225//411 4226//412 4266//452
f 4225//411 4266//452 4265//451
f 4226//412 4227//413 4267//453
f 4226//412 4267//453 4266//452
f 4227//413 4228//414 4268//454
f 4227//413 4268//454 4267//453
f 4228//414 4229//415 4269//455
f 4228//414 4269//455 4268//454
f 4229//415 4230//416 4270//456
f 4229//415 4270//456 4269//455
f 4230//416 4231//417 4271//457
f 4230//416 4271//457 4270//456
f 4231//417 4232//418 4272//458
f 4231//417 4272//458 4271//457
f 4232//418 4233//419 4273//459
f 4232//418 4273//459 4272//458
f 4233//419 4234//420 4274//460
f 4233//419 4274//460 4273//459
f 4234//420 4235//421 4275//461
f 4234//420 4275//461 4274//460
f 4235//421 4236//422 4276//462
f 4235//421 4276//462 4275//461
f 4236//422 4237//423 4277//463
f 4236//422 4277//463 4276//462
f 4237//423 4238//424 4278//464
f 4237//423 4278//464 4277//463
f 4238//424 4239//425 4279//465
f 4238//424 4279//465 4278//464
f 4239//425 4240//426 4280//466
f 4239//425 4280//466 4279//465
f 4240//426 4241//427 4281//467
f 4240//426 4281//467 4280//466
f 4241//427 4242//428 4282//468
f 4241//427 4282//468 4281//467
f 4242//428 4243//429 4283//469
f 4242//428 4283//469 4282//468
f 4243//429 4244//430 4284//470
f 4243//429 4284//470 4283//469
f 4244//430 4245//431 4285//471
f 4244//430 4285//471 4284//470
f 4245//431 4246//432 4286//472
f 4245//431 4286//472 4285//471
f 4246//432 4247//433 4287//473
f 4246//432 4287//473 4286//472
f 4247//433 4248//434 4288//474
f 4247//433 4288//474 4287//473
f 4248//434 4249//435 4289//475
f 4248//434 4289//475 4288//474
f 4249//435 4250//436 4290//476
f 4249//435 4290//476 4289//475
f 4250//436 4251//437 4291//477
f 4250//436 4291//477 4290//476
f 4251//437 4252//438 4292//478
f 4251//437 4292//478 4291//477
f 4252//438 4253//439 4293//479
f 4252//438 4293//479 4292//478
f 4253//439 4254//440 4294//480
f 4253//439 4294//480 4293//479
f 4254//440 4255//441 4295//481
f 4254//440 4295//481 4294//480
f 4255//441 4217//403 4257//443
f 4255//441 4257//443 4295//481
f 4257//443 4256//442 4296//482
f 4257//443 4296//482 4297//483
f 4256//442 4258//444 4298//484
f 4256//442 4298//484 4296//482
f 4258//444 4259//445 4299//485
f 4258//444 4299//485 4298//484
f 4259//445 4260//446 4300//486
f 4259//445 4300//486 4299//485
f 4260//446 4261//447 4301//487
f 4260//446 4301//487 4300//486
f 4261//447 4262//448 4302//488
f 4261//447 4302//488 4301//487
f 4262//448 4263//449 4303//489
f 4262//448 4303//489 4302//488
f 4263//449 4264//450 4304//490
f 4263//449 4304//490 4303//489
f 4264//450 4265//451 4305//491
f 4264//450 4305//491 4304//490
f 4265//451 4266//452 4306//492
f 4265//451 4306//492 4305//491
f 4266//452 4267//453 4307//493
f 4266//452 4307//493 4306//492
f 4267//453 4268//454 4308//494
f 4267//453 4308//494 4307//493
f 4268//454 4269//455 4309//495
f 4268//454 4309//495 4308//494
f 4269//455 4270//456 4310//496
f 4269//455 4310//496 4309//495
f 4270//456 4271//457 4311//497
f 4270//456 4311//497 4310//496
f 4271//457 4272//458 4312//498
f 4271//457 4312//498 4311//497
f 4272//458 4273//459 4313//499
f 4272//458 4313//499 4312//498
f 4273//459 4274//460 4314//500
f 4273//459 4314//500 4313//499
f 4274//460 4275//461 4315//501
f 4274//460 4315//501 4314//500
f 4275//461 4276//462 4316//502
f 4275//461 4316//502 4315//501
f 4276//462 4277//463 4317//503
f 4276//462 4317//503 4316//502
f 4277//463 4278//464 4318//504
f 4277//463 4318//504 4317//503
f 4278//464 4279//465 4319//505
f 4278//464 4319//505 4318//504
f 4279//465 4280//466 4320//506
f 4279//465 4320//506 4319//505
f 4280//466 4281//467 4321//507
f 4280//466 4321//507 4320//506
f 4281//467 4282//468 4322//508
f 4281//467 4322//508 4321//507
f 4282//468 4283//469 4323//509
f 4282//468 4323//509 4322//508
f 4283//469 4284//470 4324//510
f 4283//469 4324//510 4323//509
f 4284//470 4285//471 4325//511
f 4284//470 4325//511 4324//510
f 4285//471 4286//472 4326//512
f 4285//471 4326//512 4325//511
f 4286//472 4287//473 4327//513
f 4286//472 4327//513 4326//512
f 4287//473 4288//474 4328//514
f 4287//473 4328//514 4327//513
f 4288//474 4289//475 4329//515
f 4288//474 4329//515 4328//514
f 4289//475 4290//476 4330//516
f 4289//475 4330//516 4329//515
f 4290//476 4291//477 4331//517
f 4290//476 4331//517 4330//516
f 4291//477 4292//478 4332//518
f 4291//477 4332//518 4331//517
f 4292//478 4293//479 4333//519
f 4292//478 4333//519 4332//518
f 4293//479 4294//480 4334//520
f 4293//479 4334//520 4333//519
f 4294//480 4295//481 4335//521
f 4294//480 4335//521 4334//520
f 4295//481 4257//443 4297//483
f 4295//481 4297//483 4335//521
f 4297//483 4296//482 4336//522
f 4297//483 4336//522 4337//523
f 4296//482 4298//484 4338//524
f 4296//482 4338//524 4336//522
f 4298//484 4299//485 4339//525
f 4298//484 4339//525 4338//524
f 4299//485 4300//486 4340//526
f 4299//485 4340//526 4339//525
f 4300//486 4301//487 4341//527
f 4300//486 4341//527 4340//526
f 4301//487 4302//488 4342//528
f 4301//487 4342//528 4341//527
f 4302//488 4303//489 4343//529
f 4302//488 4343//529 4342//528
f 4303//489 4304//490 4344//530
f 4303//489 4344//530 4343//529
f 4304//490 4305//491 4345//531
f 4304//490 4345//531 4344//530
f 4305//491 4306//492 4346//532
f 4305//491 4346//532 4345//531
f 4306//492 4307//493 4347//533
f 4306//492 4347//533 4346//532
f 4307//493 4308//494 4348//534
f 4307//493 4348//534 4347//533
f 4308//494 4309//495 4349//535
f 4308//494 4349//535 4348//534
f 4309//495 4310//496 4350//536
f 4309//495 4350//536 4349//535
f 4310//496 4311//497 4351//537
f 4310//496 4351//537 4350//536
f 4311//497 4312//498 4352//538
f 4311//497 4352//538 4351//537
f 4312//498 4313//499 4353//539
f 4312//498 4353//539 4352//538
f 4313//499 4314//500 4354//540
f 4313//499 4354//540 4353//539
f 4314//500 4315//501 4355//541
f 4314//500 4355//541 4354//540
f 4315//501 4316//502 4356//542
f 4315//501 4356//542 4355//541
f 4316//502 4317//503 4357//543
f 4316//502 4357//543 4356//542
f 4317//503 4318//504 4358//544
f 4317//503 4358//544 4357//543
f 4318//504 4319//505 4359//545
f 4318//504 4359//545 4358//544
f 4319//505 4320//506 4360//546
f 4319//505 4360//546 4359//545
f 4320//506 4321//507 4361//547
f 4320//506 4361//547 4360//546
f 4321//507 4322//508 4362//548
f 4321//507 4362//548 4361//547
f 4322//508 4323//509 4363//549
f 4322//508 4363//549 4362//548
f 4323//509 4324//510 4364//550
f 4323//509 4364//550 4363//549
f 4324//510 4325//511 4365//551
f 4324//510 4365//551 4364//550
f 4325//511 4326//512 4366//552
f 4325//511 4366//552 4365//551
f 4326//512 4327//513 4367//553
f 4326//512 4367//553 4366//552
f 4327//513 4328//514 4368//554
f 4327//513 4368//554 4367//553
f 4328//514 4329//515 4369//555
f 4328//514 4369//555 4368//554
f 4329//515 4330//516 4370//556
f 4329//515 4370//556 4369//555
f 4330//516 4331//517 4371//557
f 4330//516 4371//557 4370//556
f 4331//517 4332//518 4372//558
f 4331//517 4372//558 4371//557
f 4332//518 4333//519 4373//559
f 4332//518 4373//559 4372//558
f 4333//519 4334//520 4374//560
f 4333//519 4374//560 4373//559
f 4334//520 4335//521 4375//561
f 4334//520 4375//561 4374//560
f 4335//521 4297//483 4337//523
f 4335//521 4337//523 4375//561
f 4337//523 4336//522 4376//562
f 4337//523 4376//562 4377//563
f 4336//522 4338//524 4378//564
f 4336//522 4378//564 4376//562
f 4338//524 4339//525 4379//565
f 4338//524 4379//565 4378//564
f 4339//525 4340//526 4380//566
f 4339//525 4380//566 4379//565
f 4340//526 4341//527 4381//567
f 4340//526 4381//567 4380//566
f 4341//527 4342//528 4382//568
f 4341//527 4382//568 4381//567
f 4342//528 4343//529 4383//569
f 4342//528 4383//569 4382//568
f 4343//529 4344//530 4384//570
f 4343//529 4384//570 4383//569
f 4344//530 4345//531 4385//571
f 4344//530 4385//571 4384//570
f 4345//531 4346//532 4386//572
f 4345//531 4386//572 4385//571
f 4346//532 4347//533 4387//573
f 4346//532 4387//573 4386//572
f 4347//533 4348//534 4388//574
f 4347//533 4388//574 4387//573
f 4348//534 4349//535 4389//575
f 4348//534 4389//575 4388//574
f 4349//535 4350//536 4390//576
f 4349//535 4390//576 4389//575
f 4350//536 4351//537 4391//577
f 4350//536 4391//577 4390//576
f 4351//537 4352//538 4392//578
f 4351//537 4392//578 4391//577
f 4352//538 4353//539 4393//579
f 4352//538 4393//579 4392//578
f 4353//539 4354//540 4394//580
f 4353//539 4394//580 4393//579
f 4354//540 4355//541 4395//581
f 4354//540 4395//581 4394//580
f 4355//541 4356//542 4396//582
f 4355//541 4396//582 4395//581
f 4356//542 4357//543 4397//583
f 4356//542 4397//583 4396//582
f 4357//543 4358//544 4398//584
f 4357//543 4398//584 4397//583
f 4358//544 4359//545 4399//585
f 4358//544 4399//585 4398//584
f 4359//545 4360//546 4400//586
f 4359//545 4400//586 4399//585
f 4360//546 4361//547 4401//587
f 4360//546 4401//587 4400//586
f 4361//547 4362//548 4402//588
f 4361//547 4402//588 4401//587
f 4362//548 4363//549 4403//589
f 4362//548 4403//589 4402//588
f 4363//549 4364//550 4404//590
f 4363//549 4404//590 4403//589
f 4364//550 4365//551 4405//591
f 4364//550 4405//591 4404//590
f 4365//551 4366//552 4406//592
f 4365//551 4406//592 4405//591
f 4366//552 4367//553 4407//593
f 4366//552 4407//593 4406//592
f 4367//553 4368//554 4408//594
f 4367//553 4408//594 4407//593
f 4368//554 4369//555 4409//595
f 4368//554 4409//595 4408//594
f 4369//555 4370//556 4410//596
f 4369//555 4410//596 4409//595
f 4370//556 4371//557 4411//597
f 4370//556 4411//597 4410//596
f 4371//557 4372//558 4412//598
f 4371//557 4412//598 4411//597
f 4372//558 4373//559 4413//599
f 4372//558 4413//599 4412//598
f 4373//559 4374//560 4414//600
f 4373//559 4414//600 4413//599
f 4374//560 4375//561 4415//601
f 4374//560 4415//601 4414//600
f 4375//561 4337//523 4377//563
f 4375//561 4377//563 4415//601
f 4377//563 4376//562 4416//602
f 4377//563 4416//602 4417//603
f 4376//562 4378//564 4418//604
f 4376//562 4418//604 4416//602
f 4378//564 4379//565 4419//605
f 4378//564 4419//605 4418//604
f 4379//565 4380//566 4420//606
f 4379//565 4420//606 4419//605
f 4380//566 4381//567 4421//607
f 4380//566 4421//607 4420//606
f 4381//567 4382//568 4422//608
f 4381//567 4422//608 4421//607
f 4382//568 4383//569 4423//609
f 4382//568 4423//609 4422//608
f 4383//569 4384//570 4424//610
f 4383//569 4424//610 4423//609
f 4384//570 4385//571 4425//611
f 4384//570 4425//611 4424//610
f 4385//571 4386//572 4426//612
f 4385//571 4426//612 4425//611
f 4386//572 4387//573 4427//613
f 4386//572 4427//613 4426//612
f 4387//573 4388//574 4428//614
f 4387//573 4428//614 4427//613
f 4388//574 4389//575 4429//615
f 4388//574 4429//615 4428//614
f 4389//575 4390//576 4430//616
f 4389//575 4430//616 4429//615
f 4390//576 4391//577 4431//617
f 4390//576 4431//617 4430//616
f 4391//577 4392//578 4432//618
f 4391//577 4432//618 4431//617
f 4392//578 4393//579 4433//619
f 4392//578 4433//619 4432//618
f 4393//579 4394//580 4434//620
f 4393//579 4434//620 4433//619
f 4394//580 4395//581 4435//621
f 4394//580 4435//621 4434//620
f 4395//581 4396//582 4436//622
f 4395//581 4436//622 4435//621
f 4396//582 4397//583 4437//623
f 4396//582 4437//623 4436//622
f 4397//583 4398//584 4438//624
f 4397//583 4438//624 4437//623
f 4398//584 4399//585 4439//625
f 4398//584 4439//625 4438//624
f 4399//585 4400//586 4440//626
f 4399//585 4440//626 4439//625
f 4400//586 4401//587 4441//627
f 4400//586 4441//627 4440//626
f 4401//587 4402//588 4442//628
f 4401//587 4442//628 4441//627
f 4402//588 4403//589 4443//629
f 4402//588 4443//629 4442//628
f 4403//589 4404//590 4444//630
f 4403//589 4444//630 4443//629
f 4404//590 4405//591 4445//631
f 4404//590 4445//631 4444//630
f 4405//591 4406//592 4446//632
f 4405//591 4446//632 4445//631
f 4406//592 4407//593 4447//633
f 4406//592 4447//633 4446//632
f 4407//593 4408//594 4448//634
f 4407//593 4448//634 4447//633
f 4408//594 4409//595 4449//635
f 4408//594 4449//635 4448//634
f 4409//595 4410//596 4450//636
f 4409//595 4450//636 4449//635
f 4410//596 4411//597 4451//637
f 4410//596 4451//637 4450//636
f 4411//597 4412//598 4452//638
f 4411//597 4452//638 4451//637
f 4412//598 4413//599 4453//639
f 4412//598 4453//639 4452//638
f 4413//599 4414//600 4454//640
f 4413//599 4454//640 4453//639
f 4414//600 4415//601 4455//641
f 4414//600 4455//641 4454//640
f 4415//601 4377//563 4417//603
f 4415//601 4417//603 4455//641
f 4417//603 4416//602 4456//642
f 4417//603 4456//642 4457//643
f 4416//602 4418//604 4458//644
f 4416//602 4458//644 4456//642
f 4418//604 4419//605 4459//645
f 4418//604 4459//645 4458//644
f 4419//605 4420//606 4460//646
f 4419//605 4460//646 4459//645
f 4420//606 4421//607 4461//647
f 4420//606 4461//647 4460//646
f 4421//607 4422//608 4462//648
f 4421//607 4462//648 4461//647
f 4422//608 4423//609 4463//649
f 4422//608 4463//649 4462//648
f 4423//609 4424//610 4464//650
f 4423//609 4464//650 4463//649
f 4424//610 4425//611 4465//651
f 4424//610 4465//651 4464//650
f 4425//611 4426//612 4466//652
f 4425//611 4466//652 4465//651
f 4426//612 4427//613 4467//653
f 4426//612 4467//653 4466//652
f 4427//613 4428//614 4468//654
f 4427//613 4468//654 4467//653
f 4428//614 4429//615 4469//655
f 4428//614 4469//655 4468//654
f 4429//615 4430//616 4470//656
f 4429//615 4470//656 4469//655
f 4430//616 4431//617 4471//657
f 4430//616 4471//657 4470//656
f 4431//617 4432//618 4472//658
f 4431//617 4472//658 4471//657
f 4432//618 4433//619 4473//659
f 4432//618 4473//659 4472//658
f 4433//619 4434//620 4474//660
f 4433//619 4474//660 4473//659
f 4434//620 4435//621 4475//661
f 4434//620 4475//661 4474//660
f 4435//621 4436//622 4476//662
f 4435//621 4476//662 4475//661
f 4436//622 4437//623 4477//663
f 4436//622 4477//663 4476//662
f 4437//623 4438//624 4478//664
f 4437//623 4478//664 4477//663
f 4438//624 4439//625 4479//665
f 4438//624 4479//665 4478//664
f 4439//625 4440//626 4480//666
f 4439//625 4480//666 4479//665
f 4440//626 4441//627 4481//667
f 4440//626 4481//667 4480//666
f 4441//627 4442//628 4482//668
f 4441//627 4482//668 4481//667
f 4442//628 4443//629 4483//669
f 4442//628 4483//669 4482//668
f 4443//629 4444//630 4484//670
f 4443//629 4484//670 4483//669
f 4444//630 4445//631 4485//671
f 4444//630 4485//671 4484//670
f 4445//631 4446//632 4486//672
f 4445//631 4486//672 4485//671
f 4446//632 4447//633 4487//673
f 4446//632 4487//673 4486//672
f 4447//633 4448//634 4488//674
f 4447//633 4488//674 4487//673
f 4448//634 4449//635 4489//675
f 4448//634 4489//675 4488//674
f 4449//635 4450//636 4490//676
f 4449//635 4490//676 4489//675
f 4450//636 4451//637 4491//677
f 4450//636 4491//677 4490//676
f 4451//637 4452//638 4492//678
f 4451//637 4492//678 4491//677
f 4452//638 4453//639 4493//679
f 4452//638 4493//679 4492//678
f 4453//639 4454//640 4494//680
f 4453//639 4494//680 4493//679
f 4454//640 4455//641 4495//681
f 4454//640 4495//681 4494//680
f 4455//641 4417//603 4457//643
f 4455//641 4457//643 4495//681
f 4457//643 4456//642 4496//682
f 4457//643 4496//682 4497//683
f 4456//642 4458//644 4498//684
f 4456//642 4498//684 4496//682
f 4458//644 4459//645 4499//685
f 4458//644 4499//685 4498//684
f 4459//645 4460//646 4500//686
f 4459//645 4500//686 4499//685
f 4460//646 4461//647 4501//687
f 4460//646 4501//687 4500//686
f 4461//647 4462//648 4502//688
f 4461//647 4502//688 4501//687
f 4462//648 4463//649 4503//689
f 4462//648 4503//689 4502//688
f 4463//649 4464//650 4504//690
f 4463//649 4504//690 4503//689
f 4464//650 4465//651 4505//691
f 4464//650 4505//691 4504//690
f 4465//651 4466//652 4506//692
f 4465//651 4506//692 4505//691
f 4466//652 4467//653 4507//693
f 4466//652 4507//693 4506//692
f 4467//653 4468//654 4508//694
f 4467//653 4508//694 4507//693
f 4468//654 4469//655 4509//695
f 4468//654 4509//695 4508//694
f 4469//655 4470//656 4510//696
f 4469//655 4510//696 4509//695
f 4470//656 4471//657 4511//697
f 4470//656 4511//697 4510//696
f 4471//657 4472//658 4512//698
f 4471//657 4512//698 4511//697
f 4472//658 4473//659 4513//699
f 4472//658 4513//699 4512//698
f 4473//659 4474//660 4514//700
f 4473//659 4514//700 4513//699
f 4474//660 4475//661 4515//701
f 4474//660 4515//701 4514//700
f 4475//661 4476//662 4516//702
f 4475//661 4516//702 4515//701
f 4476//662 4477//663 4517//703
f 4476//662 4517//703 4516//702
f 4477//663 4478//664 4518//704
f 4477//663 4518//704 4517//703
f 4478//664 4479//665 4519//705
f 4478//664 4519//705 4518//704
f 4479//665 4480//666 4520//706
f 4479//665 4520//706 4519//705
f 4480//666 4481//667 4521//707
f 4480//666 4521//707 4520//706
f 4481//667 4482//668 4522//708
f 4481//667 4522//708 4521//707
f 4482//668 4483//669 4523//709
f 4482//668 4523//709 4522//708
f 4483//669 4484//670 4524//710
f 4483//669 4524//710 4523//709
f 4484//670 4485//671 4525//711
f 4484//670 4525//711 4524//710
f 4485//671 4486//672 4526//712
f 4485//671 4526//712 4525//711
f 4486//672 4487//673 4527//713
f 4486//672 4527//713 4526//712
f 4487//673 4488//674 4528//714
f 4487//673 4528//714 4527//713
f 4488//674 4489//675 4529//715
f 4488//674 4529//715 4528//714
f 4489//675 4490//676 4530//716
f 4489//675 4530//716 4529//715
f 4490//676 4491//677 4531//717
f 4490//676 4531//717 4530//716
f 4491//677 4492//678 4532//718
f 4491//677 4532//718 4531//717
f 4492//678 4493//679 4533//719
f 4492//678 4533//719 4532//718
f 4493//679 4494//680 4534//720
f 4493//679 4534//720 4533//719
f 4494//680 4495//681 4535//721
f 4494//680 4535//721 4534//720
f 4495//681 4457//643 4497//683
f 4495//681 4497//683 4535//721
f 4497//683 4496//682 4536//722
f 4497//683 4536//722 4537//723
f 4496//682 4498//684 4538//724
f 4496//682 4538//724 4536//722
f 4498//684 4499//685 4539//725
f 4498//684 4539//725 4538//724
f 4499//685 4500//686 4540//726
f 4499//685 4540//726 4539//725
f 4500//686 4501//687 4541//727
f 4500//686 4541//727 4540//726
f 4501//687 4502//688 4542//728
f 4501//687 4542//728 4541//727
f 4502//688 4503//689 4543//729
f 4502//688 4543//729 4542//728
f 4503//689 4504//690 4544//730
f 4503//689 4544//730 4543//729
f 4504//690 4505//691 4545//731
f 4504//690 4545//731 4544//730
f 4505//691 4506//692 4546//732
f 4505//691 4546//732 4545//731
f 4506//692 4507//693 4547//733
f 4506//692 4547//733 4546//732
f 4507//693 4508//694 4548//734
f 4507//693 4548//734 4547//733
f 4508//694 4509//695 4549//735
f 4508//694 4549//735 4548//734
f 4509//695 4510//696 4550//736
f 4509//695 4550//736 4549//735
f 4510//696 4511//697 4551//737
f 4510//696 4551//737 4550//736
f 4511//697 4512//698 4552//738
f 4511//697 4552//738 4551//737
f 4512//698 4513//699 4553//739
f 4512//698 4553//739 4552//738
f 4513//699 4514//700 4554//740
f 4513//699 4554//740 4553//739
f 4514//700 4515//701 4555//741
f 4514//700 4555//741 4554//740
f 4515//701 4516//702 4556//742
f 4515//701 4556//742 4555//741
f 4516//702 4517//703 4557//743
f 4516//702 4557//743 4556//742
f 4517//703 4518//704 4558//744
f 4517//703 4558//744 4557//743
f 4518//704 4519//705 4559//745
f 4518//704 4559//745 4558//744
f 4519//705 4520//706 4560//746
f 4519//705 4560//746 4559//745
f 4520//706 4521//707 4561//747
f 4520//706 4561//747 4560//746
f 4521//707 4522//708 4562//748
f 4521//707 4562//748 4561//747
f 4522//708 4523//709 4563//749
f 4522//708 4563//749 4562//748
f 4523//709 4524//710 4564//750
f 4523//709 4564//750 4563//749
f 4524//710 4525//711 4565//751
f 4524//710 4565//751 4564//750
f 4525//711 4526//712 4566//752
f 4525//711 4566//752 4565//751
f 4526//712 4527//713 4567//753
f 4526//712 4567//753 4566//752
f 4527//713 4528//714 4568//754
f 4527//713 4568//754 4567//753
f 4528//714 4529//715 4569//755
f 4528//714 4569//755 4568//754
f 4529//715 4530//716 4570//756
f 4529//715 4570//756 4569//755
f 4530//716 4531//717 4571//757
f 4530//716 4571//757 4570//756
f 4531//717 4532//718 4572//758
f 4531//717 4572//758 4571//757
f 4532//718 4533//719 4573//759
f 4532//718 4573//759 4572//758
f 4533//719 4534//720 4574//760
f 4533//719 4574//760 4573//759
f 4534//720 4535//721 4575//761
f 4534//720 4575//761 4574//760
f 4535//721 4497//683 4537//723
f 4535//721 4537//723 4575//761
f 4537//723 4536//722 4576//762
f 4536//722 4538//724 4576//762
f 4538//724 4539//725 4576//762
f 4539//725 4540//726 4576//762
f 4540//726 4541//727 4576//762
f 4541//727 4542//728 4576//762
f 4542//728 4543//729 4576//762
f 4543//729 4544//730 4576//762
f 4544//730 4545//731 4576//762
f 4545//731 4546//732 4576//762
f 4546//732 4547//733 4576//762
f 4547//733 4548//734 4576//762
f 4548//734 4549//735 4576//762
f 4549//735 4550//736 4576//762
f 4550//736 4551//737 4576//762
f 4551//737 4552//738 4576//762
f 4552//738 4553//739 4576//762
f 4553//739 4554//740 4576//762
f 4554//740 4555//741 4576//762
f 4555//741 4556//742 4576//762
f 4556//742 4557//743 4576//762
f 4557//743 4558//744 4576//762
f 4558//744 4559//745 4576//762
f 4559//745 4560//746 4576//762
f 4560//746 4561//747 4576//762
f 4561//747 4562//748 4576//762
f 4562//748 4563//749 4576//762
f 4563//749 4564//750 4576//762
f 4564//750 4565//751 4576//762
f 4565//751 4566//752 4576//762
f 4566//752 4567//753 4576//762
f 4567//753 4568//754 4576//762
f 4568//754 4569//755 4576//762
f 4569//755 4570//756 4576//762
f 4570//756 4571//757 4576//762
f 4571//757 4572//758 4576//762
f 4572//758 4573//759 4576//762
f 4573//759 4574//760 4576//762
f 4574//760 4575//761 4576//762
f 4575//761 4537//723 4576//762
usemtl fin
f 4577//762 4578//762 4579//762
f 4577//762 4579//762 4580//762
f 4581//1 4582//1 4583//1
f 4581//1 4583//1 4584//1
f 4577//392 4581//392 4584//392
f 4577//392 4584//392 4578//392
f 4580//372 4579//372 4583//372
f 4580//372 4583//372 4582//372
f 4577//382 4580//382 4582//382
f 4577//382 4582//382 4581//382
f 4578//363 4584//363 4583//363
f 4578//363 4583//363 4579//363
f 4585//762 4586//762 4587//762
f 4585//762 4587//762 4588//762
f 4589//1 4590//1 4591//1
f 4589//1 4591//1 4592//1
f 4585//392 4589//392 4592//392
f 4585//392 4592//392 4586//392
f 4588//372 4587//372 4591//372
f 4588//372 4591//372 4590//372
f 4585//382 4588//382 4590//382
f 4585//382 4590//382 4589//382
f 4586//363 4592//363 4591//363
f 4586//363 4591//363 4587//363
f 4593//762 4594//762 4595//762
f 4593//762 4595//762 4596//762
f 4597//1 4598//1 4599//1
f 4597//1 4599//1 4600//1
f 4593//392 4597//392 4600//392
f 4593//392 4600//392 4594//392
f 4596//372 4595//372 4599//372
f 4596//372 4599//372 4598//372
f 4593//382 4596//382 4598//382
f 4593//382 4598//382 4597//382
f 4594//363 4600//363 4599//363
f 4594//363 4599//363 4595//363
f 4601//762 4602//762 4603//762
f 4601//762 4603//762 4604//762
f 4605//1 4606//1 4607//1
f 4605//1 4607//1 4608//1
f 4601//392 4605//392 4608//392
f 4601//392 4608//392 4602//392
f 4604//372 4603//372 4607//372
f 4604//372 4607//372 4606//372
f 4601//382 4604//382 4606//382
f 4601//382 4606//382 4605//382
f 4602//363 4608//363 4607//363
f 4602//363 4607//363 4603//363
f 4609//762 4610//762 4611//762
f 4609//762 4611//762 4612//762
f 4613//1 4614//1 4615//1
f 4613//1 4615//1 4616//1
f 4609//392 4613//392 4616//392
f 4609//392 4616//392 4610//392
f 4612//372 4611//372 4615//372
f 4612//372 4615//372 4614//372
f 4609//382 4612//382 4614//382
f 4609//382 4614//382 4613//382
f 4610//363 4616//363 4615//363
f 4610//363 4615//363 4611//363
f 4617//762 4618//762 4619//762
f 4617//762 4619//762 4620//762
f 4621//1 4622//1 4623//1
f 4621//1 4623//1 4624//1
f 4617//392 4621//392 4624//392
f 4617//392 4624//392 4618//392
f 4620//372 4619//372 4623//372
f 4620//372 4623//372 4622//372
f 4617//382 4620//382 4622//382
f 4617//382 4622//382 4621//382
f 4618//363 4624//363 4623//363
f 4618//363 4623//363 4619//363
f 4625//762 4626//762 4627//762
f 4625//762 4627//762 4628//762
f 4629//1 4630//1 4631//1
f 4629//1 4631//1 4632//1
f 4625//392 4629//392 4632//392
f 4625//392 4632//392 4626//392
f 4628//372 4627//372 4631//372
f 4628//372 4631//372 4630//372
f 4625//382 4628//382 4630//382
f 4625//382 4630//382 4629//382
f 4626//363 4632//363 4631//363
f 4626//363 4631//363 4627//363
f 4633//762 4634//762 4635//762
f 4633//762 4635//762 4636//762
f 4637//1 4638//1 4639//1
f 4637//1 4639//1 4640//1
f 4633//392 4637//392 4640//392
f 4633//392 4640//392 4634//392
f 4636//372 4635//372 4639//372
f 4636//372 4639//372 4638//372
f 4633//382 4636//382 4638//382
f 4633//382 4638//382 4637//382
f 4634//363 4640//363 4639//363
f 4634//363 4639//363 4635//363
f 4641//762 4642//762 4643//762
f 4641//762 4643//762 4644//762
f 4645//1 4646//1 4647//1
f 4645//1 4647//1 4648//1
f 4641//392 4645//392 4648//392
f 4641//392 4648//392 4642//392
f 4644//372 4643//372 4647//372
f 4644//372 4647//372 4646//372
f 4641//382 4644//382 4646//382
f 4641//382 4646//382 4645//382
f 4642//363 4648//363 4647//363
f 4642//363 4647//363 4643//363
f 4649//762 4650//762 4651//762
f 4649//762 4651//762 4652//762
f 4653//1 4654//1 4655//1
f 4653//1 4655//1 4656//1
f 4649//392 4653//392 4656//392
f 4649//392 4656//392 4650//392
f 4652//372 4651//372 4655//372
f 4652//372 4655//372 4654//372
f 4649//382 4652//382 4654//382
f 4649//382 4654//382 4653//382
f 4650//363 4656//363 4655//363
f 4650//363 4655//363 4651//363
f 4657//762 4658//762 4659//762
f 4657//762 4659//762 4660//762
f 4661//1 4662//1 4663//1
f 4661//1 4663//1 4664//1
f 4657//392 4661//392 4664//392
f 4657//392 4664//392 4658//392
f 4660//372 4659//372 4663//372
f 4660//372 4663//372 4662//372
f 4657//382 4660//382 4662//382
f 4657//382 4662//382 4661//382
f 4658//363 4664//363 4663//363
f 4658//363 4663//363 4659//363
