mtllib studio.mtl
v -20000.0000 0.0000 -19970.0000
v -20000.0000 0.0000 20030.0000
v 20000.0000 0.0000 20030.0000
v 20000.0000 0.0000 -19970.0000
v -100.0000 150.0000 15.0000
v -90.2943 149.3584 16.2778
v -90.2105 149.3584 15.0000
v -90.5441 149.3584 17.5337
v -90.9557 149.3584 18.7463
v -91.5221 149.3584 19.8947
v -92.2335 149.3584 20.9594
v -93.0778 149.3584 21.9222
v -94.0406 149.3584 22.7665
v -95.1053 149.3584 23.4779
v -96.2537 149.3584 24.0443
v -97.4663 149.3584 24.4559
v -98.7222 149.3584 24.7057
v -100.0000 149.3584 24.7895
v -101.2778 149.3584 24.7057
v -102.5337 149.3584 24.4559
v -103.7463 149.3584 24.0443
v -104.8947 149.3584 23.4779
v -105.9594 149.3584 22.7665
v -106.9222 149.3584 21.9222
v -107.7665 149.3584 20.9594
v -108.4779 149.3584 19.8947
v -109.0443 149.3584 18.7463
v -109.4559 149.3584 17.5337
v -109.7057 149.3584 16.2778
v -109.7895 149.3584 15.0000
v -109.7057 149.3584 13.7222
v -109.4559 149.3584 12.4663
v -109.0443 149.3584 11.2537
v -108.4779 149.3584 10.1053
v -107.7665 149.3584 9.0406
v -106.9222 149.3584 8.0778
v -105.9594 149.3584 7.2335
v -104.8947 149.3584 6.5221
v -103.7463 149.3584 5.9557
v -102.5337 149.3584 5.5441
v -101.2778 149.3584 5.2943
v -100.0000 149.3584 5.2105
v -98.7222 149.3584 5.2943
v -97.4663 149.3584 5.5441
v -96.2537 149.3584 5.9557
v -95.1053 149.3584 6.5221
v -94.0406 149.3584 7.2335
v -93.0778 149.3584 8.0778
v -92.2335 149.3584 9.0406
v -91.5221 149.3584 10.1053
v -90.9557 149.3584 11.2537
v -90.5441 149.3584 12.4663
v -90.2943 149.3584 13.7222
v -80.7546 147.4444 17.5337
v -80.5886 147.4444 15.0000
v -81.2500 147.4444 20.0240
v -82.0662 147.4444 22.4284
v -83.1892 147.4444 24.7057
v -84.5999 147.4444 26.8169
v -86.2740 147.4444 28.7260
v -88.1831 147.4444 30.4001
v -90.2943 147.4444 31.8108
v -92.5716 147.4444 32.9338
v -94.9760 147.4444 33.7500
v -97.4663 147.4444 34.2454
v -100.0000 147.4444 34.4114
v -102.5337 147.4444 34.2454
v -105.0240 147.4444 33.7500
v -107.4284 147.4444 32.9338
v -109.7057 147.4444 31.8108
v -111.8169 147.4444 30.4001
v -113.7260 147.4444 28.7260
v -115.4001 147.4444 26.8169
v -116.8108 147.4444 24.7057
v -117.9338 147.4444 22.4284
v -118.7500 147.4444 20.0240
v -119.2454 147.4444 17.5337
v -119.4114 147.4444 15.0000
v -119.2454 147.4444 12.4663
v -118.7500 147.4444 9.9760
v -117.9338 147.4444 7.5716
v -116.8108 147.4444 5.2943
v -115.4001 147.4444 3.1831
v -113.7260 147.4444 1.2740
v -111.8169 147.4444 -0.4001
v -109.7057 147.4444 -1.8108
v -107.4284 147.4444 -2.9338
v -105.0240 147.4444 -3.7500
v -102.5337 147.4444 -4.2454
v -100.0000 147.4444 -4.4114
v -97.4663 147.4444 -4.2454
v -94.9760 147.4444 -3.7500
v -92.5716 147.4444 -2.9338
v -90.2943 147.4444 -1.8108
v -88.1831 147.4444 -0.4001
v -86.2740 147.4444 1.2740
v -84.5999 147.4444 3.1831
v -83.1892 147.4444 5.2943
v -82.0662 147.4444 7.5716
v -81.2500 147.4444 9.9760
v -80.7546 147.4444 12.4663
v -71.5443 144.2910 18.7463
v -71.2987 144.2910 15.0000
v -72.2767 144.2910 22.4284
v -73.4835 144.2910 25.9835
v -75.1440 144.2910 29.3506
v -77.2298 144.2910 32.4722
v -79.7051 144.2910 35.2949
v -82.5278 144.2910 37.7702
v -85.6494 144.2910 39.8560
v -89.0165 144.2910 41.5165
v -92.5716 144.2910 42.7233
v -96.2537 144.2910 43.4557
v -100.0000 144.2910 43.7013
v -103.7463 144.2910 43.4557
v -107.4284 144.2910 42.7233
v -110.9835 144.2910 41.5165
v -114.3506 144.2910 39.8560
v -117.4722 144.2910 37.7702
v -120.2949 144.2910 35.2949
v -122.7702 144.2910 32.4722
v -124.8560 144.2910 29.3506
v -126.5165 144.2910 25.9835
v -127.7233 144.2910 22.4284
v -128.4557 144.2910 18.7463
v -128.7013 144.2910 15.0000
v -128.4557 144.2910 11.2537
v -127.7233 144.2910 7.5716
v -126.5165 144.2910 4.0165
v -124.8560 144.2910 0.6494
v -122.7702 144.2910 -2.4722
v -120.2949 144.2910 -5.2949
v -117.4722 144.2910 -7.7702
v -114.3506 144.2910 -9.8560
v -110.9835 144.2910 -11.5165
v -107.4284 144.2910 -12.7233
v -103.7463 144.2910 -13.4557
v -100.0000 144.2910 -13.7013
v -96.2537 144.2910 -13.4557
v -92.5716 144.2910 -12.7233
v -89.0165 144.2910 -11.5165
v -85.6494 144.2910 -9.8560
v -82.5278 144.2910 -7.7702
v -79.7051 144.2910 -5.2949
v -77.2298 144.2910 -2.4722
v -75.1440 144.2910 0.6494
v -73.4835 144.2910 4.0165
v -72.2767 144.2910 7.5716
v -71.5443 144.2910 11.2537
v -62.8208 139.9519 19.8947
v -62.5000 139.9519 15.0000
v -63.7778 139.9519 24.7057
v -65.3545 139.9519 29.3506
v -67.5240 139.9519 33.7500
v -70.2492 139.9519 37.8286
v -73.4835 139.9519 41.5165
v -77.1714 139.9519 44.7508
v -81.2500 139.9519 47.4760
v -85.6494 139.9519 49.6455
v -90.2943 139.9519 51.2222
v -95.1053 139.9519 52.1792
v -100.0000 139.9519 52.5000
v -104.8947 139.9519 52.1792
v -109.7057 139.9519 51.2222
v -114.3506 139.9519 49.6455
v -118.7500 139.9519 47.4760
v -122.8286 139.9519 44.7508
v -126.5165 139.9519 41.5165
v -129.7508 139.9519 37.8286
v -132.4760 139.9519 33.7500
v -134.6455 139.9519 29.3506
v -136.2222 139.9519 24.7057
v -137.1792 139.9519 19.8947
v -137.5000 139.9519 15.0000
v -137.1792 139.9519 10.1053
v -136.2222 139.9519 5.2943
v -134.6455 139.9519 0.6494
v -132.4760 139.9519 -3.7500
v -129.7508 139.9519 -7.8286
v -126.5165 139.9519 -11.5165
v -122.8286 139.9519 -14.7508
v -118.7500 139.9519 -17.4760
v -114.3506 139.9519 -19.6455
v -109.7057 139.9519 -21.2222
v -104.8947 139.9519 -22.1792
v -100.0000 139.9519 -22.5000
v -95.1053 139.9519 -22.1792
v -90.2943 139.9519 -21.2222
v -85.6494 139.9519 -19.6455
v -81.2500 139.9519 -17.4760
v -77.1714 139.9519 -14.7508
v -73.4835 139.9519 -11.5165
v -70.2492 139.9519 -7.8286
v -67.5240 139.9519 -3.7500
v -65.3545 139.9519 0.6494
v -63.7778 139.9519 5.2943
v -62.8208 139.9519 10.1053
v -54.7335 134.5015 20.9594
v -54.3429 134.5015 15.0000
v -55.8986 134.5015 26.8169
v -57.8183 134.5015 32.4722
v -60.4598 134.5015 37.8286
v -63.7778 134.5015 42.7943
v -67.7155 134.5015 47.2845
v -72.2057 134.5015 51.2222
v -77.1714 134.5015 54.5402
v -82.5278 134.5015 57.1817
v -88.1831 134.5015 59.1014
v -94.0406 134.5015 60.2665
v -100.0000 134.5015 60.6571
v -105.9594 134.5015 60.2665
v -111.8169 134.5015 59.1014
v -117.4722 134.5015 57.1817
v -122.8286 134.5015 54.5402
v -127.7943 134.5015 51.2222
v -132.2845 134.5015 47.2845
v -136.2222 134.5015 42.7943
v -139.5402 134.5015 37.8286
v -142.1817 134.5015 32.4722
v -144.1014 134.5015 26.8169
v -145.2665 134.5015 20.9594
v -145.6571 134.5015 15.0000
v -145.2665 134.5015 9.0406
v -144.1014 134.5015 3.1831
v -142.1817 134.5015 -2.4722
v -139.5402 134.5015 -7.8286
v -136.2222 134.5015 -12.7943
v -132.2845 134.5015 -17.2845
v -127.7943 134.5015 -21.2222
v -122.8286 134.5015 -24.5402
v -117.4722 134.5015 -27.1817
v -111.8169 134.5015 -29.1014
v -105.9594 134.5015 -30.2665
v -100.0000 134.5015 -30.6571
v -94.0406 134.5015 -30.2665
v -88.1831 134.5015 -29.1014
v -82.5278 134.5015 -27.1817
v -77.1714 134.5015 -24.5402
v -72.2057 134.5015 -21.2222
v -67.7155 134.5015 -17.2845
v -63.7778 134.5015 -12.7943
v -60.4598 134.5015 -7.8286
v -57.8183 134.5015 -2.4722
v -55.8986 134.5015 3.1831
v -54.7335 134.5015 9.0406
v -47.4207 128.0330 21.9222
v -46.9670 128.0330 15.0000
v -48.7740 128.0330 28.7260
v -51.0039 128.0330 35.2949
v -54.0721 128.0330 41.5165
v -57.9261 128.0330 47.2845
v -62.5000 128.0330 52.5000
v -67.7155 128.0330 57.0739
v -73.4835 128.0330 60.9279
v -79.7051 128.0330 63.9961
v -86.2740 128.0330 66.2260
v -93.0778 128.0330 67.5793
v -100.0000 128.0330 68.0330
v -106.9222 128.0330 67.5793
v -113.7260 128.0330 66.2260
v -120.2949 128.0330 63.9961
v -126.5165 128.0330 60.9279
v -132.2845 128.0330 57.0739
v -137.5000 128.0330 52.5000
v -142.0739 128.0330 47.2845
v -145.9279 128.0330 41.5165
v -148.9961 128.0330 35.2949
v -151.2260 128.0330 28.7260
v -152.5793 128.0330 21.9222
v -153.0330 128.0330 15.0000
v -152.5793 128.0330 8.0778
v -151.2260 128.0330 1.2740
v -148.9961 128.0330 -5.2949
v -145.9279 128.0330 -11.5165
v -142.0739 128.0330 -17.2845
v -137.5000 128.0330 -22.5000
v -132.2845 128.0330 -27.0739
v -126.5165 128.0330 -30.9279
v -120.2949 128.0330 -33.9961
v -113.7260 128.0330 -36.2260
v -106.9222 128.0330 -37.5793
v -100.0000 128.0330 -38.0330
v -93.0778 128.0330 -37.5793
v -86.2740 128.0330 -36.2260
v -79.7051 128.0330 -33.9961
v -73.4835 128.0330 -30.9279
v -67.7155 128.0330 -27.0739
v -62.5000 128.0330 -22.5000
v -57.9261 128.0330 -17.2845
v -54.0721 128.0330 -11.5165
v -51.0039 128.0330 -5.2949
v -48.7740 128.0330 1.2740
v -47.4207 128.0330 8.0778
v -41.0075 120.6571 22.7665
v -40.4985 120.6571 15.0000
v -42.5260 120.6571 30.4001
v -45.0278 120.6571 37.7702
v -48.4702 120.6571 44.7508
v -52.7943 120.6571 51.2222
v -57.9261 120.6571 57.0739
v -63.7778 120.6571 62.2057
v -70.2492 120.6571 66.5298
v -77.2298 120.6571 69.9722
v -84.5999 120.6571 72.4740
v -92.2335 120.6571 73.9925
v -100.0000 120.6571 74.5015
v -107.7665 120.6571 73.9925
v -115.4001 120.6571 72.4740
v -122.7702 120.6571 69.9722
v -129.7508 120.6571 66.5298
v -136.2222 120.6571 62.2057
v -142.0739 120.6571 57.0739
v -147.2057 120.6571 51.2222
v -151.5298 120.6571 44.7508
v -154.9722 120.6571 37.7702
v -157.4740 120.6571 30.4001
v -158.9925 120.6571 22.7665
v -159.5015 120.6571 15.0000
v -158.9925 120.6571 7.2335
v -157.4740 120.6571 -0.4001
v -154.9722 120.6571 -7.7702
v -151.5298 120.6571 -14.7508
v -147.2057 120.6571 -21.2222
v -142.0739 120.6571 -27.0739
v -136.2222 120.6571 -32.2057
v -129.7508 120.6571 -36.5298
v -122.7702 120.6571 -39.9722
v -115.4001 120.6571 -42.4740
v -107.7665 120.6571 -43.9925
v -100.0000 120.6571 -44.5015
v -92.2335 120.6571 -43.9925
v -84.5999 120.6571 -42.4740
v -77.2298 120.6571 -39.9722
v -70.2492 120.6571 -36.5298
v -63.7778 120.6571 -32.2057
v -57.9261 120.6571 -27.0739
v -52.7943 120.6571 -21.2222
v -48.4702 120.6571 -14.7508
v -45.0278 120.6571 -7.7702
v -42.5260 120.6571 -0.4001
v -41.0075 120.6571 7.2335
v -35.6038 112.5000 23.4779
v -35.0481 112.5000 15.0000
v -37.2613 112.5000 31.8108
v -39.9923 112.5000 39.8560
v -43.7500 112.5000 47.4760
v -48.4702 112.5000 54.5402
v -54.0721 112.5000 60.9279
v -60.4598 112.5000 66.5298
v -67.5240 112.5000 71.2500
v -75.1440 112.5000 75.0077
v -83.1892 112.5000 77.7387
v -91.5221 112.5000 79.3962
v -100.0000 112.5000 79.9519
v -108.4779 112.5000 79.3962
v -116.8108 112.5000 77.7387
v -124.8560 112.5000 75.0077
v -132.4760 112.5000 71.2500
v -139.5402 112.5000 66.5298
v -145.9279 112.5000 60.9279
v -151.5298 112.5000 54.5402
v -156.2500 112.5000 47.4760
v -160.0077 112.5000 39.8560
v -162.7387 112.5000 31.8108
v -164.3962 112.5000 23.4779
v -164.9519 112.5000 15.0000
v -164.3962 112.5000 6.5221
v -162.7387 112.5000 -1.8108
v -160.0077 112.5000 -9.8560
v -156.2500 112.5000 -17.4760
v -151.5298 112.5000 -24.5402
v -145.9279 112.5000 -30.9279
v -139.5402 112.5000 -36.5298
v -132.4760 112.5000 -41.2500
v -124.8560 112.5000 -45.0077
v -116.8108 112.5000 -47.7387
v -108.4779 112.5000 -49.3962
v -100.0000 112.5000 -49.9519
v -91.5221 112.5000 -49.3962
v -83.1892 112.5000 -47.7387
v -75.1440 112.5000 -45.0077
v -67.5240 112.5000 -41.2500
v -60.4598 112.5000 -36.5298
v -54.0721 112.5000 -30.9279
v -48.4702 112.5000 -24.5402
v -43.7500 112.5000 -17.4760
v -39.9923 112.5000 -9.8560
v -37.2613 112.5000 -1.8108
v -35.6038 112.5000 6.5221
v -31.3018 103.7013 24.0443
v -30.7090 103.7013 15.0000
v -33.0701 103.7013 32.9338
v -35.9835 103.7013 41.5165
v -39.9923 103.7013 49.6455
v -45.0278 103.7013 57.1817
v -51.0039 103.7013 63.9961
v -57.8183 103.7013 69.9722
v -65.3545 103.7013 75.0077
v -73.4835 103.7013 79.0165
v -82.0662 103.7013 81.9299
v -90.9557 103.7013 83.6982
v -100.0000 103.7013 84.2910
v -109.0443 103.7013 83.6982
v -117.9338 103.7013 81.9299
v -126.5165 103.7013 79.0165
v -134.6455 103.7013 75.0077
v -142.1817 103.7013 69.9722
v -148.9961 103.7013 63.9961
v -154.9722 103.7013 57.1817
v -160.0077 103.7013 49.6455
v -164.0165 103.7013 41.5165
v -166.9299 103.7013 32.9338
v -168.6982 103.7013 24.0443
v -169.2910 103.7013 15.0000
v -168.6982 103.7013 5.9557
v -166.9299 103.7013 -2.9338
v -164.0165 103.7013 -11.5165
v -160.0077 103.7013 -19.6455
v -154.9722 103.7013 -27.1817
v -148.9961 103.7013 -33.9961
v -142.1817 103.7013 -39.9722
v -134.6455 103.7013 -45.0077
v -126.5165 103.7013 -49.0165
v -117.9338 103.7013 -51.9299
v -109.0443 103.7013 -53.6982
v -100.0000 103.7013 -54.2910
v -90.9557 103.7013 -53.6982
v -82.0662 103.7013 -51.9299
v -73.4835 103.7013 -49.0165
v -65.3545 103.7013 -45.0077
v -57.8183 103.7013 -39.9722
v -51.0039 103.7013 -33.9961
v -45.0278 103.7013 -27.1817
v -39.9923 103.7013 -19.6455
v -35.9835 103.7013 -11.5165
v -33.0701 103.7013 -2.9338
v -31.3018 103.7013 5.9557
v -28.1753 94.4114 24.4559
v -27.5556 94.4114 15.0000
v -30.0240 94.4114 33.7500
v -33.0701 94.4114 42.7233
v -37.2613 94.4114 51.2222
v -42.5260 94.4114 59.1014
v -48.7740 94.4114 66.2260
v -55.8986 94.4114 72.4740
v -63.7778 94.4114 77.7387
v -72.2767 94.4114 81.9299
v -81.2500 94.4114 84.9760
v -90.5441 94.4114 86.8247
v -100.0000 94.4114 87.4444
v -109.4559 94.4114 86.8247
v -118.7500 94.4114 84.9760
v -127.7233 94.4114 81.9299
v -136.2222 94.4114 77.7387
v -144.1014 94.4114 72.4740
v -151.2260 94.4114 66.2260
v -157.4740 94.4114 59.1014
v -162.7387 94.4114 51.2222
v -166.9299 94.4114 42.7233
v -169.9760 94.4114 33.7500
v -171.8247 94.4114 24.4559
v -172.4444 94.4114 15.0000
v -171.8247 94.4114 5.5441
v -169.9760 94.4114 -3.7500
v -166.9299 94.4114 -12.7233
v -162.7387 94.4114 -21.2222
v -157.4740 94.4114 -29.1014
v -151.2260 94.4114 -36.2260
v -144.1014 94.4114 -42.4740
v -136.2222 94.4114 -47.7387
v -127.7233 94.4114 -51.9299
v -118.7500 94.4114 -54.9760
v -109.4559 94.4114 -56.8247
v -100.0000 94.4114 -57.4444
v -90.5441 94.4114 -56.8247
v -81.2500 94.4114 -54.9760
v -72.2767 94.4114 -51.9299
v -63.7778 94.4114 -47.7387
v -55.8986 94.4114 -42.4740
v -48.7740 94.4114 -36.2260
v -42.5260 94.4114 -29.1014
v -37.2613 94.4114 -21.2222
v -33.0701 94.4114 -12.7233
v -30.0240 94.4114 -3.7500
v -28.1753 94.4114 5.5441
v -26.2778 84.7895 24.7057
v -25.6416 84.7895 15.0000
v -28.1753 84.7895 34.2454
v -31.3018 84.7895 43.4557
v -35.6038 84.7895 52.1792
v -41.0075 84.7895 60.2665
v -47.4207 84.7895 67.5793
v -54.7335 84.7895 73.9925
v -62.8208 84.7895 79.3962
v -71.5443 84.7895 83.6982
v -80.7546 84.7895 86.8247
v -90.2943 84.7895 88.7222
v -100.0000 84.7895 89.3584
v -109.7057 84.7895 88.7222
v -119.2454 84.7895 86.8247
v -128.4557 84.7895 83.6982
v -137.1792 84.7895 79.3962
v -145.2665 84.7895 73.9925
v -152.5793 84.7895 67.5793
v -158.9925 84.7895 60.2665
v -164.3962 84.7895 52.1792
v -168.6982 84.7895 43.4557
v -171.8247 84.7895 34.2454
v -173.7222 84.7895 24.7057
v -174.3584 84.7895 15.0000
v -173.7222 84.7895 5.2943
v -171.8247 84.7895 -4.2454
v -168.6982 84.7895 -13.4557
v -164.3962 84.7895 -22.1792
v -158.9925 84.7895 -30.2665
v -152.5793 84.7895 -37.5793
v -145.2665 84.7895 -43.9925
v -137.1792 84.7895 -49.3962
v -128.4557 84.7895 -53.6982
v -119.2454 84.7895 -56.8247
v -109.7057 84.7895 -58.7222
v -100.0000 84.7895 -59.3584
v -90.2943 84.7895 -58.7222
v -80.7546 84.7895 -56.8247
v -71.5443 84.7895 -53.6982
v -62.8208 84.7895 -49.3962
v -54.7335 84.7895 -43.9925
v -47.4207 84.7895 -37.5793
v -41.0075 84.7895 -30.2665
v -35.6038 84.7895 -22.1792
v -31.3018 84.7895 -13.4557
v -28.1753 84.7895 -4.2454
v -26.2778 84.7895 5.2943
v -25.6416 75.0000 24.7895
v -25.0000 75.0000 15.0000
v -27.5556 75.0000 34.4114
v -30.7090 75.0000 43.7013
v -35.0481 75.0000 52.5000
v -40.4985 75.0000 60.6571
v -46.9670 75.0000 68.0330
v -54.3429 75.0000 74.5015
v -62.5000 75.0000 79.9519
v -71.2987 75.0000 84.2910
v -80.5886 75.0000 87.4444
v -90.2105 75.0000 89.3584
v -100.0000 75.0000 90.0000
v -109.7895 75.0000 89.3584
v -119.4114 75.0000 87.4444
v -128.7013 75.0000 84.2910
v -137.5000 75.0000 79.9519
v -145.6571 75.0000 74.5015
v -153.0330 75.0000 68.0330
v -159.5015 75.0000 60.6571
v -164.9519 75.0000 52.5000
v -169.2910 75.0000 43.7013
v -172.4444 75.0000 34.4114
v -174.3584 75.0000 24.7895
v -175.0000 75.0000 15.0000
v -174.3584 75.0000 5.2105
v -172.4444 75.0000 -4.4114
v -169.2910 75.0000 -13.7013
v -164.9519 75.0000 -22.5000
v -159.5015 75.0000 -30.6571
v -153.0330 75.0000 -38.0330
v -145.6571 75.0000 -44.5015
v -137.5000 75.0000 -49.9519
v -128.7013 75.0000 -54.2910
v -119.4114 75.0000 -57.4444
v -109.7895 75.0000 -59.3584
v -100.0000 75.0000 -60.0000
v -90.2105 75.0000 -59.3584
v -80.5886 75.0000 -57.4444
v -71.2987 75.0000 -54.2910
v -62.5000 75.0000 -49.9519
v -54.3429 75.0000 -44.5015
v -46.9670 75.0000 -38.0330
v -40.4985 75.0000 -30.6571
v -35.0481 75.0000 -22.5000
v -30.7090 75.0000 -13.7013
v -27.5556 75.0000 -4.4114
v -25.6416 75.0000 5.2105
v -26.2778 65.2105 24.7057
v -25.6416 65.2105 15.0000
v -28.1753 65.2105 34.2454
v -31.3018 65.2105 43.4557
v -35.6038 65.2105 52.1792
v -41.0075 65.2105 60.2665
v -47.4207 65.2105 67.5793
v -54.7335 65.2105 73.9925
v -62.8208 65.2105 79.3962
v -71.5443 65.2105 83.6982
v -80.7546 65.2105 86.8247
v -90.2943 65.2105 88.7222
v -100.0000 65.2105 89.3584
v -109.7057 65.2105 88.7222
v -119.2454 65.2105 86.8247
v -128.4557 65.2105 83.6982
v -137.1792 65.2105 79.3962
v -145.2665 65.2105 73.9925
v -152.5793 65.2105 67.5793
v -158.9925 65.2105 60.2665
v -164.3962 65.2105 52.1792
v -168.6982 65.2105 43.4557
v -171.8247 65.2105 34.2454
v -173.7222 65.2105 24.7057
v -174.3584 65.2105 15.0000
v -173.7222 65.2105 5.2943
v -171.8247 65.2105 -4.2454
v -168.6982 65.2105 -13.4557
v -164.3962 65.2105 -22.1792
v -158.9925 65.2105 -30.2665
v -152.5793 65.2105 -37.5793
v -145.2665 65.2105 -43.9925
v -137.1792 65.2105 -49.3962
v -128.4557 65.2105 -53.6982
v -119.2454 65.2105 -56.8247
v -109.7057 65.2105 -58.7222
v -100.0000 65.2105 -59.3584
v -90.2943 65.2105 -58.7222
v -80.7546 65.2105 -56.8247
v -71.5443 65.2105 -53.6982
v -62.8208 65.2105 -49.3962
v -54.7335 65.2105 -43.9925
v -47.4207 65.2105 -37.5793
v -41.0075 65.2105 -30.2665
v -35.6038 65.2105 -22.1792
v -31.3018 65.2105 -13.4557
v -28.1753 65.2105 -4.2454
v -26.2778 65.2105 5.2943
v -28.1753 55.5886 24.4559
v -27.5556 55.5886 15.0000
v -30.0240 55.5886 33.7500
v -33.0701 55.5886 42.7233
v -37.2613 55.5886 51.2222
v -42.5260 55.5886 59.1014
v -48.7740 55.5886 66.2260
v -55.8986 55.5886 72.4740
v -63.7778 55.5886 77.7387
v -72.2767 55.5886 81.9299
v -81.2500 55.5886 84.9760
v -90.5441 55.5886 86.8247
v -100.0000 55.5886 87.4444
v -109.4559 55.5886 86.8247
v -118.7500 55.5886 84.9760
v -127.7233 55.5886 81.9299
v -136.2222 55.5886 77.7387
v -144.1014 55.5886 72.4740
v -151.2260 55.5886 66.2260
v -157.4740 55.5886 59.1014
v -162.7387 55.5886 51.2222
v -166.9299 55.5886 42.7233
v -169.9760 55.5886 33.7500
v -171.8247 55.5886 24.4559
v -172.4444 55.5886 15.0000
v -171.8247 55.5886 5.5441
v -169.9760 55.5886 -3.7500
v -166.9299 55.5886 -12.7233
v -162.7387 55.5886 -21.2222
v -157.4740 55.5886 -29.1014
v -151.2260 55.5886 -36.2260
v -144.1014 55.5886 -42.4740
v -136.2222 55.5886 -47.7387
v -127.7233 55.5886 -51.9299
v -118.7500 55.5886 -54.9760
v -109.4559 55.5886 -56.8247
v -100.0000 55.5886 -57.4444
v -90.5441 55.5886 -56.8247
v -81.2500 55.5886 -54.9760
v -72.2767 55.5886 -51.9299
v -63.7778 55.5886 -47.7387
v -55.8986 55.5886 -42.4740
v -48.7740 55.5886 -36.2260
v -42.5260 55.5886 -29.1014
v -37.2613 55.5886 -21.2222
v -33.0701 55.5886 -12.7233
v -30.0240 55.5886 -3.7500
v -28.1753 55.5886 5.5441
v -31.3018 46.2987 24.0443
v -30.7090 46.2987 15.0000
v -33.0701 46.2987 32.9338
v -35.9835 46.2987 41.5165
v -39.9923 46.2987 49.6455
v -45.0278 46.2987 57.1817
v -51.0039 46.2987 63.9961
v -57.8183 46.2987 69.9722
v -65.3545 46.2987 75.0077
v -73.4835 46.2987 79.0165
v -82.0662 46.2987 81.9299
v -90.9557 46.2987 83.6982
v -100.0000 46.2987 84.2910
v -109.0443 46.2987 83.6982
v -117.9338 46.2987 81.9299
v -126.5165 46.2987 79.0165
v -134.6455 46.2987 75.0077
v -142.1817 46.2987 69.9722
v -148.9961 46.2987 63.9961
v -154.9722 46.2987 57.1817
v -160.0077 46.2987 49.6455
v -164.0165 46.2987 41.5165
v -166.9299 46.2987 32.9338
v -168.6982 46.2987 24.0443
v -169.2910 46.2987 15.0000
v -168.6982 46.2987 5.9557
v -166.9299 46.2987 -2.9338
v -164.0165 46.2987 -11.5165
v -160.0077 46.2987 -19.6455
v -154.9722 46.2987 -27.1817
v -148.9961 46.2987 -33.9961
v -142.1817 46.2987 -39.9722
v -134.6455 46.2987 -45.0077
v -126.5165 46.2987 -49.0165
v -117.9338 46.2987 -51.9299
v -109.0443 46.2987 -53.6982
v -100.0000 46.2987 -54.2910
v -90.9557 46.2987 -53.6982
v -82.0662 46.2987 -51.9299
v -73.4835 46.2987 -49.0165
v -65.3545 46.2987 -45.0077
v -57.8183 46.2987 -39.9722
v -51.0039 46.2987 -33.9961
v -45.0278 46.2987 -27.1817
v -39.9923 46.2987 -19.6455
v -35.9835 46.2987 -11.5165
v -33.0701 46.2987 -2.9338
v -31.3018 46.2987 5.9557
v -35.6038 37.5000 23.4779
v -35.0481 37.5000 15.0000
v -37.2613 37.5000 31.8108
v -39.9923 37.5000 39.8560
v -43.7500 37.5000 47.4760
v -48.4702 37.5000 54.5402
v -54.0721 37.5000 60.9279
v -60.4598 37.5000 66.5298
v -67.5240 37.5000 71.2500
v -75.1440 37.5000 75.0077
v -83.1892 37.5000 77.7387
v -91.5221 37.5000 79.3962
v -100.0000 37.5000 79.9519
v -108.4779 37.5000 79.3962
v -116.8108 37.5000 77.7387
v -124.8560 37.5000 75.0077
v -132.4760 37.5000 71.2500
v -139.5402 37.5000 66.5298
v -145.9279 37.5000 60.9279
v -151.5298 37.5000 54.5402
v -156.2500 37.5000 47.4760
v -160.0077 37.5000 39.8560
v -162.7387 37.5000 31.8108
v -164.3962 37.5000 23.4779
v -164.9519 37.5000 15.0000
v -164.3962 37.5000 6.5221
v -162.7387 37.5000 -1.8108
v -160.0077 37.5000 -9.8560
v -156.2500 37.5000 -17.4760
v -151.5298 37.5000 -24.5402
v -145.9279 37.5000 -30.9279
v -139.5402 37.5000 -36.5298
v -132.4760 37.5000 -41.2500
v -124.8560 37.5000 -45.0077
v -116.8108 37.5000 -47.7387
v -108.4779 37.5000 -49.3962
v -100.0000 37.5000 -49.9519
v -91.5221 37.5000 -49.3962
v -83.1892 37.5000 -47.7387
v -75.1440 37.5000 -45.0077
v -67.5240 37.5000 -41.2500
v -60.4598 37.5000 -36.5298
v -54.0721 37.5000 -30.9279
v -48.4702 37.5000 -24.5402
v -43.7500 37.5000 -17.4760
v -39.9923 37.5000 -9.8560
v -37.2613 37.5000 -1.8108
v -35.6038 37.5000 6.5221
v -41.0075 29.3429 22.7665
v -40.4985 29.3429 15.0000
v -42.5260 29.3429 30.4001
v -45.0278 29.3429 37.7702
v -48.4702 29.3429 44.7508
v -52.7943 29.3429 51.2222
v -57.9261 29.3429 57.0739
v -63.7778 29.3429 62.2057
v -70.2492 29.3429 66.5298
v -77.2298 29.3429 69.9722
v -84.5999 29.3429 72.4740
v -92.2335 29.3429 73.9925
v -100.0000 29.3429 74.5015
v -107.7665 29.3429 73.9925
v -115.4001 29.3429 72.4740
v -122.7702 29.3429 69.9722
v -129.7508 29.3429 66.5298
v -136.2222 29.3429 62.2057
v -142.0739 29.3429 57.0739
v -147.2057 29.3429 51.2222
v -151.5298 29.3429 44.7508
v -154.9722 29.3429 37.7702
v -157.4740 29.3429 30.4001
v -158.9925 29.3429 22.7665
v -159.5015 29.3429 15.0000
v -158.9925 29.3429 7.2335
v -157.4740 29.3429 -0.4001
v -154.9722 29.3429 -7.7702
v -151.5298 29.3429 -14.7508
v -147.2057 29.3429 -21.2222
v -142.0739 29.3429 -27.0739
v -136.2222 29.3429 -32.2057
v -129.7508 29.3429 -36.5298
v -122.7702 29.3429 -39.9722
v -115.4001 29.3429 -42.4740
v -107.7665 29.3429 -43.9925
v -100.0000 29.3429 -44.5015
v -92.2335 29.3429 -43.9925
v -84.5999 29.3429 -42.4740
v -77.2298 29.3429 -39.9722
v -70.2492 29.3429 -36.5298
v -63.7778 29.3429 -32.2057
v -57.9261 29.3429 -27.0739
v -52.7943 29.3429 -21.2222
v -48.4702 29.3429 -14.7508
v -45.0278 29.3429 -7.7702
v -42.5260 29.3429 -0.4001
v -41.0075 29.3429 7.2335
v -47.4207 21.9670 21.9222
v -46.9670 21.9670 15.0000
v -48.7740 21.9670 28.7260
v -51.0039 21.9670 35.2949
v -54.0721 21.9670 41.5165
v -57.9261 21.9670 47.2845
v -62.5000 21.9670 52.5000
v -67.7155 21.9670 57.0739
v -73.4835 21.9670 60.9279
v -79.7051 21.9670 63.9961
v -86.2740 21.9670 66.2260
v -93.0778 21.9670 67.5793
v -100.0000 21.9670 68.0330
v -106.9222 21.9670 67.5793
v -113.7260 21.9670 66.2260
v -120.2949 21.9670 63.9961
v -126.5165 21.9670 60.9279
v -132.2845 21.9670 57.0739
v -137.5000 21.9670 52.5000
v -142.0739 21.9670 47.2845
v -145.9279 21.9670 41.5165
v -148.9961 21.9670 35.2949
v -151.2260 21.9670 28.7260
v -152.5793 21.9670 21.9222
v -153.0330 21.9670 15.0000
v -152.5793 21.9670 8.0778
v -151.2260 21.9670 1.2740
v -148.9961 21.9670 -5.2949
v -145.9279 21.9670 -11.5165
v -142.0739 21.9670 -17.2845
v -137.5000 21.9670 -22.5000
v -132.2845 21.9670 -27.0739
v -126.5165 21.9670 -30.9279
v -120.2949 21.9670 -33.9961
v -113.7260 21.9670 -36.2260
v -106.9222 21.9670 -37.5793
v -100.0000 21.9670 -38.0330
v -93.0778 21.9670 -37.5793
v -86.2740 21.9670 -36.2260
v -79.7051 21.9670 -33.9961
v -73.4835 21.9670 -30.9279
v -67.7155 21.9670 -27.0739
v -62.5000 21.9670 -22.5000
v -57.9261 21.9670 -17.2845
v -54.0721 21.9670 -11.5165
v -51.0039 21.9670 -5.2949
v -48.7740 21.9670 1.2740
v -47.4207 21.9670 8.0778
v -54.7335 15.4985 20.9594
v -54.3429 15.4985 15.0000
v -55.8986 15.4985 26.8169
v -57.8183 15.4985 32.4722
v -60.4598 15.4985 37.8286
v -63.7778 15.4985 42.7943
v -67.7155 15.4985 47.2845
v -72.2057 15.4985 51.2222
v -77.1714 15.4985 54.5402
v -82.5278 15.4985 57.1817
v -88.1831 15.4985 59.1014
v -94.0406 15.4985 60.2665
v -100.0000 15.4985 60.6571
v -105.9594 15.4985 60.2665
v -111.8169 15.4985 59.1014
v -117.4722 15.4985 57.1817
v -122.8286 15.4985 54.5402
v -127.7943 15.4985 51.2222
v -132.2845 15.4985 47.2845
v -136.2222 15.4985 42.7943
v -139.5402 15.4985 37.8286
v -142.1817 15.4985 32.4722
v -144.1014 15.4985 26.8169
v -145.2665 15.4985 20.9594
v -145.6571 15.4985 15.0000
v -145.2665 15.4985 9.0406
v -144.1014 15.4985 3.1831
v -142.1817 15.4985 -2.4722
v -139.5402 15.4985 -7.8286
v -136.2222 15.4985 -12.7943
v -132.2845 15.4985 -17.2845
v -127.7943 15.4985 -21.2222
v -122.8286 15.4985 -24.5402
v -117.4722 15.4985 -27.1817
v -111.8169 15.4985 -29.1014
v -105.9594 15.4985 -30.2665
v -100.0000 15.4985 -30.6571
v -94.0406 15.4985 -30.2665
v -88.1831 15.4985 -29.1014
v -82.5278 15.4985 -27.1817
v -77.1714 15.4985 -24.5402
v -72.2057 15.4985 -21.2222
v -67.7155 15.4985 -17.2845
v -63.7778 15.4985 -12.7943
v -60.4598 15.4985 -7.8286
v -57.8183 15.4985 -2.4722
v -55.8986 15.4985 3.1831
v -54.7335 15.4985 9.0406
v -62.8208 10.0481 19.8947
v -62.5000 10.0481 15.0000
v -63.7778 10.0481 24.7057
v -65.3545 10.0481 29.3506
v -67.5240 10.0481 33.7500
v -70.2492 10.0481 37.8286
v -73.4835 10.0481 41.5165
v -77.1714 10.0481 44.7508
v -81.2500 10.0481 47.4760
v -85.6494 10.0481 49.6455
v -90.2943 10.0481 51.2222
v -95.1053 10.0481 52.1792
v -100.0000 10.0481 52.5000
v -104.8947 10.0481 52.1792
v -109.7057 10.0481 51.2222
v -114.3506 10.0481 49.6455
v -118.7500 10.0481 47.4760
v -122.8286 10.0481 44.7508
v -126.5165 10.0481 41.5165
v -129.7508 10.0481 37.8286
v -132.4760 10.0481 33.7500
v -134.6455 10.0481 29.3506
v -136.2222 10.0481 24.7057
v -137.1792 10.0481 19.8947
v -137.5000 10.0481 15.0000
v -137.1792 10.0481 10.1053
v -136.2222 10.0481 5.2943
v -134.6455 10.0481 0.6494
v -132.4760 10.0481 -3.7500
v -129.7508 10.0481 -7.8286
v -126.5165 10.0481 -11.5165
v -122.8286 10.0481 -14.7508
v -118.7500 10.0481 -17.4760
v -114.3506 10.0481 -19.6455
v -109.7057 10.0481 -21.2222
v -104.8947 10.0481 -22.1792
v -100.0000 10.0481 -22.5000
v -95.1053 10.0481 -22.1792
v -90.2943 10.0481 -21.2222
v -85.6494 10.0481 -19.6455
v -81.2500 10.0481 -17.4760
v -77.1714 10.0481 -14.7508
v -73.4835 10.0481 -11.5165
v -70.2492 10.0481 -7.8286
v -67.5240 10.0481 -3.7500
v -65.3545 10.0481 0.6494
v -63.7778 10.0481 5.2943
v -62.8208 10.0481 10.1053
v -71.5443 5.7090 18.7463
v -71.2987 5.7090 15.0000
v -72.2767 5.7090 22.4284
v -73.4835 5.7090 25.9835
v -75.1440 5.7090 29.3506
v -77.2298 5.7090 32.4722
v -79.7051 5.7090 35.2949
v -82.5278 5.7090 37.7702
v -85.6494 5.7090 39.8560
v -89.0165 5.7090 41.5165
v -92.5716 5.7090 42.7233
v -96.2537 5.7090 43.4557
v -100.0000 5.7090 43.7013
v -103.7463 5.7090 43.4557
v -107.4284 5.7090 42.7233
v -110.9835 5.7090 41.5165
v -114.3506 5.7090 39.8560
v -117.4722 5.7090 37.7702
v -120.2949 5.7090 35.2949
v -122.7702 5.7090 32.4722
v -124.8560 5.7090 29.3506
v -126.5165 5.7090 25.9835
v -127.7233 5.7090 22.4284
v -128.4557 5.7090 18.7463
v -128.7013 5.7090 15.0000
v -128.4557 5.7090 11.2537
v -127.7233 5.7090 7.5716
v -126.5165 5.7090 4.0165
v -124.8560 5.7090 0.6494
v -122.7702 5.7090 -2.4722
v -120.2949 5.7090 -5.2949
v -117.4722 5.7090 -7.7702
v -114.3506 5.7090 -9.8560
v -110.9835 5.7090 -11.5165
v -107.4284 5.7090 -12.7233
v -103.7463 5.7090 -13.4557
v -100.0000 5.7090 -13.7013
v -96.2537 5.7090 -13.4557
v -92.5716 5.7090 -12.7233
v -89.0165 5.7090 -11.5165
v -85.6494 5.7090 -9.8560
v -82.5278 5.7090 -7.7702
v -79.7051 5.7090 -5.2949
v -77.2298 5.7090 -2.4722
v -75.1440 5.7090 0.6494
v -73.4835 5.7090 4.0165
v -72.2767 5.7090 7.5716
v -71.5443 5.7090 11.2537
v -80.7546 2.5556 17.5337
v -80.5886 2.5556 15.0000
v -81.2500 2.5556 20.0240
v -82.0662 2.5556 22.4284
v -83.1892 2.5556 24.7057
v -84.5999 2.5556 26.8169
v -86.2740 2.5556 28.7260
v -88.1831 2.5556 30.4001
v -90.2943 2.5556 31.8108
v -92.5716 2.5556 32.9338
v -94.9760 2.5556 33.7500
v -97.4663 2.5556 34.2454
v -100.0000 2.5556 34.4114
v -102.5337 2.5556 34.2454
v -105.0240 2.5556 33.7500
v -107.4284 2.5556 32.9338
v -109.7057 2.5556 31.8108
v -111.8169 2.5556 30.4001
v -113.7260 2.5556 28.7260
v -115.4001 2.5556 26.8169
v -116.8108 2.5556 24.7057
v -117.9338 2.5556 22.4284
v -118.7500 2.5556 20.0240
v -119.2454 2.5556 17.5337
v -119.4114 2.5556 15.0000
v -119.2454 2.5556 12.4663
v -118.7500 2.5556 9.9760
v -117.9338 2.5556 7.5716
v -116.8108 2.5556 5.2943
v -115.4001 2.5556 3.1831
v -113.7260 2.5556 1.2740
v -111.8169 2.5556 -0.4001
v -109.7057 2.5556 -1.8108
v -107.4284 2.5556 -2.9338
v -105.0240 2.5556 -3.7500
v -102.5337 2.5556 -4.2454
v -100.0000 2.5556 -4.4114
v -97.4663 2.5556 -4.2454
v -94.9760 2.5556 -3.7500
v -92.5716 2.5556 -2.9338
v -90.2943 2.5556 -1.8108
v -88.1831 2.5556 -0.4001
v -86.2740 2.5556 1.2740
v -84.5999 2.5556 3.1831
v -83.1892 2.5556 5.2943
v -82.0662 2.5556 7.5716
v -81.2500 2.5556 9.9760
v -80.7546 2.5556 12.4663
v -90.2943 0.6416 16.2778
v -90.2105 0.6416 15.0000
v -90.5441 0.6416 17.5337
v -90.9557 0.6416 18.7463
v -91.5221 0.6416 19.8947
v -92.2335 0.6416 20.9594
v -93.0778 0.6416 21.9222
v -94.0406 0.6416 22.7665
v -95.1053 0.6416 23.4779
v -96.2537 0.6416 24.0443
v -97.4663 0.6416 24.4559
v -98.7222 0.6416 24.7057
v -100.0000 0.6416 24.7895
v -101.2778 0.6416 24.7057
v -102.5337 0.6416 24.4559
v -103.7463 0.6416 24.0443
v -104.8947 0.6416 23.4779
v -105.9594 0.6416 22.7665
v -106.9222 0.6416 21.9222
v -107.7665 0.6416 20.9594
v -108.4779 0.6416 19.8947
v -109.0443 0.6416 18.7463
v -109.4559 0.6416 17.5337
v -109.7057 0.6416 16.2778
v -109.7895 0.6416 15.0000
v -109.7057 0.6416 13.7222
v -109.4559 0.6416 12.4663
v -109.0443 0.6416 11.2537
v -108.4779 0.6416 10.1053
v -107.7665 0.6416 9.0406
v -106.9222 0.6416 8.0778
v -105.9594 0.6416 7.2335
v -104.8947 0.6416 6.5221
v -103.7463 0.6416 5.9557
v -102.5337 0.6416 5.5441
v -101.2778 0.6416 5.2943
v -100.0000 0.6416 5.2105
v -98.7222 0.6416 5.2943
v -97.4663 0.6416 5.5441
v -96.2537 0.6416 5.9557
v -95.1053 0.6416 6.5221
v -94.0406 0.6416 7.2335
v -93.0778 0.6416 8.0778
v -92.2335 0.6416 9.0406
v -91.5221 0.6416 10.1053
v -90.9557 0.6416 11.2537
v -90.5441 0.6416 12.4663
v -90.2943 0.6416 13.7222
v -100.0000 0.0000 15.0000
v 26.0000 108.0000 -68.0000
v 32.9881 107.5380 -67.0800
v 33.0484 107.5380 -68.0000
v 32.8082 107.5380 -66.1757
v 32.5119 107.5380 -65.3027
v 32.1041 107.5380 -64.4758
v 31.5919 107.5380 -63.7092
v 30.9840 107.5380 -63.0160
v 30.2908 107.5380 -62.4081
v 29.5242 107.5380 -61.8959
v 28.6973 107.5380 -61.4881
v 27.8243 107.5380 -61.1918
v 26.9200 107.5380 -61.0119
v 26.0000 107.5380 -60.9516
v 25.0800 107.5380 -61.0119
v 24.1757 107.5380 -61.1918
v 23.3027 107.5380 -61.4881
v 22.4758 107.5380 -61.8959
v 21.7092 107.5380 -62.4081
v 21.0160 107.5380 -63.0160
v 20.4081 107.5380 -63.7092
v 19.8959 107.5380 -64.4758
v 19.4881 107.5380 -65.3027
v 19.1918 107.5380 -66.1757
v 19.0119 107.5380 -67.0800
v 18.9516 107.5380 -68.0000
v 19.0119 107.5380 -68.9200
v 19.1918 107.5380 -69.8243
v 19.4881 107.5380 -70.6973
v 19.8959 107.5380 -71.5242
v 20.4081 107.5380 -72.2908
v 21.0160 107.5380 -72.9840
v 21.7092 107.5380 -73.5919
v 22.4758 107.5380 -74.1041
v 23.3027 107.5380 -74.5119
v 24.1757 107.5380 -74.8082
v 25.0800 107.5380 -74.9881
v 26.0000 107.5380 -75.0484
v 26.9200 107.5380 -74.9881
v 27.8243 107.5380 -74.8082
v 28.6973 107.5380 -74.5119
v 29.5242 107.5380 -74.1041
v 30.2908 107.5380 -73.5919
v 30.9840 107.5380 -72.9840
v 31.5919 107.5380 -72.2908
v 32.1041 107.5380 -71.5242
v 32.5119 107.5380 -70.6973
v 32.8082 107.5380 -69.8243
v 32.9881 107.5380 -68.9200
v 39.8567 106.1600 -66.1757
v 39.9762 106.1600 -68.0000
v 39.5000 106.1600 -64.3827
v 38.9124 106.1600 -62.6515
v 38.1038 106.1600 -61.0119
v 37.0881 106.1600 -59.4918
v 35.8827 106.1600 -58.1173
v 34.5082 106.1600 -56.9119
v 32.9881 106.1600 -55.8962
v 31.3485 106.1600 -55.0876
v 29.6173 106.1600 -54.5000
v 27.8243 106.1600 -54.1433
v 26.0000 106.1600 -54.0238
v 24.1757 106.1600 -54.1433
v 22.3827 106.1600 -54.5000
v 20.6515 106.1600 -55.0876
v 19.0119 106.1600 -55.8962
v 17.4918 106.1600 -56.9119
v 16.1173 106.1600 -58.1173
v 14.9119 106.1600 -59.4918
v 13.8962 106.1600 -61.0119
v 13.0876 106.1600 -62.6515
v 12.5000 106.1600 -64.3827
v 12.1433 106.1600 -66.1757
v 12.0238 106.1600 -68.0000
v 12.1433 106.1600 -69.8243
v 12.5000 106.1600 -71.6173
v 13.0876 106.1600 -73.3485
v 13.8962 106.1600 -74.9881
v 14.9119 106.1600 -76.5082
v 16.1173 106.1600 -77.8827
v 17.4918 106.1600 -79.0881
v 19.0119 106.1600 -80.1038
v 20.6515 106.1600 -80.9124
v 22.3827 106.1600 -81.5000
v 24.1757 106.1600 -81.8567
v 26.0000 106.1600 -81.9762
v 27.8243 106.1600 -81.8567
v 29.6173 106.1600 -81.5000
v 31.3485 106.1600 -80.9124
v 32.9881 106.1600 -80.1038
v 34.5082 106.1600 -79.0881
v 35.8827 106.1600 -77.8827
v 37.0881 106.1600 -76.5082
v 38.1038 106.1600 -74.9881
v 38.9124 106.1600 -73.3485
v 39.5000 106.1600 -71.6173
v 39.8567 106.1600 -69.8243
v 46.4881 103.8895 -65.3027
v 46.6649 103.8895 -68.0000
v 45.9608 103.8895 -62.6515
v 45.0919 103.8895 -60.0919
v 43.8963 103.8895 -57.6675
v 42.3946 103.8895 -55.4200
v 40.6123 103.8895 -53.3877
v 38.5800 103.8895 -51.6054
v 36.3325 103.8895 -50.1037
v 33.9081 103.8895 -48.9081
v 31.3485 103.8895 -48.0392
v 28.6973 103.8895 -47.5119
v 26.0000 103.8895 -47.3351
v 23.3027 103.8895 -47.5119
v 20.6515 103.8895 -48.0392
v 18.0919 103.8895 -48.9081
v 15.6675 103.8895 -50.1037
v 13.4200 103.8895 -51.6054
v 11.3877 103.8895 -53.3877
v 9.6054 103.8895 -55.4200
v 8.1037 103.8895 -57.6675
v 6.9081 103.8895 -60.0919
v 6.0392 103.8895 -62.6515
v 5.5119 103.8895 -65.3027
v 5.3351 103.8895 -68.0000
v 5.5119 103.8895 -70.6973
v 6.0392 103.8895 -73.3485
v 6.9081 103.8895 -75.9081
v 8.1037 103.8895 -78.3325
v 9.6054 103.8895 -80.5800
v 11.3877 103.8895 -82.6123
v 13.4200 103.8895 -84.3946
v 15.6675 103.8895 -85.8963
v 18.0919 103.8895 -87.0919
v 20.6515 103.8895 -87.9608
v 23.3027 103.8895 -88.4881
v 26.0000 103.8895 -88.6649
v 28.6973 103.8895 -88.4881
v 31.3485 103.8895 -87.9608
v 33.9081 103.8895 -87.0919
v 36.3325 103.8895 -85.8963
v 38.5800 103.8895 -84.3946
v 40.6123 103.8895 -82.6123
v 42.3946 103.8895 -80.5800
v 43.8963 103.8895 -78.3325
v 45.0919 103.8895 -75.9081
v 45.9608 103.8895 -73.3485
v 46.4881 103.8895 -70.6973
v 52.7690 100.7654 -64.4758
v 53.0000 100.7654 -68.0000
v 52.0800 100.7654 -61.0119
v 50.9447 100.7654 -57.6675
v 49.3827 100.7654 -54.5000
v 47.4205 100.7654 -51.5634
v 45.0919 100.7654 -48.9081
v 42.4366 100.7654 -46.5795
v 39.5000 100.7654 -44.6173
v 36.3325 100.7654 -43.0553
v 32.9881 100.7654 -41.9200
v 29.5242 100.7654 -41.2310
v 26.0000 100.7654 -41.0000
v 22.4758 100.7654 -41.2310
v 19.0119 100.7654 -41.9200
v 15.6675 100.7654 -43.0553
v 12.5000 100.7654 -44.6173
v 9.5634 100.7654 -46.5795
v 6.9081 100.7654 -48.9081
v 4.5795 100.7654 -51.5634
v 2.6173 100.7654 -54.5000
v 1.0553 100.7654 -57.6675
v -0.0800 100.7654 -61.0119
v -0.7690 100.7654 -64.4758
v -1.0000 100.7654 -68.0000
v -0.7690 100.7654 -71.5242
v -0.0800 100.7654 -74.9881
v 1.0553 100.7654 -78.3325
v 2.6173 100.7654 -81.5000
v 4.5795 100.7654 -84.4366
v 6.9081 100.7654 -87.0919
v 9.5634 100.7654 -89.4205
v 12.5000 100.7654 -91.3827
v 15.6675 100.7654 -92.9447
v 19.0119 100.7654 -94.0800
v 22.4758 100.7654 -94.7690
v 26.0000 100.7654 -95.0000
v 29.5242 100.7654 -94.7690
v 32.9881 100.7654 -94.0800
v 36.3325 100.7654 -92.9447
v 39.5000 100.7654 -91.3827
v 42.4366 100.7654 -89.4205
v 45.0919 100.7654 -87.0919
v 47.4205 100.7654 -84.4366
v 49.3827 100.7654 -81.5000
v 50.9447 100.7654 -78.3325
v 52.0800 100.7654 -74.9881
v 52.7690 100.7654 -71.5242
v 58.5919 96.8411 -63.7092
v 58.8731 96.8411 -68.0000
v 57.7530 96.8411 -59.4918
v 56.3708 96.8411 -55.4200
v 54.4690 96.8411 -51.5634
v 52.0800 96.8411 -47.9881
v 49.2448 96.8411 -44.7552
v 46.0119 96.8411 -41.9200
v 42.4366 96.8411 -39.5310
v 38.5800 96.8411 -37.6292
v 34.5082 96.8411 -36.2470
v 30.2908 96.8411 -35.4081
v 26.0000 96.8411 -35.1269
v 21.7092 96.8411 -35.4081
v 17.4918 96.8411 -36.2470
v 13.4200 96.8411 -37.6292
v 9.5634 96.8411 -39.5310
v 5.9881 96.8411 -41.9200
v 2.7552 96.8411 -44.7552
v -0.0800 96.8411 -47.9881
v -2.4690 96.8411 -51.5634
v -4.3708 96.8411 -55.4200
v -5.7530 96.8411 -59.4918
v -6.5919 96.8411 -63.7092
v -6.8731 96.8411 -68.0000
v -6.5919 96.8411 -72.2908
v -5.7530 96.8411 -76.5082
v -4.3708 96.8411 -80.5800
v -2.4690 96.8411 -84.4366
v -0.0800 96.8411 -88.0119
v 2.7552 96.8411 -91.2448
v 5.9881 96.8411 -94.0800
v 9.5634 96.8411 -96.4690
v 13.4200 96.8411 -98.3708
v 17.4918 96.8411 -99.7530
v 21.7092 96.8411 -100.5919
v 26.0000 96.8411 -100.8731
v 30.2908 96.8411 -100.5919
v 34.5082 96.8411 -99.7530
v 38.5800 96.8411 -98.3708
v 42.4366 96.8411 -96.4690
v 46.0119 96.8411 -94.0800
v 49.2448 96.8411 -91.2448
v 52.0800 96.8411 -88.0119
v 54.4690 96.8411 -84.4366
v 56.3708 96.8411 -80.5800
v 57.7530 96.8411 -76.5082
v 58.5919 96.8411 -72.2908
v 63.8571 92.1838 -63.0160
v 64.1838 92.1838 -68.0000
v 62.8827 92.1838 -58.1173
v 61.2772 92.1838 -53.3877
v 59.0681 92.1838 -48.9081
v 56.2932 92.1838 -44.7552
v 53.0000 92.1838 -41.0000
v 49.2448 92.1838 -37.7068
v 45.0919 92.1838 -34.9319
v 40.6123 92.1838 -32.7228
v 35.8827 92.1838 -31.1173
v 30.9840 92.1838 -30.1429
v 26.0000 92.1838 -29.8162
v 21.0160 92.1838 -30.1429
v 16.1173 92.1838 -31.1173
v 11.3877 92.1838 -32.7228
v 6.9081 92.1838 -34.9319
v 2.7552 92.1838 -37.7068
v -1.0000 92.1838 -41.0000
v -4.2932 92.1838 -44.7552
v -7.0681 92.1838 -48.9081
v -9.2772 92.1838 -53.3877
v -10.8827 92.1838 -58.1173
v -11.8571 92.1838 -63.0160
v -12.1838 92.1838 -68.0000
v -11.8571 92.1838 -72.9840
v -10.8827 92.1838 -77.8827
v -9.2772 92.1838 -82.6123
v -7.0681 92.1838 -87.0919
v -4.2932 92.1838 -91.2448
v -1.0000 92.1838 -95.0000
v 2.7552 92.1838 -98.2932
v 6.9081 92.1838 -101.0681
v 11.3877 92.1838 -103.2772
v 16.1173 92.1838 -104.8827
v 21.0160 92.1838 -105.8571
v 26.0000 92.1838 -106.1838
v 30.9840 92.1838 -105.8571
v 35.8827 92.1838 -104.8827
v 40.6123 92.1838 -103.2772
v 45.0919 92.1838 -101.0681
v 49.2448 92.1838 -98.2932
v 53.0000 92.1838 -95.0000
v 56.2932 92.1838 -91.2448
v 59.0681 92.1838 -87.0919
v 61.2772 92.1838 -82.6123
v 62.8827 92.1838 -77.8827
v 63.8571 92.1838 -72.9840
v 68.4746 86.8731 -62.4081
v 68.8411 86.8731 -68.0000
v 67.3813 86.8731 -56.9119
v 65.5800 86.8731 -51.6054
v 63.1015 86.8731 -46.5795
v 59.9881 86.8731 -41.9200
v 56.2932 86.8731 -37.7068
v 52.0800 86.8731 -34.0119
v 47.4205 86.8731 -30.8985
v 42.3946 86.8731 -28.4200
v 37.0881 86.8731 -26.6187
v 31.5919 86.8731 -25.5254
v 26.0000 86.8731 -25.1589
v 20.4081 86.8731 -25.5254
v 14.9119 86.8731 -26.6187
v 9.6054 86.8731 -28.4200
v 4.5795 86.8731 -30.8985
v -0.0800 86.8731 -34.0119
v -4.2932 86.8731 -37.7068
v -7.9881 86.8731 -41.9200
v -11.1015 86.8731 -46.5795
v -13.5800 86.8731 -51.6054
v -15.3813 86.8731 -56.9119
v -16.4746 86.8731 -62.4081
v -16.8411 86.8731 -68.0000
v -16.4746 86.8731 -73.5919
v -15.3813 86.8731 -79.0881
v -13.5800 86.8731 -84.3946
v -11.1015 86.8731 -89.4205
v -7.9881 86.8731 -94.0800
v -4.2932 86.8731 -98.2932
v -0.0800 86.8731 -101.9881
v 4.5795 86.8731 -105.1015
v 9.6054 86.8731 -107.5800
v 14.9119 86.8731 -109.3813
v 20.4081 86.8731 -110.4746
v 26.0000 86.8731 -110.8411
v 31.5919 86.8731 -110.4746
v 37.0881 86.8731 -109.3813
v 42.3946 86.8731 -107.5800
v 47.4205 86.8731 -105.1015
v 52.0800 86.8731 -101.9881
v 56.2932 86.8731 -98.2932
v 59.9881 86.8731 -94.0800
v 63.1015 86.8731 -89.4205
v 65.5800 86.8731 -84.3946
v 67.3813 86.8731 -79.0881
v 68.4746 86.8731 -73.5919
v 72.3653 81.0000 -61.8959
v 72.7654 81.0000 -68.0000
v 71.1719 81.0000 -55.8962
v 69.2056 81.0000 -50.1037
v 66.5000 81.0000 -44.6173
v 63.1015 81.0000 -39.5310
v 59.0681 81.0000 -34.9319
v 54.4690 81.0000 -30.8985
v 49.3827 81.0000 -27.5000
v 43.8963 81.0000 -24.7944
v 38.1038 81.0000 -22.8281
v 32.1041 81.0000 -21.6347
v 26.0000 81.0000 -21.2346
v 19.8959 81.0000 -21.6347
v 13.8962 81.0000 -22.8281
v 8.1037 81.0000 -24.7944
v 2.6173 81.0000 -27.5000
v -2.4690 81.0000 -30.8985
v -7.0681 81.0000 -34.9319
v -11.1015 81.0000 -39.5310
v -14.5000 81.0000 -44.6173
v -17.2056 81.0000 -50.1037
v -19.1719 81.0000 -55.8962
v -20.3653 81.0000 -61.8959
v -20.7654 81.0000 -68.0000
v -20.3653 81.0000 -74.1041
v -19.1719 81.0000 -80.1038
v -17.2056 81.0000 -85.8963
v -14.5000 81.0000 -91.3827
v -11.1015 81.0000 -96.4690
v -7.0681 81.0000 -101.0681
v -2.4690 81.0000 -105.1015
v 2.6173 81.0000 -108.5000
v 8.1037 81.0000 -111.2056
v 13.8962 81.0000 -113.1719
v 19.8959 81.0000 -114.3653
v 26.0000 81.0000 -114.7654
v 32.1041 81.0000 -114.3653
v 38.1038 81.0000 -113.1719
v 43.8963 81.0000 -111.2056
v 49.3827 81.0000 -108.5000
v 54.4690 81.0000 -105.1015
v 59.0681 81.0000 -101.0681
v 63.1015 81.0000 -96.4690
v 66.5000 81.0000 -91.3827
v 69.2056 81.0000 -85.8963
v 71.1719 81.0000 -80.1038
v 72.3653 81.0000 -74.1041
v 75.4627 74.6649 -61.4881
v 75.8895 74.6649 -68.0000
v 74.1896 74.6649 -55.0876
v 72.0919 74.6649 -48.9081
v 69.2056 74.6649 -43.0553
v 65.5800 74.6649 -37.6292
v 61.2772 74.6649 -32.7228
v 56.3708 74.6649 -28.4200
v 50.9447 74.6649 -24.7944
v 45.0919 74.6649 -21.9081
v 38.9124 74.6649 -19.8104
v 32.5119 74.6649 -18.5373
v 26.0000 74.6649 -18.1105
v 19.4881 74.6649 -18.5373
v 13.0876 74.6649 -19.8104
v 6.9081 74.6649 -21.9081
v 1.0553 74.6649 -24.7944
v -4.3708 74.6649 -28.4200
v -9.2772 74.6649 -32.7228
v -13.5800 74.6649 -37.6292
v -17.2056 74.6649 -43.0553
v -20.0919 74.6649 -48.9081
v -22.1896 74.6649 -55.0876
v -23.4627 74.6649 -61.4881
v -23.8895 74.6649 -68.0000
v -23.4627 74.6649 -74.5119
v -22.1896 74.6649 -80.9124
v -20.0919 74.6649 -87.0919
v -17.2056 74.6649 -92.9447
v -13.5800 74.6649 -98.3708
v -9.2772 74.6649 -103.2772
v -4.3708 74.6649 -107.5800
v 1.0553 74.6649 -111.2056
v 6.9081 74.6649 -114.0919
v 13.0876 74.6649 -116.1896
v 19.4881 74.6649 -117.4627
v 26.0000 74.6649 -117.8895
v 32.5119 74.6649 -117.4627
v 38.9124 74.6649 -116.1896
v 45.0919 74.6649 -114.0919
v 50.9447 74.6649 -111.2056
v 56.3708 74.6649 -107.5800
v 61.2772 74.6649 -103.2772
v 65.5800 74.6649 -98.3708
v 69.2056 74.6649 -92.9447
v 72.0919 74.6649 -87.0919
v 74.1896 74.6649 -80.9124
v 75.4627 74.6649 -74.5119
v 77.7138 67.9762 -61.1918
v 78.1600 67.9762 -68.0000
v 76.3827 67.9762 -54.5000
v 74.1896 67.9762 -48.0392
v 71.1719 67.9762 -41.9200
v 67.3813 67.9762 -36.2470
v 62.8827 67.9762 -31.1173
v 57.7530 67.9762 -26.6187
v 52.0800 67.9762 -22.8281
v 45.9608 67.9762 -19.8104
v 39.5000 67.9762 -17.6173
v 32.8082 67.9762 -16.2862
v 26.0000 67.9762 -15.8400
v 19.1918 67.9762 -16.2862
v 12.5000 67.9762 -17.6173
v 6.0392 67.9762 -19.8104
v -0.0800 67.9762 -22.8281
v -5.7530 67.9762 -26.6187
v -10.8827 67.9762 -31.1173
v -15.3813 67.9762 -36.2470
v -19.1719 67.9762 -41.9200
v -22.1896 67.9762 -48.0392
v -24.3827 67.9762 -54.5000
v -25.7138 67.9762 -61.1918
v -26.1600 67.9762 -68.0000
v -25.7138 67.9762 -74.8082
v -24.3827 67.9762 -81.5000
v -22.1896 67.9762 -87.9608
v -19.1719 67.9762 -94.0800
v -15.3813 67.9762 -99.7530
v -10.8827 67.9762 -104.8827
v -5.7530 67.9762 -109.3813
v -0.0800 67.9762 -113.1719
v 6.0392 67.9762 -116.1896
v 12.5000 67.9762 -118.3827
v 19.1918 67.9762 -119.7138
v 26.0000 67.9762 -120.1600
v 32.8082 67.9762 -119.7138
v 39.5000 67.9762 -118.3827
v 45.9608 67.9762 -116.1896
v 52.0800 67.9762 -113.1719
v 57.7530 67.9762 -109.3813
v 62.8827 67.9762 -104.8827
v 67.3813 67.9762 -99.7530
v 71.1719 67.9762 -94.0800
v 74.1896 67.9762 -87.9608
v 76.3827 67.9762 -81.5000
v 77.7138 67.9762 -74.8082
v 79.0800 61.0484 -61.0119
v 79.5380 61.0484 -68.0000
v 77.7138 61.0484 -54.1433
v 75.4627 61.0484 -47.5119
v 72.3653 61.0484 -41.2310
v 68.4746 61.0484 -35.4081
v 63.8571 61.0484 -30.1429
v 58.5919 61.0484 -25.5254
v 52.7690 61.0484 -21.6347
v 46.4881 61.0484 -18.5373
v 39.8567 61.0484 -16.2862
v 32.9881 61.0484 -14.9200
v 26.0000 61.0484 -14.4620
v 19.0119 61.0484 -14.9200
v 12.1433 61.0484 -16.2862
v 5.5119 61.0484 -18.5373
v -0.7690 61.0484 -21.6347
v -6.5919 61.0484 -25.5254
v -11.8571 61.0484 -30.1429
v -16.4746 61.0484 -35.4081
v -20.3653 61.0484 -41.2310
v -23.4627 61.0484 -47.5119
v -25.7138 61.0484 -54.1433
v -27.0800 61.0484 -61.0119
v -27.5380 61.0484 -68.0000
v -27.0800 61.0484 -74.9881
v -25.7138 61.0484 -81.8567
v -23.4627 61.0484 -88.4881
v -20.3653 61.0484 -94.7690
v -16.4746 61.0484 -100.5919
v -11.8571 61.0484 -105.8571
v -6.5919 61.0484 -110.4746
v -0.7690 61.0484 -114.3653
v 5.5119 61.0484 -117.4627
v 12.1433 61.0484 -119.7138
v 19.0119 61.0484 -121.0800
v 26.0000 61.0484 -121.5380
v 32.9881 61.0484 -121.0800
v 39.8567 61.0484 -119.7138
v 46.4881 61.0484 -117.4627
v 52.7690 61.0484 -114.3653
v 58.5919 61.0484 -110.4746
v 63.8571 61.0484 -105.8571
v 68.4746 61.0484 -100.5919
v 72.3653 61.0484 -94.7690
v 75.4627 61.0484 -88.4881
v 77.7138 61.0484 -81.8567
v 79.0800 61.0484 -74.9881
v 79.5380 54.0000 -60.9516
v 80.0000 54.0000 -68.0000
v 78.1600 54.0000 -54.0238
v 75.8895 54.0000 -47.3351
v 72.7654 54.0000 -41.0000
v 68.8411 54.0000 -35.1269
v 64.1838 54.0000 -29.8162
v 58.8731 54.0000 -25.1589
v 53.0000 54.0000 -21.2346
v 46.6649 54.0000 -18.1105
v 39.9762 54.0000 -15.8400
v 33.0484 54.0000 -14.4620
v 26.0000 54.0000 -14.0000
v 18.9516 54.0000 -14.4620
v 12.0238 54.0000 -15.8400
v 5.3351 54.0000 -18.1105
v -1.0000 54.0000 -21.2346
v -6.8731 54.0000 -25.1589
v -12.1838 54.0000 -29.8162
v -16.8411 54.0000 -35.1269
v -20.7654 54.0000 -41.0000
v -23.8895 54.0000 -47.3351
v -26.1600 54.0000 -54.0238
v -27.5380 54.0000 -60.9516
v -28.0000 54.0000 -68.0000
v -27.5380 54.0000 -75.0484
v -26.1600 54.0000 -81.9762
v -23.8895 54.0000 -88.6649
v -20.7654 54.0000 -95.0000
v -16.8411 54.0000 -100.8731
v -12.1838 54.0000 -106.1838
v -6.8731 54.0000 -110.8411
v -1.0000 54.0000 -114.7654
v 5.3351 54.0000 -117.8895
v 12.0238 54.0000 -120.1600
v 18.9516 54.0000 -121.5380
v 26.0000 54.0000 -122.0000
v 33.0484 54.0000 -121.5380
v 39.9762 54.0000 -120.1600
v 46.6649 54.0000 -117.8895
v 53.0000 54.0000 -114.7654
v 58.8731 54.0000 -110.8411
v 64.1838 54.0000 -106.1838
v 68.8411 54.0000 -100.8731
v 72.7654 54.0000 -95.0000
v 75.8895 54.0000 -88.6649
v 78.1600 54.0000 -81.9762
v 79.5380 54.0000 -75.0484
v 79.0800 46.9516 -61.0119
v 79.5380 46.9516 -68.0000
v 77.7138 46.9516 -54.1433
v 75.4627 46.9516 -47.5119
v 72.3653 46.9516 -41.2310
v 68.4746 46.9516 -35.4081
v 63.8571 46.9516 -30.1429
v 58.5919 46.9516 -25.5254
v 52.7690 46.9516 -21.6347
v 46.4881 46.9516 -18.5373
v 39.8567 46.9516 -16.2862
v 32.9881 46.9516 -14.9200
v 26.0000 46.9516 -14.4620
v 19.0119 46.9516 -14.9200
v 12.1433 46.9516 -16.2862
v 5.5119 46.9516 -18.5373
v -0.7690 46.9516 -21.6347
v -6.5919 46.9516 -25.5254
v -11.8571 46.9516 -30.1429
v -16.4746 46.9516 -35.4081
v -20.3653 46.9516 -41.2310
v -23.4627 46.9516 -47.5119
v -25.7138 46.9516 -54.1433
v -27.0800 46.9516 -61.0119
v -27.5380 46.9516 -68.0000
v -27.0800 46.9516 -74.9881
v -25.7138 46.9516 -81.8567
v -23.4627 46.9516 -88.4881
v -20.3653 46.9516 -94.7690
v -16.4746 46.9516 -100.5919
v -11.8571 46.9516 -105.8571
v -6.5919 46.9516 -110.4746
v -0.7690 46.9516 -114.3653
v 5.5119 46.9516 -117.4627
v 12.1433 46.9516 -119.7138
v 19.0119 46.9516 -121.0800
v 26.0000 46.9516 -121.5380
v 32.9881 46.9516 -121.0800
v 39.8567 46.9516 -119.7138
v 46.4881 46.9516 -117.4627
v 52.7690 46.9516 -114.3653
v 58.5919 46.9516 -110.4746
v 63.8571 46.9516 -105.8571
v 68.4746 46.9516 -100.5919
v 72.3653 46.9516 -94.7690
v 75.4627 46.9516 -88.4881
v 77.7138 46.9516 -81.8567
v 79.0800 46.9516 -74.9881
v 77.7138 40.0238 -61.1918
v 78.1600 40.0238 -68.0000
v 76.3827 40.0238 -54.5000
v 74.1896 40.0238 -48.0392
v 71.1719 40.0238 -41.9200
v 67.3813 40.0238 -36.2470
v 62.8827 40.0238 -31.1173
v 57.7530 40.0238 -26.6187
v 52.0800 40.0238 -22.8281
v 45.9608 40.0238 -19.8104
v 39.5000 40.0238 -17.6173
v 32.8082 40.0238 -16.2862
v 26.0000 40.0238 -15.8400
v 19.1918 40.0238 -16.2862
v 12.5000 40.0238 -17.6173
v 6.0392 40.0238 -19.8104
v -0.0800 40.0238 -22.8281
v -5.7530 40.0238 -26.6187
v -10.8827 40.0238 -31.1173
v -15.3813 40.0238 -36.2470
v -19.1719 40.0238 -41.9200
v -22.1896 40.0238 -48.0392
v -24.3827 40.0238 -54.5000
v -25.7138 40.0238 -61.1918
v -26.1600 40.0238 -68.0000
v -25.7138 40.0238 -74.8082
v -24.3827 40.0238 -81.5000
v -22.1896 40.0238 -87.9608
v -19.1719 40.0238 -94.0800
v -15.3813 40.0238 -99.7530
v -10.8827 40.0238 -104.8827
v -5.7530 40.0238 -109.3813
v -0.0800 40.0238 -113.1719
v 6.0392 40.0238 -116.1896
v 12.5000 40.0238 -118.3827
v 19.1918 40.0238 -119.7138
v 26.0000 40.0238 -120.1600
v 32.8082 40.0238 -119.7138
v 39.5000 40.0238 -118.3827
v 45.9608 40.0238 -116.1896
v 52.0800 40.0238 -113.1719
v 57.7530 40.0238 -109.3813
v 62.8827 40.0238 -104.8827
v 67.3813 40.0238 -99.7530
v 71.1719 40.0238 -94.0800
v 74.1896 40.0238 -87.9608
v 76.3827 40.0238 -81.5000
v 77.7138 40.0238 -74.8082
v 75.4627 33.3351 -61.4881
v 75.8895 33.3351 -68.0000
v 74.1896 33.3351 -55.0876
v 72.0919 33.3351 -48.9081
v 69.2056 33.3351 -43.0553
v 65.5800 33.3351 -37.6292
v 61.2772 33.3351 -32.7228
v 56.3708 33.3351 -28.4200
v 50.9447 33.3351 -24.7944
v 45.0919 33.3351 -21.9081
v 38.9124 33.3351 -19.8104
v 32.5119 33.3351 -18.5373
v 26.0000 33.3351 -18.1105
v 19.4881 33.3351 -18.5373
v 13.0876 33.3351 -19.8104
v 6.9081 33.3351 -21.9081
v 1.0553 33.3351 -24.7944
v -4.3708 33.3351 -28.4200
v -9.2772 33.3351 -32.7228
v -13.5800 33.3351 -37.6292
v -17.2056 33.3351 -43.0553
v -20.0919 33.3351 -48.9081
v -22.1896 33.3351 -55.0876
v -23.4627 33.3351 -61.4881
v -23.8895 33.3351 -68.0000
v -23.4627 33.3351 -74.5119
v -22.1896 33.3351 -80.9124
v -20.0919 33.3351 -87.0919
v -17.2056 33.3351 -92.9447
v -13.5800 33.3351 -98.3708
v -9.2772 33.3351 -103.2772
v -4.3708 33.3351 -107.5800
v 1.0553 33.3351 -111.2056
v 6.9081 33.3351 -114.0919
v 13.0876 33.3351 -116.1896
v 19.4881 33.3351 -117.4627
v 26.0000 33.3351 -117.8895
v 32.5119 33.3351 -117.4627
v 38.9124 33.3351 -116.1896
v 45.0919 33.3351 -114.0919
v 50.9447 33.3351 -111.2056
v 56.3708 33.3351 -107.5800
v 61.2772 33.3351 -103.2772
v 65.5800 33.3351 -98.3708
v 69.2056 33.3351 -92.9447
v 72.0919 33.3351 -87.0919
v 74.1896 33.3351 -80.9124
v 75.4627 33.3351 -74.5119
v 72.3653 27.0000 -61.8959
v 72.7654 27.0000 -68.0000
v 71.1719 27.0000 -55.8962
v 69.2056 27.0000 -50.1037
v 66.5000 27.0000 -44.6173
v 63.1015 27.0000 -39.5310
v 59.0681 27.0000 -34.9319
v 54.4690 27.0000 -30.8985
v 49.3827 27.0000 -27.5000
v 43.8963 27.0000 -24.7944
v 38.1038 27.0000 -22.8281
v 32.1041 27.0000 -21.6347
v 26.0000 27.0000 -21.2346
v 19.8959 27.0000 -21.6347
v 13.8962 27.0000 -22.8281
v 8.1037 27.0000 -24.7944
v 2.6173 27.0000 -27.5000
v -2.4690 27.0000 -30.8985
v -7.0681 27.0000 -34.9319
v -11.1015 27.0000 -39.5310
v -14.5000 27.0000 -44.6173
v -17.2056 27.0000 -50.1037
v -19.1719 27.0000 -55.8962
v -20.3653 27.0000 -61.8959
v -20.7654 27.0000 -68.0000
v -20.3653 27.0000 -74.1041
v -19.1719 27.0000 -80.1038
v -17.2056 27.0000 -85.8963
v -14.5000 27.0000 -91.3827
v -11.1015 27.0000 -96.4690
v -7.0681 27.0000 -101.0681
v -2.4690 27.0000 -105.1015
v 2.6173 27.0000 -108.5000
v 8.1037 27.0000 -111.2056
v 13.8962 27.0000 -113.1719
v 19.8959 27.0000 -114.3653
v 26.0000 27.0000 -114.7654
v 32.1041 27.0000 -114.3653
v 38.1038 27.0000 -113.1719
v 43.8963 27.0000 -111.2056
v 49.3827 27.0000 -108.5000
v 54.4690 27.0000 -105.1015
v 59.0681 27.0000 -101.0681
v 63.1015 27.0000 -96.4690
v 66.5000 27.0000 -91.3827
v 69.2056 27.0000 -85.8963
v 71.1719 27.0000 -80.1038
v 72.3653 27.0000 -74.1041
v 68.4746 21.1269 -62.4081
v 68.8411 21.1269 -68.0000
v 67.3813 21.1269 -56.9119
v 65.5800 21.1269 -51.6054
v 63.1015 21.1269 -46.5795
v 59.9881 21.1269 -41.9200
v 56.2932 21.1269 -37.7068
v 52.0800 21.1269 -34.0119
v 47.4205 21.1269 -30.8985
v 42.3946 21.1269 -28.4200
v 37.0881 21.1269 -26.6187
v 31.5919 21.1269 -25.5254
v 26.0000 21.1269 -25.1589
v 20.4081 21.1269 -25.5254
v 14.9119 21.1269 -26.6187
v 9.6054 21.1269 -28.4200
v 4.5795 21.1269 -30.8985
v -0.0800 21.1269 -34.0119
v -4.2932 21.1269 -37.7068
v -7.9881 21.1269 -41.9200
v -11.1015 21.1269 -46.5795
v -13.5800 21.1269 -51.6054
v -15.3813 21.1269 -56.9119
v -16.4746 21.1269 -62.4081
v -16.8411 21.1269 -68.0000
v -16.4746 21.1269 -73.5919
v -15.3813 21.1269 -79.0881
v -13.5800 21.1269 -84.3946
v -11.1015 21.1269 -89.4205
v -7.9881 21.1269 -94.0800
v -4.2932 21.1269 -98.2932
v -0.0800 21.1269 -101.9881
v 4.5795 21.1269 -105.1015
v 9.6054 21.1269 -107.5800
v 14.9119 21.1269 -109.3813
v 20.4081 21.1269 -110.4746
v 26.0000 21.1269 -110.8411
v 31.5919 21.1269 -110.4746
v 37.0881 21.1269 -109.3813
v 42.3946 21.1269 -107.5800
v 47.4205 21.1269 -105.1015
v 52.0800 21.1269 -101.9881
v 56.2932 21.1269 -98.2932
v 59.9881 21.1269 -94.0800
v 63.1015 21.1269 -89.4205
v 65.5800 21.1269 -84.3946
v 67.3813 21.1269 -79.0881
v 68.4746 21.1269 -73.5919
v 63.8571 15.8162 -63.0160
v 64.1838 15.8162 -68.0000
v 62.8827 15.8162 -58.1173
v 61.2772 15.8162 -53.3877
v 59.0681 15.8162 -48.9081
v 56.2932 15.8162 -44.7552
v 53.0000 15.8162 -41.0000
v 49.2448 15.8162 -37.7068
v 45.0919 15.8162 -34.9319
v 40.6123 15.8162 -32.7228
v 35.8827 15.8162 -31.1173
v 30.9840 15.8162 -30.1429
v 26.0000 15.8162 -29.8162
v 21.0160 15.8162 -30.1429
v 16.1173 15.8162 -31.1173
v 11.3877 15.8162 -32.7228
v 6.9081 15.8162 -34.9319
v 2.7552 15.8162 -37.7068
v -1.0000 15.8162 -41.0000
v -4.2932 15.8162 -44.7552
v -7.0681 15.8162 -48.9081
v -9.2772 15.8162 -53.3877
v -10.8827 15.8162 -58.1173
v -11.8571 15.8162 -63.0160
v -12.1838 15.8162 -68.0000
v -11.8571 15.8162 -72.9840
v -10.8827 15.8162 -77.8827
v -9.2772 15.8162 -82.6123
v -7.0681 15.8162 -87.0919
v -4.2932 15.8162 -91.2448
v -1.0000 15.8162 -95.0000
v 2.7552 15.8162 -98.2932
v 6.9081 15.8162 -101.0681
v 11.3877 15.8162 -103.2772
v 16.1173 15.8162 -104.8827
v 21.0160 15.8162 -105.8571
v 26.0000 15.8162 -106.1838
v 30.9840 15.8162 -105.8571
v 35.8827 15.8162 -104.8827
v 40.6123 15.8162 -103.2772
v 45.0919 15.8162 -101.0681
v 49.2448 15.8162 -98.2932
v 53.0000 15.8162 -95.0000
v 56.2932 15.8162 -91.2448
v 59.0681 15.8162 -87.0919
v 61.2772 15.8162 -82.6123
v 62.8827 15.8162 -77.8827
v 63.8571 15.8162 -72.9840
v 58.5919 11.1589 -63.7092
v 58.8731 11.1589 -68.0000
v 57.7530 11.1589 -59.4918
v 56.3708 11.1589 -55.4200
v 54.4690 11.1589 -51.5634
v 52.0800 11.1589 -47.9881
v 49.2448 11.1589 -44.7552
v 46.0119 11.1589 -41.9200
v 42.4366 11.1589 -39.5310
v 38.5800 11.1589 -37.6292
v 34.5082 11.1589 -36.2470
v 30.2908 11.1589 -35.4081
v 26.0000 11.1589 -35.1269
v 21.7092 11.1589 -35.4081
v 17.4918 11.1589 -36.2470
v 13.4200 11.1589 -37.6292
v 9.5634 11.1589 -39.5310
v 5.9881 11.1589 -41.9200
v 2.7552 11.1589 -44.7552
v -0.0800 11.1589 -47.9881
v -2.4690 11.1589 -51.5634
v -4.3708 11.1589 -55.4200
v -5.7530 11.1589 -59.4918
v -6.5919 11.1589 -63.7092
v -6.8731 11.1589 -68.0000
v -6.5919 11.1589 -72.2908
v -5.7530 11.1589 -76.5082
v -4.3708 11.1589 -80.5800
v -2.4690 11.1589 -84.4366
v -0.0800 11.1589 -88.0119
v 2.7552 11.1589 -91.2448
v 5.9881 11.1589 -94.0800
v 9.5634 11.1589 -96.4690
v 13.4200 11.1589 -98.3708
v 17.4918 11.1589 -99.7530
v 21.7092 11.1589 -100.5919
v 26.0000 11.1589 -100.8731
v 30.2908 11.1589 -100.5919
v 34.5082 11.1589 -99.7530
v 38.5800 11.1589 -98.3708
v 42.4366 11.1589 -96.4690
v 46.0119 11.1589 -94.0800
v 49.2448 11.1589 -91.2448
v 52.0800 11.1589 -88.0119
v 54.4690 11.1589 -84.4366
v 56.3708 11.1589 -80.5800
v 57.7530 11.1589 -76.5082
v 58.5919 11.1589 -72.2908
v 52.7690 7.2346 -64.4758
v 53.0000 7.2346 -68.0000
v 52.0800 7.2346 -61.0119
v 50.9447 7.2346 -57.6675
v 49.3827 7.2346 -54.5000
v 47.4205 7.2346 -51.5634
v 45.0919 7.2346 -48.9081
v 42.4366 7.2346 -46.5795
v 39.5000 7.2346 -44.6173
v 36.3325 7.2346 -43.0553
v 32.9881 7.2346 -41.9200
v 29.5242 7.2346 -41.2310
v 26.0000 7.2346 -41.0000
v 22.4758 7.2346 -41.2310
v 19.0119 7.2346 -41.9200
v 15.6675 7.2346 -43.0553
v 12.5000 7.2346 -44.6173
v 9.5634 7.2346 -46.5795
v 6.9081 7.2346 -48.9081
v 4.5795 7.2346 -51.5634
v 2.6173 7.2346 -54.5000
v 1.0553 7.2346 -57.6675
v -0.0800 7.2346 -61.0119
v -0.7690 7.2346 -64.4758
v -1.0000 7.2346 -68.0000
v -0.7690 7.2346 -71.5242
v -0.0800 7.2346 -74.9881
v 1.0553 7.2346 -78.3325
v 2.6173 7.2346 -81.5000
v 4.5795 7.2346 -84.4366
v 6.9081 7.2346 -87.0919
v 9.5634 7.2346 -89.4205
v 12.5000 7.2346 -91.3827
v 15.6675 7.2346 -92.9447
v 19.0119 7.2346 -94.0800
v 22.4758 7.2346 -94.7690
v 26.0000 7.2346 -95.0000
v 29.5242 7.2346 -94.7690
v 32.9881 7.2346 -94.0800
v 36.3325 7.2346 -92.9447
v 39.5000 7.2346 -91.3827
v 42.4366 7.2346 -89.4205
v 45.0919 7.2346 -87.0919
v 47.4205 7.2346 -84.4366
v 49.3827 7.2346 -81.5000
v 50.9447 7.2346 -78.3325
v 52.0800 7.2346 -74.9881
v 52.7690 7.2346 -71.5242
v 46.4881 4.1105 -65.3027
v 46.6649 4.1105 -68.0000
v 45.9608 4.1105 -62.6515
v 45.0919 4.1105 -60.0919
v 43.8963 4.1105 -57.6675
v 42.3946 4.1105 -55.4200
v 40.6123 4.1105 -53.3877
v 38.5800 4.1105 -51.6054
v 36.3325 4.1105 -50.1037
v 33.9081 4.1105 -48.9081
v 31.3485 4.1105 -48.0392
v 28.6973 4.1105 -47.5119
v 26.0000 4.1105 -47.3351
v 23.3027 4.1105 -47.5119
v 20.6515 4.1105 -48.0392
v 18.0919 4.1105 -48.9081
v 15.6675 4.1105 -50.1037
v 13.4200 4.1105 -51.6054
v 11.3877 4.1105 -53.3877
v 9.6054 4.1105 -55.4200
v 8.1037 4.1105 -57.6675
v 6.9081 4.1105 -60.0919
v 6.0392 4.1105 -62.6515
v 5.5119 4.1105 -65.3027
v 5.3351 4.1105 -68.0000
v 5.5119 4.1105 -70.6973
v 6.0392 4.1105 -73.3485
v 6.9081 4.1105 -75.9081
v 8.1037 4.1105 -78.3325
v 9.6054 4.1105 -80.5800
v 11.3877 4.1105 -82.6123
v 13.4200 4.1105 -84.3946
v 15.6675 4.1105 -85.8963
v 18.0919 4.1105 -87.0919
v 20.6515 4.1105 -87.9608
v 23.3027 4.1105 -88.4881
v 26.0000 4.1105 -88.6649
v 28.6973 4.1105 -88.4881
v 31.3485 4.1105 -87.9608
v 33.9081 4.1105 -87.0919
v 36.3325 4.1105 -85.8963
v 38.5800 4.1105 -84.3946
v 40.6123 4.1105 -82.6123
v 42.3946 4.1105 -80.5800
v 43.8963 4.1105 -78.3325
v 45.0919 4.1105 -75.9081
v 45.9608 4.1105 -73.3485
v 46.4881 4.1105 -70.6973
v 39.8567 1.8400 -66.1757
v 39.9762 1.8400 -68.0000
v 39.5000 1.8400 -64.3827
v 38.9124 1.8400 -62.6515
v 38.1038 1.8400 -61.0119
v 37.0881 1.8400 -59.4918
v 35.8827 1.8400 -58.1173
v 34.5082 1.8400 -56.9119
v 32.9881 1.8400 -55.8962
v 31.3485 1.8400 -55.0876
v 29.6173 1.8400 -54.5000
v 27.8243 1.8400 -54.1433
v 26.0000 1.8400 -54.0238
v 24.1757 1.8400 -54.1433
v 22.3827 1.8400 -54.5000
v 20.6515 1.8400 -55.0876
v 19.0119 1.8400 -55.8962
v 17.4918 1.8400 -56.9119
v 16.1173 1.8400 -58.1173
v 14.9119 1.8400 -59.4918
v 13.8962 1.8400 -61.0119
v 13.0876 1.8400 -62.6515
v 12.5000 1.8400 -64.3827
v 12.1433 1.8400 -66.1757
v 12.0238 1.8400 -68.0000
v 12.1433 1.8400 -69.8243
v 12.5000 1.8400 -71.6173
v 13.0876 1.8400 -73.3485
v 13.8962 1.8400 -74.9881
v 14.9119 1.8400 -76.5082
v 16.1173 1.8400 -77.8827
v 17.4918 1.8400 -79.0881
v 19.0119 1.8400 -80.1038
v 20.6515 1.8400 -80.9124
v 22.3827 1.8400 -81.5000
v 24.1757 1.8400 -81.8567
v 26.0000 1.8400 -81.9762
v 27.8243 1.8400 -81.8567
v 29.6173 1.8400 -81.5000
v 31.3485 1.8400 -80.9124
v 32.9881 1.8400 -80.1038
v 34.5082 1.8400 -79.0881
v 35.8827 1.8400 -77.8827
v 37.0881 1.8400 -76.5082
v 38.1038 1.8400 -74.9881
v 38.9124 1.8400 -73.3485
v 39.5000 1.8400 -71.6173
v 39.8567 1.8400 -69.8243
v 32.9881 0.4620 -67.0800
v 33.0484 0.4620 -68.0000
v 32.8082 0.4620 -66.1757
v 32.5119 0.4620 -65.3027
v 32.1041 0.4620 -64.4758
v 31.5919 0.4620 -63.7092
v 30.9840 0.4620 -63.0160
v 30.2908 0.4620 -62.4081
v 29.5242 0.4620 -61.8959
v 28.6973 0.4620 -61.4881
v 27.8243 0.4620 -61.1918
v 26.9200 0.4620 -61.0119
v 26.0000 0.4620 -60.9516
v 25.0800 0.4620 -61.0119
v 24.1757 0.4620 -61.1918
v 23.3027 0.4620 -61.4881
v 22.4758 0.4620 -61.8959
v 21.7092 0.4620 -62.4081
v 21.0160 0.4620 -63.0160
v 20.4081 0.4620 -63.7092
v 19.8959 0.4620 -64.4758
v 19.4881 0.4620 -65.3027
v 19.1918 0.4620 -66.1757
v 19.0119 0.4620 -67.0800
v 18.9516 0.4620 -68.0000
v 19.0119 0.4620 -68.9200
v 19.1918 0.4620 -69.8243
v 19.4881 0.4620 -70.6973
v 19.8959 0.4620 -71.5242
v 20.4081 0.4620 -72.2908
v 21.0160 0.4620 -72.9840
v 21.7092 0.4620 -73.5919
v 22.4758 0.4620 -74.1041
v 23.3027 0.4620 -74.5119
v 24.1757 0.4620 -74.8082
v 25.0800 0.4620 -74.9881
v 26.0000 0.4620 -75.0484
v 26.9200 0.4620 -74.9881
v 27.8243 0.4620 -74.8082
v 28.6973 0.4620 -74.5119
v 29.5242 0.4620 -74.1041
v 30.2908 0.4620 -73.5919
v 30.9840 0.4620 -72.9840
v 31.5919 0.4620 -72.2908
v 32.1041 0.4620 -71.5242
v 32.5119 0.4620 -70.6973
v 32.8082 0.4620 -69.8243
v 32.9881 0.4620 -68.9200
v 26.0000 0.0000 -68.0000
v 135.0000 96.0000 15.0000
v 141.2117 95.5894 15.8178
v 141.2653 95.5894 15.0000
v 141.0518 95.5894 16.6216
v 140.7883 95.5894 17.3976
v 140.4259 95.5894 18.1326
v 139.9706 95.5894 18.8140
v 139.4302 95.5894 19.4302
v 138.8140 95.5894 19.9706
v 138.1326 95.5894 20.4259
v 137.3976 95.5894 20.7883
v 136.6216 95.5894 21.0518
v 135.8178 95.5894 21.2117
v 135.0000 95.5894 21.2653
v 134.1822 95.5894 21.2117
v 133.3784 95.5894 21.0518
v 132.6024 95.5894 20.7883
v 131.8674 95.5894 20.4259
v 131.1860 95.5894 19.9706
v 130.5698 95.5894 19.4302
v 130.0294 95.5894 18.8140
v 129.5741 95.5894 18.1326
v 129.2117 95.5894 17.3976
v 128.9482 95.5894 16.6216
v 128.7883 95.5894 15.8178
v 128.7347 95.5894 15.0000
v 128.7883 95.5894 14.1822
v 128.9482 95.5894 13.3784
v 129.2117 95.5894 12.6024
v 129.5741 95.5894 11.8674
v 130.0294 95.5894 11.1860
v 130.5698 95.5894 10.5698
v 131.1860 95.5894 10.0294
v 131.8674 95.5894 9.5741
v 132.6024 95.5894 9.2117
v 133.3784 95.5894 8.9482
v 134.1822 95.5894 8.7883
v 135.0000 95.5894 8.7347
v 135.8178 95.5894 8.7883
v 136.6216 95.5894 8.9482
v 137.3976 95.5894 9.2117
v 138.1326 95.5894 9.5741
v 138.8140 95.5894 10.0294
v 139.4302 95.5894 10.5698
v 139.9706 95.5894 11.1860
v 140.4259 95.5894 11.8674
v 140.7883 95.5894 12.6024
v 141.0518 95.5894 13.3784
v 141.2117 95.5894 14.1822
v 147.3170 94.3644 16.6216
v 147.4233 94.3644 15.0000
v 147.0000 94.3644 18.2154
v 146.4776 94.3644 19.7542
v 145.7589 94.3644 21.2117
v 144.8561 94.3644 22.5628
v 143.7846 94.3644 23.7846
v 142.5628 94.3644 24.8561
v 141.2117 94.3644 25.7589
v 139.7542 94.3644 26.4776
v 138.2154 94.3644 27.0000
v 136.6216 94.3644 27.3170
v 135.0000 94.3644 27.4233
v 133.3784 94.3644 27.3170
v 131.7846 94.3644 27.0000
v 130.2458 94.3644 26.4776
v 128.7883 94.3644 25.7589
v 127.4372 94.3644 24.8561
v 126.2154 94.3644 23.7846
v 125.1439 94.3644 22.5628
v 124.2411 94.3644 21.2117
v 123.5224 94.3644 19.7542
v 123.0000 94.3644 18.2154
v 122.6830 94.3644 16.6216
v 122.5767 94.3644 15.0000
v 122.6830 94.3644 13.3784
v 123.0000 94.3644 11.7846
v 123.5224 94.3644 10.2458
v 124.2411 94.3644 8.7883
v 125.1439 94.3644 7.4372
v 126.2154 94.3644 6.2154
v 127.4372 94.3644 5.1439
v 128.7883 94.3644 4.2411
v 130.2458 94.3644 3.5224
v 131.7846 94.3644 3.0000
v 133.3784 94.3644 2.6830
v 135.0000 94.3644 2.5767
v 136.6216 94.3644 2.6830
v 138.2154 94.3644 3.0000
v 139.7542 94.3644 3.5224
v 141.2117 94.3644 4.2411
v 142.5628 94.3644 5.1439
v 143.7846 94.3644 6.2154
v 144.8561 94.3644 7.4372
v 145.7589 94.3644 8.7883
v 146.4776 94.3644 10.2458
v 147.0000 94.3644 11.7846
v 147.3170 94.3644 13.3784
v 153.2117 92.3462 17.3976
v 153.3688 92.3462 15.0000
v 152.7429 92.3462 19.7542
v 151.9706 92.3462 22.0294
v 150.9079 92.3462 24.1844
v 149.5730 92.3462 26.1822
v 147.9887 92.3462 27.9887
v 146.1822 92.3462 29.5730
v 144.1844 92.3462 30.9079
v 142.0294 92.3462 31.9706
v 139.7542 92.3462 32.7429
v 137.3976 92.3462 33.2117
v 135.0000 92.3462 33.3688
v 132.6024 92.3462 33.2117
v 130.2458 92.3462 32.7429
v 127.9706 92.3462 31.9706
v 125.8156 92.3462 30.9079
v 123.8178 92.3462 29.5730
v 122.0113 92.3462 27.9887
v 120.4270 92.3462 26.1822
v 119.0921 92.3462 24.1844
v 118.0294 92.3462 22.0294
v 117.2571 92.3462 19.7542
v 116.7883 92.3462 17.3976
v 116.6312 92.3462 15.0000
v 116.7883 92.3462 12.6024
v 117.2571 92.3462 10.2458
v 118.0294 92.3462 7.9706
v 119.0921 92.3462 5.8156
v 120.4270 92.3462 3.8178
v 122.0113 92.3462 2.0113
v 123.8178 92.3462 0.4270
v 125.8156 92.3462 -0.9079
v 127.9706 92.3462 -1.9706
v 130.2458 92.3462 -2.7429
v 132.6024 92.3462 -3.2117
v 135.0000 92.3462 -3.3688
v 137.3976 92.3462 -3.2117
v 139.7542 92.3462 -2.7429
v 142.0294 92.3462 -1.9706
v 144.1844 92.3462 -0.9079
v 146.1822 92.3462 0.4270
v 147.9887 92.3462 2.0113
v 149.5730 92.3462 3.8178
v 150.9079 92.3462 5.8156
v 151.9706 92.3462 7.9706
v 152.7429 92.3462 10.2458
v 153.2117 92.3462 12.6024
v 158.7947 89.5692 18.1326
v 159.0000 89.5692 15.0000
v 158.1822 89.5692 21.2117
v 157.1731 89.5692 24.1844
v 155.7846 89.5692 27.0000
v 154.0405 89.5692 29.6103
v 151.9706 89.5692 31.9706
v 149.6103 89.5692 34.0405
v 147.0000 89.5692 35.7846
v 144.1844 89.5692 37.1731
v 141.2117 89.5692 38.1822
v 138.1326 89.5692 38.7947
v 135.0000 89.5692 39.0000
v 131.8674 89.5692 38.7947
v 128.7883 89.5692 38.1822
v 125.8156 89.5692 37.1731
v 123.0000 89.5692 35.7846
v 120.3897 89.5692 34.0405
v 118.0294 89.5692 31.9706
v 115.9595 89.5692 29.6103
v 114.2154 89.5692 27.0000
v 112.8269 89.5692 24.1844
v 111.8178 89.5692 21.2117
v 111.2053 89.5692 18.1326
v 111.0000 89.5692 15.0000
v 111.2053 89.5692 11.8674
v 111.8178 89.5692 8.7883
v 112.8269 89.5692 5.8156
v 114.2154 89.5692 3.0000
v 115.9595 89.5692 0.3897
v 118.0294 89.5692 -1.9706
v 120.3897 89.5692 -4.0405
v 123.0000 89.5692 -5.7846
v 125.8156 89.5692 -7.1731
v 128.7883 89.5692 -8.1822
v 131.8674 89.5692 -8.7947
v 135.0000 89.5692 -9.0000
v 138.1326 89.5692 -8.7947
v 141.2117 89.5692 -8.1822
v 144.1844 89.5692 -7.1731
v 147.0000 89.5692 -5.7846
v 149.6103 89.5692 -4.0405
v 151.9706 89.5692 -1.9706
v 154.0405 89.5692 0.3897
v 155.7846 89.5692 3.0000
v 157.1731 89.5692 5.8156
v 158.1822 89.5692 8.7883
v 158.7947 89.5692 11.8674
v 163.9706 86.0810 18.8140
v 164.2205 86.0810 15.0000
v 163.2249 86.0810 22.5628
v 161.9963 86.0810 26.1822
v 160.3057 86.0810 29.6103
v 158.1822 86.0810 32.7883
v 155.6620 86.0810 35.6620
v 152.7883 86.0810 38.1822
v 149.6103 86.0810 40.3057
v 146.1822 86.0810 41.9963
v 142.5628 86.0810 43.2249
v 138.8140 86.0810 43.9706
v 135.0000 86.0810 44.2205
v 131.1860 86.0810 43.9706
v 127.4372 86.0810 43.2249
v 123.8178 86.0810 41.9963
v 120.3897 86.0810 40.3057
v 117.2117 86.0810 38.1822
v 114.3380 86.0810 35.6620
v 111.8178 86.0810 32.7883
v 109.6943 86.0810 29.6103
v 108.0037 86.0810 26.1822
v 106.7751 86.0810 22.5628
v 106.0294 86.0810 18.8140
v 105.7795 86.0810 15.0000
v 106.0294 86.0810 11.1860
v 106.7751 86.0810 7.4372
v 108.0037 86.0810 3.8178
v 109.6943 86.0810 0.3897
v 111.8178 86.0810 -2.7883
v 114.3380 86.0810 -5.6620
v 117.2117 86.0810 -8.1822
v 120.3897 86.0810 -10.3057
v 123.8178 86.0810 -11.9963
v 127.4372 86.0810 -13.2249
v 131.1860 86.0810 -13.9706
v 135.0000 86.0810 -14.2205
v 138.8140 86.0810 -13.9706
v 142.5628 86.0810 -13.2249
v 146.1822 86.0810 -11.9963
v 149.6103 86.0810 -10.3057
v 152.7883 86.0810 -8.1822
v 155.6620 86.0810 -5.6620
v 158.1822 86.0810 -2.7883
v 160.3057 86.0810 0.3897
v 161.9963 86.0810 3.8178
v 163.2249 86.0810 7.4372
v 163.9706 86.0810 11.1860
v 168.6508 81.9411 19.4302
v 168.9411 81.9411 15.0000
v 167.7846 81.9411 23.7846
v 166.3575 81.9411 27.9887
v 164.3939 81.9411 31.9706
v 161.9273 81.9411 35.6620
v 159.0000 81.9411 39.0000
v 155.6620 81.9411 41.9273
v 151.9706 81.9411 44.3939
v 147.9887 81.9411 46.3575
v 143.7846 81.9411 47.7846
v 139.4302 81.9411 48.6508
v 135.0000 81.9411 48.9411
v 130.5698 81.9411 48.6508
v 126.2154 81.9411 47.7846
v 122.0113 81.9411 46.3575
v 118.0294 81.9411 44.3939
v 114.3380 81.9411 41.9273
v 111.0000 81.9411 39.0000
v 108.0727 81.9411 35.6620
v 105.6061 81.9411 31.9706
v 103.6425 81.9411 27.9887
v 102.2154 81.9411 23.7846
v 101.3492 81.9411 19.4302
v 101.0589 81.9411 15.0000
v 101.3492 81.9411 10.5698
v 102.2154 81.9411 6.2154
v 103.6425 81.9411 2.0113
v 105.6061 81.9411 -1.9706
v 108.0727 81.9411 -5.6620
v 111.0000 81.9411 -9.0000
v 114.3380 81.9411 -11.9273
v 118.0294 81.9411 -14.3939
v 122.0113 81.9411 -16.3575
v 126.2154 81.9411 -17.7846
v 130.5698 81.9411 -18.6508
v 135.0000 81.9411 -18.9411
v 139.4302 81.9411 -18.6508
v 143.7846 81.9411 -17.7846
v 147.9887 81.9411 -16.3575
v 151.9706 81.9411 -14.3939
v 155.6620 81.9411 -11.9273
v 159.0000 81.9411 -9.0000
v 161.9273 81.9411 -5.6620
v 164.3939 81.9411 -1.9706
v 166.3575 81.9411 2.0113
v 167.7846 81.9411 6.2154
v 168.6508 81.9411 10.5698
v 172.7552 77.2205 19.9706
v 173.0810 77.2205 15.0000
v 171.7834 77.2205 24.8561
v 170.1822 77.2205 29.5730
v 167.9791 77.2205 34.0405
v 165.2117 77.2205 38.1822
v 161.9273 77.2205 41.9273
v 158.1822 77.2205 45.2117
v 154.0405 77.2205 47.9791
v 149.5730 77.2205 50.1822
v 144.8561 77.2205 51.7834
v 139.9706 77.2205 52.7552
v 135.0000 77.2205 53.0810
v 130.0294 77.2205 52.7552
v 125.1439 77.2205 51.7834
v 120.4270 77.2205 50.1822
v 115.9595 77.2205 47.9791
v 111.8178 77.2205 45.2117
v 108.0727 77.2205 41.9273
v 104.7883 77.2205 38.1822
v 102.0209 77.2205 34.0405
v 99.8178 77.2205 29.5730
v 98.2166 77.2205 24.8561
v 97.2448 77.2205 19.9706
v 96.9190 77.2205 15.0000
v 97.2448 77.2205 10.0294
v 98.2166 77.2205 5.1439
v 99.8178 77.2205 0.4270
v 102.0209 77.2205 -4.0405
v 104.7883 77.2205 -8.1822
v 108.0727 77.2205 -11.9273
v 111.8178 77.2205 -15.2117
v 115.9595 77.2205 -17.9791
v 120.4270 77.2205 -20.1822
v 125.1439 77.2205 -21.7834
v 130.0294 77.2205 -22.7552
v 135.0000 77.2205 -23.0810
v 139.9706 77.2205 -22.7552
v 144.8561 77.2205 -21.7834
v 149.5730 77.2205 -20.1822
v 154.0405 77.2205 -17.9791
v 158.1822 77.2205 -15.2117
v 161.9273 77.2205 -11.9273
v 165.2117 77.2205 -8.1822
v 167.9791 77.2205 -4.0405
v 170.1822 77.2205 0.4270
v 171.7834 77.2205 5.1439
v 172.7552 77.2205 10.0294
v 176.2136 72.0000 20.4259
v 176.5692 72.0000 15.0000
v 175.1528 72.0000 25.7589
v 173.4050 72.0000 30.9079
v 171.0000 72.0000 35.7846
v 167.9791 72.0000 40.3057
v 164.3939 72.0000 44.3939
v 160.3057 72.0000 47.9791
v 155.7846 72.0000 51.0000
v 150.9079 72.0000 53.4050
v 145.7589 72.0000 55.1528
v 140.4259 72.0000 56.2136
v 135.0000 72.0000 56.5692
v 129.5741 72.0000 56.2136
v 124.2411 72.0000 55.1528
v 119.0921 72.0000 53.4050
v 114.2154 72.0000 51.0000
v 109.6943 72.0000 47.9791
v 105.6061 72.0000 44.3939
v 102.0209 72.0000 40.3057
v 99.0000 72.0000 35.7846
v 96.5950 72.0000 30.9079
v 94.8472 72.0000 25.7589
v 93.7864 72.0000 20.4259
v 93.4308 72.0000 15.0000
v 93.7864 72.0000 9.5741
v 94.8472 72.0000 4.2411
v 96.5950 72.0000 -0.9079
v 99.0000 72.0000 -5.7846
v 102.0209 72.0000 -10.3057
v 105.6061 72.0000 -14.3939
v 109.6943 72.0000 -17.9791
v 114.2154 72.0000 -21.0000
v 119.0921 72.0000 -23.4050
v 124.2411 72.0000 -25.1528
v 129.5741 72.0000 -26.2136
v 135.0000 72.0000 -26.5692
v 140.4259 72.0000 -26.2136
v 145.7589 72.0000 -25.1528
v 150.9079 72.0000 -23.4050
v 155.7846 72.0000 -21.0000
v 160.3057 72.0000 -17.9791
v 164.3939 72.0000 -14.3939
v 167.9791 72.0000 -10.3057
v 171.0000 72.0000 -5.7846
v 173.4050 72.0000 -0.9079
v 175.1528 72.0000 4.2411
v 176.2136 72.0000 9.5741
v 178.9668 66.3688 20.7883
v 179.3462 66.3688 15.0000
v 177.8352 66.3688 26.4776
v 175.9706 66.3688 31.9706
v 173.4050 66.3688 37.1731
v 170.1822 66.3688 41.9963
v 166.3575 66.3688 46.3575
v 161.9963 66.3688 50.1822
v 157.1731 66.3688 53.4050
v 151.9706 66.3688 55.9706
v 146.4776 66.3688 57.8352
v 140.7883 66.3688 58.9668
v 135.0000 66.3688 59.3462
v 129.2117 66.3688 58.9668
v 123.5224 66.3688 57.8352
v 118.0294 66.3688 55.9706
v 112.8269 66.3688 53.4050
v 108.0037 66.3688 50.1822
v 103.6425 66.3688 46.3575
v 99.8178 66.3688 41.9963
v 96.5950 66.3688 37.1731
v 94.0294 66.3688 31.9706
v 92.1648 66.3688 26.4776
v 91.0332 66.3688 20.7883
v 90.6538 66.3688 15.0000
v 91.0332 66.3688 9.2117
v 92.1648 66.3688 3.5224
v 94.0294 66.3688 -1.9706
v 96.5950 66.3688 -7.1731
v 99.8178 66.3688 -11.9963
v 103.6425 66.3688 -16.3575
v 108.0037 66.3688 -20.1822
v 112.8269 66.3688 -23.4050
v 118.0294 66.3688 -25.9706
v 123.5224 66.3688 -27.8352
v 129.2117 66.3688 -28.9668
v 135.0000 66.3688 -29.3462
v 140.7883 66.3688 -28.9668
v 146.4776 66.3688 -27.8352
v 151.9706 66.3688 -25.9706
v 157.1731 66.3688 -23.4050
v 161.9963 66.3688 -20.1822
v 166.3575 66.3688 -16.3575
v 170.1822 66.3688 -11.9963
v 173.4050 66.3688 -7.1731
v 175.9706 66.3688 -1.9706
v 177.8352 66.3688 3.5224
v 178.9668 66.3688 9.2117
v 180.9678 60.4233 21.0518
v 181.3644 60.4233 15.0000
v 179.7846 60.4233 27.0000
v 177.8352 60.4233 32.7429
v 175.1528 60.4233 38.1822
v 171.7834 60.4233 43.2249
v 167.7846 60.4233 47.7846
v 163.2249 60.4233 51.7834
v 158.1822 60.4233 55.1528
v 152.7429 60.4233 57.8352
v 147.0000 60.4233 59.7846
v 141.0518 60.4233 60.9678
v 135.0000 60.4233 61.3644
v 128.9482 60.4233 60.9678
v 123.0000 60.4233 59.7846
v 117.2571 60.4233 57.8352
v 111.8178 60.4233 55.1528
v 106.7751 60.4233 51.7834
v 102.2154 60.4233 47.7846
v 98.2166 60.4233 43.2249
v 94.8472 60.4233 38.1822
v 92.1648 60.4233 32.7429
v 90.2154 60.4233 27.0000
v 89.0322 60.4233 21.0518
v 88.6356 60.4233 15.0000
v 89.0322 60.4233 8.9482
v 90.2154 60.4233 3.0000
v 92.1648 60.4233 -2.7429
v 94.8472 60.4233 -8.1822
v 98.2166 60.4233 -13.2249
v 102.2154 60.4233 -17.7846
v 106.7751 60.4233 -21.7834
v 111.8178 60.4233 -25.1528
v 117.2571 60.4233 -27.8352
v 123.0000 60.4233 -29.7846
v 128.9482 60.4233 -30.9678
v 135.0000 60.4233 -31.3644
v 141.0518 60.4233 -30.9678
v 147.0000 60.4233 -29.7846
v 152.7429 60.4233 -27.8352
v 158.1822 60.4233 -25.1528
v 163.2249 60.4233 -21.7834
v 167.7846 60.4233 -17.7846
v 171.7834 60.4233 -13.2249
v 175.1528 60.4233 -8.1822
v 177.8352 60.4233 -2.7429
v 179.7846 60.4233 3.0000
v 180.9678 60.4233 8.9482
v 182.1822 54.2653 21.2117
v 182.5894 54.2653 15.0000
v 180.9678 54.2653 27.3170
v 178.9668 54.2653 33.2117
v 176.2136 54.2653 38.7947
v 172.7552 54.2653 43.9706
v 168.6508 54.2653 48.6508
v 163.9706 54.2653 52.7552
v 158.7947 54.2653 56.2136
v 153.2117 54.2653 58.9668
v 147.3170 54.2653 60.9678
v 141.2117 54.2653 62.1822
v 135.0000 54.2653 62.5894
v 128.7883 54.2653 62.1822
v 122.6830 54.2653 60.9678
v 116.7883 54.2653 58.9668
v 111.2053 54.2653 56.2136
v 106.0294 54.2653 52.7552
v 101.3492 54.2653 48.6508
v 97.2448 54.2653 43.9706
v 93.7864 54.2653 38.7947
v 91.0332 54.2653 33.2117
v 89.0322 54.2653 27.3170
v 87.8178 54.2653 21.2117
v 87.4106 54.2653 15.0000
v 87.8178 54.2653 8.7883
v 89.0322 54.2653 2.6830
v 91.0332 54.2653 -3.2117
v 93.7864 54.2653 -8.7947
v 97.2448 54.2653 -13.9706
v 101.3492 54.2653 -18.6508
v 106.0294 54.2653 -22.7552
v 111.2053 54.2653 -26.2136
v 116.7883 54.2653 -28.9668
v 122.6830 54.2653 -30.9678
v 128.7883 54.2653 -32.1822
v 135.0000 54.2653 -32.5894
v 141.2117 54.2653 -32.1822
v 147.3170 54.2653 -30.9678
v 153.2117 54.2653 -28.9668
v 158.7947 54.2653 -26.2136
v 163.9706 54.2653 -22.7552
v 168.6508 54.2653 -18.6508
v 172.7552 54.2653 -13.9706
v 176.2136 54.2653 -8.7947
v 178.9668 54.2653 -3.2117
v 180.9678 54.2653 2.6830
v 182.1822 54.2653 8.7883
v 182.5894 48.0000 21.2653
v 183.0000 48.0000 15.0000
v 181.3644 48.0000 27.4233
v 179.3462 48.0000 33.3688
v 176.5692 48.0000 39.0000
v 173.0810 48.0000 44.2205
v 168.9411 48.0000 48.9411
v 164.2205 48.0000 53.0810
v 159.0000 48.0000 56.5692
v 153.3688 48.0000 59.3462
v 147.4233 48.0000 61.3644
v 141.2653 48.0000 62.5894
v 135.0000 48.0000 63.0000
v 128.7347 48.0000 62.5894
v 122.5767 48.0000 61.3644
v 116.6312 48.0000 59.3462
v 111.0000 48.0000 56.5692
v 105.7795 48.0000 53.0810
v 101.0589 48.0000 48.9411
v 96.9190 48.0000 44.2205
v 93.4308 48.0000 39.0000
v 90.6538 48.0000 33.3688
v 88.6356 48.0000 27.4233
v 87.4106 48.0000 21.2653
v 87.0000 48.0000 15.0000
v 87.4106 48.0000 8.7347
v 88.6356 48.0000 2.5767
v 90.6538 48.0000 -3.3688
v 93.4308 48.0000 -9.0000
v 96.9190 48.0000 -14.2205
v 101.0589 48.0000 -18.9411
v 105.7795 48.0000 -23.0810
v 111.0000 48.0000 -26.5692
v 116.6312 48.0000 -29.3462
v 122.5767 48.0000 -31.3644
v 128.7347 48.0000 -32.5894
v 135.0000 48.0000 -33.0000
v 141.2653 48.0000 -32.5894
v 147.4233 48.0000 -31.3644
v 153.3688 48.0000 -29.3462
v 159.0000 48.0000 -26.5692
v 164.2205 48.0000 -23.0810
v 168.9411 48.0000 -18.9411
v 173.0810 48.0000 -14.2205
v 176.5692 48.0000 -9.0000
v 179.3462 48.0000 -3.3688
v 181.3644 48.0000 2.5767
v 182.5894 48.0000 8.7347
v 182.1822 41.7347 21.2117
v 182.5894 41.7347 15.0000
v 180.9678 41.7347 27.3170
v 178.9668 41.7347 33.2117
v 176.2136 41.7347 38.7947
v 172.7552 41.7347 43.9706
v 168.6508 41.7347 48.6508
v 163.9706 41.7347 52.7552
v 158.7947 41.7347 56.2136
v 153.2117 41.7347 58.9668
v 147.3170 41.7347 60.9678
v 141.2117 41.7347 62.1822
v 135.0000 41.7347 62.5894
v 128.7883 41.7347 62.1822
v 122.6830 41.7347 60.9678
v 116.7883 41.7347 58.9668
v 111.2053 41.7347 56.2136
v 106.0294 41.7347 52.7552
v 101.3492 41.7347 48.6508
v 97.2448 41.7347 43.9706
v 93.7864 41.7347 38.7947
v 91.0332 41.7347 33.2117
v 89.0322 41.7347 27.3170
v 87.8178 41.7347 21.2117
v 87.4106 41.7347 15.0000
v 87.8178 41.7347 8.7883
v 89.0322 41.7347 2.6830
v 91.0332 41.7347 -3.2117
v 93.7864 41.7347 -8.7947
v 97.2448 41.7347 -13.9706
v 101.3492 41.7347 -18.6508
v 106.0294 41.7347 -22.7552
v 111.2053 41.7347 -26.2136
v 116.7883 41.7347 -28.9668
v 122.6830 41.7347 -30.9678
v 128.7883 41.7347 -32.1822
v 135.0000 41.7347 -32.5894
v 141.2117 41.7347 -32.1822
v 147.3170 41.7347 -30.9678
v 153.2117 41.7347 -28.9668
v 158.7947 41.7347 -26.2136
v 163.9706 41.7347 -22.7552
v 168.6508 41.7347 -18.6508
v 172.7552 41.7347 -13.9706
v 176.2136 41.7347 -8.7947
v 178.9668 41.7347 -3.2117
v 180.9678 41.7347 2.6830
v 182.1822 41.7347 8.7883
v 180.9678 35.5767 21.0518
v 181.3644 35.5767 15.0000
v 179.7846 35.5767 27.0000
v 177.8352 35.5767 32.7429
v 175.1528 35.5767 38.1822
v 171.7834 35.5767 43.2249
v 167.7846 35.5767 47.7846
v 163.2249 35.5767 51.7834
v 158.1822 35.5767 55.1528
v 152.7429 35.5767 57.8352
v 147.0000 35.5767 59.7846
v 141.0518 35.5767 60.9678
v 135.0000 35.5767 61.3644
v 128.9482 35.5767 60.9678
v 123.0000 35.5767 59.7846
v 117.2571 35.5767 57.8352
v 111.8178 35.5767 55.1528
v 106.7751 35.5767 51.7834
v 102.2154 35.5767 47.7846
v 98.2166 35.5767 43.2249
v 94.8472 35.5767 38.1822
v 92.1648 35.5767 32.7429
v 90.2154 35.5767 27.0000
v 89.0322 35.5767 21.0518
v 88.6356 35.5767 15.0000
v 89.0322 35.5767 8.9482
v 90.2154 35.5767 3.0000
v 92.1648 35.5767 -2.7429
v 94.8472 35.5767 -8.1822
v 98.2166 35.5767 -13.2249
v 102.2154 35.5767 -17.7846
v 106.7751 35.5767 -21.7834
v 111.8178 35.5767 -25.1528
v 117.2571 35.5767 -27.8352
v 123.0000 35.5767 -29.7846
v 128.9482 35.5767 -30.9678
v 135.0000 35.5767 -31.3644
v 141.0518 35.5767 -30.9678
v 147.0000 35.5767 -29.7846
v 152.7429 35.5767 -27.8352
v 158.1822 35.5767 -25.1528
v 163.2249 35.5767 -21.7834
v 167.7846 35.5767 -17.7846
v 171.7834 35.5767 -13.2249
v 175.1528 35.5767 -8.1822
v 177.8352 35.5767 -2.7429
v 179.7846 35.5767 3.0000
v 180.9678 35.5767 8.9482
v 178.9668 29.6312 20.7883
v 179.3462 29.6312 15.0000
v 177.8352 29.6312 26.4776
v 175.9706 29.6312 31.9706
v 173.4050 29.6312 37.1731
v 170.1822 29.6312 41.9963
v 166.3575 29.6312 46.3575
v 161.9963 29.6312 50.1822
v 157.1731 29.6312 53.4050
v 151.9706 29.6312 55.9706
v 146.4776 29.6312 57.8352
v 140.7883 29.6312 58.9668
v 135.0000 29.6312 59.3462
v 129.2117 29.6312 58.9668
v 123.5224 29.6312 57.8352
v 118.0294 29.6312 55.9706
v 112.8269 29.6312 53.4050
v 108.0037 29.6312 50.1822
v 103.6425 29.6312 46.3575
v 99.8178 29.6312 41.9963
v 96.5950 29.6312 37.1731
v 94.0294 29.6312 31.9706
v 92.1648 29.6312 26.4776
v 91.0332 29.6312 20.7883
v 90.6538 29.6312 15.0000
v 91.0332 29.6312 9.2117
v 92.1648 29.6312 3.5224
v 94.0294 29.6312 -1.9706
v 96.5950 29.6312 -7.1731
v 99.8178 29.6312 -11.9963
v 103.6425 29.6312 -16.3575
v 108.0037 29.6312 -20.1822
v 112.8269 29.6312 -23.4050
v 118.0294 29.6312 -25.9706
v 123.5224 29.6312 -27.8352
v 129.2117 29.6312 -28.9668
v 135.0000 29.6312 -29.3462
v 140.7883 29.6312 -28.9668
v 146.4776 29.6312 -27.8352
v 151.9706 29.6312 -25.9706
v 157.1731 29.6312 -23.4050
v 161.9963 29.6312 -20.1822
v 166.3575 29.6312 -16.3575
v 170.1822 29.6312 -11.9963
v 173.4050 29.6312 -7.1731
v 175.9706 29.6312 -1.9706
v 177.8352 29.6312 3.5224
v 178.9668 29.6312 9.2117
v 176.2136 24.0000 20.4259
v 176.5692 24.0000 15.0000
v 175.1528 24.0000 25.7589
v 173.4050 24.0000 30.9079
v 171.0000 24.0000 35.7846
v 167.9791 24.0000 40.3057
v 164.3939 24.0000 44.3939
v 160.3057 24.0000 47.9791
v 155.7846 24.0000 51.0000
v 150.9079 24.0000 53.4050
v 145.7589 24.0000 55.1528
v 140.4259 24.0000 56.2136
v 135.0000 24.0000 56.5692
v 129.5741 24.0000 56.2136
v 124.2411 24.0000 55.1528
v 119.0921 24.0000 53.4050
v 114.2154 24.0000 51.0000
v 109.6943 24.0000 47.9791
v 105.6061 24.0000 44.3939
v 102.0209 24.0000 40.3057
v 99.0000 24.0000 35.7846
v 96.5950 24.0000 30.9079
v 94.8472 24.0000 25.7589
v 93.7864 24.0000 20.4259
v 93.4308 24.0000 15.0000
v 93.7864 24.0000 9.5741
v 94.8472 24.0000 4.2411
v 96.5950 24.0000 -0.9079
v 99.0000 24.0000 -5.7846
v 102.0209 24.0000 -10.3057
v 105.6061 24.0000 -14.3939
v 109.6943 24.0000 -17.9791
v 114.2154 24.0000 -21.0000
v 119.0921 24.0000 -23.4050
v 124.2411 24.0000 -25.1528
v 129.5741 24.0000 -26.2136
v 135.0000 24.0000 -26.5692
v 140.4259 24.0000 -26.2136
v 145.7589 24.0000 -25.1528
v 150.9079 24.0000 -23.4050
v 155.7846 24.0000 -21.0000
v 160.3057 24.0000 -17.9791
v 164.3939 24.0000 -14.3939
v 167.9791 24.0000 -10.3057
v 171.0000 24.0000 -5.7846
v 173.4050 24.0000 -0.9079
v 175.1528 24.0000 4.2411
v 176.2136 24.0000 9.5741
v 172.7552 18.7795 19.9706
v 173.0810 18.7795 15.0000
v 171.7834 18.7795 24.8561
v 170.1822 18.7795 29.5730
v 167.9791 18.7795 34.0405
v 165.2117 18.7795 38.1822
v 161.9273 18.7795 41.9273
v 158.1822 18.7795 45.2117
v 154.0405 18.7795 47.9791
v 149.5730 18.7795 50.1822
v 144.8561 18.7795 51.7834
v 139.9706 18.7795 52.7552
v 135.0000 18.7795 53.0810
v 130.0294 18.7795 52.7552
v 125.1439 18.7795 51.7834
v 120.4270 18.7795 50.1822
v 115.9595 18.7795 47.9791
v 111.8178 18.7795 45.2117
v 108.0727 18.7795 41.9273
v 104.7883 18.7795 38.1822
v 102.0209 18.7795 34.0405
v 99.8178 18.7795 29.5730
v 98.2166 18.7795 24.8561
v 97.2448 18.7795 19.9706
v 96.9190 18.7795 15.0000
v 97.2448 18.7795 10.0294
v 98.2166 18.7795 5.1439
v 99.8178 18.7795 0.4270
v 102.0209 18.7795 -4.0405
v 104.7883 18.7795 -8.1822
v 108.0727 18.7795 -11.9273
v 111.8178 18.7795 -15.2117
v 115.9595 18.7795 -17.9791
v 120.4270 18.7795 -20.1822
v 125.1439 18.7795 -21.7834
v 130.0294 18.7795 -22.7552
v 135.0000 18.7795 -23.0810
v 139.9706 18.7795 -22.7552
v 144.8561 18.7795 -21.7834
v 149.5730 18.7795 -20.1822
v 154.0405 18.7795 -17.9791
v 158.1822 18.7795 -15.2117
v 161.9273 18.7795 -11.9273
v 165.2117 18.7795 -8.1822
v 167.9791 18.7795 -4.0405
v 170.1822 18.7795 0.4270
v 171.7834 18.7795 5.1439
v 172.7552 18.7795 10.0294
v 168.6508 14.0589 19.4302
v 168.9411 14.0589 15.0000
v 167.7846 14.0589 23.7846
v 166.3575 14.0589 27.9887
v 164.3939 14.0589 31.9706
v 161.9273 14.0589 35.6620
v 159.0000 14.0589 39.0000
v 155.6620 14.0589 41.9273
v 151.9706 14.0589 44.3939
v 147.9887 14.0589 46.3575
v 143.7846 14.0589 47.7846
v 139.4302 14.0589 48.6508
v 135.0000 14.0589 48.9411
v 130.5698 14.0589 48.6508
v 126.2154 14.0589 47.7846
v 122.0113 14.0589 46.3575
v 118.0294 14.0589 44.3939
v 114.3380 14.0589 41.9273
v 111.0000 14.0589 39.0000
v 108.0727 14.0589 35.6620
v 105.6061 14.0589 31.9706
v 103.6425 14.0589 27.9887
v 102.2154 14.0589 23.7846
v 101.3492 14.0589 19.4302
v 101.0589 14.0589 15.0000
v 101.3492 14.0589 10.5698
v 102.2154 14.0589 6.2154
v 103.6425 14.0589 2.0113
v 105.6061 14.0589 -1.9706
v 108.0727 14.0589 -5.6620
v 111.0000 14.0589 -9.0000
v 114.3380 14.0589 -11.9273
v 118.0294 14.0589 -14.3939
v 122.0113 14.0589 -16.3575
v 126.2154 14.0589 -17.7846
v 130.5698 14.0589 -18.6508
v 135.0000 14.0589 -18.9411
v 139.4302 14.0589 -18.6508
v 143.7846 14.0589 -17.7846
v 147.9887 14.0589 -16.3575
v 151.9706 14.0589 -14.3939
v 155.6620 14.0589 -11.9273
v 159.0000 14.0589 -9.0000
v 161.9273 14.0589 -5.6620
v 164.3939 14.0589 -1.9706
v 166.3575 14.0589 2.0113
v 167.7846 14.0589 6.2154
v 168.6508 14.0589 10.5698
v 163.9706 9.9190 18.8140
v 164.2205 9.9190 15.0000
v 163.2249 9.9190 22.5628
v 161.9963 9.9190 26.1822
v 160.3057 9.9190 29.6103
v 158.1822 9.9190 32.7883
v 155.6620 9.9190 35.6620
v 152.7883 9.9190 38.1822
v 149.6103 9.9190 40.3057
v 146.1822 9.9190 41.9963
v 142.5628 9.9190 43.2249
v 138.8140 9.9190 43.9706
v 135.0000 9.9190 44.2205
v 131.1860 9.9190 43.9706
v 127.4372 9.9190 43.2249
v 123.8178 9.9190 41.9963
v 120.3897 9.9190 40.3057
v 117.2117 9.9190 38.1822
v 114.3380 9.9190 35.6620
v 111.8178 9.9190 32.7883
v 109.6943 9.9190 29.6103
v 108.0037 9.9190 26.1822
v 106.7751 9.9190 22.5628
v 106.0294 9.9190 18.8140
v 105.7795 9.9190 15.0000
v 106.0294 9.9190 11.1860
v 106.7751 9.9190 7.4372
v 108.0037 9.9190 3.8178
v 109.6943 9.9190 0.3897
v 111.8178 9.9190 -2.7883
v 114.3380 9.9190 -5.6620
v 117.2117 9.9190 -8.1822
v 120.3897 9.9190 -10.3057
v 123.8178 9.9190 -11.9963
v 127.4372 9.9190 -13.2249
v 131.1860 9.9190 -13.9706
v 135.0000 9.9190 -14.2205
v 138.8140 9.9190 -13.9706
v 142.5628 9.9190 -13.2249
v 146.1822 9.9190 -11.9963
v 149.6103 9.9190 -10.3057
v 152.7883 9.9190 -8.1822
v 155.6620 9.9190 -5.6620
v 158.1822 9.9190 -2.7883
v 160.3057 9.9190 0.3897
v 161.9963 9.9190 3.8178
v 163.2249 9.9190 7.4372
v 163.9706 9.9190 11.1860
v 158.7947 6.4308 18.1326
v 159.0000 6.4308 15.0000
v 158.1822 6.4308 21.2117
v 157.1731 6.4308 24.1844
v 155.7846 6.4308 27.0000
v 154.0405 6.4308 29.6103
v 151.9706 6.4308 31.9706
v 149.6103 6.4308 34.0405
v 147.0000 6.4308 35.7846
v 144.1844 6.4308 37.1731
v 141.2117 6.4308 38.1822
v 138.1326 6.4308 38.7947
v 135.0000 6.4308 39.0000
v 131.8674 6.4308 38.7947
v 128.7883 6.4308 38.1822
v 125.8156 6.4308 37.1731
v 123.0000 6.4308 35.7846
v 120.3897 6.4308 34.0405
v 118.0294 6.4308 31.9706
v 115.9595 6.4308 29.6103
v 114.2154 6.4308 27.0000
v 112.8269 6.4308 24.1844
v 111.8178 6.4308 21.2117
v 111.2053 6.4308 18.1326
v 111.0000 6.4308 15.0000
v 111.2053 6.4308 11.8674
v 111.8178 6.4308 8.7883
v 112.8269 6.4308 5.8156
v 114.2154 6.4308 3.0000
v 115.9595 6.4308 0.3897
v 118.0294 6.4308 -1.9706
v 120.3897 6.4308 -4.0405
v 123.0000 6.4308 -5.7846
v 125.8156 6.4308 -7.1731
v 128.7883 6.4308 -8.1822
v 131.8674 6.4308 -8.7947
v 135.0000 6.4308 -9.0000
v 138.1326 6.4308 -8.7947
v 141.2117 6.4308 -8.1822
v 144.1844 6.4308 -7.1731
v 147.0000 6.4308 -5.7846
v 149.6103 6.4308 -4.0405
v 151.9706 6.4308 -1.9706
v 154.0405 6.4308 0.3897
v 155.7846 6.4308 3.0000
v 157.1731 6.4308 5.8156
v 158.1822 6.4308 8.7883
v 158.7947 6.4308 11.8674
v 153.2117 3.6538 17.3976
v 153.3688 3.6538 15.0000
v 152.7429 3.6538 19.7542
v 151.9706 3.6538 22.0294
v 150.9079 3.6538 24.1844
v 149.5730 3.6538 26.1822
v 147.9887 3.6538 27.9887
v 146.1822 3.6538 29.5730
v 144.1844 3.6538 30.9079
v 142.0294 3.6538 31.9706
v 139.7542 3.6538 32.7429
v 137.3976 3.6538 33.2117
v 135.0000 3.6538 33.3688
v 132.6024 3.6538 33.2117
v 130.2458 3.6538 32.7429
v 127.9706 3.6538 31.9706
v 125.8156 3.6538 30.9079
v 123.8178 3.6538 29.5730
v 122.0113 3.6538 27.9887
v 120.4270 3.6538 26.1822
v 119.0921 3.6538 24.1844
v 118.0294 3.6538 22.0294
v 117.2571 3.6538 19.7542
v 116.7883 3.6538 17.3976
v 116.6312 3.6538 15.0000
v 116.7883 3.6538 12.6024
v 117.2571 3.6538 10.2458
v 118.0294 3.6538 7.9706
v 119.0921 3.6538 5.8156
v 120.4270 3.6538 3.8178
v 122.0113 3.6538 2.0113
v 123.8178 3.6538 0.4270
v 125.8156 3.6538 -0.9079
v 127.9706 3.6538 -1.9706
v 130.2458 3.6538 -2.7429
v 132.6024 3.6538 -3.2117
v 135.0000 3.6538 -3.3688
v 137.3976 3.6538 -3.2117
v 139.7542 3.6538 -2.7429
v 142.0294 3.6538 -1.9706
v 144.1844 3.6538 -0.9079
v 146.1822 3.6538 0.4270
v 147.9887 3.6538 2.0113
v 149.5730 3.6538 3.8178
v 150.9079 3.6538 5.8156
v 151.9706 3.6538 7.9706
v 152.7429 3.6538 10.2458
v 153.2117 3.6538 12.6024
v 147.3170 1.6356 16.6216
v 147.4233 1.6356 15.0000
v 147.0000 1.6356 18.2154
v 146.4776 1.6356 19.7542
v 145.7589 1.6356 21.2117
v 144.8561 1.6356 22.5628
v 143.7846 1.6356 23.7846
v 142.5628 1.6356 24.8561
v 141.2117 1.6356 25.7589
v 139.7542 1.6356 26.4776
v 138.2154 1.6356 27.0000
v 136.6216 1.6356 27.3170
v 135.0000 1.6356 27.4233
v 133.3784 1.6356 27.3170
v 131.7846 1.6356 27.0000
v 130.2458 1.6356 26.4776
v 128.7883 1.6356 25.7589
v 127.4372 1.6356 24.8561
v 126.2154 1.6356 23.7846
v 125.1439 1.6356 22.5628
v 124.2411 1.6356 21.2117
v 123.5224 1.6356 19.7542
v 123.0000 1.6356 18.2154
v 122.6830 1.6356 16.6216
v 122.5767 1.6356 15.0000
v 122.6830 1.6356 13.3784
v 123.0000 1.6356 11.7846
v 123.5224 1.6356 10.2458
v 124.2411 1.6356 8.7883
v 125.1439 1.6356 7.4372
v 126.2154 1.6356 6.2154
v 127.4372 1.6356 5.1439
v 128.7883 1.6356 4.2411
v 130.2458 1.6356 3.5224
v 131.7846 1.6356 3.0000
v 133.3784 1.6356 2.6830
v 135.0000 1.6356 2.5767
v 136.6216 1.6356 2.6830
v 138.2154 1.6356 3.0000
v 139.7542 1.6356 3.5224
v 141.2117 1.6356 4.2411
v 142.5628 1.6356 5.1439
v 143.7846 1.6356 6.2154
v 144.8561 1.6356 7.4372
v 145.7589 1.6356 8.7883
v 146.4776 1.6356 10.2458
v 147.0000 1.6356 11.7846
v 147.3170 1.6356 13.3784
v 141.2117 0.4106 15.8178
v 141.2653 0.4106 15.0000
v 141.0518 0.4106 16.6216
v 140.7883 0.4106 17.3976
v 140.4259 0.4106 18.1326
v 139.9706 0.4106 18.8140
v 139.4302 0.4106 19.4302
v 138.8140 0.4106 19.9706
v 138.1326 0.4106 20.4259
v 137.3976 0.4106 20.7883
v 136.6216 0.4106 21.0518
v 135.8178 0.4106 21.2117
v 135.0000 0.4106 21.2653
v 134.1822 0.4106 21.2117
v 133.3784 0.4106 21.0518
v 132.6024 0.4106 20.7883
v 131.8674 0.4106 20.4259
v 131.1860 0.4106 19.9706
v 130.5698 0.4106 19.4302
v 130.0294 0.4106 18.8140
v 129.5741 0.4106 18.1326
v 129.2117 0.4106 17.3976
v 128.9482 0.4106 16.6216
v 128.7883 0.4106 15.8178
v 128.7347 0.4106 15.0000
v 128.7883 0.4106 14.1822
v 128.9482 0.4106 13.3784
v 129.2117 0.4106 12.6024
v 129.5741 0.4106 11.8674
v 130.0294 0.4106 11.1860
v 130.5698 0.4106 10.5698
v 131.1860 0.4106 10.0294
v 131.8674 0.4106 9.5741
v 132.6024 0.4106 9.2117
v 133.3784 0.4106 8.9482
v 134.1822 0.4106 8.7883
v 135.0000 0.4106 8.7347
v 135.8178 0.4106 8.7883
v 136.6216 0.4106 8.9482
v 137.3976 0.4106 9.2117
v 138.1326 0.4106 9.5741
v 138.8140 0.4106 10.0294
v 139.4302 0.4106 10.5698
v 139.9706 0.4106 11.1860
v 140.4259 0.4106 11.8674
v 140.7883 0.4106 12.6024
v 141.0518 0.4106 13.3784
v 141.2117 0.4106 14.1822
v 135.0000 0.0000 15.0000
v 205.0000 72.0000 -75.0000
v 210.5623 71.5568 -74.1190
v 210.6316 71.5568 -75.0000
v 210.3560 71.5568 -73.2597
v 210.0178 71.5568 -72.4433
v 209.5561 71.5568 -71.6898
v 208.9822 71.5568 -71.0178
v 208.3102 71.5568 -70.4439
v 207.5567 71.5568 -69.9822
v 206.7403 71.5568 -69.6440
v 205.8810 71.5568 -69.4377
v 205.0000 71.5568 -69.3684
v 204.1190 71.5568 -69.4377
v 203.2597 71.5568 -69.6440
v 202.4433 71.5568 -69.9822
v 201.6898 71.5568 -70.4439
v 201.0178 71.5568 -71.0178
v 200.4439 71.5568 -71.6898
v 199.9822 71.5568 -72.4433
v 199.6440 71.5568 -73.2597
v 199.4377 71.5568 -74.1190
v 199.3684 71.5568 -75.0000
v 199.4377 71.5568 -75.8810
v 199.6440 71.5568 -76.7403
v 199.9822 71.5568 -77.5567
v 200.4439 71.5568 -78.3102
v 201.0178 71.5568 -78.9822
v 201.6898 71.5568 -79.5561
v 202.4433 71.5568 -80.0178
v 203.2597 71.5568 -80.3560
v 204.1190 71.5568 -80.5623
v 205.0000 71.5568 -80.6316
v 205.8810 71.5568 -80.5623
v 206.7403 71.5568 -80.3560
v 207.5567 71.5568 -80.0178
v 208.3102 71.5568 -79.5561
v 208.9822 71.5568 -78.9822
v 209.5561 71.5568 -78.3102
v 210.0178 71.5568 -77.5567
v 210.3560 71.5568 -76.7403
v 210.5623 71.5568 -75.8810
v 215.9876 70.2380 -73.2597
v 216.1246 70.2380 -75.0000
v 215.5801 70.2380 -71.5623
v 214.9121 70.2380 -69.9495
v 214.0000 70.2380 -68.4611
v 212.8663 70.2380 -67.1337
v 211.5389 70.2380 -66.0000
v 210.0505 70.2380 -65.0879
v 208.4377 70.2380 -64.4199
v 206.7403 70.2380 -64.0124
v 205.0000 70.2380 -63.8754
v 203.2597 70.2380 -64.0124
v 201.5623 70.2380 -64.4199
v 199.9495 70.2380 -65.0879
v 198.4611 70.2380 -66.0000
v 197.1337 70.2380 -67.1337
v 196.0000 70.2380 -68.4611
v 195.0879 70.2380 -69.9495
v 194.4199 70.2380 -71.5623
v 194.0124 70.2380 -73.2597
v 193.8754 70.2380 -75.0000
v 194.0124 70.2380 -76.7403
v 194.4199 70.2380 -78.4377
v 195.0879 70.2380 -80.0505
v 196.0000 70.2380 -81.5389
v 197.1337 70.2380 -82.8663
v 198.4611 70.2380 -84.0000
v 199.9495 70.2380 -84.9121
v 201.5623 70.2380 -85.5801
v 203.2597 70.2380 -85.9876
v 205.0000 70.2380 -86.1246
v 206.7403 70.2380 -85.9876
v 208.4377 70.2380 -85.5801
v 210.0505 70.2380 -84.9121
v 211.5389 70.2380 -84.0000
v 212.8663 70.2380 -82.8663
v 214.0000 70.2380 -81.5389
v 214.9121 70.2380 -80.0505
v 215.5801 70.2380 -78.4377
v 215.9876 70.2380 -76.7403
v 221.1424 68.0762 -72.4433
v 221.3437 68.0762 -75.0000
v 220.5437 68.0762 -69.9495
v 219.5623 68.0762 -67.5801
v 218.2223 68.0762 -65.3934
v 216.5567 68.0762 -63.4433
v 214.6066 68.0762 -61.7777
v 212.4199 68.0762 -60.4377
v 210.0505 68.0762 -59.4563
v 207.5567 68.0762 -58.8576
v 205.0000 68.0762 -58.6563
v 202.4433 68.0762 -58.8576
v 199.9495 68.0762 -59.4563
v 197.5801 68.0762 -60.4377
v 195.3934 68.0762 -61.7777
v 193.4433 68.0762 -63.4433
v 191.7777 68.0762 -65.3934
v 190.4377 68.0762 -67.5801
v 189.4563 68.0762 -69.9495
v 188.8576 68.0762 -72.4433
v 188.6563 68.0762 -75.0000
v 188.8576 68.0762 -77.5567
v 189.4563 68.0762 -80.0505
v 190.4377 68.0762 -82.4199
v 191.7777 68.0762 -84.6066
v 193.4433 68.0762 -86.5567
v 195.3934 68.0762 -88.2223
v 197.5801 68.0762 -89.5623
v 199.9495 68.0762 -90.5437
v 202.4433 68.0762 -91.1424
v 205.0000 68.0762 -91.3437
v 207.5567 68.0762 -91.1424
v 210.0505 68.0762 -90.5437
v 212.4199 68.0762 -89.5623
v 214.6066 68.0762 -88.2223
v 216.5567 68.0762 -86.5567
v 218.2223 68.0762 -84.6066
v 219.5623 68.0762 -82.4199
v 220.5437 68.0762 -80.0505
v 221.1424 68.0762 -77.5567
v 225.8998 65.1246 -71.6898
v 226.1603 65.1246 -75.0000
v 225.1246 65.1246 -68.4611
v 223.8539 65.1246 -65.3934
v 222.1190 65.1246 -62.5623
v 219.9626 65.1246 -60.0374
v 217.4377 65.1246 -57.8810
v 214.6066 65.1246 -56.1461
v 211.5389 65.1246 -54.8754
v 208.3102 65.1246 -54.1002
v 205.0000 65.1246 -53.8397
v 201.6898 65.1246 -54.1002
v 198.4611 65.1246 -54.8754
v 195.3934 65.1246 -56.1461
v 192.5623 65.1246 -57.8810
v 190.0374 65.1246 -60.0374
v 187.8810 65.1246 -62.5623
v 186.1461 65.1246 -65.3934
v 184.8754 65.1246 -68.4611
v 184.1002 65.1246 -71.6898
v 183.8397 65.1246 -75.0000
v 184.1002 65.1246 -78.3102
v 184.8754 65.1246 -81.5389
v 186.1461 65.1246 -84.6066
v 187.8810 65.1246 -87.4377
v 190.0374 65.1246 -89.9626
v 192.5623 65.1246 -92.1190
v 195.3934 65.1246 -93.8539
v 198.4611 65.1246 -95.1246
v 201.6898 65.1246 -95.8998
v 205.0000 65.1246 -96.1603
v 208.3102 65.1246 -95.8998
v 211.5389 65.1246 -95.1246
v 214.6066 65.1246 -93.8539
v 217.4377 65.1246 -92.1190
v 219.9626 65.1246 -89.9626
v 222.1190 65.1246 -87.4377
v 223.8539 65.1246 -84.6066
v 225.1246 65.1246 -81.5389
v 225.8998 65.1246 -78.3102
v 230.1424 61.4558 -71.0178
v 230.4558 61.4558 -75.0000
v 229.2099 61.4558 -67.1337
v 227.6813 61.4558 -63.4433
v 225.5942 61.4558 -60.0374
v 223.0000 61.4558 -57.0000
v 219.9626 61.4558 -54.4058
v 216.5567 61.4558 -52.3187
v 212.8663 61.4558 -50.7901
v 208.9822 61.4558 -49.8576
v 205.0000 61.4558 -49.5442
v 201.0178 61.4558 -49.8576
v 197.1337 61.4558 -50.7901
v 193.4433 61.4558 -52.3187
v 190.0374 61.4558 -54.4058
v 187.0000 61.4558 -57.0000
v 184.4058 61.4558 -60.0374
v 182.3187 61.4558 -63.4433
v 180.7901 61.4558 -67.1337
v 179.8576 61.4558 -71.0178
v 179.5442 61.4558 -75.0000
v 179.8576 61.4558 -78.9822
v 180.7901 61.4558 -82.8663
v 182.3187 61.4558 -86.5567
v 184.4058 61.4558 -89.9626
v 187.0000 61.4558 -93.0000
v 190.0374 61.4558 -95.5942
v 193.4433 61.4558 -97.6813
v 197.1337 61.4558 -99.2099
v 201.0178 61.4558 -100.1424
v 205.0000 61.4558 -100.4558
v 208.9822 61.4558 -100.1424
v 212.8663 61.4558 -99.2099
v 216.5567 61.4558 -97.6813
v 219.9626 61.4558 -95.5942
v 223.0000 61.4558 -93.0000
v 225.5942 61.4558 -89.9626
v 227.6813 61.4558 -86.5567
v 229.2099 61.4558 -82.8663
v 230.1424 61.4558 -78.9822
v 233.7660 57.1603 -70.4439
v 234.1246 57.1603 -75.0000
v 232.6992 57.1603 -66.0000
v 230.9502 57.1603 -61.7777
v 228.5623 57.1603 -57.8810
v 225.5942 57.1603 -54.4058
v 222.1190 57.1603 -51.4377
v 218.2223 57.1603 -49.0498
v 214.0000 57.1603 -47.3008
v 209.5561 57.1603 -46.2340
v 205.0000 57.1603 -45.8754
v 200.4439 57.1603 -46.2340
v 196.0000 57.1603 -47.3008
v 191.7777 57.1603 -49.0498
v 187.8810 57.1603 -51.4377
v 184.4058 57.1603 -54.4058
v 181.4377 57.1603 -57.8810
v 179.0498 57.1603 -61.7777
v 177.3008 57.1603 -66.0000
v 176.2340 57.1603 -70.4439
v 175.8754 57.1603 -75.0000
v 176.2340 57.1603 -79.5561
v 177.3008 57.1603 -84.0000
v 179.0498 57.1603 -88.2223
v 181.4377 57.1603 -92.1190
v 184.4058 57.1603 -95.5942
v 187.8810 57.1603 -98.5623
v 191.7777 57.1603 -100.9502
v 196.0000 57.1603 -102.6992
v 200.4439 57.1603 -103.7660
v 205.0000 57.1603 -104.1246
v 209.5561 57.1603 -103.7660
v 214.0000 57.1603 -102.6992
v 218.2223 57.1603 -100.9502
v 222.1190 57.1603 -98.5623
v 225.5942 57.1603 -95.5942
v 228.5623 57.1603 -92.1190
v 230.9502 57.1603 -88.2223
v 232.6992 57.1603 -84.0000
v 233.7660 57.1603 -79.5561
v 236.6813 52.3437 -69.9822
v 237.0762 52.3437 -75.0000
v 235.5063 52.3437 -65.0879
v 233.5801 52.3437 -60.4377
v 230.9502 52.3437 -56.1461
v 227.6813 52.3437 -52.3187
v 223.8539 52.3437 -49.0498
v 219.5623 52.3437 -46.4199
v 214.9121 52.3437 -44.4937
v 210.0178 52.3437 -43.3187
v 205.0000 52.3437 -42.9238
v 199.9822 52.3437 -43.3187
v 195.0879 52.3437 -44.4937
v 190.4377 52.3437 -46.4199
v 186.1461 52.3437 -49.0498
v 182.3187 52.3437 -52.3187
v 179.0498 52.3437 -56.1461
v 176.4199 52.3437 -60.4377
v 174.4937 52.3437 -65.0879
v 173.3187 52.3437 -69.9822
v 172.9238 52.3437 -75.0000
v 173.3187 52.3437 -80.0178
v 174.4937 52.3437 -84.9121
v 176.4199 52.3437 -89.5623
v 179.0498 52.3437 -93.8539
v 182.3187 52.3437 -97.6813
v 186.1461 52.3437 -100.9502
v 190.4377 52.3437 -103.5801
v 195.0879 52.3437 -105.5063
v 199.9822 52.3437 -106.6813
v 205.0000 52.3437 -107.0762
v 210.0178 52.3437 -106.6813
v 214.9121 52.3437 -105.5063
v 219.5623 52.3437 -103.5801
v 223.8539 52.3437 -100.9502
v 227.6813 52.3437 -97.6813
v 230.9502 52.3437 -93.8539
v 233.5801 52.3437 -89.5623
v 235.5063 52.3437 -84.9121
v 236.6813 52.3437 -80.0178
v 238.8165 47.1246 -69.6440
v 239.2380 47.1246 -75.0000
v 237.5623 47.1246 -64.4199
v 235.5063 47.1246 -59.4563
v 232.6992 47.1246 -54.8754
v 229.2099 47.1246 -50.7901
v 225.1246 47.1246 -47.3008
v 220.5437 47.1246 -44.4937
v 215.5801 47.1246 -42.4377
v 210.3560 47.1246 -41.1835
v 205.0000 47.1246 -40.7620
v 199.6440 47.1246 -41.1835
v 194.4199 47.1246 -42.4377
v 189.4563 47.1246 -44.4937
v 184.8754 47.1246 -47.3008
v 180.7901 47.1246 -50.7901
v 177.3008 47.1246 -54.8754
v 174.4937 47.1246 -59.4563
v 172.4377 47.1246 -64.4199
v 171.1835 47.1246 -69.6440
v 170.7620 47.1246 -75.0000
v 171.1835 47.1246 -80.3560
v 172.4377 47.1246 -85.5801
v 174.4937 47.1246 -90.5437
v 177.3008 47.1246 -95.1246
v 180.7901 47.1246 -99.2099
v 184.8754 47.1246 -102.6992
v 189.4563 47.1246 -105.5063
v 194.4199 47.1246 -107.5623
v 199.6440 47.1246 -108.8165
v 205.0000 47.1246 -109.2380
v 210.3560 47.1246 -108.8165
v 215.5801 47.1246 -107.5623
v 220.5437 47.1246 -105.5063
v 225.1246 47.1246 -102.6992
v 229.2099 47.1246 -99.2099
v 232.6992 47.1246 -95.1246
v 235.5063 47.1246 -90.5437
v 237.5623 47.1246 -85.5801
v 238.8165 47.1246 -80.3560
v 240.1190 41.6316 -69.4377
v 240.5568 41.6316 -75.0000
v 238.8165 41.6316 -64.0124
v 236.6813 41.6316 -58.8576
v 233.7660 41.6316 -54.1002
v 230.1424 41.6316 -49.8576
v 225.8998 41.6316 -46.2340
v 221.1424 41.6316 -43.3187
v 215.9876 41.6316 -41.1835
v 210.5623 41.6316 -39.8810
v 205.0000 41.6316 -39.4432
v 199.4377 41.6316 -39.8810
v 194.0124 41.6316 -41.1835
v 188.8576 41.6316 -43.3187
v 184.1002 41.6316 -46.2340
v 179.8576 41.6316 -49.8576
v 176.2340 41.6316 -54.1002
v 173.3187 41.6316 -58.8576
v 171.1835 41.6316 -64.0124
v 169.8810 41.6316 -69.4377
v 169.4432 41.6316 -75.0000
v 169.8810 41.6316 -80.5623
v 171.1835 41.6316 -85.9876
v 173.3187 41.6316 -91.1424
v 176.2340 41.6316 -95.8998
v 179.8576 41.6316 -100.1424
v 184.1002 41.6316 -103.7660
v 188.8576 41.6316 -106.6813
v 194.0124 41.6316 -108.8165
v 199.4377 41.6316 -110.1190
v 205.0000 41.6316 -110.5568
v 210.5623 41.6316 -110.1190
v 215.9876 41.6316 -108.8165
v 221.1424 41.6316 -106.6813
v 225.8998 41.6316 -103.7660
v 230.1424 41.6316 -100.1424
v 233.7660 41.6316 -95.8998
v 236.6813 41.6316 -91.1424
v 238.8165 41.6316 -85.9876
v 240.1190 41.6316 -80.5623
v 240.5568 36.0000 -69.3684
v 241.0000 36.0000 -75.0000
v 239.2380 36.0000 -63.8754
v 237.0762 36.0000 -58.6563
v 234.1246 36.0000 -53.8397
v 230.4558 36.0000 -49.5442
v 226.1603 36.0000 -45.8754
v 221.3437 36.0000 -42.9238
v 216.1246 36.0000 -40.7620
v 210.6316 36.0000 -39.4432
v 205.0000 36.0000 -39.0000
v 199.3684 36.0000 -39.4432
v 193.8754 36.0000 -40.7620
v 188.6563 36.0000 -42.9238
v 183.8397 36.0000 -45.8754
v 179.5442 36.0000 -49.5442
v 175.8754 36.0000 -53.8397
v 172.9238 36.0000 -58.6563
v 170.7620 36.0000 -63.8754
v 169.4432 36.0000 -69.3684
v 169.0000 36.0000 -75.0000
v 169.4432 36.0000 -80.6316
v 170.7620 36.0000 -86.1246
v 172.9238 36.0000 -91.3437
v 175.8754 36.0000 -96.1603
v 179.5442 36.0000 -100.4558
v 183.8397 36.0000 -104.1246
v 188.6563 36.0000 -107.0762
v 193.8754 36.0000 -109.2380
v 199.3684 36.0000 -110.5568
v 205.0000 36.0000 -111.0000
v 210.6316 36.0000 -110.5568
v 216.1246 36.0000 -109.2380
v 221.3437 36.0000 -107.0762
v 226.1603 36.0000 -104.1246
v 230.4558 36.0000 -100.4558
v 234.1246 36.0000 -96.1603
v 237.0762 36.0000 -91.3437
v 239.2380 36.0000 -86.1246
v 240.5568 36.0000 -80.6316
v 240.1190 30.3684 -69.4377
v 240.5568 30.3684 -75.0000
v 238.8165 30.3684 -64.0124
v 236.6813 30.3684 -58.8576
v 233.7660 30.3684 -54.1002
v 230.1424 30.3684 -49.8576
v 225.8998 30.3684 -46.2340
v 221.1424 30.3684 -43.3187
v 215.9876 30.3684 -41.1835
v 210.5623 30.3684 -39.8810
v 205.0000 30.3684 -39.4432
v 199.4377 30.3684 -39.8810
v 194.0124 30.3684 -41.1835
v 188.8576 30.3684 -43.3187
v 184.1002 30.3684 -46.2340
v 179.8576 30.3684 -49.8576
v 176.2340 30.3684 -54.1002
v 173.3187 30.3684 -58.8576
v 171.1835 30.3684 -64.0124
v 169.8810 30.3684 -69.4377
v 169.4432 30.3684 -75.0000
v 169.8810 30.3684 -80.5623
v 171.1835 30.3684 -85.9876
v 173.3187 30.3684 -91.1424
v 176.2340 30.3684 -95.8998
v 179.8576 30.3684 -100.1424
v 184.1002 30.3684 -103.7660
v 188.8576 30.3684 -106.6813
v 194.0124 30.3684 -108.8165
v 199.4377 30.3684 -110.1190
v 205.0000 30.3684 -110.5568
v 210.5623 30.3684 -110.1190
v 215.9876 30.3684 -108.8165
v 221.1424 30.3684 -106.6813
v 225.8998 30.3684 -103.7660
v 230.1424 30.3684 -100.1424
v 233.7660 30.3684 -95.8998
v 236.6813 30.3684 -91.1424
v 238.8165 30.3684 -85.9876
v 240.1190 30.3684 -80.5623
v 238.8165 24.8754 -69.6440
v 239.2380 24.8754 -75.0000
v 237.5623 24.8754 -64.4199
v 235.5063 24.8754 -59.4563
v 232.6992 24.8754 -54.8754
v 229.2099 24.8754 -50.7901
v 225.1246 24.8754 -47.3008
v 220.5437 24.8754 -44.4937
v 215.5801 24.8754 -42.4377
v 210.3560 24.8754 -41.1835
v 205.0000 24.8754 -40.7620
v 199.6440 24.8754 -41.1835
v 194.4199 24.8754 -42.4377
v 189.4563 24.8754 -44.4937
v 184.8754 24.8754 -47.3008
v 180.7901 24.8754 -50.7901
v 177.3008 24.8754 -54.8754
v 174.4937 24.8754 -59.4563
v 172.4377 24.8754 -64.4199
v 171.1835 24.8754 -69.6440
v 170.7620 24.8754 -75.0000
v 171.1835 24.8754 -80.3560
v 172.4377 24.8754 -85.5801
v 174.4937 24.8754 -90.5437
v 177.3008 24.8754 -95.1246
v 180.7901 24.8754 -99.2099
v 184.8754 24.8754 -102.6992
v 189.4563 24.8754 -105.5063
v 194.4199 24.8754 -107.5623
v 199.6440 24.8754 -108.8165
v 205.0000 24.8754 -109.2380
v 210.3560 24.8754 -108.8165
v 215.5801 24.8754 -107.5623
v 220.5437 24.8754 -105.5063
v 225.1246 24.8754 -102.6992
v 229.2099 24.8754 -99.2099
v 232.6992 24.8754 -95.1246
v 235.5063 24.8754 -90.5437
v 237.5623 24.8754 -85.5801
v 238.8165 24.8754 -80.3560
v 236.6813 19.6563 -69.9822
v 237.0762 19.6563 -75.0000
v 235.5063 19.6563 -65.0879
v 233.5801 19.6563 -60.4377
v 230.9502 19.6563 -56.1461
v 227.6813 19.6563 -52.3187
v 223.8539 19.6563 -49.0498
v 219.5623 19.6563 -46.4199
v 214.9121 19.6563 -44.4937
v 210.0178 19.6563 -43.3187
v 205.0000 19.6563 -42.9238
v 199.9822 19.6563 -43.3187
v 195.0879 19.6563 -44.4937
v 190.4377 19.6563 -46.4199
v 186.1461 19.6563 -49.0498
v 182.3187 19.6563 -52.3187
v 179.0498 19.6563 -56.1461
v 176.4199 19.6563 -60.4377
v 174.4937 19.6563 -65.0879
v 173.3187 19.6563 -69.9822
v 172.9238 19.6563 -75.0000
v 173.3187 19.6563 -80.0178
v 174.4937 19.6563 -84.9121
v 176.4199 19.6563 -89.5623
v 179.0498 19.6563 -93.8539
v 182.3187 19.6563 -97.6813
v 186.1461 19.6563 -100.9502
v 190.4377 19.6563 -103.5801
v 195.0879 19.6563 -105.5063
v 199.9822 19.6563 -106.6813
v 205.0000 19.6563 -107.0762
v 210.0178 19.6563 -106.6813
v 214.9121 19.6563 -105.5063
v 219.5623 19.6563 -103.5801
v 223.8539 19.6563 -100.9502
v 227.6813 19.6563 -97.6813
v 230.9502 19.6563 -93.8539
v 233.5801 19.6563 -89.5623
v 235.5063 19.6563 -84.9121
v 236.6813 19.6563 -80.0178
v 233.7660 14.8397 -70.4439
v 234.1246 14.8397 -75.0000
v 232.6992 14.8397 -66.0000
v 230.9502 14.8397 -61.7777
v 228.5623 14.8397 -57.8810
v 225.5942 14.8397 -54.4058
v 222.1190 14.8397 -51.4377
v 218.2223 14.8397 -49.0498
v 214.0000 14.8397 -47.3008
v 209.5561 14.8397 -46.2340
v 205.0000 14.8397 -45.8754
v 200.4439 14.8397 -46.2340
v 196.0000 14.8397 -47.3008
v 191.7777 14.8397 -49.0498
v 187.8810 14.8397 -51.4377
v 184.4058 14.8397 -54.4058
v 181.4377 14.8397 -57.8810
v 179.0498 14.8397 -61.7777
v 177.3008 14.8397 -66.0000
v 176.2340 14.8397 -70.4439
v 175.8754 14.8397 -75.0000
v 176.2340 14.8397 -79.5561
v 177.3008 14.8397 -84.0000
v 179.0498 14.8397 -88.2223
v 181.4377 14.8397 -92.1190
v 184.4058 14.8397 -95.5942
v 187.8810 14.8397 -98.5623
v 191.7777 14.8397 -100.9502
v 196.0000 14.8397 -102.6992
v 200.4439 14.8397 -103.7660
v 205.0000 14.8397 -104.1246
v 209.5561 14.8397 -103.7660
v 214.0000 14.8397 -102.6992
v 218.2223 14.8397 -100.9502
v 222.1190 14.8397 -98.5623
v 225.5942 14.8397 -95.5942
v 228.5623 14.8397 -92.1190
v 230.9502 14.8397 -88.2223
v 232.6992 14.8397 -84.0000
v 233.7660 14.8397 -79.5561
v 230.1424 10.5442 -71.0178
v 230.4558 10.5442 -75.0000
v 229.2099 10.5442 -67.1337
v 227.6813 10.5442 -63.4433
v 225.5942 10.5442 -60.0374
v 223.0000 10.5442 -57.0000
v 219.9626 10.5442 -54.4058
v 216.5567 10.5442 -52.3187
v 212.8663 10.5442 -50.7901
v 208.9822 10.5442 -49.8576
v 205.0000 10.5442 -49.5442
v 201.0178 10.5442 -49.8576
v 197.1337 10.5442 -50.7901
v 193.4433 10.5442 -52.3187
v 190.0374 10.5442 -54.4058
v 187.0000 10.5442 -57.0000
v 184.4058 10.5442 -60.0374
v 182.3187 10.5442 -63.4433
v 180.7901 10.5442 -67.1337
v 179.8576 10.5442 -71.0178
v 179.5442 10.5442 -75.0000
v 179.8576 10.5442 -78.9822
v 180.7901 10.5442 -82.8663
v 182.3187 10.5442 -86.5567
v 184.4058 10.5442 -89.9626
v 187.0000 10.5442 -93.0000
v 190.0374 10.5442 -95.5942
v 193.4433 10.5442 -97.6813
v 197.1337 10.5442 -99.2099
v 201.0178 10.5442 -100.1424
v 205.0000 10.5442 -100.4558
v 208.9822 10.5442 -100.1424
v 212.8663 10.5442 -99.2099
v 216.5567 10.5442 -97.6813
v 219.9626 10.5442 -95.5942
v 223.0000 10.5442 -93.0000
v 225.5942 10.5442 -89.9626
v 227.6813 10.5442 -86.5567
v 229.2099 10.5442 -82.8663
v 230.1424 10.5442 -78.9822
v 225.8998 6.8754 -71.6898
v 226.1603 6.8754 -75.0000
v 225.1246 6.8754 -68.4611
v 223.8539 6.8754 -65.3934
v 222.1190 6.8754 -62.5623
v 219.9626 6.8754 -60.0374
v 217.4377 6.8754 -57.8810
v 214.6066 6.8754 -56.1461
v 211.5389 6.8754 -54.8754
v 208.3102 6.8754 -54.1002
v 205.0000 6.8754 -53.8397
v 201.6898 6.8754 -54.1002
v 198.4611 6.8754 -54.8754
v 195.3934 6.8754 -56.1461
v 192.5623 6.8754 -57.8810
v 190.0374 6.8754 -60.0374
v 187.8810 6.8754 -62.5623
v 186.1461 6.8754 -65.3934
v 184.8754 6.8754 -68.4611
v 184.1002 6.8754 -71.6898
v 183.8397 6.8754 -75.0000
v 184.1002 6.8754 -78.3102
v 184.8754 6.8754 -81.5389
v 186.1461 6.8754 -84.6066
v 187.8810 6.8754 -87.4377
v 190.0374 6.8754 -89.9626
v 192.5623 6.8754 -92.1190
v 195.3934 6.8754 -93.8539
v 198.4611 6.8754 -95.1246
v 201.6898 6.8754 -95.8998
v 205.0000 6.8754 -96.1603
v 208.3102 6.8754 -95.8998
v 211.5389 6.8754 -95.1246
v 214.6066 6.8754 -93.8539
v 217.4377 6.8754 -92.1190
v 219.9626 6.8754 -89.9626
v 222.1190 6.8754 -87.4377
v 223.8539 6.8754 -84.6066
v 225.1246 6.8754 -81.5389
v 225.8998 6.8754 -78.3102
v 221.1424 3.9238 -72.4433
v 221.3437 3.9238 -75.0000
v 220.5437 3.9238 -69.9495
v 219.5623 3.9238 -67.5801
v 218.2223 3.9238 -65.3934
v 216.5567 3.9238 -63.4433
v 214.6066 3.9238 -61.7777
v 212.4199 3.9238 -60.4377
v 210.0505 3.9238 -59.4563
v 207.5567 3.9238 -58.8576
v 205.0000 3.9238 -58.6563
v 202.4433 3.9238 -58.8576
v 199.9495 3.9238 -59.4563
v 197.5801 3.9238 -60.4377
v 195.3934 3.9238 -61.7777
v 193.4433 3.9238 -63.4433
v 191.7777 3.9238 -65.3934
v 190.4377 3.9238 -67.5801
v 189.4563 3.9238 -69.9495
v 188.8576 3.9238 -72.4433
v 188.6563 3.9238 -75.0000
v 188.8576 3.9238 -77.5567
v 189.4563 3.9238 -80.0505
v 190.4377 3.9238 -82.4199
v 191.7777 3.9238 -84.6066
v 193.4433 3.9238 -86.5567
v 195.3934 3.9238 -88.2223
v 197.5801 3.9238 -89.5623
v 199.9495 3.9238 -90.5437
v 202.4433 3.9238 -91.1424
v 205.0000 3.9238 -91.3437
v 207.5567 3.9238 -91.1424
v 210.0505 3.9238 -90.5437
v 212.4199 3.9238 -89.5623
v 214.6066 3.9238 -88.2223
v 216.5567 3.9238 -86.5567
v 218.2223 3.9238 -84.6066
v 219.5623 3.9238 -82.4199
v 220.5437 3.9238 -80.0505
v 221.1424 3.9238 -77.5567
v 215.9876 1.7620 -73.2597
v 216.1246 1.7620 -75.0000
v 215.5801 1.7620 -71.5623
v 214.9121 1.7620 -69.9495
v 214.0000 1.7620 -68.4611
v 212.8663 1.7620 -67.1337
v 211.5389 1.7620 -66.0000
v 210.0505 1.7620 -65.0879
v 208.4377 1.7620 -64.4199
v 206.7403 1.7620 -64.0124
v 205.0000 1.7620 -63.8754
v 203.2597 1.7620 -64.0124
v 201.5623 1.7620 -64.4199
v 199.9495 1.7620 -65.0879
v 198.4611 1.7620 -66.0000
v 197.1337 1.7620 -67.1337
v 196.0000 1.7620 -68.4611
v 195.0879 1.7620 -69.9495
v 194.4199 1.7620 -71.5623
v 194.0124 1.7620 -73.2597
v 193.8754 1.7620 -75.0000
v 194.0124 1.7620 -76.7403
v 194.4199 1.7620 -78.4377
v 195.0879 1.7620 -80.0505
v 196.0000 1.7620 -81.5389
v 197.1337 1.7620 -82.8663
v 198.4611 1.7620 -84.0000
v 199.9495 1.7620 -84.9121
v 201.5623 1.7620 -85.5801
v 203.2597 1.7620 -85.9876
v 205.0000 1.7620 -86.1246
v 206.7403 1.7620 -85.9876
v 208.4377 1.7620 -85.5801
v 210.0505 1.7620 -84.9121
v 211.5389 1.7620 -84.0000
v 212.8663 1.7620 -82.8663
v 214.0000 1.7620 -81.5389
v 214.9121 1.7620 -80.0505
v 215.5801 1.7620 -78.4377
v 215.9876 1.7620 -76.7403
v 210.5623 0.4432 -74.1190
v 210.6316 0.4432 -75.0000
v 210.3560 0.4432 -73.2597
v 210.0178 0.4432 -72.4433
v 209.5561 0.4432 -71.6898
v 208.9822 0.4432 -71.0178
v 208.3102 0.4432 -70.4439
v 207.5567 0.4432 -69.9822
v 206.7403 0.4432 -69.6440
v 205.8810 0.4432 -69.4377
v 205.0000 0.4432 -69.3684
v 204.1190 0.4432 -69.4377
v 203.2597 0.4432 -69.6440
v 202.4433 0.4432 -69.9822
v 201.6898 0.4432 -70.4439
v 201.0178 0.4432 -71.0178
v 200.4439 0.4432 -71.6898
v 199.9822 0.4432 -72.4433
v 199.6440 0.4432 -73.2597
v 199.4377 0.4432 -74.1190
v 199.3684 0.4432 -75.0000
v 199.4377 0.4432 -75.8810
v 199.6440 0.4432 -76.7403
v 199.9822 0.4432 -77.5567
v 200.4439 0.4432 -78.3102
v 201.0178 0.4432 -78.9822
v 201.6898 0.4432 -79.5561
v 202.4433 0.4432 -80.0178
v 203.2597 0.4432 -80.3560
v 204.1190 0.4432 -80.5623
v 205.0000 0.4432 -80.6316
v 205.8810 0.4432 -80.5623
v 206.7403 0.4432 -80.3560
v 207.5567 0.4432 -80.0178
v 208.3102 0.4432 -79.5561
v 208.9822 0.4432 -78.9822
v 209.5561 0.4432 -78.3102
v 210.0178 0.4432 -77.5567
v 210.3560 0.4432 -76.7403
v 210.5623 0.4432 -75.8810
v 205.0000 0.0000 -75.0000
v 12.0000 21.0000 -120.0000
v 11.4735 25.6729 -120.0000
v 10.9298 25.6729 -110.3180
v 11.4530 21.0000 -110.2591
v 9.9203 30.1116 -120.0000
v 9.3864 30.1116 -110.4919
v 7.4185 34.0933 -120.0000
v 6.9002 34.0933 -110.7721
v 4.0933 37.4185 -120.0000
v 3.5960 37.4185 -111.1444
v 0.1116 39.9203 -120.0000
v -0.3607 39.9203 -111.5902
v -4.3271 41.4735 -120.0000
v -4.7714 41.4735 -112.0871
v -9.0000 42.0000 -120.0000
v -9.4150 42.0000 -112.6103
v -13.6729 41.4735 -120.0000
v -14.0586 41.4735 -113.1335
v -18.1116 39.9203 -120.0000
v -18.4693 39.9203 -113.6305
v -22.0933 37.4185 -120.0000
v -22.4260 37.4185 -114.0763
v -25.4185 34.0933 -120.0000
v -25.7302 34.0933 -114.4486
v -27.9203 30.1116 -120.0000
v -28.2164 30.1116 -114.7288
v -29.4735 25.6729 -120.0000
v -29.7597 25.6729 -114.9026
v -30.0000 21.0000 -120.0000
v -30.2830 21.0000 -114.9616
v -29.4735 16.3271 -120.0000
v -29.7597 16.3271 -114.9026
v -27.9203 11.8884 -120.0000
v -28.2164 11.8884 -114.7288
v -25.4185 7.9067 -120.0000
v -25.7302 7.9067 -114.4486
v -22.0933 4.5815 -120.0000
v -22.4260 4.5815 -114.0763
v -18.1116 2.0797 -120.0000
v -18.4693 2.0797 -113.6305
v -13.6729 0.5265 -120.0000
v -14.0586 0.5265 -113.1335
v -9.0000 0.0000 -120.0000
v -9.4150 0.0000 -112.6103
v -4.3271 0.5265 -120.0000
v -4.7714 0.5265 -112.0871
v 0.1116 2.0797 -120.0000
v -0.3607 2.0797 -111.5902
v 4.0933 4.5815 -120.0000
v 3.5960 4.5815 -111.1444
v 7.4185 7.9067 -120.0000
v 6.9002 7.9067 -110.7721
v 9.9203 11.8884 -120.0000
v 9.3864 11.8884 -110.4919
v 11.4735 16.3271 -120.0000
v 10.9298 16.3271 -110.3180
v 9.3054 25.6729 -100.7578
v 9.8187 21.0000 -100.6407
v 7.7912 30.1116 -101.1034
v 5.3521 34.0933 -101.6602
v 2.1103 37.4185 -102.4001
v -1.7716 39.9203 -103.2861
v -6.0990 41.4735 -104.2738
v -10.6548 42.0000 -105.3136
v -15.2105 41.4735 -106.3534
v -19.5379 39.9203 -107.3411
v -23.4198 37.4185 -108.2271
v -26.6616 34.0933 -108.9671
v -29.1007 30.1116 -109.5238
v -30.6149 25.6729 -109.8694
v -31.1282 21.0000 -109.9866
v -30.6149 16.3271 -109.8694
v -29.1007 11.8884 -109.5238
v -26.6616 7.9067 -108.9671
v -23.4198 4.5815 -108.2271
v -19.5379 2.0797 -107.3411
v -15.2105 0.5265 -106.3534
v -10.6548 0.0000 -105.3136
v -6.0990 0.5265 -104.2738
v -1.7716 2.0797 -103.2861
v 2.1103 4.5815 -102.4001
v 5.3521 7.9067 -101.6602
v 7.7912 11.8884 -101.1034
v 9.3054 16.3271 -100.7578
v 6.6209 25.6729 -91.4396
v 7.1178 21.0000 -91.2657
v 5.1549 30.1116 -91.9526
v 2.7934 34.0933 -92.7789
v -0.3452 37.4185 -93.8771
v -4.1035 39.9203 -95.1922
v -8.2930 41.4735 -96.6582
v -12.7037 42.0000 -98.2016
v -17.1144 41.4735 -99.7450
v -21.3039 39.9203 -101.2109
v -25.0622 37.4185 -102.5260
v -28.2008 34.0933 -103.6243
v -30.5623 30.1116 -104.4506
v -32.0283 25.6729 -104.9635
v -32.5253 21.0000 -105.1374
v -32.0283 16.3271 -104.9635
v -30.5623 11.8884 -104.4506
v -28.2008 7.9067 -103.6243
v -25.0622 4.5815 -102.5260
v -21.3039 2.0797 -101.2109
v -17.1144 0.5265 -99.7450
v -12.7037 0.0000 -98.2016
v -8.2930 0.5265 -96.6582
v -4.1035 2.0797 -95.1922
v -0.3452 4.5815 -93.8771
v 2.7934 7.9067 -92.7789
v 5.1549 11.8884 -91.9526
v 6.6209 16.3271 -91.4396
v 2.9099 25.6729 -82.4806
v 3.3843 21.0000 -82.2521
v 1.5106 30.1116 -83.1544
v -0.7435 34.0933 -84.2400
v -3.7394 37.4185 -85.6827
v -7.3268 39.9203 -87.4103
v -11.3259 41.4735 -89.3362
v -15.5361 42.0000 -91.3637
v -19.7462 41.4735 -93.3912
v -23.7453 39.9203 -95.3170
v -27.3327 37.4185 -97.0446
v -30.3286 34.0933 -98.4874
v -32.5827 30.1116 -99.5729
v -33.9820 25.6729 -100.2468
v -34.4564 21.0000 -100.4752
v -33.9820 16.3271 -100.2468
v -32.5827 11.8884 -99.5729
v -30.3286 7.9067 -98.4874
v -27.3327 4.5815 -97.0446
v -23.7453 2.0797 -95.3170
v -19.7462 0.5265 -93.3912
v -15.5361 0.0000 -91.3637
v -11.3259 0.5265 -89.3362
v -7.3268 2.0797 -87.4103
v -3.7394 4.5815 -85.6827
v -0.7435 7.9067 -84.2400
v 1.5106 11.8884 -83.1544
v 2.9099 16.3271 -82.4806
v -1.7808 25.6729 -73.9933
v -1.3350 21.0000 -73.7132
v -3.0959 30.1116 -74.8197
v -5.2143 34.0933 -76.1507
v -8.0298 37.4185 -77.9198
v -11.4012 39.9203 -80.0382
v -15.1595 41.4735 -82.3997
v -19.1162 42.0000 -84.8859
v -23.0729 41.4735 -87.3720
v -26.8312 39.9203 -89.7335
v -30.2026 37.4185 -91.8519
v -33.0181 34.0933 -93.6210
v -35.1365 30.1116 -94.9521
v -36.4516 25.6729 -95.7784
v -36.8974 21.0000 -96.0586
v -36.4516 16.3271 -95.7784
v -35.1365 11.8884 -94.9521
v -33.0181 7.9067 -93.6210
v -30.2026 4.5815 -91.8519
v -26.8312 2.0797 -89.7335
v -23.0729 0.5265 -87.3720
v -19.1162 0.0000 -84.8859
v -15.1595 0.5265 -82.3997
v -11.4012 2.0797 -80.0382
v -8.0298 4.5815 -77.9198
v -5.2143 7.9067 -76.1507
v -3.0959 11.8884 -74.8197
v -1.7808 16.3271 -73.9933
v -7.3923 25.6729 -66.0847
v -6.9807 21.0000 -65.7564
v -8.6066 30.1116 -67.0530
v -10.5627 34.0933 -68.6129
v -13.1624 37.4185 -70.6861
v -16.2754 39.9203 -73.1687
v -19.7457 41.4735 -75.9361
v -23.3991 42.0000 -78.8497
v -27.0526 41.4735 -81.7632
v -30.5228 39.9203 -84.5306
v -33.6359 37.4185 -87.0132
v -36.2356 34.0933 -89.0864
v -38.1916 30.1116 -90.6463
v -39.4059 25.6729 -91.6147
v -39.8176 21.0000 -91.9430
v -39.4059 16.3271 -91.6147
v -38.1916 11.8884 -90.6463
v -36.2356 7.9067 -89.0864
v -33.6359 4.5815 -87.0132
v -30.5228 2.0797 -84.5306
v -27.0526 0.5265 -81.7632
v -23.3991 0.0000 -78.8497
v -19.7457 0.5265 -75.9361
v -16.2754 2.0797 -73.1687
v -13.1624 4.5815 -70.6861
v -10.5627 7.9067 -68.6129
v -8.6066 11.8884 -67.0530
v -7.3923 16.3271 -66.0847
v -13.8540 25.6729 -58.8540
v -13.4817 21.0000 -58.4817
v -14.9522 30.1116 -59.9522
v -16.7213 34.0933 -61.7213
v -19.0726 37.4185 -64.0726
v -21.8881 39.9203 -66.8881
v -25.0267 41.4735 -70.0267
v -28.3310 42.0000 -73.3310
v -31.6352 41.4735 -76.6352
v -34.7738 39.9203 -79.7738
v -37.5893 37.4185 -82.5893
v -39.9406 34.0933 -84.9406
v -41.7097 30.1116 -86.7097
v -42.8079 25.6729 -87.8079
v -43.1802 21.0000 -88.1802
v -42.8079 16.3271 -87.8079
v -41.7097 11.8884 -86.7097
v -39.9406 7.9067 -84.9406
v -37.5893 4.5815 -82.5893
v -34.7738 2.0797 -79.7738
v -31.6352 0.5265 -76.6352
v -28.3310 0.0000 -73.3310
v -25.0267 0.5265 -70.0267
v -21.8881 2.0797 -66.8881
v -19.0726 4.5815 -64.0726
v -16.7213 7.9067 -61.7213
v -14.9522 11.8884 -59.9522
v -13.8540 16.3271 -58.8540
v -21.0847 25.6729 -52.3923
v -20.7564 21.0000 -51.9807
v -22.0530 30.1116 -53.6066
v -23.6129 34.0933 -55.5627
v -25.6861 37.4185 -58.1624
v -28.1687 39.9203 -61.2754
v -30.9361 41.4735 -64.7457
v -33.8497 42.0000 -68.3991
v -36.7632 41.4735 -72.0526
v -39.5306 39.9203 -75.5228
v -42.0132 37.4185 -78.6359
v -44.0864 34.0933 -81.2356
v -45.6463 30.1116 -83.1916
v -46.6147 25.6729 -84.4059
v -46.9430 21.0000 -84.8176
v -46.6147 16.3271 -84.4059
v -45.6463 11.8884 -83.1916
v -44.0864 7.9067 -81.2356
v -42.0132 4.5815 -78.6359
v -39.5306 2.0797 -75.5228
v -36.7632 0.5265 -72.0526
v -33.8497 0.0000 -68.3991
v -30.9361 0.5265 -64.7457
v -28.1687 2.0797 -61.2754
v -25.6861 4.5815 -58.1624
v -23.6129 7.9067 -55.5627
v -22.0530 11.8884 -53.6066
v -21.0847 16.3271 -52.3923
v -28.9933 25.6729 -46.7808
v -28.7132 21.0000 -46.3350
v -29.8197 30.1116 -48.0959
v -31.1507 34.0933 -50.2143
v -32.9198 37.4185 -53.0298
v -35.0382 39.9203 -56.4012
v -37.3997 41.4735 -60.1595
v -39.8859 42.0000 -64.1162
v -42.3720 41.4735 -68.0729
v -44.7335 39.9203 -71.8312
v -46.8519 37.4185 -75.2026
v -48.6210 34.0933 -78.0181
v -49.9521 30.1116 -80.1365
v -50.7784 25.6729 -81.4516
v -51.0586 21.0000 -81.8974
v -50.7784 16.3271 -81.4516
v -49.9521 11.8884 -80.1365
v -48.6210 7.9067 -78.0181
v -46.8519 4.5815 -75.2026
v -44.7335 2.0797 -71.8312
v -42.3720 0.5265 -68.0729
v -39.8859 0.0000 -64.1162
v -37.3997 0.5265 -60.1595
v -35.0382 2.0797 -56.4012
v -32.9198 4.5815 -53.0298
v -31.1507 7.9067 -50.2143
v -29.8197 11.8884 -48.0959
v -28.9933 16.3271 -46.7808
v -37.4806 25.6729 -42.0901
v -37.2521 21.0000 -41.6157
v -38.1544 30.1116 -43.4894
v -39.2400 34.0933 -45.7435
v -40.6827 37.4185 -48.7394
v -42.4103 39.9203 -52.3268
v -44.3362 41.4735 -56.3259
v -46.3637 42.0000 -60.5361
v -48.3912 41.4735 -64.7462
v -50.3170 39.9203 -68.7453
v -52.0446 37.4185 -72.3327
v -53.4874 34.0933 -75.3286
v -54.5729 30.1116 -77.5827
v -55.2468 25.6729 -78.9820
v -55.4752 21.0000 -79.4564
v -55.2468 16.3271 -78.9820
v -54.5729 11.8884 -77.5827
v -53.4874 7.9067 -75.3286
v -52.0446 4.5815 -72.3327
v -50.3170 2.0797 -68.7453
v -48.3912 0.5265 -64.7462
v -46.3637 0.0000 -60.5361
v -44.3362 0.5265 -56.3259
v -42.4103 2.0797 -52.3268
v -40.6827 4.5815 -48.7394
v -39.2400 7.9067 -45.7435
v -38.1544 11.8884 -43.4894
v -37.4806 16.3271 -42.0901
v -46.4396 25.6729 -38.3791
v -46.2657 21.0000 -37.8822
v -46.9526 30.1116 -39.8451
v -47.7789 34.0933 -42.2066
v -48.8771 37.4185 -45.3452
v -50.1922 39.9203 -49.1035
v -51.6582 41.4735 -53.2930
v -53.2016 42.0000 -57.7037
v -54.7450 41.4735 -62.1144
v -56.2109 39.9203 -66.3039
v -57.5260 37.4185 -70.0622
v -58.6243 34.0933 -73.2008
v -59.4506 30.1116 -75.5623
v -59.9635 25.6729 -77.0283
v -60.1374 21.0000 -77.5253
v -59.9635 16.3271 -77.0283
v -59.4506 11.8884 -75.5623
v -58.6243 7.9067 -73.2008
v -57.5260 4.5815 -70.0622
v -56.2109 2.0797 -66.3039
v -54.7450 0.5265 -62.1144
v -53.2016 0.0000 -57.7037
v -51.6582 0.5265 -53.2930
v -50.1922 2.0797 -49.1035
v -48.8771 4.5815 -45.3452
v -47.7789 7.9067 -42.2066
v -46.9526 11.8884 -39.8451
v -46.4396 16.3271 -38.3791
v -55.7578 25.6729 -35.6946
v -55.6407 21.0000 -35.1813
v -56.1034 30.1116 -37.2088
v -56.6602 34.0933 -39.6479
v -57.4001 37.4185 -42.8897
v -58.2861 39.9203 -46.7716
v -59.2738 41.4735 -51.0990
v -60.3136 42.0000 -55.6548
v -61.3534 41.4735 -60.2105
v -62.3411 39.9203 -64.5379
v -63.2271 37.4185 -68.4198
v -63.9671 34.0933 -71.6616
v -64.5238 30.1116 -74.1007
v -64.8694 25.6729 -75.6149
v -64.9866 21.0000 -76.1282
v -64.8694 16.3271 -75.6149
v -64.5238 11.8884 -74.1007
v -63.9671 7.9067 -71.6616
v -63.2271 4.5815 -68.4198
v -62.3411 2.0797 -64.5379
v -61.3534 0.5265 -60.2105
v -60.3136 0.0000 -55.6548
v -59.2738 0.5265 -51.0990
v -58.2861 2.0797 -46.7716
v -57.4001 4.5815 -42.8897
v -56.6602 7.9067 -39.6479
v -56.1034 11.8884 -37.2088
v -55.7578 16.3271 -35.6946
v -65.3180 25.6729 -34.0702
v -65.2591 21.0000 -33.5470
v -65.4919 30.1116 -35.6136
v -65.7721 34.0933 -38.0998
v -66.1444 37.4185 -41.4040
v -66.5902 39.9203 -45.3607
v -67.0871 41.4735 -49.7714
v -67.6103 42.0000 -54.4150
v -68.1335 41.4735 -59.0586
v -68.6305 39.9203 -63.4693
v -69.0763 37.4185 -67.4260
v -69.4486 34.0933 -70.7302
v -69.7288 30.1116 -73.2164
v -69.9026 25.6729 -74.7597
v -69.9616 21.0000 -75.2830
v -69.9026 16.3271 -74.7597
v -69.7288 11.8884 -73.2164
v -69.4486 7.9067 -70.7302
v -69.0763 4.5815 -67.4260
v -68.6305 2.0797 -63.4693
v -68.1335 0.5265 -59.0586
v -67.6103 0.0000 -54.4150
v -67.0871 0.5265 -49.7714
v -66.5902 2.0797 -45.3607
v -66.1444 4.5815 -41.4040
v -65.7721 7.9067 -38.0998
v -65.4919 11.8884 -35.6136
v -65.3180 16.3271 -34.0702
v -75.0000 25.6729 -33.5265
v -75.0000 21.0000 -33.0000
v -75.0000 30.1116 -35.0797
v -75.0000 34.0933 -37.5815
v -75.0000 37.4185 -40.9067
v -75.0000 39.9203 -44.8884
v -75.0000 41.4735 -49.3271
v -75.0000 42.0000 -54.0000
v -75.0000 41.4735 -58.6729
v -75.0000 39.9203 -63.1116
v -75.0000 37.4185 -67.0933
v -75.0000 34.0933 -70.4185
v -75.0000 30.1116 -72.9203
v -75.0000 25.6729 -74.4735
v -75.0000 21.0000 -75.0000
v -75.0000 16.3271 -74.4735
v -75.0000 11.8884 -72.9203
v -75.0000 7.9067 -70.4185
v -75.0000 4.5815 -67.0933
v -75.0000 2.0797 -63.1116
v -75.0000 0.5265 -58.6729
v -75.0000 0.0000 -54.0000
v -75.0000 0.5265 -49.3271
v -75.0000 2.0797 -44.8884
v -75.0000 4.5815 -40.9067
v -75.0000 7.9067 -37.5815
v -75.0000 11.8884 -35.0797
v -75.0000 16.3271 -33.5265
v -84.6820 25.6729 -34.0702
v -84.7409 21.0000 -33.5470
v -84.5081 30.1116 -35.6136
v -84.2279 34.0933 -38.0998
v -83.8556 37.4185 -41.4040
v -83.4098 39.9203 -45.3607
v -82.9129 41.4735 -49.7714
v -82.3897 42.0000 -54.4150
v -81.8665 41.4735 -59.0586
v -81.3695 39.9203 -63.4693
v -80.9237 37.4185 -67.4260
v -80.5514 34.0933 -70.7302
v -80.2712 30.1116 -73.2164
v -80.0974 25.6729 -74.7597
v -80.0384 21.0000 -75.2830
v -80.0974 16.3271 -74.7597
v -80.2712 11.8884 -73.2164
v -80.5514 7.9067 -70.7302
v -80.9237 4.5815 -67.4260
v -81.3695 2.0797 -63.4693
v -81.8665 0.5265 -59.0586
v -82.3897 0.0000 -54.4150
v -82.9129 0.5265 -49.7714
v -83.4098 2.0797 -45.3607
v -83.8556 4.5815 -41.4040
v -84.2279 7.9067 -38.0998
v -84.5081 11.8884 -35.6136
v -84.6820 16.3271 -34.0702
v -94.2422 25.6729 -35.6946
v -94.3593 21.0000 -35.1813
v -93.8966 30.1116 -37.2088
v -93.3398 34.0933 -39.6479
v -92.5999 37.4185 -42.8897
v -91.7139 39.9203 -46.7716
v -90.7262 41.4735 -51.0990
v -89.6864 42.0000 -55.6548
v -88.6466 41.4735 -60.2105
v -87.6589 39.9203 -64.5379
v -86.7729 37.4185 -68.4198
v -86.0329 34.0933 -71.6616
v -85.4762 30.1116 -74.1007
v -85.1306 25.6729 -75.6149
v -85.0134 21.0000 -76.1282
v -85.1306 16.3271 -75.6149
v -85.4762 11.8884 -74.1007
v -86.0329 7.9067 -71.6616
v -86.7729 4.5815 -68.4198
v -87.6589 2.0797 -64.5379
v -88.6466 0.5265 -60.2105
v -89.6864 0.0000 -55.6548
v -90.7262 0.5265 -51.0990
v -91.7139 2.0797 -46.7716
v -92.5999 4.5815 -42.8897
v -93.3398 7.9067 -39.6479
v -93.8966 11.8884 -37.2088
v -94.2422 16.3271 -35.6946
v -103.5604 25.6729 -38.3791
v -103.7343 21.0000 -37.8822
v -103.0474 30.1116 -39.8451
v -102.2211 34.0933 -42.2066
v -101.1229 37.4185 -45.3452
v -99.8078 39.9203 -49.1035
v -98.3418 41.4735 -53.2930
v -96.7984 42.0000 -57.7037
v -95.2550 41.4735 -62.1144
v -93.7891 39.9203 -66.3039
v -92.4740 37.4185 -70.0622
v -91.3757 34.0933 -73.2008
v -90.5494 30.1116 -75.5623
v -90.0365 25.6729 -77.0283
v -89.8626 21.0000 -77.5253
v -90.0365 16.3271 -77.0283
v -90.5494 11.8884 -75.5623
v -91.3757 7.9067 -73.2008
v -92.4740 4.5815 -70.0622
v -93.7891 2.0797 -66.3039
v -95.2550 0.5265 -62.1144
v -96.7984 0.0000 -57.7037
v -98.3418 0.5265 -53.2930
v -99.8078 2.0797 -49.1035
v -101.1229 4.5815 -45.3452
v -102.2211 7.9067 -42.2066
v -103.0474 11.8884 -39.8451
v -103.5604 16.3271 -38.3791
v -112.5194 25.6729 -42.0901
v -112.7479 21.0000 -41.6157
v -111.8456 30.1116 -43.4894
v -110.7600 34.0933 -45.7435
v -109.3173 37.4185 -48.7394
v -107.5897 39.9203 -52.3268
v -105.6638 41.4735 -56.3259
v -103.6363 42.0000 -60.5361
v -101.6088 41.4735 -64.7462
v -99.6830 39.9203 -68.7453
v -97.9554 37.4185 -72.3327
v -96.5126 34.0933 -75.3286
v -95.4271 30.1116 -77.5827
v -94.7532 25.6729 -78.9820
v -94.5248 21.0000 -79.4564
v -94.7532 16.3271 -78.9820
v -95.4271 11.8884 -77.5827
v -96.5126 7.9067 -75.3286
v -97.9554 4.5815 -72.3327
v -99.6830 2.0797 -68.7453
v -101.6088 0.5265 -64.7462
v -103.6363 0.0000 -60.5361
v -105.6638 0.5265 -56.3259
v -107.5897 2.0797 -52.3268
v -109.3173 4.5815 -48.7394
v -110.7600 7.9067 -45.7435
v -111.8456 11.8884 -43.4894
v -112.5194 16.3271 -42.0901
v -121.0067 25.6729 -46.7808
v -121.2868 21.0000 -46.3350
v -120.1803 30.1116 -48.0959
v -118.8493 34.0933 -50.2143
v -117.0802 37.4185 -53.0298
v -114.9618 39.9203 -56.4012
v -112.6003 41.4735 -60.1595
v -110.1141 42.0000 -64.1162
v -107.6280 41.4735 -68.0729
v -105.2665 39.9203 -71.8312
v -103.1481 37.4185 -75.2026
v -101.3790 34.0933 -78.0181
v -100.0479 30.1116 -80.1365
v -99.2216 25.6729 -81.4516
v -98.9414 21.0000 -81.8974
v -99.2216 16.3271 -81.4516
v -100.0479 11.8884 -80.1365
v -101.3790 7.9067 -78.0181
v -103.1481 4.5815 -75.2026
v -105.2665 2.0797 -71.8312
v -107.6280 0.5265 -68.0729
v -110.1141 0.0000 -64.1162
v -112.6003 0.5265 -60.1595
v -114.9618 2.0797 -56.4012
v -117.0802 4.5815 -53.0298
v -118.8493 7.9067 -50.2143
v -120.1803 11.8884 -48.0959
v -121.0067 16.3271 -46.7808
v -128.9153 25.6729 -52.3923
v -129.2436 21.0000 -51.9807
v -127.9470 30.1116 -53.6066
v -126.3871 34.0933 -55.5627
v -124.3139 37.4185 -58.1624
v -121.8313 39.9203 -61.2754
v -119.0639 41.4735 -64.7457
v -116.1503 42.0000 -68.3991
v -113.2368 41.4735 -72.0526
v -110.4694 39.9203 -75.5228
v -107.9868 37.4185 -78.6359
v -105.9136 34.0933 -81.2356
v -104.3537 30.1116 -83.1916
v -103.3853 25.6729 -84.4059
v -103.0570 21.0000 -84.8176
v -103.3853 16.3271 -84.4059
v -104.3537 11.8884 -83.1916
v -105.9136 7.9067 -81.2356
v -107.9868 4.5815 -78.6359
v -110.4694 2.0797 -75.5228
v -113.2368 0.5265 -72.0526
v -116.1503 0.0000 -68.3991
v -119.0639 0.5265 -64.7457
v -121.8313 2.0797 -61.2754
v -124.3139 4.5815 -58.1624
v -126.3871 7.9067 -55.5627
v -127.9470 11.8884 -53.6066
v -128.9153 16.3271 -52.3923
v -136.1460 25.6729 -58.8540
v -136.5183 21.0000 -58.4817
v -135.0478 30.1116 -59.9522
v -133.2787 34.0933 -61.7213
v -130.9274 37.4185 -64.0726
v -128.1119 39.9203 -66.8881
v -124.9733 41.4735 -70.0267
v -121.6690 42.0000 -73.3310
v -118.3648 41.4735 -76.6352
v -115.2262 39.9203 -79.7738
v -112.4107 37.4185 -82.5893
v -110.0594 34.0933 -84.9406
v -108.2903 30.1116 -86.7097
v -107.1921 25.6729 -87.8079
v -106.8198 21.0000 -88.1802
v -107.1921 16.3271 -87.8079
v -108.2903 11.8884 -86.7097
v -110.0594 7.9067 -84.9406
v -112.4107 4.5815 -82.5893
v -115.2262 2.0797 -79.7738
v -118.3648 0.5265 -76.6352
v -121.6690 0.0000 -73.3310
v -124.9733 0.5265 -70.0267
v -128.1119 2.0797 -66.8881
v -130.9274 4.5815 -64.0726
v -133.2787 7.9067 -61.7213
v -135.0478 11.8884 -59.9522
v -136.1460 16.3271 -58.8540
v -142.6077 25.6729 -66.0847
v -143.0193 21.0000 -65.7564
v -141.3934 30.1116 -67.0530
v -139.4373 34.0933 -68.6129
v -136.8376 37.4185 -70.6861
v -133.7246 39.9203 -73.1687
v -130.2543 41.4735 -75.9361
v -126.6009 42.0000 -78.8497
v -122.9474 41.4735 -81.7632
v -119.4772 39.9203 -84.5306
v -116.3641 37.4185 -87.0132
v -113.7644 34.0933 -89.0864
v -111.8084 30.1116 -90.6463
v -110.5941 25.6729 -91.6147
v -110.1824 21.0000 -91.9430
v -110.5941 16.3271 -91.6147
v -111.8084 11.8884 -90.6463
v -113.7644 7.9067 -89.0864
v -116.3641 4.5815 -87.0132
v -119.4772 2.0797 -84.5306
v -122.9474 0.5265 -81.7632
v -126.6009 0.0000 -78.8497
v -130.2543 0.5265 -75.9361
v -133.7246 2.0797 -73.1687
v -136.8376 4.5815 -70.6861
v -139.4373 7.9067 -68.6129
v -141.3934 11.8884 -67.0530
v -142.6077 16.3271 -66.0847
v -148.2192 25.6729 -73.9933
v -148.6650 21.0000 -73.7132
v -146.9041 30.1116 -74.8197
v -144.7857 34.0933 -76.1507
v -141.9702 37.4185 -77.9198
v -138.5988 39.9203 -80.0382
v -134.8405 41.4735 -82.3997
v -130.8838 42.0000 -84.8859
v -126.9271 41.4735 -87.3720
v -123.1688 39.9203 -89.7335
v -119.7974 37.4185 -91.8519
v -116.9819 34.0933 -93.6210
v -114.8635 30.1116 -94.9521
v -113.5484 25.6729 -95.7784
v -113.1026 21.0000 -96.0586
v -113.5484 16.3271 -95.7784
v -114.8635 11.8884 -94.9521
v -116.9819 7.9067 -93.6210
v -119.7974 4.5815 -91.8519
v -123.1688 2.0797 -89.7335
v -126.9271 0.5265 -87.3720
v -130.8838 0.0000 -84.8859
v -134.8405 0.5265 -82.3997
v -138.5988 2.0797 -80.0382
v -141.9702 4.5815 -77.9198
v -144.7857 7.9067 -76.1507
v -146.9041 11.8884 -74.8197
v -148.2192 16.3271 -73.9933
v -152.9099 25.6729 -82.4806
v -153.3843 21.0000 -82.2521
v -151.5106 30.1116 -83.1544
v -149.2565 34.0933 -84.2400
v -146.2606 37.4185 -85.6827
v -142.6732 39.9203 -87.4103
v -138.6741 41.4735 -89.3362
v -134.4639 42.0000 -91.3637
v -130.2538 41.4735 -93.3912
v -126.2547 39.9203 -95.3170
v -122.6673 37.4185 -97.0446
v -119.6714 34.0933 -98.4874
v -117.4173 30.1116 -99.5729
v -116.0180 25.6729 -100.2468
v -115.5436 21.0000 -100.4752
v -116.0180 16.3271 -100.2468
v -117.4173 11.8884 -99.5729
v -119.6714 7.9067 -98.4874
v -122.6673 4.5815 -97.0446
v -126.2547 2.0797 -95.3170
v -130.2538 0.5265 -93.3912
v -134.4639 0.0000 -91.3637
v -138.6741 0.5265 -89.3362
v -142.6732 2.0797 -87.4103
v -146.2606 4.5815 -85.6827
v -149.2565 7.9067 -84.2400
v -151.5106 11.8884 -83.1544
v -152.9099 16.3271 -82.4806
v -156.6209 25.6729 -91.4396
v -157.1178 21.0000 -91.2657
v -155.1549 30.1116 -91.9526
v -152.7934 34.0933 -92.7789
v -149.6548 37.4185 -93.8771
v -145.8965 39.9203 -95.1922
v -141.7070 41.4735 -96.6582
v -137.2963 42.0000 -98.2016
v -132.8856 41.4735 -99.7450
v -128.6961 39.9203 -101.2109
v -124.9378 37.4185 -102.5260
v -121.7992 34.0933 -103.6243
v -119.4377 30.1116 -104.4506
v -117.9717 25.6729 -104.9635
v -117.4747 21.0000 -105.1374
v -117.9717 16.3271 -104.9635
v -119.4377 11.8884 -104.4506
v -121.7992 7.9067 -103.6243
v -124.9378 4.5815 -102.5260
v -128.6961 2.0797 -101.2109
v -132.8856 0.5265 -99.7450
v -137.2963 0.0000 -98.2016
v -141.7070 0.5265 -96.6582
v -145.8965 2.0797 -95.1922
v -149.6548 4.5815 -93.8771
v -152.7934 7.9067 -92.7789
v -155.1549 11.8884 -91.9526
v -156.6209 16.3271 -91.4396
v -159.3054 25.6729 -100.7578
v -159.8187 21.0000 -100.6407
v -157.7912 30.1116 -101.1034
v -155.3521 34.0933 -101.6602
v -152.1103 37.4185 -102.4001
v -148.2284 39.9203 -103.2861
v -143.9010 41.4735 -104.2738
v -139.3452 42.0000 -105.3136
v -134.7895 41.4735 -106.3534
v -130.4621 39.9203 -107.3411
v -126.5802 37.4185 -108.2271
v -123.3384 34.0933 -108.9671
v -120.8993 30.1116 -109.5238
v -119.3851 25.6729 -109.8694
v -118.8718 21.0000 -109.9866
v -119.3851 16.3271 -109.8694
v -120.8993 11.8884 -109.5238
v -123.3384 7.9067 -108.9671
v -126.5802 4.5815 -108.2271
v -130.4621 2.0797 -107.3411
v -134.7895 0.5265 -106.3534
v -139.3452 0.0000 -105.3136
v -143.9010 0.5265 -104.2738
v -148.2284 2.0797 -103.2861
v -152.1103 4.5815 -102.4001
v -155.3521 7.9067 -101.6602
v -157.7912 11.8884 -101.1034
v -159.3054 16.3271 -100.7578
v -160.9298 25.6729 -110.3180
v -161.4530 21.0000 -110.2591
v -159.3864 30.1116 -110.4919
v -156.9002 34.0933 -110.7721
v -153.5960 37.4185 -111.1444
v -149.6393 39.9203 -111.5902
v -145.2286 41.4735 -112.0871
v -140.5850 42.0000 -112.6103
v -135.9414 41.4735 -113.1335
v -131.5307 39.9203 -113.6305
v -127.5740 37.4185 -114.0763
v -124.2698 34.0933 -114.4486
v -121.7836 30.1116 -114.7288
v -120.2403 25.6729 -114.9026
v -119.7170 21.0000 -114.9616
v -120.2403 16.3271 -114.9026
v -121.7836 11.8884 -114.7288
v -124.2698 7.9067 -114.4486
v -127.5740 4.5815 -114.0763
v -131.5307 2.0797 -113.6305
v -135.9414 0.5265 -113.1335
v -140.5850 0.0000 -112.6103
v -145.2286 0.5265 -112.0871
v -149.6393 2.0797 -111.5902
v -153.5960 4.5815 -111.1444
v -156.9002 7.9067 -110.7721
v -159.3864 11.8884 -110.4919
v -160.9298 16.3271 -110.3180
v -161.4735 25.6729 -120.0000
v -162.0000 21.0000 -120.0000
v -159.9203 30.1116 -120.0000
v -157.4185 34.0933 -120.0000
v -154.0933 37.4185 -120.0000
v -150.1116 39.9203 -120.0000
v -145.6729 41.4735 -120.0000
v -141.0000 42.0000 -120.0000
v -136.3271 41.4735 -120.0000
v -131.8884 39.9203 -120.0000
v -127.9067 37.4185 -120.0000
v -124.5815 34.0933 -120.0000
v -122.0797 30.1116 -120.0000
v -120.5265 25.6729 -120.0000
v -120.0000 21.0000 -120.0000
v -120.5265 16.3271 -120.0000
v -122.0797 11.8884 -120.0000
v -124.5815 7.9067 -120.0000
v -127.9067 4.5815 -120.0000
v -131.8884 2.0797 -120.0000
v -136.3271 0.5265 -120.0000
v -141.0000 0.0000 -120.0000
v -145.6729 0.5265 -120.0000
v -150.1116 2.0797 -120.0000
v -154.0933 4.5815 -120.0000
v -157.4185 7.9067 -120.0000
v -159.9203 11.8884 -120.0000
v -161.4735 16.3271 -120.0000
v -160.9298 25.6729 -129.6820
v -161.4530 21.0000 -129.7409
v -159.3864 30.1116 -129.5081
v -156.9002 34.0933 -129.2279
v -153.5960 37.4185 -128.8556
v -149.6393 39.9203 -128.4098
v -145.2286 41.4735 -127.9129
v -140.5850 42.0000 -127.3897
v -135.9414 41.4735 -126.8665
v -131.5307 39.9203 -126.3695
v -127.5740 37.4185 -125.9237
v -124.2698 34.0933 -125.5514
v -121.7836 30.1116 -125.2712
v -120.2403 25.6729 -125.0974
v -119.7170 21.0000 -125.0384
v -120.2403 16.3271 -125.0974
v -121.7836 11.8884 -125.2712
v -124.2698 7.9067 -125.5514
v -127.5740 4.5815 -125.9237
v -131.5307 2.0797 -126.3695
v -135.9414 0.5265 -126.8665
v -140.5850 0.0000 -127.3897
v -145.2286 0.5265 -127.9129
v -149.6393 2.0797 -128.4098
v -153.5960 4.5815 -128.8556
v -156.9002 7.9067 -129.2279
v -159.3864 11.8884 -129.5081
v -160.9298 16.3271 -129.6820
v -159.3054 25.6729 -139.2422
v -159.8187 21.0000 -139.3593
v -157.7912 30.1116 -138.8966
v -155.3521 34.0933 -138.3398
v -152.1103 37.4185 -137.5999
v -148.2284 39.9203 -136.7139
v -143.9010 41.4735 -135.7262
v -139.3452 42.0000 -134.6864
v -134.7895 41.4735 -133.6466
v -130.4621 39.9203 -132.6589
v -126.5802 37.4185 -131.7729
v -123.3384 34.0933 -131.0329
v -120.8993 30.1116 -130.4762
v -119.3851 25.6729 -130.1306
v -118.8718 21.0000 -130.0134
v -119.3851 16.3271 -130.1306
v -120.8993 11.8884 -130.4762
v -123.3384 7.9067 -131.0329
v -126.5802 4.5815 -131.7729
v -130.4621 2.0797 -132.6589
v -134.7895 0.5265 -133.6466
v -139.3452 0.0000 -134.6864
v -143.9010 0.5265 -135.7262
v -148.2284 2.0797 -136.7139
v -152.1103 4.5815 -137.5999
v -155.3521 7.9067 -138.3398
v -157.7912 11.8884 -138.8966
v -159.3054 16.3271 -139.2422
v -156.6209 25.6729 -148.5604
v -157.1178 21.0000 -148.7343
v -155.1549 30.1116 -148.0474
v -152.7934 34.0933 -147.2211
v -149.6548 37.4185 -146.1229
v -145.8965 39.9203 -144.8078
v -141.7070 41.4735 -143.3418
v -137.2963 42.0000 -141.7984
v -132.8856 41.4735 -140.2550
v -128.6961 39.9203 -138.7891
v -124.9378 37.4185 -137.4740
v -121.7992 34.0933 -136.3757
v -119.4377 30.1116 -135.5494
v -117.9717 25.6729 -135.0365
v -117.4747 21.0000 -134.8626
v -117.9717 16.3271 -135.0365
v -119.4377 11.8884 -135.5494
v -121.7992 7.9067 -136.3757
v -124.9378 4.5815 -137.4740
v -128.6961 2.0797 -138.7891
v -132.8856 0.5265 -140.2550
v -137.2963 0.0000 -141.7984
v -141.7070 0.5265 -143.3418
v -145.8965 2.0797 -144.8078
v -149.6548 4.5815 -146.1229
v -152.7934 7.9067 -147.2211
v -155.1549 11.8884 -148.0474
v -156.6209 16.3271 -148.5604
v -152.9099 25.6729 -157.5194
v -153.3843 21.0000 -157.7479
v -151.5106 30.1116 -156.8456
v -149.2565 34.0933 -155.7600
v -146.2606 37.4185 -154.3173
v -142.6732 39.9203 -152.5897
v -138.6741 41.4735 -150.6638
v -134.4639 42.0000 -148.6363
v -130.2538 41.4735 -146.6088
v -126.2547 39.9203 -144.6830
v -122.6673 37.4185 -142.9554
v -119.6714 34.0933 -141.5126
v -117.4173 30.1116 -140.4271
v -116.0180 25.6729 -139.7532
v -115.5436 21.0000 -139.5248
v -116.0180 16.3271 -139.7532
v -117.4173 11.8884 -140.4271
v -119.6714 7.9067 -141.5126
v -122.6673 4.5815 -142.9554
v -126.2547 2.0797 -144.6830
v -130.2538 0.5265 -146.6088
v -134.4639 0.0000 -148.6363
v -138.6741 0.5265 -150.6638
v -142.6732 2.0797 -152.5897
v -146.2606 4.5815 -154.3173
v -149.2565 7.9067 -155.7600
v -151.5106 11.8884 -156.8456
v -152.9099 16.3271 -157.5194
v -148.2192 25.6729 -166.0067
v -148.6650 21.0000 -166.2868
v -146.9041 30.1116 -165.1803
v -144.7857 34.0933 -163.8493
v -141.9702 37.4185 -162.0802
v -138.5988 39.9203 -159.9618
v -134.8405 41.4735 -157.6003
v -130.8838 42.0000 -155.1141
v -126.9271 41.4735 -152.6280
v -123.1688 39.9203 -150.2665
v -119.7974 37.4185 -148.1481
v -116.9819 34.0933 -146.3790
v -114.8635 30.1116 -145.0479
v -113.5484 25.6729 -144.2216
v -113.1026 21.0000 -143.9414
v -113.5484 16.3271 -144.2216
v -114.8635 11.8884 -145.0479
v -116.9819 7.9067 -146.3790
v -119.7974 4.5815 -148.1481
v -123.1688 2.0797 -150.2665
v -126.9271 0.5265 -152.6280
v -130.8838 0.0000 -155.1141
v -134.8405 0.5265 -157.6003
v -138.5988 2.0797 -159.9618
v -141.9702 4.5815 -162.0802
v -144.7857 7.9067 -163.8493
v -146.9041 11.8884 -165.1803
v -148.2192 16.3271 -166.0067
v -142.6077 25.6729 -173.9153
v -143.0193 21.0000 -174.2436
v -141.3934 30.1116 -172.9470
v -139.4373 34.0933 -171.3871
v -136.8376 37.4185 -169.3139
v -133.7246 39.9203 -166.8313
v -130.2543 41.4735 -164.0639
v -126.6009 42.0000 -161.1503
v -122.9474 41.4735 -158.2368
v -119.4772 39.9203 -155.4694
v -116.3641 37.4185 -152.9868
v -113.7644 34.0933 -150.9136
v -111.8084 30.1116 -149.3537
v -110.5941 25.6729 -148.3853
v -110.1824 21.0000 -148.0570
v -110.5941 16.3271 -148.3853
v -111.8084 11.8884 -149.3537
v -113.7644 7.9067 -150.9136
v -116.3641 4.5815 -152.9868
v -119.4772 2.0797 -155.4694
v -122.9474 0.5265 -158.2368
v -126.6009 0.0000 -161.1503
v -130.2543 0.5265 -164.0639
v -133.7246 2.0797 -166.8313
v -136.8376 4.5815 -169.3139
v -139.4373 7.9067 -171.3871
v -141.3934 11.8884 -172.9470
v -142.6077 16.3271 -173.9153
v -136.1460 25.6729 -181.1460
v -136.5183 21.0000 -181.5183
v -135.0478 30.1116 -180.0478
v -133.2787 34.0933 -178.2787
v -130.9274 37.4185 -175.9274
v -128.1119 39.9203 -173.1119
v -124.9733 41.4735 -169.9733
v -121.6690 42.0000 -166.6690
v -118.3648 41.4735 -163.3648
v -115.2262 39.9203 -160.2262
v -112.4107 37.4185 -157.4107
v -110.0594 34.0933 -155.0594
v -108.2903 30.1116 -153.2903
v -107.1921 25.6729 -152.1921
v -106.8198 21.0000 -151.8198
v -107.1921 16.3271 -152.1921
v -108.2903 11.8884 -153.2903
v -110.0594 7.9067 -155.0594
v -112.4107 4.5815 -157.4107
v -115.2262 2.0797 -160.2262
v -118.3648 0.5265 -163.3648
v -121.6690 0.0000 -166.6690
v -124.9733 0.5265 -169.9733
v -128.1119 2.0797 -173.1119
v -130.9274 4.5815 -175.9274
v -133.2787 7.9067 -178.2787
v -135.0478 11.8884 -180.0478
v -136.1460 16.3271 -181.1460
v -128.9153 25.6729 -187.6077
v -129.2436 21.0000 -188.0193
v -127.9470 30.1116 -186.3934
v -126.3871 34.0933 -184.4373
v -124.3139 37.4185 -181.8376
v -121.8313 39.9203 -178.7246
v -119.0639 41.4735 -175.2543
v -116.1503 42.0000 -171.6009
v -113.2368 41.4735 -167.9474
v -110.4694 39.9203 -164.4772
v -107.9868 37.4185 -161.3641
v -105.9136 34.0933 -158.7644
v -104.3537 30.1116 -156.8084
v -103.3853 25.6729 -155.5941
v -103.0570 21.0000 -155.1824
v -103.3853 16.3271 -155.5941
v -104.3537 11.8884 -156.8084
v -105.9136 7.9067 -158.7644
v -107.9868 4.5815 -161.3641
v -110.4694 2.0797 -164.4772
v -113.2368 0.5265 -167.9474
v -116.1503 0.0000 -171.6009
v -119.0639 0.5265 -175.2543
v -121.8313 2.0797 -178.7246
v -124.3139 4.5815 -181.8376
v -126.3871 7.9067 -184.4373
v -127.9470 11.8884 -186.3934
v -128.9153 16.3271 -187.6077
v -121.0067 25.6729 -193.2192
v -121.2868 21.0000 -193.6650
v -120.1803 30.1116 -191.9041
v -118.8493 34.0933 -189.7857
v -117.0802 37.4185 -186.9702
v -114.9618 39.9203 -183.5988
v -112.6003 41.4735 -179.8405
v -110.1141 42.0000 -175.8838
v -107.6280 41.4735 -171.9271
v -105.2665 39.9203 -168.1688
v -103.1481 37.4185 -164.7974
v -101.3790 34.0933 -161.9819
v -100.0479 30.1116 -159.8635
v -99.2216 25.6729 -158.5484
v -98.9414 21.0000 -158.1026
v -99.2216 16.3271 -158.5484
v -100.0479 11.8884 -159.8635
v -101.3790 7.9067 -161.9819
v -103.1481 4.5815 -164.7974
v -105.2665 2.0797 -168.1688
v -107.6280 0.5265 -171.9271
v -110.1141 0.0000 -175.8838
v -112.6003 0.5265 -179.8405
v -114.9618 2.0797 -183.5988
v -117.0802 4.5815 -186.9702
v -118.8493 7.9067 -189.7857
v -120.1803 11.8884 -191.9041
v -121.0067 16.3271 -193.2192
v -112.5194 25.6729 -197.9099
v -112.7479 21.0000 -198.3843
v -111.8456 30.1116 -196.5106
v -110.7600 34.0933 -194.2565
v -109.3173 37.4185 -191.2606
v -107.5897 39.9203 -187.6732
v -105.6638 41.4735 -183.6741
v -103.6363 42.0000 -179.4639
v -101.6088 41.4735 -175.2538
v -99.6830 39.9203 -171.2547
v -97.9554 37.4185 -167.6673
v -96.5126 34.0933 -164.6714
v -95.4271 30.1116 -162.4173
v -94.7532 25.6729 -161.0180
v -94.5248 21.0000 -160.5436
v -94.7532 16.3271 -161.0180
v -95.4271 11.8884 -162.4173
v -96.5126 7.9067 -164.6714
v -97.9554 4.5815 -167.6673
v -99.6830 2.0797 -171.2547
v -101.6088 0.5265 -175.2538
v -103.6363 0.0000 -179.4639
v -105.6638 0.5265 -183.6741
v -107.5897 2.0797 -187.6732
v -109.3173 4.5815 -191.2606
v -110.7600 7.9067 -194.2565
v -111.8456 11.8884 -196.5106
v -112.5194 16.3271 -197.9099
v -103.5604 25.6729 -201.6209
v -103.7343 21.0000 -202.1178
v -103.0474 30.1116 -200.1549
v -102.2211 34.0933 -197.7934
v -101.1229 37.4185 -194.6548
v -99.8078 39.9203 -190.8965
v -98.3418 41.4735 -186.7070
v -96.7984 42.0000 -182.2963
v -95.2550 41.4735 -177.8856
v -93.7891 39.9203 -173.6961
v -92.4740 37.4185 -169.9378
v -91.3757 34.0933 -166.7992
v -90.5494 30.1116 -164.4377
v -90.0365 25.6729 -162.9717
v -89.8626 21.0000 -162.4747
v -90.0365 16.3271 -162.9717
v -90.5494 11.8884 -164.4377
v -91.3757 7.9067 -166.7992
v -92.4740 4.5815 -169.9378
v -93.7891 2.0797 -173.6961
v -95.2550 0.5265 -177.8856
v -96.7984 0.0000 -182.2963
v -98.3418 0.5265 -186.7070
v -99.8078 2.0797 -190.8965
v -101.1229 4.5815 -194.6548
v -102.2211 7.9067 -197.7934
v -103.0474 11.8884 -200.1549
v -103.5604 16.3271 -201.6209
v -94.2422 25.6729 -204.3054
v -94.3593 21.0000 -204.8187
v -93.8966 30.1116 -202.7912
v -93.3398 34.0933 -200.3521
v -92.5999 37.4185 -197.1103
v -91.7139 39.9203 -193.2284
v -90.7262 41.4735 -188.9010
v -89.6864 42.0000 -184.3452
v -88.6466 41.4735 -179.7895
v -87.6589 39.9203 -175.4621
v -86.7729 37.4185 -171.5802
v -86.0329 34.0933 -168.3384
v -85.4762 30.1116 -165.8993
v -85.1306 25.6729 -164.3851
v -85.0134 21.0000 -163.8718
v -85.1306 16.3271 -164.3851
v -85.4762 11.8884 -165.8993
v -86.0329 7.9067 -168.3384
v -86.7729 4.5815 -171.5802
v -87.6589 2.0797 -175.4621
v -88.6466 0.5265 -179.7895
v -89.6864 0.0000 -184.3452
v -90.7262 0.5265 -188.9010
v -91.7139 2.0797 -193.2284
v -92.5999 4.5815 -197.1103
v -93.3398 7.9067 -200.3521
v -93.8966 11.8884 -202.7912
v -94.2422 16.3271 -204.3054
v -84.6820 25.6729 -205.9298
v -84.7409 21.0000 -206.4530
v -84.5081 30.1116 -204.3864
v -84.2279 34.0933 -201.9002
v -83.8556 37.4185 -198.5960
v -83.4098 39.9203 -194.6393
v -82.9129 41.4735 -190.2286
v -82.3897 42.0000 -185.5850
v -81.8665 41.4735 -180.9414
v -81.3695 39.9203 -176.5307
v -80.9237 37.4185 -172.5740
v -80.5514 34.0933 -169.2698
v -80.2712 30.1116 -166.7836
v -80.0974 25.6729 -165.2403
v -80.0384 21.0000 -164.7170
v -80.0974 16.3271 -165.2403
v -80.2712 11.8884 -166.7836
v -80.5514 7.9067 -169.2698
v -80.9237 4.5815 -172.5740
v -81.3695 2.0797 -176.5307
v -81.8665 0.5265 -180.9414
v -82.3897 0.0000 -185.5850
v -82.9129 0.5265 -190.2286
v -83.4098 2.0797 -194.6393
v -83.8556 4.5815 -198.5960
v -84.2279 7.9067 -201.9002
v -84.5081 11.8884 -204.3864
v -84.6820 16.3271 -205.9298
v -75.0000 25.6729 -206.4735
v -75.0000 21.0000 -207.0000
v -75.0000 30.1116 -204.9203
v -75.0000 34.0933 -202.4185
v -75.0000 37.4185 -199.0933
v -75.0000 39.9203 -195.1116
v -75.0000 41.4735 -190.6729
v -75.0000 42.0000 -186.0000
v -75.0000 41.4735 -181.3271
v -75.0000 39.9203 -176.8884
v -75.0000 37.4185 -172.9067
v -75.0000 34.0933 -169.5815
v -75.0000 30.1116 -167.0797
v -75.0000 25.6729 -165.5265
v -75.0000 21.0000 -165.0000
v -75.0000 16.3271 -165.5265
v -75.0000 11.8884 -167.0797
v -75.0000 7.9067 -169.5815
v -75.0000 4.5815 -172.9067
v -75.0000 2.0797 -176.8884
v -75.0000 0.5265 -181.3271
v -75.0000 0.0000 -186.0000
v -75.0000 0.5265 -190.6729
v -75.0000 2.0797 -195.1116
v -75.0000 4.5815 -199.0933
v -75.0000 7.9067 -202.4185
v -75.0000 11.8884 -204.9203
v -75.0000 16.3271 -206.4735
v -65.3180 25.6729 -205.9298
v -65.2591 21.0000 -206.4530
v -65.4919 30.1116 -204.3864
v -65.7721 34.0933 -201.9002
v -66.1444 37.4185 -198.5960
v -66.5902 39.9203 -194.6393
v -67.0871 41.4735 -190.2286
v -67.6103 42.0000 -185.5850
v -68.1335 41.4735 -180.9414
v -68.6305 39.9203 -176.5307
v -69.0763 37.4185 -172.5740
v -69.4486 34.0933 -169.2698
v -69.7288 30.1116 -166.7836
v -69.9026 25.6729 -165.2403
v -69.9616 21.0000 -164.7170
v -69.9026 16.3271 -165.2403
v -69.7288 11.8884 -166.7836
v -69.4486 7.9067 -169.2698
v -69.0763 4.5815 -172.5740
v -68.6305 2.0797 -176.5307
v -68.1335 0.5265 -180.9414
v -67.6103 0.0000 -185.5850
v -67.0871 0.5265 -190.2286
v -66.5902 2.0797 -194.6393
v -66.1444 4.5815 -198.5960
v -65.7721 7.9067 -201.9002
v -65.4919 11.8884 -204.3864
v -65.3180 16.3271 -205.9298
v -55.7578 25.6729 -204.3054
v -55.6407 21.0000 -204.8187
v -56.1034 30.1116 -202.7912
v -56.6602 34.0933 -200.3521
v -57.4001 37.4185 -197.1103
v -58.2861 39.9203 -193.2284
v -59.2738 41.4735 -188.9010
v -60.3136 42.0000 -184.3452
v -61.3534 41.4735 -179.7895
v -62.3411 39.9203 -175.4621
v -63.2271 37.4185 -171.5802
v -63.9671 34.0933 -168.3384
v -64.5238 30.1116 -165.8993
v -64.8694 25.6729 -164.3851
v -64.9866 21.0000 -163.8718
v -64.8694 16.3271 -164.3851
v -64.5238 11.8884 -165.8993
v -63.9671 7.9067 -168.3384
v -63.2271 4.5815 -171.5802
v -62.3411 2.0797 -175.4621
v -61.3534 0.5265 -179.7895
v -60.3136 0.0000 -184.3452
v -59.2738 0.5265 -188.9010
v -58.2861 2.0797 -193.2284
v -57.4001 4.5815 -197.1103
v -56.6602 7.9067 -200.3521
v -56.1034 11.8884 -202.7912
v -55.7578 16.3271 -204.3054
v -46.4396 25.6729 -201.6209
v -46.2657 21.0000 -202.1178
v -46.9526 30.1116 -200.1549
v -47.7789 34.0933 -197.7934
v -48.8771 37.4185 -194.6548
v -50.1922 39.9203 -190.8965
v -51.6582 41.4735 -186.7070
v -53.2016 42.0000 -182.2963
v -54.7450 41.4735 -177.8856
v -56.2109 39.9203 -173.6961
v -57.5260 37.4185 -169.9378
v -58.6243 34.0933 -166.7992
v -59.4506 30.1116 -164.4377
v -59.9635 25.6729 -162.9717
v -60.1374 21.0000 -162.4747
v -59.9635 16.3271 -162.9717
v -59.4506 11.8884 -164.4377
v -58.6243 7.9067 -166.7992
v -57.5260 4.5815 -169.9378
v -56.2109 2.0797 -173.6961
v -54.7450 0.5265 -177.8856
v -53.2016 0.0000 -182.2963
v -51.6582 0.5265 -186.7070
v -50.1922 2.0797 -190.8965
v -48.8771 4.5815 -194.6548
v -47.7789 7.9067 -197.7934
v -46.9526 11.8884 -200.1549
v -46.4396 16.3271 -201.6209
v -37.4806 25.6729 -197.9099
v -37.2521 21.0000 -198.3843
v -38.1544 30.1116 -196.5106
v -39.2400 34.0933 -194.2565
v -40.6827 37.4185 -191.2606
v -42.4103 39.9203 -187.6732
v -44.3362 41.4735 -183.6741
v -46.3637 42.0000 -179.4639
v -48.3912 41.4735 -175.2538
v -50.3170 39.9203 -171.2547
v -52.0446 37.4185 -167.6673
v -53.4874 34.0933 -164.6714
v -54.5729 30.1116 -162.4173
v -55.2468 25.6729 -161.0180
v -55.4752 21.0000 -160.5436
v -55.2468 16.3271 -161.0180
v -54.5729 11.8884 -162.4173
v -53.4874 7.9067 -164.6714
v -52.0446 4.5815 -167.6673
v -50.3170 2.0797 -171.2547
v -48.3912 0.5265 -175.2538
v -46.3637 0.0000 -179.4639
v -44.3362 0.5265 -183.6741
v -42.4103 2.0797 -187.6732
v -40.6827 4.5815 -191.2606
v -39.2400 7.9067 -194.2565
v -38.1544 11.8884 -196.5106
v -37.4806 16.3271 -197.9099
v -28.9933 25.6729 -193.2192
v -28.7132 21.0000 -193.6650
v -29.8197 30.1116 -191.9041
v -31.1507 34.0933 -189.7857
v -32.9198 37.4185 -186.9702
v -35.0382 39.9203 -183.5988
v -37.3997 41.4735 -179.8405
v -39.8859 42.0000 -175.8838
v -42.3720 41.4735 -171.9271
v -44.7335 39.9203 -168.1688
v -46.8519 37.4185 -164.7974
v -48.6210 34.0933 -161.9819
v -49.9521 30.1116 -159.8635
v -50.7784 25.6729 -158.5484
v -51.0586 21.0000 -158.1026
v -50.7784 16.3271 -158.5484
v -49.9521 11.8884 -159.8635
v -48.6210 7.9067 -161.9819
v -46.8519 4.5815 -164.7974
v -44.7335 2.0797 -168.1688
v -42.3720 0.5265 -171.9271
v -39.8859 0.0000 -175.8838
v -37.3997 0.5265 -179.8405
v -35.0382 2.0797 -183.5988
v -32.9198 4.5815 -186.9702
v -31.1507 7.9067 -189.7857
v -29.8197 11.8884 -191.9041
v -28.9933 16.3271 -193.2192
v -21.0847 25.6729 -187.6077
v -20.7564 21.0000 -188.0193
v -22.0530 30.1116 -186.3934
v -23.6129 34.0933 -184.4373
v -25.6861 37.4185 -181.8376
v -28.1687 39.9203 -178.7246
v -30.9361 41.4735 -175.2543
v -33.8497 42.0000 -171.6009
v -36.7632 41.4735 -167.9474
v -39.5306 39.9203 -164.4772
v -42.0132 37.4185 -161.3641
v -44.0864 34.0933 -158.7644
v -45.6463 30.1116 -156.8084
v -46.6147 25.6729 -155.5941
v -46.9430 21.0000 -155.1824
v -46.6147 16.3271 -155.5941
v -45.6463 11.8884 -156.8084
v -44.0864 7.9067 -158.7644
v -42.0132 4.5815 -161.3641
v -39.5306 2.0797 -164.4772
v -36.7632 0.5265 -167.9474
v -33.8497 0.0000 -171.6009
v -30.9361 0.5265 -175.2543
v -28.1687 2.0797 -178.7246
v -25.6861 4.5815 -181.8376
v -23.6129 7.9067 -184.4373
v -22.0530 11.8884 -186.3934
v -21.0847 16.3271 -187.6077
v -13.8540 25.6729 -181.1460
v -13.4817 21.0000 -181.5183
v -14.9522 30.1116 -180.0478
v -16.7213 34.0933 -178.2787
v -19.0726 37.4185 -175.9274
v -21.8881 39.9203 -173.1119
v -25.0267 41.4735 -169.9733
v -28.3310 42.0000 -166.6690
v -31.6352 41.4735 -163.3648
v -34.7738 39.9203 -160.2262
v -37.5893 37.4185 -157.4107
v -39.9406 34.0933 -155.0594
v -41.7097 30.1116 -153.2903
v -42.8079 25.6729 -152.1921
v -43.1802 21.0000 -151.8198
v -42.8079 16.3271 -152.1921
v -41.7097 11.8884 -153.2903
v -39.9406 7.9067 -155.0594
v -37.5893 4.5815 -157.4107
v -34.7738 2.0797 -160.2262
v -31.6352 0.5265 -163.3648
v -28.3310 0.0000 -166.6690
v -25.0267 0.5265 -169.9733
v -21.8881 2.0797 -173.1119
v -19.0726 4.5815 -175.9274
v -16.7213 7.9067 -178.2787
v -14.9522 11.8884 -180.0478
v -13.8540 16.3271 -181.1460
v -7.3923 25.6729 -173.9153
v -6.9807 21.0000 -174.2436
v -8.6066 30.1116 -172.9470
v -10.5627 34.0933 -171.3871
v -13.1624 37.4185 -169.3139
v -16.2754 39.9203 -166.8313
v -19.7457 41.4735 -164.0639
v -23.3991 42.0000 -161.1503
v -27.0526 41.4735 -158.2368
v -30.5228 39.9203 -155.4694
v -33.6359 37.4185 -152.9868
v -36.2356 34.0933 -150.9136
v -38.1916 30.1116 -149.3537
v -39.4059 25.6729 -148.3853
v -39.8176 21.0000 -148.0570
v -39.4059 16.3271 -148.3853
v -38.1916 11.8884 -149.3537
v -36.2356 7.9067 -150.9136
v -33.6359 4.5815 -152.9868
v -30.5228 2.0797 -155.4694
v -27.0526 0.5265 -158.2368
v -23.3991 0.0000 -161.1503
v -19.7457 0.5265 -164.0639
v -16.2754 2.0797 -166.8313
v -13.1624 4.5815 -169.3139
v -10.5627 7.9067 -171.3871
v -8.6066 11.8884 -172.9470
v -7.3923 16.3271 -173.9153
v -1.7808 25.6729 -166.0067
v -1.3350 21.0000 -166.2868
v -3.0959 30.1116 -165.1803
v -5.2143 34.0933 -163.8493
v -8.0298 37.4185 -162.0802
v -11.4012 39.9203 -159.9618
v -15.1595 41.4735 -157.6003
v -19.1162 42.0000 -155.1141
v -23.0729 41.4735 -152.6280
v -26.8312 39.9203 -150.2665
v -30.2026 37.4185 -148.1481
v -33.0181 34.0933 -146.3790
v -35.1365 30.1116 -145.0479
v -36.4516 25.6729 -144.2216
v -36.8974 21.0000 -143.9414
v -36.4516 16.3271 -144.2216
v -35.1365 11.8884 -145.0479
v -33.0181 7.9067 -146.3790
v -30.2026 4.5815 -148.1481
v -26.8312 2.0797 -150.2665
v -23.0729 0.5265 -152.6280
v -19.1162 0.0000 -155.1141
v -15.1595 0.5265 -157.6003
v -11.4012 2.0797 -159.9618
v -8.0298 4.5815 -162.0802
v -5.2143 7.9067 -163.8493
v -3.0959 11.8884 -165.1803
v -1.7808 16.3271 -166.0067
v 2.9099 25.6729 -157.5194
v 3.3843 21.0000 -157.7479
v 1.5106 30.1116 -156.8456
v -0.7435 34.0933 -155.7600
v -3.7394 37.4185 -154.3173
v -7.3268 39.9203 -152.5897
v -11.3259 41.4735 -150.6638
v -15.5361 42.0000 -148.6363
v -19.7462 41.4735 -146.6088
v -23.7453 39.9203 -144.6830
v -27.3327 37.4185 -142.9554
v -30.3286 34.0933 -141.5126
v -32.5827 30.1116 -140.4271
v -33.9820 25.6729 -139.7532
v -34.4564 21.0000 -139.5248
v -33.9820 16.3271 -139.7532
v -32.5827 11.8884 -140.4271
v -30.3286 7.9067 -141.5126
v -27.3327 4.5815 -142.9554
v -23.7453 2.0797 -144.6830
v -19.7462 0.5265 -146.6088
v -15.5361 0.0000 -148.6363
v -11.3259 0.5265 -150.6638
v -7.3268 2.0797 -152.5897
v -3.7394 4.5815 -154.3173
v -0.7435 7.9067 -155.7600
v 1.5106 11.8884 -156.8456
v 2.9099 16.3271 -157.5194
v 6.6209 25.6729 -148.5604
v 7.1178 21.0000 -148.7343
v 5.1549 30.1116 -148.0474
v 2.7934 34.0933 -147.2211
v -0.3452 37.4185 -146.1229
v -4.1035 39.9203 -144.8078
v -8.2930 41.4735 -143.3418
v -12.7037 42.0000 -141.7984
v -17.1144 41.4735 -140.2550
v -21.3039 39.9203 -138.7891
v -25.0622 37.4185 -137.4740
v -28.2008 34.0933 -136.3757
v -30.5623 30.1116 -135.5494
v -32.0283 25.6729 -135.0365
v -32.5253 21.0000 -134.8626
v -32.0283 16.3271 -135.0365
v -30.5623 11.8884 -135.5494
v -28.2008 7.9067 -136.3757
v -25.0622 4.5815 -137.4740
v -21.3039 2.0797 -138.7891
v -17.1144 0.5265 -140.2550
v -12.7037 0.0000 -141.7984
v -8.2930 0.5265 -143.3418
v -4.1035 2.0797 -144.8078
v -0.3452 4.5815 -146.1229
v 2.7934 7.9067 -147.2211
v 5.1549 11.8884 -148.0474
v 6.6209 16.3271 -148.5604
v 9.3054 25.6729 -139.2422
v 9.8187 21.0000 -139.3593
v 7.7912 30.1116 -138.8966
v 5.3521 34.0933 -138.3398
v 2.1103 37.4185 -137.5999
v -1.7716 39.9203 -136.7139
v -6.0990 41.4735 -135.7262
v -10.6548 42.0000 -134.6864
v -15.2105 41.4735 -133.6466
v -19.5379 39.9203 -132.6589
v -23.4198 37.4185 -131.7729
v -26.6616 34.0933 -131.0329
v -29.1007 30.1116 -130.4762
v -30.6149 25.6729 -130.1306
v -31.1282 21.0000 -130.0134
v -30.6149 16.3271 -130.1306
v -29.1007 11.8884 -130.4762
v -26.6616 7.9067 -131.0329
v -23.4198 4.5815 -131.7729
v -19.5379 2.0797 -132.6589
v -15.2105 0.5265 -133.6466
v -10.6548 0.0000 -134.6864
v -6.0990 0.5265 -135.7262
v -1.7716 2.0797 -136.7139
v 2.1103 4.5815 -137.5999
v 5.3521 7.9067 -138.3398
v 7.7912 11.8884 -138.8966
v 9.3054 16.3271 -139.2422
v 10.9298 25.6729 -129.6820
v 11.4530 21.0000 -129.7409
v 9.3864 30.1116 -129.5081
v 6.9002 34.0933 -129.2279
v 3.5960 37.4185 -128.8556
v -0.3607 39.9203 -128.4098
v -4.7714 41.4735 -127.9129
v -9.4150 42.0000 -127.3897
v -14.0586 41.4735 -126.8665
v -18.4693 39.9203 -126.3695
v -22.4260 37.4185 -125.9237
v -25.7302 34.0933 -125.5514
v -28.2164 30.1116 -125.2712
v -29.7597 25.6729 -125.0974
v -30.2830 21.0000 -125.0384
v -29.7597 16.3271 -125.0974
v -28.2164 11.8884 -125.2712
v -25.7302 7.9067 -125.5514
v -22.4260 4.5815 -125.9237
v -18.4693 2.0797 -126.3695
v -14.0586 0.5265 -126.8665
v -9.4150 0.0000 -127.3897
v -4.7714 0.5265 -127.9129
v -0.3607 2.0797 -128.4098
v 3.5960 4.5815 -128.8556
v 6.9002 7.9067 -129.2279
v 9.3864 11.8884 -129.5081
v 10.9298 16.3271 -129.6820
v -75.0000 52.0000 -120.0000
v -70.9828 51.6799 -119.3637
v -70.9327 51.6799 -120.0000
v -71.1318 51.6799 -118.7431
v -71.3760 51.6799 -118.1535
v -71.7095 51.6799 -117.6093
v -72.1240 51.6799 -117.1240
v -72.6093 51.6799 -116.7095
v -73.1535 51.6799 -116.3760
v -73.7431 51.6799 -116.1318
v -74.3637 51.6799 -115.9828
v -75.0000 51.6799 -115.9327
v -75.6363 51.6799 -115.9828
v -76.2569 51.6799 -116.1318
v -76.8465 51.6799 -116.3760
v -77.3907 51.6799 -116.7095
v -77.8760 51.6799 -117.1240
v -78.2905 51.6799 -117.6093
v -78.6240 51.6799 -118.1535
v -78.8682 51.6799 -118.7431
v -79.0172 51.6799 -119.3637
v -79.0673 51.6799 -120.0000
v -79.0172 51.6799 -120.6363
v -78.8682 51.6799 -121.2569
v -78.6240 51.6799 -121.8465
v -78.2905 51.6799 -122.3907
v -77.8760 51.6799 -122.8760
v -77.3907 51.6799 -123.2905
v -76.8465 51.6799 -123.6240
v -76.2569 51.6799 -123.8682
v -75.6363 51.6799 -124.0172
v -75.0000 51.6799 -124.0673
v -74.3637 51.6799 -124.0172
v -73.7431 51.6799 -123.8682
v -73.1535 51.6799 -123.6240
v -72.6093 51.6799 -123.2905
v -72.1240 51.6799 -122.8760
v -71.7095 51.6799 -122.3907
v -71.3760 51.6799 -121.8465
v -71.1318 51.6799 -121.2569
v -70.9828 51.6799 -120.6363
v -67.0645 50.7275 -118.7431
v -66.9656 50.7275 -120.0000
v -67.3588 50.7275 -117.5172
v -67.8413 50.7275 -116.3524
v -68.5000 50.7275 -115.2775
v -69.3188 50.7275 -114.3188
v -70.2775 50.7275 -113.5000
v -71.3524 50.7275 -112.8413
v -72.5172 50.7275 -112.3588
v -73.7431 50.7275 -112.0645
v -75.0000 50.7275 -111.9656
v -76.2569 50.7275 -112.0645
v -77.4828 50.7275 -112.3588
v -78.6476 50.7275 -112.8413
v -79.7225 50.7275 -113.5000
v -80.6812 50.7275 -114.3188
v -81.5000 50.7275 -115.2775
v -82.1587 50.7275 -116.3524
v -82.6412 50.7275 -117.5172
v -82.9355 50.7275 -118.7431
v -83.0344 50.7275 -120.0000
v -82.9355 50.7275 -121.2569
v -82.6412 50.7275 -122.4828
v -82.1587 50.7275 -123.6476
v -81.5000 50.7275 -124.7225
v -80.6812 50.7275 -125.6812
v -79.7225 50.7275 -126.5000
v -78.6476 50.7275 -127.1587
v -77.4828 50.7275 -127.6412
v -76.2569 50.7275 -127.9355
v -75.0000 50.7275 -128.0344
v -73.7431 50.7275 -127.9355
v -72.5172 50.7275 -127.6412
v -71.3524 50.7275 -127.1587
v -70.2775 50.7275 -126.5000
v -69.3188 50.7275 -125.6812
v -68.5000 50.7275 -124.7225
v -67.8413 50.7275 -123.6476
v -67.3588 50.7275 -122.4828
v -67.0645 50.7275 -121.2569
v -63.3416 49.1662 -118.1535
v -63.1962 49.1662 -120.0000
v -63.7740 49.1662 -116.3524
v -64.4828 49.1662 -114.6412
v -65.4506 49.1662 -113.0619
v -66.6535 49.1662 -111.6535
v -68.0619 49.1662 -110.4506
v -69.6412 49.1662 -109.4828
v -71.3524 49.1662 -108.7740
v -73.1535 49.1662 -108.3416
v -75.0000 49.1662 -108.1962
v -76.8465 49.1662 -108.3416
v -78.6476 49.1662 -108.7740
v -80.3588 49.1662 -109.4828
v -81.9381 49.1662 -110.4506
v -83.3465 49.1662 -111.6535
v -84.5494 49.1662 -113.0619
v -85.5172 49.1662 -114.6412
v -86.2260 49.1662 -116.3524
v -86.6584 49.1662 -118.1535
v -86.8038 49.1662 -120.0000
v -86.6584 49.1662 -121.8465
v -86.2260 49.1662 -123.6476
v -85.5172 49.1662 -125.3588
v -84.5494 49.1662 -126.9381
v -83.3465 49.1662 -128.3465
v -81.9381 49.1662 -129.5494
v -80.3588 49.1662 -130.5172
v -78.6476 49.1662 -131.2260
v -76.8465 49.1662 -131.6584
v -75.0000 49.1662 -131.8038
v -73.1535 49.1662 -131.6584
v -71.3524 49.1662 -131.2260
v -69.6412 49.1662 -130.5172
v -68.0619 49.1662 -129.5494
v -66.6535 49.1662 -128.3465
v -65.4506 49.1662 -126.9381
v -64.4828 49.1662 -125.3588
v -63.7740 49.1662 -123.6476
v -63.3416 49.1662 -121.8465
v -59.9057 47.0344 -117.6093
v -59.7176 47.0344 -120.0000
v -60.4656 47.0344 -115.2775
v -61.3833 47.0344 -113.0619
v -62.6363 47.0344 -111.0172
v -64.1937 47.0344 -109.1937
v -66.0172 47.0344 -107.6363
v -68.0619 47.0344 -106.3833
v -70.2775 47.0344 -105.4656
v -72.6093 47.0344 -104.9057
v -75.0000 47.0344 -104.7176
v -77.3907 47.0344 -104.9057
v -79.7225 47.0344 -105.4656
v -81.9381 47.0344 -106.3833
v -83.9828 47.0344 -107.6363
v -85.8063 47.0344 -109.1937
v -87.3637 47.0344 -111.0172
v -88.6167 47.0344 -113.0619
v -89.5344 47.0344 -115.2775
v -90.0943 47.0344 -117.6093
v -90.2824 47.0344 -120.0000
v -90.0943 47.0344 -122.3907
v -89.5344 47.0344 -124.7225
v -88.6167 47.0344 -126.9381
v -87.3637 47.0344 -128.9828
v -85.8063 47.0344 -130.8063
v -83.9828 47.0344 -132.3637
v -81.9381 47.0344 -133.6167
v -79.7225 47.0344 -134.5344
v -77.3907 47.0344 -135.0943
v -75.0000 47.0344 -135.2824
v -72.6093 47.0344 -135.0943
v -70.2775 47.0344 -134.5344
v -68.0619 47.0344 -133.6167
v -66.0172 47.0344 -132.3637
v -64.1937 47.0344 -130.8063
v -62.6363 47.0344 -128.9828
v -61.3833 47.0344 -126.9381
v -60.4656 47.0344 -124.7225
v -59.9057 47.0344 -122.3907
v -56.8416 44.3848 -117.1240
v -56.6152 44.3848 -120.0000
v -57.5150 44.3848 -114.3188
v -58.6190 44.3848 -111.6535
v -60.1264 44.3848 -109.1937
v -62.0000 44.3848 -107.0000
v -64.1937 44.3848 -105.1264
v -66.6535 44.3848 -103.6190
v -69.3188 44.3848 -102.5150
v -72.1240 44.3848 -101.8416
v -75.0000 44.3848 -101.6152
v -77.8760 44.3848 -101.8416
v -80.6812 44.3848 -102.5150
v -83.3465 44.3848 -103.6190
v -85.8063 44.3848 -105.1264
v -88.0000 44.3848 -107.0000
v -89.8736 44.3848 -109.1937
v -91.3810 44.3848 -111.6535
v -92.4850 44.3848 -114.3188
v -93.1584 44.3848 -117.1240
v -93.3848 44.3848 -120.0000
v -93.1584 44.3848 -122.8760
v -92.4850 44.3848 -125.6812
v -91.3810 44.3848 -128.3465
v -89.8736 44.3848 -130.8063
v -88.0000 44.3848 -133.0000
v -85.8063 44.3848 -134.8736
v -83.3465 44.3848 -136.3810
v -80.6812 44.3848 -137.4850
v -77.8760 44.3848 -138.1584
v -75.0000 44.3848 -138.3848
v -72.1240 44.3848 -138.1584
v -69.3188 44.3848 -137.4850
v -66.6535 44.3848 -136.3810
v -64.1937 44.3848 -134.8736
v -62.0000 44.3848 -133.0000
v -60.1264 44.3848 -130.8063
v -58.6190 44.3848 -128.3465
v -57.5150 44.3848 -125.6812
v -56.8416 44.3848 -122.8760
v -54.2245 41.2824 -116.7095
v -53.9656 41.2824 -120.0000
v -54.9951 41.2824 -113.5000
v -56.2582 41.2824 -110.4506
v -57.9828 41.2824 -107.6363
v -60.1264 41.2824 -105.1264
v -62.6363 41.2824 -102.9828
v -65.4506 41.2824 -101.2582
v -68.5000 41.2824 -99.9951
v -71.7095 41.2824 -99.2245
v -75.0000 41.2824 -98.9656
v -78.2905 41.2824 -99.2245
v -81.5000 41.2824 -99.9951
v -84.5494 41.2824 -101.2582
v -87.3637 41.2824 -102.9828
v -89.8736 41.2824 -105.1264
v -92.0172 41.2824 -107.6363
v -93.7418 41.2824 -110.4506
v -95.0049 41.2824 -113.5000
v -95.7755 41.2824 -116.7095
v -96.0344 41.2824 -120.0000
v -95.7755 41.2824 -123.2905
v -95.0049 41.2824 -126.5000
v -93.7418 41.2824 -129.5494
v -92.0172 41.2824 -132.3637
v -89.8736 41.2824 -134.8736
v -87.3637 41.2824 -137.0172
v -84.5494 41.2824 -138.7418
v -81.5000 41.2824 -140.0049
v -78.2905 41.2824 -140.7755
v -75.0000 41.2824 -141.0344
v -71.7095 41.2824 -140.7755
v -68.5000 41.2824 -140.0049
v -65.4506 41.2824 -138.7418
v -62.6363 41.2824 -137.0172
v -60.1264 41.2824 -134.8736
v -57.9828 41.2824 -132.3637
v -56.2582 41.2824 -129.5494
v -54.9951 41.2824 -126.5000
v -54.2245 41.2824 -123.2905
v -52.1190 37.8038 -116.3760
v -51.8338 37.8038 -120.0000
v -52.9677 37.8038 -112.8413
v -54.3588 37.8038 -109.4828
v -56.2582 37.8038 -106.3833
v -58.6190 37.8038 -103.6190
v -61.3833 37.8038 -101.2582
v -64.4828 37.8038 -99.3588
v -67.8413 37.8038 -97.9677
v -71.3760 37.8038 -97.1190
v -75.0000 37.8038 -96.8338
v -78.6240 37.8038 -97.1190
v -82.1587 37.8038 -97.9677
v -85.5172 37.8038 -99.3588
v -88.6167 37.8038 -101.2582
v -91.3810 37.8038 -103.6190
v -93.7418 37.8038 -106.3833
v -95.6412 37.8038 -109.4828
v -97.0323 37.8038 -112.8413
v -97.8810 37.8038 -116.3760
v -98.1662 37.8038 -120.0000
v -97.8810 37.8038 -123.6240
v -97.0323 37.8038 -127.1587
v -95.6412 37.8038 -130.5172
v -93.7418 37.8038 -133.6167
v -91.3810 37.8038 -136.3810
v -88.6167 37.8038 -138.7418
v -85.5172 37.8038 -140.6412
v -82.1587 37.8038 -142.0323
v -78.6240 37.8038 -142.8810
v -75.0000 37.8038 -143.1662
v -71.3760 37.8038 -142.8810
v -67.8413 37.8038 -142.0323
v -64.4828 37.8038 -140.6412
v -61.3833 37.8038 -138.7418
v -58.6190 37.8038 -136.3810
v -56.2582 37.8038 -133.6167
v -54.3588 37.8038 -130.5172
v -52.9677 37.8038 -127.1587
v -52.1190 37.8038 -123.6240
v -50.5770 34.0344 -116.1318
v -50.2725 34.0344 -120.0000
v -51.4828 34.0344 -112.3588
v -52.9677 34.0344 -108.7740
v -54.9951 34.0344 -105.4656
v -57.5150 34.0344 -102.5150
v -60.4656 34.0344 -99.9951
v -63.7740 34.0344 -97.9677
v -67.3588 34.0344 -96.4828
v -71.1318 34.0344 -95.5770
v -75.0000 34.0344 -95.2725
v -78.8682 34.0344 -95.5770
v -82.6412 34.0344 -96.4828
v -86.2260 34.0344 -97.9677
v -89.5344 34.0344 -99.9951
v -92.4850 34.0344 -102.5150
v -95.0049 34.0344 -105.4656
v -97.0323 34.0344 -108.7740
v -98.5172 34.0344 -112.3588
v -99.4230 34.0344 -116.1318
v -99.7275 34.0344 -120.0000
v -99.4230 34.0344 -123.8682
v -98.5172 34.0344 -127.6412
v -97.0323 34.0344 -131.2260
v -95.0049 34.0344 -134.5344
v -92.4850 34.0344 -137.4850
v -89.5344 34.0344 -140.0049
v -86.2260 34.0344 -142.0323
v -82.6412 34.0344 -143.5172
v -78.8682 34.0344 -144.4230
v -75.0000 34.0344 -144.7275
v -71.1318 34.0344 -144.4230
v -67.3588 34.0344 -143.5172
v -63.7740 34.0344 -142.0323
v -60.4656 34.0344 -140.0049
v -57.5150 34.0344 -137.4850
v -54.9951 34.0344 -134.5344
v -52.9677 34.0344 -131.2260
v -51.4828 34.0344 -127.6412
v -50.5770 34.0344 -123.8682
v -49.6363 30.0673 -115.9828
v -49.3201 30.0673 -120.0000
v -50.5770 30.0673 -112.0645
v -52.1190 30.0673 -108.3416
v -54.2245 30.0673 -104.9057
v -56.8416 30.0673 -101.8416
v -59.9057 30.0673 -99.2245
v -63.3416 30.0673 -97.1190
v -67.0645 30.0673 -95.5770
v -70.9828 30.0673 -94.6363
v -75.0000 30.0673 -94.3201
v -79.0172 30.0673 -94.6363
v -82.9355 30.0673 -95.5770
v -86.6584 30.0673 -97.1190
v -90.0943 30.0673 -99.2245
v -93.1584 30.0673 -101.8416
v -95.7755 30.0673 -104.9057
v -97.8810 30.0673 -108.3416
v -99.4230 30.0673 -112.0645
v -100.3637 30.0673 -115.9828
v -100.6799 30.0673 -120.0000
v -100.3637 30.0673 -124.0172
v -99.4230 30.0673 -127.9355
v -97.8810 30.0673 -131.6584
v -95.7755 30.0673 -135.0943
v -93.1584 30.0673 -138.1584
v -90.0943 30.0673 -140.7755
v -86.6584 30.0673 -142.8810
v -82.9355 30.0673 -144.4230
v -79.0172 30.0673 -145.3637
v -75.0000 30.0673 -145.6799
v -70.9828 30.0673 -145.3637
v -67.0645 30.0673 -144.4230
v -63.3416 30.0673 -142.8810
v -59.9057 30.0673 -140.7755
v -56.8416 30.0673 -138.1584
v -54.2245 30.0673 -135.0943
v -52.1190 30.0673 -131.6584
v -50.5770 30.0673 -127.9355
v -49.6363 30.0673 -124.0172
v -49.3201 26.0000 -115.9327
v -49.0000 26.0000 -120.0000
v -50.2725 26.0000 -111.9656
v -51.8338 26.0000 -108.1962
v -53.9656 26.0000 -104.7176
v -56.6152 26.0000 -101.6152
v -59.7176 26.0000 -98.9656
v -63.1962 26.0000 -96.8338
v -66.9656 26.0000 -95.2725
v -70.9327 26.0000 -94.3201
v -75.0000 26.0000 -94.0000
v -79.0673 26.0000 -94.3201
v -83.0344 26.0000 -95.2725
v -86.8038 26.0000 -96.8338
v -90.2824 26.0000 -98.9656
v -93.3848 26.0000 -101.6152
v -96.0344 26.0000 -104.7176
v -98.1662 26.0000 -108.1962
v -99.7275 26.0000 -111.9656
v -100.6799 26.0000 -115.9327
v -101.0000 26.0000 -120.0000
v -100.6799 26.0000 -124.0673
v -99.7275 26.0000 -128.0344
v -98.1662 26.0000 -131.8038
v -96.0344 26.0000 -135.2824
v -93.3848 26.0000 -138.3848
v -90.2824 26.0000 -141.0344
v -86.8038 26.0000 -143.1662
v -83.0344 26.0000 -144.7275
v -79.0673 26.0000 -145.6799
v -75.0000 26.0000 -146.0000
v -70.9327 26.0000 -145.6799
v -66.9656 26.0000 -144.7275
v -63.1962 26.0000 -143.1662
v -59.7176 26.0000 -141.0344
v -56.6152 26.0000 -138.3848
v -53.9656 26.0000 -135.2824
v -51.8338 26.0000 -131.8038
v -50.2725 26.0000 -128.0344
v -49.3201 26.0000 -124.0673
v -49.6363 21.9327 -115.9828
v -49.3201 21.9327 -120.0000
v -50.5770 21.9327 -112.0645
v -52.1190 21.9327 -108.3416
v -54.2245 21.9327 -104.9057
v -56.8416 21.9327 -101.8416
v -59.9057 21.9327 -99.2245
v -63.3416 21.9327 -97.1190
v -67.0645 21.9327 -95.5770
v -70.9828 21.9327 -94.6363
v -75.0000 21.9327 -94.3201
v -79.0172 21.9327 -94.6363
v -82.9355 21.9327 -95.5770
v -86.6584 21.9327 -97.1190
v -90.0943 21.9327 -99.2245
v -93.1584 21.9327 -101.8416
v -95.7755 21.9327 -104.9057
v -97.8810 21.9327 -108.3416
v -99.4230 21.9327 -112.0645
v -100.3637 21.9327 -115.9828
v -100.6799 21.9327 -120.0000
v -100.3637 21.9327 -124.0172
v -99.4230 21.9327 -127.9355
v -97.8810 21.9327 -131.6584
v -95.7755 21.9327 -135.0943
v -93.1584 21.9327 -138.1584
v -90.0943 21.9327 -140.7755
v -86.6584 21.9327 -142.8810
v -82.9355 21.9327 -144.4230
v -79.0172 21.9327 -145.3637
v -75.0000 21.9327 -145.6799
v -70.9828 21.9327 -145.3637
v -67.0645 21.9327 -144.4230
v -63.3416 21.9327 -142.8810
v -59.9057 21.9327 -140.7755
v -56.8416 21.9327 -138.1584
v -54.2245 21.9327 -135.0943
v -52.1190 21.9327 -131.6584
v -50.5770 21.9327 -127.9355
v -49.6363 21.9327 -124.0172
v -50.5770 17.9656 -116.1318
v -50.2725 17.9656 -120.0000
v -51.4828 17.9656 -112.3588
v -52.9677 17.9656 -108.7740
v -54.9951 17.9656 -105.4656
v -57.5150 17.9656 -102.5150
v -60.4656 17.9656 -99.9951
v -63.7740 17.9656 -97.9677
v -67.3588 17.9656 -96.4828
v -71.1318 17.9656 -95.5770
v -75.0000 17.9656 -95.2725
v -78.8682 17.9656 -95.5770
v -82.6412 17.9656 -96.4828
v -86.2260 17.9656 -97.9677
v -89.5344 17.9656 -99.9951
v -92.4850 17.9656 -102.5150
v -95.0049 17.9656 -105.4656
v -97.0323 17.9656 -108.7740
v -98.5172 17.9656 -112.3588
v -99.4230 17.9656 -116.1318
v -99.7275 17.9656 -120.0000
v -99.4230 17.9656 -123.8682
v -98.5172 17.9656 -127.6412
v -97.0323 17.9656 -131.2260
v -95.0049 17.9656 -134.5344
v -92.4850 17.9656 -137.4850
v -89.5344 17.9656 -140.0049
v -86.2260 17.9656 -142.0323
v -82.6412 17.9656 -143.5172
v -78.8682 17.9656 -144.4230
v -75.0000 17.9656 -144.7275
v -71.1318 17.9656 -144.4230
v -67.3588 17.9656 -143.5172
v -63.7740 17.9656 -142.0323
v -60.4656 17.9656 -140.0049
v -57.5150 17.9656 -137.4850
v -54.9951 17.9656 -134.5344
v -52.9677 17.9656 -131.2260
v -51.4828 17.9656 -127.6412
v -50.5770 17.9656 -123.8682
v -52.1190 14.1962 -116.3760
v -51.8338 14.1962 -120.0000
v -52.9677 14.1962 -112.8413
v -54.3588 14.1962 -109.4828
v -56.2582 14.1962 -106.3833
v -58.6190 14.1962 -103.6190
v -61.3833 14.1962 -101.2582
v -64.4828 14.1962 -99.3588
v -67.8413 14.1962 -97.9677
v -71.3760 14.1962 -97.1190
v -75.0000 14.1962 -96.8338
v -78.6240 14.1962 -97.1190
v -82.1587 14.1962 -97.9677
v -85.5172 14.1962 -99.3588
v -88.6167 14.1962 -101.2582
v -91.3810 14.1962 -103.6190
v -93.7418 14.1962 -106.3833
v -95.6412 14.1962 -109.4828
v -97.0323 14.1962 -112.8413
v -97.8810 14.1962 -116.3760
v -98.1662 14.1962 -120.0000
v -97.8810 14.1962 -123.6240
v -97.0323 14.1962 -127.1587
v -95.6412 14.1962 -130.5172
v -93.7418 14.1962 -133.6167
v -91.3810 14.1962 -136.3810
v -88.6167 14.1962 -138.7418
v -85.5172 14.1962 -140.6412
v -82.1587 14.1962 -142.0323
v -78.6240 14.1962 -142.8810
v -75.0000 14.1962 -143.1662
v -71.3760 14.1962 -142.8810
v -67.8413 14.1962 -142.0323
v -64.4828 14.1962 -140.6412
v -61.3833 14.1962 -138.7418
v -58.6190 14.1962 -136.3810
v -56.2582 14.1962 -133.6167
v -54.3588 14.1962 -130.5172
v -52.9677 14.1962 -127.1587
v -52.1190 14.1962 -123.6240
v -54.2245 10.7176 -116.7095
v -53.9656 10.7176 -120.0000
v -54.9951 10.7176 -113.5000
v -56.2582 10.7176 -110.4506
v -57.9828 10.7176 -107.6363
v -60.1264 10.7176 -105.1264
v -62.6363 10.7176 -102.9828
v -65.4506 10.7176 -101.2582
v -68.5000 10.7176 -99.9951
v -71.7095 10.7176 -99.2245
v -75.0000 10.7176 -98.9656
v -78.2905 10.7176 -99.2245
v -81.5000 10.7176 -99.9951
v -84.5494 10.7176 -101.2582
v -87.3637 10.7176 -102.9828
v -89.8736 10.7176 -105.1264
v -92.0172 10.7176 -107.6363
v -93.7418 10.7176 -110.4506
v -95.0049 10.7176 -113.5000
v -95.7755 10.7176 -116.7095
v -96.0344 10.7176 -120.0000
v -95.7755 10.7176 -123.2905
v -95.0049 10.7176 -126.5000
v -93.7418 10.7176 -129.5494
v -92.0172 10.7176 -132.3637
v -89.8736 10.7176 -134.8736
v -87.3637 10.7176 -137.0172
v -84.5494 10.7176 -138.7418
v -81.5000 10.7176 -140.0049
v -78.2905 10.7176 -140.7755
v -75.0000 10.7176 -141.0344
v -71.7095 10.7176 -140.7755
v -68.5000 10.7176 -140.0049
v -65.4506 10.7176 -138.7418
v -62.6363 10.7176 -137.0172
v -60.1264 10.7176 -134.8736
v -57.9828 10.7176 -132.3637
v -56.2582 10.7176 -129.5494
v -54.9951 10.7176 -126.5000
v -54.2245 10.7176 -123.2905
v -56.8416 7.6152 -117.1240
v -56.6152 7.6152 -120.0000
v -57.5150 7.6152 -114.3188
v -58.6190 7.6152 -111.6535
v -60.1264 7.6152 -109.1937
v -62.0000 7.6152 -107.0000
v -64.1937 7.6152 -105.1264
v -66.6535 7.6152 -103.6190
v -69.3188 7.6152 -102.5150
v -72.1240 7.6152 -101.8416
v -75.0000 7.6152 -101.6152
v -77.8760 7.6152 -101.8416
v -80.6812 7.6152 -102.5150
v -83.3465 7.6152 -103.6190
v -85.8063 7.6152 -105.1264
v -88.0000 7.6152 -107.0000
v -89.8736 7.6152 -109.1937
v -91.3810 7.6152 -111.6535
v -92.4850 7.6152 -114.3188
v -93.1584 7.6152 -117.1240
v -93.3848 7.6152 -120.0000
v -93.1584 7.6152 -122.8760
v -92.4850 7.6152 -125.6812
v -91.3810 7.6152 -128.3465
v -89.8736 7.6152 -130.8063
v -88.0000 7.6152 -133.0000
v -85.8063 7.6152 -134.8736
v -83.3465 7.6152 -136.3810
v -80.6812 7.6152 -137.4850
v -77.8760 7.6152 -138.1584
v -75.0000 7.6152 -138.3848
v -72.1240 7.6152 -138.1584
v -69.3188 7.6152 -137.4850
v -66.6535 7.6152 -136.3810
v -64.1937 7.6152 -134.8736
v -62.0000 7.6152 -133.0000
v -60.1264 7.6152 -130.8063
v -58.6190 7.6152 -128.3465
v -57.5150 7.6152 -125.6812
v -56.8416 7.6152 -122.8760
v -59.9057 4.9656 -117.6093
v -59.7176 4.9656 -120.0000
v -60.4656 4.9656 -115.2775
v -61.3833 4.9656 -113.0619
v -62.6363 4.9656 -111.0172
v -64.1937 4.9656 -109.1937
v -66.0172 4.9656 -107.6363
v -68.0619 4.9656 -106.3833
v -70.2775 4.9656 -105.4656
v -72.6093 4.9656 -104.9057
v -75.0000 4.9656 -104.7176
v -77.3907 4.9656 -104.9057
v -79.7225 4.9656 -105.4656
v -81.9381 4.9656 -106.3833
v -83.9828 4.9656 -107.6363
v -85.8063 4.9656 -109.1937
v -87.3637 4.9656 -111.0172
v -88.6167 4.9656 -113.0619
v -89.5344 4.9656 -115.2775
v -90.0943 4.9656 -117.6093
v -90.2824 4.9656 -120.0000
v -90.0943 4.9656 -122.3907
v -89.5344 4.9656 -124.7225
v -88.6167 4.9656 -126.9381
v -87.3637 4.9656 -128.9828
v -85.8063 4.9656 -130.8063
v -83.9828 4.9656 -132.3637
v -81.9381 4.9656 -133.6167
v -79.7225 4.9656 -134.5344
v -77.3907 4.9656 -135.0943
v -75.0000 4.9656 -135.2824
v -72.6093 4.9656 -135.0943
v -70.2775 4.9656 -134.5344
v -68.0619 4.9656 -133.6167
v -66.0172 4.9656 -132.3637
v -64.1937 4.9656 -130.8063
v -62.6363 4.9656 -128.9828
v -61.3833 4.9656 -126.9381
v -60.4656 4.9656 -124.7225
v -59.9057 4.9656 -122.3907
v -63.3416 2.8338 -118.1535
v -63.1962 2.8338 -120.0000
v -63.7740 2.8338 -116.3524
v -64.4828 2.8338 -114.6412
v -65.4506 2.8338 -113.0619
v -66.6535 2.8338 -111.6535
v -68.0619 2.8338 -110.4506
v -69.6412 2.8338 -109.4828
v -71.3524 2.8338 -108.7740
v -73.1535 2.8338 -108.3416
v -75.0000 2.8338 -108.1962
v -76.8465 2.8338 -108.3416
v -78.6476 2.8338 -108.7740
v -80.3588 2.8338 -109.4828
v -81.9381 2.8338 -110.4506
v -83.3465 2.8338 -111.6535
v -84.5494 2.8338 -113.0619
v -85.5172 2.8338 -114.6412
v -86.2260 2.8338 -116.3524
v -86.6584 2.8338 -118.1535
v -86.8038 2.8338 -120.0000
v -86.6584 2.8338 -121.8465
v -86.2260 2.8338 -123.6476
v -85.5172 2.8338 -125.3588
v -84.5494 2.8338 -126.9381
v -83.3465 2.8338 -128.3465
v -81.9381 2.8338 -129.5494
v -80.3588 2.8338 -130.5172
v -78.6476 2.8338 -131.2260
v -76.8465 2.8338 -131.6584
v -75.0000 2.8338 -131.8038
v -73.1535 2.8338 -131.6584
v -71.3524 2.8338 -131.2260
v -69.6412 2.8338 -130.5172
v -68.0619 2.8338 -129.5494
v -66.6535 2.8338 -128.3465
v -65.4506 2.8338 -126.9381
v -64.4828 2.8338 -125.3588
v -63.7740 2.8338 -123.6476
v -63.3416 2.8338 -121.8465
v -67.0645 1.2725 -118.7431
v -66.9656 1.2725 -120.0000
v -67.3588 1.2725 -117.5172
v -67.8413 1.2725 -116.3524
v -68.5000 1.2725 -115.2775
v -69.3188 1.2725 -114.3188
v -70.2775 1.2725 -113.5000
v -71.3524 1.2725 -112.8413
v -72.5172 1.2725 -112.3588
v -73.7431 1.2725 -112.0645
v -75.0000 1.2725 -111.9656
v -76.2569 1.2725 -112.0645
v -77.4828 1.2725 -112.3588
v -78.6476 1.2725 -112.8413
v -79.7225 1.2725 -113.5000
v -80.6812 1.2725 -114.3188
v -81.5000 1.2725 -115.2775
v -82.1587 1.2725 -116.3524
v -82.6412 1.2725 -117.5172
v -82.9355 1.2725 -118.7431
v -83.0344 1.2725 -120.0000
v -82.9355 1.2725 -121.2569
v -82.6412 1.2725 -122.4828
v -82.1587 1.2725 -123.6476
v -81.5000 1.2725 -124.7225
v -80.6812 1.2725 -125.6812
v -79.7225 1.2725 -126.5000
v -78.6476 1.2725 -127.1587
v -77.4828 1.2725 -127.6412
v -76.2569 1.2725 -127.9355
v -75.0000 1.2725 -128.0344
v -73.7431 1.2725 -127.9355
v -72.5172 1.2725 -127.6412
v -71.3524 1.2725 -127.1587
v -70.2775 1.2725 -126.5000
v -69.3188 1.2725 -125.6812
v -68.5000 1.2725 -124.7225
v -67.8413 1.2725 -123.6476
v -67.3588 1.2725 -122.4828
v -67.0645 1.2725 -121.2569
v -70.9828 0.3201 -119.3637
v -70.9327 0.3201 -120.0000
v -71.1318 0.3201 -118.7431
v -71.3760 0.3201 -118.1535
v -71.7095 0.3201 -117.6093
v -72.1240 0.3201 -117.1240
v -72.6093 0.3201 -116.7095
v -73.1535 0.3201 -116.3760
v -73.7431 0.3201 -116.1318
v -74.3637 0.3201 -115.9828
v -75.0000 0.3201 -115.9327
v -75.6363 0.3201 -115.9828
v -76.2569 0.3201 -116.1318
v -76.8465 0.3201 -116.3760
v -77.3907 0.3201 -116.7095
v -77.8760 0.3201 -117.1240
v -78.2905 0.3201 -117.6093
v -78.6240 0.3201 -118.1535
v -78.8682 0.3201 -118.7431
v -79.0172 0.3201 -119.3637
v -79.0673 0.3201 -120.0000
v -79.0172 0.3201 -120.6363
v -78.8682 0.3201 -121.2569
v -78.6240 0.3201 -121.8465
v -78.2905 0.3201 -122.3907
v -77.8760 0.3201 -122.8760
v -77.3907 0.3201 -123.2905
v -76.8465 0.3201 -123.6240
v -76.2569 0.3201 -123.8682
v -75.6363 0.3201 -124.0172
v -75.0000 0.3201 -124.0673
v -74.3637 0.3201 -124.0172
v -73.7431 0.3201 -123.8682
v -73.1535 0.3201 -123.6240
v -72.6093 0.3201 -123.2905
v -72.1240 0.3201 -122.8760
v -71.7095 0.3201 -122.3907
v -71.3760 0.3201 -121.8465
v -71.1318 0.3201 -121.2569
v -70.9828 0.3201 -120.6363
v -75.0000 0.0000 -120.0000
v -235.0000 0.0000 -70.0000
v -153.0000 0.0000 -70.0000
v -153.0000 0.0000 13.0000
v -235.0000 0.0000 13.0000
v -235.0000 112.0000 -70.0000
v -235.0000 112.0000 13.0000
v -153.0000 112.0000 13.0000
v -153.0000 112.0000 -70.0000
v -218.0000 112.0000 -52.0000
v -170.0000 112.0000 -52.0000
v -170.0000 112.0000 -4.0000
v -218.0000 112.0000 -4.0000
v -218.0000 172.0000 -52.0000
v -218.0000 172.0000 -4.0000
v -170.0000 172.0000 -4.0000
v -170.0000 172.0000 -52.0000
v 98.0000 0.0000 170.0000
v 97.5581 0.0000 174.4871
v 97.5581 150.0000 174.4871
v 98.0000 150.0000 170.0000
v 96.2492 0.0000 178.8017
v 96.2492 150.0000 178.8017
v 94.1238 0.0000 182.7781
v 94.1238 150.0000 182.7781
v 91.2635 0.0000 186.2635
v 91.2635 150.0000 186.2635
v 87.7781 0.0000 189.1238
v 87.7781 150.0000 189.1238
v 83.8017 0.0000 191.2492
v 83.8017 150.0000 191.2492
v 79.4871 0.0000 192.5581
v 79.4871 150.0000 192.5581
v 75.0000 0.0000 193.0000
v 75.0000 150.0000 193.0000
v 70.5129 0.0000 192.5581
v 70.5129 150.0000 192.5581
v 66.1983 0.0000 191.2492
v 66.1983 150.0000 191.2492
v 62.2219 0.0000 189.1238
v 62.2219 150.0000 189.1238
v 58.7365 0.0000 186.2635
v 58.7365 150.0000 186.2635
v 55.8762 0.0000 182.7781
v 55.8762 150.0000 182.7781
v 53.7508 0.0000 178.8017
v 53.7508 150.0000 178.8017
v 52.4419 0.0000 174.4871
v 52.4419 150.0000 174.4871
v 52.0000 0.0000 170.0000
v 52.0000 150.0000 170.0000
v 52.4419 0.0000 165.5129
v 52.4419 150.0000 165.5129
v 53.7508 0.0000 161.1983
v 53.7508 150.0000 161.1983
v 55.8762 0.0000 157.2219
v 55.8762 150.0000 157.2219
v 58.7365 0.0000 153.7365
v 58.7365 150.0000 153.7365
v 62.2219 0.0000 150.8762
v 62.2219 150.0000 150.8762
v 66.1983 0.0000 148.7508
v 66.1983 150.0000 148.7508
v 70.5129 0.0000 147.4419
v 70.5129 150.0000 147.4419
v 75.0000 0.0000 147.0000
v 75.0000 150.0000 147.0000
v 79.4871 0.0000 147.4419
v 79.4871 150.0000 147.4419
v 83.8017 0.0000 148.7508
v 83.8017 150.0000 148.7508
v 87.7781 0.0000 150.8762
v 87.7781 150.0000 150.8762
v 91.2635 0.0000 153.7365
v 91.2635 150.0000 153.7365
v 94.1238 0.0000 157.2219
v 94.1238 150.0000 157.2219
v 96.2492 0.0000 161.1983
v 96.2492 150.0000 161.1983
v 97.5581 0.0000 165.5129
v 97.5581 150.0000 165.5129
v 75.0000 0.0000 170.0000
v 75.0000 150.0000 170.0000
vn 0.000000 1.000000 0.000000
vn 0.129410 0.991445 0.017037
vn 0.130526 0.991445 0.000000
vn 0.126079 0.991445 0.033783
vn 0.120590 0.991445 0.049950
vn 0.113039 0.991445 0.065263
vn 0.103553 0.991445 0.079459
vn 0.092296 0.991445 0.092296
vn 0.079459 0.991445 0.103553
vn 0.065263 0.991445 0.113039
vn 0.049950 0.991445 0.120590
vn 0.033783 0.991445 0.126079
vn 0.017037 0.991445 0.129410
vn 0.000000 0.991445 0.130526
vn -0.017037 0.991445 0.129410
vn -0.033783 0.991445 0.126079
vn -0.049950 0.991445 0.120590
vn -0.065263 0.991445 0.113039
vn -0.079459 0.991445 0.103553
vn -0.092296 0.991445 0.092296
vn -0.103553 0.991445 0.079459
vn -0.113039 0.991445 0.065263
vn -0.120590 0.991445 0.049950
vn -0.126079 0.991445 0.033783
vn -0.129410 0.991445 0.017037
vn -0.130526 0.991445 0.000000
vn -0.129410 0.991445 -0.017037
vn -0.126079 0.991445 -0.033783
vn -0.120590 0.991445 -0.049950
vn -0.113039 0.991445 -0.065263
vn -0.103553 0.991445 -0.079459
vn -0.092296 0.991445 -0.092296
vn -0.079459 0.991445 -0.103553
vn -0.065263 0.991445 -0.113039
vn -0.049950 0.991445 -0.120590
vn -0.033783 0.991445 -0.126079
vn -0.017037 0.991445 -0.129410
vn -0.000000 0.991445 -0.130526
vn 0.017037 0.991445 -0.129410
vn 0.033783 0.991445 -0.126079
vn 0.049950 0.991445 -0.120590
vn 0.065263 0.991445 -0.113039
vn 0.079459 0.991445 -0.103553
vn 0.092296 0.991445 -0.092296
vn 0.103553 0.991445 -0.079459
vn 0.113039 0.991445 -0.065263
vn 0.120590 0.991445 -0.049950
vn 0.126079 0.991445 -0.033783
vn 0.129410 0.991445 -0.017037
vn 0.256605 0.965926 0.033783
vn 0.258819 0.965926 0.000000
vn 0.250000 0.965926 0.066987
vn 0.239118 0.965926 0.099046
vn 0.224144 0.965926 0.129410
vn 0.205335 0.965926 0.157559
vn 0.183013 0.965926 0.183013
vn 0.157559 0.965926 0.205335
vn 0.129410 0.965926 0.224144
vn 0.099046 0.965926 0.239118
vn 0.066987 0.965926 0.250000
vn 0.033783 0.965926 0.256605
vn 0.000000 0.965926 0.258819
vn -0.033783 0.965926 0.256605
vn -0.066987 0.965926 0.250000
vn -0.099046 0.965926 0.239118
vn -0.129410 0.965926 0.224144
vn -0.157559 0.965926 0.205335
vn -0.183013 0.965926 0.183013
vn -0.205335 0.965926 0.157559
vn -0.224144 0.965926 0.129410
vn -0.239118 0.965926 0.099046
vn -0.250000 0.965926 0.066987
vn -0.256605 0.965926 0.033783
vn -0.258819 0.965926 0.000000
vn -0.256605 0.965926 -0.033783
vn -0.250000 0.965926 -0.066987
vn -0.239118 0.965926 -0.099046
vn -0.224144 0.965926 -0.129410
vn -0.205335 0.965926 -0.157559
vn -0.183013 0.965926 -0.183013
vn -0.157559 0.965926 -0.205335
vn -0.129410 0.965926 -0.224144
vn -0.099046 0.965926 -0.239118
vn -0.066987 0.965926 -0.250000
vn -0.033783 0.965926 -0.256605
vn -0.000000 0.965926 -0.258819
vn 0.033783 0.965926 -0.256605
vn 0.066987 0.965926 -0.250000
vn 0.099046 0.965926 -0.239118
vn 0.129410 0.965926 -0.224144
vn 0.157559 0.965926 -0.205335
vn 0.183013 0.965926 -0.183013
vn 0.205335 0.965926 -0.157559
vn 0.224144 0.965926 -0.129410
vn 0.239118 0.965926 -0.099046
vn 0.250000 0.965926 -0.066987
vn 0.256605 0.965926 -0.033783
vn 0.379410 0.923880 0.049950
vn 0.382683 0.923880 0.000000
vn 0.369644 0.923880 0.099046
vn 0.353553 0.923880 0.146447
vn 0.331414 0.923880 0.191342
vn 0.303603 0.923880 0.232963
vn 0.270598 0.923880 0.270598
vn 0.232963 0.923880 0.303603
vn 0.191342 0.923880 0.331414
vn 0.146447 0.923880 0.353553
vn 0.099046 0.923880 0.369644
vn 0.049950 0.923880 0.379410
vn 0.000000 0.923880 0.382683
vn -0.049950 0.923880 0.379410
vn -0.099046 0.923880 0.369644
vn -0.146447 0.923880 0.353553
vn -0.191342 0.923880 0.331414
vn -0.232963 0.923880 0.303603
vn -0.270598 0.923880 0.270598
vn -0.303603 0.923880 0.232963
vn -0.331414 0.923880 0.191342
vn -0.353553 0.923880 0.146447
vn -0.369644 0.923880 0.099046
vn -0.379410 0.923880 0.049950
vn -0.382683 0.923880 0.000000
vn -0.379410 0.923880 -0.049950
vn -0.369644 0.923880 -0.099046
vn -0.353553 0.923880 -0.146447
vn -0.331414 0.923880 -0.191342
vn -0.303603 0.923880 -0.232963
vn -0.270598 0.923880 -0.270598
vn -0.232963 0.923880 -0.303603
vn -0.191342 0.923880 -0.331414
vn -0.146447 0.923880 -0.353553
vn -0.099046 0.923880 -0.369644
vn -0.049950 0.923880 -0.379410
vn -0.000000 0.923880 -0.382683
vn 0.049950 0.923880 -0.379410
vn 0.099046 0.923880 -0.369644
vn 0.146447 0.923880 -0.353553
vn 0.191342 0.923880 -0.331414
vn 0.232963 0.923880 -0.303603
vn 0.270598 0.923880 -0.270598
vn 0.303603 0.923880 -0.232963
vn 0.331414 0.923880 -0.191342
vn 0.353553 0.923880 -0.146447
vn 0.369644 0.923880 -0.099046
vn 0.379410 0.923880 -0.049950
vn 0.495722 0.866025 0.065263
vn 0.500000 0.866025 0.000000
vn 0.482963 0.866025 0.129410
vn 0.461940 0.866025 0.191342
vn 0.433013 0.866025 0.250000
vn 0.396677 0.866025 0.304381
vn 0.353553 0.866025 0.353553
vn 0.304381 0.866025 0.396677
vn 0.250000 0.866025 0.433013
vn 0.191342 0.866025 0.461940
vn 0.129410 0.866025 0.482963
vn 0.065263 0.866025 0.495722
vn 0.000000 0.866025 0.500000
vn -0.065263 0.866025 0.495722
vn -0.129410 0.866025 0.482963
vn -0.191342 0.866025 0.461940
vn -0.250000 0.866025 0.433013
vn -0.304381 0.866025 0.396677
vn -0.353553 0.866025 0.353553
vn -0.396677 0.866025 0.304381
vn -0.433013 0.866025 0.250000
vn -0.461940 0.866025 0.191342
vn -0.482963 0.866025 0.129410
vn -0.495722 0.866025 0.065263
vn -0.500000 0.866025 0.000000
vn -0.495722 0.866025 -0.065263
vn -0.482963 0.866025 -0.129410
vn -0.461940 0.866025 -0.191342
vn -0.433013 0.866025 -0.250000
vn -0.396677 0.866025 -0.304381
vn -0.353553 0.866025 -0.353553
vn -0.304381 0.866025 -0.396677
vn -0.250000 0.866025 -0.433013
vn -0.191342 0.866025 -0.461940
vn -0.129410 0.866025 -0.482963
vn -0.065263 0.866025 -0.495722
vn -0.000000 0.866025 -0.500000
vn 0.065263 0.866025 -0.495722
vn 0.129410 0.866025 -0.482963
vn 0.191342 0.866025 -0.461940
vn 0.250000 0.866025 -0.433013
vn 0.304381 0.866025 -0.396677
vn 0.353553 0.866025 -0.353553
vn 0.396677 0.866025 -0.304381
vn 0.433013 0.866025 -0.250000
vn 0.461940 0.866025 -0.191342
vn 0.482963 0.866025 -0.129410
vn 0.495722 0.866025 -0.065263
vn 0.603553 0.793353 0.079459
vn 0.608761 0.793353 0.000000
vn 0.588018 0.793353 0.157559
vn 0.562422 0.793353 0.232963
vn 0.527203 0.793353 0.304381
vn 0.482963 0.793353 0.370590
vn 0.430459 0.793353 0.430459
vn 0.370590 0.793353 0.482963
vn 0.304381 0.793353 0.527203
vn 0.232963 0.793353 0.562422
vn 0.157559 0.793353 0.588018
vn 0.079459 0.793353 0.603553
vn 0.000000 0.793353 0.608761
vn -0.079459 0.793353 0.603553
vn -0.157559 0.793353 0.588018
vn -0.232963 0.793353 0.562422
vn -0.304381 0.793353 0.527203
vn -0.370590 0.793353 0.482963
vn -0.430459 0.793353 0.430459
vn -0.482963 0.793353 0.370590
vn -0.527203 0.793353 0.304381
vn -0.562422 0.793353 0.232963
vn -0.588018 0.793353 0.157559
vn -0.603553 0.793353 0.079459
vn -0.608761 0.793353 0.000000
vn -0.603553 0.793353 -0.079459
vn -0.588018 0.793353 -0.157559
vn -0.562422 0.793353 -0.232963
vn -0.527203 0.793353 -0.304381
vn -0.482963 0.793353 -0.370590
vn -0.430459 0.793353 -0.430459
vn -0.370590 0.793353 -0.482963
vn -0.304381 0.793353 -0.527203
vn -0.232963 0.793353 -0.562422
vn -0.157559 0.793353 -0.588018
vn -0.079459 0.793353 -0.603553
vn -0.000000 0.793353 -0.608761
vn 0.079459 0.793353 -0.603553
vn 0.157559 0.793353 -0.588018
vn 0.232963 0.793353 -0.562422
vn 0.304381 0.793353 -0.527203
vn 0.370590 0.793353 -0.482963
vn 0.430459 0.793353 -0.430459
vn 0.482963 0.793353 -0.370590
vn 0.527203 0.793353 -0.304381
vn 0.562422 0.793353 -0.232963
vn 0.588018 0.793353 -0.157559
vn 0.603553 0.793353 -0.079459
vn 0.701057 0.707107 0.092296
vn 0.707107 0.707107 0.000000
vn 0.683013 0.707107 0.183013
vn 0.653281 0.707107 0.270598
vn 0.612372 0.707107 0.353553
vn 0.560986 0.707107 0.430459
vn 0.500000 0.707107 0.500000
vn 0.430459 0.707107 0.560986
vn 0.353553 0.707107 0.612372
vn 0.270598 0.707107 0.653281
vn 0.183013 0.707107 0.683013
vn 0.092296 0.707107 0.701057
vn 0.000000 0.707107 0.707107
vn -0.092296 0.707107 0.701057
vn -0.183013 0.707107 0.683013
vn -0.270598 0.707107 0.653281
vn -0.353553 0.707107 0.612372
vn -0.430459 0.707107 0.560986
vn -0.500000 0.707107 0.500000
vn -0.560986 0.707107 0.430459
vn -0.612372 0.707107 0.353553
vn -0.653281 0.707107 0.270598
vn -0.683013 0.707107 0.183013
vn -0.701057 0.707107 0.092296
vn -0.707107 0.707107 0.000000
vn -0.701057 0.707107 -0.092296
vn -0.683013 0.707107 -0.183013
vn -0.653281 0.707107 -0.270598
vn -0.612372 0.707107 -0.353553
vn -0.560986 0.707107 -0.430459
vn -0.500000 0.707107 -0.500000
vn -0.430459 0.707107 -0.560986
vn -0.353553 0.707107 -0.612372
vn -0.270598 0.707107 -0.653281
vn -0.183013 0.707107 -0.683013
vn -0.092296 0.707107 -0.701057
vn -0.000000 0.707107 -0.707107
vn 0.092296 0.707107 -0.701057
vn 0.183013 0.707107 -0.683013
vn 0.270598 0.707107 -0.653281
vn 0.353553 0.707107 -0.612372
vn 0.430459 0.707107 -0.560986
vn 0.500000 0.707107 -0.500000
vn 0.560986 0.707107 -0.430459
vn 0.612372 0.707107 -0.353553
vn 0.653281 0.707107 -0.270598
vn 0.683013 0.707107 -0.183013
vn 0.701057 0.707107 -0.092296
vn 0.786566 0.608761 0.103553
vn 0.793353 0.608761 0.000000
vn 0.766320 0.608761 0.205335
vn 0.732963 0.608761 0.303603
vn 0.687064 0.608761 0.396677
vn 0.629410 0.608761 0.482963
vn 0.560986 0.608761 0.560986
vn 0.482963 0.608761 0.629410
vn 0.396677 0.608761 0.687064
vn 0.303603 0.608761 0.732963
vn 0.205335 0.608761 0.766320
vn 0.103553 0.608761 0.786566
vn 0.000000 0.608761 0.793353
vn -0.103553 0.608761 0.786566
vn -0.205335 0.608761 0.766320
vn -0.303603 0.608761 0.732963
vn -0.396677 0.608761 0.687064
vn -0.482963 0.608761 0.629410
vn -0.560986 0.608761 0.560986
vn -0.629410 0.608761 0.482963
vn -0.687064 0.608761 0.396677
vn -0.732963 0.608761 0.303603
vn -0.766320 0.608761 0.205335
vn -0.786566 0.608761 0.103553
vn -0.793353 0.608761 0.000000
vn -0.786566 0.608761 -0.103553
vn -0.766320 0.608761 -0.205335
vn -0.732963 0.608761 -0.303603
vn -0.687064 0.608761 -0.396677
vn -0.629410 0.608761 -0.482963
vn -0.560986 0.608761 -0.560986
vn -0.482963 0.608761 -0.629410
vn -0.396677 0.608761 -0.687064
vn -0.303603 0.608761 -0.732963
vn -0.205335 0.608761 -0.766320
vn -0.103553 0.608761 -0.786566
vn -0.000000 0.608761 -0.793353
vn 0.103553 0.608761 -0.786566
vn 0.205335 0.608761 -0.766320
vn 0.303603 0.608761 -0.732963
vn 0.396677 0.608761 -0.687064
vn 0.482963 0.608761 -0.629410
vn 0.560986 0.608761 -0.560986
vn 0.629410 0.608761 -0.482963
vn 0.687064 0.608761 -0.396677
vn 0.732963 0.608761 -0.303603
vn 0.766320 0.608761 -0.205335
vn 0.786566 0.608761 -0.103553
vn 0.858616 0.500000 0.113039
vn 0.866025 0.500000 0.000000
vn 0.836516 0.500000 0.224144
vn 0.800103 0.500000 0.331414
vn 0.750000 0.500000 0.433013
vn 0.687064 0.500000 0.527203
vn 0.612372 0.500000 0.612372
vn 0.527203 0.500000 0.687064
vn 0.433013 0.500000 0.750000
vn 0.331414 0.500000 0.800103
vn 0.224144 0.500000 0.836516
vn 0.113039 0.500000 0.858616
vn 0.000000 0.500000 0.866025
vn -0.113039 0.500000 0.858616
vn -0.224144 0.500000 0.836516
vn -0.331414 0.500000 0.800103
vn -0.433013 0.500000 0.750000
vn -0.527203 0.500000 0.687064
vn -0.612372 0.500000 0.612372
vn -0.687064 0.500000 0.527203
vn -0.750000 0.500000 0.433013
vn -0.800103 0.500000 0.331414
vn -0.836516 0.500000 0.224144
vn -0.858616 0.500000 0.113039
vn -0.866025 0.500000 0.000000
vn -0.858616 0.500000 -0.113039
vn -0.836516 0.500000 -0.224144
vn -0.800103 0.500000 -0.331414
vn -0.750000 0.500000 -0.433013
vn -0.687064 0.500000 -0.527203
vn -0.612372 0.500000 -0.612372
vn -0.527203 0.500000 -0.687064
vn -0.433013 0.500000 -0.750000
vn -0.331414 0.500000 -0.800103
vn -0.224144 0.500000 -0.836516
vn -0.113039 0.500000 -0.858616
vn -0.000000 0.500000 -0.866025
vn 0.113039 0.500000 -0.858616
vn 0.224144 0.500000 -0.836516
vn 0.331414 0.500000 -0.800103
vn 0.433013 0.500000 -0.750000
vn 0.527203 0.500000 -0.687064
vn 0.612372 0.500000 -0.612372
vn 0.687064 0.500000 -0.527203
vn 0.750000 0.500000 -0.433013
vn 0.800103 0.500000 -0.331414
vn 0.836516 0.500000 -0.224144
vn 0.858616 0.500000 -0.113039
vn 0.915976 0.382683 0.120590
vn 0.923880 0.382683 0.000000
vn 0.892399 0.382683 0.239118
vn 0.853553 0.382683 0.353553
vn 0.800103 0.382683 0.461940
vn 0.732963 0.382683 0.562422
vn 0.653281 0.382683 0.653281
vn 0.562422 0.382683 0.732963
vn 0.461940 0.382683 0.800103
vn 0.353553 0.382683 0.853553
vn 0.239118 0.382683 0.892399
vn 0.120590 0.382683 0.915976
vn 0.000000 0.382683 0.923880
vn -0.120590 0.382683 0.915976
vn -0.239118 0.382683 0.892399
vn -0.353553 0.382683 0.853553
vn -0.461940 0.382683 0.800103
vn -0.562422 0.382683 0.732963
vn -0.653281 0.382683 0.653281
vn -0.732963 0.382683 0.562422
vn -0.800103 0.382683 0.461940
vn -0.853553 0.382683 0.353553
vn -0.892399 0.382683 0.239118
vn -0.915976 0.382683 0.120590
vn -0.923880 0.382683 0.000000
vn -0.915976 0.382683 -0.120590
vn -0.892399 0.382683 -0.239118
vn -0.853553 0.382683 -0.353553
vn -0.800103 0.382683 -0.461940
vn -0.732963 0.382683 -0.562422
vn -0.653281 0.382683 -0.653281
vn -0.562422 0.382683 -0.732963
vn -0.461940 0.382683 -0.800103
vn -0.353553 0.382683 -0.853553
vn -0.239118 0.382683 -0.892399
vn -0.120590 0.382683 -0.915976
vn -0.000000 0.382683 -0.923880
vn 0.120590 0.382683 -0.915976
vn 0.239118 0.382683 -0.892399
vn 0.353553 0.382683 -0.853553
vn 0.461940 0.382683 -0.800103
vn 0.562422 0.382683 -0.732963
vn 0.653281 0.382683 -0.653281
vn 0.732963 0.382683 -0.562422
vn 0.800103 0.382683 -0.461940
vn 0.853553 0.382683 -0.353553
vn 0.892399 0.382683 -0.239118
vn 0.915976 0.382683 -0.120590
vn 0.957662 0.258819 0.126079
vn 0.965926 0.258819 0.000000
vn 0.933013 0.258819 0.250000
vn 0.892399 0.258819 0.369644
vn 0.836516 0.258819 0.482963
vn 0.766320 0.258819 0.588018
vn 0.683013 0.258819 0.683013
vn 0.588018 0.258819 0.766320
vn 0.482963 0.258819 0.836516
vn 0.369644 0.258819 0.892399
vn 0.250000 0.258819 0.933013
vn 0.126079 0.258819 0.957662
vn 0.000000 0.258819 0.965926
vn -0.126079 0.258819 0.957662
vn -0.250000 0.258819 0.933013
vn -0.369644 0.258819 0.892399
vn -0.482963 0.258819 0.836516
vn -0.588018 0.258819 0.766320
vn -0.683013 0.258819 0.683013
vn -0.766320 0.258819 0.588018
vn -0.836516 0.258819 0.482963
vn -0.892399 0.258819 0.369644
vn -0.933013 0.258819 0.250000
vn -0.957662 0.258819 0.126079
vn -0.965926 0.258819 0.000000
vn -0.957662 0.258819 -0.126079
vn -0.933013 0.258819 -0.250000
vn -0.892399 0.258819 -0.369644
vn -0.836516 0.258819 -0.482963
vn -0.766320 0.258819 -0.588018
vn -0.683013 0.258819 -0.683013
vn -0.588018 0.258819 -0.766320
vn -0.482963 0.258819 -0.836516
vn -0.369644 0.258819 -0.892399
vn -0.250000 0.258819 -0.933013
vn -0.126079 0.258819 -0.957662
vn -0.000000 0.258819 -0.965926
vn 0.126079 0.258819 -0.957662
vn 0.250000 0.258819 -0.933013
vn 0.369644 0.258819 -0.892399
vn 0.482963 0.258819 -0.836516
vn 0.588018 0.258819 -0.766320
vn 0.683013 0.258819 -0.683013
vn 0.766320 0.258819 -0.588018
vn 0.836516 0.258819 -0.482963
vn 0.892399 0.258819 -0.369644
vn 0.933013 0.258819 -0.250000
vn 0.957662 0.258819 -0.126079
vn 0.982963 0.130526 0.129410
vn 0.991445 0.130526 0.000000
vn 0.957662 0.130526 0.256605
vn 0.915976 0.130526 0.379410
vn 0.858616 0.130526 0.495722
vn 0.786566 0.130526 0.603553
vn 0.701057 0.130526 0.701057
vn 0.603553 0.130526 0.786566
vn 0.495722 0.130526 0.858616
vn 0.379410 0.130526 0.915976
vn 0.256605 0.130526 0.957662
vn 0.129410 0.130526 0.982963
vn 0.000000 0.130526 0.991445
vn -0.129410 0.130526 0.982963
vn -0.256605 0.130526 0.957662
vn -0.379410 0.130526 0.915976
vn -0.495722 0.130526 0.858616
vn -0.603553 0.130526 0.786566
vn -0.701057 0.130526 0.701057
vn -0.786566 0.130526 0.603553
vn -0.858616 0.130526 0.495722
vn -0.915976 0.130526 0.379410
vn -0.957662 0.130526 0.256605
vn -0.982963 0.130526 0.129410
vn -0.991445 0.130526 0.000000
vn -0.982963 0.130526 -0.129410
vn -0.957662 0.130526 -0.256605
vn -0.915976 0.130526 -0.379410
vn -0.858616 0.130526 -0.495722
vn -0.786566 0.130526 -0.603553
vn -0.701057 0.130526 -0.701057
vn -0.603553 0.130526 -0.786566
vn -0.495722 0.130526 -0.858616
vn -0.379410 0.130526 -0.915976
vn -0.256605 0.130526 -0.957662
vn -0.129410 0.130526 -0.982963
vn -0.000000 0.130526 -0.991445
vn 0.129410 0.130526 -0.982963
vn 0.256605 0.130526 -0.957662
vn 0.379410 0.130526 -0.915976
vn 0.495722 0.130526 -0.858616
vn 0.603553 0.130526 -0.786566
vn 0.701057 0.130526 -0.701057
vn 0.786566 0.130526 -0.603553
vn 0.858616 0.130526 -0.495722
vn 0.915976 0.130526 -0.379410
vn 0.957662 0.130526 -0.256605
vn 0.982963 0.130526 -0.129410
vn 0.991445 0.000000 0.130526
vn 1.000000 0.000000 0.000000
vn 0.965926 0.000000 0.258819
vn 0.923880 0.000000 0.382683
vn 0.866025 0.000000 0.500000
vn 0.793353 0.000000 0.608761
vn 0.707107 0.000000 0.707107
vn 0.608761 0.000000 0.793353
vn 0.500000 0.000000 0.866025
vn 0.382683 0.000000 0.923880
vn 0.258819 0.000000 0.965926
vn 0.130526 0.000000 0.991445
vn 0.000000 0.000000 1.000000
vn -0.130526 0.000000 0.991445
vn -0.258819 0.000000 0.965926
vn -0.382683 0.000000 0.923880
vn -0.500000 0.000000 0.866025
vn -0.608761 0.000000 0.793353
vn -0.707107 0.000000 0.707107
vn -0.793353 0.000000 0.608761
vn -0.866025 0.000000 0.500000
vn -0.923880 0.000000 0.382683
vn -0.965926 0.000000 0.258819
vn -0.991445 0.000000 0.130526
vn -1.000000 0.000000 0.000000
vn -0.991445 0.000000 -0.130526
vn -0.965926 0.000000 -0.258819
vn -0.923880 0.000000 -0.382683
vn -0.866025 0.000000 -0.500000
vn -0.793353 0.000000 -0.608761
vn -0.707107 0.000000 -0.707107
vn -0.608761 0.000000 -0.793353
vn -0.500000 0.000000 -0.866025
vn -0.382683 0.000000 -0.923880
vn -0.258819 0.000000 -0.965926
vn -0.130526 0.000000 -0.991445
vn -0.000000 0.000000 -1.000000
vn 0.130526 0.000000 -0.991445
vn 0.258819 0.000000 -0.965926
vn 0.382683 0.000000 -0.923880
vn 0.500000 0.000000 -0.866025
vn 0.608761 0.000000 -0.793353
vn 0.707107 0.000000 -0.707107
vn 0.793353 0.000000 -0.608761
vn 0.866025 0.000000 -0.500000
vn 0.923880 0.000000 -0.382683
vn 0.965926 0.000000 -0.258819
vn 0.991445 0.000000 -0.130526
vn 0.982963 -0.130526 0.129410
vn 0.991445 -0.130526 0.000000
vn 0.957662 -0.130526 0.256605
vn 0.915976 -0.130526 0.379410
vn 0.858616 -0.130526 0.495722
vn 0.786566 -0.130526 0.603553
vn 0.701057 -0.130526 0.701057
vn 0.603553 -0.130526 0.786566
vn 0.495722 -0.130526 0.858616
vn 0.379410 -0.130526 0.915976
vn 0.256605 -0.130526 0.957662
vn 0.129410 -0.130526 0.982963
vn 0.000000 -0.130526 0.991445
vn -0.129410 -0.130526 0.982963
vn -0.256605 -0.130526 0.957662
vn -0.379410 -0.130526 0.915976
vn -0.495722 -0.130526 0.858616
vn -0.603553 -0.130526 0.786566
vn -0.701057 -0.130526 0.701057
vn -0.786566 -0.130526 0.603553
vn -0.858616 -0.130526 0.495722
vn -0.915976 -0.130526 0.379410
vn -0.957662 -0.130526 0.256605
vn -0.982963 -0.130526 0.129410
vn -0.991445 -0.130526 0.000000
vn -0.982963 -0.130526 -0.129410
vn -0.957662 -0.130526 -0.256605
vn -0.915976 -0.130526 -0.379410
vn -0.858616 -0.130526 -0.495722
vn -0.786566 -0.130526 -0.603553
vn -0.701057 -0.130526 -0.701057
vn -0.603553 -0.130526 -0.786566
vn -0.495722 -0.130526 -0.858616
vn -0.379410 -0.130526 -0.915976
vn -0.256605 -0.130526 -0.957662
vn -0.129410 -0.130526 -0.982963
vn -0.000000 -0.130526 -0.991445
vn 0.129410 -0.130526 -0.982963
vn 0.256605 -0.130526 -0.957662
vn 0.379410 -0.130526 -0.915976
vn 0.495722 -0.130526 -0.858616
vn 0.603553 -0.130526 -0.786566
vn 0.701057 -0.130526 -0.701057
vn 0.786566 -0.130526 -0.603553
vn 0.858616 -0.130526 -0.495722
vn 0.915976 -0.130526 -0.379410
vn 0.957662 -0.130526 -0.256605
vn 0.982963 -0.130526 -0.129410
vn 0.957662 -0.258819 0.126079
vn 0.965926 -0.258819 0.000000
vn 0.933013 -0.258819 0.250000
vn 0.892399 -0.258819 0.369644
vn 0.836516 -0.258819 0.482963
vn 0.766320 -0.258819 0.588018
vn 0.683013 -0.258819 0.683013
vn 0.588018 -0.258819 0.766320
vn 0.482963 -0.258819 0.836516
vn 0.369644 -0.258819 0.892399
vn 0.250000 -0.258819 0.933013
vn 0.126079 -0.258819 0.957662
vn 0.000000 -0.258819 0.965926
vn -0.126079 -0.258819 0.957662
vn -0.250000 -0.258819 0.933013
vn -0.369644 -0.258819 0.892399
vn -0.482963 -0.258819 0.836516
vn -0.588018 -0.258819 0.766320
vn -0.683013 -0.258819 0.683013
vn -0.766320 -0.258819 0.588018
vn -0.836516 -0.258819 0.482963
vn -0.892399 -0.258819 0.369644
vn -0.933013 -0.258819 0.250000
vn -0.957662 -0.258819 0.126079
vn -0.965926 -0.258819 0.000000
vn -0.957662 -0.258819 -0.126079
vn -0.933013 -0.258819 -0.250000
vn -0.892399 -0.258819 -0.369644
vn -0.836516 -0.258819 -0.482963
vn -0.766320 -0.258819 -0.588018
vn -0.683013 -0.258819 -0.683013
vn -0.588018 -0.258819 -0.766320
vn -0.482963 -0.258819 -0.836516
vn -0.369644 -0.258819 -0.892399
vn -0.250000 -0.258819 -0.933013
vn -0.126079 -0.258819 -0.957662
vn -0.000000 -0.258819 -0.965926
vn 0.126079 -0.258819 -0.957662
vn 0.250000 -0.258819 -0.933013
vn 0.369644 -0.258819 -0.892399
vn 0.482963 -0.258819 -0.836516
vn 0.588018 -0.258819 -0.766320
vn 0.683013 -0.258819 -0.683013
vn 0.766320 -0.258819 -0.588018
vn 0.836516 -0.258819 -0.482963
vn 0.892399 -0.258819 -0.369644
vn 0.933013 -0.258819 -0.250000
vn 0.957662 -0.258819 -0.126079
vn 0.915976 -0.382683 0.120590
vn 0.923880 -0.382683 0.000000
vn 0.892399 -0.382683 0.239118
vn 0.853553 -0.382683 0.353553
vn 0.800103 -0.382683 0.461940
vn 0.732963 -0.382683 0.562422
vn 0.653281 -0.382683 0.653281
vn 0.562422 -0.382683 0.732963
vn 0.461940 -0.382683 0.800103
vn 0.353553 -0.382683 0.853553
vn 0.239118 -0.382683 0.892399
vn 0.120590 -0.382683 0.915976
vn 0.000000 -0.382683 0.923880
vn -0.120590 -0.382683 0.915976
vn -0.239118 -0.382683 0.892399
vn -0.353553 -0.382683 0.853553
vn -0.461940 -0.382683 0.800103
vn -0.562422 -0.382683 0.732963
vn -0.653281 -0.382683 0.653281
vn -0.732963 -0.382683 0.562422
vn -0.800103 -0.382683 0.461940
vn -0.853553 -0.382683 0.353553
vn -0.892399 -0.382683 0.239118
vn -0.915976 -0.382683 0.120590
vn -0.923880 -0.382683 0.000000
vn -0.915976 -0.382683 -0.120590
vn -0.892399 -0.382683 -0.239118
vn -0.853553 -0.382683 -0.353553
vn -0.800103 -0.382683 -0.461940
vn -0.732963 -0.382683 -0.562422
vn -0.653281 -0.382683 -0.653281
vn -0.562422 -0.382683 -0.732963
vn -0.461940 -0.382683 -0.800103
vn -0.353553 -0.382683 -0.853553
vn -0.239118 -0.382683 -0.892399
vn -0.120590 -0.382683 -0.915976
vn -0.000000 -0.382683 -0.923880
vn 0.120590 -0.382683 -0.915976
vn 0.239118 -0.382683 -0.892399
vn 0.353553 -0.382683 -0.853553
vn 0.461940 -0.382683 -0.800103
vn 0.562422 -0.382683 -0.732963
vn 0.653281 -0.382683 -0.653281
vn 0.732963 -0.382683 -0.562422
vn 0.800103 -0.382683 -0.461940
vn 0.853553 -0.382683 -0.353553
vn 0.892399 -0.382683 -0.239118
vn 0.915976 -0.382683 -0.120590
vn 0.858616 -0.500000 0.113039
vn 0.866025 -0.500000 0.000000
vn 0.836516 -0.500000 0.224144
vn 0.800103 -0.500000 0.331414
vn 0.750000 -0.500000 0.433013
vn 0.687064 -0.500000 0.527203
vn 0.612372 -0.500000 0.612372
vn 0.527203 -0.500000 0.687064
vn 0.433013 -0.500000 0.750000
vn 0.331414 -0.500000 0.800103
vn 0.224144 -0.500000 0.836516
vn 0.113039 -0.500000 0.858616
vn 0.000000 -0.500000 0.866025
vn -0.113039 -0.500000 0.858616
vn -0.224144 -0.500000 0.836516
vn -0.331414 -0.500000 0.800103
vn -0.433013 -0.500000 0.750000
vn -0.527203 -0.500000 0.687064
vn -0.612372 -0.500000 0.612372
vn -0.687064 -0.500000 0.527203
vn -0.750000 -0.500000 0.433013
vn -0.800103 -0.500000 0.331414
vn -0.836516 -0.500000 0.224144
vn -0.858616 -0.500000 0.113039
vn -0.866025 -0.500000 0.000000
vn -0.858616 -0.500000 -0.113039
vn -0.836516 -0.500000 -0.224144
vn -0.800103 -0.500000 -0.331414
vn -0.750000 -0.500000 -0.433013
vn -0.687064 -0.500000 -0.527203
vn -0.612372 -0.500000 -0.612372
vn -0.527203 -0.500000 -0.687064
vn -0.433013 -0.500000 -0.750000
vn -0.331414 -0.500000 -0.800103
vn -0.224144 -0.500000 -0.836516
vn -0.113039 -0.500000 -0.858616
vn -0.000000 -0.500000 -0.866025
vn 0.113039 -0.500000 -0.858616
vn 0.224144 -0.500000 -0.836516
vn 0.331414 -0.500000 -0.800103
vn 0.433013 -0.500000 -0.750000
vn 0.527203 -0.500000 -0.687064
vn 0.612372 -0.500000 -0.612372
vn 0.687064 -0.500000 -0.527203
vn 0.750000 -0.500000 -0.433013
vn 0.800103 -0.500000 -0.331414
vn 0.836516 -0.500000 -0.224144
vn 0.858616 -0.500000 -0.113039
vn 0.786566 -0.608761 0.103553
vn 0.793353 -0.608761 0.000000
vn 0.766320 -0.608761 0.205335
vn 0.732963 -0.608761 0.303603
vn 0.687064 -0.608761 0.396677
vn 0.629410 -0.608761 0.482963
vn 0.560986 -0.608761 0.560986
vn 0.482963 -0.608761 0.629410
vn 0.396677 -0.608761 0.687064
vn 0.303603 -0.608761 0.732963
vn 0.205335 -0.608761 0.766320
vn 0.103553 -0.608761 0.786566
vn 0.000000 -0.608761 0.793353
vn -0.103553 -0.608761 0.786566
vn -0.205335 -0.608761 0.766320
vn -0.303603 -0.608761 0.732963
vn -0.396677 -0.608761 0.687064
vn -0.482963 -0.608761 0.629410
vn -0.560986 -0.608761 0.560986
vn -0.629410 -0.608761 0.482963
vn -0.687064 -0.608761 0.396677
vn -0.732963 -0.608761 0.303603
vn -0.766320 -0.608761 0.205335
vn -0.786566 -0.608761 0.103553
vn -0.793353 -0.608761 0.000000
vn -0.786566 -0.608761 -0.103553
vn -0.766320 -0.608761 -0.205335
vn -0.732963 -0.608761 -0.303603
vn -0.687064 -0.608761 -0.396677
vn -0.629410 -0.608761 -0.482963
vn -0.560986 -0.608761 -0.560986
vn -0.482963 -0.608761 -0.629410
vn -0.396677 -0.608761 -0.687064
vn -0.303603 -0.608761 -0.732963
vn -0.205335 -0.608761 -0.766320
vn -0.103553 -0.608761 -0.786566
vn -0.000000 -0.608761 -0.793353
vn 0.103553 -0.608761 -0.786566
vn 0.205335 -0.608761 -0.766320
vn 0.303603 -0.608761 -0.732963
vn 0.396677 -0.608761 -0.687064
vn 0.482963 -0.608761 -0.629410
vn 0.560986 -0.608761 -0.560986
vn 0.629410 -0.608761 -0.482963
vn 0.687064 -0.608761 -0.396677
vn 0.732963 -0.608761 -0.303603
vn 0.766320 -0.608761 -0.205335
vn 0.786566 -0.608761 -0.103553
vn 0.701057 -0.707107 0.092296
vn 0.707107 -0.707107 0.000000
vn 0.683013 -0.707107 0.183013
vn 0.653281 -0.707107 0.270598
vn 0.612372 -0.707107 0.353553
vn 0.560986 -0.707107 0.430459
vn 0.500000 -0.707107 0.500000
vn 0.430459 -0.707107 0.560986
vn 0.353553 -0.707107 0.612372
vn 0.270598 -0.707107 0.653281
vn 0.183013 -0.707107 0.683013
vn 0.092296 -0.707107 0.701057
vn 0.000000 -0.707107 0.707107
vn -0.092296 -0.707107 0.701057
vn -0.183013 -0.707107 0.683013
vn -0.270598 -0.707107 0.653281
vn -0.353553 -0.707107 0.612372
vn -0.430459 -0.707107 0.560986
vn -0.500000 -0.707107 0.500000
vn -0.560986 -0.707107 0.430459
vn -0.612372 -0.707107 0.353553
vn -0.653281 -0.707107 0.270598
vn -0.683013 -0.707107 0.183013
vn -0.701057 -0.707107 0.092296
vn -0.707107 -0.707107 0.000000
vn -0.701057 -0.707107 -0.092296
vn -0.683013 -0.707107 -0.183013
vn -0.653281 -0.707107 -0.270598
vn -0.612372 -0.707107 -0.353553
vn -0.560986 -0.707107 -0.430459
vn -0.500000 -0.707107 -0.500000
vn -0.430459 -0.707107 -0.560986
vn -0.353553 -0.707107 -0.612372
vn -0.270598 -0.707107 -0.653281
vn -0.183013 -0.707107 -0.683013
vn -0.092296 -0.707107 -0.701057
vn -0.000000 -0.707107 -0.707107
vn 0.092296 -0.707107 -0.701057
vn 0.183013 -0.707107 -0.683013
vn 0.270598 -0.707107 -0.653281
vn 0.353553 -0.707107 -0.612372
vn 0.430459 -0.707107 -0.560986
vn 0.500000 -0.707107 -0.500000
vn 0.560986 -0.707107 -0.430459
vn 0.612372 -0.707107 -0.353553
vn 0.653281 -0.707107 -0.270598
vn 0.683013 -0.707107 -0.183013
vn 0.701057 -0.707107 -0.092296
vn 0.603553 -0.793353 0.079459
vn 0.608761 -0.793353 0.000000
vn 0.588018 -0.793353 0.157559
vn 0.562422 -0.793353 0.232963
vn 0.527203 -0.793353 0.304381
vn 0.482963 -0.793353 0.370590
vn 0.430459 -0.793353 0.430459
vn 0.370590 -0.793353 0.482963
vn 0.304381 -0.793353 0.527203
vn 0.232963 -0.793353 0.562422
vn 0.157559 -0.793353 0.588018
vn 0.079459 -0.793353 0.603553
vn 0.000000 -0.793353 0.608761
vn -0.079459 -0.793353 0.603553
vn -0.157559 -0.793353 0.588018
vn -0.232963 -0.793353 0.562422
vn -0.304381 -0.793353 0.527203
vn -0.370590 -0.793353 0.482963
vn -0.430459 -0.793353 0.430459
vn -0.482963 -0.793353 0.370590
vn -0.527203 -0.793353 0.304381
vn -0.562422 -0.793353 0.232963
vn -0.588018 -0.793353 0.157559
vn -0.603553 -0.793353 0.079459
vn -0.608761 -0.793353 0.000000
vn -0.603553 -0.793353 -0.079459
vn -0.588018 -0.793353 -0.157559
vn -0.562422 -0.793353 -0.232963
vn -0.527203 -0.793353 -0.304381
vn -0.482963 -0.793353 -0.370590
vn -0.430459 -0.793353 -0.430459
vn -0.370590 -0.793353 -0.482963
vn -0.304381 -0.793353 -0.527203
vn -0.232963 -0.793353 -0.562422
vn -0.157559 -0.793353 -0.588018
vn -0.079459 -0.793353 -0.603553
vn -0.000000 -0.793353 -0.608761
vn 0.079459 -0.793353 -0.603553
vn 0.157559 -0.793353 -0.588018
vn 0.232963 -0.793353 -0.562422
vn 0.304381 -0.793353 -0.527203
vn 0.370590 -0.793353 -0.482963
vn 0.430459 -0.793353 -0.430459
vn 0.482963 -0.793353 -0.370590
vn 0.527203 -0.793353 -0.304381
vn 0.562422 -0.793353 -0.232963
vn 0.588018 -0.793353 -0.157559
vn 0.603553 -0.793353 -0.079459
vn 0.495722 -0.866025 0.065263
vn 0.500000 -0.866025 0.000000
vn 0.482963 -0.866025 0.129410
vn 0.461940 -0.866025 0.191342
vn 0.433013 -0.866025 0.250000
vn 0.396677 -0.866025 0.304381
vn 0.353553 -0.866025 0.353553
vn 0.304381 -0.866025 0.396677
vn 0.250000 -0.866025 0.433013
vn 0.191342 -0.866025 0.461940
vn 0.129410 -0.866025 0.482963
vn 0.065263 -0.866025 0.495722
vn 0.000000 -0.866025 0.500000
vn -0.065263 -0.866025 0.495722
vn -0.129410 -0.866025 0.482963
vn -0.191342 -0.866025 0.461940
vn -0.250000 -0.866025 0.433013
vn -0.304381 -0.866025 0.396677
vn -0.353553 -0.866025 0.353553
vn -0.396677 -0.866025 0.304381
vn -0.433013 -0.866025 0.250000
vn -0.461940 -0.866025 0.191342
vn -0.482963 -0.866025 0.129410
vn -0.495722 -0.866025 0.065263
vn -0.500000 -0.866025 0.000000
vn -0.495722 -0.866025 -0.065263
vn -0.482963 -0.866025 -0.129410
vn -0.461940 -0.866025 -0.191342
vn -0.433013 -0.866025 -0.250000
vn -0.396677 -0.866025 -0.304381
vn -0.353553 -0.866025 -0.353553
vn -0.304381 -0.866025 -0.396677
vn -0.250000 -0.866025 -0.433013
vn -0.191342 -0.866025 -0.461940
vn -0.129410 -0.866025 -0.482963
vn -0.065263 -0.866025 -0.495722
vn -0.000000 -0.866025 -0.500000
vn 0.065263 -0.866025 -0.495722
vn 0.129410 -0.866025 -0.482963
vn 0.191342 -0.866025 -0.461940
vn 0.250000 -0.866025 -0.433013
vn 0.304381 -0.866025 -0.396677
vn 0.353553 -0.866025 -0.353553
vn 0.396677 -0.866025 -0.304381
vn 0.433013 -0.866025 -0.250000
vn 0.461940 -0.866025 -0.191342
vn 0.482963 -0.866025 -0.129410
vn 0.495722 -0.866025 -0.065263
vn 0.379410 -0.923880 0.049950
vn 0.382683 -0.923880 0.000000
vn 0.369644 -0.923880 0.099046
vn 0.353553 -0.923880 0.146447
vn 0.331414 -0.923880 0.191342
vn 0.303603 -0.923880 0.232963
vn 0.270598 -0.923880 0.270598
vn 0.232963 -0.923880 0.303603
vn 0.191342 -0.923880 0.331414
vn 0.146447 -0.923880 0.353553
vn 0.099046 -0.923880 0.369644
vn 0.049950 -0.923880 0.379410
vn 0.000000 -0.923880 0.382683
vn -0.049950 -0.923880 0.379410
vn -0.099046 -0.923880 0.369644
vn -0.146447 -0.923880 0.353553
vn -0.191342 -0.923880 0.331414
vn -0.232963 -0.923880 0.303603
vn -0.270598 -0.923880 0.270598
vn -0.303603 -0.923880 0.232963
vn -0.331414 -0.923880 0.191342
vn -0.353553 -0.923880 0.146447
vn -0.369644 -0.923880 0.099046
vn -0.379410 -0.923880 0.049950
vn -0.382683 -0.923880 0.000000
vn -0.379410 -0.923880 -0.049950
vn -0.369644 -0.923880 -0.099046
vn -0.353553 -0.923880 -0.146447
vn -0.331414 -0.923880 -0.191342
vn -0.303603 -0.923880 -0.232963
vn -0.270598 -0.923880 -0.270598
vn -0.232963 -0.923880 -0.303603
vn -0.191342 -0.923880 -0.331414
vn -0.146447 -0.923880 -0.353553
vn -0.099046 -0.923880 -0.369644
vn -0.049950 -0.923880 -0.379410
vn -0.000000 -0.923880 -0.382683
vn 0.049950 -0.923880 -0.379410
vn 0.099046 -0.923880 -0.369644
vn 0.146447 -0.923880 -0.353553
vn 0.191342 -0.923880 -0.331414
vn 0.232963 -0.923880 -0.303603
vn 0.270598 -0.923880 -0.270598
vn 0.303603 -0.923880 -0.232963
vn 0.331414 -0.923880 -0.191342
vn 0.353553 -0.923880 -0.146447
vn 0.369644 -0.923880 -0.099046
vn 0.379410 -0.923880 -0.049950
vn 0.256605 -0.965926 0.033783
vn 0.258819 -0.965926 0.000000
vn 0.250000 -0.965926 0.066987
vn 0.239118 -0.965926 0.099046
vn 0.224144 -0.965926 0.129410
vn 0.205335 -0.965926 0.157559
vn 0.183013 -0.965926 0.183013
vn 0.157559 -0.965926 0.205335
vn 0.129410 -0.965926 0.224144
vn 0.099046 -0.965926 0.239118
vn 0.066987 -0.965926 0.250000
vn 0.033783 -0.965926 0.256605
vn 0.000000 -0.965926 0.258819
vn -0.033783 -0.965926 0.256605
vn -0.066987 -0.965926 0.250000
vn -0.099046 -0.965926 0.239118
vn -0.129410 -0.965926 0.224144
vn -0.157559 -0.965926 0.205335
vn -0.183013 -0.965926 0.183013
vn -0.205335 -0.965926 0.157559
vn -0.224144 -0.965926 0.129410
vn -0.239118 -0.965926 0.099046
vn -0.250000 -0.965926 0.066987
vn -0.256605 -0.965926 0.033783
vn -0.258819 -0.965926 0.000000
vn -0.256605 -0.965926 -0.033783
vn -0.250000 -0.965926 -0.066987
vn -0.239118 -0.965926 -0.099046
vn -0.224144 -0.965926 -0.129410
vn -0.205335 -0.965926 -0.157559
vn -0.183013 -0.965926 -0.183013
vn -0.157559 -0.965926 -0.205335
vn -0.129410 -0.965926 -0.224144
vn -0.099046 -0.965926 -0.239118
vn -0.066987 -0.965926 -0.250000
vn -0.033783 -0.965926 -0.256605
vn -0.000000 -0.965926 -0.258819
vn 0.033783 -0.965926 -0.256605
vn 0.066987 -0.965926 -0.250000
vn 0.099046 -0.965926 -0.239118
vn 0.129410 -0.965926 -0.224144
vn 0.157559 -0.965926 -0.205335
vn 0.183013 -0.965926 -0.183013
vn 0.205335 -0.965926 -0.157559
vn 0.224144 -0.965926 -0.129410
vn 0.239118 -0.965926 -0.099046
vn 0.250000 -0.965926 -0.066987
vn 0.256605 -0.965926 -0.033783
vn 0.129410 -0.991445 0.017037
vn 0.130526 -0.991445 0.000000
vn 0.126079 -0.991445 0.033783
vn 0.120590 -0.991445 0.049950
vn 0.113039 -0.991445 0.065263
vn 0.103553 -0.991445 0.079459
vn 0.092296 -0.991445 0.092296
vn 0.079459 -0.991445 0.103553
vn 0.065263 -0.991445 0.113039
vn 0.049950 -0.991445 0.120590
vn 0.033783 -0.991445 0.126079
vn 0.017037 -0.991445 0.129410
vn 0.000000 -0.991445 0.130526
vn -0.017037 -0.991445 0.129410
vn -0.033783 -0.991445 0.126079
vn -0.049950 -0.991445 0.120590
vn -0.065263 -0.991445 0.113039
vn -0.079459 -0.991445 0.103553
vn -0.092296 -0.991445 0.092296
vn -0.103553 -0.991445 0.079459
vn -0.113039 -0.991445 0.065263
vn -0.120590 -0.991445 0.049950
vn -0.126079 -0.991445 0.033783
vn -0.129410 -0.991445 0.017037
vn -0.130526 -0.991445 0.000000
vn -0.129410 -0.991445 -0.017037
vn -0.126079 -0.991445 -0.033783
vn -0.120590 -0.991445 -0.049950
vn -0.113039 -0.991445 -0.065263
vn -0.103553 -0.991445 -0.079459
vn -0.092296 -0.991445 -0.092296
vn -0.079459 -0.991445 -0.103553
vn -0.065263 -0.991445 -0.113039
vn -0.049950 -0.991445 -0.120590
vn -0.033783 -0.991445 -0.126079
vn -0.017037 -0.991445 -0.129410
vn -0.000000 -0.991445 -0.130526
vn 0.017037 -0.991445 -0.129410
vn 0.033783 -0.991445 -0.126079
vn 0.049950 -0.991445 -0.120590
vn 0.065263 -0.991445 -0.113039
vn 0.079459 -0.991445 -0.103553
vn 0.092296 -0.991445 -0.092296
vn 0.103553 -0.991445 -0.079459
vn 0.113039 -0.991445 -0.065263
vn 0.120590 -0.991445 -0.049950
vn 0.126079 -0.991445 -0.033783
vn 0.129410 -0.991445 -0.017037
vn 0.000000 -1.000000 0.000000
vn 0.154508 0.987688 0.024472
vn 0.156434 0.987688 0.000000
vn 0.148778 0.987688 0.048341
vn 0.139384 0.987688 0.071020
vn 0.126558 0.987688 0.091950
vn 0.110616 0.987688 0.110616
vn 0.091950 0.987688 0.126558
vn 0.071020 0.987688 0.139384
vn 0.048341 0.987688 0.148778
vn 0.024472 0.987688 0.154508
vn 0.000000 0.987688 0.156434
vn -0.024472 0.987688 0.154508
vn -0.048341 0.987688 0.148778
vn -0.071020 0.987688 0.139384
vn -0.091950 0.987688 0.126558
vn -0.110616 0.987688 0.110616
vn -0.126558 0.987688 0.091950
vn -0.139384 0.987688 0.071020
vn -0.148778 0.987688 0.048341
vn -0.154508 0.987688 0.024472
vn -0.156434 0.987688 0.000000
vn -0.154508 0.987688 -0.024472
vn -0.148778 0.987688 -0.048341
vn -0.139384 0.987688 -0.071020
vn -0.126558 0.987688 -0.091950
vn -0.110616 0.987688 -0.110616
vn -0.091950 0.987688 -0.126558
vn -0.071020 0.987688 -0.139384
vn -0.048341 0.987688 -0.148778
vn -0.024472 0.987688 -0.154508
vn -0.000000 0.987688 -0.156434
vn 0.024472 0.987688 -0.154508
vn 0.048341 0.987688 -0.148778
vn 0.071020 0.987688 -0.139384
vn 0.091950 0.987688 -0.126558
vn 0.110616 0.987688 -0.110616
vn 0.126558 0.987688 -0.091950
vn 0.139384 0.987688 -0.071020
vn 0.148778 0.987688 -0.048341
vn 0.154508 0.987688 -0.024472
vn 0.305212 0.951057 0.048341
vn 0.309017 0.951057 0.000000
vn 0.293893 0.951057 0.095492
vn 0.275336 0.951057 0.140291
vn 0.250000 0.951057 0.181636
vn 0.218508 0.951057 0.218508
vn 0.181636 0.951057 0.250000
vn 0.140291 0.951057 0.275336
vn 0.095492 0.951057 0.293893
vn 0.048341 0.951057 0.305212
vn 0.000000 0.951057 0.309017
vn -0.048341 0.951057 0.305212
vn -0.095492 0.951057 0.293893
vn -0.140291 0.951057 0.275336
vn -0.181636 0.951057 0.250000
vn -0.218508 0.951057 0.218508
vn -0.250000 0.951057 0.181636
vn -0.275336 0.951057 0.140291
vn -0.293893 0.951057 0.095492
vn -0.305212 0.951057 0.048341
vn -0.309017 0.951057 0.000000
vn -0.305212 0.951057 -0.048341
vn -0.293893 0.951057 -0.095492
vn -0.275336 0.951057 -0.140291
vn -0.250000 0.951057 -0.181636
vn -0.218508 0.951057 -0.218508
vn -0.181636 0.951057 -0.250000
vn -0.140291 0.951057 -0.275336
vn -0.095492 0.951057 -0.293893
vn -0.048341 0.951057 -0.305212
vn -0.000000 0.951057 -0.309017
vn 0.048341 0.951057 -0.305212
vn 0.095492 0.951057 -0.293893
vn 0.140291 0.951057 -0.275336
vn 0.181636 0.951057 -0.250000
vn 0.218508 0.951057 -0.218508
vn 0.250000 0.951057 -0.181636
vn 0.275336 0.951057 -0.140291
vn 0.293893 0.951057 -0.095492
vn 0.305212 0.951057 -0.048341
vn 0.448401 0.891007 0.071020
vn 0.453990 0.891007 0.000000
vn 0.431771 0.891007 0.140291
vn 0.404508 0.891007 0.206107
vn 0.367286 0.891007 0.266849
vn 0.321020 0.891007 0.321020
vn 0.266849 0.891007 0.367286
vn 0.206107 0.891007 0.404508
vn 0.140291 0.891007 0.431771
vn 0.071020 0.891007 0.448401
vn 0.000000 0.891007 0.453990
vn -0.071020 0.891007 0.448401
vn -0.140291 0.891007 0.431771
vn -0.206107 0.891007 0.404508
vn -0.266849 0.891007 0.367286
vn -0.321020 0.891007 0.321020
vn -0.367286 0.891007 0.266849
vn -0.404508 0.891007 0.206107
vn -0.431771 0.891007 0.140291
vn -0.448401 0.891007 0.071020
vn -0.453990 0.891007 0.000000
vn -0.448401 0.891007 -0.071020
vn -0.431771 0.891007 -0.140291
vn -0.404508 0.891007 -0.206107
vn -0.367286 0.891007 -0.266849
vn -0.321020 0.891007 -0.321020
vn -0.266849 0.891007 -0.367286
vn -0.206107 0.891007 -0.404508
vn -0.140291 0.891007 -0.431771
vn -0.071020 0.891007 -0.448401
vn -0.000000 0.891007 -0.453990
vn 0.071020 0.891007 -0.448401
vn 0.140291 0.891007 -0.431771
vn 0.206107 0.891007 -0.404508
vn 0.266849 0.891007 -0.367286
vn 0.321020 0.891007 -0.321020
vn 0.367286 0.891007 -0.266849
vn 0.404508 0.891007 -0.206107
vn 0.431771 0.891007 -0.140291
vn 0.448401 0.891007 -0.071020
vn 0.580549 0.809017 0.091950
vn 0.587785 0.809017 0.000000
vn 0.559017 0.809017 0.181636
vn 0.523720 0.809017 0.266849
vn 0.475528 0.809017 0.345492
vn 0.415627 0.809017 0.415627
vn 0.345492 0.809017 0.475528
vn 0.266849 0.809017 0.523720
vn 0.181636 0.809017 0.559017
vn 0.091950 0.809017 0.580549
vn 0.000000 0.809017 0.587785
vn -0.091950 0.809017 0.580549
vn -0.181636 0.809017 0.559017
vn -0.266849 0.809017 0.523720
vn -0.345492 0.809017 0.475528
vn -0.415627 0.809017 0.415627
vn -0.475528 0.809017 0.345492
vn -0.523720 0.809017 0.266849
vn -0.559017 0.809017 0.181636
vn -0.580549 0.809017 0.091950
vn -0.587785 0.809017 0.000000
vn -0.580549 0.809017 -0.091950
vn -0.559017 0.809017 -0.181636
vn -0.523720 0.809017 -0.266849
vn -0.475528 0.809017 -0.345492
vn -0.415627 0.809017 -0.415627
vn -0.345492 0.809017 -0.475528
vn -0.266849 0.809017 -0.523720
vn -0.181636 0.809017 -0.559017
vn -0.091950 0.809017 -0.580549
vn -0.000000 0.809017 -0.587785
vn 0.091950 0.809017 -0.580549
vn 0.181636 0.809017 -0.559017
vn 0.266849 0.809017 -0.523720
vn 0.345492 0.809017 -0.475528
vn 0.415627 0.809017 -0.415627
vn 0.475528 0.809017 -0.345492
vn 0.523720 0.809017 -0.266849
vn 0.559017 0.809017 -0.181636
vn 0.580549 0.809017 -0.091950
vn 0.698401 0.707107 0.110616
vn 0.672499 0.707107 0.218508
vn 0.630037 0.707107 0.321020
vn 0.572061 0.707107 0.415627
vn 0.415627 0.707107 0.572061
vn 0.321020 0.707107 0.630037
vn 0.218508 0.707107 0.672499
vn 0.110616 0.707107 0.698401
vn -0.110616 0.707107 0.698401
vn -0.218508 0.707107 0.672499
vn -0.321020 0.707107 0.630037
vn -0.415627 0.707107 0.572061
vn -0.572061 0.707107 0.415627
vn -0.630037 0.707107 0.321020
vn -0.672499 0.707107 0.218508
vn -0.698401 0.707107 0.110616
vn -0.698401 0.707107 -0.110616
vn -0.672499 0.707107 -0.218508
vn -0.630037 0.707107 -0.321020
vn -0.572061 0.707107 -0.415627
vn -0.415627 0.707107 -0.572061
vn -0.321020 0.707107 -0.630037
vn -0.218508 0.707107 -0.672499
vn -0.110616 0.707107 -0.698401
vn 0.110616 0.707107 -0.698401
vn 0.218508 0.707107 -0.672499
vn 0.321020 0.707107 -0.630037
vn 0.415627 0.707107 -0.572061
vn 0.572061 0.707107 -0.415627
vn 0.630037 0.707107 -0.321020
vn 0.672499 0.707107 -0.218508
vn 0.698401 0.707107 -0.110616
vn 0.799057 0.587785 0.126558
vn 0.809017 0.587785 0.000000
vn 0.769421 0.587785 0.250000
vn 0.720839 0.587785 0.367286
vn 0.654508 0.587785 0.475528
vn 0.572061 0.587785 0.572061
vn 0.475528 0.587785 0.654508
vn 0.367286 0.587785 0.720839
vn 0.250000 0.587785 0.769421
vn 0.126558 0.587785 0.799057
vn 0.000000 0.587785 0.809017
vn -0.126558 0.587785 0.799057
vn -0.250000 0.587785 0.769421
vn -0.367286 0.587785 0.720839
vn -0.475528 0.587785 0.654508
vn -0.572061 0.587785 0.572061
vn -0.654508 0.587785 0.475528
vn -0.720839 0.587785 0.367286
vn -0.769421 0.587785 0.250000
vn -0.799057 0.587785 0.126558
vn -0.809017 0.587785 0.000000
vn -0.799057 0.587785 -0.126558
vn -0.769421 0.587785 -0.250000
vn -0.720839 0.587785 -0.367286
vn -0.654508 0.587785 -0.475528
vn -0.572061 0.587785 -0.572061
vn -0.475528 0.587785 -0.654508
vn -0.367286 0.587785 -0.720839
vn -0.250000 0.587785 -0.769421
vn -0.126558 0.587785 -0.799057
vn -0.000000 0.587785 -0.809017
vn 0.126558 0.587785 -0.799057
vn 0.250000 0.587785 -0.769421
vn 0.367286 0.587785 -0.720839
vn 0.475528 0.587785 -0.654508
vn 0.572061 0.587785 -0.572061
vn 0.654508 0.587785 -0.475528
vn 0.720839 0.587785 -0.367286
vn 0.769421 0.587785 -0.250000
vn 0.799057 0.587785 -0.126558
vn 0.880037 0.453990 0.139384
vn 0.891007 0.453990 0.000000
vn 0.847398 0.453990 0.275336
vn 0.793893 0.453990 0.404508
vn 0.720839 0.453990 0.523720
vn 0.630037 0.453990 0.630037
vn 0.523720 0.453990 0.720839
vn 0.404508 0.453990 0.793893
vn 0.275336 0.453990 0.847398
vn 0.139384 0.453990 0.880037
vn 0.000000 0.453990 0.891007
vn -0.139384 0.453990 0.880037
vn -0.275336 0.453990 0.847398
vn -0.404508 0.453990 0.793893
vn -0.523720 0.453990 0.720839
vn -0.630037 0.453990 0.630037
vn -0.720839 0.453990 0.523720
vn -0.793893 0.453990 0.404508
vn -0.847398 0.453990 0.275336
vn -0.880037 0.453990 0.139384
vn -0.891007 0.453990 0.000000
vn -0.880037 0.453990 -0.139384
vn -0.847398 0.453990 -0.275336
vn -0.793893 0.453990 -0.404508
vn -0.720839 0.453990 -0.523720
vn -0.630037 0.453990 -0.630037
vn -0.523720 0.453990 -0.720839
vn -0.404508 0.453990 -0.793893
vn -0.275336 0.453990 -0.847398
vn -0.139384 0.453990 -0.880037
vn -0.000000 0.453990 -0.891007
vn 0.139384 0.453990 -0.880037
vn 0.275336 0.453990 -0.847398
vn 0.404508 0.453990 -0.793893
vn 0.523720 0.453990 -0.720839
vn 0.630037 0.453990 -0.630037
vn 0.720839 0.453990 -0.523720
vn 0.793893 0.453990 -0.404508
vn 0.847398 0.453990 -0.275336
vn 0.880037 0.453990 -0.139384
vn 0.939347 0.309017 0.148778
vn 0.951057 0.309017 0.000000
vn 0.904508 0.309017 0.293893
vn 0.847398 0.309017 0.431771
vn 0.769421 0.309017 0.559017
vn 0.672499 0.309017 0.672499
vn 0.559017 0.309017 0.769421
vn 0.431771 0.309017 0.847398
vn 0.293893 0.309017 0.904508
vn 0.148778 0.309017 0.939347
vn 0.000000 0.309017 0.951057
vn -0.148778 0.309017 0.939347
vn -0.293893 0.309017 0.904508
vn -0.431771 0.309017 0.847398
vn -0.559017 0.309017 0.769421
vn -0.672499 0.309017 0.672499
vn -0.769421 0.309017 0.559017
vn -0.847398 0.309017 0.431771
vn -0.904508 0.309017 0.293893
vn -0.939347 0.309017 0.148778
vn -0.951057 0.309017 0.000000
vn -0.939347 0.309017 -0.148778
vn -0.904508 0.309017 -0.293893
vn -0.847398 0.309017 -0.431771
vn -0.769421 0.309017 -0.559017
vn -0.672499 0.309017 -0.672499
vn -0.559017 0.309017 -0.769421
vn -0.431771 0.309017 -0.847398
vn -0.293893 0.309017 -0.904508
vn -0.148778 0.309017 -0.939347
vn -0.000000 0.309017 -0.951057
vn 0.148778 0.309017 -0.939347
vn 0.293893 0.309017 -0.904508
vn 0.431771 0.309017 -0.847398
vn 0.559017 0.309017 -0.769421
vn 0.672499 0.309017 -0.672499
vn 0.769421 0.309017 -0.559017
vn 0.847398 0.309017 -0.431771
vn 0.904508 0.309017 -0.293893
vn 0.939347 0.309017 -0.148778
vn 0.975528 0.156434 0.154508
vn 0.987688 0.156434 0.000000
vn 0.939347 0.156434 0.305212
vn 0.880037 0.156434 0.448401
vn 0.799057 0.156434 0.580549
vn 0.698401 0.156434 0.698401
vn 0.580549 0.156434 0.799057
vn 0.448401 0.156434 0.880037
vn 0.305212 0.156434 0.939347
vn 0.154508 0.156434 0.975528
vn 0.000000 0.156434 0.987688
vn -0.154508 0.156434 0.975528
vn -0.305212 0.156434 0.939347
vn -0.448401 0.156434 0.880037
vn -0.580549 0.156434 0.799057
vn -0.698401 0.156434 0.698401
vn -0.799057 0.156434 0.580549
vn -0.880037 0.156434 0.448401
vn -0.939347 0.156434 0.305212
vn -0.975528 0.156434 0.154508
vn -0.987688 0.156434 0.000000
vn -0.975528 0.156434 -0.154508
vn -0.939347 0.156434 -0.305212
vn -0.880037 0.156434 -0.448401
vn -0.799057 0.156434 -0.580549
vn -0.698401 0.156434 -0.698401
vn -0.580549 0.156434 -0.799057
vn -0.448401 0.156434 -0.880037
vn -0.305212 0.156434 -0.939347
vn -0.154508 0.156434 -0.975528
vn -0.000000 0.156434 -0.987688
vn 0.154508 0.156434 -0.975528
vn 0.305212 0.156434 -0.939347
vn 0.448401 0.156434 -0.880037
vn 0.580549 0.156434 -0.799057
vn 0.698401 0.156434 -0.698401
vn 0.799057 0.156434 -0.580549
vn 0.880037 0.156434 -0.448401
vn 0.939347 0.156434 -0.305212
vn 0.975528 0.156434 -0.154508
vn 0.987688 0.000000 0.156434
vn 0.951057 0.000000 0.309017
vn 0.891007 0.000000 0.453990
vn 0.809017 0.000000 0.587785
vn 0.587785 0.000000 0.809017
vn 0.453990 0.000000 0.891007
vn 0.309017 0.000000 0.951057
vn 0.156434 0.000000 0.987688
vn -0.156434 0.000000 0.987688
vn -0.309017 0.000000 0.951057
vn -0.453990 0.000000 0.891007
vn -0.587785 0.000000 0.809017
vn -0.809017 0.000000 0.587785
vn -0.891007 0.000000 0.453990
vn -0.951057 0.000000 0.309017
vn -0.987688 0.000000 0.156434
vn -0.987688 0.000000 -0.156434
vn -0.951057 0.000000 -0.309017
vn -0.891007 0.000000 -0.453990
vn -0.809017 0.000000 -0.587785
vn -0.587785 0.000000 -0.809017
vn -0.453990 0.000000 -0.891007
vn -0.309017 0.000000 -0.951057
vn -0.156434 0.000000 -0.987688
vn 0.156434 0.000000 -0.987688
vn 0.309017 0.000000 -0.951057
vn 0.453990 0.000000 -0.891007
vn 0.587785 0.000000 -0.809017
vn 0.809017 0.000000 -0.587785
vn 0.891007 0.000000 -0.453990
vn 0.951057 0.000000 -0.309017
vn 0.987688 0.000000 -0.156434
vn 0.975528 -0.156434 0.154508
vn 0.987688 -0.156434 0.000000
vn 0.939347 -0.156434 0.305212
vn 0.880037 -0.156434 0.448401
vn 0.799057 -0.156434 0.580549
vn 0.698401 -0.156434 0.698401
vn 0.580549 -0.156434 0.799057
vn 0.448401 -0.156434 0.880037
vn 0.305212 -0.156434 0.939347
vn 0.154508 -0.156434 0.975528
vn 0.000000 -0.156434 0.987688
vn -0.154508 -0.156434 0.975528
vn -0.305212 -0.156434 0.939347
vn -0.448401 -0.156434 0.880037
vn -0.580549 -0.156434 0.799057
vn -0.698401 -0.156434 0.698401
vn -0.799057 -0.156434 0.580549
vn -0.880037 -0.156434 0.448401
vn -0.939347 -0.156434 0.305212
vn -0.975528 -0.156434 0.154508
vn -0.987688 -0.156434 0.000000
vn -0.975528 -0.156434 -0.154508
vn -0.939347 -0.156434 -0.305212
vn -0.880037 -0.156434 -0.448401
vn -0.799057 -0.156434 -0.580549
vn -0.698401 -0.156434 -0.698401
vn -0.580549 -0.156434 -0.799057
vn -0.448401 -0.156434 -0.880037
vn -0.305212 -0.156434 -0.939347
vn -0.154508 -0.156434 -0.975528
vn -0.000000 -0.156434 -0.987688
vn 0.154508 -0.156434 -0.975528
vn 0.305212 -0.156434 -0.939347
vn 0.448401 -0.156434 -0.880037
vn 0.580549 -0.156434 -0.799057
vn 0.698401 -0.156434 -0.698401
vn 0.799057 -0.156434 -0.580549
vn 0.880037 -0.156434 -0.448401
vn 0.939347 -0.156434 -0.305212
vn 0.975528 -0.156434 -0.154508
vn 0.939347 -0.309017 0.148778
vn 0.951057 -0.309017 0.000000
vn 0.904508 -0.309017 0.293893
vn 0.847398 -0.309017 0.431771
vn 0.769421 -0.309017 0.559017
vn 0.672499 -0.309017 0.672499
vn 0.559017 -0.309017 0.769421
vn 0.431771 -0.309017 0.847398
vn 0.293893 -0.309017 0.904508
vn 0.148778 -0.309017 0.939347
vn 0.000000 -0.309017 0.951057
vn -0.148778 -0.309017 0.939347
vn -0.293893 -0.309017 0.904508
vn -0.431771 -0.309017 0.847398
vn -0.559017 -0.309017 0.769421
vn -0.672499 -0.309017 0.672499
vn -0.769421 -0.309017 0.559017
vn -0.847398 -0.309017 0.431771
vn -0.904508 -0.309017 0.293893
vn -0.939347 -0.309017 0.148778
vn -0.951057 -0.309017 0.000000
vn -0.939347 -0.309017 -0.148778
vn -0.904508 -0.309017 -0.293893
vn -0.847398 -0.309017 -0.431771
vn -0.769421 -0.309017 -0.559017
vn -0.672499 -0.309017 -0.672499
vn -0.559017 -0.309017 -0.769421
vn -0.431771 -0.309017 -0.847398
vn -0.293893 -0.309017 -0.904508
vn -0.148778 -0.309017 -0.939347
vn -0.000000 -0.309017 -0.951057
vn 0.148778 -0.309017 -0.939347
vn 0.293893 -0.309017 -0.904508
vn 0.431771 -0.309017 -0.847398
vn 0.559017 -0.309017 -0.769421
vn 0.672499 -0.309017 -0.672499
vn 0.769421 -0.309017 -0.559017
vn 0.847398 -0.309017 -0.431771
vn 0.904508 -0.309017 -0.293893
vn 0.939347 -0.309017 -0.148778
vn 0.880037 -0.453990 0.139384
vn 0.891007 -0.453990 0.000000
vn 0.847398 -0.453990 0.275336
vn 0.793893 -0.453990 0.404508
vn 0.720839 -0.453990 0.523720
vn 0.630037 -0.453990 0.630037
vn 0.523720 -0.453990 0.720839
vn 0.404508 -0.453990 0.793893
vn 0.275336 -0.453990 0.847398
vn 0.139384 -0.453990 0.880037
vn 0.000000 -0.453990 0.891007
vn -0.139384 -0.453990 0.880037
vn -0.275336 -0.453990 0.847398
vn -0.404508 -0.453990 0.793893
vn -0.523720 -0.453990 0.720839
vn -0.630037 -0.453990 0.630037
vn -0.720839 -0.453990 0.523720
vn -0.793893 -0.453990 0.404508
vn -0.847398 -0.453990 0.275336
vn -0.880037 -0.453990 0.139384
vn -0.891007 -0.453990 0.000000
vn -0.880037 -0.453990 -0.139384
vn -0.847398 -0.453990 -0.275336
vn -0.793893 -0.453990 -0.404508
vn -0.720839 -0.453990 -0.523720
vn -0.630037 -0.453990 -0.630037
vn -0.523720 -0.453990 -0.720839
vn -0.404508 -0.453990 -0.793893
vn -0.275336 -0.453990 -0.847398
vn -0.139384 -0.453990 -0.880037
vn -0.000000 -0.453990 -0.891007
vn 0.139384 -0.453990 -0.880037
vn 0.275336 -0.453990 -0.847398
vn 0.404508 -0.453990 -0.793893
vn 0.523720 -0.453990 -0.720839
vn 0.630037 -0.453990 -0.630037
vn 0.720839 -0.453990 -0.523720
vn 0.793893 -0.453990 -0.404508
vn 0.847398 -0.453990 -0.275336
vn 0.880037 -0.453990 -0.139384
vn 0.799057 -0.587785 0.126558
vn 0.809017 -0.587785 0.000000
vn 0.769421 -0.587785 0.250000
vn 0.720839 -0.587785 0.367286
vn 0.654508 -0.587785 0.475528
vn 0.572061 -0.587785 0.572061
vn 0.475528 -0.587785 0.654508
vn 0.367286 -0.587785 0.720839
vn 0.250000 -0.587785 0.769421
vn 0.126558 -0.587785 0.799057
vn 0.000000 -0.587785 0.809017
vn -0.126558 -0.587785 0.799057
vn -0.250000 -0.587785 0.769421
vn -0.367286 -0.587785 0.720839
vn -0.475528 -0.587785 0.654508
vn -0.572061 -0.587785 0.572061
vn -0.654508 -0.587785 0.475528
vn -0.720839 -0.587785 0.367286
vn -0.769421 -0.587785 0.250000
vn -0.799057 -0.587785 0.126558
vn -0.809017 -0.587785 0.000000
vn -0.799057 -0.587785 -0.126558
vn -0.769421 -0.587785 -0.250000
vn -0.720839 -0.587785 -0.367286
vn -0.654508 -0.587785 -0.475528
vn -0.572061 -0.587785 -0.572061
vn -0.475528 -0.587785 -0.654508
vn -0.367286 -0.587785 -0.720839
vn -0.250000 -0.587785 -0.769421
vn -0.126558 -0.587785 -0.799057
vn -0.000000 -0.587785 -0.809017
vn 0.126558 -0.587785 -0.799057
vn 0.250000 -0.587785 -0.769421
vn 0.367286 -0.587785 -0.720839
vn 0.475528 -0.587785 -0.654508
vn 0.572061 -0.587785 -0.572061
vn 0.654508 -0.587785 -0.475528
vn 0.720839 -0.587785 -0.367286
vn 0.769421 -0.587785 -0.250000
vn 0.799057 -0.587785 -0.126558
vn 0.698401 -0.707107 0.110616
vn 0.672499 -0.707107 0.218508
vn 0.630037 -0.707107 0.321020
vn 0.572061 -0.707107 0.415627
vn 0.415627 -0.707107 0.572061
vn 0.321020 -0.707107 0.630037
vn 0.218508 -0.707107 0.672499
vn 0.110616 -0.707107 0.698401
vn -0.110616 -0.707107 0.698401
vn -0.218508 -0.707107 0.672499
vn -0.321020 -0.707107 0.630037
vn -0.415627 -0.707107 0.572061
vn -0.572061 -0.707107 0.415627
vn -0.630037 -0.707107 0.321020
vn -0.672499 -0.707107 0.218508
vn -0.698401 -0.707107 0.110616
vn -0.698401 -0.707107 -0.110616
vn -0.672499 -0.707107 -0.218508
vn -0.630037 -0.707107 -0.321020
vn -0.572061 -0.707107 -0.415627
vn -0.415627 -0.707107 -0.572061
vn -0.321020 -0.707107 -0.630037
vn -0.218508 -0.707107 -0.672499
vn -0.110616 -0.707107 -0.698401
vn 0.110616 -0.707107 -0.698401
vn 0.218508 -0.707107 -0.672499
vn 0.321020 -0.707107 -0.630037
vn 0.415627 -0.707107 -0.572061
vn 0.572061 -0.707107 -0.415627
vn 0.630037 -0.707107 -0.321020
vn 0.672499 -0.707107 -0.218508
vn 0.698401 -0.707107 -0.110616
vn 0.580549 -0.809017 0.091950
vn 0.587785 -0.809017 0.000000
vn 0.559017 -0.809017 0.181636
vn 0.523720 -0.809017 0.266849
vn 0.475528 -0.809017 0.345492
vn 0.415627 -0.809017 0.415627
vn 0.345492 -0.809017 0.475528
vn 0.266849 -0.809017 0.523720
vn 0.181636 -0.809017 0.559017
vn 0.091950 -0.809017 0.580549
vn 0.000000 -0.809017 0.587785
vn -0.091950 -0.809017 0.580549
vn -0.181636 -0.809017 0.559017
vn -0.266849 -0.809017 0.523720
vn -0.345492 -0.809017 0.475528
vn -0.415627 -0.809017 0.415627
vn -0.475528 -0.809017 0.345492
vn -0.523720 -0.809017 0.266849
vn -0.559017 -0.809017 0.181636
vn -0.580549 -0.809017 0.091950
vn -0.587785 -0.809017 0.000000
vn -0.580549 -0.809017 -0.091950
vn -0.559017 -0.809017 -0.181636
vn -0.523720 -0.809017 -0.266849
vn -0.475528 -0.809017 -0.345492
vn -0.415627 -0.809017 -0.415627
vn -0.345492 -0.809017 -0.475528
vn -0.266849 -0.809017 -0.523720
vn -0.181636 -0.809017 -0.559017
vn -0.091950 -0.809017 -0.580549
vn -0.000000 -0.809017 -0.587785
vn 0.091950 -0.809017 -0.580549
vn 0.181636 -0.809017 -0.559017
vn 0.266849 -0.809017 -0.523720
vn 0.345492 -0.809017 -0.475528
vn 0.415627 -0.809017 -0.415627
vn 0.475528 -0.809017 -0.345492
vn 0.523720 -0.809017 -0.266849
vn 0.559017 -0.809017 -0.181636
vn 0.580549 -0.809017 -0.091950
vn 0.448401 -0.891007 0.071020
vn 0.453990 -0.891007 0.000000
vn 0.431771 -0.891007 0.140291
vn 0.404508 -0.891007 0.206107
vn 0.367286 -0.891007 0.266849
vn 0.321020 -0.891007 0.321020
vn 0.266849 -0.891007 0.367286
vn 0.206107 -0.891007 0.404508
vn 0.140291 -0.891007 0.431771
vn 0.071020 -0.891007 0.448401
vn 0.000000 -0.891007 0.453990
vn -0.071020 -0.891007 0.448401
vn -0.140291 -0.891007 0.431771
vn -0.206107 -0.891007 0.404508
vn -0.266849 -0.891007 0.367286
vn -0.321020 -0.891007 0.321020
vn -0.367286 -0.891007 0.266849
vn -0.404508 -0.891007 0.206107
vn -0.431771 -0.891007 0.140291
vn -0.448401 -0.891007 0.071020
vn -0.453990 -0.891007 0.000000
vn -0.448401 -0.891007 -0.071020
vn -0.431771 -0.891007 -0.140291
vn -0.404508 -0.891007 -0.206107
vn -0.367286 -0.891007 -0.266849
vn -0.321020 -0.891007 -0.321020
vn -0.266849 -0.891007 -0.367286
vn -0.206107 -0.891007 -0.404508
vn -0.140291 -0.891007 -0.431771
vn -0.071020 -0.891007 -0.448401
vn -0.000000 -0.891007 -0.453990
vn 0.071020 -0.891007 -0.448401
vn 0.140291 -0.891007 -0.431771
vn 0.206107 -0.891007 -0.404508
vn 0.266849 -0.891007 -0.367286
vn 0.321020 -0.891007 -0.321020
vn 0.367286 -0.891007 -0.266849
vn 0.404508 -0.891007 -0.206107
vn 0.431771 -0.891007 -0.140291
vn 0.448401 -0.891007 -0.071020
vn 0.305212 -0.951057 0.048341
vn 0.309017 -0.951057 0.000000
vn 0.293893 -0.951057 0.095492
vn 0.275336 -0.951057 0.140291
vn 0.250000 -0.951057 0.181636
vn 0.218508 -0.951057 0.218508
vn 0.181636 -0.951057 0.250000
vn 0.140291 -0.951057 0.275336
vn 0.095492 -0.951057 0.293893
vn 0.048341 -0.951057 0.305212
vn 0.000000 -0.951057 0.309017
vn -0.048341 -0.951057 0.305212
vn -0.095492 -0.951057 0.293893
vn -0.140291 -0.951057 0.275336
vn -0.181636 -0.951057 0.250000
vn -0.218508 -0.951057 0.218508
vn -0.250000 -0.951057 0.181636
vn -0.275336 -0.951057 0.140291
vn -0.293893 -0.951057 0.095492
vn -0.305212 -0.951057 0.048341
vn -0.309017 -0.951057 0.000000
vn -0.305212 -0.951057 -0.048341
vn -0.293893 -0.951057 -0.095492
vn -0.275336 -0.951057 -0.140291
vn -0.250000 -0.951057 -0.181636
vn -0.218508 -0.951057 -0.218508
vn -0.181636 -0.951057 -0.250000
vn -0.140291 -0.951057 -0.275336
vn -0.095492 -0.951057 -0.293893
vn -0.048341 -0.951057 -0.305212
vn -0.000000 -0.951057 -0.309017
vn 0.048341 -0.951057 -0.305212
vn 0.095492 -0.951057 -0.293893
vn 0.140291 -0.951057 -0.275336
vn 0.181636 -0.951057 -0.250000
vn 0.218508 -0.951057 -0.218508
vn 0.250000 -0.951057 -0.181636
vn 0.275336 -0.951057 -0.140291
vn 0.293893 -0.951057 -0.095492
vn 0.305212 -0.951057 -0.048341
vn 0.154508 -0.987688 0.024472
vn 0.156434 -0.987688 0.000000
vn 0.148778 -0.987688 0.048341
vn 0.139384 -0.987688 0.071020
vn 0.126558 -0.987688 0.091950
vn 0.110616 -0.987688 0.110616
vn 0.091950 -0.987688 0.126558
vn 0.071020 -0.987688 0.139384
vn 0.048341 -0.987688 0.148778
vn 0.024472 -0.987688 0.154508
vn 0.000000 -0.987688 0.156434
vn -0.024472 -0.987688 0.154508
vn -0.048341 -0.987688 0.148778
vn -0.071020 -0.987688 0.139384
vn -0.091950 -0.987688 0.126558
vn -0.110616 -0.987688 0.110616
vn -0.126558 -0.987688 0.091950
vn -0.139384 -0.987688 0.071020
vn -0.148778 -0.987688 0.048341
vn -0.154508 -0.987688 0.024472
vn -0.156434 -0.987688 0.000000
vn -0.154508 -0.987688 -0.024472
vn -0.148778 -0.987688 -0.048341
vn -0.139384 -0.987688 -0.071020
vn -0.126558 -0.987688 -0.091950
vn -0.110616 -0.987688 -0.110616
vn -0.091950 -0.987688 -0.126558
vn -0.071020 -0.987688 -0.139384
vn -0.048341 -0.987688 -0.148778
vn -0.024472 -0.987688 -0.154508
vn -0.000000 -0.987688 -0.156434
vn 0.024472 -0.987688 -0.154508
vn 0.048341 -0.987688 -0.148778
vn 0.071020 -0.987688 -0.139384
vn 0.091950 -0.987688 -0.126558
vn 0.110616 -0.987688 -0.110616
vn 0.126558 -0.987688 -0.091950
vn 0.139384 -0.987688 -0.071020
vn 0.148778 -0.987688 -0.048341
vn 0.154508 -0.987688 -0.024472
vn 0.974928 0.222521 0.000000
vn 0.968798 0.222521 0.109157
vn 0.993712 0.000000 0.111964
vn 0.900969 0.433884 0.000000
vn 0.895304 0.433884 0.100877
vn 0.781831 0.623490 0.000000
vn 0.776915 0.623490 0.087537
vn 0.623490 0.781831 0.000000
vn 0.619569 0.781831 0.069809
vn 0.433884 0.900969 0.000000
vn 0.431156 0.900969 0.048580
vn 0.222521 0.974928 0.000000
vn 0.221122 0.974928 0.024914
vn -0.222521 0.974928 0.000000
vn -0.221122 0.974928 -0.024914
vn -0.433884 0.900969 0.000000
vn -0.431156 0.900969 -0.048580
vn -0.623490 0.781831 0.000000
vn -0.619569 0.781831 -0.069809
vn -0.781831 0.623490 0.000000
vn -0.776915 0.623490 -0.087537
vn -0.900969 0.433884 0.000000
vn -0.895304 0.433884 -0.100877
vn -0.974928 0.222521 0.000000
vn -0.968798 0.222521 -0.109157
vn -0.993712 0.000000 -0.111964
vn -0.974928 -0.222521 0.000000
vn -0.968798 -0.222521 -0.109157
vn -0.900969 -0.433884 0.000000
vn -0.895304 -0.433884 -0.100877
vn -0.781831 -0.623490 0.000000
vn -0.776915 -0.623490 -0.087537
vn -0.623490 -0.781831 0.000000
vn -0.619569 -0.781831 -0.069809
vn -0.433884 -0.900969 0.000000
vn -0.431156 -0.900969 -0.048580
vn -0.222521 -0.974928 0.000000
vn -0.221122 -0.974928 -0.024914
vn 0.222521 -0.974928 0.000000
vn 0.221122 -0.974928 0.024914
vn 0.433884 -0.900969 0.000000
vn 0.431156 -0.900969 0.048580
vn 0.623490 -0.781831 0.000000
vn 0.619569 -0.781831 0.069809
vn 0.781831 -0.623490 0.000000
vn 0.776915 -0.623490 0.087537
vn 0.900969 -0.433884 0.000000
vn 0.895304 -0.433884 0.100877
vn 0.974928 -0.222521 0.000000
vn 0.968798 -0.222521 0.109157
vn 0.950484 0.222521 0.216942
vn 0.974928 0.000000 0.222521
vn 0.878380 0.433884 0.200484
vn 0.762229 0.623490 0.173974
vn 0.607858 0.781831 0.138740
vn 0.423005 0.900969 0.096548
vn 0.216942 0.974928 0.049516
vn -0.216942 0.974928 -0.049516
vn -0.423005 0.900969 -0.096548
vn -0.607858 0.781831 -0.138740
vn -0.762229 0.623490 -0.173974
vn -0.878380 0.433884 -0.200484
vn -0.950484 0.222521 -0.216942
vn -0.974928 0.000000 -0.222521
vn -0.950484 -0.222521 -0.216942
vn -0.878380 -0.433884 -0.200484
vn -0.762229 -0.623490 -0.173974
vn -0.607858 -0.781831 -0.138740
vn -0.423005 -0.900969 -0.096548
vn -0.216942 -0.974928 -0.049516
vn 0.216942 -0.974928 0.049516
vn 0.423005 -0.900969 0.096548
vn 0.607858 -0.781831 0.138740
vn 0.762229 -0.623490 0.173974
vn 0.878380 -0.433884 0.200484
vn 0.950484 -0.222521 0.216942
vn 0.920218 0.222521 0.321998
vn 0.943883 0.000000 0.330279
vn 0.850409 0.433884 0.297571
vn 0.737958 0.623490 0.258223
vn 0.588502 0.781831 0.205926
vn 0.409536 0.900969 0.143303
vn 0.210034 0.974928 0.073494
vn -0.210034 0.974928 -0.073494
vn -0.409536 0.900969 -0.143303
vn -0.588502 0.781831 -0.205926
vn -0.737958 0.623490 -0.258223
vn -0.850409 0.433884 -0.297571
vn -0.920218 0.222521 -0.321998
vn -0.943883 0.000000 -0.330279
vn -0.920218 -0.222521 -0.321998
vn -0.850409 -0.433884 -0.297571
vn -0.737958 -0.623490 -0.258223
vn -0.588502 -0.781831 -0.205926
vn -0.409536 -0.900969 -0.143303
vn -0.210034 -0.974928 -0.073494
vn 0.210034 -0.974928 0.073494
vn 0.409536 -0.900969 0.143303
vn 0.588502 -0.781831 0.205926
vn 0.737958 -0.623490 0.258223
vn 0.850409 -0.433884 0.297571
vn 0.920218 -0.222521 0.321998
vn 0.878380 0.222521 0.423005
vn 0.900969 0.000000 0.433884
vn 0.811745 0.433884 0.390916
vn 0.704406 0.623490 0.339224
vn 0.561745 0.781831 0.270522
vn 0.390916 0.900969 0.188255
vn 0.200484 0.974928 0.096548
vn -0.200484 0.974928 -0.096548
vn -0.390916 0.900969 -0.188255
vn -0.561745 0.781831 -0.270522
vn -0.704406 0.623490 -0.339224
vn -0.811745 0.433884 -0.390916
vn -0.878380 0.222521 -0.423005
vn -0.900969 0.000000 -0.433884
vn -0.878380 -0.222521 -0.423005
vn -0.811745 -0.433884 -0.390916
vn -0.704406 -0.623490 -0.339224
vn -0.561745 -0.781831 -0.270522
vn -0.390916 -0.900969 -0.188255
vn -0.200484 -0.974928 -0.096548
vn 0.200484 -0.974928 0.096548
vn 0.390916 -0.900969 0.188255
vn 0.561745 -0.781831 0.270522
vn 0.704406 -0.623490 0.339224
vn 0.811745 -0.433884 0.390916
vn 0.878380 -0.222521 0.423005
vn 0.825495 0.222521 0.518693
vn 0.846724 0.000000 0.532032
vn 0.762872 0.433884 0.479344
vn 0.661996 0.623490 0.415959
vn 0.527924 0.781831 0.331717
vn 0.367380 0.900969 0.230840
vn 0.188414 0.974928 0.118388
vn -0.188414 0.974928 -0.118388
vn -0.367380 0.900969 -0.230840
vn -0.527924 0.781831 -0.331717
vn -0.661996 0.623490 -0.415959
vn -0.762872 0.433884 -0.479344
vn -0.825495 0.222521 -0.518693
vn -0.846724 0.000000 -0.532032
vn -0.825495 -0.222521 -0.518693
vn -0.762872 -0.433884 -0.479344
vn -0.661996 -0.623490 -0.415959
vn -0.527924 -0.781831 -0.331717
vn -0.367380 -0.900969 -0.230840
vn -0.188414 -0.974928 -0.118388
vn 0.188414 -0.974928 0.118388
vn 0.367380 -0.900969 0.230840
vn 0.527924 -0.781831 0.331717
vn 0.661996 -0.623490 0.415959
vn 0.762872 -0.433884 0.479344
vn 0.825495 -0.222521 0.518693
vn 0.762229 0.222521 0.607858
vn 0.781831 0.000000 0.623490
vn 0.704406 0.433884 0.561745
vn 0.611260 0.623490 0.487464
vn 0.487464 0.781831 0.388740
vn 0.339224 0.900969 0.270522
vn 0.173974 0.974928 0.138740
vn -0.173974 0.974928 -0.138740
vn -0.339224 0.900969 -0.270522
vn -0.487464 0.781831 -0.388740
vn -0.611260 0.623490 -0.487464
vn -0.704406 0.433884 -0.561745
vn -0.762229 0.222521 -0.607858
vn -0.781831 0.000000 -0.623490
vn -0.762229 -0.222521 -0.607858
vn -0.704406 -0.433884 -0.561745
vn -0.611260 -0.623490 -0.487464
vn -0.487464 -0.781831 -0.388740
vn -0.339224 -0.900969 -0.270522
vn -0.173974 -0.974928 -0.138740
vn 0.173974 -0.974928 0.138740
vn 0.339224 -0.900969 0.270522
vn 0.487464 -0.781831 0.388740
vn 0.611260 -0.623490 0.487464
vn 0.704406 -0.433884 0.561745
vn 0.762229 -0.222521 0.607858
vn 0.689378 0.222521 0.689378
vn 0.637081 0.433884 0.637081
vn 0.552838 0.623490 0.552838
vn 0.440874 0.781831 0.440874
vn 0.306802 0.900969 0.306802
vn 0.157346 0.974928 0.157346
vn -0.157346 0.974928 -0.157346
vn -0.306802 0.900969 -0.306802
vn -0.440874 0.781831 -0.440874
vn -0.552838 0.623490 -0.552838
vn -0.637081 0.433884 -0.637081
vn -0.689378 0.222521 -0.689378
vn -0.689378 -0.222521 -0.689378
vn -0.637081 -0.433884 -0.637081
vn -0.552838 -0.623490 -0.552838
vn -0.440874 -0.781831 -0.440874
vn -0.306802 -0.900969 -0.306802
vn -0.157346 -0.974928 -0.157346
vn 0.157346 -0.974928 0.157346
vn 0.306802 -0.900969 0.306802
vn 0.440874 -0.781831 0.440874
vn 0.552838 -0.623490 0.552838
vn 0.637081 -0.433884 0.637081
vn 0.689378 -0.222521 0.689378
vn 0.607858 0.222521 0.762229
vn 0.623490 0.000000 0.781831
vn 0.561745 0.433884 0.704406
vn 0.487464 0.623490 0.611260
vn 0.388740 0.781831 0.487464
vn 0.270522 0.900969 0.339224
vn 0.138740 0.974928 0.173974
vn -0.138740 0.974928 -0.173974
vn -0.270522 0.900969 -0.339224
vn -0.388740 0.781831 -0.487464
vn -0.487464 0.623490 -0.611260
vn -0.561745 0.433884 -0.704406
vn -0.607858 0.222521 -0.762229
vn -0.623490 0.000000 -0.781831
vn -0.607858 -0.222521 -0.762229
vn -0.561745 -0.433884 -0.704406
vn -0.487464 -0.623490 -0.611260
vn -0.388740 -0.781831 -0.487464
vn -0.270522 -0.900969 -0.339224
vn -0.138740 -0.974928 -0.173974
vn 0.138740 -0.974928 0.173974
vn 0.270522 -0.900969 0.339224
vn 0.388740 -0.781831 0.487464
vn 0.487464 -0.623490 0.611260
vn 0.561745 -0.433884 0.704406
vn 0.607858 -0.222521 0.762229
vn 0.518693 0.222521 0.825495
vn 0.532032 0.000000 0.846724
vn 0.479344 0.433884 0.762872
vn 0.415959 0.623490 0.661996
vn 0.331717 0.781831 0.527924
vn 0.230840 0.900969 0.367380
vn 0.118388 0.974928 0.188414
vn -0.118388 0.974928 -0.188414
vn -0.230840 0.900969 -0.367380
vn -0.331717 0.781831 -0.527924
vn -0.415959 0.623490 -0.661996
vn -0.479344 0.433884 -0.762872
vn -0.518693 0.222521 -0.825495
vn -0.532032 0.000000 -0.846724
vn -0.518693 -0.222521 -0.825495
vn -0.479344 -0.433884 -0.762872
vn -0.415959 -0.623490 -0.661996
vn -0.331717 -0.781831 -0.527924
vn -0.230840 -0.900969 -0.367380
vn -0.118388 -0.974928 -0.188414
vn 0.118388 -0.974928 0.188414
vn 0.230840 -0.900969 0.367380
vn 0.331717 -0.781831 0.527924
vn 0.415959 -0.623490 0.661996
vn 0.479344 -0.433884 0.762872
vn 0.518693 -0.222521 0.825495
vn 0.423005 0.222521 0.878380
vn 0.433884 0.000000 0.900969
vn 0.390916 0.433884 0.811745
vn 0.339224 0.623490 0.704406
vn 0.270522 0.781831 0.561745
vn 0.188255 0.900969 0.390916
vn 0.096548 0.974928 0.200484
vn -0.096548 0.974928 -0.200484
vn -0.188255 0.900969 -0.390916
vn -0.270522 0.781831 -0.561745
vn -0.339224 0.623490 -0.704406
vn -0.390916 0.433884 -0.811745
vn -0.423005 0.222521 -0.878380
vn -0.433884 0.000000 -0.900969
vn -0.423005 -0.222521 -0.878380
vn -0.390916 -0.433884 -0.811745
vn -0.339224 -0.623490 -0.704406
vn -0.270522 -0.781831 -0.561745
vn -0.188255 -0.900969 -0.390916
vn -0.096548 -0.974928 -0.200484
vn 0.096548 -0.974928 0.200484
vn 0.188255 -0.900969 0.390916
vn 0.270522 -0.781831 0.561745
vn 0.339224 -0.623490 0.704406
vn 0.390916 -0.433884 0.811745
vn 0.423005 -0.222521 0.878380
vn 0.321998 0.222521 0.920218
vn 0.330279 0.000000 0.943883
vn 0.297571 0.433884 0.850409
vn 0.258223 0.623490 0.737958
vn 0.205926 0.781831 0.588502
vn 0.143303 0.900969 0.409536
vn 0.073494 0.974928 0.210034
vn -0.073494 0.974928 -0.210034
vn -0.143303 0.900969 -0.409536
vn -0.205926 0.781831 -0.588502
vn -0.258223 0.623490 -0.737958
vn -0.297571 0.433884 -0.850409
vn -0.321998 0.222521 -0.920218
vn -0.330279 0.000000 -0.943883
vn -0.321998 -0.222521 -0.920218
vn -0.297571 -0.433884 -0.850409
vn -0.258223 -0.623490 -0.737958
vn -0.205926 -0.781831 -0.588502
vn -0.143303 -0.900969 -0.409536
vn -0.073494 -0.974928 -0.210034
vn 0.073494 -0.974928 0.210034
vn 0.143303 -0.900969 0.409536
vn 0.205926 -0.781831 0.588502
vn 0.258223 -0.623490 0.737958
vn 0.297571 -0.433884 0.850409
vn 0.321998 -0.222521 0.920218
vn 0.216942 0.222521 0.950484
vn 0.222521 0.000000 0.974928
vn 0.200484 0.433884 0.878380
vn 0.173974 0.623490 0.762229
vn 0.138740 0.781831 0.607858
vn 0.096548 0.900969 0.423005
vn 0.049516 0.974928 0.216942
vn -0.049516 0.974928 -0.216942
vn -0.096548 0.900969 -0.423005
vn -0.138740 0.781831 -0.607858
vn -0.173974 0.623490 -0.762229
vn -0.200484 0.433884 -0.878380
vn -0.216942 0.222521 -0.950484
vn -0.222521 0.000000 -0.974928
vn -0.216942 -0.222521 -0.950484
vn -0.200484 -0.433884 -0.878380
vn -0.173974 -0.623490 -0.762229
vn -0.138740 -0.781831 -0.607858
vn -0.096548 -0.900969 -0.423005
vn -0.049516 -0.974928 -0.216942
vn 0.049516 -0.974928 0.216942
vn 0.096548 -0.900969 0.423005
vn 0.138740 -0.781831 0.607858
vn 0.173974 -0.623490 0.762229
vn 0.200484 -0.433884 0.878380
vn 0.216942 -0.222521 0.950484
vn 0.109157 0.222521 0.968798
vn 0.111964 0.000000 0.993712
vn 0.100877 0.433884 0.895304
vn 0.087537 0.623490 0.776915
vn 0.069809 0.781831 0.619569
vn 0.048580 0.900969 0.431156
vn 0.024914 0.974928 0.221122
vn -0.024914 0.974928 -0.221122
vn -0.048580 0.900969 -0.431156
vn -0.069809 0.781831 -0.619569
vn -0.087537 0.623490 -0.776915
vn -0.100877 0.433884 -0.895304
vn -0.109157 0.222521 -0.968798
vn -0.111964 0.000000 -0.993712
vn -0.109157 -0.222521 -0.968798
vn -0.100877 -0.433884 -0.895304
vn -0.087537 -0.623490 -0.776915
vn -0.069809 -0.781831 -0.619569
vn -0.048580 -0.900969 -0.431156
vn -0.024914 -0.974928 -0.221122
vn 0.024914 -0.974928 0.221122
vn 0.048580 -0.900969 0.431156
vn 0.069809 -0.781831 0.619569
vn 0.087537 -0.623490 0.776915
vn 0.100877 -0.433884 0.895304
vn 0.109157 -0.222521 0.968798
vn 0.000000 0.222521 0.974928
vn 0.000000 0.433884 0.900969
vn 0.000000 0.623490 0.781831
vn 0.000000 0.781831 0.623490
vn 0.000000 0.900969 0.433884
vn 0.000000 0.974928 0.222521
vn -0.000000 0.974928 -0.222521
vn -0.000000 0.900969 -0.433884
vn -0.000000 0.781831 -0.623490
vn -0.000000 0.623490 -0.781831
vn -0.000000 0.433884 -0.900969
vn -0.000000 0.222521 -0.974928
vn -0.000000 -0.222521 -0.974928
vn -0.000000 -0.433884 -0.900969
vn -0.000000 -0.623490 -0.781831
vn -0.000000 -0.781831 -0.623490
vn -0.000000 -0.900969 -0.433884
vn -0.000000 -0.974928 -0.222521
vn 0.000000 -0.974928 0.222521
vn 0.000000 -0.900969 0.433884
vn 0.000000 -0.781831 0.623490
vn 0.000000 -0.623490 0.781831
vn 0.000000 -0.433884 0.900969
vn 0.000000 -0.222521 0.974928
vn -0.109157 0.222521 0.968798
vn -0.111964 0.000000 0.993712
vn -0.100877 0.433884 0.895304
vn -0.087537 0.623490 0.776915
vn -0.069809 0.781831 0.619569
vn -0.048580 0.900969 0.431156
vn -0.024914 0.974928 0.221122
vn 0.024914 0.974928 -0.221122
vn 0.048580 0.900969 -0.431156
vn 0.069809 0.781831 -0.619569
vn 0.087537 0.623490 -0.776915
vn 0.100877 0.433884 -0.895304
vn 0.109157 0.222521 -0.968798
vn 0.111964 0.000000 -0.993712
vn 0.109157 -0.222521 -0.968798
vn 0.100877 -0.433884 -0.895304
vn 0.087537 -0.623490 -0.776915
vn 0.069809 -0.781831 -0.619569
vn 0.048580 -0.900969 -0.431156
vn 0.024914 -0.974928 -0.221122
vn -0.024914 -0.974928 0.221122
vn -0.048580 -0.900969 0.431156
vn -0.069809 -0.781831 0.619569
vn -0.087537 -0.623490 0.776915
vn -0.100877 -0.433884 0.895304
vn -0.109157 -0.222521 0.968798
vn -0.216942 0.222521 0.950484
vn -0.222521 0.000000 0.974928
vn -0.200484 0.433884 0.878380
vn -0.173974 0.623490 0.762229
vn -0.138740 0.781831 0.607858
vn -0.096548 0.900969 0.423005
vn -0.049516 0.974928 0.216942
vn 0.049516 0.974928 -0.216942
vn 0.096548 0.900969 -0.423005
vn 0.138740 0.781831 -0.607858
vn 0.173974 0.623490 -0.762229
vn 0.200484 0.433884 -0.878380
vn 0.216942 0.222521 -0.950484
vn 0.222521 0.000000 -0.974928
vn 0.216942 -0.222521 -0.950484
vn 0.200484 -0.433884 -0.878380
vn 0.173974 -0.623490 -0.762229
vn 0.138740 -0.781831 -0.607858
vn 0.096548 -0.900969 -0.423005
vn 0.049516 -0.974928 -0.216942
vn -0.049516 -0.974928 0.216942
vn -0.096548 -0.900969 0.423005
vn -0.138740 -0.781831 0.607858
vn -0.173974 -0.623490 0.762229
vn -0.200484 -0.433884 0.878380
vn -0.216942 -0.222521 0.950484
vn -0.321998 0.222521 0.920218
vn -0.330279 0.000000 0.943883
vn -0.297571 0.433884 0.850409
vn -0.258223 0.623490 0.737958
vn -0.205926 0.781831 0.588502
vn -0.143303 0.900969 0.409536
vn -0.073494 0.974928 0.210034
vn 0.073494 0.974928 -0.210034
vn 0.143303 0.900969 -0.409536
vn 0.205926 0.781831 -0.588502
vn 0.258223 0.623490 -0.737958
vn 0.297571 0.433884 -0.850409
vn 0.321998 0.222521 -0.920218
vn 0.330279 0.000000 -0.943883
vn 0.321998 -0.222521 -0.920218
vn 0.297571 -0.433884 -0.850409
vn 0.258223 -0.623490 -0.737958
vn 0.205926 -0.781831 -0.588502
vn 0.143303 -0.900969 -0.409536
vn 0.073494 -0.974928 -0.210034
vn -0.073494 -0.974928 0.210034
vn -0.143303 -0.900969 0.409536
vn -0.205926 -0.781831 0.588502
vn -0.258223 -0.623490 0.737958
vn -0.297571 -0.433884 0.850409
vn -0.321998 -0.222521 0.920218
vn -0.423005 0.222521 0.878380
vn -0.433884 0.000000 0.900969
vn -0.390916 0.433884 0.811745
vn -0.339224 0.623490 0.704406
vn -0.270522 0.781831 0.561745
vn -0.188255 0.900969 0.390916
vn -0.096548 0.974928 0.200484
vn 0.096548 0.974928 -0.200484
vn 0.188255 0.900969 -0.390916
vn 0.270522 0.781831 -0.561745
vn 0.339224 0.623490 -0.704406
vn 0.390916 0.433884 -0.811745
vn 0.423005 0.222521 -0.878380
vn 0.433884 0.000000 -0.900969
vn 0.423005 -0.222521 -0.878380
vn 0.390916 -0.433884 -0.811745
vn 0.339224 -0.623490 -0.704406
vn 0.270522 -0.781831 -0.561745
vn 0.188255 -0.900969 -0.390916
vn 0.096548 -0.974928 -0.200484
vn -0.096548 -0.974928 0.200484
vn -0.188255 -0.900969 0.390916
vn -0.270522 -0.781831 0.561745
vn -0.339224 -0.623490 0.704406
vn -0.390916 -0.433884 0.811745
vn -0.423005 -0.222521 0.878380
vn -0.518693 0.222521 0.825495
vn -0.532032 0.000000 0.846724
vn -0.479344 0.433884 0.762872
vn -0.415959 0.623490 0.661996
vn -0.331717 0.781831 0.527924
vn -0.230840 0.900969 0.367380
vn -0.118388 0.974928 0.188414
vn 0.118388 0.974928 -0.188414
vn 0.230840 0.900969 -0.367380
vn 0.331717 0.781831 -0.527924
vn 0.415959 0.623490 -0.661996
vn 0.479344 0.433884 -0.762872
vn 0.518693 0.222521 -0.825495
vn 0.532032 0.000000 -0.846724
vn 0.518693 -0.222521 -0.825495
vn 0.479344 -0.433884 -0.762872
vn 0.415959 -0.623490 -0.661996
vn 0.331717 -0.781831 -0.527924
vn 0.230840 -0.900969 -0.367380
vn 0.118388 -0.974928 -0.188414
vn -0.118388 -0.974928 0.188414
vn -0.230840 -0.900969 0.367380
vn -0.331717 -0.781831 0.527924
vn -0.415959 -0.623490 0.661996
vn -0.479344 -0.433884 0.762872
vn -0.518693 -0.222521 0.825495
vn -0.607858 0.222521 0.762229
vn -0.623490 0.000000 0.781831
vn -0.561745 0.433884 0.704406
vn -0.487464 0.623490 0.611260
vn -0.388740 0.781831 0.487464
vn -0.270522 0.900969 0.339224
vn -0.138740 0.974928 0.173974
vn 0.138740 0.974928 -0.173974
vn 0.270522 0.900969 -0.339224
vn 0.388740 0.781831 -0.487464
vn 0.487464 0.623490 -0.611260
vn 0.561745 0.433884 -0.704406
vn 0.607858 0.222521 -0.762229
vn 0.623490 0.000000 -0.781831
vn 0.607858 -0.222521 -0.762229
vn 0.561745 -0.433884 -0.704406
vn 0.487464 -0.623490 -0.611260
vn 0.388740 -0.781831 -0.487464
vn 0.270522 -0.900969 -0.339224
vn 0.138740 -0.974928 -0.173974
vn -0.138740 -0.974928 0.173974
vn -0.270522 -0.900969 0.339224
vn -0.388740 -0.781831 0.487464
vn -0.487464 -0.623490 0.611260
vn -0.561745 -0.433884 0.704406
vn -0.607858 -0.222521 0.762229
vn -0.689378 0.222521 0.689378
vn -0.637081 0.433884 0.637081
vn -0.552838 0.623490 0.552838
vn -0.440874 0.781831 0.440874
vn -0.306802 0.900969 0.306802
vn -0.157346 0.974928 0.157346
vn 0.157346 0.974928 -0.157346
vn 0.306802 0.900969 -0.306802
vn 0.440874 0.781831 -0.440874
vn 0.552838 0.623490 -0.552838
vn 0.637081 0.433884 -0.637081
vn 0.689378 0.222521 -0.689378
vn 0.689378 -0.222521 -0.689378
vn 0.637081 -0.433884 -0.637081
vn 0.552838 -0.623490 -0.552838
vn 0.440874 -0.781831 -0.440874
vn 0.306802 -0.900969 -0.306802
vn 0.157346 -0.974928 -0.157346
vn -0.157346 -0.974928 0.157346
vn -0.306802 -0.900969 0.306802
vn -0.440874 -0.781831 0.440874
vn -0.552838 -0.623490 0.552838
vn -0.637081 -0.433884 0.637081
vn -0.689378 -0.222521 0.689378
vn -0.762229 0.222521 0.607858
vn -0.781831 0.000000 0.623490
vn -0.704406 0.433884 0.561745
vn -0.611260 0.623490 0.487464
vn -0.487464 0.781831 0.388740
vn -0.339224 0.900969 0.270522
vn -0.173974 0.974928 0.138740
vn 0.173974 0.974928 -0.138740
vn 0.339224 0.900969 -0.270522
vn 0.487464 0.781831 -0.388740
vn 0.611260 0.623490 -0.487464
vn 0.704406 0.433884 -0.561745
vn 0.762229 0.222521 -0.607858
vn 0.781831 0.000000 -0.623490
vn 0.762229 -0.222521 -0.607858
vn 0.704406 -0.433884 -0.561745
vn 0.611260 -0.623490 -0.487464
vn 0.487464 -0.781831 -0.388740
vn 0.339224 -0.900969 -0.270522
vn 0.173974 -0.974928 -0.138740
vn -0.173974 -0.974928 0.138740
vn -0.339224 -0.900969 0.270522
vn -0.487464 -0.781831 0.388740
vn -0.611260 -0.623490 0.487464
vn -0.704406 -0.433884 0.561745
vn -0.762229 -0.222521 0.607858
vn -0.825495 0.222521 0.518693
vn -0.846724 0.000000 0.532032
vn -0.762872 0.433884 0.479344
vn -0.661996 0.623490 0.415959
vn -0.527924 0.781831 0.331717
vn -0.367380 0.900969 0.230840
vn -0.188414 0.974928 0.118388
vn 0.188414 0.974928 -0.118388
vn 0.367380 0.900969 -0.230840
vn 0.527924 0.781831 -0.331717
vn 0.661996 0.623490 -0.415959
vn 0.762872 0.433884 -0.479344
vn 0.825495 0.222521 -0.518693
vn 0.846724 0.000000 -0.532032
vn 0.825495 -0.222521 -0.518693
vn 0.762872 -0.433884 -0.479344
vn 0.661996 -0.623490 -0.415959
vn 0.527924 -0.781831 -0.331717
vn 0.367380 -0.900969 -0.230840
vn 0.188414 -0.974928 -0.118388
vn -0.188414 -0.974928 0.118388
vn -0.367380 -0.900969 0.230840
vn -0.527924 -0.781831 0.331717
vn -0.661996 -0.623490 0.415959
vn -0.762872 -0.433884 0.479344
vn -0.825495 -0.222521 0.518693
vn -0.878380 0.222521 0.423005
vn -0.900969 0.000000 0.433884
vn -0.811745 0.433884 0.390916
vn -0.704406 0.623490 0.339224
vn -0.561745 0.781831 0.270522
vn -0.390916 0.900969 0.188255
vn -0.200484 0.974928 0.096548
vn 0.200484 0.974928 -0.096548
vn 0.390916 0.900969 -0.188255
vn 0.561745 0.781831 -0.270522
vn 0.704406 0.623490 -0.339224
vn 0.811745 0.433884 -0.390916
vn 0.878380 0.222521 -0.423005
vn 0.900969 0.000000 -0.433884
vn 0.878380 -0.222521 -0.423005
vn 0.811745 -0.433884 -0.390916
vn 0.704406 -0.623490 -0.339224
vn 0.561745 -0.781831 -0.270522
vn 0.390916 -0.900969 -0.188255
vn 0.200484 -0.974928 -0.096548
vn -0.200484 -0.974928 0.096548
vn -0.390916 -0.900969 0.188255
vn -0.561745 -0.781831 0.270522
vn -0.704406 -0.623490 0.339224
vn -0.811745 -0.433884 0.390916
vn -0.878380 -0.222521 0.423005
vn -0.920218 0.222521 0.321998
vn -0.943883 0.000000 0.330279
vn -0.850409 0.433884 0.297571
vn -0.737958 0.623490 0.258223
vn -0.588502 0.781831 0.205926
vn -0.409536 0.900969 0.143303
vn -0.210034 0.974928 0.073494
vn 0.210034 0.974928 -0.073494
vn 0.409536 0.900969 -0.143303
vn 0.588502 0.781831 -0.205926
vn 0.737958 0.623490 -0.258223
vn 0.850409 0.433884 -0.297571
vn 0.920218 0.222521 -0.321998
vn 0.943883 0.000000 -0.330279
vn 0.920218 -0.222521 -0.321998
vn 0.850409 -0.433884 -0.297571
vn 0.737958 -0.623490 -0.258223
vn 0.588502 -0.781831 -0.205926
vn 0.409536 -0.900969 -0.143303
vn 0.210034 -0.974928 -0.073494
vn -0.210034 -0.974928 0.073494
vn -0.409536 -0.900969 0.143303
vn -0.588502 -0.781831 0.205926
vn -0.737958 -0.623490 0.258223
vn -0.850409 -0.433884 0.297571
vn -0.920218 -0.222521 0.321998
vn -0.950484 0.222521 0.216942
vn -0.974928 0.000000 0.222521
vn -0.878380 0.433884 0.200484
vn -0.762229 0.623490 0.173974
vn -0.607858 0.781831 0.138740
vn -0.423005 0.900969 0.096548
vn -0.216942 0.974928 0.049516
vn 0.216942 0.974928 -0.049516
vn 0.423005 0.900969 -0.096548
vn 0.607858 0.781831 -0.138740
vn 0.762229 0.623490 -0.173974
vn 0.878380 0.433884 -0.200484
vn 0.950484 0.222521 -0.216942
vn 0.974928 0.000000 -0.222521
vn 0.950484 -0.222521 -0.216942
vn 0.878380 -0.433884 -0.200484
vn 0.762229 -0.623490 -0.173974
vn 0.607858 -0.781831 -0.138740
vn 0.423005 -0.900969 -0.096548
vn 0.216942 -0.974928 -0.049516
vn -0.216942 -0.974928 0.049516
vn -0.423005 -0.900969 0.096548
vn -0.607858 -0.781831 0.138740
vn -0.762229 -0.623490 0.173974
vn -0.878380 -0.433884 0.200484
vn -0.950484 -0.222521 0.216942
vn -0.968798 0.222521 0.109157
vn -0.993712 0.000000 0.111964
vn -0.895304 0.433884 0.100877
vn -0.776915 0.623490 0.087537
vn -0.619569 0.781831 0.069809
vn -0.431156 0.900969 0.048580
vn -0.221122 0.974928 0.024914
vn 0.221122 0.974928 -0.024914
vn 0.431156 0.900969 -0.048580
vn 0.619569 0.781831 -0.069809
vn 0.776915 0.623490 -0.087537
vn 0.895304 0.433884 -0.100877
vn 0.968798 0.222521 -0.109157
vn 0.993712 0.000000 -0.111964
vn 0.968798 -0.222521 -0.109157
vn 0.895304 -0.433884 -0.100877
vn 0.776915 -0.623490 -0.087537
vn 0.619569 -0.781831 -0.069809
vn 0.431156 -0.900969 -0.048580
vn 0.221122 -0.974928 -0.024914
vn -0.221122 -0.974928 0.024914
vn -0.431156 -0.900969 0.048580
vn -0.619569 -0.781831 0.069809
vn -0.776915 -0.623490 0.087537
vn -0.895304 -0.433884 0.100877
vn -0.968798 -0.222521 0.109157
vn 0.980785 0.000000 0.195090
vn 0.831470 0.000000 0.555570
vn 0.555570 0.000000 0.831470
vn 0.195090 0.000000 0.980785
vn -0.195090 0.000000 0.980785
vn -0.555570 0.000000 0.831470
vn -0.831470 0.000000 0.555570
vn -0.980785 0.000000 0.195090
vn -0.980785 0.000000 -0.195090
vn -0.831470 0.000000 -0.555570
vn -0.555570 0.000000 -0.831470
vn -0.195090 0.000000 -0.980785
vn 0.195090 0.000000 -0.980785
vn 0.555570 0.000000 -0.831470
vn 0.831470 0.000000 -0.555570
vn 0.980785 0.000000 -0.195090
usemtl paper
f 1//1 2//1 3//1
f 1//1 3//1 4//1
usemtl chalk
f 5//1 6//2 7//3
f 5//1 8//4 6//2
f 5//1 9//5 8//4
f 5//1 10//6 9//5
f 5//1 11//7 10//6
f 5//1 12//8 11//7
f 5//1 13//9 12//8
f 5//1 14//10 13//9
f 5//1 15//11 14//10
f 5//1 16//12 15//11
f 5//1 17//13 16//12
f 5//1 18//14 17//13
f 5//1 19//15 18//14
f 5//1 20//16 19//15
f 5//1 21//17 20//16
f 5//1 22//18 21//17
f 5//1 23//19 22//18
f 5//1 24//20 23//19
f 5//1 25//21 24//20
f 5//1 26//22 25//21
f 5//1 27//23 26//22
f 5//1 28//24 27//23
f 5//1 29//25 28//24
f 5//1 30//26 29//25
f 5//1 31//27 30//26
f 5//1 32//28 31//27
f 5//1 33//29 32//28
f 5//1 34//30 33//29
f 5//1 35//31 34//30
f 5//1 36//32 35//31
f 5//1 37//33 36//32
f 5//1 38//34 37//33
f 5//1 39//35 38//34
f 5//1 40//36 39//35
f 5//1 41//37 40//36
f 5//1 42//38 41//37
f 5//1 43//39 42//38
f 5//1 44//40 43//39
f 5//1 45//41 44//40
f 5//1 46//42 45//41
f 5//1 47//43 46//42
f 5//1 48//44 47//43
f 5//1 49//45 48//44
f 5//1 50//46 49//45
f 5//1 51//47 50//46
f 5//1 52//48 51//47
f 5//1 53//49 52//48
f 5//1 7//3 53//49
f 7//3 6//2 54//50
f 7//3 54//50 55//51
f 6//2 8//4 56//52
f 6//2 56//52 54//50
f 8//4 9//5 57//53
f 8//4 57//53 56//52
f 9//5 10//6 58//54
f 9//5 58//54 57//53
f 10//6 11//7 59//55
f 10//6 59//55 58//54
f 11//7 12//8 60//56
f 11//7 60//56 59//55
f 12//8 13//9 61//57
f 12//8 61//57 60//56
f 13//9 14//10 62//58
f 13//9 62//58 61//57
f 14//10 15//11 63//59
f 14//10 63//59 62//58
f 15//11 16//12 64//60
f 15//11 64//60 63//59
f 16//12 17//13 65//61
f 16//12 65//61 64//60
f 17//13 18//14 66//62
f 17//13 66//62 65//61
f 18//14 19//15 67//63
f 18//14 67//63 66//62
f 19//15 20//16 68//64
f 19//15 68//64 67//63
f 20//16 21//17 69//65
f 20//16 69//65 68//64
f 21//17 22//18 70//66
f 21//17 70//66 69//65
f 22//18 23//19 71//67
f 22//18 71//67 70//66
f 23//19 24//20 72//68
f 23//19 72//68 71//67
f 24//20 25//21 73//69
f 24//20 73//69 72//68
f 25//21 26//22 74//70
f 25//21 74//70 73//69
f 26//22 27//23 75//71
f 26//22 75//71 74//70
f 27//23 28//24 76//72
f 27//23 76//72 75//71
f 28//24 29//25 77//73
f 28//24 77//73 76//72
f 29//25 30//26 78//74
f 29//25 78//74 77//73
f 30//26 31//27 79//75
f 30//26 79//75 78//74
f 31//27 32//28 80//76
f 31//27 80//76 79//75
f 32//28 33//29 81//77
f 32//28 81//77 80//76
f 33//29 34//30 82//78
f 33//29 82//78 81//77
f 34//30 35//31 83//79
f 34//30 83//79 82//78
f 35//31 36//32 84//80
f 35//31 84//80 83//79
f 36//32 37//33 85//81
f 36//32 85//81 84//80
f 37//33 38//34 86//82
f 37//33 86//82 85//81
f 38//34 39//35 87//83
f 38//34 87//83 86//82
f 39//35 40//36 88//84
f 39//35 88//84 87//83
f 40//36 41//37 89//85
f 40//36 89//85 88//84
f 41//37 42//38 90//86
f 41//37 90//86 89//85
f 42//38 43//39 91//87
f 42//38 91//87 90//86
f 43//39 44//40 92//88
f 43//39 92//88 91//87
f 44//40 45//41 93//89
f 44//40 93//89 92//88
f 45//41 46//42 94//90
f 45//41 94//90 93//89
f 46//42 47//43 95//91
f 46//42 95//91 94//90
f 47//43 48//44 96//92
f 47//43 96//92 95//91
f 48//44 49//45 97//93
f 48//44 97//93 96//92
f 49//45 50//46 98//94
f 49//45 98//94 97//93
f 50//46 51//47 99//95
f 50//46 99//95 98//94
f 51//47 52//48 100//96
f 51//47 100//96 99//95
f 52//48 53//49 101//97
f 52//48 101//97 100//96
f 53//49 7//3 55//51
f 53//49 55//51 101//97
f 55//51 54//50 102//98
f 55//51 102//98 103//99
f 54//50 56//52 104//100
f 54//50 104//100 102//98
f 56//52 57//53 105//101
f 56//52 105//101 104//100
f 57//53 58//54 106//102
f 57//53 106//102 105//101
f 58//54 59//55 107//103
f 58//54 107//103 106//102
f 59//55 60//56 108//104
f 59//55 108//104 107//103
f 60//56 61//57 109//105
f 60//56 109//105 108//104
f 61//57 62//58 110//106
f 61//57 110//106 109//105
f 62//58 63//59 111//107
f 62//58 111//107 110//106
f 63//59 64//60 112//108
f 63//59 112//108 111//107
f 64//60 65//61 113//109
f 64//60 113//109 112//108
f 65//61 66//62 114//110
f 65//61 114//110 113//109
f 66//62 67//63 115//111
f 66//62 115//111 114//110
f 67//63 68//64 116//112
f 67//63 116//112 115//111
f 68//64 69//65 117//113
f 68//64 117//113 116//112
f 69//65 70//66 118//114
f 69//65 118//114 117//113
f 70//66 71//67 119//115
f 70//66 119//115 118//114
f 71//67 72//68 120//116
f 71//67 120//116 119//115
f 72//68 73//69 121//117
f 72//68 121//117 120//116
f 73//69 74//70 122//118
f 73//69 122//118 121//117
f 74//70 75//71 123//119
f 74//70 123//119 122//118
f 75//71 76//72 124//120
f 75//71 124//120 123//119
f 76//72 77//73 125//121
f 76//72 125//121 124//120
f 77//73 78//74 126//122
f 77//73 126//122 125//121
f 78//74 79//75 127//123
f 78//74 127//123 126//122
f 79//75 80//76 128//124
f 79//75 128//124 127//123
f 80//76 81//77 129//125
f 80//76 129//125 128//124
f 81//77 82//78 130//126
f 81//77 130//126 129//125
f 82//78 83//79 131//127
f 82//78 131//127 130//126
f 83//79 84//80 132//128
f 83//79 132//128 131//127
f 84//80 85//81 133//129
f 84//80 133//129 132//128
f 85//81 86//82 134//130
f 85//81 134//130 133//129
f 86//82 87//83 135//131
f 86//82 135//131 134//130
f 87//83 88//84 136//132
f 87//83 136//132 135//131
f 88//84 89//85 137//133
f 88//84 137//133 136//132
f 89//85 90//86 138//134
f 89//85 138//134 137//133
f 90//86 91//87 139//135
f 90//86 139//135 138//134
f 91//87 92//88 140//136
f 91//87 140//136 139//135
f 92//88 93//89 141//137
f 92//88 141//137 140//136
f 93//89 94//90 142//138
f 93//89 142//138 141//137
f 94//90 95//91 143//139
f 94//90 143//139 142//138
f 95//91 96//92 144//140
f 95//91 144//140 143//139
f 96//92 97//93 145//141
f 96//92 145//141 144//140
f 97//93 98//94 146//142
f 97//93 146//142 145//141
f 98//94 99//95 147//143
f 98//94 147//143 146//142
f 99//95 100//96 148//144
f 99//95 148//144 147//143
f 100//96 101//97 149//145
f 100//96 149//145 148//144
f 101//97 55//51 103//99
f 101//97 103//99 149//145
f 103//99 102//98 150//146
f 103//99 150//146 151//147
f 102//98 104//100 152//148
f 102//98 152//148 150//146
f 104//100 105//101 153//149
f 104//100 153//149 152//148
f 105//101 106//102 154//150
f 105//101 154//150 153//149
f 106//102 107//103 155//151
f 106//102 155//151 154//150
f 107//103 108//104 156//152
f 107//103 156//152 155//151
f 108//104 109//105 157//153
f 108//104 157//153 156//152
f 109//105 110//106 158//154
f 109//105 158//154 157//153
f 110//106 111//107 159//155
f 110//106 159//155 158//154
f 111//107 112//108 160//156
f 111//107 160//156 159//155
f 112//108 113//109 161//157
f 112//108 161//157 160//156
f 113//109 114//110 162//158
f 113//109 162//158 161//157
f 114//110 115//111 163//159
f 114//110 163//159 162//158
f 115//111 116//112 164//160
f 115//111 164//160 163//159
f 116//112 117//113 165//161
f 116//112 165//161 164//160
f 117//113 118//114 166//162
f 117//113 166//162 165//161
f 118//114 119//115 167//163
f 118//114 167//163 166//162
f 119//115 120//116 168//164
f 119//115 168//164 167//163
f 120//116 121//117 169//165
f 120//116 169//165 168//164
f 121//117 122//118 170//166
f 121//117 170//166 169//165
f 122//118 123//119 171//167
f 122//118 171//167 170//166
f 123//119 124//120 172//168
f 123//119 172//168 171//167
f 124//120 125//121 173//169
f 124//120 173//169 172//168
f 125//121 126//122 174//170
f 125//121 174//170 173//169
f 126//122 127//123 175//171
f 126//122 175//171 174//170
f 127//123 128//124 176//172
f 127//123 176//172 175//171
f 128//124 129//125 177//173
f 128//124 177//173 176//172
f 129//125 130//126 178//174
f 129//125 178//174 177//173
f 130//126 131//127 179//175
f 130//126 179//175 178//174
f 131//127 132//128 180//176
f 131//127 180//176 179//175
f 132//128 133//129 181//177
f 132//128 181//177 180//176
f 133//129 134//130 182//178
f 133//129 182//178 181//177
f 134//130 135//131 183//179
f 134//130 183//179 182//178
f 135//131 136//132 184//180
f 135//131 184//180 183//179
f 136//132 137//133 185//181
f 136//132 185//181 184//180
f 137//133 138//134 186//182
f 137//133 186//182 185//181
f 138//134 139//135 187//183
f 138//134 187//183 186//182
f 139//135 140//136 188//184
f 139//135 188//184 187//183
f 140//136 141//137 189//185
f 140//136 189//185 188//184
f 141//137 142//138 190//186
f 141//137 190//186 189//185
f 142//138 143//139 191//187
f 142//138 191//187 190//186
f 143//139 144//140 192//188
f 143//139 192//188 191//187
f 144//140 145//141 193//189
f 144//140 193//189 192//188
f 145//141 146//142 194//190
f 145//141 194//190 193//189
f 146//142 147//143 195//191
f 146//142 195//191 194//190
f 147//143 148//144 196//192
f 147//143 196//192 195//191
f 148//144 149//145 197//193
f 148//144 197//193 196//192
f 149//145 103//99 151//147
f 149//145 151//147 197//193
f 151//147 150//146 198//194
f 151//147 198//194 199//195
f 150//146 152//148 200//196
f 150//146 200//196 198//194
f 152//148 153//149 201//197
f 152//148 201//197 200//196
f 153//149 154//150 202//198
f 153//149 202//198 201//197
f 154//150 155//151 203//199
f 154//150 203//199 202//198
f 155//151 156//152 204//200
f 155//151 204//200 203//199
f 156//152 157//153 205//201
f 156//152 205//201 204//200
f 157//153 158//154 206//202
f 157//153 206//202 205//201
f 158//154 159//155 207//203
f 158//154 207//203 206//202
f 159//155 160//156 208//204
f 159//155 208//204 207//203
f 160//156 161//157 209//205
f 160//156 209//205 208//204
f 161//157 162//158 210//206
f 161//157 210//206 209//205
f 162//158 163//159 211//207
f 162//158 211//207 210//206
f 163//159 164//160 212//208
f 163//159 212//208 211//207
f 164//160 165//161 213//209
f 164//160 213//209 212//208
f 165//161 166//162 214//210
f 165//161 214//210 213//209
f 166//162 167//163 215//211
f 166//162 215//211 214//210
f 167//163 168//164 216//212
f 167//163 216//212 215//211
f 168//164 169//165 217//213
f 168//164 217//213 216//212
f 169//165 170//166 218//214
f 169//165 218//214 217//213
f 170//166 171//167 219//215
f 170//166 219//215 218//214
f 171//167 172//168 220//216
f 171//167 220//216 219//215
f 172//168 173//169 221//217
f 172//168 221//217 220//216
f 173//169 174//170 222//218
f 173//169 222//218 221//217
f 174//170 175//171 223//219
f 174//170 223//219 222//218
f 175//171 176//172 224//220
f 175//171 224//220 223//219
f 176//172 177//173 225//221
f 176//172 225//221 224//220
f 177//173 178//174 226//222
f 177//173 226//222 225//221
f 178//174 179//175 227//223
f 178//174 227//223 226//222
f 179//175 180//176 228//224
f 179//175 228//224 227//223
f 180//176 181//177 229//225
f 180//176 229//225 228//224
f 181//177 182//178 230//226
f 181//177 230//226 229//225
f 182//178 183//179 231//227
f 182//178 231//227 230//226
f 183//179 184//180 232//228
f 183//179 232//228 231//227
f 184//180 185//181 233//229
f 184//180 233//229 232//228
f 185//181 186//182 234//230
f 185//181 234//230 233//229
f 186//182 187//183 235//231
f 186//182 235//231 234//230
f 187//183 188//184 236//232
f 187//183 236//232 235//231
f 188//184 189//185 237//233
f 188//184 237//233 236//232
f 189//185 190//186 238//234
f 189//185 238//234 237//233
f 190//186 191//187 239//235
f 190//186 239//235 238//234
f 191//187 192//188 240//236
f 191//187 240//236 239//235
f 192//188 193//189 241//237
f 192//188 241//237 240//236
f 193//189 194//190 242//238
f 193//189 242//238 241//237
f 194//190 195//191 243//239
f 194//190 243//239 242//238
f 195//191 196//192 244//240
f 195//191 244//240 243//239
f 196//192 197//193 245//241
f 196//192 245//241 244//240
f 197//193 151//147 199//195
f 197//193 199//195 245//241
f 199//195 198//194 246//242
f 199//195 246//242 247//243
f 198//194 200//196 248//244
f 198//194 248//244 246//242
f 200//196 201//197 249//245
f 200//196 249//245 248//244
f 201//197 202//198 250//246
f 201//197 250//246 249//245
f 202//198 203//199 251//247
f 202//198 251//247 250//246
f 203//199 204//200 252//248
f 203//199 252//248 251//247
f 204//200 205//201 253//249
f 204//200 253//249 252//248
f 205//201 206//202 254//250
f 205//201 254//250 253//249
f 206//202 207//203 255//251
f 206//202 255//251 254//250
f 207//203 208//204 256//252
f 207//203 256//252 255//251
f 208//204 209//205 257//253
f 208//204 257//253 256//252
f 209//205 210//206 258//254
f 209//205 258//254 257//253
f 210//206 211//207 259//255
f 210//206 259//255 258//254
f 211//207 212//208 260//256
f 211//207 260//256 259//255
f 212//208 213//209 261//257
f 212//208 261//257 260//256
f 213//209 214//210 262//258
f 213//209 262//258 261//257
f 214//210 215//211 263//259
f 214//210 263//259 262//258
f 215//211 216//212 264//260
f 215//211 264//260 263//259
f 216//212 217//213 265//261
f 216//212 265//261 264//260
f 217//213 218//214 266//262
f 217//213 266//262 265//261
f 218//214 219//215 267//263
f 218//214 267//263 266//262
f 219//215 220//216 268//264
f 219//215 268//264 267//263
f 220//216 221//217 269//265
f 220//216 269//265 268//264
f 221//217 222//218 270//266
f 221//217 270//266 269//265
f 222//218 223//219 271//267
f 222//218 271//267 270//266
f 223//219 224//220 272//268
f 223//219 272//268 271//267
f 224//220 225//221 273//269
f 224//220 273//269 272//268
f 225//221 226//222 274//270
f 225//221 274//270 273//269
f 226//222 227//223 275//271
f 226//222 275//271 274//270
f 227//223 228//224 276//272
f 227//223 276//272 275//271
f 228//224 229//225 277//273
f 228//224 277//273 276//272
f 229//225 230//226 278//274
f 229//225 278//274 277//273
f 230//226 231//227 279//275
f 230//226 279//275 278//274
f 231//227 232//228 280//276
f 231//227 280//276 279//275
f 232//228 233//229 281//277
f 232//228 281//277 280//276
f 233//229 234//230 282//278
f 233//229 282//278 281//277
f 234//230 235//231 283//279
f 234//230 283//279 282//278
f 235//231 236//232 284//280
f 235//231 284//280 283//279
f 236//232 237//233 285//281
f 236//232 285//281 284//280
f 237//233 238//234 286//282
f 237//233 286//282 285//281
f 238//234 239//235 287//283
f 238//234 287//283 286//282
f 239//235 240//236 288//284
f 239//235 288//284 287//283
f 240//236 241//237 289//285
f 240//236 289//285 288//284
f 241//237 242//238 290//286
f 241//237 290//286 289//285
f 242//238 243//239 291//287
f 242//238 291//287 290//286
f 243//239 244//240 292//288
f 243//239 292//288 291//287
f 244//240 245//241 293//289
f 244//240 293//289 292//288
f 245//241 199//195 247//243
f 245//241 247//243 293//289
f 247//243 246//242 294//290
f 247//243 294//290 295//291
f 246//242 248//244 296//292
f 246//242 296//292 294//290
f 248//244 249//245 297//293
f 248//244 297//293 296//292
f 249//245 250//246 298//294
f 249//245 298//294 297//293
f 250//246 251//247 299//295
f 250//246 299//295 298//294
f 251//247 252//248 300//296
f 251//247 300//296 299//295
f 252//248 253//249 301//297
f 252//248 301//297 300//296
f 253//249 254//250 302//298
f 253//249 302//298 301//297
f 254//250 255//251 303//299
f 254//250 303//299 302//298
f 255//251 256//252 304//300
f 255//251 304//300 303//299
f 256//252 257//253 305//301
f 256//252 305//301 304//300
f 257//253 258//254 306//302
f 257//253 306//302 305//301
f 258//254 259//255 307//303
f 258//254 307//303 306//302
f 259//255 260//256 308//304
f 259//255 308//304 307//303
f 260//256 261//257 309//305
f 260//256 309//305 308//304
f 261//257 262//258 310//306
f 261//257 310//306 309//305
f 262//258 263//259 311//307
f 262//258 311//307 310//306
f 263//259 264//260 312//308
f 263//259 312//308 311//307
f 264//260 265//261 313//309
f 264//260 313//309 312//308
f 265//261 266//262 314//310
f 265//261 314//310 313//309
f 266//262 267//263 315//311
f 266//262 315//311 314//310
f 267//263 268//264 316//312
f 267//263 316//312 315//311
f 268//264 269//265 317//313
f 268//264 317//313 316//312
f 269//265 270//266 318//314
f 269//265 318//314 317//313
f 270//266 271//267 319//315
f 270//266 319//315 318//314
f 271//267 272//268 320//316
f 271//267 320//316 319//315
f 272//268 273//269 321//317
f 272//268 321//317 320//316
f 273//269 274//270 322//318
f 273//269 322//318 321//317
f 274//270 275//271 323//319
f 274//270 323//319 322//318
f 275//271 276//272 324//320
f 275//271 324//320 323//319
f 276//272 277//273 325//321
f 276//272 325//321 324//320
f 277//273 278//274 326//322
f 277//273 326//322 325//321
f 278//274 279//275 327//323
f 278//274 327//323 326//322
f 279//275 280//276 328//324
f 279//275 328//324 327//323
f 280//276 281//277 329//325
f 280//276 329//325 328//324
f 281//277 282//278 330//326
f 281//277 330//326 329//325
f 282//278 283//279 331//327
f 282//278 331//327 330//326
f 283//279 284//280 332//328
f 283//279 332//328 331//327
f 284//280 285//281 333//329
f 284//280 333//329 332//328
f 285//281 286//282 334//330
f 285//281 334//330 333//329
f 286//282 287//283 335//331
f 286//282 335//331 334//330
f 287//283 288//284 336//332
f 287//283 336//332 335//331
f 288//284 289//285 337//333
f 288//284 337//333 336//332
f 289//285 290//286 338//334
f 289//285 338//334 337//333
f 290//286 291//287 339//335
f 290//286 339//335 338//334
f 291//287 292//288 340//336
f 291//287 340//336 339//335
f 292//288 293//289 341//337
f 292//288 341//337 340//336
f 293//289 247//243 295//291
f 293//289 295//291 341//337
f 295//291 294//290 342//338
f 295//291 342//338 343//339
f 294//290 296//292 344//340
f 294//290 344//340 342//338
f 296//292 297//293 345//341
f 296//292 345//341 344//340
f 297//293 298//294 346//342
f 297//293 346//342 345//341
f 298//294 299//295 347//343
f 298//294 347//343 346//342
f 299//295 300//296 348//344
f 299//295 348//344 347//343
f 300//296 301//297 349//345
f 300//296 349//345 348//344
f 301//297 302//298 350//346
f 301//297 350//346 349//345
f 302//298 303//299 351//347
f 302//298 351//347 350//346
f 303//299 304//300 352//348
f 303//299 352//348 351//347
f 304//300 305//301 353//349
f 304//300 353//349 352//348
f 305//301 306//302 354//350
f 305//301 354//350 353//349
f 306//302 307//303 355//351
f 306//302 355//351 354//350
f 307//303 308//304 356//352
f 307//303 356//352 355//351
f 308//304 309//305 357//353
f 308//304 357//353 356//352
f 309//305 310//306 358//354
f 309//305 358//354 357//353
f 310//306 311//307 359//355
f 310//306 359//355 358//354
f 311//307 312//308 360//356
f 311//307 360//356 359//355
f 312//308 313//309 361//357
f 312//308 361//357 360//356
f 313//309 314//310 362//358
f 313//309 362//358 361//357
f 314//310 315//311 363//359
f 314//310 363//359 362//358
f 315//311 316//312 364//360
f 315//311 364//360 363//359
f 316//312 317//313 365//361
f 316//312 365//361 364//360
f 317//313 318//314 366//362
f 317//313 366//362 365//361
f 318//314 319//315 367//363
f 318//314 367//363 366//362
f 319//315 320//316 368//364
f 319//315 368//364 367//363
f 320//316 321//317 369//365
f 320//316 369//365 368//364
f 321//317 322//318 370//366
f 321//317 370//366 369//365
f 322//318 323//319 371//367
f 322//318 371//367 370//366
f 323//319 324//320 372//368
f 323//319 372//368 371//367
f 324//320 325//321 373//369
f 324//320 373//369 372//368
f 325//321 326//322 374//370
f 325//321 374//370 373//369
f 326//322 327//323 375//371
f 326//322 375//371 374//370
f 327//323 328//324 376//372
f 327//323 376//372 375//371
f 328//324 329//325 377//373
f 328//324 377//373 376//372
f 329//325 330//326 378//374
f 329//325 378//374 377//373
f 330//326 331//327 379//375
f 330//326 379//375 378//374
f 331//327 332//328 380//376
f 331//327 380//376 379//375
f 332//328 333//329 381//377
f 332//328 381//377 380//376
f 333//329 334//330 382//378
f 333//329 382//378 381//377
f 334//330 335//331 383//379
f 334//330 383//379 382//378
f 335//331 336//332 384//380
f 335//331 384//380 383//379
f 336//332 337//333 385//381
f 336//332 385//381 384//380
f 337//333 338//334 386//382
f 337//333 386//382 385//381
f 338//334 339//335 387//383
f 338//334 387//383 386//382
f 339//335 340//336 388//384
f 339//335 388//384 387//383
f 340//336 341//337 389//385
f 340//336 389//385 388//384
f 341//337 295//291 343//339
f 341//337 343//339 389//385
f 343//339 342//338 390//386
f 343//339 390//386 391//387
f 342//338 344//340 392//388
f 342//338 392//388 390//386
f 344//340 345//341 393//389
f 344//340 393//389 392//388
f 345//341 346//342 394//390
f 345//341 394//390 393//389
f 346//342 347//343 395//391
f 346//342 395//391 394//390
f 347//343 348//344 396//392
f 347//343 396//392 395//391
f 348//344 349//345 397//393
f 348//344 397//393 396//392
f 349//345 350//346 398//394
f 349//345 398//394 397//393
f 350//346 351//347 399//395
f 350//346 399//395 398//394
f 351//347 352//348 400//396
f 351//347 400//396 399//395
f 352//348 353//349 401//397
f 352//348 401//397 400//396
f 353//349 354//350 402//398
f 353//349 402//398 401//397
f 354//350 355//351 403//399
f 354//350 403//399 402//398
f 355//351 356//352 404//400
f 355//351 404//400 403//399
f 356//352 357//353 405//401
f 356//352 405//401 404//400
f 357//353 358//354 406//402
f 357//353 406//402 405//401
f 358//354 359//355 407//403
f 358//354 407//403 406//402
f 359//355 360//356 408//404
f 359//355 408//404 407//403
f 360//356 361//357 409//405
f 360//356 409//405 408//404
f 361//357 362//358 410//406
f 361//357 410//406 409//405
f 362//358 363//359 411//407
f 362//358 411//407 410//406
f 363//359 364//360 412//408
f 363//359 412//408 411//407
f 364//360 365//361 413//409
f 364//360 413//409 412//408
f 365//361 366//362 414//410
f 365//361 414//410 413//409
f 366//362 367//363 415//411
f 366//362 415//411 414//410
f 367//363 368//364 416//412
f 367//363 416//412 415//411
f 368//364 369//365 417//413
f 368//364 417//413 416//412
f 369//365 370//366 418//414
f 369//365 418//414 417//413
f 370//366 371//367 419//415
f 370//366 419//415 418//414
f 371//367 372//368 420//416
f 371//367 420//416 419//415
f 372//368 373//369 421//417
f 372//368 421//417 420//416
f 373//369 374//370 422//418
f 373//369 422//418 421//417
f 374//370 375//371 423//419
f 374//370 423//419 422//418
f 375//371 376//372 424//420
f 375//371 424//420 423//419
f 376//372 377//373 425//421
f 376//372 425//421 424//420
f 377//373 378//374 426//422
f 377//373 426//422 425//421
f 378//374 379//375 427//423
f 378//374 427//423 426//422
f 379//375 380//376 428//424
f 379//375 428//424 427//423
f 380//376 381//377 429//425
f 380//376 429//425 428//424
f 381//377 382//378 430//426
f 381//377 430//426 429//425
f 382//378 383//379 431//427
f 382//378 431//427 430//426
f 383//379 384//380 432//428
f 383//379 432//428 431//427
f 384//380 385//381 433//429
f 384//380 433//429 432//428
f 385//381 386//382 434//430
f 385//381 434//430 433//429
f 386//382 387//383 435//431
f 386//382 435//431 434//430
f 387//383 388//384 436//432
f 387//383 436//432 435//431
f 388//384 389//385 437//433
f 388//384 437//433 436//432
f 389//385 343//339 391//387
f 389//385 391//387 437//433
f 391//387 390//386 438//434
f 391//387 438//434 439//435
f 390//386 392//388 440//436
f 390//386 440//436 438//434
f 392//388 393//389 441//437
f 392//388 441//437 440//436
f 393//389 394//390 442//438
f 393//389 442//438 441//437
f 394//390 395//391 443//439
f 394//390 443//439 442//438
f 395//391 396//392 444//440
f 395//391 444//440 443//439
f 396//392 397//393 445//441
f 396//392 445//441 444//440
f 397//393 398//394 446//442
f 397//393 446//442 445//441
f 398//394 399//395 447//443
f 398//394 447//443 446//442
f 399//395 400//396 448//444
f 399//395 448//444 447//443
f 400//396 401//397 449//445
f 400//396 449//445 448//444
f 401//397 402//398 450//446
f 401//397 450//446 449//445
f 402//398 403//399 451//447
f 402//398 451//447 450//446
f 403//399 404//400 452//448
f 403//399 452//448 451//447
f 404//400 405//401 453//449
f 404//400 453//449 452//448
f 405//401 406//402 454//450
f 405//401 454//450 453//449
f 406//402 407//403 455//451
f 406//402 455//451 454//450
f 407//403 408//404 456//452
f 407//403 456//452 455//451
f 408//404 409//405 457//453
f 408//404 457//453 456//452
f 409//405 410//406 458//454
f 409//405 458//454 457//453
f 410//406 411//407 459//455
f 410//406 459//455 458//454
f 411//407 412//408 460//456
f 411//407 460//456 459//455
f 412//408 413//409 461//457
f 412//408 461//457 460//456
f 413//409 414//410 462//458
f 413//409 462//458 461//457
f 414//410 415//411 463//459
f 414//410 463//459 462//458
f 415//411 416//412 464//460
f 415//411 464//460 463//459
f 416//412 417//413 465//461
f 416//412 465//461 464//460
f 417//413 418//414 466//462
f 417//413 466//462 465//461
f 418//414 419//415 467//463
f 418//414 467//463 466//462
f 419//415 420//416 468//464
f 419//415 468//464 467//463
f 420//416 421//417 469//465
f 420//416 469//465 468//464
f 421//417 422//418 470//466
f 421//417 470//466 469//465
f 422//418 423//419 471//467
f 422//418 471//467 470//466
f 423//419 424//420 472//468
f 423//419 472//468 471//467
f 424//420 425//421 473//469
f 424//420 473//469 472//468
f 425//421 426//422 474//470
f 425//421 474//470 473//469
f 426//422 427//423 475//471
f 426//422 475//471 474//470
f 427//423 428//424 476//472
f 427//423 476//472 475//471
f 428//424 429//425 477//473
f 428//424 477//473 476//472
f 429//425 430//426 478//474
f 429//425 478//474 477//473
f 430//426 431//427 479//475
f 430//426 479//475 478//474
f 431//427 432//428 480//476
f 431//427 480//476 479//475
f 432//428 433//429 481//477
f 432//428 481//477 480//476
f 433//429 434//430 482//478
f 433//429 482//478 481//477
f 434//430 435//431 483//479
f 434//430 483//479 482//478
f 435//431 436//432 484//480
f 435//431 484//480 483//479
f 436//432 437//433 485//481
f 436//432 485//481 484//480
f 437//433 391//387 439//435
f 437//433 439//435 485//481
f 439//435 438//434 486//482
f 439//435 486//482 487//483
f 438//434 440//436 488//484
f 438//434 488//484 486//482
f 440//436 441//437 489//485
f 440//436 489//485 488//484
f 441//437 442//438 490//486
f 441//437 490//486 489//485
f 442//438 443//439 491//487
f 442//438 491//487 490//486
f 443//439 444//440 492//488
f 443//439 492//488 491//487
f 444//440 445//441 493//489
f 444//440 493//489 492//488
f 445//441 446//442 494//490
f 445//441 494//490 493//489
f 446//442 447//443 495//491
f 446//442 495//491 494//490
f 447//443 448//444 496//492
f 447//443 496//492 495//491
f 448//444 449//445 497//493
f 448//444 497//493 496//492
f 449//445 450//446 498//494
f 449//445 498//494 497//493
f 450//446 451//447 499//495
f 450//446 499//495 498//494
f 451//447 452//448 500//496
f 451//447 500//496 499//495
f 452//448 453//449 501//497
f 452//448 501//497 500//496
f 453//449 454//450 502//498
f 453//449 502//498 501//497
f 454//450 455//451 503//499
f 454//450 503//499 502//498
f 455//451 456//452 504//500
f 455//451 504//500 503//499
f 456//452 457//453 505//501
f 456//452 505//501 504//500
f 457//453 458//454 506//502
f 457//453 506//502 505//501
f 458//454 459//455 507//503
f 458//454 507//503 506//502
f 459//455 460//456 508//504
f 459//455 508//504 507//503
f 460//456 461//457 509//505
f 460//456 509//505 508//504
f 461//457 462//458 510//506
f 461//457 510//506 509//505
f 462//458 463//459 511//507
f 462//458 511//507 510//506
f 463//459 464//460 512//508
f 463//459 512//508 511//507
f 464//460 465//461 513//509
f 464//460 513//509 512//508
f 465//461 466//462 514//510
f 465//461 514//510 513//509
f 466//462 467//463 515//511
f 466//462 515//511 514//510
f 467//463 468//464 516//512
f 467//463 516//512 515//511
f 468//464 469//465 517//513
f 468//464 517//513 516//512
f 469//465 470//466 518//514
f 469//465 518//514 517//513
f 470//466 471//467 519//515
f 470//466 519//515 518//514
f 471//467 472//468 520//516
f 471//467 520//516 519//515
f 472//468 473//469 521//517
f 472//468 521//517 520//516
f 473//469 474//470 522//518
f 473//469 522//518 521//517
f 474//470 475//471 523//519
f 474//470 523//519 522//518
f 475//471 476//472 524//520
f 475//471 524//520 523//519
f 476//472 477//473 525//521
f 476//472 525//521 524//520
f 477//473 478//474 526//522
f 477//473 526//522 525//521
f 478//474 479//475 527//523
f 478//474 527//523 526//522
f 479//475 480//476 528//524
f 479//475 528//524 527//523
f 480//476 481//477 529//525
f 480//476 529//525 528//524
f 481//477 482//478 530//526
f 481//477 530//526 529//525
f 482//478 483//479 531//527
f 482//478 531//527 530//526
f 483//479 484//480 532//528
f 483//479 532//528 531//527
f 484//480 485//481 533//529
f 484//480 533//529 532//528
f 485//481 439//435 487//483
f 485//481 487//483 533//529
f 487//483 486//482 534//530
f 487//483 534//530 535//531
f 486//482 488//484 536//532
f 486//482 536//532 534//530
f 488//484 489//485 537//533
f 488//484 537//533 536//532
f 489//485 490//486 538//534
f 489//485 538//534 537//533
f 490//486 491//487 539//535
f 490//486 539//535 538//534
f 491//487 492//488 540//536
f 491//487 540//536 539//535
f 492//488 493//489 541//537
f 492//488 541//537 540//536
f 493//489 494//490 542//538
f 493//489 542//538 541//537
f 494//490 495//491 543//539
f 494//490 543//539 542//538
f 495//491 496//492 544//540
f 495//491 544//540 543//539
f 496//492 497//493 545//541
f 496//492 545//541 544//540
f 497//493 498//494 546//542
f 497//493 546//542 545//541
f 498//494 499//495 547//543
f 498//494 547//543 546//542
f 499//495 500//496 548//544
f 499//495 548//544 547//543
f 500//496 501//497 549//545
f 500//496 549//545 548//544
f 501//497 502//498 550//546
f 501//497 550//546 549//545
f 502//498 503//499 551//547
f 502//498 551//547 550//546
f 503//499 504//500 552//548
f 503//499 552//548 551//547
f 504//500 505//501 553//549
f 504//500 553//549 552//548
f 505//501 506//502 554//550
f 505//501 554//550 553//549
f 506//502 507//503 555//551
f 506//502 555//551 554//550
f 507//503 508//504 556//552
f 507//503 556//552 555//551
f 508//504 509//505 557//553
f 508//504 557//553 556//552
f 509//505 510//506 558//554
f 509//505 558//554 557//553
f 510//506 511//507 559//555
f 510//506 559//555 558//554
f 511//507 512//508 560//556
f 511//507 560//556 559//555
f 512//508 513//509 561//557
f 512//508 561//557 560//556
f 513//509 514//510 562//558
f 513//509 562//558 561//557
f 514//510 515//511 563//559
f 514//510 563//559 562//558
f 515//511 516//512 564//560
f 515//511 564//560 563//559
f 516//512 517//513 565//561
f 516//512 565//561 564//560
f 517//513 518//514 566//562
f 517//513 566//562 565//561
f 518//514 519//515 567//563
f 518//514 567//563 566//562
f 519//515 520//516 568//564
f 519//515 568//564 567//563
f 520//516 521//517 569//565
f 520//516 569//565 568//564
f 521//517 522//518 570//566
f 521//517 570//566 569//565
f 522//518 523//519 571//567
f 522//518 571//567 570//566
f 523//519 524//520 572//568
f 523//519 572//568 571//567
f 524//520 525//521 573//569
f 524//520 573//569 572//568
f 525//521 526//522 574//570
f 525//521 574//570 573//569
f 526//522 527//523 575//571
f 526//522 575//571 574//570
f 527//523 528//524 576//572
f 527//523 576//572 575//571
f 528//524 529//525 577//573
f 528//524 577//573 576//572
f 529//525 530//526 578//574
f 529//525 578//574 577//573
f 530//526 531//527 579//575
f 530//526 579//575 578//574
f 531//527 532//528 580//576
f 531//527 580//576 579//575
f 532//528 533//529 581//577
f 532//528 581//577 580//576
f 533//529 487//483 535//531
f 533//529 535//531 581//577
f 535//531 534//530 582//578
f 535//531 582//578 583//579
f 534//530 536//532 584//580
f 534//530 584//580 582//578
f 536//532 537//533 585//581
f 536//532 585//581 584//580
f 537//533 538//534 586//582
f 537//533 586//582 585//581
f 538//534 539//535 587//583
f 538//534 587//583 586//582
f 539//535 540//536 588//584
f 539//535 588//584 587//583
f 540//536 541//537 589//585
f 540//536 589//585 588//584
f 541//537 542//538 590//586
f 541//537 590//586 589//585
f 542//538 543//539 591//587
f 542//538 591//587 590//586
f 543//539 544//540 592//588
f 543//539 592//588 591//587
f 544//540 545//541 593//589
f 544//540 593//589 592//588
f 545//541 546//542 594//590
f 545//541 594//590 593//589
f 546//542 547//543 595//591
f 546//542 595//591 594//590
f 547//543 548//544 596//592
f 547//543 596//592 595//591
f 548//544 549//545 597//593
f 548//544 597//593 596//592
f 549//545 550//546 598//594
f 549//545 598//594 597//593
f 550//546 551//547 599//595
f 550//546 599//595 598//594
f 551//547 552//548 600//596
f 551//547 600//596 599//595
f 552//548 553//549 601//597
f 552//548 601//597 600//596
f 553//549 554//550 602//598
f 553//549 602//598 601//597
f 554//550 555//551 603//599
f 554//550 603//599 602//598
f 555//551 556//552 604//600
f 555//551 604//600 603//599
f 556//552 557//553 605//601
f 556//552 605//601 604//600
f 557//553 558//554 606//602
f 557//553 606//602 605//601
f 558//554 559//555 607//603
f 558//554 607//603 606//602
f 559//555 560//556 608//604
f 559//555 608//604 607//603
f 560//556 561//557 609//605
f 560//556 609//605 608//604
f 561//557 562//558 610//606
f 561//557 610//606 609//605
f 562//558 563//559 611//607
f 562//558 611//607 610//606
f 563//559 564//560 612//608
f 563//559 612//608 611//607
f 564//560 565//561 613//609
f 564//560 613//609 612//608
f 565//561 566//562 614//610
f 565//561 614//610 613//609
f 566//562 567//563 615//611
f 566//562 615//611 614//610
f 567//563 568//564 616//612
f 567//563 616//612 615//611
f 568//564 569//565 617//613
f 568//564 617//613 616//612
f 569//565 570//566 618//614
f 569//565 618//614 617//613
f 570//566 571//567 619//615
f 570//566 619//615 618//614
f 571//567 572//568 620//616
f 571//567 620//616 619//615
f 572//568 573//569 621//617
f 572//568 621//617 620//616
f 573//569 574//570 622//618
f 573//569 622//618 621//617
f 574//570 575//571 623//619
f 574//570 623//619 622//618
f 575//571 576//572 624//620
f 575//571 624//620 623//619
f 576//572 577//573 625//621
f 576//572 625//621 624//620
f 577//573 578//574 626//622
f 577//573 626//622 625//621
f 578//574 579//575 627//623
f 578//574 627//623 626//622
f 579//575 580//576 628//624
f 579//575 628//624 627//623
f 580//576 581//577 629//625
f 580//576 629//625 628//624
f 581//577 535//531 583//579
f 581//577 583//579 629//625
f 583//579 582//578 630//626
f 583//579 630//626 631//627
f 582//578 584//580 632//628
f 582//578 632//628 630//626
f 584//580 585//581 633//629
f 584//580 633//629 632//628
f 585//581 586//582 634//630
f 585//581 634//630 633//629
f 586//582 587//583 635//631
f 586//582 635//631 634//630
f 587//583 588//584 636//632
f 587//583 636//632 635//631
f 588//584 589//585 637//633
f 588//584 637//633 636//632
f 589//585 590//586 638//634
f 589//585 638//634 637//633
f 590//586 591//587 639//635
f 590//586 639//635 638//634
f 591//587 592//588 640//636
f 591//587 640//636 639//635
f 592//588 593//589 641//637
f 592//588 641//637 640//636
f 593//589 594//590 642//638
f 593//589 642//638 641//637
f 594//590 595//591 643//639
f 594//590 643//639 642//638
f 595//591 596//592 644//640
f 595//591 644//640 643//639
f 596//592 597//593 645//641
f 596//592 645//641 644//640
f 597//593 598//594 646//642
f 597//593 646//642 645//641
f 598//594 599//595 647//643
f 598//594 647//643 646//642
f 599//595 600//596 648//644
f 599//595 648//644 647//643
f 600//596 601//597 649//645
f 600//596 649//645 648//644
f 601//597 602//598 650//646
f 601//597 650//646 649//645
f 602//598 603//599 651//647
f 602//598 651//647 650//646
f 603//599 604//600 652//648
f 603//599 652//648 651//647
f 604//600 605//601 653//649
f 604//600 653//649 652//648
f 605//601 606//602 654//650
f 605//601 654//650 653//649
f 606//602 607//603 655//651
f 606//602 655//651 654//650
f 607//603 608//604 656//652
f 607//603 656//652 655//651
f 608//604 609//605 657//653
f 608//604 657//653 656//652
f 609//605 610//606 658//654
f 609//605 658//654 657//653
f 610//606 611//607 659//655
f 610//606 659//655 658//654
f 611//607 612//608 660//656
f 611//607 660//656 659//655
f 612//608 613//609 661//657
f 612//608 661//657 660//656
f 613//609 614//610 662//658
f 613//609 662//658 661//657
f 614//610 615//611 663//659
f 614//610 663//659 662//658
f 615//611 616//612 664//660
f 615//611 664//660 663//659
f 616//612 617//613 665//661
f 616//612 665//661 664//660
f 617//613 618//614 666//662
f 617//613 666//662 665//661
f 618//614 619//615 667//663
f 618//614 667//663 666//662
f 619//615 620//616 668//664
f 619//615 668//664 667//663
f 620//616 621//617 669//665
f 620//616 669//665 668//664
f 621//617 622//618 670//666
f 621//617 670//666 669//665
f 622//618 623//619 671//667
f 622//618 671//667 670//666
f 623//619 624//620 672//668
f 623//619 672//668 671//667
f 624//620 625//621 673//669
f 624//620 673//669 672//668
f 625//621 626//622 674//670
f 625//621 674//670 673//669
f 626//622 627//623 675//671
f 626//622 675//671 674//670
f 627//623 628//624 676//672
f 627//623 676//672 675//671
f 628//624 629//625 677//673
f 628//624 677//673 676//672
f 629//625 583//579 631//627
f 629//625 631//627 677//673
f 631//627 630//626 678//674
f 631//627 678//674 679//675
f 630//626 632//628 680//676
f 630//626 680//676 678//674
f 632//628 633//629 681//677
f 632//628 681//677 680//676
f 633//629 634//630 682//678
f 633//629 682//678 681//677
f 634//630 635//631 683//679
f 634//630 683//679 682//678
f 635//631 636//632 684//680
f 635//631 684//680 683//679
f 636//632 637//633 685//681
f 636//632 685//681 684//680
f 637//633 638//634 686//682
f 637//633 686//682 685//681
f 638//634 639//635 687//683
f 638//634 687//683 686//682
f 639//635 640//636 688//684
f 639//635 688//684 687//683
f 640//636 641//637 689//685
f 640//636 689//685 688//684
f 641//637 642//638 690//686
f 641//637 690//686 689//685
f 642//638 643//639 691//687
f 642//638 691//687 690//686
f 643//639 644//640 692//688
f 643//639 692//688 691//687
f 644//640 645//641 693//689
f 644//640 693//689 692//688
f 645//641 646//642 694//690
f 645//641 694//690 693//689
f 646//642 647//643 695//691
f 646//642 695//691 694//690
f 647//643 648//644 696//692
f 647//643 696//692 695//691
f 648//644 649//645 697//693
f 648//644 697//693 696//692
f 649//645 650//646 698//694
f 649//645 698//694 697//693
f 650//646 651//647 699//695
f 650//646 699//695 698//694
f 651//647 652//648 700//696
f 651//647 700//696 699//695
f 652//648 653//649 701//697
f 652//648 701//697 700//696
f 653//649 654//650 702//698
f 653//649 702//698 701//697
f 654//650 655//651 703//699
f 654//650 703//699 702//698
f 655//651 656//652 704//700
f 655//651 704//700 703//699
f 656//652 657//653 705//701
f 656//652 705//701 704//700
f 657//653 658//654 706//702
f 657//653 706//702 705//701
f 658//654 659//655 707//703
f 658//654 707//703 706//702
f 659//655 660//656 708//704
f 659//655 708//704 707//703
f 660//656 661//657 709//705
f 660//656 709//705 708//704
f 661//657 662//658 710//706
f 661//657 710//706 709//705
f 662//658 663//659 711//707
f 662//658 711//707 710//706
f 663//659 664//660 712//708
f 663//659 712//708 711//707
f 664//660 665//661 713//709
f 664//660 713//709 712//708
f 665//661 666//662 714//710
f 665//661 714//710 713//709
f 666//662 667//663 715//711
f 666//662 715//711 714//710
f 667//663 668//664 716//712
f 667//663 716//712 715//711
f 668//664 669//665 717//713
f 668//664 717//713 716//712
f 669//665 670//666 718//714
f 669//665 718//714 717//713
f 670//666 671//667 719//715
f 670//666 719//715 718//714
f 671//667 672//668 720//716
f 671//667 720//716 719//715
f 672//668 673//669 721//717
f 672//668 721//717 720//716
f 673//669 674//670 722//718
f 673//669 722//718 721//717
f 674//670 675//671 723//719
f 674//670 723//719 722//718
f 675//671 676//672 724//720
f 675//671 724//720 723//719
f 676//672 677//673 725//721
f 676//672 725//721 724//720
f 677//673 631//627 679//675
f 677//673 679//675 725//721
f 679//675 678//674 726//722
f 679//675 726//722 727//723
f 678//674 680//676 728//724
f 678//674 728//724 726//722
f 680//676 681//677 729//725
f 680//676 729//725 728//724
f 681//677 682//678 730//726
f 681//677 730//726 729//725
f 682//678 683//679 731//727
f 682//678 731//727 730//726
f 683//679 684//680 732//728
f 683//679 732//728 731//727
f 684//680 685//681 733//729
f 684//680 733//729 732//728
f 685//681 686//682 734//730
f 685//681 734//730 733//729
f 686//682 687//683 735//731
f 686//682 735//731 734//730
f 687//683 688//684 736//732
f 687//683 736//732 735//731
f 688//684 689//685 737//733
f 688//684 737//733 736//732
f 689//685 690//686 738//734
f 689//685 738//734 737//733
f 690//686 691//687 739//735
f 690//686 739//735 738//734
f 691//687 692//688 740//736
f 691//687 740//736 739//735
f 692//688 693//689 741//737
f 692//688 741//737 740//736
f 693//689 694//690 742//738
f 693//689 742//738 741//737
f 694//690 695//691 743//739
f 694//690 743//739 742//738
f 695//691 696//692 744//740
f 695//691 744//740 743//739
f 696//692 697//693 745//741
f 696//692 745//741 744//740
f 697//693 698//694 746//742
f 697//693 746//742 745//741
f 698//694 699//695 747//743
f 698//694 747//743 746//742
f 699//695 700//696 748//744
f 699//695 748//744 747//743
f 700//696 701//697 749//745
f 700//696 749//745 748//744
f 701//697 702//698 750//746
f 701//697 750//746 749//745
f 702//698 703//699 751//747
f 702//698 751//747 750//746
f 703//699 704//700 752//748
f 703//699 752//748 751//747
f 704//700 705//701 753//749
f 704//700 753//749 752//748
f 705//701 706//702 754//750
f 705//701 754//750 753//749
f 706//702 707//703 755//751
f 706//702 755//751 754//750
f 707//703 708//704 756//752
f 707//703 756//752 755//751
f 708//704 709//705 757//753
f 708//704 757//753 756//752
f 709//705 710//706 758//754
f 709//705 758//754 757//753
f 710//706 711//707 759//755
f 710//706 759//755 758//754
f 711//707 712//708 760//756
f 711//707 760//756 759//755
f 712//708 713//709 761//757
f 712//708 761//757 760//756
f 713//709 714//710 762//758
f 713//709 762//758 761//757
f 714//710 715//711 763//759
f 714//710 763//759 762//758
f 715//711 716//712 764//760
f 715//711 764//760 763//759
f 716//712 717//713 765//761
f 716//712 765//761 764//760
f 717//713 718//714 766//762
f 717//713 766//762 765//761
f 718//714 719//715 767//763
f 718//714 767//763 766//762
f 719//715 720//716 768//764
f 719//715 768//764 767//763
f 720//716 721//717 769//765
f 720//716 769//765 768//764
f 721//717 722//718 770//766
f 721//717 770//766 769//765
f 722//718 723//719 771//767
f 722//718 771//767 770//766
f 723//719 724//720 772//768
f 723//719 772//768 771//767
f 724//720 725//721 773//769
f 724//720 773//769 772//768
f 725//721 679//675 727//723
f 725//721 727//723 773//769
f 727//723 726//722 774//770
f 727//723 774//770 775//771
f 726//722 728//724 776//772
f 726//722 776//772 774//770
f 728//724 729//725 777//773
f 728//724 777//773 776//772
f 729//725 730//726 778//774
f 729//725 778//774 777//773
f 730//726 731//727 779//775
f 730//726 779//775 778//774
f 731//727 732//728 780//776
f 731//727 780//776 779//775
f 732//728 733//729 781//777
f 732//728 781//777 780//776
f 733//729 734//730 782//778
f 733//729 782//778 781//777
f 734//730 735//731 783//779
f 734//730 783//779 782//778
f 735//731 736//732 784//780
f 735//731 784//780 783//779
f 736//732 737//733 785//781
f 736//732 785//781 784//780
f 737//733 738//734 786//782
f 737//733 786//782 785//781
f 738//734 739//735 787//783
f 738//734 787//783 786//782
f 739//735 740//736 788//784
f 739//735 788//784 787//783
f 740//736 741//737 789//785
f 740//736 789//785 788//784
f 741//737 742//738 790//786
f 741//737 790//786 789//785
f 742//738 743//739 791//787
f 742//738 791//787 790//786
f 743//739 744//740 792//788
f 743//739 792//788 791//787
f 744//740 745//741 793//789
f 744//740 793//789 792//788
f 745//741 746//742 794//790
f 745//741 794//790 793//789
f 746//742 747//743 795//791
f 746//742 795//791 794//790
f 747//743 748//744 796//792
f 747//743 796//792 795//791
f 748//744 749//745 797//793
f 748//744 797//793 796//792
f 749//745 750//746 798//794
f 749//745 798//794 797//793
f 750//746 751//747 799//795
f 750//746 799//795 798//794
f 751//747 752//748 800//796
f 751//747 800//796 799//795
f 752//748 753//749 801//797
f 752//748 801//797 800//796
f 753//749 754//750 802//798
f 753//749 802//798 801//797
f 754//750 755//751 803//799
f 754//750 803//799 802//798
f 755//751 756//752 804//800
f 755//751 804//800 803//799
f 756//752 757//753 805//801
f 756//752 805//801 804//800
f 757//753 758//754 806//802
f 757//753 806//802 805//801
f 758//754 759//755 807//803
f 758//754 807//803 806//802
f 759//755 760//756 808//804
f 759//755 808//804 807//803
f 760//756 761//757 809//805
f 760//756 809//805 808//804
f 761//757 762//758 810//806
f 761//757 810//806 809//805
f 762//758 763//759 811//807
f 762//758 811//807 810//806
f 763//759 764//760 812//808
f 763//759 812//808 811//807
f 764//760 765//761 813//809
f 764//760 813//809 812//808
f 765//761 766//762 814//810
f 765//761 814//810 813//809
f 766//762 767//763 815//811
f 766//762 815//811 814//810
f 767//763 768//764 816//812
f 767//763 816//812 815//811
f 768//764 769//765 817//813
f 768//764 817//813 816//812
f 769//765 770//766 818//814
f 769//765 818//814 817//813
f 770//766 771//767 819//815
f 770//766 819//815 818//814
f 771//767 772//768 820//816
f 771//767 820//816 819//815
f 772//768 773//769 821//817
f 772//768 821//817 820//816
f 773//769 727//723 775//771
f 773//769 775//771 821//817
f 775//771 774//770 822//818
f 775//771 822//818 823//819
f 774//770 776//772 824//820
f 774//770 824//820 822//818
f 776//772 777//773 825//821
f 776//772 825//821 824//820
f 777//773 778//774 826//822
f 777//773 826//822 825//821
f 778//774 779//775 827//823
f 778//774 827//823 826//822
f 779//775 780//776 828//824
f 779//775 828//824 827//823
f 780//776 781//777 829//825
f 780//776 829//825 828//824
f 781//777 782//778 830//826
f 781//777 830//826 829//825
f 782//778 783//779 831//827
f 782//778 831//827 830//826
f 783//779 784//780 832//828
f 783//779 832//828 831//827
f 784//780 785//781 833//829
f 784//780 833//829 832//828
f 785//781 786//782 834//830
f 785//781 834//830 833//829
f 786//782 787//783 835//831
f 786//782 835//831 834//830
f 787//783 788//784 836//832
f 787//783 836//832 835//831
f 788//784 789//785 837//833
f 788//784 837//833 836//832
f 789//785 790//786 838//834
f 789//785 838//834 837//833
f 790//786 791//787 839//835
f 790//786 839//835 838//834
f 791//787 792//788 840//836
f 791//787 840//836 839//835
f 792//788 793//789 841//837
f 792//788 841//837 840//836
f 793//789 794//790 842//838
f 793//789 842//838 841//837
f 794//790 795//791 843//839
f 794//790 843//839 842//838
f 795//791 796//792 844//840
f 795//791 844//840 843//839
f 796//792 797//793 845//841
f 796//792 845//841 844//840
f 797//793 798//794 846//842
f 797//793 846//842 845//841
f 798//794 799//795 847//843
f 798//794 847//843 846//842
f 799//795 800//796 848//844
f 799//795 848//844 847//843
f 800//796 801//797 849//845
f 800//796 849//845 848//844
f 801//797 802//798 850//846
f 801//797 850//846 849//845
f 802//798 803//799 851//847
f 802//798 851//847 850//846
f 803//799 804//800 852//848
f 803//799 852//848 851//847
f 804//800 805//801 853//849
f 804//800 853//849 852//848
f 805//801 806//802 854//850
f 805//801 854//850 853//849
f 806//802 807//803 855//851
f 806//802 855//851 854//850
f 807//803 808//804 856//852
f 807//803 856//852 855//851
f 808//804 809//805 857//853
f 808//804 857//853 856//852
f 809//805 810//806 858//854
f 809//805 858//854 857//853
f 810//806 811//807 859//855
f 810//806 859//855 858//854
f 811//807 812//808 860//856
f 811//807 860//856 859//855
f 812//808 813//809 861//857
f 812//808 861//857 860//856
f 813//809 814//810 862//858
f 813//809 862//858 861//857
f 814//810 815//811 863//859
f 814//810 863//859 862//858
f 815//811 816//812 864//860
f 815//811 864//860 863//859
f 816//812 817//813 865//861
f 816//812 865//861 864//860
f 817//813 818//814 866//862
f 817//813 866//862 865//861
f 818//814 819//815 867//863
f 818//814 867//863 866//862
f 819//815 820//816 868//864
f 819//815 868//864 867//863
f 820//816 821//817 869//865
f 820//816 869//865 868//864
f 821//817 775//771 823//819
f 821//817 823//819 869//865
f 823//819 822//818 870//866
f 823//819 870//866 871//867
f 822//818 824//820 872//868
f 822//818 872//868 870//866
f 824//820 825//821 873//869
f 824//820 873//869 872//868
f 825//821 826//822 874//870
f 825//821 874//870 873//869
f 826//822 827//823 875//871
f 826//822 875//871 874//870
f 827//823 828//824 876//872
f 827//823 876//872 875//871
f 828//824 829//825 877//873
f 828//824 877//873 876//872
f 829//825 830//826 878//874
f 829//825 878//874 877//873
f 830//826 831//827 879//875
f 830//826 879//875 878//874
f 831//827 832//828 880//876
f 831//827 880//876 879//875
f 832//828 833//829 881//877
f 832//828 881//877 880//876
f 833//829 834//830 882//878
f 833//829 882//878 881//877
f 834//830 835//831 883//879
f 834//830 883//879 882//878
f 835//831 836//832 884//880
f 835//831 884//880 883//879
f 836//832 837//833 885//881
f 836//832 885//881 884//880
f 837//833 838//834 886//882
f 837//833 886//882 885//881
f 838//834 839//835 887//883
f 838//834 887//883 886//882
f 839//835 840//836 888//884
f 839//835 888//884 887//883
f 840//836 841//837 889//885
f 840//836 889//885 888//884
f 841//837 842//838 890//886
f 841//837 890//886 889//885
f 842//838 843//839 891//887
f 842//838 891//887 890//886
f 843//839 844//840 892//888
f 843//839 892//888 891//887
f 844//840 845//841 893//889
f 844//840 893//889 892//888
f 845//841 846//842 894//890
f 845//841 894//890 893//889
f 846//842 847//843 895//891
f 846//842 895//891 894//890
f 847//843 848//844 896//892
f 847//843 896//892 895//891
f 848//844 849//845 897//893
f 848//844 897//893 896//892
f 849//845 850//846 898//894
f 849//845 898//894 897//893
f 850//846 851//847 899//895
f 850//846 899//895 898//894
f 851//847 852//848 900//896
f 851//847 900//896 899//895
f 852//848 853//849 901//897
f 852//848 901//897 900//896
f 853//849 854//850 902//898
f 853//849 902//898 901//897
f 854//850 855//851 903//899
f 854//850 903//899 902//898
f 855//851 856//852 904//900
f 855//851 904//900 903//899
f 856//852 857//853 905//901
f 856//852 905//901 904//900
f 857//853 858//854 906//902
f 857//853 906//902 905//901
f 858//854 859//855 907//903
f 858//854 907//903 906//902
f 859//855 860//856 908//904
f 859//855 908//904 907//903
f 860//856 861//857 909//905
f 860//856 909//905 908//904
f 861//857 862//858 910//906
f 861//857 910//906 909//905
f 862//858 863//859 911//907
f 862//858 911//907 910//906
f 863//859 864//860 912//908
f 863//859 912//908 911//907
f 864//860 865//861 913//909
f 864//860 913//909 912//908
f 865//861 866//862 914//910
f 865//861 914//910 913//909
f 866//862 867//863 915//911
f 866//862 915//911 914//910
f 867//863 868//864 916//912
f 867//863 916//912 915//911
f 868//864 869//865 917//913
f 868//864 917//913 916//912
f 869//865 823//819 871//867
f 869//865 871//867 917//913
f 871//867 870//866 918//914
f 871//867 918//914 919//915
f 870//866 872//868 920//916
f 870//866 920//916 918//914
f 872//868 873//869 921//917
f 872//868 921//917 920//916
f 873//869 874//870 922//918
f 873//869 922//918 921//917
f 874//870 875//871 923//919
f 874//870 923//919 922//918
f 875//871 876//872 924//920
f 875//871 924//920 923//919
f 876//872 877//873 925//921
f 876//872 925//921 924//920
f 877//873 878//874 926//922
f 877//873 926//922 925//921
f 878//874 879//875 927//923
f 878//874 927//923 926//922
f 879//875 880//876 928//924
f 879//875 928//924 927//923
f 880//876 881//877 929//925
f 880//876 929//925 928//924
f 881//877 882//878 930//926
f 881//877 930//926 929//925
f 882//878 883//879 931//927
f 882//878 931//927 930//926
f 883//879 884//880 932//928
f 883//879 932//928 931//927
f 884//880 885//881 933//929
f 884//880 933//929 932//928
f 885//881 886//882 934//930
f 885//881 934//930 933//929
f 886//882 887//883 935//931
f 886//882 935//931 934//930
f 887//883 888//884 936//932
f 887//883 936//932 935//931
f 888//884 889//885 937//933
f 888//884 937//933 936//932
f 889//885 890//886 938//934
f 889//885 938//934 937//933
f 890//886 891//887 939//935
f 890//886 939//935 938//934
f 891//887 892//888 940//936
f 891//887 940//936 939//935
f 892//888 893//889 941//937
f 892//888 941//937 940//936
f 893//889 894//890 942//938
f 893//889 942//938 941//937
f 894//890 895//891 943//939
f 894//890 943//939 942//938
f 895//891 896//892 944//940
f 895//891 944//940 943//939
f 896//892 897//893 945//941
f 896//892 945//941 944//940
f 897//893 898//894 946//942
f 897//893 946//942 945//941
f 898//894 899//895 947//943
f 898//894 947//943 946//942
f 899//895 900//896 948//944
f 899//895 948//944 947//943
f 900//896 901//897 949//945
f 900//896 949//945 948//944
f 901//897 902//898 950//946
f 901//897 950//946 949//945
f 902//898 903//899 951//947
f 902//898 951//947 950//946
f 903//899 904//900 952//948
f 903//899 952//948 951//947
f 904//900 905//901 953//949
f 904//900 953//949 952//948
f 905//901 906//902 954//950
f 905//901 954//950 953//949
f 906//902 907//903 955//951
f 906//902 955//951 954//950
f 907//903 908//904 956//952
f 907//903 956//952 955//951
f 908//904 909//905 957//953
f 908//904 957//953 956//952
f 909//905 910//906 958//954
f 909//905 958//954 957//953
f 910//906 911//907 959//955
f 910//906 959//955 958//954
f 911//907 912//908 960//956
f 911//907 960//956 959//955
f 912//908 913//909 961//957
f 912//908 961//957 960//956
f 913//909 914//910 962//958
f 913//909 962//958 961//957
f 914//910 915//911 963//959
f 914//910 963//959 962//958
f 915//911 916//912 964//960
f 915//911 964//960 963//959
f 916//912 917//913 965//961
f 916//912 965//961 964//960
f 917//913 871//867 919//915
f 917//913 919//915 965//961
f 919//915 918//914 966//962
f 919//915 966//962 967//963
f 918//914 920//916 968//964
f 918//914 968//964 966//962
f 920//916 921//917 969//965
f 920//916 969//965 968//964
f 921//917 922//918 970//966
f 921//917 970//966 969//965
f 922//918 923//919 971//967
f 922//918 971//967 970//966
f 923//919 924//920 972//968
f 923//919 972//968 971//967
f 924//920 925//921 973//969
f 924//920 973//969 972//968
f 925//921 926//922 974//970
f 925//921 974//970 973//969
f 926//922 927//923 975//971
f 926//922 975//971 974//970
f 927//923 928//924 976//972
f 927//923 976//972 975//971
f 928//924 929//925 977//973
f 928//924 977//973 976//972
f 929//925 930//926 978//974
f 929//925 978//974 977//973
f 930//926 931//927 979//975
f 930//926 979//975 978//974
f 931//927 932//928 980//976
f 931//927 980//976 979//975
f 932//928 933//929 981//977
f 932//928 981//977 980//976
f 933//929 934//930 982//978
f 933//929 982//978 981//977
f 934//930 935//931 983//979
f 934//930 983//979 982//978
f 935//931 936//932 984//980
f 935//931 984//980 983//979
f 936//932 937//933 985//981
f 936//932 985//981 984//980
f 937//933 938//934 986//982
f 937//933 986//982 985//981
f 938//934 939//935 987//983
f 938//934 987//983 986//982
f 939//935 940//936 988//984
f 939//935 988//984 987//983
f 940//936 941//937 989//985
f 940//936 989//985 988//984
f 941//937 942//938 990//986
f 941//937 990//986 989//985
f 942//938 943//939 991//987
f 942//938 991//987 990//986
f 943//939 944//940 992//988
f 943//939 992//988 991//987
f 944//940 945//941 993//989
f 944//940 993//989 992//988
f 945//941 946//942 994//990
f 945//941 994//990 993//989
f 946//942 947//943 995//991
f 946//942 995//991 994//990
f 947//943 948//944 996//992
f 947//943 996//992 995//991
f 948//944 949//945 997//993
f 948//944 997//993 996//992
f 949//945 950//946 998//994
f 949//945 998//994 997//993
f 950//946 951//947 999//995
f 950//946 999//995 998//994
f 951//947 952//948 1000//996
f 951//947 1000//996 999//995
f 952//948 953//949 1001//997
f 952//948 1001//997 1000//996
f 953//949 954//950 1002//998
f 953//949 1002//998 1001//997
f 954//950 955//951 1003//999
f 954//950 1003//999 1002//998
f 955//951 956//952 1004//1000
f 955//951 1004//1000 1003//999
f 956//952 957//953 1005//1001
f 956//952 1005//1001 1004//1000
f 957//953 958//954 1006//1002
f 957//953 1006//1002 1005//1001
f 958//954 959//955 1007//1003
f 958//954 1007//1003 1006//1002
f 959//955 960//956 1008//1004
f 959//955 1008//1004 1007//1003
f 960//956 961//957 1009//1005
f 960//956 1009//1005 1008//1004
f 961//957 962//958 1010//1006
f 961//957 1010//1006 1009//1005
f 962//958 963//959 1011//1007
f 962//958 1011//1007 1010//1006
f 963//959 964//960 1012//1008
f 963//959 1012//1008 1011//1007
f 964//960 965//961 1013//1009
f 964//960 1013//1009 1012//1008
f 965//961 919//915 967//963
f 965//961 967//963 1013//1009
f 967//963 966//962 1014//1010
f 967//963 1014//1010 1015//1011
f 966//962 968//964 1016//1012
f 966//962 1016//1012 1014//1010
f 968//964 969//965 1017//1013
f 968//964 1017//1013 1016//1012
f 969//965 970//966 1018//1014
f 969//965 1018//1014 1017//1013
f 970//966 971//967 1019//1015
f 970//966 1019//1015 1018//1014
f 971//967 972//968 1020//1016
f 971//967 1020//1016 1019//1015
f 972//968 973//969 1021//1017
f 972//968 1021//1017 1020//1016
f 973//969 974//970 1022//1018
f 973//969 1022//1018 1021//1017
f 974//970 975//971 1023//1019
f 974//970 1023//1019 1022//1018
f 975//971 976//972 1024//1020
f 975//971 1024//1020 1023//1019
f 976//972 977//973 1025//1021
f 976//972 1025//1021 1024//1020
f 977//973 978//974 1026//1022
f 977//973 1026//1022 1025//1021
f 978//974 979//975 1027//1023
f 978//974 1027//1023 1026//1022
f 979//975 980//976 1028//1024
f 979//975 1028//1024 1027//1023
f 980//976 981//977 1029//1025
f 980//976 1029//1025 1028//1024
f 981//977 982//978 1030//1026
f 981//977 1030//1026 1029//1025
f 982//978 983//979 1031//1027
f 982//978 1031//1027 1030//1026
f 983//979 984//980 1032//1028
f 983//979 1032//1028 1031//1027
f 984//980 985//981 1033//1029
f 984//980 1033//1029 1032//1028
f 985//981 986//982 1034//1030
f 985//981 1034//1030 1033//1029
f 986//982 987//983 1035//1031
f 986//982 1035//1031 1034//1030
f 987//983 988//984 1036//1032
f 987//983 1036//1032 1035//1031
f 988//984 989//985 1037//1033
f 988//984 1037//1033 1036//1032
f 989//985 990//986 1038//1034
f 989//985 1038//1034 1037//1033
f 990//986 991//987 1039//1035
f 990//986 1039//1035 1038//1034
f 991//987 992//988 1040//1036
f 991//987 1040//1036 1039//1035
f 992//988 993//989 1041//1037
f 992//988 1041//1037 1040//1036
f 993//989 994//990 1042//1038
f 993//989 1042//1038 1041//1037
f 994//990 995//991 1043//1039
f 994//990 1043//1039 1042//1038
f 995//991 996//992 1044//1040
f 995//991 1044//1040 1043//1039
f 996//992 997//993 1045//1041
f 996//992 1045//1041 1044//1040
f 997//993 998//994 1046//1042
f 997//993 1046//1042 1045//1041
f 998//994 999//995 1047//1043
f 998//994 1047//1043 1046//1042
f 999//995 1000//996 1048//1044
f 999//995 1048//1044 1047//1043
f 1000//996 1001//997 1049//1045
f 1000//996 1049//1045 1048//1044
f 1001//997 1002//998 1050//1046
f 1001//997 1050//1046 1049//1045
f 1002//998 1003//999 1051//1047
f 1002//998 1051//1047 1050//1046
f 1003//999 1004//1000 1052//1048
f 1003//999 1052//1048 1051//1047
f 1004//1000 1005//1001 1053//1049
f 1004//1000 1053//1049 1052//1048
f 1005//1001 1006//1002 1054//1050
f 1005//1001 1054//1050 1053//1049
f 1006//1002 1007//1003 1055//1051
f 1006//1002 1055//1051 1054//1050
f 1007//1003 1008//1004 1056//1052
f 1007//1003 1056//1052 1055//1051
f 1008//1004 1009//1005 1057//1053
f 1008//1004 1057//1053 1056//1052
f 1009//1005 1010//1006 1058//1054
f 1009//1005 1058//1054 1057//1053
f 1010//1006 1011//1007 1059//1055
f 1010//1006 1059//1055 1058//1054
f 1011//1007 1012//1008 1060//1056
f 1011//1007 1060//1056 1059//1055
f 1012//1008 1013//1009 1061//1057
f 1012//1008 1061//1057 1060//1056
f 1013//1009 967//963 1015//1011
f 1013//1009 1015//1011 1061//1057
f 1015//1011 1014//1010 1062//1058
f 1015//1011 1062//1058 1063//1059
f 1014//1010 1016//1012 1064//1060
f 1014//1010 1064//1060 1062//1058
f 1016//1012 1017//1013 1065//1061
f 1016//1012 1065//1061 1064//1060
f 1017//1013 1018//1014 1066//1062
f 1017//1013 1066//1062 1065//1061
f 1018//1014 1019//1015 1067//1063
f 1018//1014 1067//1063 1066//1062
f 1019//1015 1020//1016 1068//1064
f 1019//1015 1068//1064 1067//1063
f 1020//1016 1021//1017 1069//1065
f 1020//1016 1069//1065 1068//1064
f 1021//1017 1022//1018 1070//1066
f 1021//1017 1070//1066 1069//1065
f 1022//1018 1023//1019 1071//1067
f 1022//1018 1071//1067 1070//1066
f 1023//1019 1024//1020 1072//1068
f 1023//1019 1072//1068 1071//1067
f 1024//1020 1025//1021 1073//1069
f 1024//1020 1073//1069 1072//1068
f 1025//1021 1026//1022 1074//1070
f 1025//1021 1074//1070 1073//1069
f 1026//1022 1027//1023 1075//1071
f 1026//1022 1075//1071 1074//1070
f 1027//1023 1028//1024 1076//1072
f 1027//1023 1076//1072 1075//1071
f 1028//1024 1029//1025 1077//1073
f 1028//1024 1077//1073 1076//1072
f 1029//1025 1030//1026 1078//1074
f 1029//1025 1078//1074 1077//1073
f 1030//1026 1031//1027 1079//1075
f 1030//1026 1079//1075 1078//1074
f 1031//1027 1032//1028 1080//1076
f 1031//1027 1080//1076 1079//1075
f 1032//1028 1033//1029 1081//1077
f 1032//1028 1081//1077 1080//1076
f 1033//1029 1034//1030 1082//1078
f 1033//1029 1082//1078 1081//1077
f 1034//1030 1035//1031 1083//1079
f 1034//1030 1083//1079 1082//1078
f 1035//1031 1036//1032 1084//1080
f 1035//1031 1084//1080 1083//1079
f 1036//1032 1037//1033 1085//1081
f 1036//1032 1085//1081 1084//1080
f 1037//1033 1038//1034 1086//1082
f 1037//1033 1086//1082 1085//1081
f 1038//1034 1039//1035 1087//1083
f 1038//1034 1087//1083 1086//1082
f 1039//1035 1040//1036 1088//1084
f 1039//1035 1088//1084 1087//1083
f 1040//1036 1041//1037 1089//1085
f 1040//1036 1089//1085 1088//1084
f 1041//1037 1042//1038 1090//1086
f 1041//1037 1090//1086 1089//1085
f 1042//1038 1043//1039 1091//1087
f 1042//1038 1091//1087 1090//1086
f 1043//1039 1044//1040 1092//1088
f 1043//1039 1092//1088 1091//1087
f 1044//1040 1045//1041 1093//1089
f 1044//1040 1093//1089 1092//1088
f 1045//1041 1046//1042 1094//1090
f 1045//1041 1094//1090 1093//1089
f 1046//1042 1047//1043 1095//1091
f 1046//1042 1095//1091 1094//1090
f 1047//1043 1048//1044 1096//1092
f 1047//1043 1096//1092 1095//1091
f 1048//1044 1049//1045 1097//1093
f 1048//1044 1097//1093 1096//1092
f 1049//1045 1050//1046 1098//1094
f 1049//1045 1098//1094 1097//1093
f 1050//1046 1051//1047 1099//1095
f 1050//1046 1099//1095 1098//1094
f 1051//1047 1052//1048 1100//1096
f 1051//1047 1100//1096 1099//1095
f 1052//1048 1053//1049 1101//1097
f 1052//1048 1101//1097 1100//1096
f 1053//1049 1054//1050 1102//1098
f 1053//1049 1102//1098 1101//1097
f 1054//1050 1055//1051 1103//1099
f 1054//1050 1103//1099 1102//1098
f 1055//1051 1056//1052 1104//1100
f 1055//1051 1104//1100 1103//1099
f 1056//1052 1057//1053 1105//1101
f 1056//1052 1105//1101 1104//1100
f 1057//1053 1058//1054 1106//1102
f 1057//1053 1106//1102 1105//1101
f 1058//1054 1059//1055 1107//1103
f 1058//1054 1107//1103 1106//1102
f 1059//1055 1060//1056 1108//1104
f 1059//1055 1108//1104 1107//1103
f 1060//1056 1061//1057 1109//1105
f 1060//1056 1109//1105 1108//1104
f 1061//1057 1015//1011 1063//1059
f 1061//1057 1063//1059 1109//1105
f 1063//1059 1062//1058 1110//1106
f 1062//1058 1064//1060 1110//1106
f 1064//1060 1065//1061 1110//1106
f 1065//1061 1066//1062 1110//1106
f 1066//1062 1067//1063 1110//1106
f 1067//1063 1068//1064 1110//1106
f 1068//1064 1069//1065 1110//1106
f 1069//1065 1070//1066 1110//1106
f 1070//1066 1071//1067 1110//1106
f 1071//1067 1072//1068 1110//1106
f 1072//1068 1073//1069 1110//1106
f 1073//1069 1074//1070 1110//1106
f 1074//1070 1075//1071 1110//1106
f 1075//1071 1076//1072 1110//1106
f 1076//1072 1077//1073 1110//1106
f 1077//1073 1078//1074 1110//1106
f 1078//1074 1079//1075 1110//1106
f 1079//1075 1080//1076 1110//1106
f 1080//1076 1081//1077 1110//1106
f 1081//1077 1082//1078 1110//1106
f 1082//1078 1083//1079 1110//1106
f 1083//1079 1084//1080 1110//1106
f 1084//1080 1085//1081 1110//1106
f 1085//1081 1086//1082 1110//1106
f 1086//1082 1087//1083 1110//1106
f 1087//1083 1088//1084 1110//1106
f 1088//1084 1089//1085 1110//1106
f 1089//1085 1090//1086 1110//1106
f 1090//1086 1091//1087 1110//1106
f 1091//1087 1092//1088 1110//1106
f 1092//1088 1093//1089 1110//1106
f 1093//1089 1094//1090 1110//1106
f 1094//1090 1095//1091 1110//1106
f 1095//1091 1096//1092 1110//1106
f 1096//1092 1097//1093 1110//1106
f 1097//1093 1098//1094 1110//1106
f 1098//1094 1099//1095 1110//1106
f 1099//1095 1100//1096 1110//1106
f 1100//1096 1101//1097 1110//1106
f 1101//1097 1102//1098 1110//1106
f 1102//1098 1103//1099 1110//1106
f 1103//1099 1104//1100 1110//1106
f 1104//1100 1105//1101 1110//1106
f 1105//1101 1106//1102 1110//1106
f 1106//1102 1107//1103 1110//1106
f 1107//1103 1108//1104 1110//1106
f 1108//1104 1109//1105 1110//1106
f 1109//1105 1063//1059 1110//1106
usemtl graphite
f 1111//1 1112//2 1113//3
f 1111//1 1114//4 1112//2
f 1111//1 1115//5 1114//4
f 1111//1 1116//6 1115//5
f 1111//1 1117//7 1116//6
f 1111//1 1118//8 1117//7
f 1111//1 1119//9 1118//8
f 1111//1 1120//10 1119//9
f 1111//1 1121//11 1120//10
f 1111//1 1122//12 1121//11
f 1111//1 1123//13 1122//12
f 1111//1 1124//14 1123//13
f 1111//1 1125//15 1124//14
f 1111//1 1126//16 1125//15
f 1111//1 1127//17 1126//16
f 1111//1 1128//18 1127//17
f 1111//1 1129//19 1128//18
f 1111//1 1130//20 1129//19
f 1111//1 1131//21 1130//20
f 1111//1 1132//22 1131//21
f 1111//1 1133//23 1132//22
f 1111//1 1134//24 1133//23
f 1111//1 1135//25 1134//24
f 1111//1 1136//26 1135//25
f 1111//1 1137//27 1136//26
f 1111//1 1138//28 1137//27
f 1111//1 1139//29 1138//28
f 1111//1 1140//30 1139//29
f 1111//1 1141//31 1140//30
f 1111//1 1142//32 1141//31
f 1111//1 1143//33 1142//32
f 1111//1 1144//34 1143//33
f 1111//1 1145//35 1144//34
f 1111//1 1146//36 1145//35
f 1111//1 1147//37 1146//36
f 1111//1 1148//38 1147//37
f 1111//1 1149//39 1148//38
f 1111//1 1150//40 1149//39
f 1111//1 1151//41 1150//40
f 1111//1 1152//42 1151//41
f 1111//1 1153//43 1152//42
f 1111//1 1154//44 1153//43
f 1111//1 1155//45 1154//44
f 1111//1 1156//46 1155//45
f 1111//1 1157//47 1156//46
f 1111//1 1158//48 1157//47
f 1111//1 1159//49 1158//48
f 1111//1 1113//3 1159//49
f 1113//3 1112//2 1160//50
f 1113//3 1160//50 1161//51
f 1112//2 1114//4 1162//52
f 1112//2 1162//52 1160//50
f 1114//4 1115//5 1163//53
f 1114//4 1163//53 1162//52
f 1115//5 1116//6 1164//54
f 1115//5 1164//54 1163//53
f 1116//6 1117//7 1165//55
f 1116//6 1165//55 1164//54
f 1117//7 1118//8 1166//56
f 1117//7 1166//56 1165//55
f 1118//8 1119//9 1167//57
f 1118//8 1167//57 1166//56
f 1119//9 1120//10 1168//58
f 1119//9 1168//58 1167//57
f 1120//10 1121//11 1169//59
f 1120//10 1169//59 1168//58
f 1121//11 1122//12 1170//60
f 1121//11 1170//60 1169//59
f 1122//12 1123//13 1171//61
f 1122//12 1171//61 1170//60
f 1123//13 1124//14 1172//62
f 1123//13 1172//62 1171//61
f 1124//14 1125//15 1173//63
f 1124//14 1173//63 1172//62
f 1125//15 1126//16 1174//64
f 1125//15 1174//64 1173//63
f 1126//16 1127//17 1175//65
f 1126//16 1175//65 1174//64
f 1127//17 1128//18 1176//66
f 1127//17 1176//66 1175//65
f 1128//18 1129//19 1177//67
f 1128//18 1177//67 1176//66
f 1129//19 1130//20 1178//68
f 1129//19 1178//68 1177//67
f 1130//20 1131//21 1179//69
f 1130//20 1179//69 1178//68
f 1131//21 1132//22 1180//70
f 1131//21 1180//70 1179//69
f 1132//22 1133//23 1181//71
f 1132//22 1181//71 1180//70
f 1133//23 1134//24 1182//72
f 1133//23 1182//72 1181//71
f 1134//24 1135//25 1183//73
f 1134//24 1183//73 1182//72
f 1135//25 1136//26 1184//74
f 1135//25 1184//74 1183//73
f 1136//26 1137//27 1185//75
f 1136//26 1185//75 1184//74
f 1137//27 1138//28 1186//76
f 1137//27 1186//76 1185//75
f 1138//28 1139//29 1187//77
f 1138//28 1187//77 1186//76
f 1139//29 1140//30 1188//78
f 1139//29 1188//78 1187//77
f 1140//30 1141//31 1189//79
f 1140//30 1189//79 1188//78
f 1141//31 1142//32 1190//80
f 1141//31 1190//80 1189//79
f 1142//32 1143//33 1191//81
f 1142//32 1191//81 1190//80
f 1143//33 1144//34 1192//82
f 1143//33 1192//82 1191//81
f 1144//34 1145//35 1193//83
f 1144//34 1193//83 1192//82
f 1145//35 1146//36 1194//84
f 1145//35 1194//84 1193//83
f 1146//36 1147//37 1195//85
f 1146//36 1195//85 1194//84
f 1147//37 1148//38 1196//86
f 1147//37 1196//86 1195//85
f 1148//38 1149//39 1197//87
f 1148//38 1197//87 1196//86
f 1149//39 1150//40 1198//88
f 1149//39 1198//88 1197//87
f 1150//40 1151//41 1199//89
f 1150//40 1199//89 1198//88
f 1151//41 1152//42 1200//90
f 1151//41 1200//90 1199//89
f 1152//42 1153//43 1201//91
f 1152//42 1201//91 1200//90
f 1153//43 1154//44 1202//92
f 1153//43 1202//92 1201//91
f 1154//44 1155//45 1203//93
f 1154//44 1203//93 1202//92
f 1155//45 1156//46 1204//94
f 1155//45 1204//94 1203//93
f 1156//46 1157//47 1205//95
f 1156//46 1205//95 1204//94
f 1157//47 1158//48 1206//96
f 1157//47 1206//96 1205//95
f 1158//48 1159//49 1207//97
f 1158//48 1207//97 1206//96
f 1159//49 1113//3 1161//51
f 1159//49 1161//51 1207//97
f 1161//51 1160//50 1208//98
f 1161//51 1208//98 1209//99
f 1160//50 1162//52 1210//100
f 1160//50 1210//100 1208//98
f 1162//52 1163//53 1211//101
f 1162//52 1211//101 1210//100
f 1163//53 1164//54 1212//102
f 1163//53 1212//102 1211//101
f 1164//54 1165//55 1213//103
f 1164//54 1213//103 1212//102
f 1165//55 1166//56 1214//104
f 1165//55 1214//104 1213//103
f 1166//56 1167//57 1215//105
f 1166//56 1215//105 1214//104
f 1167//57 1168//58 1216//106
f 1167//57 1216//106 1215//105
f 1168//58 1169//59 1217//107
f 1168//58 1217//107 1216//106
f 1169//59 1170//60 1218//108
f 1169//59 1218//108 1217//107
f 1170//60 1171//61 1219//109
f 1170//60 1219//109 1218//108
f 1171//61 1172//62 1220//110
f 1171//61 1220//110 1219//109
f 1172//62 1173//63 1221//111
f 1172//62 1221//111 1220//110
f 1173//63 1174//64 1222//112
f 1173//63 1222//112 1221//111
f 1174//64 1175//65 1223//113
f 1174//64 1223//113 1222//112
f 1175//65 1176//66 1224//114
f 1175//65 1224//114 1223//113
f 1176//66 1177//67 1225//115
f 1176//66 1225//115 1224//114
f 1177//67 1178//68 1226//116
f 1177//67 1226//116 1225//115
f 1178//68 1179//69 1227//117
f 1178//68 1227//117 1226//116
f 1179//69 1180//70 1228//118
f 1179//69 1228//118 1227//117
f 1180//70 1181//71 1229//119
f 1180//70 1229//119 1228//118
f 1181//71 1182//72 1230//120
f 1181//71 1230//120 1229//119
f 1182//72 1183//73 1231//121
f 1182//72 1231//121 1230//120
f 1183//73 1184//74 1232//122
f 1183//73 1232//122 1231//121
f 1184//74 1185//75 1233//123
f 1184//74 1233//123 1232//122
f 1185//75 1186//76 1234//124
f 1185//75 1234//124 1233//123
f 1186//76 1187//77 1235//125
f 1186//76 1235//125 1234//124
f 1187//77 1188//78 1236//126
f 1187//77 1236//126 1235//125
f 1188//78 1189//79 1237//127
f 1188//78 1237//127 1236//126
f 1189//79 1190//80 1238//128
f 1189//79 1238//128 1237//127
f 1190//80 1191//81 1239//129
f 1190//80 1239//129 1238//128
f 1191//81 1192//82 1240//130
f 1191//81 1240//130 1239//129
f 1192//82 1193//83 1241//131
f 1192//82 1241//131 1240//130
f 1193//83 1194//84 1242//132
f 1193//83 1242//132 1241//131
f 1194//84 1195//85 1243//133
f 1194//84 1243//133 1242//132
f 1195//85 1196//86 1244//134
f 1195//85 1244//134 1243//133
f 1196//86 1197//87 1245//135
f 1196//86 1245//135 1244//134
f 1197//87 1198//88 1246//136
f 1197//87 1246//136 1245//135
f 1198//88 1199//89 1247//137
f 1198//88 1247//137 1246//136
f 1199//89 1200//90 1248//138
f 1199//89 1248//138 1247//137
f 1200//90 1201//91 1249//139
f 1200//90 1249//139 1248//138
f 1201//91 1202//92 1250//140
f 1201//91 1250//140 1249//139
f 1202//92 1203//93 1251//141
f 1202//92 1251//141 1250//140
f 1203//93 1204//94 1252//142
f 1203//93 1252//142 1251//141
f 1204//94 1205//95 1253//143
f 1204//94 1253//143 1252//142
f 1205//95 1206//96 1254//144
f 1205//95 1254//144 1253//143
f 1206//96 1207//97 1255//145
f 1206//96 1255//145 1254//144
f 1207//97 1161//51 1209//99
f 1207//97 1209//99 1255//145
f 1209//99 1208//98 1256//146
f 1209//99 1256//146 1257//147
f 1208//98 1210//100 1258//148
f 1208//98 1258//148 1256//146
f 1210//100 1211//101 1259//149
f 1210//100 1259//149 1258//148
f 1211//101 1212//102 1260//150
f 1211//101 1260//150 1259//149
f 1212//102 1213//103 1261//151
f 1212//102 1261//151 1260//150
f 1213//103 1214//104 1262//152
f 1213//103 1262//152 1261//151
f 1214//104 1215//105 1263//153
f 1214//104 1263//153 1262//152
f 1215//105 1216//106 1264//154
f 1215//105 1264//154 1263//153
f 1216//106 1217//107 1265//155
f 1216//106 1265//155 1264//154
f 1217//107 1218//108 1266//156
f 1217//107 1266//156 1265//155
f 1218//108 1219//109 1267//157
f 1218//108 1267//157 1266//156
f 1219//109 1220//110 1268//158
f 1219//109 1268//158 1267//157
f 1220//110 1221//111 1269//159
f 1220//110 1269//159 1268//158
f 1221//111 1222//112 1270//160
f 1221//111 1270//160 1269//159
f 1222//112 1223//113 1271//161
f 1222//112 1271//161 1270//160
f 1223//113 1224//114 1272//162
f 1223//113 1272//162 1271//161
f 1224//114 1225//115 1273//163
f 1224//114 1273//163 1272//162
f 1225//115 1226//116 1274//164
f 1225//115 1274//164 1273//163
f 1226//116 1227//117 1275//165
f 1226//116 1275//165 1274//164
f 1227//117 1228//118 1276//166
f 1227//117 1276//166 1275//165
f 1228//118 1229//119 1277//167
f 1228//118 1277//167 1276//166
f 1229//119 1230//120 1278//168
f 1229//119 1278//168 1277//167
f 1230//120 1231//121 1279//169
f 1230//120 1279//169 1278//168
f 1231//121 1232//122 1280//170
f 1231//121 1280//170 1279//169
f 1232//122 1233//123 1281//171
f 1232//122 1281//171 1280//170
f 1233//123 1234//124 1282//172
f 1233//123 1282//172 1281//171
f 1234//124 1235//125 1283//173
f 1234//124 1283//173 1282//172
f 1235//125 1236//126 1284//174
f 1235//125 1284//174 1283//173
f 1236//126 1237//127 1285//175
f 1236//126 1285//175 1284//174
f 1237//127 1238//128 1286//176
f 1237//127 1286//176 1285//175
f 1238//128 1239//129 1287//177
f 1238//128 1287//177 1286//176
f 1239//129 1240//130 1288//178
f 1239//129 1288//178 1287//177
f 1240//130 1241//131 1289//179
f 1240//130 1289//179 1288//178
f 1241//131 1242//132 1290//180
f 1241//131 1290//180 1289//179
f 1242//132 1243//133 1291//181
f 1242//132 1291//181 1290//180
f 1243//133 1244//134 1292//182
f 1243//133 1292//182 1291//181
f 1244//134 1245//135 1293//183
f 1244//134 1293//183 1292//182
f 1245//135 1246//136 1294//184
f 1245//135 1294//184 1293//183
f 1246//136 1247//137 1295//185
f 1246//136 1295//185 1294//184
f 1247//137 1248//138 1296//186
f 1247//137 1296//186 1295//185
f 1248//138 1249//139 1297//187
f 1248//138 1297//187 1296//186
f 1249//139 1250//140 1298//188
f 1249//139 1298//188 1297//187
f 1250//140 1251//141 1299//189
f 1250//140 1299//189 1298//188
f 1251//141 1252//142 1300//190
f 1251//141 1300//190 1299//189
f 1252//142 1253//143 1301//191
f 1252//142 1301//191 1300//190
f 1253//143 1254//144 1302//192
f 1253//143 1302//192 1301//191
f 1254//144 1255//145 1303//193
f 1254//144 1303//193 1302//192
f 1255//145 1209//99 1257//147
f 1255//145 1257//147 1303//193
f 1257//147 1256//146 1304//194
f 1257//147 1304//194 1305//195
f 1256//146 1258//148 1306//196
f 1256//146 1306//196 1304//194
f 1258//148 1259//149 1307//197
f 1258//148 1307//197 1306//196
f 1259//149 1260//150 1308//198
f 1259//149 1308//198 1307//197
f 1260//150 1261//151 1309//199
f 1260//150 1309//199 1308//198
f 1261//151 1262//152 1310//200
f 1261//151 1310//200 1309//199
f 1262//152 1263//153 1311//201
f 1262//152 1311//201 1310//200
f 1263//153 1264//154 1312//202
f 1263//153 1312//202 1311//201
f 1264//154 1265//155 1313//203
f 1264//154 1313//203 1312//202
f 1265//155 1266//156 1314//204
f 1265//155 1314//204 1313//203
f 1266//156 1267//157 1315//205
f 1266//156 1315//205 1314//204
f 1267//157 1268//158 1316//206
f 1267//157 1316//206 1315//205
f 1268//158 1269//159 1317//207
f 1268//158 1317//207 1316//206
f 1269//159 1270//160 1318//208
f 1269//159 1318//208 1317//207
f 1270//160 1271//161 1319//209
f 1270//160 1319//209 1318//208
f 1271//161 1272//162 1320//210
f 1271//161 1320//210 1319//209
f 1272//162 1273//163 1321//211
f 1272//162 1321//211 1320//210
f 1273//163 1274//164 1322//212
f 1273//163 1322//212 1321//211
f 1274//164 1275//165 1323//213
f 1274//164 1323//213 1322//212
f 1275//165 1276//166 1324//214
f 1275//165 1324//214 1323//213
f 1276//166 1277//167 1325//215
f 1276//166 1325//215 1324//214
f 1277//167 1278//168 1326//216
f 1277//167 1326//216 1325//215
f 1278//168 1279//169 1327//217
f 1278//168 1327//217 1326//216
f 1279//169 1280//170 1328//218
f 1279//169 1328//218 1327//217
f 1280//170 1281//171 1329//219
f 1280//170 1329//219 1328//218
f 1281//171 1282//172 1330//220
f 1281//171 1330//220 1329//219
f 1282//172 1283//173 1331//221
f 1282//172 1331//221 1330//220
f 1283//173 1284//174 1332//222
f 1283//173 1332//222 1331//221
f 1284//174 1285//175 1333//223
f 1284//174 1333//223 1332//222
f 1285//175 1286//176 1334//224
f 1285//175 1334//224 1333//223
f 1286//176 1287//177 1335//225
f 1286//176 1335//225 1334//224
f 1287//177 1288//178 1336//226
f 1287//177 1336//226 1335//225
f 1288//178 1289//179 1337//227
f 1288//178 1337//227 1336//226
f 1289//179 1290//180 1338//228
f 1289//179 1338//228 1337//227
f 1290//180 1291//181 1339//229
f 1290//180 1339//229 1338//228
f 1291//181 1292//182 1340//230
f 1291//181 1340//230 1339//229
f 1292//182 1293//183 1341//231
f 1292//182 1341//231 1340//230
f 1293//183 1294//184 1342//232
f 1293//183 1342//232 1341//231
f 1294//184 1295//185 1343//233
f 1294//184 1343//233 1342//232
f 1295//185 1296//186 1344//234
f 1295//185 1344//234 1343//233
f 1296//186 1297//187 1345//235
f 1296//186 1345//235 1344//234
f 1297//187 1298//188 1346//236
f 1297//187 1346//236 1345//235
f 1298//188 1299//189 1347//237
f 1298//188 1347//237 1346//236
f 1299//189 1300//190 1348//238
f 1299//189 1348//238 1347//237
f 1300//190 1301//191 1349//239
f 1300//190 1349//239 1348//238
f 1301//191 1302//192 1350//240
f 1301//191 1350//240 1349//239
f 1302//192 1303//193 1351//241
f 1302//192 1351//241 1350//240
f 1303//193 1257//147 1305//195
f 1303//193 1305//195 1351//241
f 1305//195 1304//194 1352//242
f 1305//195 1352//242 1353//243
f 1304//194 1306//196 1354//244
f 1304//194 1354//244 1352//242
f 1306//196 1307//197 1355//245
f 1306//196 1355//245 1354//244
f 1307//197 1308//198 1356//246
f 1307//197 1356//246 1355//245
f 1308//198 1309//199 1357//247
f 1308//198 1357//247 1356//246
f 1309//199 1310//200 1358//248
f 1309//199 1358//248 1357//247
f 1310//200 1311//201 1359//249
f 1310//200 1359//249 1358//248
f 1311//201 1312//202 1360//250
f 1311//201 1360//250 1359//249
f 1312//202 1313//203 1361//251
f 1312//202 1361//251 1360//250
f 1313//203 1314//204 1362//252
f 1313//203 1362//252 1361//251
f 1314//204 1315//205 1363//253
f 1314//204 1363//253 1362//252
f 1315//205 1316//206 1364//254
f 1315//205 1364//254 1363//253
f 1316//206 1317//207 1365//255
f 1316//206 1365//255 1364//254
f 1317//207 1318//208 1366//256
f 1317//207 1366//256 1365//255
f 1318//208 1319//209 1367//257
f 1318//208 1367//257 1366//256
f 1319//209 1320//210 1368//258
f 1319//209 1368//258 1367//257
f 1320//210 1321//211 1369//259
f 1320//210 1369//259 1368//258
f 1321//211 1322//212 1370//260
f 1321//211 1370//260 1369//259
f 1322//212 1323//213 1371//261
f 1322//212 1371//261 1370//260
f 1323//213 1324//214 1372//262
f 1323//213 1372//262 1371//261
f 1324//214 1325//215 1373//263
f 1324//214 1373//263 1372//262
f 1325//215 1326//216 1374//264
f 1325//215 1374//264 1373//263
f 1326//216 1327//217 1375//265
f 1326//216 1375//265 1374//264
f 1327//217 1328//218 1376//266
f 1327//217 1376//266 1375//265
f 1328//218 1329//219 1377//267
f 1328//218 1377//267 1376//266
f 1329//219 1330//220 1378//268
f 1329//219 1378//268 1377//267
f 1330//220 1331//221 1379//269
f 1330//220 1379//269 1378//268
f 1331//221 1332//222 1380//270
f 1331//221 1380//270 1379//269
f 1332//222 1333//223 1381//271
f 1332//222 1381//271 1380//270
f 1333//223 1334//224 1382//272
f 1333//223 1382//272 1381//271
f 1334//224 1335//225 1383//273
f 1334//224 1383//273 1382//272
f 1335//225 1336//226 1384//274
f 1335//225 1384//274 1383//273
f 1336//226 1337//227 1385//275
f 1336//226 1385//275 1384//274
f 1337//227 1338//228 1386//276
f 1337//227 1386//276 1385//275
f 1338//228 1339//229 1387//277
f 1338//228 1387//277 1386//276
f 1339//229 1340//230 1388//278
f 1339//229 1388//278 1387//277
f 1340//230 1341//231 1389//279
f 1340//230 1389//279 1388//278
f 1341//231 1342//232 1390//280
f 1341//231 1390//280 1389//279
f 1342//232 1343//233 1391//281
f 1342//232 1391//281 1390//280
f 1343//233 1344//234 1392//282
f 1343//233 1392//282 1391//281
f 1344//234 1345//235 1393//283
f 1344//234 1393//283 1392//282
f 1345//235 1346//236 1394//284
f 1345//235 1394//284 1393//283
f 1346//236 1347//237 1395//285
f 1346//236 1395//285 1394//284
f 1347//237 1348//238 1396//286
f 1347//237 1396//286 1395//285
f 1348//238 1349//239 1397//287
f 1348//238 1397//287 1396//286
f 1349//239 1350//240 1398//288
f 1349//239 1398//288 1397//287
f 1350//240 1351//241 1399//289
f 1350//240 1399//289 1398//288
f 1351//241 1305//195 1353//243
f 1351//241 1353//243 1399//289
f 1353//243 1352//242 1400//290
f 1353//243 1400//290 1401//291
f 1352//242 1354//244 1402//292
f 1352//242 1402//292 1400//290
f 1354//244 1355//245 1403//293
f 1354//244 1403//293 1402//292
f 1355//245 1356//246 1404//294
f 1355//245 1404//294 1403//293
f 1356//246 1357//247 1405//295
f 1356//246 1405//295 1404//294
f 1357//247 1358//248 1406//296
f 1357//247 1406//296 1405//295
f 1358//248 1359//249 1407//297
f 1358//248 1407//297 1406//296
f 1359//249 1360//250 1408//298
f 1359//249 1408//298 1407//297
f 1360//250 1361//251 1409//299
f 1360//250 1409//299 1408//298
f 1361//251 1362//252 1410//300
f 1361//251 1410//300 1409//299
f 1362//252 1363//253 1411//301
f 1362//252 1411//301 1410//300
f 1363//253 1364//254 1412//302
f 1363//253 1412//302 1411//301
f 1364//254 1365//255 1413//303
f 1364//254 1413//303 1412//302
f 1365//255 1366//256 1414//304
f 1365//255 1414//304 1413//303
f 1366//256 1367//257 1415//305
f 1366//256 1415//305 1414//304
f 1367//257 1368//258 1416//306
f 1367//257 1416//306 1415//305
f 1368//258 1369//259 1417//307
f 1368//258 1417//307 1416//306
f 1369//259 1370//260 1418//308
f 1369//259 1418//308 1417//307
f 1370//260 1371//261 1419//309
f 1370//260 1419//309 1418//308
f 1371//261 1372//262 1420//310
f 1371//261 1420//310 1419//309
f 1372//262 1373//263 1421//311
f 1372//262 1421//311 1420//310
f 1373//263 1374//264 1422//312
f 1373//263 1422//312 1421//311
f 1374//264 1375//265 1423//313
f 1374//264 1423//313 1422//312
f 1375//265 1376//266 1424//314
f 1375//265 1424//314 1423//313
f 1376//266 1377//267 1425//315
f 1376//266 1425//315 1424//314
f 1377//267 1378//268 1426//316
f 1377//267 1426//316 1425//315
f 1378//268 1379//269 1427//317
f 1378//268 1427//317 1426//316
f 1379//269 1380//270 1428//318
f 1379//269 1428//318 1427//317
f 1380//270 1381//271 1429//319
f 1380//270 1429//319 1428//318
f 1381//271 1382//272 1430//320
f 1381//271 1430//320 1429//319
f 1382//272 1383//273 1431//321
f 1382//272 1431//321 1430//320
f 1383//273 1384//274 1432//322
f 1383//273 1432//322 1431//321
f 1384//274 1385//275 1433//323
f 1384//274 1433//323 1432//322
f 1385//275 1386//276 1434//324
f 1385//275 1434//324 1433//323
f 1386//276 1387//277 1435//325
f 1386//276 1435//325 1434//324
f 1387//277 1388//278 1436//326
f 1387//277 1436//326 1435//325
f 1388//278 1389//279 1437//327
f 1388//278 1437//327 1436//326
f 1389//279 1390//280 1438//328
f 1389//279 1438//328 1437//327
f 1390//280 1391//281 1439//329
f 1390//280 1439//329 1438//328
f 1391//281 1392//282 1440//330
f 1391//281 1440//330 1439//329
f 1392//282 1393//283 1441//331
f 1392//282 1441//331 1440//330
f 1393//283 1394//284 1442//332
f 1393//283 1442//332 1441//331
f 1394//284 1395//285 1443//333
f 1394//284 1443//333 1442//332
f 1395//285 1396//286 1444//334
f 1395//285 1444//334 1443//333
f 1396//286 1397//287 1445//335
f 1396//286 1445//335 1444//334
f 1397//287 1398//288 1446//336
f 1397//287 1446//336 1445//335
f 1398//288 1399//289 1447//337
f 1398//288 1447//337 1446//336
f 1399//289 1353//243 1401//291
f 1399//289 1401//291 1447//337
f 1401//291 1400//290 1448//338
f 1401//291 1448//338 1449//339
f 1400//290 1402//292 1450//340
f 1400//290 1450//340 1448//338
f 1402//292 1403//293 1451//341
f 1402//292 1451//341 1450//340
f 1403//293 1404//294 1452//342
f 1403//293 1452//342 1451//341
f 1404//294 1405//295 1453//343
f 1404//294 1453//343 1452//342
f 1405//295 1406//296 1454//344
f 1405//295 1454//344 1453//343
f 1406//296 1407//297 1455//345
f 1406//296 1455//345 1454//344
f 1407//297 1408//298 1456//346
f 1407//297 1456//346 1455//345
f 1408//298 1409//299 1457//347
f 1408//298 1457//347 1456//346
f 1409//299 1410//300 1458//348
f 1409//299 1458//348 1457//347
f 1410//300 1411//301 1459//349
f 1410//300 1459//349 1458//348
f 1411//301 1412//302 1460//350
f 1411//301 1460//350 1459//349
f 1412//302 1413//303 1461//351
f 1412//302 1461//351 1460//350
f 1413//303 1414//304 1462//352
f 1413//303 1462//352 1461//351
f 1414//304 1415//305 1463//353
f 1414//304 1463//353 1462//352
f 1415//305 1416//306 1464//354
f 1415//305 1464//354 1463//353
f 1416//306 1417//307 1465//355
f 1416//306 1465//355 1464//354
f 1417//307 1418//308 1466//356
f 1417//307 1466//356 1465//355
f 1418//308 1419//309 1467//357
f 1418//308 1467//357 1466//356
f 1419//309 1420//310 1468//358
f 1419//309 1468//358 1467//357
f 1420//310 1421//311 1469//359
f 1420//310 1469//359 1468//358
f 1421//311 1422//312 1470//360
f 1421//311 1470//360 1469//359
f 1422//312 1423//313 1471//361
f 1422//312 1471//361 1470//360
f 1423//313 1424//314 1472//362
f 1423//313 1472//362 1471//361
f 1424//314 1425//315 1473//363
f 1424//314 1473//363 1472//362
f 1425//315 1426//316 1474//364
f 1425//315 1474//364 1473//363
f 1426//316 1427//317 1475//365
f 1426//316 1475//365 1474//364
f 1427//317 1428//318 1476//366
f 1427//317 1476//366 1475//365
f 1428//318 1429//319 1477//367
f 1428//318 1477//367 1476//366
f 1429//319 1430//320 1478//368
f 1429//319 1478//368 1477//367
f 1430//320 1431//321 1479//369
f 1430//320 1479//369 1478//368
f 1431//321 1432//322 1480//370
f 1431//321 1480//370 1479//369
f 1432//322 1433//323 1481//371
f 1432//322 1481//371 1480//370
f 1433//323 1434//324 1482//372
f 1433//323 1482//372 1481//371
f 1434//324 1435//325 1483//373
f 1434//324 1483//373 1482//372
f 1435//325 1436//326 1484//374
f 1435//325 1484//374 1483//373
f 1436//326 1437//327 1485//375
f 1436//326 1485//375 1484//374
f 1437//327 1438//328 1486//376
f 1437//327 1486//376 1485//375
f 1438//328 1439//329 1487//377
f 1438//328 1487//377 1486//376
f 1439//329 1440//330 1488//378
f 1439//329 1488//378 1487//377
f 1440//330 1441//331 1489//379
f 1440//330 1489//379 1488//378
f 1441//331 1442//332 1490//380
f 1441//331 1490//380 1489//379
f 1442//332 1443//333 1491//381
f 1442//332 1491//381 1490//380
f 1443//333 1444//334 1492//382
f 1443//333 1492//382 1491//381
f 1444//334 1445//335 1493//383
f 1444//334 1493//383 1492//382
f 1445//335 1446//336 1494//384
f 1445//335 1494//384 1493//383
f 1446//336 1447//337 1495//385
f 1446//336 1495//385 1494//384
f 1447//337 1401//291 1449//339
f 1447//337 1449//339 1495//385
f 1449//339 1448//338 1496//386
f 1449//339 1496//386 1497//387
f 1448//338 1450//340 1498//388
f 1448//338 1498//388 1496//386
f 1450//340 1451//341 1499//389
f 1450//340 1499//389 1498//388
f 1451//341 1452//342 1500//390
f 1451//341 1500//390 1499//389
f 1452//342 1453//343 1501//391
f 1452//342 1501//391 1500//390
f 1453//343 1454//344 1502//392
f 1453//343 1502//392 1501//391
f 1454//344 1455//345 1503//393
f 1454//344 1503//393 1502//392
f 1455//345 1456//346 1504//394
f 1455//345 1504//394 1503//393
f 1456//346 1457//347 1505//395
f 1456//346 1505//395 1504//394
f 1457//347 1458//348 1506//396
f 1457//347 1506//396 1505//395
f 1458//348 1459//349 1507//397
f 1458//348 1507//397 1506//396
f 1459//349 1460//350 1508//398
f 1459//349 1508//398 1507//397
f 1460//350 1461//351 1509//399
f 1460//350 1509//399 1508//398
f 1461//351 1462//352 1510//400
f 1461//351 1510//400 1509//399
f 1462//352 1463//353 1511//401
f 1462//352 1511//401 1510//400
f 1463//353 1464//354 1512//402
f 1463//353 1512//402 1511//401
f 1464//354 1465//355 1513//403
f 1464//354 1513//403 1512//402
f 1465//355 1466//356 1514//404
f 1465//355 1514//404 1513//403
f 1466//356 1467//357 1515//405
f 1466//356 1515//405 1514//404
f 1467//357 1468//358 1516//406
f 1467//357 1516//406 1515//405
f 1468//358 1469//359 1517//407
f 1468//358 1517//407 1516//406
f 1469//359 1470//360 1518//408
f 1469//359 1518//408 1517//407
f 1470//360 1471//361 1519//409
f 1470//360 1519//409 1518//408
f 1471//361 1472//362 1520//410
f 1471//361 1520//410 1519//409
f 1472//362 1473//363 1521//411
f 1472//362 1521//411 1520//410
f 1473//363 1474//364 1522//412
f 1473//363 1522//412 1521//411
f 1474//364 1475//365 1523//413
f 1474//364 1523//413 1522//412
f 1475//365 1476//366 1524//414
f 1475//365 1524//414 1523//413
f 1476//366 1477//367 1525//415
f 1476//366 1525//415 1524//414
f 1477//367 1478//368 1526//416
f 1477//367 1526//416 1525//415
f 1478//368 1479//369 1527//417
f 1478//368 1527//417 1526//416
f 1479//369 1480//370 1528//418
f 1479//369 1528//418 1527//417
f 1480//370 1481//371 1529//419
f 1480//370 1529//419 1528//418
f 1481//371 1482//372 1530//420
f 1481//371 1530//420 1529//419
f 1482//372 1483//373 1531//421
f 1482//372 1531//421 1530//420
f 1483//373 1484//374 1532//422
f 1483//373 1532//422 1531//421
f 1484//374 1485//375 1533//423
f 1484//374 1533//423 1532//422
f 1485//375 1486//376 1534//424
f 1485//375 1534//424 1533//423
f 1486//376 1487//377 1535//425
f 1486//376 1535//425 1534//424
f 1487//377 1488//378 1536//426
f 1487//377 1536//426 1535//425
f 1488//378 1489//379 1537//427
f 1488//378 1537//427 1536//426
f 1489//379 1490//380 1538//428
f 1489//379 1538//428 1537//427
f 1490//380 1491//381 1539//429
f 1490//380 1539//429 1538//428
f 1491//381 1492//382 1540//430
f 1491//381 1540//430 1539//429
f 1492//382 1493//383 1541//431
f 1492//382 1541//431 1540//430
f 1493//383 1494//384 1542//432
f 1493//383 1542//432 1541//431
f 1494//384 1495//385 1543//433
f 1494//384 1543//433 1542//432
f 1495//385 1449//339 1497//387
f 1495//385 1497//387 1543//433
f 1497//387 1496//386 1544//434
f 1497//387 1544//434 1545//435
f 1496//386 1498//388 1546//436
f 1496//386 1546//436 1544//434
f 1498//388 1499//389 1547//437
f 1498//388 1547//437 1546//436
f 1499//389 1500//390 1548//438
f 1499//389 1548//438 1547//437
f 1500//390 1501//391 1549//439
f 1500//390 1549//439 1548//438
f 1501//391 1502//392 1550//440
f 1501//391 1550//440 1549//439
f 1502//392 1503//393 1551//441
f 1502//392 1551//441 1550//440
f 1503//393 1504//394 1552//442
f 1503//393 1552//442 1551//441
f 1504//394 1505//395 1553//443
f 1504//394 1553//443 1552//442
f 1505//395 1506//396 1554//444
f 1505//395 1554//444 1553//443
f 1506//396 1507//397 1555//445
f 1506//396 1555//445 1554//444
f 1507//397 1508//398 1556//446
f 1507//397 1556//446 1555//445
f 1508//398 1509//399 1557//447
f 1508//398 1557//447 1556//446
f 1509//399 1510//400 1558//448
f 1509//399 1558//448 1557//447
f 1510//400 1511//401 1559//449
f 1510//400 1559//449 1558//448
f 1511//401 1512//402 1560//450
f 1511//401 1560//450 1559//449
f 1512//402 1513//403 1561//451
f 1512//402 1561//451 1560//450
f 1513//403 1514//404 1562//452
f 1513//403 1562//452 1561//451
f 1514//404 1515//405 1563//453
f 1514//404 1563//453 1562//452
f 1515//405 1516//406 1564//454
f 1515//405 1564//454 1563//453
f 1516//406 1517//407 1565//455
f 1516//406 1565//455 1564//454
f 1517//407 1518//408 1566//456
f 1517//407 1566//456 1565//455
f 1518//408 1519//409 1567//457
f 1518//408 1567//457 1566//456
f 1519//409 1520//410 1568//458
f 1519//409 1568//458 1567//457
f 1520//410 1521//411 1569//459
f 1520//410 1569//459 1568//458
f 1521//411 1522//412 1570//460
f 1521//411 1570//460 1569//459
f 1522//412 1523//413 1571//461
f 1522//412 1571//461 1570//460
f 1523//413 1524//414 1572//462
f 1523//413 1572//462 1571//461
f 1524//414 1525//415 1573//463
f 1524//414 1573//463 1572//462
f 1525//415 1526//416 1574//464
f 1525//415 1574//464 1573//463
f 1526//416 1527//417 1575//465
f 1526//416 1575//465 1574//464
f 1527//417 1528//418 1576//466
f 1527//417 1576//466 1575//465
f 1528//418 1529//419 1577//467
f 1528//418 1577//467 1576//466
f 1529//419 1530//420 1578//468
f 1529//419 1578//468 1577//467
f 1530//420 1531//421 1579//469
f 1530//420 1579//469 1578//468
f 1531//421 1532//422 1580//470
f 1531//421 1580//470 1579//469
f 1532//422 1533//423 1581//471
f 1532//422 1581//471 1580//470
f 1533//423 1534//424 1582//472
f 1533//423 1582//472 1581//471
f 1534//424 1535//425 1583//473
f 1534//424 1583//473 1582//472
f 1535//425 1536//426 1584//474
f 1535//425 1584//474 1583//473
f 1536//426 1537//427 1585//475
f 1536//426 1585//475 1584//474
f 1537//427 1538//428 1586//476
f 1537//427 1586//476 1585//475
f 1538//428 1539//429 1587//477
f 1538//428 1587//477 1586//476
f 1539//429 1540//430 1588//478
f 1539//429 1588//478 1587//477
f 1540//430 1541//431 1589//479
f 1540//430 1589//479 1588//478
f 1541//431 1542//432 1590//480
f 1541//431 1590//480 1589//479
f 1542//432 1543//433 1591//481
f 1542//432 1591//481 1590//480
f 1543//433 1497//387 1545//435
f 1543//433 1545//435 1591//481
f 1545//435 1544//434 1592//482
f 1545//435 1592//482 1593//483
f 1544//434 1546//436 1594//484
f 1544//434 1594//484 1592//482
f 1546//436 1547//437 1595//485
f 1546//436 1595//485 1594//484
f 1547//437 1548//438 1596//486
f 1547//437 1596//486 1595//485
f 1548//438 1549//439 1597//487
f 1548//438 1597//487 1596//486
f 1549//439 1550//440 1598//488
f 1549//439 1598//488 1597//487
f 1550//440 1551//441 1599//489
f 1550//440 1599//489 1598//488
f 1551//441 1552//442 1600//490
f 1551//441 1600//490 1599//489
f 1552//442 1553//443 1601//491
f 1552//442 1601//491 1600//490
f 1553//443 1554//444 1602//492
f 1553//443 1602//492 1601//491
f 1554//444 1555//445 1603//493
f 1554//444 1603//493 1602//492
f 1555//445 1556//446 1604//494
f 1555//445 1604//494 1603//493
f 1556//446 1557//447 1605//495
f 1556//446 1605//495 1604//494
f 1557//447 1558//448 1606//496
f 1557//447 1606//496 1605//495
f 1558//448 1559//449 1607//497
f 1558//448 1607//497 1606//496
f 1559//449 1560//450 1608//498
f 1559//449 1608//498 1607//497
f 1560//450 1561//451 1609//499
f 1560//450 1609//499 1608//498
f 1561//451 1562//452 1610//500
f 1561//451 1610//500 1609//499
f 1562//452 1563//453 1611//501
f 1562//452 1611//501 1610//500
f 1563//453 1564//454 1612//502
f 1563//453 1612//502 1611//501
f 1564//454 1565//455 1613//503
f 1564//454 1613//503 1612//502
f 1565//455 1566//456 1614//504
f 1565//455 1614//504 1613//503
f 1566//456 1567//457 1615//505
f 1566//456 1615//505 1614//504
f 1567//457 1568//458 1616//506
f 1567//457 1616//506 1615//505
f 1568//458 1569//459 1617//507
f 1568//458 1617//507 1616//506
f 1569//459 1570//460 1618//508
f 1569//459 1618//508 1617//507
f 1570//460 1571//461 1619//509
f 1570//460 1619//509 1618//508
f 1571//461 1572//462 1620//510
f 1571//461 1620//510 1619//509
f 1572//462 1573//463 1621//511
f 1572//462 1621//511 1620//510
f 1573//463 1574//464 1622//512
f 1573//463 1622//512 1621//511
f 1574//464 1575//465 1623//513
f 1574//464 1623//513 1622//512
f 1575//465 1576//466 1624//514
f 1575//465 1624//514 1623//513
f 1576//466 1577//467 1625//515
f 1576//466 1625//515 1624//514
f 1577//467 1578//468 1626//516
f 1577//467 1626//516 1625//515
f 1578//468 1579//469 1627//517
f 1578//468 1627//517 1626//516
f 1579//469 1580//470 1628//518
f 1579//469 1628//518 1627//517
f 1580//470 1581//471 1629//519
f 1580//470 1629//519 1628//518
f 1581//471 1582//472 1630//520
f 1581//471 1630//520 1629//519
f 1582//472 1583//473 1631//521
f 1582//472 1631//521 1630//520
f 1583//473 1584//474 1632//522
f 1583//473 1632//522 1631//521
f 1584//474 1585//475 1633//523
f 1584//474 1633//523 1632//522
f 1585//475 1586//476 1634//524
f 1585//475 1634//524 1633//523
f 1586//476 1587//477 1635//525
f 1586//476 1635//525 1634//524
f 1587//477 1588//478 1636//526
f 1587//477 1636//526 1635//525
f 1588//478 1589//479 1637//527
f 1588//478 1637//527 1636//526
f 1589//479 1590//480 1638//528
f 1589//479 1638//528 1637//527
f 1590//480 1591//481 1639//529
f 1590//480 1639//529 1638//528
f 1591//481 1545//435 1593//483
f 1591//481 1593//483 1639//529
f 1593//483 1592//482 1640//530
f 1593//483 1640//530 1641//531
f 1592//482 1594//484 1642//532
f 1592//482 1642//532 1640//530
f 1594//484 1595//485 1643//533
f 1594//484 1643//533 1642//532
f 1595//485 1596//486 1644//534
f 1595//485 1644//534 1643//533
f 1596//486 1597//487 1645//535
f 1596//486 1645//535 1644//534
f 1597//487 1598//488 1646//536
f 1597//487 1646//536 1645//535
f 1598//488 1599//489 1647//537
f 1598//488 1647//537 1646//536
f 1599//489 1600//490 1648//538
f 1599//489 1648//538 1647//537
f 1600//490 1601//491 1649//539
f 1600//490 1649//539 1648//538
f 1601//491 1602//492 1650//540
f 1601//491 1650//540 1649//539
f 1602//492 1603//493 1651//541
f 1602//492 1651//541 1650//540
f 1603//493 1604//494 1652//542
f 1603//493 1652//542 1651//541
f 1604//494 1605//495 1653//543
f 1604//494 1653//543 1652//542
f 1605//495 1606//496 1654//544
f 1605//495 1654//544 1653//543
f 1606//496 1607//497 1655//545
f 1606//496 1655//545 1654//544
f 1607//497 1608//498 1656//546
f 1607//497 1656//546 1655//545
f 1608//498 1609//499 1657//547
f 1608//498 1657//547 1656//546
f 1609//499 1610//500 1658//548
f 1609//499 1658//548 1657//547
f 1610//500 1611//501 1659//549
f 1610//500 1659//549 1658//548
f 1611//501 1612//502 1660//550
f 1611//501 1660//550 1659//549
f 1612//502 1613//503 1661//551
f 1612//502 1661//551 1660//550
f 1613//503 1614//504 1662//552
f 1613//503 1662//552 1661//551
f 1614//504 1615//505 1663//553
f 1614//504 1663//553 1662//552
f 1615//505 1616//506 1664//554
f 1615//505 1664//554 1663//553
f 1616//506 1617//507 1665//555
f 1616//506 1665//555 1664//554
f 1617//507 1618//508 1666//556
f 1617//507 1666//556 1665//555
f 1618//508 1619//509 1667//557
f 1618//508 1667//557 1666//556
f 1619//509 1620//510 1668//558
f 1619//509 1668//558 1667//557
f 1620//510 1621//511 1669//559
f 1620//510 1669//559 1668//558
f 1621//511 1622//512 1670//560
f 1621//511 1670//560 1669//559
f 1622//512 1623//513 1671//561
f 1622//512 1671//561 1670//560
f 1623//513 1624//514 1672//562
f 1623//513 1672//562 1671//561
f 1624//514 1625//515 1673//563
f 1624//514 1673//563 1672//562
f 1625//515 1626//516 1674//564
f 1625//515 1674//564 1673//563
f 1626//516 1627//517 1675//565
f 1626//516 1675//565 1674//564
f 1627//517 1628//518 1676//566
f 1627//517 1676//566 1675//565
f 1628//518 1629//519 1677//567
f 1628//518 1677//567 1676//566
f 1629//519 1630//520 1678//568
f 1629//519 1678//568 1677//567
f 1630//520 1631//521 1679//569
f 1630//520 1679//569 1678//568
f 1631//521 1632//522 1680//570
f 1631//521 1680//570 1679//569
f 1632//522 1633//523 1681//571
f 1632//522 1681//571 1680//570
f 1633//523 1634//524 1682//572
f 1633//523 1682//572 1681//571
f 1634//524 1635//525 1683//573
f 1634//524 1683//573 1682//572
f 1635//525 1636//526 1684//574
f 1635//525 1684//574 1683//573
f 1636//526 1637//527 1685//575
f 1636//526 1685//575 1684//574
f 1637//527 1638//528 1686//576
f 1637//527 1686//576 1685//575
f 1638//528 1639//529 1687//577
f 1638//528 1687//577 1686//576
f 1639//529 1593//483 1641//531
f 1639//529 1641//531 1687//577
f 1641//531 1640//530 1688//578
f 1641//531 1688//578 1689//579
f 1640//530 1642//532 1690//580
f 1640//530 1690//580 1688//578
f 1642//532 1643//533 1691//581
f 1642//532 1691//581 1690//580
f 1643//533 1644//534 1692//582
f 1643//533 1692//582 1691//581
f 1644//534 1645//535 1693//583
f 1644//534 1693//583 1692//582
f 1645//535 1646//536 1694//584
f 1645//535 1694//584 1693//583
f 1646//536 1647//537 1695//585
f 1646//536 1695//585 1694//584
f 1647//537 1648//538 1696//586
f 1647//537 1696//586 1695//585
f 1648//538 1649//539 1697//587
f 1648//538 1697//587 1696//586
f 1649//539 1650//540 1698//588
f 1649//539 1698//588 1697//587
f 1650//540 1651//541 1699//589
f 1650//540 1699//589 1698//588
f 1651//541 1652//542 1700//590
f 1651//541 1700//590 1699//589
f 1652//542 1653//543 1701//591
f 1652//542 1701//591 1700//590
f 1653//543 1654//544 1702//592
f 1653//543 1702//592 1701//591
f 1654//544 1655//545 1703//593
f 1654//544 1703//593 1702//592
f 1655//545 1656//546 1704//594
f 1655//545 1704//594 1703//593
f 1656//546 1657//547 1705//595
f 1656//546 1705//595 1704//594
f 1657//547 1658//548 1706//596
f 1657//547 1706//596 1705//595
f 1658//548 1659//549 1707//597
f 1658//548 1707//597 1706//596
f 1659//549 1660//550 1708//598
f 1659//549 1708//598 1707//597
f 1660//550 1661//551 1709//599
f 1660//550 1709//599 1708//598
f 1661//551 1662//552 1710//600
f 1661//551 1710//600 1709//599
f 1662//552 1663//553 1711//601
f 1662//552 1711//601 1710//600
f 1663//553 1664//554 1712//602
f 1663//553 1712//602 1711//601
f 1664//554 1665//555 1713//603
f 1664//554 1713//603 1712//602
f 1665//555 1666//556 1714//604
f 1665//555 1714//604 1713//603
f 1666//556 1667//557 1715//605
f 1666//556 1715//605 1714//604
f 1667//557 1668//558 1716//606
f 1667//557 1716//606 1715//605
f 1668//558 1669//559 1717//607
f 1668//558 1717//607 1716//606
f 1669//559 1670//560 1718//608
f 1669//559 1718//608 1717//607
f 1670//560 1671//561 1719//609
f 1670//560 1719//609 1718//608
f 1671//561 1672//562 1720//610
f 1671//561 1720//610 1719//609
f 1672//562 1673//563 1721//611
f 1672//562 1721//611 1720//610
f 1673//563 1674//564 1722//612
f 1673//563 1722//612 1721//611
f 1674//564 1675//565 1723//613
f 1674//564 1723//613 1722//612
f 1675//565 1676//566 1724//614
f 1675//565 1724//614 1723//613
f 1676//566 1677//567 1725//615
f 1676//566 1725//615 1724//614
f 1677//567 1678//568 1726//616
f 1677//567 1726//616 1725//615
f 1678//568 1679//569 1727//617
f 1678//568 1727//617 1726//616
f 1679//569 1680//570 1728//618
f 1679//569 1728//618 1727//617
f 1680//570 1681//571 1729//619
f 1680//570 1729//619 1728//618
f 1681//571 1682//572 1730//620
f 1681//571 1730//620 1729//619
f 1682//572 1683//573 1731//621
f 1682//572 1731//621 1730//620
f 1683//573 1684//574 1732//622
f 1683//573 1732//622 1731//621
f 1684//574 1685//575 1733//623
f 1684//574 1733//623 1732//622
f 1685//575 1686//576 1734//624
f 1685//575 1734//624 1733//623
f 1686//576 1687//577 1735//625
f 1686//576 1735//625 1734//624
f 1687//577 1641//531 1689//579
f 1687//577 1689//579 1735//625
f 1689//579 1688//578 1736//626
f 1689//579 1736//626 1737//627
f 1688//578 1690//580 1738//628
f 1688//578 1738//628 1736//626
f 1690//580 1691//581 1739//629
f 1690//580 1739//629 1738//628
f 1691//581 1692//582 1740//630
f 1691//581 1740//630 1739//629
f 1692//582 1693//583 1741//631
f 1692//582 1741//631 1740//630
f 1693//583 1694//584 1742//632
f 1693//583 1742//632 1741//631
f 1694//584 1695//585 1743//633
f 1694//584 1743//633 1742//632
f 1695//585 1696//586 1744//634
f 1695//585 1744//634 1743//633
f 1696//586 1697//587 1745//635
f 1696//586 1745//635 1744//634
f 1697//587 1698//588 1746//636
f 1697//587 1746//636 1745//635
f 1698//588 1699//589 1747//637
f 1698//588 1747//637 1746//636
f 1699//589 1700//590 1748//638
f 1699//589 1748//638 1747//637
f 1700//590 1701//591 1749//639
f 1700//590 1749//639 1748//638
f 1701//591 1702//592 1750//640
f 1701//591 1750//640 1749//639
f 1702//592 1703//593 1751//641
f 1702//592 1751//641 1750//640
f 1703//593 1704//594 1752//642
f 1703//593 1752//642 1751//641
f 1704//594 1705//595 1753//643
f 1704//594 1753//643 1752//642
f 1705//595 1706//596 1754//644
f 1705//595 1754//644 1753//643
f 1706//596 1707//597 1755//645
f 1706//596 1755//645 1754//644
f 1707//597 1708//598 1756//646
f 1707//597 1756//646 1755//645
f 1708//598 1709//599 1757//647
f 1708//598 1757//647 1756//646
f 1709//599 1710//600 1758//648
f 1709//599 1758//648 1757//647
f 1710//600 1711//601 1759//649
f 1710//600 1759//649 1758//648
f 1711//601 1712//602 1760//650
f 1711//601 1760//650 1759//649
f 1712//602 1713//603 1761//651
f 1712//602 1761//651 1760//650
f 1713//603 1714//604 1762//652
f 1713//603 1762//652 1761//651
f 1714//604 1715//605 1763//653
f 1714//604 1763//653 1762//652
f 1715//605 1716//606 1764//654
f 1715//605 1764//654 1763//653
f 1716//606 1717//607 1765//655
f 1716//606 1765//655 1764//654
f 1717//607 1718//608 1766//656
f 1717//607 1766//656 1765//655
f 1718//608 1719//609 1767//657
f 1718//608 1767//657 1766//656
f 1719//609 1720//610 1768//658
f 1719//609 1768//658 1767//657
f 1720//610 1721//611 1769//659
f 1720//610 1769//659 1768//658
f 1721//611 1722//612 1770//660
f 1721//611 1770//660 1769//659
f 1722//612 1723//613 1771//661
f 1722//612 1771//661 1770//660
f 1723//613 1724//614 1772//662
f 1723//613 1772//662 1771//661
f 1724//614 1725//615 1773//663
f 1724//614 1773//663 1772//662
f 1725//615 1726//616 1774//664
f 1725//615 1774//664 1773//663
f 1726//616 1727//617 1775//665
f 1726//616 1775//665 1774//664
f 1727//617 1728//618 1776//666
f 1727//617 1776//666 1775//665
f 1728//618 1729//619 1777//667
f 1728//618 1777//667 1776//666
f 1729//619 1730//620 1778//668
f 1729//619 1778//668 1777//667
f 1730//620 1731//621 1779//669
f 1730//620 1779//669 1778//668
f 1731//621 1732//622 1780//670
f 1731//621 1780//670 1779//669
f 1732//622 1733//623 1781//671
f 1732//622 1781//671 1780//670
f 1733//623 1734//624 1782//672
f 1733//623 1782//672 1781//671
f 1734//624 1735//625 1783//673
f 1734//624 1783//673 1782//672
f 1735//625 1689//579 1737//627
f 1735//625 1737//627 1783//673
f 1737//627 1736//626 1784//674
f 1737//627 1784//674 1785//675
f 1736//626 1738//628 1786//676
f 1736//626 1786//676 1784//674
f 1738//628 1739//629 1787//677
f 1738//628 1787//677 1786//676
f 1739//629 1740//630 1788//678
f 1739//629 1788//678 1787//677
f 1740//630 1741//631 1789//679
f 1740//630 1789//679 1788//678
f 1741//631 1742//632 1790//680
f 1741//631 1790//680 1789//679
f 1742//632 1743//633 1791//681
f 1742//632 1791//681 1790//680
f 1743//633 1744//634 1792//682
f 1743//633 1792//682 1791//681
f 1744//634 1745//635 1793//683
f 1744//634 1793//683 1792//682
f 1745//635 1746//636 1794//684
f 1745//635 1794//684 1793//683
f 1746//636 1747//637 1795//685
f 1746//636 1795//685 1794//684
f 1747//637 1748//638 1796//686
f 1747//637 1796//686 1795//685
f 1748//638 1749//639 1797//687
f 1748//638 1797//687 1796//686
f 1749//639 1750//640 1798//688
f 1749//639 1798//688 1797//687
f 1750//640 1751//641 1799//689
f 1750//640 1799//689 1798//688
f 1751//641 1752//642 1800//690
f 1751//641 1800//690 1799//689
f 1752//642 1753//643 1801//691
f 1752//642 1801//691 1800//690
f 1753//643 1754//644 1802//692
f 1753//643 1802//692 1801//691
f 1754//644 1755//645 1803//693
f 1754//644 1803//693 1802//692
f 1755//645 1756//646 1804//694
f 1755//645 1804//694 1803//693
f 1756//646 1757//647 1805//695
f 1756//646 1805//695 1804//694
f 1757//647 1758//648 1806//696
f 1757//647 1806//696 1805//695
f 1758//648 1759//649 1807//697
f 1758//648 1807//697 1806//696
f 1759//649 1760//650 1808//698
f 1759//649 1808//698 1807//697
f 1760//650 1761//651 1809//699
f 1760//650 1809//699 1808//698
f 1761//651 1762//652 1810//700
f 1761//651 1810//700 1809//699
f 1762//652 1763//653 1811//701
f 1762//652 1811//701 1810//700
f 1763//653 1764//654 1812//702
f 1763//653 1812//702 1811//701
f 1764//654 1765//655 1813//703
f 1764//654 1813//703 1812//702
f 1765//655 1766//656 1814//704
f 1765//655 1814//704 1813//703
f 1766//656 1767//657 1815//705
f 1766//656 1815//705 1814//704
f 1767//657 1768//658 1816//706
f 1767//657 1816//706 1815//705
f 1768//658 1769//659 1817//707
f 1768//658 1817//707 1816//706
f 1769//659 1770//660 1818//708
f 1769//659 1818//708 1817//707
f 1770//660 1771//661 1819//709
f 1770//660 1819//709 1818//708
f 1771//661 1772//662 1820//710
f 1771//661 1820//710 1819//709
f 1772//662 1773//663 1821//711
f 1772//662 1821//711 1820//710
f 1773//663 1774//664 1822//712
f 1773//663 1822//712 1821//711
f 1774//664 1775//665 1823//713
f 1774//664 1823//713 1822//712
f 1775//665 1776//666 1824//714
f 1775//665 1824//714 1823//713
f 1776//666 1777//667 1825//715
f 1776//666 1825//715 1824//714
f 1777//667 1778//668 1826//716
f 1777//667 1826//716 1825//715
f 1778//668 1779//669 1827//717
f 1778//668 1827//717 1826//716
f 1779//669 1780//670 1828//718
f 1779//669 1828//718 1827//717
f 1780//670 1781//671 1829//719
f 1780//670 1829//719 1828//718
f 1781//671 1782//672 1830//720
f 1781//671 1830//720 1829//719
f 1782//672 1783//673 1831//721
f 1782//672 1831//721 1830//720
f 1783//673 1737//627 1785//675
f 1783//673 1785//675 1831//721
f 1785//675 1784//674 1832//722
f 1785//675 1832//722 1833//723
f 1784//674 1786//676 1834//724
f 1784//674 1834//724 1832//722
f 1786//676 1787//677 1835//725
f 1786//676 1835//725 1834//724
f 1787//677 1788//678 1836//726
f 1787//677 1836//726 1835//725
f 1788//678 1789//679 1837//727
f 1788//678 1837//727 1836//726
f 1789//679 1790//680 1838//728
f 1789//679 1838//728 1837//727
f 1790//680 1791//681 1839//729
f 1790//680 1839//729 1838//728
f 1791//681 1792//682 1840//730
f 1791//681 1840//730 1839//729
f 1792//682 1793//683 1841//731
f 1792//682 1841//731 1840//730
f 1793//683 1794//684 1842//732
f 1793//683 1842//732 1841//731
f 1794//684 1795//685 1843//733
f 1794//684 1843//733 1842//732
f 1795//685 1796//686 1844//734
f 1795//685 1844//734 1843//733
f 1796//686 1797//687 1845//735
f 1796//686 1845//735 1844//734
f 1797//687 1798//688 1846//736
f 1797//687 1846//736 1845//735
f 1798//688 1799//689 1847//737
f 1798//688 1847//737 1846//736
f 1799//689 1800//690 1848//738
f 1799//689 1848//738 1847//737
f 1800//690 1801//691 1849//739
f 1800//690 1849//739 1848//738
f 1801//691 1802//692 1850//740
f 1801//691 1850//740 1849//739
f 1802//692 1803//693 1851//741
f 1802//692 1851//741 1850//740
f 1803//693 1804//694 1852//742
f 1803//693 1852//742 1851//741
f 1804//694 1805//695 1853//743
f 1804//694 1853//743 1852//742
f 1805//695 1806//696 1854//744
f 1805//695 1854//744 1853//743
f 1806//696 1807//697 1855//745
f 1806//696 1855//745 1854//744
f 1807//697 1808//698 1856//746
f 1807//697 1856//746 1855//745
f 1808//698 1809//699 1857//747
f 1808//698 1857//747 1856//746
f 1809//699 1810//700 1858//748
f 1809//699 1858//748 1857//747
f 1810//700 1811//701 1859//749
f 1810//700 1859//749 1858//748
f 1811//701 1812//702 1860//750
f 1811//701 1860//750 1859//749
f 1812//702 1813//703 1861//751
f 1812//702 1861//751 1860//750
f 1813//703 1814//704 1862//752
f 1813//703 1862//752 1861//751
f 1814//704 1815//705 1863//753
f 1814//704 1863//753 1862//752
f 1815//705 1816//706 1864//754
f 1815//705 1864//754 1863//753
f 1816//706 1817//707 1865//755
f 1816//706 1865//755 1864//754
f 1817//707 1818//708 1866//756
f 1817//707 1866//756 1865//755
f 1818//708 1819//709 1867//757
f 1818//708 1867//757 1866//756
f 1819//709 1820//710 1868//758
f 1819//709 1868//758 1867//757
f 1820//710 1821//711 1869//759
f 1820//710 1869//759 1868//758
f 1821//711 1822//712 1870//760
f 1821//711 1870//760 1869//759
f 1822//712 1823//713 1871//761
f 1822//712 1871//761 1870//760
f 1823//713 1824//714 1872//762
f 1823//713 1872//762 1871//761
f 1824//714 1825//715 1873//763
f 1824//714 1873//763 1872//762
f 1825//715 1826//716 1874//764
f 1825//715 1874//764 1873//763
f 1826//716 1827//717 1875//765
f 1826//716 1875//765 1874//764
f 1827//717 1828//718 1876//766
f 1827//717 1876//766 1875//765
f 1828//718 1829//719 1877//767
f 1828//718 1877//767 1876//766
f 1829//719 1830//720 1878//768
f 1829//719 1878//768 1877//767
f 1830//720 1831//721 1879//769
f 1830//720 1879//769 1878//768
f 1831//721 1785//675 1833//723
f 1831//721 1833//723 1879//769
f 1833//723 1832//722 1880//770
f 1833//723 1880//770 1881//771
f 1832//722 1834//724 1882//772
f 1832//722 1882//772 1880//770
f 1834//724 1835//725 1883//773
f 1834//724 1883//773 1882//772
f 1835//725 1836//726 1884//774
f 1835//725 1884//774 1883//773
f 1836//726 1837//727 1885//775
f 1836//726 1885//775 1884//774
f 1837//727 1838//728 1886//776
f 1837//727 1886//776 1885//775
f 1838//728 1839//729 1887//777
f 1838//728 1887//777 1886//776
f 1839//729 1840//730 1888//778
f 1839//729 1888//778 1887//777
f 1840//730 1841//731 1889//779
f 1840//730 1889//779 1888//778
f 1841//731 1842//732 1890//780
f 1841//731 1890//780 1889//779
f 1842//732 1843//733 1891//781
f 1842//732 1891//781 1890//780
f 1843//733 1844//734 1892//782
f 1843//733 1892//782 1891//781
f 1844//734 1845//735 1893//783
f 1844//734 1893//783 1892//782
f 1845//735 1846//736 1894//784
f 1845//735 1894//784 1893//783
f 1846//736 1847//737 1895//785
f 1846//736 1895//785 1894//784
f 1847//737 1848//738 1896//786
f 1847//737 1896//786 1895//785
f 1848//738 1849//739 1897//787
f 1848//738 1897//787 1896//786
f 1849//739 1850//740 1898//788
f 1849//739 1898//788 1897//787
f 1850//740 1851//741 1899//789
f 1850//740 1899//789 1898//788
f 1851//741 1852//742 1900//790
f 1851//741 1900//790 1899//789
f 1852//742 1853//743 1901//791
f 1852//742 1901//791 1900//790
f 1853//743 1854//744 1902//792
f 1853//743 1902//792 1901//791
f 1854//744 1855//745 1903//793
f 1854//744 1903//793 1902//792
f 1855//745 1856//746 1904//794
f 1855//745 1904//794 1903//793
f 1856//746 1857//747 1905//795
f 1856//746 1905//795 1904//794
f 1857//747 1858//748 1906//796
f 1857//747 1906//796 1905//795
f 1858//748 1859//749 1907//797
f 1858//748 1907//797 1906//796
f 1859//749 1860//750 1908//798
f 1859//749 1908//798 1907//797
f 1860//750 1861//751 1909//799
f 1860//750 1909//799 1908//798
f 1861//751 1862//752 1910//800
f 1861//751 1910//800 1909//799
f 1862//752 1863//753 1911//801
f 1862//752 1911//801 1910//800
f 1863//753 1864//754 1912//802
f 1863//753 1912//802 1911//801
f 1864//754 1865//755 1913//803
f 1864//754 1913//803 1912//802
f 1865//755 1866//756 1914//804
f 1865//755 1914//804 1913//803
f 1866//756 1867//757 1915//805
f 1866//756 1915//805 1914//804
f 1867//757 1868//758 1916//806
f 1867//757 1916//806 1915//805
f 1868//758 1869//759 1917//807
f 1868//758 1917//807 1916//806
f 1869//759 1870//760 1918//808
f 1869//759 1918//808 1917//807
f 1870//760 1871//761 1919//809
f 1870//760 1919//809 1918//808
f 1871//761 1872//762 1920//810
f 1871//761 1920//810 1919//809
f 1872//762 1873//763 1921//811
f 1872//762 1921//811 1920//810
f 1873//763 1874//764 1922//812
f 1873//763 1922//812 1921//811
f 1874//764 1875//765 1923//813
f 1874//764 1923//813 1922//812
f 1875//765 1876//766 1924//814
f 1875//765 1924//814 1923//813
f 1876//766 1877//767 1925//815
f 1876//766 1925//815 1924//814
f 1877//767 1878//768 1926//816
f 1877//767 1926//816 1925//815
f 1878//768 1879//769 1927//817
f 1878//768 1927//817 1926//816
f 1879//769 1833//723 1881//771
f 1879//769 1881//771 1927//817
f 1881//771 1880//770 1928//818
f 1881//771 1928//818 1929//819
f 1880//770 1882//772 1930//820
f 1880//770 1930//820 1928//818
f 1882//772 1883//773 1931//821
f 1882//772 1931//821 1930//820
f 1883//773 1884//774 1932//822
f 1883//773 1932//822 1931//821
f 1884//774 1885//775 1933//823
f 1884//774 1933//823 1932//822
f 1885//775 1886//776 1934//824
f 1885//775 1934//824 1933//823
f 1886//776 1887//777 1935//825
f 1886//776 1935//825 1934//824
f 1887//777 1888//778 1936//826
f 1887//777 1936//826 1935//825
f 1888//778 1889//779 1937//827
f 1888//778 1937//827 1936//826
f 1889//779 1890//780 1938//828
f 1889//779 1938//828 1937//827
f 1890//780 1891//781 1939//829
f 1890//780 1939//829 1938//828
f 1891//781 1892//782 1940//830
f 1891//781 1940//830 1939//829
f 1892//782 1893//783 1941//831
f 1892//782 1941//831 1940//830
f 1893//783 1894//784 1942//832
f 1893//783 1942//832 1941//831
f 1894//784 1895//785 1943//833
f 1894//784 1943//833 1942//832
f 1895//785 1896//786 1944//834
f 1895//785 1944//834 1943//833
f 1896//786 1897//787 1945//835
f 1896//786 1945//835 1944//834
f 1897//787 1898//788 1946//836
f 1897//787 1946//836 1945//835
f 1898//788 1899//789 1947//837
f 1898//788 1947//837 1946//836
f 1899//789 1900//790 1948//838
f 1899//789 1948//838 1947//837
f 1900//790 1901//791 1949//839
f 1900//790 1949//839 1948//838
f 1901//791 1902//792 1950//840
f 1901//791 1950//840 1949//839
f 1902//792 1903//793 1951//841
f 1902//792 1951//841 1950//840
f 1903//793 1904//794 1952//842
f 1903//793 1952//842 1951//841
f 1904//794 1905//795 1953//843
f 1904//794 1953//843 1952//842
f 1905//795 1906//796 1954//844
f 1905//795 1954//844 1953//843
f 1906//796 1907//797 1955//845
f 1906//796 1955//845 1954//844
f 1907//797 1908//798 1956//846
f 1907//797 1956//846 1955//845
f 1908//798 1909//799 1957//847
f 1908//798 1957//847 1956//846
f 1909//799 1910//800 1958//848
f 1909//799 1958//848 1957//847
f 1910//800 1911//801 1959//849
f 1910//800 1959//849 1958//848
f 1911//801 1912//802 1960//850
f 1911//801 1960//850 1959//849
f 1912//802 1913//803 1961//851
f 1912//802 1961//851 1960//850
f 1913//803 1914//804 1962//852
f 1913//803 1962//852 1961//851
f 1914//804 1915//805 1963//853
f 1914//804 1963//853 1962//852
f 1915//805 1916//806 1964//854
f 1915//805 1964//854 1963//853
f 1916//806 1917//807 1965//855
f 1916//806 1965//855 1964//854
f 1917//807 1918//808 1966//856
f 1917//807 1966//856 1965//855
f 1918//808 1919//809 1967//857
f 1918//808 1967//857 1966//856
f 1919//809 1920//810 1968//858
f 1919//809 1968//858 1967//857
f 1920//810 1921//811 1969//859
f 1920//810 1969//859 1968//858
f 1921//811 1922//812 1970//860
f 1921//811 1970//860 1969//859
f 1922//812 1923//813 1971//861
f 1922//812 1971//861 1970//860
f 1923//813 1924//814 1972//862
f 1923//813 1972//862 1971//861
f 1924//814 1925//815 1973//863
f 1924//814 1973//863 1972//862
f 1925//815 1926//816 1974//864
f 1925//815 1974//864 1973//863
f 1926//816 1927//817 1975//865
f 1926//816 1975//865 1974//864
f 1927//817 1881//771 1929//819
f 1927//817 1929//819 1975//865
f 1929//819 1928//818 1976//866
f 1929//819 1976//866 1977//867
f 1928//818 1930//820 1978//868
f 1928//818 1978//868 1976//866
f 1930//820 1931//821 1979//869
f 1930//820 1979//869 1978//868
f 1931//821 1932//822 1980//870
f 1931//821 1980//870 1979//869
f 1932//822 1933//823 1981//871
f 1932//822 1981//871 1980//870
f 1933//823 1934//824 1982//872
f 1933//823 1982//872 1981//871
f 1934//824 1935//825 1983//873
f 1934//824 1983//873 1982//872
f 1935//825 1936//826 1984//874
f 1935//825 1984//874 1983//873
f 1936//826 1937//827 1985//875
f 1936//826 1985//875 1984//874
f 1937//827 1938//828 1986//876
f 1937//827 1986//876 1985//875
f 1938//828 1939//829 1987//877
f 1938//828 1987//877 1986//876
f 1939//829 1940//830 1988//878
f 1939//829 1988//878 1987//877
f 1940//830 1941//831 1989//879
f 1940//830 1989//879 1988//878
f 1941//831 1942//832 1990//880
f 1941//831 1990//880 1989//879
f 1942//832 1943//833 1991//881
f 1942//832 1991//881 1990//880
f 1943//833 1944//834 1992//882
f 1943//833 1992//882 1991//881
f 1944//834 1945//835 1993//883
f 1944//834 1993//883 1992//882
f 1945//835 1946//836 1994//884
f 1945//835 1994//884 1993//883
f 1946//836 1947//837 1995//885
f 1946//836 1995//885 1994//884
f 1947//837 1948//838 1996//886
f 1947//837 1996//886 1995//885
f 1948//838 1949//839 1997//887
f 1948//838 1997//887 1996//886
f 1949//839 1950//840 1998//888
f 1949//839 1998//888 1997//887
f 1950//840 1951//841 1999//889
f 1950//840 1999//889 1998//888
f 1951//841 1952//842 2000//890
f 1951//841 2000//890 1999//889
f 1952//842 1953//843 2001//891
f 1952//842 2001//891 2000//890
f 1953//843 1954//844 2002//892
f 1953//843 2002//892 2001//891
f 1954//844 1955//845 2003//893
f 1954//844 2003//893 2002//892
f 1955//845 1956//846 2004//894
f 1955//845 2004//894 2003//893
f 1956//846 1957//847 2005//895
f 1956//846 2005//895 2004//894
f 1957//847 1958//848 2006//896
f 1957//847 2006//896 2005//895
f 1958//848 1959//849 2007//897
f 1958//848 2007//897 2006//896
f 1959//849 1960//850 2008//898
f 1959//849 2008//898 2007//897
f 1960//850 1961//851 2009//899
f 1960//850 2009//899 2008//898
f 1961//851 1962//852 2010//900
f 1961//851 2010//900 2009//899
f 1962//852 1963//853 2011//901
f 1962//852 2011//901 2010//900
f 1963//853 1964//854 2012//902
f 1963//853 2012//902 2011//901
f 1964//854 1965//855 2013//903
f 1964//854 2013//903 2012//902
f 1965//855 1966//856 2014//904
f 1965//855 2014//904 2013//903
f 1966//856 1967//857 2015//905
f 1966//856 2015//905 2014//904
f 1967//857 1968//858 2016//906
f 1967//857 2016//906 2015//905
f 1968//858 1969//859 2017//907
f 1968//858 2017//907 2016//906
f 1969//859 1970//860 2018//908
f 1969//859 2018//908 2017//907
f 1970//860 1971//861 2019//909
f 1970//860 2019//909 2018//908
f 1971//861 1972//862 2020//910
f 1971//861 2020//910 2019//909
f 1972//862 1973//863 2021//911
f 1972//862 2021//911 2020//910
f 1973//863 1974//864 2022//912
f 1973//863 2022//912 2021//911
f 1974//864 1975//865 2023//913
f 1974//864 2023//913 2022//912
f 1975//865 1929//819 1977//867
f 1975//865 1977//867 2023//913
f 1977//867 1976//866 2024//914
f 1977//867 2024//914 2025//915
f 1976//866 1978//868 2026//916
f 1976//866 2026//916 2024//914
f 1978//868 1979//869 2027//917
f 1978//868 2027//917 2026//916
f 1979//869 1980//870 2028//918
f 1979//869 2028//918 2027//917
f 1980//870 1981//871 2029//919
f 1980//870 2029//919 2028//918
f 1981//871 1982//872 2030//920
f 1981//871 2030//920 2029//919
f 1982//872 1983//873 2031//921
f 1982//872 2031//921 2030//920
f 1983//873 1984//874 2032//922
f 1983//873 2032//922 2031//921
f 1984//874 1985//875 2033//923
f 1984//874 2033//923 2032//922
f 1985//875 1986//876 2034//924
f 1985//875 2034//924 2033//923
f 1986//876 1987//877 2035//925
f 1986//876 2035//925 2034//924
f 1987//877 1988//878 2036//926
f 1987//877 2036//926 2035//925
f 1988//878 1989//879 2037//927
f 1988//878 2037//927 2036//926
f 1989//879 1990//880 2038//928
f 1989//879 2038//928 2037//927
f 1990//880 1991//881 2039//929
f 1990//880 2039//929 2038//928
f 1991//881 1992//882 2040//930
f 1991//881 2040//930 2039//929
f 1992//882 1993//883 2041//931
f 1992//882 2041//931 2040//930
f 1993//883 1994//884 2042//932
f 1993//883 2042//932 2041//931
f 1994//884 1995//885 2043//933
f 1994//884 2043//933 2042//932
f 1995//885 1996//886 2044//934
f 1995//885 2044//934 2043//933
f 1996//886 1997//887 2045//935
f 1996//886 2045//935 2044//934
f 1997//887 1998//888 2046//936
f 1997//887 2046//936 2045//935
f 1998//888 1999//889 2047//937
f 1998//888 2047//937 2046//936
f 1999//889 2000//890 2048//938
f 1999//889 2048//938 2047//937
f 2000//890 2001//891 2049//939
f 2000//890 2049//939 2048//938
f 2001//891 2002//892 2050//940
f 2001//891 2050//940 2049//939
f 2002//892 2003//893 2051//941
f 2002//892 2051//941 2050//940
f 2003//893 2004//894 2052//942
f 2003//893 2052//942 2051//941
f 2004//894 2005//895 2053//943
f 2004//894 2053//943 2052//942
f 2005//895 2006//896 2054//944
f 2005//895 2054//944 2053//943
f 2006//896 2007//897 2055//945
f 2006//896 2055//945 2054//944
f 2007//897 2008//898 2056//946
f 2007//897 2056//946 2055//945
f 2008//898 2009//899 2057//947
f 2008//898 2057//947 2056//946
f 2009//899 2010//900 2058//948
f 2009//899 2058//948 2057//947
f 2010//900 2011//901 2059//949
f 2010//900 2059//949 2058//948
f 2011//901 2012//902 2060//950
f 2011//901 2060//950 2059//949
f 2012//902 2013//903 2061//951
f 2012//902 2061//951 2060//950
f 2013//903 2014//904 2062//952
f 2013//903 2062//952 2061//951
f 2014//904 2015//905 2063//953
f 2014//904 2063//953 2062//952
f 2015//905 2016//906 2064//954
f 2015//905 2064//954 2063//953
f 2016//906 2017//907 2065//955
f 2016//906 2065//955 2064//954
f 2017//907 2018//908 2066//956
f 2017//907 2066//956 2065//955
f 2018//908 2019//909 2067//957
f 2018//908 2067//957 2066//956
f 2019//909 2020//910 2068//958
f 2019//909 2068//958 2067//957
f 2020//910 2021//911 2069//959
f 2020//910 2069//959 2068//958
f 2021//911 2022//912 2070//960
f 2021//911 2070//960 2069//959
f 2022//912 2023//913 2071//961
f 2022//912 2071//961 2070//960
f 2023//913 1977//867 2025//915
f 2023//913 2025//915 2071//961
f 2025//915 2024//914 2072//962
f 2025//915 2072//962 2073//963
f 2024//914 2026//916 2074//964
f 2024//914 2074//964 2072//962
f 2026//916 2027//917 2075//965
f 2026//916 2075//965 2074//964
f 2027//917 2028//918 2076//966
f 2027//917 2076//966 2075//965
f 2028//918 2029//919 2077//967
f 2028//918 2077//967 2076//966
f 2029//919 2030//920 2078//968
f 2029//919 2078//968 2077//967
f 2030//920 2031//921 2079//969
f 2030//920 2079//969 2078//968
f 2031//921 2032//922 2080//970
f 2031//921 2080//970 2079//969
f 2032//922 2033//923 2081//971
f 2032//922 2081//971 2080//970
f 2033//923 2034//924 2082//972
f 2033//923 2082//972 2081//971
f 2034//924 2035//925 2083//973
f 2034//924 2083//973 2082//972
f 2035//925 2036//926 2084//974
f 2035//925 2084//974 2083//973
f 2036//926 2037//927 2085//975
f 2036//926 2085//975 2084//974
f 2037//927 2038//928 2086//976
f 2037//927 2086//976 2085//975
f 2038//928 2039//929 2087//977
f 2038//928 2087//977 2086//976
f 2039//929 2040//930 2088//978
f 2039//929 2088//978 2087//977
f 2040//930 2041//931 2089//979
f 2040//930 2089//979 2088//978
f 2041//931 2042//932 2090//980
f 2041//931 2090//980 2089//979
f 2042//932 2043//933 2091//981
f 2042//932 2091//981 2090//980
f 2043//933 2044//934 2092//982
f 2043//933 2092//982 2091//981
f 2044//934 2045//935 2093//983
f 2044//934 2093//983 2092//982
f 2045//935 2046//936 2094//984
f 2045//935 2094//984 2093//983
f 2046//936 2047//937 2095//985
f 2046//936 2095//985 2094//984
f 2047//937 2048//938 2096//986
f 2047//937 2096//986 2095//985
f 2048//938 2049//939 2097//987
f 2048//938 2097//987 2096//986
f 2049//939 2050//940 2098//988
f 2049//939 2098//988 2097//987
f 2050//940 2051//941 2099//989
f 2050//940 2099//989 2098//988
f 2051//941 2052//942 2100//990
f 2051//941 2100//990 2099//989
f 2052//942 2053//943 2101//991
f 2052//942 2101//991 2100//990
f 2053//943 2054//944 2102//992
f 2053//943 2102//992 2101//991
f 2054//944 2055//945 2103//993
f 2054//944 2103//993 2102//992
f 2055//945 2056//946 2104//994
f 2055//945 2104//994 2103//993
f 2056//946 2057//947 2105//995
f 2056//946 2105//995 2104//994
f 2057//947 2058//948 2106//996
f 2057//947 2106//996 2105//995
f 2058//948 2059//949 2107//997
f 2058//948 2107//997 2106//996
f 2059//949 2060//950 2108//998
f 2059//949 2108//998 2107//997
f 2060//950 2061//951 2109//999
f 2060//950 2109//999 2108//998
f 2061//951 2062//952 2110//1000
f 2061//951 2110//1000 2109//999
f 2062//952 2063//953 2111//1001
f 2062//952 2111//1001 2110//1000
f 2063//953 2064//954 2112//1002
f 2063//953 2112//1002 2111//1001
f 2064//954 2065//955 2113//1003
f 2064//954 2113//1003 2112//1002
f 2065//955 2066//956 2114//1004
f 2065//955 2114//1004 2113//1003
f 2066//956 2067//957 2115//1005
f 2066//956 2115//1005 2114//1004
f 2067//957 2068//958 2116//1006
f 2067//957 2116//1006 2115//1005
f 2068//958 2069//959 2117//1007
f 2068//958 2117//1007 2116//1006
f 2069//959 2070//960 2118//1008
f 2069//959 2118//1008 2117//1007
f 2070//960 2071//961 2119//1009
f 2070//960 2119//1009 2118//1008
f 2071//961 2025//915 2073//963
f 2071//961 2073//963 2119//1009
f 2073//963 2072//962 2120//1010
f 2073//963 2120//1010 2121//1011
f 2072//962 2074//964 2122//1012
f 2072//962 2122//1012 2120//1010
f 2074//964 2075//965 2123//1013
f 2074//964 2123//1013 2122//1012
f 2075//965 2076//966 2124//1014
f 2075//965 2124//1014 2123//1013
f 2076//966 2077//967 2125//1015
f 2076//966 2125//1015 2124//1014
f 2077//967 2078//968 2126//1016
f 2077//967 2126//1016 2125//1015
f 2078//968 2079//969 2127//1017
f 2078//968 2127//1017 2126//1016
f 2079//969 2080//970 2128//1018
f 2079//969 2128//1018 2127//1017
f 2080//970 2081//971 2129//1019
f 2080//970 2129//1019 2128//1018
f 2081//971 2082//972 2130//1020
f 2081//971 2130//1020 2129//1019
f 2082//972 2083//973 2131//1021
f 2082//972 2131//1021 2130//1020
f 2083//973 2084//974 2132//1022
f 2083//973 2132//1022 2131//1021
f 2084//974 2085//975 2133//1023
f 2084//974 2133//1023 2132//1022
f 2085//975 2086//976 2134//1024
f 2085//975 2134//1024 2133//1023
f 2086//976 2087//977 2135//1025
f 2086//976 2135//1025 2134//1024
f 2087//977 2088//978 2136//1026
f 2087//977 2136//1026 2135//1025
f 2088//978 2089//979 2137//1027
f 2088//978 2137//1027 2136//1026
f 2089//979 2090//980 2138//1028
f 2089//979 2138//1028 2137//1027
f 2090//980 2091//981 2139//1029
f 2090//980 2139//1029 2138//1028
f 2091//981 2092//982 2140//1030
f 2091//981 2140//1030 2139//1029
f 2092//982 2093//983 2141//1031
f 2092//982 2141//1031 2140//1030
f 2093//983 2094//984 2142//1032
f 2093//983 2142//1032 2141//1031
f 2094//984 2095//985 2143//1033
f 2094//984 2143//1033 2142//1032
f 2095//985 2096//986 2144//1034
f 2095//985 2144//1034 2143//1033
f 2096//986 2097//987 2145//1035
f 2096//986 2145//1035 2144//1034
f 2097//987 2098//988 2146//1036
f 2097//987 2146//1036 2145//1035
f 2098//988 2099//989 2147//1037
f 2098//988 2147//1037 2146//1036
f 2099//989 2100//990 2148//1038
f 2099//989 2148//1038 2147//1037
f 2100//990 2101//991 2149//1039
f 2100//990 2149//1039 2148//1038
f 2101//991 2102//992 2150//1040
f 2101//991 2150//1040 2149//1039
f 2102//992 2103//993 2151//1041
f 2102//992 2151//1041 2150//1040
f 2103//993 2104//994 2152//1042
f 2103//993 2152//1042 2151//1041
f 2104//994 2105//995 2153//1043
f 2104//994 2153//1043 2152//1042
f 2105//995 2106//996 2154//1044
f 2105//995 2154//1044 2153//1043
f 2106//996 2107//997 2155//1045
f 2106//996 2155//1045 2154//1044
f 2107//997 2108//998 2156//1046
f 2107//997 2156//1046 2155//1045
f 2108//998 2109//999 2157//1047
f 2108//998 2157//1047 2156//1046
f 2109//999 2110//1000 2158//1048
f 2109//999 2158//1048 2157//1047
f 2110//1000 2111//1001 2159//1049
f 2110//1000 2159//1049 2158//1048
f 2111//1001 2112//1002 2160//1050
f 2111//1001 2160//1050 2159//1049
f 2112//1002 2113//1003 2161//1051
f 2112//1002 2161//1051 2160//1050
f 2113//1003 2114//1004 2162//1052
f 2113//1003 2162//1052 2161//1051
f 2114//1004 2115//1005 2163//1053
f 2114//1004 2163//1053 2162//1052
f 2115//1005 2116//1006 2164//1054
f 2115//1005 2164//1054 2163//1053
f 2116//1006 2117//1007 2165//1055
f 2116//1006 2165//1055 2164//1054
f 2117//1007 2118//1008 2166//1056
f 2117//1007 2166//1056 2165//1055
f 2118//1008 2119//1009 2167//1057
f 2118//1008 2167//1057 2166//1056
f 2119//1009 2073//963 2121//1011
f 2119//1009 2121//1011 2167//1057
f 2121//1011 2120//1010 2168//1058
f 2121//1011 2168//1058 2169//1059
f 2120//1010 2122//1012 2170//1060
f 2120//1010 2170//1060 2168//1058
f 2122//1012 2123//1013 2171//1061
f 2122//1012 2171//1061 2170//1060
f 2123//1013 2124//1014 2172//1062
f 2123//1013 2172//1062 2171//1061
f 2124//1014 2125//1015 2173//1063
f 2124//1014 2173//1063 2172//1062
f 2125//1015 2126//1016 2174//1064
f 2125//1015 2174//1064 2173//1063
f 2126//1016 2127//1017 2175//1065
f 2126//1016 2175//1065 2174//1064
f 2127//1017 2128//1018 2176//1066
f 2127//1017 2176//1066 2175//1065
f 2128//1018 2129//1019 2177//1067
f 2128//1018 2177//1067 2176//1066
f 2129//1019 2130//1020 2178//1068
f 2129//1019 2178//1068 2177//1067
f 2130//1020 2131//1021 2179//1069
f 2130//1020 2179//1069 2178//1068
f 2131//1021 2132//1022 2180//1070
f 2131//1021 2180//1070 2179//1069
f 2132//1022 2133//1023 2181//1071
f 2132//1022 2181//1071 2180//1070
f 2133//1023 2134//1024 2182//1072
f 2133//1023 2182//1072 2181//1071
f 2134//1024 2135//1025 2183//1073
f 2134//1024 2183//1073 2182//1072
f 2135//1025 2136//1026 2184//1074
f 2135//1025 2184//1074 2183//1073
f 2136//1026 2137//1027 2185//1075
f 2136//1026 2185//1075 2184//1074
f 2137//1027 2138//1028 2186//1076
f 2137//1027 2186//1076 2185//1075
f 2138//1028 2139//1029 2187//1077
f 2138//1028 2187//1077 2186//1076
f 2139//1029 2140//1030 2188//1078
f 2139//1029 2188//1078 2187//1077
f 2140//1030 2141//1031 2189//1079
f 2140//1030 2189//1079 2188//1078
f 2141//1031 2142//1032 2190//1080
f 2141//1031 2190//1080 2189//1079
f 2142//1032 2143//1033 2191//1081
f 2142//1032 2191//1081 2190//1080
f 2143//1033 2144//1034 2192//1082
f 2143//1033 2192//1082 2191//1081
f 2144//1034 2145//1035 2193//1083
f 2144//1034 2193//1083 2192//1082
f 2145//1035 2146//1036 2194//1084
f 2145//1035 2194//1084 2193//1083
f 2146//1036 2147//1037 2195//1085
f 2146//1036 2195//1085 2194//1084
f 2147//1037 2148//1038 2196//1086
f 2147//1037 2196//1086 2195//1085
f 2148//1038 2149//1039 2197//1087
f 2148//1038 2197//1087 2196//1086
f 2149//1039 2150//1040 2198//1088
f 2149//1039 2198//1088 2197//1087
f 2150//1040 2151//1041 2199//1089
f 2150//1040 2199//1089 2198//1088
f 2151//1041 2152//1042 2200//1090
f 2151//1041 2200//1090 2199//1089
f 2152//1042 2153//1043 2201//1091
f 2152//1042 2201//1091 2200//1090
f 2153//1043 2154//1044 2202//1092
f 2153//1043 2202//1092 2201//1091
f 2154//1044 2155//1045 2203//1093
f 2154//1044 2203//1093 2202//1092
f 2155//1045 2156//1046 2204//1094
f 2155//1045 2204//1094 2203//1093
f 2156//1046 2157//1047 2205//1095
f 2156//1046 2205//1095 2204//1094
f 2157//1047 2158//1048 2206//1096
f 2157//1047 2206//1096 2205//1095
f 2158//1048 2159//1049 2207//1097
f 2158//1048 2207//1097 2206//1096
f 2159//1049 2160//1050 2208//1098
f 2159//1049 2208//1098 2207//1097
f 2160//1050 2161//1051 2209//1099
f 2160//1050 2209//1099 2208//1098
f 2161//1051 2162//1052 2210//1100
f 2161//1051 2210//1100 2209//1099
f 2162//1052 2163//1053 2211//1101
f 2162//1052 2211//1101 2210//1100
f 2163//1053 2164//1054 2212//1102
f 2163//1053 2212//1102 2211//1101
f 2164//1054 2165//1055 2213//1103
f 2164//1054 2213//1103 2212//1102
f 2165//1055 2166//1056 2214//1104
f 2165//1055 2214//1104 2213//1103
f 2166//1056 2167//1057 2215//1105
f 2166//1056 2215//1105 2214//1104
f 2167//1057 2121//1011 2169//1059
f 2167//1057 2169//1059 2215//1105
f 2169//1059 2168//1058 2216//1106
f 2168//1058 2170//1060 2216//1106
f 2170//1060 2171//1061 2216//1106
f 2171//1061 2172//1062 2216//1106
f 2172//1062 2173//1063 2216//1106
f 2173//1063 2174//1064 2216//1106
f 2174//1064 2175//1065 2216//1106
f 2175//1065 2176//1066 2216//1106
f 2176//1066 2177//1067 2216//1106
f 2177//1067 2178//1068 2216//1106
f 2178//1068 2179//1069 2216//1106
f 2179//1069 2180//1070 2216//1106
f 2180//1070 2181//1071 2216//1106
f 2181//1071 2182//1072 2216//1106
f 2182//1072 2183//1073 2216//1106
f 2183//1073 2184//1074 2216//1106
f 2184//1074 2185//1075 2216//1106
f 2185//1075 2186//1076 2216//1106
f 2186//1076 2187//1077 2216//1106
f 2187//1077 2188//1078 2216//1106
f 2188//1078 2189//1079 2216//1106
f 2189//1079 2190//1080 2216//1106
f 2190//1080 2191//1081 2216//1106
f 2191//1081 2192//1082 2216//1106
f 2192//1082 2193//1083 2216//1106
f 2193//1083 2194//1084 2216//1106
f 2194//1084 2195//1085 2216//1106
f 2195//1085 2196//1086 2216//1106
f 2196//1086 2197//1087 2216//1106
f 2197//1087 2198//1088 2216//1106
f 2198//1088 2199//1089 2216//1106
f 2199//1089 2200//1090 2216//1106
f 2200//1090 2201//1091 2216//1106
f 2201//1091 2202//1092 2216//1106
f 2202//1092 2203//1093 2216//1106
f 2203//1093 2204//1094 2216//1106
f 2204//1094 2205//1095 2216//1106
f 2205//1095 2206//1096 2216//1106
f 2206//1096 2207//1097 2216//1106
f 2207//1097 2208//1098 2216//1106
f 2208//1098 2209//1099 2216//1106
f 2209//1099 2210//1100 2216//1106
f 2210//1100 2211//1101 2216//1106
f 2211//1101 2212//1102 2216//1106
f 2212//1102 2213//1103 2216//1106
f 2213//1103 2214//1104 2216//1106
f 2214//1104 2215//1105 2216//1106
f 2215//1105 2169//1059 2216//1106
usemtl crystal
f 2217//1 2218//2 2219//3
f 2217//1 2220//4 2218//2
f 2217//1 2221//5 2220//4
f 2217//1 2222//6 2221//5
f 2217//1 2223//7 2222//6
f 2217//1 2224//8 2223//7
f 2217//1 2225//9 2224//8
f 2217//1 2226//10 2225//9
f 2217//1 2227//11 2226//10
f 2217//1 2228//12 2227//11
f 2217//1 2229//13 2228//12
f 2217//1 2230//14 2229//13
f 2217//1 2231//15 2230//14
f 2217//1 2232//16 2231//15
f 2217//1 2233//17 2232//16
f 2217//1 2234//18 2233//17
f 2217//1 2235//19 2234//18
f 2217//1 2236//20 2235//19
f 2217//1 2237//21 2236//20
f 2217//1 2238//22 2237//21
f 2217//1 2239//23 2238//22
f 2217//1 2240//24 2239//23
f 2217//1 2241//25 2240//24
f 2217//1 2242//26 2241//25
f 2217//1 2243//27 2242//26
f 2217//1 2244//28 2243//27
f 2217//1 2245//29 2244//28
f 2217//1 2246//30 2245//29
f 2217//1 2247//31 2246//30
f 2217//1 2248//32 2247//31
f 2217//1 2249//33 2248//32
f 2217//1 2250//34 2249//33
f 2217//1 2251//35 2250//34
f 2217//1 2252//36 2251//35
f 2217//1 2253//37 2252//36
f 2217//1 2254//38 2253//37
f 2217//1 2255//39 2254//38
f 2217//1 2256//40 2255//39
f 2217//1 2257//41 2256//40
f 2217//1 2258//42 2257//41
f 2217//1 2259//43 2258//42
f 2217//1 2260//44 2259//43
f 2217//1 2261//45 2260//44
f 2217//1 2262//46 2261//45
f 2217//1 2263//47 2262//46
f 2217//1 2264//48 2263//47
f 2217//1 2265//49 2264//48
f 2217//1 2219//3 2265//49
f 2219//3 2218//2 2266//50
f 2219//3 2266//50 2267//51
f 2218//2 2220//4 2268//52
f 2218//2 2268//52 2266//50
f 2220//4 2221//5 2269//53
f 2220//4 2269//53 2268//52
f 2221//5 2222//6 2270//54
f 2221//5 2270//54 2269//53
f 2222//6 2223//7 2271//55
f 2222//6 2271//55 2270//54
f 2223//7 2224//8 2272//56
f 2223//7 2272//56 2271//55
f 2224//8 2225//9 2273//57
f 2224//8 2273//57 2272//56
f 2225//9 2226//10 2274//58
f 2225//9 2274//58 2273//57
f 2226//10 2227//11 2275//59
f 2226//10 2275//59 2274//58
f 2227//11 2228//12 2276//60
f 2227//11 2276//60 2275//59
f 2228//12 2229//13 2277//61
f 2228//12 2277//61 2276//60
f 2229//13 2230//14 2278//62
f 2229//13 2278//62 2277//61
f 2230//14 2231//15 2279//63
f 2230//14 2279//63 2278//62
f 2231//15 2232//16 2280//64
f 2231//15 2280//64 2279//63
f 2232//16 2233//17 2281//65
f 2232//16 2281//65 2280//64
f 2233//17 2234//18 2282//66
f 2233//17 2282//66 2281//65
f 2234//18 2235//19 2283//67
f 2234//18 2283//67 2282//66
f 2235//19 2236//20 2284//68
f 2235//19 2284//68 2283//67
f 2236//20 2237//21 2285//69
f 2236//20 2285//69 2284//68
f 2237//21 2238//22 2286//70
f 2237//21 2286//70 2285//69
f 2238//22 2239//23 2287//71
f 2238//22 2287//71 2286//70
f 2239//23 2240//24 2288//72
f 2239//23 2288//72 2287//71
f 2240//24 2241//25 2289//73
f 2240//24 2289//73 2288//72
f 2241//25 2242//26 2290//74
f 2241//25 2290//74 2289//73
f 2242//26 2243//27 2291//75
f 2242//26 2291//75 2290//74
f 2243//27 2244//28 2292//76
f 2243//27 2292//76 2291//75
f 2244//28 2245//29 2293//77
f 2244//28 2293//77 2292//76
f 2245//29 2246//30 2294//78
f 2245//29 2294//78 2293//77
f 2246//30 2247//31 2295//79
f 2246//30 2295//79 2294//78
f 2247//31 2248//32 2296//80
f 2247//31 2296//80 2295//79
f 2248//32 2249//33 2297//81
f 2248//32 2297//81 2296//80
f 2249//33 2250//34 2298//82
f 2249//33 2298//82 2297//81
f 2250//34 2251//35 2299//83
f 2250//34 2299//83 2298//82
f 2251//35 2252//36 2300//84
f 2251//35 2300//84 2299//83
f 2252//36 2253//37 2301//85
f 2252//36 2301//85 2300//84
f 2253//37 2254//38 2302//86
f 2253//37 2302//86 2301//85
f 2254//38 2255//39 2303//87
f 2254//38 2303//87 2302//86
f 2255//39 2256//40 2304//88
f 2255//39 2304//88 2303//87
f 2256//40 2257//41 2305//89
f 2256//40 2305//89 2304//88
f 2257//41 2258//42 2306//90
f 2257//41 2306//90 2305//89
f 2258//42 2259//43 2307//91
f 2258//42 2307//91 2306//90
f 2259//43 2260//44 2308//92
f 2259//43 2308//92 2307//91
f 2260//44 2261//45 2309//93
f 2260//44 2309//93 2308//92
f 2261//45 2262//46 2310//94
f 2261//45 2310//94 2309//93
f 2262//46 2263//47 2311//95
f 2262//46 2311//95 2310//94
f 2263//47 2264//48 2312//96
f 2263//47 2312//96 2311//95
f 2264//48 2265//49 2313//97
f 2264//48 2313//97 2312//96
f 2265//49 2219//3 2267//51
f 2265//49 2267//51 2313//97
f 2267//51 2266//50 2314//98
f 2267//51 2314//98 2315//99
f 2266//50 2268//52 2316//100
f 2266//50 2316//100 2314//98
f 2268//52 2269//53 2317//101
f 2268//52 2317//101 2316//100
f 2269//53 2270//54 2318//102
f 2269//53 2318//102 2317//101
f 2270//54 2271//55 2319//103
f 2270//54 2319//103 2318//102
f 2271//55 2272//56 2320//104
f 2271//55 2320//104 2319//103
f 2272//56 2273//57 2321//105
f 2272//56 2321//105 2320//104
f 2273//57 2274//58 2322//106
f 2273//57 2322//106 2321//105
f 2274//58 2275//59 2323//107
f 2274//58 2323//107 2322//106
f 2275//59 2276//60 2324//108
f 2275//59 2324//108 2323//107
f 2276//60 2277//61 2325//109
f 2276//60 2325//109 2324//108
f 2277//61 2278//62 2326//110
f 2277//61 2326//110 2325//109
f 2278//62 2279//63 2327//111
f 2278//62 2327//111 2326//110
f 2279//63 2280//64 2328//112
f 2279//63 2328//112 2327//111
f 2280//64 2281//65 2329//113
f 2280//64 2329//113 2328//112
f 2281//65 2282//66 2330//114
f 2281//65 2330//114 2329//113
f 2282//66 2283//67 2331//115
f 2282//66 2331//115 2330//114
f 2283//67 2284//68 2332//116
f 2283//67 2332//116 2331//115
f 2284//68 2285//69 2333//117
f 2284//68 2333//117 2332//116
f 2285//69 2286//70 2334//118
f 2285//69 2334//118 2333//117
f 2286//70 2287//71 2335//119
f 2286//70 2335//119 2334//118
f 2287//71 2288//72 2336//120
f 2287//71 2336//120 2335//119
f 2288//72 2289//73 2337//121
f 2288//72 2337//121 2336//120
f 2289//73 2290//74 2338//122
f 2289//73 2338//122 2337//121
f 2290//74 2291//75 2339//123
f 2290//74 2339//123 2338//122
f 2291//75 2292//76 2340//124
f 2291//75 2340//124 2339//123
f 2292//76 2293//77 2341//125
f 2292//76 2341//125 2340//124
f 2293//77 2294//78 2342//126
f 2293//77 2342//126 2341//125
f 2294//78 2295//79 2343//127
f 2294//78 2343//127 2342//126
f 2295//79 2296//80 2344//128
f 2295//79 2344//128 2343//127
f 2296//80 2297//81 2345//129
f 2296//80 2345//129 2344//128
f 2297//81 2298//82 2346//130
f 2297//81 2346//130 2345//129
f 2298//82 2299//83 2347//131
f 2298//82 2347//131 2346//130
f 2299//83 2300//84 2348//132
f 2299//83 2348//132 2347//131
f 2300//84 2301//85 2349//133
f 2300//84 2349//133 2348//132
f 2301//85 2302//86 2350//134
f 2301//85 2350//134 2349//133
f 2302//86 2303//87 2351//135
f 2302//86 2351//135 2350//134
f 2303//87 2304//88 2352//136
f 2303//87 2352//136 2351//135
f 2304//88 2305//89 2353//137
f 2304//88 2353//137 2352//136
f 2305//89 2306//90 2354//138
f 2305//89 2354//138 2353//137
f 2306//90 2307//91 2355//139
f 2306//90 2355//139 2354//138
f 2307//91 2308//92 2356//140
f 2307//91 2356//140 2355//139
f 2308//92 2309//93 2357//141
f 2308//92 2357//141 2356//140
f 2309//93 2310//94 2358//142
f 2309//93 2358//142 2357//141
f 2310//94 2311//95 2359//143
f 2310//94 2359//143 2358//142
f 2311//95 2312//96 2360//144
f 2311//95 2360//144 2359//143
f 2312//96 2313//97 2361//145
f 2312//96 2361//145 2360//144
f 2313//97 2267//51 2315//99
f 2313//97 2315//99 2361//145
f 2315//99 2314//98 2362//146
f 2315//99 2362//146 2363//147
f 2314//98 2316//100 2364//148
f 2314//98 2364//148 2362//146
f 2316//100 2317//101 2365//149
f 2316//100 2365//149 2364//148
f 2317//101 2318//102 2366//150
f 2317//101 2366//150 2365//149
f 2318//102 2319//103 2367//151
f 2318//102 2367//151 2366//150
f 2319//103 2320//104 2368//152
f 2319//103 2368//152 2367//151
f 2320//104 2321//105 2369//153
f 2320//104 2369//153 2368//152
f 2321//105 2322//106 2370//154
f 2321//105 2370//154 2369//153
f 2322//106 2323//107 2371//155
f 2322//106 2371//155 2370//154
f 2323//107 2324//108 2372//156
f 2323//107 2372//156 2371//155
f 2324//108 2325//109 2373//157
f 2324//108 2373//157 2372//156
f 2325//109 2326//110 2374//158
f 2325//109 2374//158 2373//157
f 2326//110 2327//111 2375//159
f 2326//110 2375//159 2374//158
f 2327//111 2328//112 2376//160
f 2327//111 2376//160 2375//159
f 2328//112 2329//113 2377//161
f 2328//112 2377//161 2376//160
f 2329//113 2330//114 2378//162
f 2329//113 2378//162 2377//161
f 2330//114 2331//115 2379//163
f 2330//114 2379//163 2378//162
f 2331//115 2332//116 2380//164
f 2331//115 2380//164 2379//163
f 2332//116 2333//117 2381//165
f 2332//116 2381//165 2380//164
f 2333//117 2334//118 2382//166
f 2333//117 2382//166 2381//165
f 2334//118 2335//119 2383//167
f 2334//118 2383//167 2382//166
f 2335//119 2336//120 2384//168
f 2335//119 2384//168 2383//167
f 2336//120 2337//121 2385//169
f 2336//120 2385//169 2384//168
f 2337//121 2338//122 2386//170
f 2337//121 2386//170 2385//169
f 2338//122 2339//123 2387//171
f 2338//122 2387//171 2386//170
f 2339//123 2340//124 2388//172
f 2339//123 2388//172 2387//171
f 2340//124 2341//125 2389//173
f 2340//124 2389//173 2388//172
f 2341//125 2342//126 2390//174
f 2341//125 2390//174 2389//173
f 2342//126 2343//127 2391//175
f 2342//126 2391//175 2390//174
f 2343//127 2344//128 2392//176
f 2343//127 2392//176 2391//175
f 2344//128 2345//129 2393//177
f 2344//128 2393//177 2392//176
f 2345//129 2346//130 2394//178
f 2345//129 2394//178 2393//177
f 2346//130 2347//131 2395//179
f 2346//130 2395//179 2394//178
f 2347//131 2348//132 2396//180
f 2347//131 2396//180 2395//179
f 2348//132 2349//133 2397//181
f 2348//132 2397//181 2396//180
f 2349//133 2350//134 2398//182
f 2349//133 2398//182 2397//181
f 2350//134 2351//135 2399//183
f 2350//134 2399//183 2398//182
f 2351//135 2352//136 2400//184
f 2351//135 2400//184 2399//183
f 2352//136 2353//137 2401//185
f 2352//136 2401//185 2400//184
f 2353//137 2354//138 2402//186
f 2353//137 2402//186 2401//185
f 2354//138 2355//139 2403//187
f 2354//138 2403//187 2402//186
f 2355//139 2356//140 2404//188
f 2355//139 2404//188 2403//187
f 2356//140 2357//141 2405//189
f 2356//140 2405//189 2404//188
f 2357//141 2358//142 2406//190
f 2357//141 2406//190 2405//189
f 2358//142 2359//143 2407//191
f 2358//142 2407//191 2406//190
f 2359//143 2360//144 2408//192
f 2359//143 2408//192 2407//191
f 2360//144 2361//145 2409//193
f 2360//144 2409//193 2408//192
f 2361//145 2315//99 2363//147
f 2361//145 2363//147 2409//193
f 2363//147 2362//146 2410//194
f 2363//147 2410//194 2411//195
f 2362//146 2364//148 2412//196
f 2362//146 2412//196 2410//194
f 2364//148 2365//149 2413//197
f 2364//148 2413//197 2412//196
f 2365//149 2366//150 2414//198
f 2365//149 2414//198 2413//197
f 2366//150 2367//151 2415//199
f 2366//150 2415//199 2414//198
f 2367//151 2368//152 2416//200
f 2367//151 2416//200 2415//199
f 2368//152 2369//153 2417//201
f 2368//152 2417//201 2416//200
f 2369//153 2370//154 2418//202
f 2369//153 2418//202 2417//201
f 2370//154 2371//155 2419//203
f 2370//154 2419//203 2418//202
f 2371//155 2372//156 2420//204
f 2371//155 2420//204 2419//203
f 2372//156 2373//157 2421//205
f 2372//156 2421//205 2420//204
f 2373//157 2374//158 2422//206
f 2373//157 2422//206 2421//205
f 2374//158 2375//159 2423//207
f 2374//158 2423//207 2422//206
f 2375//159 2376//160 2424//208
f 2375//159 2424//208 2423//207
f 2376//160 2377//161 2425//209
f 2376//160 2425//209 2424//208
f 2377//161 2378//162 2426//210
f 2377//161 2426//210 2425//209
f 2378//162 2379//163 2427//211
f 2378//162 2427//211 2426//210
f 2379//163 2380//164 2428//212
f 2379//163 2428//212 2427//211
f 2380//164 2381//165 2429//213
f 2380//164 2429//213 2428//212
f 2381//165 2382//166 2430//214
f 2381//165 2430//214 2429//213
f 2382//166 2383//167 2431//215
f 2382//166 2431//215 2430//214
f 2383//167 2384//168 2432//216
f 2383//167 2432//216 2431//215
f 2384//168 2385//169 2433//217
f 2384//168 2433//217 2432//216
f 2385//169 2386//170 2434//218
f 2385//169 2434//218 2433//217
f 2386//170 2387//171 2435//219
f 2386//170 2435//219 2434//218
f 2387//171 2388//172 2436//220
f 2387//171 2436//220 2435//219
f 2388//172 2389//173 2437//221
f 2388//172 2437//221 2436//220
f 2389//173 2390//174 2438//222
f 2389//173 2438//222 2437//221
f 2390//174 2391//175 2439//223
f 2390//174 2439//223 2438//222
f 2391//175 2392//176 2440//224
f 2391//175 2440//224 2439//223
f 2392//176 2393//177 2441//225
f 2392//176 2441//225 2440//224
f 2393//177 2394//178 2442//226
f 2393//177 2442//226 2441//225
f 2394//178 2395//179 2443//227
f 2394//178 2443//227 2442//226
f 2395//179 2396//180 2444//228
f 2395//179 2444//228 2443//227
f 2396//180 2397//181 2445//229
f 2396//180 2445//229 2444//228
f 2397//181 2398//182 2446//230
f 2397//181 2446//230 2445//229
f 2398//182 2399//183 2447//231
f 2398//182 2447//231 2446//230
f 2399//183 2400//184 2448//232
f 2399//183 2448//232 2447//231
f 2400//184 2401//185 2449//233
f 2400//184 2449//233 2448//232
f 2401//185 2402//186 2450//234
f 2401//185 2450//234 2449//233
f 2402//186 2403//187 2451//235
f 2402//186 2451//235 2450//234
f 2403//187 2404//188 2452//236
f 2403//187 2452//236 2451//235
f 2404//188 2405//189 2453//237
f 2404//188 2453//237 2452//236
f 2405//189 2406//190 2454//238
f 2405//189 2454//238 2453//237
f 2406//190 2407//191 2455//239
f 2406//190 2455//239 2454//238
f 2407//191 2408//192 2456//240
f 2407//191 2456//240 2455//239
f 2408//192 2409//193 2457//241
f 2408//192 2457//241 2456//240
f 2409//193 2363//147 2411//195
f 2409//193 2411//195 2457//241
f 2411//195 2410//194 2458//242
f 2411//195 2458//242 2459//243
f 2410//194 2412//196 2460//244
f 2410//194 2460//244 2458//242
f 2412//196 2413//197 2461//245
f 2412//196 2461//245 2460//244
f 2413//197 2414//198 2462//246
f 2413//197 2462//246 2461//245
f 2414//198 2415//199 2463//247
f 2414//198 2463//247 2462//246
f 2415//199 2416//200 2464//248
f 2415//199 2464//248 2463//247
f 2416//200 2417//201 2465//249
f 2416//200 2465//249 2464//248
f 2417//201 2418//202 2466//250
f 2417//201 2466//250 2465//249
f 2418//202 2419//203 2467//251
f 2418//202 2467//251 2466//250
f 2419//203 2420//204 2468//252
f 2419//203 2468//252 2467//251
f 2420//204 2421//205 2469//253
f 2420//204 2469//253 2468//252
f 2421//205 2422//206 2470//254
f 2421//205 2470//254 2469//253
f 2422//206 2423//207 2471//255
f 2422//206 2471//255 2470//254
f 2423//207 2424//208 2472//256
f 2423//207 2472//256 2471//255
f 2424//208 2425//209 2473//257
f 2424//208 2473//257 2472//256
f 2425//209 2426//210 2474//258
f 2425//209 2474//258 2473//257
f 2426//210 2427//211 2475//259
f 2426//210 2475//259 2474//258
f 2427//211 2428//212 2476//260
f 2427//211 2476//260 2475//259
f 2428//212 2429//213 2477//261
f 2428//212 2477//261 2476//260
f 2429//213 2430//214 2478//262
f 2429//213 2478//262 2477//261
f 2430//214 2431//215 2479//263
f 2430//214 2479//263 2478//262
f 2431//215 2432//216 2480//264
f 2431//215 2480//264 2479//263
f 2432//216 2433//217 2481//265
f 2432//216 2481//265 2480//264
f 2433//217 2434//218 2482//266
f 2433//217 2482//266 2481//265
f 2434//218 2435//219 2483//267
f 2434//218 2483//267 2482//266
f 2435//219 2436//220 2484//268
f 2435//219 2484//268 2483//267
f 2436//220 2437//221 2485//269
f 2436//220 2485//269 2484//268
f 2437//221 2438//222 2486//270
f 2437//221 2486//270 2485//269
f 2438//222 2439//223 2487//271
f 2438//222 2487//271 2486//270
f 2439//223 2440//224 2488//272
f 2439//223 2488//272 2487//271
f 2440//224 2441//225 2489//273
f 2440//224 2489//273 2488//272
f 2441//225 2442//226 2490//274
f 2441//225 2490//274 2489//273
f 2442//226 2443//227 2491//275
f 2442//226 2491//275 2490//274
f 2443//227 2444//228 2492//276
f 2443//227 2492//276 2491//275
f 2444//228 2445//229 2493//277
f 2444//228 2493//277 2492//276
f 2445//229 2446//230 2494//278
f 2445//229 2494//278 2493//277
f 2446//230 2447//231 2495//279
f 2446//230 2495//279 2494//278
f 2447//231 2448//232 2496//280
f 2447//231 2496//280 2495//279
f 2448//232 2449//233 2497//281
f 2448//232 2497//281 2496//280
f 2449//233 2450//234 2498//282
f 2449//233 2498//282 2497//281
f 2450//234 2451//235 2499//283
f 2450//234 2499//283 2498//282
f 2451//235 2452//236 2500//284
f 2451//235 2500//284 2499//283
f 2452//236 2453//237 2501//285
f 2452//236 2501//285 2500//284
f 2453//237 2454//238 2502//286
f 2453//237 2502//286 2501//285
f 2454//238 2455//239 2503//287
f 2454//238 2503//287 2502//286
f 2455//239 2456//240 2504//288
f 2455//239 2504//288 2503//287
f 2456//240 2457//241 2505//289
f 2456//240 2505//289 2504//288
f 2457//241 2411//195 2459//243
f 2457//241 2459//243 2505//289
f 2459//243 2458//242 2506//290
f 2459//243 2506//290 2507//291
f 2458//242 2460//244 2508//292
f 2458//242 2508//292 2506//290
f 2460//244 2461//245 2509//293
f 2460//244 2509//293 2508//292
f 2461//245 2462//246 2510//294
f 2461//245 2510//294 2509//293
f 2462//246 2463//247 2511//295
f 2462//246 2511//295 2510//294
f 2463//247 2464//248 2512//296
f 2463//247 2512//296 2511//295
f 2464//248 2465//249 2513//297
f 2464//248 2513//297 2512//296
f 2465//249 2466//250 2514//298
f 2465//249 2514//298 2513//297
f 2466//250 2467//251 2515//299
f 2466//250 2515//299 2514//298
f 2467//251 2468//252 2516//300
f 2467//251 2516//300 2515//299
f 2468//252 2469//253 2517//301
f 2468//252 2517//301 2516//300
f 2469//253 2470//254 2518//302
f 2469//253 2518//302 2517//301
f 2470//254 2471//255 2519//303
f 2470//254 2519//303 2518//302
f 2471//255 2472//256 2520//304
f 2471//255 2520//304 2519//303
f 2472//256 2473//257 2521//305
f 2472//256 2521//305 2520//304
f 2473//257 2474//258 2522//306
f 2473//257 2522//306 2521//305
f 2474//258 2475//259 2523//307
f 2474//258 2523//307 2522//306
f 2475//259 2476//260 2524//308
f 2475//259 2524//308 2523//307
f 2476//260 2477//261 2525//309
f 2476//260 2525//309 2524//308
f 2477//261 2478//262 2526//310
f 2477//261 2526//310 2525//309
f 2478//262 2479//263 2527//311
f 2478//262 2527//311 2526//310
f 2479//263 2480//264 2528//312
f 2479//263 2528//312 2527//311
f 2480//264 2481//265 2529//313
f 2480//264 2529//313 2528//312
f 2481//265 2482//266 2530//314
f 2481//265 2530//314 2529//313
f 2482//266 2483//267 2531//315
f 2482//266 2531//315 2530//314
f 2483//267 2484//268 2532//316
f 2483//267 2532//316 2531//315
f 2484//268 2485//269 2533//317
f 2484//268 2533//317 2532//316
f 2485//269 2486//270 2534//318
f 2485//269 2534//318 2533//317
f 2486//270 2487//271 2535//319
f 2486//270 2535//319 2534//318
f 2487//271 2488//272 2536//320
f 2487//271 2536//320 2535//319
f 2488//272 2489//273 2537//321
f 2488//272 2537//321 2536//320
f 2489//273 2490//274 2538//322
f 2489//273 2538//322 2537//321
f 2490//274 2491//275 2539//323
f 2490//274 2539//323 2538//322
f 2491//275 2492//276 2540//324
f 2491//275 2540//324 2539//323
f 2492//276 2493//277 2541//325
f 2492//276 2541//325 2540//324
f 2493//277 2494//278 2542//326
f 2493//277 2542//326 2541//325
f 2494//278 2495//279 2543//327
f 2494//278 2543//327 2542//326
f 2495//279 2496//280 2544//328
f 2495//279 2544//328 2543//327
f 2496//280 2497//281 2545//329
f 2496//280 2545//329 2544//328
f 2497//281 2498//282 2546//330
f 2497//281 2546//330 2545//329
f 2498//282 2499//283 2547//331
f 2498//282 2547//331 2546//330
f 2499//283 2500//284 2548//332
f 2499//283 2548//332 2547//331
f 2500//284 2501//285 2549//333
f 2500//284 2549//333 2548//332
f 2501//285 2502//286 2550//334
f 2501//285 2550//334 2549//333
f 2502//286 2503//287 2551//335
f 2502//286 2551//335 2550//334
f 2503//287 2504//288 2552//336
f 2503//287 2552//336 2551//335
f 2504//288 2505//289 2553//337
f 2504//288 2553//337 2552//336
f 2505//289 2459//243 2507//291
f 2505//289 2507//291 2553//337
f 2507//291 2506//290 2554//338
f 2507//291 2554//338 2555//339
f 2506//290 2508//292 2556//340
f 2506//290 2556//340 2554//338
f 2508//292 2509//293 2557//341
f 2508//292 2557//341 2556//340
f 2509//293 2510//294 2558//342
f 2509//293 2558//342 2557//341
f 2510//294 2511//295 2559//343
f 2510//294 2559//343 2558//342
f 2511//295 2512//296 2560//344
f 2511//295 2560//344 2559//343
f 2512//296 2513//297 2561//345
f 2512//296 2561//345 2560//344
f 2513//297 2514//298 2562//346
f 2513//297 2562//346 2561//345
f 2514//298 2515//299 2563//347
f 2514//298 2563//347 2562//346
f 2515//299 2516//300 2564//348
f 2515//299 2564//348 2563//347
f 2516//300 2517//301 2565//349
f 2516//300 2565//349 2564//348
f 2517//301 2518//302 2566//350
f 2517//301 2566//350 2565//349
f 2518//302 2519//303 2567//351
f 2518//302 2567//351 2566//350
f 2519//303 2520//304 2568//352
f 2519//303 2568//352 2567//351
f 2520//304 2521//305 2569//353
f 2520//304 2569//353 2568//352
f 2521//305 2522//306 2570//354
f 2521//305 2570//354 2569//353
f 2522//306 2523//307 2571//355
f 2522//306 2571//355 2570//354
f 2523//307 2524//308 2572//356
f 2523//307 2572//356 2571//355
f 2524//308 2525//309 2573//357
f 2524//308 2573//357 2572//356
f 2525//309 2526//310 2574//358
f 2525//309 2574//358 2573//357
f 2526//310 2527//311 2575//359
f 2526//310 2575//359 2574//358
f 2527//311 2528//312 2576//360
f 2527//311 2576//360 2575//359
f 2528//312 2529//313 2577//361
f 2528//312 2577//361 2576//360
f 2529//313 2530//314 2578//362
f 2529//313 2578//362 2577//361
f 2530//314 2531//315 2579//363
f 2530//314 2579//363 2578//362
f 2531//315 2532//316 2580//364
f 2531//315 2580//364 2579//363
f 2532//316 2533//317 2581//365
f 2532//316 2581//365 2580//364
f 2533//317 2534//318 2582//366
f 2533//317 2582//366 2581//365
f 2534//318 2535//319 2583//367
f 2534//318 2583//367 2582//366
f 2535//319 2536//320 2584//368
f 2535//319 2584//368 2583//367
f 2536//320 2537//321 2585//369
f 2536//320 2585//369 2584//368
f 2537//321 2538//322 2586//370
f 2537//321 2586//370 2585//369
f 2538//322 2539//323 2587//371
f 2538//322 2587//371 2586//370
f 2539//323 2540//324 2588//372
f 2539//323 2588//372 2587//371
f 2540//324 2541//325 2589//373
f 2540//324 2589//373 2588//372
f 2541//325 2542//326 2590//374
f 2541//325 2590//374 2589//373
f 2542//326 2543//327 2591//375
f 2542//326 2591//375 2590//374
f 2543//327 2544//328 2592//376
f 2543//327 2592//376 2591//375
f 2544//328 2545//329 2593//377
f 2544//328 2593//377 2592//376
f 2545//329 2546//330 2594//378
f 2545//329 2594//378 2593//377
f 2546//330 2547//331 2595//379
f 2546//330 2595//379 2594//378
f 2547//331 2548//332 2596//380
f 2547//331 2596//380 2595//379
f 2548//332 2549//333 2597//381
f 2548//332 2597//381 2596//380
f 2549//333 2550//334 2598//382
f 2549//333 2598//382 2597//381
f 2550//334 2551//335 2599//383
f 2550//334 2599//383 2598//382
f 2551//335 2552//336 2600//384
f 2551//335 2600//384 2599//383
f 2552//336 2553//337 2601//385
f 2552//336 2601//385 2600//384
f 2553//337 2507//291 2555//339
f 2553//337 2555//339 2601//385
f 2555//339 2554//338 2602//386
f 2555//339 2602//386 2603//387
f 2554//338 2556//340 2604//388
f 2554//338 2604//388 2602//386
f 2556//340 2557//341 2605//389
f 2556//340 2605//389 2604//388
f 2557//341 2558//342 2606//390
f 2557//341 2606//390 2605//389
f 2558//342 2559//343 2607//391
f 2558//342 2607//391 2606//390
f 2559//343 2560//344 2608//392
f 2559//343 2608//392 2607//391
f 2560//344 2561//345 2609//393
f 2560//344 2609//393 2608//392
f 2561//345 2562//346 2610//394
f 2561//345 2610//394 2609//393
f 2562//346 2563//347 2611//395
f 2562//346 2611//395 2610//394
f 2563//347 2564//348 2612//396
f 2563//347 2612//396 2611//395
f 2564//348 2565//349 2613//397
f 2564//348 2613//397 2612//396
f 2565//349 2566//350 2614//398
f 2565//349 2614//398 2613//397
f 2566//350 2567//351 2615//399
f 2566//350 2615//399 2614//398
f 2567//351 2568//352 2616//400
f 2567//351 2616//400 2615//399
f 2568//352 2569//353 2617//401
f 2568//352 2617//401 2616//400
f 2569//353 2570//354 2618//402
f 2569//353 2618//402 2617//401
f 2570//354 2571//355 2619//403
f 2570//354 2619//403 2618//402
f 2571//355 2572//356 2620//404
f 2571//355 2620//404 2619//403
f 2572//356 2573//357 2621//405
f 2572//356 2621//405 2620//404
f 2573//357 2574//358 2622//406
f 2573//357 2622//406 2621//405
f 2574//358 2575//359 2623//407
f 2574//358 2623//407 2622//406
f 2575//359 2576//360 2624//408
f 2575//359 2624//408 2623//407
f 2576//360 2577//361 2625//409
f 2576//360 2625//409 2624//408
f 2577//361 2578//362 2626//410
f 2577//361 2626//410 2625//409
f 2578//362 2579//363 2627//411
f 2578//362 2627//411 2626//410
f 2579//363 2580//364 2628//412
f 2579//363 2628//412 2627//411
f 2580//364 2581//365 2629//413
f 2580//364 2629//413 2628//412
f 2581//365 2582//366 2630//414
f 2581//365 2630//414 2629//413
f 2582//366 2583//367 2631//415
f 2582//366 2631//415 2630//414
f 2583//367 2584//368 2632//416
f 2583//367 2632//416 2631//415
f 2584//368 2585//369 2633//417
f 2584//368 2633//417 2632//416
f 2585//369 2586//370 2634//418
f 2585//369 2634//418 2633//417
f 2586//370 2587//371 2635//419
f 2586//370 2635//419 2634//418
f 2587//371 2588//372 2636//420
f 2587//371 2636//420 2635//419
f 2588//372 2589//373 2637//421
f 2588//372 2637//421 2636//420
f 2589//373 2590//374 2638//422
f 2589//373 2638//422 2637//421
f 2590//374 2591//375 2639//423
f 2590//374 2639//423 2638//422
f 2591//375 2592//376 2640//424
f 2591//375 2640//424 2639//423
f 2592//376 2593//377 2641//425
f 2592//376 2641//425 2640//424
f 2593//377 2594//378 2642//426
f 2593//377 2642//426 2641//425
f 2594//378 2595//379 2643//427
f 2594//378 2643//427 2642//426
f 2595//379 2596//380 2644//428
f 2595//379 2644//428 2643//427
f 2596//380 2597//381 2645//429
f 2596//380 2645//429 2644//428
f 2597//381 2598//382 2646//430
f 2597//381 2646//430 2645//429
f 2598//382 2599//383 2647//431
f 2598//382 2647//431 2646//430
f 2599//383 2600//384 2648//432
f 2599//383 2648//432 2647//431
f 2600//384 2601//385 2649//433
f 2600//384 2649//433 2648//432
f 2601//385 2555//339 2603//387
f 2601//385 2603//387 2649//433
f 2603//387 2602//386 2650//434
f 2603//387 2650//434 2651//435
f 2602//386 2604//388 2652//436
f 2602//386 2652//436 2650//434
f 2604//388 2605//389 2653//437
f 2604//388 2653//437 2652//436
f 2605//389 2606//390 2654//438
f 2605//389 2654//438 2653//437
f 2606//390 2607//391 2655//439
f 2606//390 2655//439 2654//438
f 2607//391 2608//392 2656//440
f 2607//391 2656//440 2655//439
f 2608//392 2609//393 2657//441
f 2608//392 2657//441 2656//440
f 2609//393 2610//394 2658//442
f 2609//393 2658//442 2657//441
f 2610//394 2611//395 2659//443
f 2610//394 2659//443 2658//442
f 2611//395 2612//396 2660//444
f 2611//395 2660//444 2659//443
f 2612//396 2613//397 2661//445
f 2612//396 2661//445 2660//444
f 2613//397 2614//398 2662//446
f 2613//397 2662//446 2661//445
f 2614//398 2615//399 2663//447
f 2614//398 2663//447 2662//446
f 2615//399 2616//400 2664//448
f 2615//399 2664//448 2663//447
f 2616//400 2617//401 2665//449
f 2616//400 2665//449 2664//448
f 2617//401 2618//402 2666//450
f 2617//401 2666//450 2665//449
f 2618//402 2619//403 2667//451
f 2618//402 2667//451 2666//450
f 2619//403 2620//404 2668//452
f 2619//403 2668//452 2667//451
f 2620//404 2621//405 2669//453
f 2620//404 2669//453 2668//452
f 2621//405 2622//406 2670//454
f 2621//405 2670//454 2669//453
f 2622//406 2623//407 2671//455
f 2622//406 2671//455 2670//454
f 2623//407 2624//408 2672//456
f 2623//407 2672//456 2671//455
f 2624//408 2625//409 2673//457
f 2624//408 2673//457 2672//456
f 2625//409 2626//410 2674//458
f 2625//409 2674//458 2673//457
f 2626//410 2627//411 2675//459
f 2626//410 2675//459 2674//458
f 2627//411 2628//412 2676//460
f 2627//411 2676//460 2675//459
f 2628//412 2629//413 2677//461
f 2628//412 2677//461 2676//460
f 2629//413 2630//414 2678//462
f 2629//413 2678//462 2677//461
f 2630//414 2631//415 2679//463
f 2630//414 2679//463 2678//462
f 2631//415 2632//416 2680//464
f 2631//415 2680//464 2679//463
f 2632//416 2633//417 2681//465
f 2632//416 2681//465 2680//464
f 2633//417 2634//418 2682//466
f 2633//417 2682//466 2681//465
f 2634//418 2635//419 2683//467
f 2634//418 2683//467 2682//466
f 2635//419 2636//420 2684//468
f 2635//419 2684//468 2683//467
f 2636//420 2637//421 2685//469
f 2636//420 2685//469 2684//468
f 2637//421 2638//422 2686//470
f 2637//421 2686//470 2685//469
f 2638//422 2639//423 2687//471
f 2638//422 2687//471 2686//470
f 2639//423 2640//424 2688//472
f 2639//423 2688//472 2687//471
f 2640//424 2641//425 2689//473
f 2640//424 2689//473 2688//472
f 2641//425 2642//426 2690//474
f 2641//425 2690//474 2689//473
f 2642//426 2643//427 2691//475
f 2642//426 2691//475 2690//474
f 2643//427 2644//428 2692//476
f 2643//427 2692//476 2691//475
f 2644//428 2645//429 2693//477
f 2644//428 2693//477 2692//476
f 2645//429 2646//430 2694//478
f 2645//429 2694//478 2693//477
f 2646//430 2647//431 2695//479
f 2646//430 2695//479 2694//478
f 2647//431 2648//432 2696//480
f 2647//431 2696//480 2695//479
f 2648//432 2649//433 2697//481
f 2648//432 2697//481 2696//480
f 2649//433 2603//387 2651//435
f 2649//433 2651//435 2697//481
f 2651//435 2650//434 2698//482
f 2651//435 2698//482 2699//483
f 2650//434 2652//436 2700//484
f 2650//434 2700//484 2698//482
f 2652//436 2653//437 2701//485
f 2652//436 2701//485 2700//484
f 2653//437 2654//438 2702//486
f 2653//437 2702//486 2701//485
f 2654//438 2655//439 2703//487
f 2654//438 2703//487 2702//486
f 2655//439 2656//440 2704//488
f 2655//439 2704//488 2703//487
f 2656//440 2657//441 2705//489
f 2656//440 2705//489 2704//488
f 2657//441 2658//442 2706//490
f 2657//441 2706//490 2705//489
f 2658//442 2659//443 2707//491
f 2658//442 2707//491 2706//490
f 2659//443 2660//444 2708//492
f 2659//443 2708//492 2707//491
f 2660//444 2661//445 2709//493
f 2660//444 2709//493 2708//492
f 2661//445 2662//446 2710//494
f 2661//445 2710//494 2709//493
f 2662//446 2663//447 2711//495
f 2662//446 2711//495 2710//494
f 2663//447 2664//448 2712//496
f 2663//447 2712//496 2711//495
f 2664//448 2665//449 2713//497
f 2664//448 2713//497 2712//496
f 2665//449 2666//450 2714//498
f 2665//449 2714//498 2713//497
f 2666//450 2667//451 2715//499
f 2666//450 2715//499 2714//498
f 2667//451 2668//452 2716//500
f 2667//451 2716//500 2715//499
f 2668//452 2669//453 2717//501
f 2668//452 2717//501 2716//500
f 2669//453 2670//454 2718//502
f 2669//453 2718//502 2717//501
f 2670//454 2671//455 2719//503
f 2670//454 2719//503 2718//502
f 2671//455 2672//456 2720//504
f 2671//455 2720//504 2719//503
f 2672//456 2673//457 2721//505
f 2672//456 2721//505 2720//504
f 2673//457 2674//458 2722//506
f 2673//457 2722//506 2721//505
f 2674//458 2675//459 2723//507
f 2674//458 2723//507 2722//506
f 2675//459 2676//460 2724//508
f 2675//459 2724//508 2723//507
f 2676//460 2677//461 2725//509
f 2676//460 2725//509 2724//508
f 2677//461 2678//462 2726//510
f 2677//461 2726//510 2725//509
f 2678//462 2679//463 2727//511
f 2678//462 2727//511 2726//510
f 2679//463 2680//464 2728//512
f 2679//463 2728//512 2727//511
f 2680//464 2681//465 2729//513
f 2680//464 2729//513 2728//512
f 2681//465 2682//466 2730//514
f 2681//465 2730//514 2729//513
f 2682//466 2683//467 2731//515
f 2682//466 2731//515 2730//514
f 2683//467 2684//468 2732//516
f 2683//467 2732//516 2731//515
f 2684//468 2685//469 2733//517
f 2684//468 2733//517 2732//516
f 2685//469 2686//470 2734//518
f 2685//469 2734//518 2733//517
f 2686//470 2687//471 2735//519
f 2686//470 2735//519 2734//518
f 2687//471 2688//472 2736//520
f 2687//471 2736//520 2735//519
f 2688//472 2689//473 2737//521
f 2688//472 2737//521 2736//520
f 2689//473 2690//474 2738//522
f 2689//473 2738//522 2737//521
f 2690//474 2691//475 2739//523
f 2690//474 2739//523 2738//522
f 2691//475 2692//476 2740//524
f 2691//475 2740//524 2739//523
f 2692//476 2693//477 2741//525
f 2692//476 2741//525 2740//524
f 2693//477 2694//478 2742//526
f 2693//477 2742//526 2741//525
f 2694//478 2695//479 2743//527
f 2694//478 2743//527 2742//526
f 2695//479 2696//480 2744//528
f 2695//479 2744//528 2743//527
f 2696//480 2697//481 2745//529
f 2696//480 2745//529 2744//528
f 2697//481 2651//435 2699//483
f 2697//481 2699//483 2745//529
f 2699//483 2698//482 2746//530
f 2699//483 2746//530 2747//531
f 2698//482 2700//484 2748//532
f 2698//482 2748//532 2746//530
f 2700//484 2701//485 2749//533
f 2700//484 2749//533 2748//532
f 2701//485 2702//486 2750//534
f 2701//485 2750//534 2749//533
f 2702//486 2703//487 2751//535
f 2702//486 2751//535 2750//534
f 2703//487 2704//488 2752//536
f 2703//487 2752//536 2751//535
f 2704//488 2705//489 2753//537
f 2704//488 2753//537 2752//536
f 2705//489 2706//490 2754//538
f 2705//489 2754//538 2753//537
f 2706//490 2707//491 2755//539
f 2706//490 2755//539 2754//538
f 2707//491 2708//492 2756//540
f 2707//491 2756//540 2755//539
f 2708//492 2709//493 2757//541
f 2708//492 2757//541 2756//540
f 2709//493 2710//494 2758//542
f 2709//493 2758//542 2757//541
f 2710//494 2711//495 2759//543
f 2710//494 2759//543 2758//542
f 2711//495 2712//496 2760//544
f 2711//495 2760//544 2759//543
f 2712//496 2713//497 2761//545
f 2712//496 2761//545 2760//544
f 2713//497 2714//498 2762//546
f 2713//497 2762//546 2761//545
f 2714//498 2715//499 2763//547
f 2714//498 2763//547 2762//546
f 2715//499 2716//500 2764//548
f 2715//499 2764//548 2763//547
f 2716//500 2717//501 2765//549
f 2716//500 2765//549 2764//548
f 2717//501 2718//502 2766//550
f 2717//501 2766//550 2765//549
f 2718//502 2719//503 2767//551
f 2718//502 2767//551 2766//550
f 2719//503 2720//504 2768//552
f 2719//503 2768//552 2767//551
f 2720//504 2721//505 2769//553
f 2720//504 2769//553 2768//552
f 2721//505 2722//506 2770//554
f 2721//505 2770//554 2769//553
f 2722//506 2723//507 2771//555
f 2722//506 2771//555 2770//554
f 2723//507 2724//508 2772//556
f 2723//507 2772//556 2771//555
f 2724//508 2725//509 2773//557
f 2724//508 2773//557 2772//556
f 2725//509 2726//510 2774//558
f 2725//509 2774//558 2773//557
f 2726//510 2727//511 2775//559
f 2726//510 2775//559 2774//558
f 2727//511 2728//512 2776//560
f 2727//511 2776//560 2775//559
f 2728//512 2729//513 2777//561
f 2728//512 2777//561 2776//560
f 2729//513 2730//514 2778//562
f 2729//513 2778//562 2777//561
f 2730//514 2731//515 2779//563
f 2730//514 2779//563 2778//562
f 2731//515 2732//516 2780//564
f 2731//515 2780//564 2779//563
f 2732//516 2733//517 2781//565
f 2732//516 2781//565 2780//564
f 2733//517 2734//518 2782//566
f 2733//517 2782//566 2781//565
f 2734//518 2735//519 2783//567
f 2734//518 2783//567 2782//566
f 2735//519 2736//520 2784//568
f 2735//519 2784//568 2783//567
f 2736//520 2737//521 2785//569
f 2736//520 2785//569 2784//568
f 2737//521 2738//522 2786//570
f 2737//521 2786//570 2785//569
f 2738//522 2739//523 2787//571
f 2738//522 2787//571 2786//570
f 2739//523 2740//524 2788//572
f 2739//523 2788//572 2787//571
f 2740//524 2741//525 2789//573
f 2740//524 2789//573 2788//572
f 2741//525 2742//526 2790//574
f 2741//525 2790//574 2789//573
f 2742//526 2743//527 2791//575
f 2742//526 2791//575 2790//574
f 2743//527 2744//528 2792//576
f 2743//527 2792//576 2791//575
f 2744//528 2745//529 2793//577
f 2744//528 2793//577 2792//576
f 2745//529 2699//483 2747//531
f 2745//529 2747//531 2793//577
f 2747//531 2746//530 2794//578
f 2747//531 2794//578 2795//579
f 2746//530 2748//532 2796//580
f 2746//530 2796//580 2794//578
f 2748//532 2749//533 2797//581
f 2748//532 2797//581 2796//580
f 2749//533 2750//534 2798//582
f 2749//533 2798//582 2797//581
f 2750//534 2751//535 2799//583
f 2750//534 2799//583 2798//582
f 2751//535 2752//536 2800//584
f 2751//535 2800//584 2799//583
f 2752//536 2753//537 2801//585
f 2752//536 2801//585 2800//584
f 2753//537 2754//538 2802//586
f 2753//537 2802//586 2801//585
f 2754//538 2755//539 2803//587
f 2754//538 2803//587 2802//586
f 2755//539 2756//540 2804//588
f 2755//539 2804//588 2803//587
f 2756//540 2757//541 2805//589
f 2756//540 2805//589 2804//588
f 2757//541 2758//542 2806//590
f 2757//541 2806//590 2805//589
f 2758//542 2759//543 2807//591
f 2758//542 2807//591 2806//590
f 2759//543 2760//544 2808//592
f 2759//543 2808//592 2807//591
f 2760//544 2761//545 2809//593
f 2760//544 2809//593 2808//592
f 2761//545 2762//546 2810//594
f 2761//545 2810//594 2809//593
f 2762//546 2763//547 2811//595
f 2762//546 2811//595 2810//594
f 2763//547 2764//548 2812//596
f 2763//547 2812//596 2811//595
f 2764//548 2765//549 2813//597
f 2764//548 2813//597 2812//596
f 2765//549 2766//550 2814//598
f 2765//549 2814//598 2813//597
f 2766//550 2767//551 2815//599
f 2766//550 2815//599 2814//598
f 2767//551 2768//552 2816//600
f 2767//551 2816//600 2815//599
f 2768//552 2769//553 2817//601
f 2768//552 2817//601 2816//600
f 2769//553 2770//554 2818//602
f 2769//553 2818//602 2817//601
f 2770//554 2771//555 2819//603
f 2770//554 2819//603 2818//602
f 2771//555 2772//556 2820//604
f 2771//555 2820//604 2819//603
f 2772//556 2773//557 2821//605
f 2772//556 2821//605 2820//604
f 2773//557 2774//558 2822//606
f 2773//557 2822//606 2821//605
f 2774//558 2775//559 2823//607
f 2774//558 2823//607 2822//606
f 2775//559 2776//560 2824//608
f 2775//559 2824//608 2823//607
f 2776//560 2777//561 2825//609
f 2776//560 2825//609 2824//608
f 2777//561 2778//562 2826//610
f 2777//561 2826//610 2825//609
f 2778//562 2779//563 2827//611
f 2778//562 2827//611 2826//610
f 2779//563 2780//564 2828//612
f 2779//563 2828//612 2827//611
f 2780//564 2781//565 2829//613
f 2780//564 2829//613 2828//612
f 2781//565 2782//566 2830//614
f 2781//565 2830//614 2829//613
f 2782//566 2783//567 2831//615
f 2782//566 2831//615 2830//614
f 2783//567 2784//568 2832//616
f 2783//567 2832//616 2831//615
f 2784//568 2785//569 2833//617
f 2784//568 2833//617 2832//616
f 2785//569 2786//570 2834//618
f 2785//569 2834//618 2833//617
f 2786//570 2787//571 2835//619
f 2786//570 2835//619 2834//618
f 2787//571 2788//572 2836//620
f 2787//571 2836//620 2835//619
f 2788//572 2789//573 2837//621
f 2788//572 2837//621 2836//620
f 2789//573 2790//574 2838//622
f 2789//573 2838//622 2837//621
f 2790//574 2791//575 2839//623
f 2790//574 2839//623 2838//622
f 2791//575 2792//576 2840//624
f 2791//575 2840//624 2839//623
f 2792//576 2793//577 2841//625
f 2792//576 2841//625 2840//624
f 2793//577 2747//531 2795//579
f 2793//577 2795//579 2841//625
f 2795//579 2794//578 2842//626
f 2795//579 2842//626 2843//627
f 2794//578 2796//580 2844//628
f 2794//578 2844//628 2842//626
f 2796//580 2797//581 2845//629
f 2796//580 2845//629 2844//628
f 2797//581 2798//582 2846//630
f 2797//581 2846//630 2845//629
f 2798//582 2799//583 2847//631
f 2798//582 2847//631 2846//630
f 2799//583 2800//584 2848//632
f 2799//583 2848//632 2847//631
f 2800//584 2801//585 2849//633
f 2800//584 2849//633 2848//632
f 2801//585 2802//586 2850//634
f 2801//585 2850//634 2849//633
f 2802//586 2803//587 2851//635
f 2802//586 2851//635 2850//634
f 2803//587 2804//588 2852//636
f 2803//587 2852//636 2851//635
f 2804//588 2805//589 2853//637
f 2804//588 2853//637 2852//636
f 2805//589 2806//590 2854//638
f 2805//589 2854//638 2853//637
f 2806//590 2807//591 2855//639
f 2806//590 2855//639 2854//638
f 2807//591 2808//592 2856//640
f 2807//591 2856//640 2855//639
f 2808//592 2809//593 2857//641
f 2808//592 2857//641 2856//640
f 2809//593 2810//594 2858//642
f 2809//593 2858//642 2857//641
f 2810//594 2811//595 2859//643
f 2810//594 2859//643 2858//642
f 2811//595 2812//596 2860//644
f 2811//595 2860//644 2859//643
f 2812//596 2813//597 2861//645
f 2812//596 2861//645 2860//644
f 2813//597 2814//598 2862//646
f 2813//597 2862//646 2861//645
f 2814//598 2815//599 2863//647
f 2814//598 2863//647 2862//646
f 2815//599 2816//600 2864//648
f 2815//599 2864//648 2863//647
f 2816//600 2817//601 2865//649
f 2816//600 2865//649 2864//648
f 2817//601 2818//602 2866//650
f 2817//601 2866//650 2865//649
f 2818//602 2819//603 2867//651
f 2818//602 2867//651 2866//650
f 2819//603 2820//604 2868//652
f 2819//603 2868//652 2867//651
f 2820//604 2821//605 2869//653
f 2820//604 2869//653 2868//652
f 2821//605 2822//606 2870//654
f 2821//605 2870//654 2869//653
f 2822//606 2823//607 2871//655
f 2822//606 2871//655 2870//654
f 2823//607 2824//608 2872//656
f 2823//607 2872//656 2871//655
f 2824//608 2825//609 2873//657
f 2824//608 2873//657 2872//656
f 2825//609 2826//610 2874//658
f 2825//609 2874//658 2873//657
f 2826//610 2827//611 2875//659
f 2826//610 2875//659 2874//658
f 2827//611 2828//612 2876//660
f 2827//611 2876//660 2875//659
f 2828//612 2829//613 2877//661
f 2828//612 2877//661 2876//660
f 2829//613 2830//614 2878//662
f 2829//613 2878//662 2877//661
f 2830//614 2831//615 2879//663
f 2830//614 2879//663 2878//662
f 2831//615 2832//616 2880//664
f 2831//615 2880//664 2879//663
f 2832//616 2833//617 2881//665
f 2832//616 2881//665 2880//664
f 2833//617 2834//618 2882//666
f 2833//617 2882//666 2881//665
f 2834//618 2835//619 2883//667
f 2834//618 2883//667 2882//666
f 2835//619 2836//620 2884//668
f 2835//619 2884//668 2883//667
f 2836//620 2837//621 2885//669
f 2836//620 2885//669 2884//668
f 2837//621 2838//622 2886//670
f 2837//621 2886//670 2885//669
f 2838//622 2839//623 2887//671
f 2838//622 2887//671 2886//670
f 2839//623 2840//624 2888//672
f 2839//623 2888//672 2887//671
f 2840//624 2841//625 2889//673
f 2840//624 2889//673 2888//672
f 2841//625 2795//579 2843//627
f 2841//625 2843//627 2889//673
f 2843//627 2842//626 2890//674
f 2843//627 2890//674 2891//675
f 2842//626 2844//628 2892//676
f 2842//626 2892//676 2890//674
f 2844//628 2845//629 2893//677
f 2844//628 2893//677 2892//676
f 2845//629 2846//630 2894//678
f 2845//629 2894//678 2893//677
f 2846//630 2847//631 2895//679
f 2846//630 2895//679 2894//678
f 2847//631 2848//632 2896//680
f 2847//631 2896//680 2895//679
f 2848//632 2849//633 2897//681
f 2848//632 2897//681 2896//680
f 2849//633 2850//634 2898//682
f 2849//633 2898//682 2897//681
f 2850//634 2851//635 2899//683
f 2850//634 2899//683 2898//682
f 2851//635 2852//636 2900//684
f 2851//635 2900//684 2899//683
f 2852//636 2853//637 2901//685
f 2852//636 2901//685 2900//684
f 2853//637 2854//638 2902//686
f 2853//637 2902//686 2901//685
f 2854//638 2855//639 2903//687
f 2854//638 2903//687 2902//686
f 2855//639 2856//640 2904//688
f 2855//639 2904//688 2903//687
f 2856//640 2857//641 2905//689
f 2856//640 2905//689 2904//688
f 2857//641 2858//642 2906//690
f 2857//641 2906//690 2905//689
f 2858//642 2859//643 2907//691
f 2858//642 2907//691 2906//690
f 2859//643 2860//644 2908//692
f 2859//643 2908//692 2907//691
f 2860//644 2861//645 2909//693
f 2860//644 2909//693 2908//692
f 2861//645 2862//646 2910//694
f 2861//645 2910//694 2909//693
f 2862//646 2863//647 2911//695
f 2862//646 2911//695 2910//694
f 2863//647 2864//648 2912//696
f 2863//647 2912//696 2911//695
f 2864//648 2865//649 2913//697
f 2864//648 2913//697 2912//696
f 2865//649 2866//650 2914//698
f 2865//649 2914//698 2913//697
f 2866//650 2867//651 2915//699
f 2866//650 2915//699 2914//698
f 2867//651 2868//652 2916//700
f 2867//651 2916//700 2915//699
f 2868//652 2869//653 2917//701
f 2868//652 2917//701 2916//700
f 2869//653 2870//654 2918//702
f 2869//653 2918//702 2917//701
f 2870//654 2871//655 2919//703
f 2870//654 2919//703 2918//702
f 2871//655 2872//656 2920//704
f 2871//655 2920//704 2919//703
f 2872//656 2873//657 2921//705
f 2872//656 2921//705 2920//704
f 2873//657 2874//658 2922//706
f 2873//657 2922//706 2921//705
f 2874//658 2875//659 2923//707
f 2874//658 2923//707 2922//706
f 2875//659 2876//660 2924//708
f 2875//659 2924//708 2923//707
f 2876//660 2877//661 2925//709
f 2876//660 2925//709 2924//708
f 2877//661 2878//662 2926//710
f 2877//661 2926//710 2925//709
f 2878//662 2879//663 2927//711
f 2878//662 2927//711 2926//710
f 2879//663 2880//664 2928//712
f 2879//663 2928//712 2927//711
f 2880//664 2881//665 2929//713
f 2880//664 2929//713 2928//712
f 2881//665 2882//666 2930//714
f 2881//665 2930//714 2929//713
f 2882//666 2883//667 2931//715
f 2882//666 2931//715 2930//714
f 2883//667 2884//668 2932//716
f 2883//667 2932//716 2931//715
f 2884//668 2885//669 2933//717
f 2884//668 2933//717 2932//716
f 2885//669 2886//670 2934//718
f 2885//669 2934//718 2933//717
f 2886//670 2887//671 2935//719
f 2886//670 2935//719 2934//718
f 2887//671 2888//672 2936//720
f 2887//671 2936//720 2935//719
f 2888//672 2889//673 2937//721
f 2888//672 2937//721 2936//720
f 2889//673 2843//627 2891//675
f 2889//673 2891//675 2937//721
f 2891//675 2890//674 2938//722
f 2891//675 2938//722 2939//723
f 2890//674 2892//676 2940//724
f 2890//674 2940//724 2938//722
f 2892//676 2893//677 2941//725
f 2892//676 2941//725 2940//724
f 2893//677 2894//678 2942//726
f 2893//677 2942//726 2941//725
f 2894//678 2895//679 2943//727
f 2894//678 2943//727 2942//726
f 2895//679 2896//680 2944//728
f 2895//679 2944//728 2943//727
f 2896//680 2897//681 2945//729
f 2896//680 2945//729 2944//728
f 2897//681 2898//682 2946//730
f 2897//681 2946//730 2945//729
f 2898//682 2899//683 2947//731
f 2898//682 2947//731 2946//730
f 2899//683 2900//684 2948//732
f 2899//683 2948//732 2947//731
f 2900//684 2901//685 2949//733
f 2900//684 2949//733 2948//732
f 2901//685 2902//686 2950//734
f 2901//685 2950//734 2949//733
f 2902//686 2903//687 2951//735
f 2902//686 2951//735 2950//734
f 2903//687 2904//688 2952//736
f 2903//687 2952//736 2951//735
f 2904//688 2905//689 2953//737
f 2904//688 2953//737 2952//736
f 2905//689 2906//690 2954//738
f 2905//689 2954//738 2953//737
f 2906//690 2907//691 2955//739
f 2906//690 2955//739 2954//738
f 2907//691 2908//692 2956//740
f 2907//691 2956//740 2955//739
f 2908//692 2909//693 2957//741
f 2908//692 2957//741 2956//740
f 2909//693 2910//694 2958//742
f 2909//693 2958//742 2957//741
f 2910//694 2911//695 2959//743
f 2910//694 2959//743 2958//742
f 2911//695 2912//696 2960//744
f 2911//695 2960//744 2959//743
f 2912//696 2913//697 2961//745
f 2912//696 2961//745 2960//744
f 2913//697 2914//698 2962//746
f 2913//697 2962//746 2961//745
f 2914//698 2915//699 2963//747
f 2914//698 2963//747 2962//746
f 2915//699 2916//700 2964//748
f 2915//699 2964//748 2963//747
f 2916//700 2917//701 2965//749
f 2916//700 2965//749 2964//748
f 2917//701 2918//702 2966//750
f 2917//701 2966//750 2965//749
f 2918//702 2919//703 2967//751
f 2918//702 2967//751 2966//750
f 2919//703 2920//704 2968//752
f 2919//703 2968//752 2967//751
f 2920//704 2921//705 2969//753
f 2920//704 2969//753 2968//752
f 2921//705 2922//706 2970//754
f 2921//705 2970//754 2969//753
f 2922//706 2923//707 2971//755
f 2922//706 2971//755 2970//754
f 2923//707 2924//708 2972//756
f 2923//707 2972//756 2971//755
f 2924//708 2925//709 2973//757
f 2924//708 2973//757 2972//756
f 2925//709 2926//710 2974//758
f 2925//709 2974//758 2973//757
f 2926//710 2927//711 2975//759
f 2926//710 2975//759 2974//758
f 2927//711 2928//712 2976//760
f 2927//711 2976//760 2975//759
f 2928//712 2929//713 2977//761
f 2928//712 2977//761 2976//760
f 2929//713 2930//714 2978//762
f 2929//713 2978//762 2977//761
f 2930//714 2931//715 2979//763
f 2930//714 2979//763 2978//762
f 2931//715 2932//716 2980//764
f 2931//715 2980//764 2979//763
f 2932//716 2933//717 2981//765
f 2932//716 2981//765 2980//764
f 2933//717 2934//718 2982//766
f 2933//717 2982//766 2981//765
f 2934//718 2935//719 2983//767
f 2934//718 2983//767 2982//766
f 2935//719 2936//720 2984//768
f 2935//719 2984//768 2983//767
f 2936//720 2937//721 2985//769
f 2936//720 2985//769 2984//768
f 2937//721 2891//675 2939//723
f 2937//721 2939//723 2985//769
f 2939//723 2938//722 2986//770
f 2939//723 2986//770 2987//771
f 2938//722 2940//724 2988//772
f 2938//722 2988//772 2986//770
f 2940//724 2941//725 2989//773
f 2940//724 2989//773 2988//772
f 2941//725 2942//726 2990//774
f 2941//725 2990//774 2989//773
f 2942//726 2943//727 2991//775
f 2942//726 2991//775 2990//774
f 2943//727 2944//728 2992//776
f 2943//727 2992//776 2991//775
f 2944//728 2945//729 2993//777
f 2944//728 2993//777 2992//776
f 2945//729 2946//730 2994//778
f 2945//729 2994//778 2993//777
f 2946//730 2947//731 2995//779
f 2946//730 2995//779 2994//778
f 2947//731 2948//732 2996//780
f 2947//731 2996//780 2995//779
f 2948//732 2949//733 2997//781
f 2948//732 2997//781 2996//780
f 2949//733 2950//734 2998//782
f 2949//733 2998//782 2997//781
f 2950//734 2951//735 2999//783
f 2950//734 2999//783 2998//782
f 2951//735 2952//736 3000//784
f 2951//735 3000//784 2999//783
f 2952//736 2953//737 3001//785
f 2952//736 3001//785 3000//784
f 2953//737 2954//738 3002//786
f 2953//737 3002//786 3001//785
f 2954//738 2955//739 3003//787
f 2954//738 3003//787 3002//786
f 2955//739 2956//740 3004//788
f 2955//739 3004//788 3003//787
f 2956//740 2957//741 3005//789
f 2956//740 3005//789 3004//788
f 2957//741 2958//742 3006//790
f 2957//741 3006//790 3005//789
f 2958//742 2959//743 3007//791
f 2958//742 3007//791 3006//790
f 2959//743 2960//744 3008//792
f 2959//743 3008//792 3007//791
f 2960//744 2961//745 3009//793
f 2960//744 3009//793 3008//792
f 2961//745 2962//746 3010//794
f 2961//745 3010//794 3009//793
f 2962//746 2963//747 3011//795
f 2962//746 3011//795 3010//794
f 2963//747 2964//748 3012//796
f 2963//747 3012//796 3011//795
f 2964//748 2965//749 3013//797
f 2964//748 3013//797 3012//796
f 2965//749 2966//750 3014//798
f 2965//749 3014//798 3013//797
f 2966//750 2967//751 3015//799
f 2966//750 3015//799 3014//798
f 2967//751 2968//752 3016//800
f 2967//751 3016//800 3015//799
f 2968//752 2969//753 3017//801
f 2968//752 3017//801 3016//800
f 2969//753 2970//754 3018//802
f 2969//753 3018//802 3017//801
f 2970//754 2971//755 3019//803
f 2970//754 3019//803 3018//802
f 2971//755 2972//756 3020//804
f 2971//755 3020//804 3019//803
f 2972//756 2973//757 3021//805
f 2972//756 3021//805 3020//804
f 2973//757 2974//758 3022//806
f 2973//757 3022//806 3021//805
f 2974//758 2975//759 3023//807
f 2974//758 3023//807 3022//806
f 2975//759 2976//760 3024//808
f 2975//759 3024//808 3023//807
f 2976//760 2977//761 3025//809
f 2976//760 3025//809 3024//808
f 2977//761 2978//762 3026//810
f 2977//761 3026//810 3025//809
f 2978//762 2979//763 3027//811
f 2978//762 3027//811 3026//810
f 2979//763 2980//764 3028//812
f 2979//763 3028//812 3027//811
f 2980//764 2981//765 3029//813
f 2980//764 3029//813 3028//812
f 2981//765 2982//766 3030//814
f 2981//765 3030//814 3029//813
f 2982//766 2983//767 3031//815
f 2982//766 3031//815 3030//814
f 2983//767 2984//768 3032//816
f 2983//767 3032//816 3031//815
f 2984//768 2985//769 3033//817
f 2984//768 3033//817 3032//816
f 2985//769 2939//723 2987//771
f 2985//769 2987//771 3033//817
f 2987//771 2986//770 3034//818
f 2987//771 3034//818 3035//819
f 2986//770 2988//772 3036//820
f 2986//770 3036//820 3034//818
f 2988//772 2989//773 3037//821
f 2988//772 3037//821 3036//820
f 2989//773 2990//774 3038//822
f 2989//773 3038//822 3037//821
f 2990//774 2991//775 3039//823
f 2990//774 3039//823 3038//822
f 2991//775 2992//776 3040//824
f 2991//775 3040//824 3039//823
f 2992//776 2993//777 3041//825
f 2992//776 3041//825 3040//824
f 2993//777 2994//778 3042//826
f 2993//777 3042//826 3041//825
f 2994//778 2995//779 3043//827
f 2994//778 3043//827 3042//826
f 2995//779 2996//780 3044//828
f 2995//779 3044//828 3043//827
f 2996//780 2997//781 3045//829
f 2996//780 3045//829 3044//828
f 2997//781 2998//782 3046//830
f 2997//781 3046//830 3045//829
f 2998//782 2999//783 3047//831
f 2998//782 3047//831 3046//830
f 2999//783 3000//784 3048//832
f 2999//783 3048//832 3047//831
f 3000//784 3001//785 3049//833
f 3000//784 3049//833 3048//832
f 3001//785 3002//786 3050//834
f 3001//785 3050//834 3049//833
f 3002//786 3003//787 3051//835
f 3002//786 3051//835 3050//834
f 3003//787 3004//788 3052//836
f 3003//787 3052//836 3051//835
f 3004//788 3005//789 3053//837
f 3004//788 3053//837 3052//836
f 3005//789 3006//790 3054//838
f 3005//789 3054//838 3053//837
f 3006//790 3007//791 3055//839
f 3006//790 3055//839 3054//838
f 3007//791 3008//792 3056//840
f 3007//791 3056//840 3055//839
f 3008//792 3009//793 3057//841
f 3008//792 3057//841 3056//840
f 3009//793 3010//794 3058//842
f 3009//793 3058//842 3057//841
f 3010//794 3011//795 3059//843
f 3010//794 3059//843 3058//842
f 3011//795 3012//796 3060//844
f 3011//795 3060//844 3059//843
f 3012//796 3013//797 3061//845
f 3012//796 3061//845 3060//844
f 3013//797 3014//798 3062//846
f 3013//797 3062//846 3061//845
f 3014//798 3015//799 3063//847
f 3014//798 3063//847 3062//846
f 3015//799 3016//800 3064//848
f 3015//799 3064//848 3063//847
f 3016//800 3017//801 3065//849
f 3016//800 3065//849 3064//848
f 3017//801 3018//802 3066//850
f 3017//801 3066//850 3065//849
f 3018//802 3019//803 3067//851
f 3018//802 3067//851 3066//850
f 3019//803 3020//804 3068//852
f 3019//803 3068//852 3067//851
f 3020//804 3021//805 3069//853
f 3020//804 3069//853 3068//852
f 3021//805 3022//806 3070//854
f 3021//805 3070//854 3069//853
f 3022//806 3023//807 3071//855
f 3022//806 3071//855 3070//854
f 3023//807 3024//808 3072//856
f 3023//807 3072//856 3071//855
f 3024//808 3025//809 3073//857
f 3024//808 3073//857 3072//856
f 3025//809 3026//810 3074//858
f 3025//809 3074//858 3073//857
f 3026//810 3027//811 3075//859
f 3026//810 3075//859 3074//858
f 3027//811 3028//812 3076//860
f 3027//811 3076//860 3075//859
f 3028//812 3029//813 3077//861
f 3028//812 3077//861 3076//860
f 3029//813 3030//814 3078//862
f 3029//813 3078//862 3077//861
f 3030//814 3031//815 3079//863
f 3030//814 3079//863 3078//862
f 3031//815 3032//816 3080//864
f 3031//815 3080//864 3079//863
f 3032//816 3033//817 3081//865
f 3032//816 3081//865 3080//864
f 3033//817 2987//771 3035//819
f 3033//817 3035//819 3081//865
f 3035//819 3034//818 3082//866
f 3035//819 3082//866 3083//867
f 3034//818 3036//820 3084//868
f 3034//818 3084//868 3082//866
f 3036//820 3037//821 3085//869
f 3036//820 3085//869 3084//868
f 3037//821 3038//822 3086//870
f 3037//821 3086//870 3085//869
f 3038//822 3039//823 3087//871
f 3038//822 3087//871 3086//870
f 3039//823 3040//824 3088//872
f 3039//823 3088//872 3087//871
f 3040//824 3041//825 3089//873
f 3040//824 3089//873 3088//872
f 3041//825 3042//826 3090//874
f 3041//825 3090//874 3089//873
f 3042//826 3043//827 3091//875
f 3042//826 3091//875 3090//874
f 3043//827 3044//828 3092//876
f 3043//827 3092//876 3091//875
f 3044//828 3045//829 3093//877
f 3044//828 3093//877 3092//876
f 3045//829 3046//830 3094//878
f 3045//829 3094//878 3093//877
f 3046//830 3047//831 3095//879
f 3046//830 3095//879 3094//878
f 3047//831 3048//832 3096//880
f 3047//831 3096//880 3095//879
f 3048//832 3049//833 3097//881
f 3048//832 3097//881 3096//880
f 3049//833 3050//834 3098//882
f 3049//833 3098//882 3097//881
f 3050//834 3051//835 3099//883
f 3050//834 3099//883 3098//882
f 3051//835 3052//836 3100//884
f 3051//835 3100//884 3099//883
f 3052//836 3053//837 3101//885
f 3052//836 3101//885 3100//884
f 3053//837 3054//838 3102//886
f 3053//837 3102//886 3101//885
f 3054//838 3055//839 3103//887
f 3054//838 3103//887 3102//886
f 3055//839 3056//840 3104//888
f 3055//839 3104//888 3103//887
f 3056//840 3057//841 3105//889
f 3056//840 3105//889 3104//888
f 3057//841 3058//842 3106//890
f 3057//841 3106//890 3105//889
f 3058//842 3059//843 3107//891
f 3058//842 3107//891 3106//890
f 3059//843 3060//844 3108//892
f 3059//843 3108//892 3107//891
f 3060//844 3061//845 3109//893
f 3060//844 3109//893 3108//892
f 3061//845 3062//846 3110//894
f 3061//845 3110//894 3109//893
f 3062//846 3063//847 3111//895
f 3062//846 3111//895 3110//894
f 3063//847 3064//848 3112//896
f 3063//847 3112//896 3111//895
f 3064//848 3065//849 3113//897
f 3064//848 3113//897 3112//896
f 3065//849 3066//850 3114//898
f 3065//849 3114//898 3113//897
f 3066//850 3067//851 3115//899
f 3066//850 3115//899 3114//898
f 3067//851 3068//852 3116//900
f 3067//851 3116//900 3115//899
f 3068//852 3069//853 3117//901
f 3068//852 3117//901 3116//900
f 3069//853 3070//854 3118//902
f 3069//853 3118//902 3117//901
f 3070//854 3071//855 3119//903
f 3070//854 3119//903 3118//902
f 3071//855 3072//856 3120//904
f 3071//855 3120//904 3119//903
f 3072//856 3073//857 3121//905
f 3072//856 3121//905 3120//904
f 3073//857 3074//858 3122//906
f 3073//857 3122//906 3121//905
f 3074//858 3075//859 3123//907
f 3074//858 3123//907 3122//906
f 3075//859 3076//860 3124//908
f 3075//859 3124//908 3123//907
f 3076//860 3077//861 3125//909
f 3076//860 3125//909 3124//908
f 3077//861 3078//862 3126//910
f 3077//861 3126//910 3125//909
f 3078//862 3079//863 3127//911
f 3078//862 3127//911 3126//910
f 3079//863 3080//864 3128//912
f 3079//863 3128//912 3127//911
f 3080//864 3081//865 3129//913
f 3080//864 3129//913 3128//912
f 3081//865 3035//819 3083//867
f 3081//865 3083//867 3129//913
f 3083//867 3082//866 3130//914
f 3083//867 3130//914 3131//915
f 3082//866 3084//868 3132//916
f 3082//866 3132//916 3130//914
f 3084//868 3085//869 3133//917
f 3084//868 3133//917 3132//916
f 3085//869 3086//870 3134//918
f 3085//869 3134//918 3133//917
f 3086//870 3087//871 3135//919
f 3086//870 3135//919 3134//918
f 3087//871 3088//872 3136//920
f 3087//871 3136//920 3135//919
f 3088//872 3089//873 3137//921
f 3088//872 3137//921 3136//920
f 3089//873 3090//874 3138//922
f 3089//873 3138//922 3137//921
f 3090//874 3091//875 3139//923
f 3090//874 3139//923 3138//922
f 3091//875 3092//876 3140//924
f 3091//875 3140//924 3139//923
f 3092//876 3093//877 3141//925
f 3092//876 3141//925 3140//924
f 3093//877 3094//878 3142//926
f 3093//877 3142//926 3141//925
f 3094//878 3095//879 3143//927
f 3094//878 3143//927 3142//926
f 3095//879 3096//880 3144//928
f 3095//879 3144//928 3143//927
f 3096//880 3097//881 3145//929
f 3096//880 3145//929 3144//928
f 3097//881 3098//882 3146//930
f 3097//881 3146//930 3145//929
f 3098//882 3099//883 3147//931
f 3098//882 3147//931 3146//930
f 3099//883 3100//884 3148//932
f 3099//883 3148//932 3147//931
f 3100//884 3101//885 3149//933
f 3100//884 3149//933 3148//932
f 3101//885 3102//886 3150//934
f 3101//885 3150//934 3149//933
f 3102//886 3103//887 3151//935
f 3102//886 3151//935 3150//934
f 3103//887 3104//888 3152//936
f 3103//887 3152//936 3151//935
f 3104//888 3105//889 3153//937
f 3104//888 3153//937 3152//936
f 3105//889 3106//890 3154//938
f 3105//889 3154//938 3153//937
f 3106//890 3107//891 3155//939
f 3106//890 3155//939 3154//938
f 3107//891 3108//892 3156//940
f 3107//891 3156//940 3155//939
f 3108//892 3109//893 3157//941
f 3108//892 3157//941 3156//940
f 3109//893 3110//894 3158//942
f 3109//893 3158//942 3157//941
f 3110//894 3111//895 3159//943
f 3110//894 3159//943 3158//942
f 3111//895 3112//896 3160//944
f 3111//895 3160//944 3159//943
f 3112//896 3113//897 3161//945
f 3112//896 3161//945 3160//944
f 3113//897 3114//898 3162//946
f 3113//897 3162//946 3161//945
f 3114//898 3115//899 3163//947
f 3114//898 3163//947 3162//946
f 3115//899 3116//900 3164//948
f 3115//899 3164//948 3163//947
f 3116//900 3117//901 3165//949
f 3116//900 3165//949 3164//948
f 3117//901 3118//902 3166//950
f 3117//901 3166//950 3165//949
f 3118//902 3119//903 3167//951
f 3118//902 3167//951 3166//950
f 3119//903 3120//904 3168//952
f 3119//903 3168//952 3167//951
f 3120//904 3121//905 3169//953
f 3120//904 3169//953 3168//952
f 3121//905 3122//906 3170//954
f 3121//905 3170//954 3169//953
f 3122//906 3123//907 3171//955
f 3122//906 3171//955 3170//954
f 3123//907 3124//908 3172//956
f 3123//907 3172//956 3171//955
f 3124//908 3125//909 3173//957
f 3124//908 3173//957 3172//956
f 3125//909 3126//910 3174//958
f 3125//909 3174//958 3173//957
f 3126//910 3127//911 3175//959
f 3126//910 3175//959 3174//958
f 3127//911 3128//912 3176//960
f 3127//911 3176//960 3175//959
f 3128//912 3129//913 3177//961
f 3128//912 3177//961 3176//960
f 3129//913 3083//867 3131//915
f 3129//913 3131//915 3177//961
f 3131//915 3130//914 3178//962
f 3131//915 3178//962 3179//963
f 3130//914 3132//916 3180//964
f 3130//914 3180//964 3178//962
f 3132//916 3133//917 3181//965
f 3132//916 3181//965 3180//964
f 3133//917 3134//918 3182//966
f 3133//917 3182//966 3181//965
f 3134//918 3135//919 3183//967
f 3134//918 3183//967 3182//966
f 3135//919 3136//920 3184//968
f 3135//919 3184//968 3183//967
f 3136//920 3137//921 3185//969
f 3136//920 3185//969 3184//968
f 3137//921 3138//922 3186//970
f 3137//921 3186//970 3185//969
f 3138//922 3139//923 3187//971
f 3138//922 3187//971 3186//970
f 3139//923 3140//924 3188//972
f 3139//923 3188//972 3187//971
f 3140//924 3141//925 3189//973
f 3140//924 3189//973 3188//972
f 3141//925 3142//926 3190//974
f 3141//925 3190//974 3189//973
f 3142//926 3143//927 3191//975
f 3142//926 3191//975 3190//974
f 3143//927 3144//928 3192//976
f 3143//927 3192//976 3191//975
f 3144//928 3145//929 3193//977
f 3144//928 3193//977 3192//976
f 3145//929 3146//930 3194//978
f 3145//929 3194//978 3193//977
f 3146//930 3147//931 3195//979
f 3146//930 3195//979 3194//978
f 3147//931 3148//932 3196//980
f 3147//931 3196//980 3195//979
f 3148//932 3149//933 3197//981
f 3148//932 3197//981 3196//980
f 3149//933 3150//934 3198//982
f 3149//933 3198//982 3197//981
f 3150//934 3151//935 3199//983
f 3150//934 3199//983 3198//982
f 3151//935 3152//936 3200//984
f 3151//935 3200//984 3199//983
f 3152//936 3153//937 3201//985
f 3152//936 3201//985 3200//984
f 3153//937 3154//938 3202//986
f 3153//937 3202//986 3201//985
f 3154//938 3155//939 3203//987
f 3154//938 3203//987 3202//986
f 3155//939 3156//940 3204//988
f 3155//939 3204//988 3203//987
f 3156//940 3157//941 3205//989
f 3156//940 3205//989 3204//988
f 3157//941 3158//942 3206//990
f 3157//941 3206//990 3205//989
f 3158//942 3159//943 3207//991
f 3158//942 3207//991 3206//990
f 3159//943 3160//944 3208//992
f 3159//943 3208//992 3207//991
f 3160//944 3161//945 3209//993
f 3160//944 3209//993 3208//992
f 3161//945 3162//946 3210//994
f 3161//945 3210//994 3209//993
f 3162//946 3163//947 3211//995
f 3162//946 3211//995 3210//994
f 3163//947 3164//948 3212//996
f 3163//947 3212//996 3211//995
f 3164//948 3165//949 3213//997
f 3164//948 3213//997 3212//996
f 3165//949 3166//950 3214//998
f 3165//949 3214//998 3213//997
f 3166//950 3167//951 3215//999
f 3166//950 3215//999 3214//998
f 3167//951 3168//952 3216//1000
f 3167//951 3216//1000 3215//999
f 3168//952 3169//953 3217//1001
f 3168//952 3217//1001 3216//1000
f 3169//953 3170//954 3218//1002
f 3169//953 3218//1002 3217//1001
f 3170//954 3171//955 3219//1003
f 3170//954 3219//1003 3218//1002
f 3171//955 3172//956 3220//1004
f 3171//955 3220//1004 3219//1003
f 3172//956 3173//957 3221//1005
f 3172//956 3221//1005 3220//1004
f 3173//957 3174//958 3222//1006
f 3173//957 3222//1006 3221//1005
f 3174//958 3175//959 3223//1007
f 3174//958 3223//1007 3222//1006
f 3175//959 3176//960 3224//1008
f 3175//959 3224//1008 3223//1007
f 3176//960 3177//961 3225//1009
f 3176//960 3225//1009 3224//1008
f 3177//961 3131//915 3179//963
f 3177//961 3179//963 3225//1009
f 3179//963 3178//962 3226//1010
f 3179//963 3226//1010 3227//1011
f 3178//962 3180//964 3228//1012
f 3178//962 3228//1012 3226//1010
f 3180//964 3181//965 3229//1013
f 3180//964 3229//1013 3228//1012
f 3181//965 3182//966 3230//1014
f 3181//965 3230//1014 3229//1013
f 3182//966 3183//967 3231//1015
f 3182//966 3231//1015 3230//1014
f 3183//967 3184//968 3232//1016
f 3183//967 3232//1016 3231//1015
f 3184//968 3185//969 3233//1017
f 3184//968 3233//1017 3232//1016
f 3185//969 3186//970 3234//1018
f 3185//969 3234//1018 3233//1017
f 3186//970 3187//971 3235//1019
f 3186//970 3235//1019 3234//1018
f 3187//971 3188//972 3236//1020
f 3187//971 3236//1020 3235//1019
f 3188//972 3189//973 3237//1021
f 3188//972 3237//1021 3236//1020
f 3189//973 3190//974 3238//1022
f 3189//973 3238//1022 3237//1021
f 3190//974 3191//975 3239//1023
f 3190//974 3239//1023 3238//1022
f 3191//975 3192//976 3240//1024
f 3191//975 3240//1024 3239//1023
f 3192//976 3193//977 3241//1025
f 3192//976 3241//1025 3240//1024
f 3193//977 3194//978 3242//1026
f 3193//977 3242//1026 3241//1025
f 3194//978 3195//979 3243//1027
f 3194//978 3243//1027 3242//1026
f 3195//979 3196//980 3244//1028
f 3195//979 3244//1028 3243//1027
f 3196//980 3197//981 3245//1029
f 3196//980 3245//1029 3244//1028
f 3197//981 3198//982 3246//1030
f 3197//981 3246//1030 3245//1029
f 3198//982 3199//983 3247//1031
f 3198//982 3247//1031 3246//1030
f 3199//983 3200//984 3248//1032
f 3199//983 3248//1032 3247//1031
f 3200//984 3201//985 3249//1033
f 3200//984 3249//1033 3248//1032
f 3201//985 3202//986 3250//1034
f 3201//985 3250//1034 3249//1033
f 3202//986 3203//987 3251//1035
f 3202//986 3251//1035 3250//1034
f 3203//987 3204//988 3252//1036
f 3203//987 3252//1036 3251//1035
f 3204//988 3205//989 3253//1037
f 3204//988 3253//1037 3252//1036
f 3205//989 3206//990 3254//1038
f 3205//989 3254//1038 3253//1037
f 3206//990 3207//991 3255//1039
f 3206//990 3255//1039 3254//1038
f 3207//991 3208//992 3256//1040
f 3207//991 3256//1040 3255//1039
f 3208//992 3209//993 3257//1041
f 3208//992 3257//1041 3256//1040
f 3209//993 3210//994 3258//1042
f 3209//993 3258//1042 3257//1041
f 3210//994 3211//995 3259//1043
f 3210//994 3259//1043 3258//1042
f 3211//995 3212//996 3260//1044
f 3211//995 3260//1044 3259//1043
f 3212//996 3213//997 3261//1045
f 3212//996 3261//1045 3260//1044
f 3213//997 3214//998 3262//1046
f 3213//997 3262//1046 3261//1045
f 3214//998 3215//999 3263//1047
f 3214//998 3263//1047 3262//1046
f 3215//999 3216//1000 3264//1048
f 3215//999 3264//1048 3263//1047
f 3216//1000 3217//1001 3265//1049
f 3216//1000 3265//1049 3264//1048
f 3217//1001 3218//1002 3266//1050
f 3217//1001 3266//1050 3265//1049
f 3218//1002 3219//1003 3267//1051
f 3218//1002 3267//1051 3266//1050
f 3219//1003 3220//1004 3268//1052
f 3219//1003 3268//1052 3267//1051
f 3220//1004 3221//1005 3269//1053
f 3220//1004 3269//1053 3268//1052
f 3221//1005 3222//1006 3270//1054
f 3221//1005 3270//1054 3269//1053
f 3222//1006 3223//1007 3271//1055
f 3222//1006 3271//1055 3270//1054
f 3223//1007 3224//1008 3272//1056
f 3223//1007 3272//1056 3271//1055
f 3224//1008 3225//1009 3273//1057
f 3224//1008 3273//1057 3272//1056
f 3225//1009 3179//963 3227//1011
f 3225//1009 3227//1011 3273//1057
f 3227//1011 3226//1010 3274//1058
f 3227//1011 3274//1058 3275//1059
f 3226//1010 3228//1012 3276//1060
f 3226//1010 3276//1060 3274//1058
f 3228//1012 3229//1013 3277//1061
f 3228//1012 3277//1061 3276//1060
f 3229//1013 3230//1014 3278//1062
f 3229//1013 3278//1062 3277//1061
f 3230//1014 3231//1015 3279//1063
f 3230//1014 3279//1063 3278//1062
f 3231//1015 3232//1016 3280//1064
f 3231//1015 3280//1064 3279//1063
f 3232//1016 3233//1017 3281//1065
f 3232//1016 3281//1065 3280//1064
f 3233//1017 3234//1018 3282//1066
f 3233//1017 3282//1066 3281//1065
f 3234//1018 3235//1019 3283//1067
f 3234//1018 3283//1067 3282//1066
f 3235//1019 3236//1020 3284//1068
f 3235//1019 3284//1068 3283//1067
f 3236//1020 3237//1021 3285//1069
f 3236//1020 3285//1069 3284//1068
f 3237//1021 3238//1022 3286//1070
f 3237//1021 3286//1070 3285//1069
f 3238//1022 3239//1023 3287//1071
f 3238//1022 3287//1071 3286//1070
f 3239//1023 3240//1024 3288//1072
f 3239//1023 3288//1072 3287//1071
f 3240//1024 3241//1025 3289//1073
f 3240//1024 3289//1073 3288//1072
f 3241//1025 3242//1026 3290//1074
f 3241//1025 3290//1074 3289//1073
f 3242//1026 3243//1027 3291//1075
f 3242//1026 3291//1075 3290//1074
f 3243//1027 3244//1028 3292//1076
f 3243//1027 3292//1076 3291//1075
f 3244//1028 3245//1029 3293//1077
f 3244//1028 3293//1077 3292//1076
f 3245//1029 3246//1030 3294//1078
f 3245//1029 3294//1078 3293//1077
f 3246//1030 3247//1031 3295//1079
f 3246//1030 3295//1079 3294//1078
f 3247//1031 3248//1032 3296//1080
f 3247//1031 3296//1080 3295//1079
f 3248//1032 3249//1033 3297//1081
f 3248//1032 3297//1081 3296//1080
f 3249//1033 3250//1034 3298//1082
f 3249//1033 3298//1082 3297//1081
f 3250//1034 3251//1035 3299//1083
f 3250//1034 3299//1083 3298//1082
f 3251//1035 3252//1036 3300//1084
f 3251//1035 3300//1084 3299//1083
f 3252//1036 3253//1037 3301//1085
f 3252//1036 3301//1085 3300//1084
f 3253//1037 3254//1038 3302//1086
f 3253//1037 3302//1086 3301//1085
f 3254//1038 3255//1039 3303//1087
f 3254//1038 3303//1087 3302//1086
f 3255//1039 3256//1040 3304//1088
f 3255//1039 3304//1088 3303//1087
f 3256//1040 3257//1041 3305//1089
f 3256//1040 3305//1089 3304//1088
f 3257//1041 3258//1042 3306//1090
f 3257//1041 3306//1090 3305//1089
f 3258//1042 3259//1043 3307//1091
f 3258//1042 3307//1091 3306//1090
f 3259//1043 3260//1044 3308//1092
f 3259//1043 3308//1092 3307//1091
f 3260//1044 3261//1045 3309//1093
f 3260//1044 3309//1093 3308//1092
f 3261//1045 3262//1046 3310//1094
f 3261//1045 3310//1094 3309//1093
f 3262//1046 3263//1047 3311//1095
f 3262//1046 3311//1095 3310//1094
f 3263//1047 3264//1048 3312//1096
f 3263//1047 3312//1096 3311//1095
f 3264//1048 3265//1049 3313//1097
f 3264//1048 3313//1097 3312//1096
f 3265//1049 3266//1050 3314//1098
f 3265//1049 3314//1098 3313//1097
f 3266//1050 3267//1051 3315//1099
f 3266//1050 3315//1099 3314//1098
f 3267//1051 3268//1052 3316//1100
f 3267//1051 3316//1100 3315//1099
f 3268//1052 3269//1053 3317//1101
f 3268//1052 3317//1101 3316//1100
f 3269//1053 3270//1054 3318//1102
f 3269//1053 3318//1102 3317//1101
f 3270//1054 3271//1055 3319//1103
f 3270//1054 3319//1103 3318//1102
f 3271//1055 3272//1056 3320//1104
f 3271//1055 3320//1104 3319//1103
f 3272//1056 3273//1057 3321//1105
f 3272//1056 3321//1105 3320//1104
f 3273//1057 3227//1011 3275//1059
f 3273//1057 3275//1059 3321//1105
f 3275//1059 3274//1058 3322//1106
f 3274//1058 3276//1060 3322//1106
f 3276//1060 3277//1061 3322//1106
f 3277//1061 3278//1062 3322//1106
f 3278//1062 3279//1063 3322//1106
f 3279//1063 3280//1064 3322//1106
f 3280//1064 3281//1065 3322//1106
f 3281//1065 3282//1066 3322//1106
f 3282//1066 3283//1067 3322//1106
f 3283//1067 3284//1068 3322//1106
f 3284//1068 3285//1069 3322//1106
f 3285//1069 3286//1070 3322//1106
f 3286//1070 3287//1071 3322//1106
f 3287//1071 3288//1072 3322//1106
f 3288//1072 3289//1073 3322//1106
f 3289//1073 3290//1074 3322//1106
f 3290//1074 3291//1075 3322//1106
f 3291//1075 3292//1076 3322//1106
f 3292//1076 3293//1077 3322//1106
f 3293//1077 3294//1078 3322//1106
f 3294//1078 3295//1079 3322//1106
f 3295//1079 3296//1080 3322//1106
f 3296//1080 3297//1081 3322//1106
f 3297//1081 3298//1082 3322//1106
f 3298//1082 3299//1083 3322//1106
f 3299//1083 3300//1084 3322//1106
f 3300//1084 3301//1085 3322//1106
f 3301//1085 3302//1086 3322//1106
f 3302//1086 3303//1087 3322//1106
f 3303//1087 3304//1088 3322//1106
f 3304//1088 3305//1089 3322//1106
f 3305//1089 3306//1090 3322//1106
f 3306//1090 3307//1091 3322//1106
f 3307//1091 3308//1092 3322//1106
f 3308//1092 3309//1093 3322//1106
f 3309//1093 3310//1094 3322//1106
f 3310//1094 3311//1095 3322//1106
f 3311//1095 3312//1096 3322//1106
f 3312//1096 3313//1097 3322//1106
f 3313//1097 3314//1098 3322//1106
f 3314//1098 3315//1099 3322//1106
f 3315//1099 3316//1100 3322//1106
f 3316//1100 3317//1101 3322//1106
f 3317//1101 3318//1102 3322//1106
f 3318//1102 3319//1103 3322//1106
f 3319//1103 3320//1104 3322//1106
f 3320//1104 3321//1105 3322//1106
f 3321//1105 3275//1059 3322//1106
usemtl mirror
f 3323//1 3324//1107 3325//1108
f 3323//1 3326//1109 3324//1107
f 3323//1 3327//1110 3326//1109
f 3323//1 3328//1111 3327//1110
f 3323//1 3329//1112 3328//1111
f 3323//1 3330//1113 3329//1112
f 3323//1 3331//1114 3330//1113
f 3323//1 3332//1115 3331//1114
f 3323//1 3333//1116 3332//1115
f 3323//1 3334//1117 3333//1116
f 3323//1 3335//1118 3334//1117
f 3323//1 3336//1119 3335//1118
f 3323//1 3337//1120 3336//1119
f 3323//1 3338//1121 3337//1120
f 3323//1 3339//1122 3338//1121
f 3323//1 3340//1123 3339//1122
f 3323//1 3341//1124 3340//1123
f 3323//1 3342//1125 3341//1124
f 3323//1 3343//1126 3342//1125
f 3323//1 3344//1127 3343//1126
f 3323//1 3345//1128 3344//1127
f 3323//1 3346//1129 3345//1128
f 3323//1 3347//1130 3346//1129
f 3323//1 3348//1131 3347//1130
f 3323//1 3349//1132 3348//1131
f 3323//1 3350//1133 3349//1132
f 3323//1 3351//1134 3350//1133
f 3323//1 3352//1135 3351//1134
f 3323//1 3353//1136 3352//1135
f 3323//1 3354//1137 3353//1136
f 3323//1 3355//1138 3354//1137
f 3323//1 3356//1139 3355//1138
f 3323//1 3357//1140 3356//1139
f 3323//1 3358//1141 3357//1140
f 3323//1 3359//1142 3358//1141
f 3323//1 3360//1143 3359//1142
f 3323//1 3361//1144 3360//1143
f 3323//1 3362//1145 3361//1144
f 3323//1 3363//1146 3362//1145
f 3323//1 3325//1108 3363//1146
f 3325//1108 3324//1107 3364//1147
f 3325//1108 3364//1147 3365//1148
f 3324//1107 3326//1109 3366//1149
f 3324//1107 3366//1149 3364//1147
f 3326//1109 3327//1110 3367//1150
f 3326//1109 3367//1150 3366//1149
f 3327//1110 3328//1111 3368//1151
f 3327//1110 3368//1151 3367//1150
f 3328//1111 3329//1112 3369//1152
f 3328//1111 3369//1152 3368//1151
f 3329//1112 3330//1113 3370//1153
f 3329//1112 3370//1153 3369//1152
f 3330//1113 3331//1114 3371//1154
f 3330//1113 3371//1154 3370//1153
f 3331//1114 3332//1115 3372//1155
f 3331//1114 3372//1155 3371//1154
f 3332//1115 3333//1116 3373//1156
f 3332//1115 3373//1156 3372//1155
f 3333//1116 3334//1117 3374//1157
f 3333//1116 3374//1157 3373//1156
f 3334//1117 3335//1118 3375//1158
f 3334//1117 3375//1158 3374//1157
f 3335//1118 3336//1119 3376//1159
f 3335//1118 3376//1159 3375//1158
f 3336//1119 3337//1120 3377//1160
f 3336//1119 3377//1160 3376//1159
f 3337//1120 3338//1121 3378//1161
f 3337//1120 3378//1161 3377//1160
f 3338//1121 3339//1122 3379//1162
f 3338//1121 3379//1162 3378//1161
f 3339//1122 3340//1123 3380//1163
f 3339//1122 3380//1163 3379//1162
f 3340//1123 3341//1124 3381//1164
f 3340//1123 3381//1164 3380//1163
f 3341//1124 3342//1125 3382//1165
f 3341//1124 3382//1165 3381//1164
f 3342//1125 3343//1126 3383//1166
f 3342//1125 3383//1166 3382//1165
f 3343//1126 3344//1127 3384//1167
f 3343//1126 3384//1167 3383//1166
f 3344//1127 3345//1128 3385//1168
f 3344//1127 3385//1168 3384//1167
f 3345//1128 3346//1129 3386//1169
f 3345//1128 3386//1169 3385//1168
f 3346//1129 3347//1130 3387//1170
f 3346//1129 3387//1170 3386//1169
f 3347//1130 3348//1131 3388//1171
f 3347//1130 3388//1171 3387//1170
f 3348//1131 3349//1132 3389//1172
f 3348//1131 3389//1172 3388//1171
f 3349//1132 3350//1133 3390//1173
f 3349//1132 3390//1173 3389//1172
f 3350//1133 3351//1134 3391//1174
f 3350//1133 3391//1174 3390//1173
f 3351//1134 3352//1135 3392//1175
f 3351//1134 3392//1175 3391//1174
f 3352//1135 3353//1136 3393//1176
f 3352//1135 3393//1176 3392//1175
f 3353//1136 3354//1137 3394//1177
f 3353//1136 3394//1177 3393//1176
f 3354//1137 3355//1138 3395//1178
f 3354//1137 3395//1178 3394//1177
f 3355//1138 3356//1139 3396//1179
f 3355//1138 3396//1179 3395//1178
f 3356//1139 3357//1140 3397//1180
f 3356//1139 3397//1180 3396//1179
f 3357//1140 3358//1141 3398//1181
f 3357//1140 3398//1181 3397//1180
f 3358//1141 3359//1142 3399//1182
f 3358//1141 3399//1182 3398//1181
f 3359//1142 3360//1143 3400//1183
f 3359//1142 3400//1183 3399//1182
f 3360//1143 3361//1144 3401//1184
f 3360//1143 3401//1184 3400//1183
f 3361//1144 3362//1145 3402//1185
f 3361//1144 3402//1185 3401//1184
f 3362//1145 3363//1146 3403//1186
f 3362//1145 3403//1186 3402//1185
f 3363//1146 3325//1108 3365//1148
f 3363//1146 3365//1148 3403//1186
f 3365//1148 3364//1147 3404//1187
f 3365//1148 3404//1187 3405//1188
f 3364//1147 3366//1149 3406//1189
f 3364//1147 3406//1189 3404//1187
f 3366//1149 3367//1150 3407//1190
f 3366//1149 3407//1190 3406//1189
f 3367//1150 3368//1151 3408//1191
f 3367//1150 3408//1191 3407//1190
f 3368//1151 3369//1152 3409//1192
f 3368//1151 3409//1192 3408//1191
f 3369//1152 3370//1153 3410//1193
f 3369//1152 3410//1193 3409//1192
f 3370//1153 3371//1154 3411//1194
f 3370//1153 3411//1194 3410//1193
f 3371//1154 3372//1155 3412//1195
f 3371//1154 3412//1195 3411//1194
f 3372//1155 3373//1156 3413//1196
f 3372//1155 3413//1196 3412//1195
f 3373//1156 3374//1157 3414//1197
f 3373//1156 3414//1197 3413//1196
f 3374//1157 3375//1158 3415//1198
f 3374//1157 3415//1198 3414//1197
f 3375//1158 3376//1159 3416//1199
f 3375//1158 3416//1199 3415//1198
f 3376//1159 3377//1160 3417//1200
f 3376//1159 3417//1200 3416//1199
f 3377//1160 3378//1161 3418//1201
f 3377//1160 3418//1201 3417//1200
f 3378//1161 3379//1162 3419//1202
f 3378//1161 3419//1202 3418//1201
f 3379//1162 3380//1163 3420//1203
f 3379//1162 3420//1203 3419//1202
f 3380//1163 3381//1164 3421//1204
f 3380//1163 3421//1204 3420//1203
f 3381//1164 3382//1165 3422//1205
f 3381//1164 3422//1205 3421//1204
f 3382//1165 3383//1166 3423//1206
f 3382//1165 3423//1206 3422//1205
f 3383//1166 3384//1167 3424//1207
f 3383//1166 3424//1207 3423//1206
f 3384//1167 3385//1168 3425//1208
f 3384//1167 3425//1208 3424//1207
f 3385//1168 3386//1169 3426//1209
f 3385//1168 3426//1209 3425//1208
f 3386//1169 3387//1170 3427//1210
f 3386//1169 3427//1210 3426//1209
f 3387//1170 3388//1171 3428//1211
f 3387//1170 3428//1211 3427//1210
f 3388//1171 3389//1172 3429//1212
f 3388//1171 3429//1212 3428//1211
f 3389//1172 3390//1173 3430//1213
f 3389//1172 3430//1213 3429//1212
f 3390//1173 3391//1174 3431//1214
f 3390//1173 3431//1214 3430//1213
f 3391//1174 3392//1175 3432//1215
f 3391//1174 3432//1215 3431//1214
f 3392//1175 3393//1176 3433//1216
f 3392//1175 3433//1216 3432//1215
f 3393//1176 3394//1177 3434//1217
f 3393//1176 3434//1217 3433//1216
f 3394//1177 3395//1178 3435//1218
f 3394//1177 3435//1218 3434//1217
f 3395//1178 3396//1179 3436//1219
f 3395//1178 3436//1219 3435//1218
f 3396//1179 3397//1180 3437//1220
f 3396//1179 3437//1220 3436//1219
f 3397//1180 3398//1181 3438//1221
f 3397//1180 3438//1221 3437//1220
f 3398//1181 3399//1182 3439//1222
f 3398//1181 3439//1222 3438//1221
f 3399//1182 3400//1183 3440//1223
f 3399//1182 3440//1223 3439//1222
f 3400//1183 3401//1184 3441//1224
f 3400//1183 3441//1224 3440//1223
f 3401//1184 3402//1185 3442//1225
f 3401//1184 3442//1225 3441//1224
f 3402//1185 3403//1186 3443//1226
f 3402//1185 3443//1226 3442//1225
f 3403//1186 3365//1148 3405//1188
f 3403//1186 3405//1188 3443//1226
f 3405//1188 3404//1187 3444//1227
f 3405//1188 3444//1227 3445//1228
f 3404//1187 3406//1189 3446//1229
f 3404//1187 3446//1229 3444//1227
f 3406//1189 3407//1190 3447//1230
f 3406//1189 3447//1230 3446//1229
f 3407//1190 3408//1191 3448//1231
f 3407//1190 3448//1231 3447//1230
f 3408//1191 3409//1192 3449//1232
f 3408//1191 3449//1232 3448//1231
f 3409//1192 3410//1193 3450//1233
f 3409//1192 3450//1233 3449//1232
f 3410//1193 3411//1194 3451//1234
f 3410//1193 3451//1234 3450//1233
f 3411//1194 3412//1195 3452//1235
f 3411//1194 3452//1235 3451//1234
f 3412//1195 3413//1196 3453//1236
f 3412//1195 3453//1236 3452//1235
f 3413//1196 3414//1197 3454//1237
f 3413//1196 3454//1237 3453//1236
f 3414//1197 3415//1198 3455//1238
f 3414//1197 3455//1238 3454//1237
f 3415//1198 3416//1199 3456//1239
f 3415//1198 3456//1239 3455//1238
f 3416//1199 3417//1200 3457//1240
f 3416//1199 3457//1240 3456//1239
f 3417//1200 3418//1201 3458//1241
f 3417//1200 3458//1241 3457//1240
f 3418//1201 3419//1202 3459//1242
f 3418//1201 3459//1242 3458//1241
f 3419//1202 3420//1203 3460//1243
f 3419//1202 3460//1243 3459//1242
f 3420//1203 3421//1204 3461//1244
f 3420//1203 3461//1244 3460//1243
f 3421//1204 3422//1205 3462//1245
f 3421//1204 3462//1245 3461//1244
f 3422//1205 3423//1206 3463//1246
f 3422//1205 3463//1246 3462//1245
f 3423//1206 3424//1207 3464//1247
f 3423//1206 3464//1247 3463//1246
f 3424//1207 3425//1208 3465//1248
f 3424//1207 3465//1248 3464//1247
f 3425//1208 3426//1209 3466//1249
f 3425//1208 3466//1249 3465//1248
f 3426//1209 3427//1210 3467//1250
f 3426//1209 3467//1250 3466//1249
f 3427//1210 3428//1211 3468//1251
f 3427//1210 3468//1251 3467//1250
f 3428//1211 3429//1212 3469//1252
f 3428//1211 3469//1252 3468//1251
f 3429//1212 3430//1213 3470//1253
f 3429//1212 3470//1253 3469//1252
f 3430//1213 3431//1214 3471//1254
f 3430//1213 3471//1254 3470//1253
f 3431//1214 3432//1215 3472//1255
f 3431//1214 3472//1255 3471//1254
f 3432//1215 3433//1216 3473//1256
f 3432//1215 3473//1256 3472//1255
f 3433//1216 3434//1217 3474//1257
f 3433//1216 3474//1257 3473//1256
f 3434//1217 3435//1218 3475//1258
f 3434//1217 3475//1258 3474//1257
f 3435//1218 3436//1219 3476//1259
f 3435//1218 3476//1259 3475//1258
f 3436//1219 3437//1220 3477//1260
f 3436//1219 3477//1260 3476//1259
f 3437//1220 3438//1221 3478//1261
f 3437//1220 3478//1261 3477//1260
f 3438//1221 3439//1222 3479//1262
f 3438//1221 3479//1262 3478//1261
f 3439//1222 3440//1223 3480//1263
f 3439//1222 3480//1263 3479//1262
f 3440//1223 3441//1224 3481//1264
f 3440//1223 3481//1264 3480//1263
f 3441//1224 3442//1225 3482//1265
f 3441//1224 3482//1265 3481//1264
f 3442//1225 3443//1226 3483//1266
f 3442//1225 3483//1266 3482//1265
f 3443//1226 3405//1188 3445//1228
f 3443//1226 3445//1228 3483//1266
f 3445//1228 3444//1227 3484//1267
f 3445//1228 3484//1267 3485//243
f 3444//1227 3446//1229 3486//1268
f 3444//1227 3486//1268 3484//1267
f 3446//1229 3447//1230 3487//1269
f 3446//1229 3487//1269 3486//1268
f 3447//1230 3448//1231 3488//1270
f 3447//1230 3488//1270 3487//1269
f 3448//1231 3449//1232 3489//248
f 3448//1231 3489//248 3488//1270
f 3449//1232 3450//1233 3490//1271
f 3449//1232 3490//1271 3489//248
f 3450//1233 3451//1234 3491//1272
f 3450//1233 3491//1272 3490//1271
f 3451//1234 3452//1235 3492//1273
f 3451//1234 3492//1273 3491//1272
f 3452//1235 3453//1236 3493//1274
f 3452//1235 3493//1274 3492//1273
f 3453//1236 3454//1237 3494//254
f 3453//1236 3494//254 3493//1274
f 3454//1237 3455//1238 3495//1275
f 3454//1237 3495//1275 3494//254
f 3455//1238 3456//1239 3496//1276
f 3455//1238 3496//1276 3495//1275
f 3456//1239 3457//1240 3497//1277
f 3456//1239 3497//1277 3496//1276
f 3457//1240 3458//1241 3498//1278
f 3457//1240 3498//1278 3497//1277
f 3458//1241 3459//1242 3499//260
f 3458//1241 3499//260 3498//1278
f 3459//1242 3460//1243 3500//1279
f 3459//1242 3500//1279 3499//260
f 3460//1243 3461//1244 3501//1280
f 3460//1243 3501//1280 3500//1279
f 3461//1244 3462//1245 3502//1281
f 3461//1244 3502//1281 3501//1280
f 3462//1245 3463//1246 3503//1282
f 3462//1245 3503//1282 3502//1281
f 3463//1246 3464//1247 3504//266
f 3463//1246 3504//266 3503//1282
f 3464//1247 3465//1248 3505//1283
f 3464//1247 3505//1283 3504//266
f 3465//1248 3466//1249 3506//1284
f 3465//1248 3506//1284 3505//1283
f 3466//1249 3467//1250 3507//1285
f 3466//1249 3507//1285 3506//1284
f 3467//1250 3468//1251 3508//1286
f 3467//1250 3508//1286 3507//1285
f 3468//1251 3469//1252 3509//272
f 3468//1251 3509//272 3508//1286
f 3469//1252 3470//1253 3510//1287
f 3469//1252 3510//1287 3509//272
f 3470//1253 3471//1254 3511//1288
f 3470//1253 3511//1288 3510//1287
f 3471//1254 3472//1255 3512//1289
f 3471//1254 3512//1289 3511//1288
f 3472//1255 3473//1256 3513//1290
f 3472//1255 3513//1290 3512//1289
f 3473//1256 3474//1257 3514//278
f 3473//1256 3514//278 3513//1290
f 3474//1257 3475//1258 3515//1291
f 3474//1257 3515//1291 3514//278
f 3475//1258 3476//1259 3516//1292
f 3475//1258 3516//1292 3515//1291
f 3476//1259 3477//1260 3517//1293
f 3476//1259 3517//1293 3516//1292
f 3477//1260 3478//1261 3518//1294
f 3477//1260 3518//1294 3517//1293
f 3478//1261 3479//1262 3519//284
f 3478//1261 3519//284 3518//1294
f 3479//1262 3480//1263 3520//1295
f 3479//1262 3520//1295 3519//284
f 3480//1263 3481//1264 3521//1296
f 3480//1263 3521//1296 3520//1295
f 3481//1264 3482//1265 3522//1297
f 3481//1264 3522//1297 3521//1296
f 3482//1265 3483//1266 3523//1298
f 3482//1265 3523//1298 3522//1297
f 3483//1266 3445//1228 3485//243
f 3483//1266 3485//243 3523//1298
f 3485//243 3484//1267 3524//1299
f 3485//243 3524//1299 3525//1300
f 3484//1267 3486//1268 3526//1301
f 3484//1267 3526//1301 3524//1299
f 3486//1268 3487//1269 3527//1302
f 3486//1268 3527//1302 3526//1301
f 3487//1269 3488//1270 3528//1303
f 3487//1269 3528//1303 3527//1302
f 3488//1270 3489//248 3529//1304
f 3488//1270 3529//1304 3528//1303
f 3489//248 3490//1271 3530//1305
f 3489//248 3530//1305 3529//1304
f 3490//1271 3491//1272 3531//1306
f 3490//1271 3531//1306 3530//1305
f 3491//1272 3492//1273 3532//1307
f 3491//1272 3532//1307 3531//1306
f 3492//1273 3493//1274 3533//1308
f 3492//1273 3533//1308 3532//1307
f 3493//1274 3494//254 3534//1309
f 3493//1274 3534//1309 3533//1308
f 3494//254 3495//1275 3535//1310
f 3494//254 3535//1310 3534//1309
f 3495//1275 3496//1276 3536//1311
f 3495//1275 3536//1311 3535//1310
f 3496//1276 3497//1277 3537//1312
f 3496//1276 3537//1312 3536//1311
f 3497//1277 3498//1278 3538//1313
f 3497//1277 3538//1313 3537//1312
f 3498//1278 3499//260 3539//1314
f 3498//1278 3539//1314 3538//1313
f 3499//260 3500//1279 3540//1315
f 3499//260 3540//1315 3539//1314
f 3500//1279 3501//1280 3541//1316
f 3500//1279 3541//1316 3540//1315
f 3501//1280 3502//1281 3542//1317
f 3501//1280 3542//1317 3541//1316
f 3502//1281 3503//1282 3543//1318
f 3502//1281 3543//1318 3542//1317
f 3503//1282 3504//266 3544//1319
f 3503//1282 3544//1319 3543//1318
f 3504//266 3505//1283 3545//1320
f 3504//266 3545//1320 3544//1319
f 3505//1283 3506//1284 3546//1321
f 3505//1283 3546//1321 3545//1320
f 3506//1284 3507//1285 3547//1322
f 3506//1284 3547//1322 3546//1321
f 3507//1285 3508//1286 3548//1323
f 3507//1285 3548//1323 3547//1322
f 3508//1286 3509//272 3549//1324
f 3508//1286 3549//1324 3548//1323
f 3509//272 3510//1287 3550//1325
f 3509//272 3550//1325 3549//1324
f 3510//1287 3511//1288 3551//1326
f 3510//1287 3551//1326 3550//1325
f 3511//1288 3512//1289 3552//1327
f 3511//1288 3552//1327 3551//1326
f 3512//1289 3513//1290 3553//1328
f 3512//1289 3553//1328 3552//1327
f 3513//1290 3514//278 3554//1329
f 3513//1290 3554//1329 3553//1328
f 3514//278 3515//1291 3555//1330
f 3514//278 3555//1330 3554//1329
f 3515//1291 3516//1292 3556//1331
f 3515//1291 3556//1331 3555//1330
f 3516//1292 3517//1293 3557//1332
f 3516//1292 3557//1332 3556//1331
f 3517//1293 3518//1294 3558//1333
f 3517//1293 3558//1333 3557//1332
f 3518//1294 3519//284 3559//1334
f 3518//1294 3559//1334 3558//1333
f 3519//284 3520//1295 3560//1335
f 3519//284 3560//1335 3559//1334
f 3520//1295 3521//1296 3561//1336
f 3520//1295 3561//1336 3560//1335
f 3521//1296 3522//1297 3562//1337
f 3521//1296 3562//1337 3561//1336
f 3522//1297 3523//1298 3563//1338
f 3522//1297 3563//1338 3562//1337
f 3523//1298 3485//243 3525//1300
f 3523//1298 3525//1300 3563//1338
f 3525//1300 3524//1299 3564//1339
f 3525//1300 3564//1339 3565//1340
f 3524//1299 3526//1301 3566//1341
f 3524//1299 3566//1341 3564//1339
f 3526//1301 3527//1302 3567//1342
f 3526//1301 3567//1342 3566//1341
f 3527//1302 3528//1303 3568//1343
f 3527//1302 3568//1343 3567//1342
f 3528//1303 3529//1304 3569//1344
f 3528//1303 3569//1344 3568//1343
f 3529//1304 3530//1305 3570//1345
f 3529//1304 3570//1345 3569//1344
f 3530//1305 3531//1306 3571//1346
f 3530//1305 3571//1346 3570//1345
f 3531//1306 3532//1307 3572//1347
f 3531//1306 3572//1347 3571//1346
f 3532//1307 3533//1308 3573//1348
f 3532//1307 3573//1348 3572//1347
f 3533//1308 3534//1309 3574//1349
f 3533//1308 3574//1349 3573//1348
f 3534//1309 3535//1310 3575//1350
f 3534//1309 3575//1350 3574//1349
f 3535//1310 3536//1311 3576//1351
f 3535//1310 3576//1351 3575//1350
f 3536//1311 3537//1312 3577//1352
f 3536//1311 3577//1352 3576//1351
f 3537//1312 3538//1313 3578//1353
f 3537//1312 3578//1353 3577//1352
f 3538//1313 3539//1314 3579//1354
f 3538//1313 3579//1354 3578//1353
f 3539//1314 3540//1315 3580//1355
f 3539//1314 3580//1355 3579//1354
f 3540//1315 3541//1316 3581//1356
f 3540//1315 3581//1356 3580//1355
f 3541//1316 3542//1317 3582//1357
f 3541//1316 3582//1357 3581//1356
f 3542//1317 3543//1318 3583//1358
f 3542//1317 3583//1358 3582//1357
f 3543//1318 3544//1319 3584//1359
f 3543//1318 3584//1359 3583//1358
f 3544//1319 3545//1320 3585//1360
f 3544//1319 3585//1360 3584//1359
f 3545//1320 3546//1321 3586//1361
f 3545//1320 3586//1361 3585//1360
f 3546//1321 3547//1322 3587//1362
f 3546//1321 3587//1362 3586//1361
f 3547//1322 3548//1323 3588//1363
f 3547//1322 3588//1363 3587//1362
f 3548//1323 3549//1324 3589//1364
f 3548//1323 3589//1364 3588//1363
f 3549//1324 3550//1325 3590//1365
f 3549//1324 3590//1365 3589//1364
f 3550//1325 3551//1326 3591//1366
f 3550//1325 3591//1366 3590//1365
f 3551//1326 3552//1327 3592//1367
f 3551//1326 3592//1367 3591//1366
f 3552//1327 3553//1328 3593//1368
f 3552//1327 3593//1368 3592//1367
f 3553//1328 3554//1329 3594//1369
f 3553//1328 3594//1369 3593//1368
f 3554//1329 3555//1330 3595//1370
f 3554//1329 3595//1370 3594//1369
f 3555//1330 3556//1331 3596//1371
f 3555//1330 3596//1371 3595//1370
f 3556//1331 3557//1332 3597//1372
f 3556//1331 3597//1372 3596//1371
f 3557//1332 3558//1333 3598//1373
f 3557//1332 3598//1373 3597//1372
f 3558//1333 3559//1334 3599//1374
f 3558//1333 3599//1374 3598//1373
f 3559//1334 3560//1335 3600//1375
f 3559//1334 3600//1375 3599//1374
f 3560//1335 3561//1336 3601//1376
f 3560//1335 3601//1376 3600//1375
f 3561//1336 3562//1337 3602//1377
f 3561//1336 3602//1377 3601//1376
f 3562//1337 3563//1338 3603//1378
f 3562//1337 3603//1378 3602//1377
f 3563//1338 3525//1300 3565//1340
f 3563//1338 3565//1340 3603//1378
f 3565//1340 3564//1339 3604//1379
f 3565//1340 3604//1379 3605//1380
f 3564//1339 3566//1341 3606//1381
f 3564//1339 3606//1381 3604//1379
f 3566//1341 3567//1342 3607//1382
f 3566//1341 3607//1382 3606//1381
f 3567//1342 3568//1343 3608//1383
f 3567//1342 3608//1383 3607//1382
f 3568//1343 3569//1344 3609//1384
f 3568//1343 3609//1384 3608//1383
f 3569//1344 3570//1345 3610//1385
f 3569//1344 3610//1385 3609//1384
f 3570//1345 3571//1346 3611//1386
f 3570//1345 3611//1386 3610//1385
f 3571//1346 3572//1347 3612//1387
f 3571//1346 3612//1387 3611//1386
f 3572//1347 3573//1348 3613//1388
f 3572//1347 3613//1388 3612//1387
f 3573//1348 3574//1349 3614//1389
f 3573//1348 3614//1389 3613//1388
f 3574//1349 3575//1350 3615//1390
f 3574//1349 3615//1390 3614//1389
f 3575//1350 3576//1351 3616//1391
f 3575//1350 3616//1391 3615//1390
f 3576//1351 3577//1352 3617//1392
f 3576//1351 3617//1392 3616//1391
f 3577//1352 3578//1353 3618//1393
f 3577//1352 3618//1393 3617//1392
f 3578//1353 3579//1354 3619//1394
f 3578//1353 3619//1394 3618//1393
f 3579//1354 3580//1355 3620//1395
f 3579//1354 3620//1395 3619//1394
f 3580//1355 3581//1356 3621//1396
f 3580//1355 3621//1396 3620//1395
f 3581//1356 3582//1357 3622//1397
f 3581//1356 3622//1397 3621//1396
f 3582//1357 3583//1358 3623//1398
f 3582//1357 3623//1398 3622//1397
f 3583//1358 3584//1359 3624//1399
f 3583//1358 3624//1399 3623//1398
f 3584//1359 3585//1360 3625//1400
f 3584//1359 3625//1400 3624//1399
f 3585//1360 3586//1361 3626//1401
f 3585//1360 3626//1401 3625//1400
f 3586//1361 3587//1362 3627//1402
f 3586//1361 3627//1402 3626//1401
f 3587//1362 3588//1363 3628//1403
f 3587//1362 3628//1403 3627//1402
f 3588//1363 3589//1364 3629//1404
f 3588//1363 3629//1404 3628//1403
f 3589//1364 3590//1365 3630//1405
f 3589//1364 3630//1405 3629//1404
f 3590//1365 3591//1366 3631//1406
f 3590//1365 3631//1406 3630//1405
f 3591//1366 3592//1367 3632//1407
f 3591//1366 3632//1407 3631//1406
f 3592//1367 3593//1368 3633//1408
f 3592//1367 3633//1408 3632//1407
f 3593//1368 3594//1369 3634//1409
f 3593//1368 3634//1409 3633//1408
f 3594//1369 3595//1370 3635//1410
f 3594//1369 3635//1410 3634//1409
f 3595//1370 3596//1371 3636//1411
f 3595//1370 3636//1411 3635//1410
f 3596//1371 3597//1372 3637//1412
f 3596//1371 3637//1412 3636//1411
f 3597//1372 3598//1373 3638//1413
f 3597//1372 3638//1413 3637//1412
f 3598//1373 3599//1374 3639//1414
f 3598//1373 3639//1414 3638//1413
f 3599//1374 3600//1375 3640//1415
f 3599//1374 3640//1415 3639//1414
f 3600//1375 3601//1376 3641//1416
f 3600//1375 3641//1416 3640//1415
f 3601//1376 3602//1377 3642//1417
f 3601//1376 3642//1417 3641//1416
f 3602//1377 3603//1378 3643//1418
f 3602//1377 3643//1418 3642//1417
f 3603//1378 3565//1340 3605//1380
f 3603//1378 3605//1380 3643//1418
f 3605//1380 3604//1379 3644//1419
f 3605//1380 3644//1419 3645//1420
f 3604//1379 3606//1381 3646//1421
f 3604//1379 3646//1421 3644//1419
f 3606//1381 3607//1382 3647//1422
f 3606//1381 3647//1422 3646//1421
f 3607//1382 3608//1383 3648//1423
f 3607//1382 3648//1423 3647//1422
f 3608//1383 3609//1384 3649//1424
f 3608//1383 3649//1424 3648//1423
f 3609//1384 3610//1385 3650//1425
f 3609//1384 3650//1425 3649//1424
f 3610//1385 3611//1386 3651//1426
f 3610//1385 3651//1426 3650//1425
f 3611//1386 3612//1387 3652//1427
f 3611//1386 3652//1427 3651//1426
f 3612//1387 3613//1388 3653//1428
f 3612//1387 3653//1428 3652//1427
f 3613//1388 3614//1389 3654//1429
f 3613//1388 3654//1429 3653//1428
f 3614//1389 3615//1390 3655//1430
f 3614//1389 3655//1430 3654//1429
f 3615//1390 3616//1391 3656//1431
f 3615//1390 3656//1431 3655//1430
f 3616//1391 3617//1392 3657//1432
f 3616//1391 3657//1432 3656//1431
f 3617//1392 3618//1393 3658//1433
f 3617//1392 3658//1433 3657//1432
f 3618//1393 3619//1394 3659//1434
f 3618//1393 3659//1434 3658//1433
f 3619//1394 3620//1395 3660//1435
f 3619//1394 3660//1435 3659//1434
f 3620//1395 3621//1396 3661//1436
f 3620//1395 3661//1436 3660//1435
f 3621//1396 3622//1397 3662//1437
f 3621//1396 3662//1437 3661//1436
f 3622//1397 3623//1398 3663//1438
f 3622//1397 3663//1438 3662//1437
f 3623//1398 3624//1399 3664//1439
f 3623//1398 3664//1439 3663//1438
f 3624//1399 3625//1400 3665//1440
f 3624//1399 3665//1440 3664//1439
f 3625//1400 3626//1401 3666//1441
f 3625//1400 3666//1441 3665//1440
f 3626//1401 3627//1402 3667//1442
f 3626//1401 3667//1442 3666//1441
f 3627//1402 3628//1403 3668//1443
f 3627//1402 3668//1443 3667//1442
f 3628//1403 3629//1404 3669//1444
f 3628//1403 3669//1444 3668//1443
f 3629//1404 3630//1405 3670//1445
f 3629//1404 3670//1445 3669//1444
f 3630//1405 3631//1406 3671//1446
f 3630//1405 3671//1446 3670//1445
f 3631//1406 3632//1407 3672//1447
f 3631//1406 3672//1447 3671//1446
f 3632//1407 3633//1408 3673//1448
f 3632//1407 3673//1448 3672//1447
f 3633//1408 3634//1409 3674//1449
f 3633//1408 3674//1449 3673//1448
f 3634//1409 3635//1410 3675//1450
f 3634//1409 3675//1450 3674//1449
f 3635//1410 3636//1411 3676//1451
f 3635//1410 3676//1451 3675//1450
f 3636//1411 3637//1412 3677//1452
f 3636//1411 3677//1452 3676//1451
f 3637//1412 3638//1413 3678//1453
f 3637//1412 3678//1453 3677//1452
f 3638//1413 3639//1414 3679//1454
f 3638//1413 3679//1454 3678//1453
f 3639//1414 3640//1415 3680//1455
f 3639//1414 3680//1455 3679//1454
f 3640//1415 3641//1416 3681//1456
f 3640//1415 3681//1456 3680//1455
f 3641//1416 3642//1417 3682//1457
f 3641//1416 3682//1457 3681//1456
f 3642//1417 3643//1418 3683//1458
f 3642//1417 3683//1458 3682//1457
f 3643//1418 3605//1380 3645//1420
f 3643//1418 3645//1420 3683//1458
f 3645//1420 3644//1419 3684//1459
f 3645//1420 3684//1459 3685//531
f 3644//1419 3646//1421 3686//1460
f 3644//1419 3686//1460 3684//1459
f 3646//1421 3647//1422 3687//1461
f 3646//1421 3687//1461 3686//1460
f 3647//1422 3648//1423 3688//1462
f 3647//1422 3688//1462 3687//1461
f 3648//1423 3649//1424 3689//536
f 3648//1423 3689//536 3688//1462
f 3649//1424 3650//1425 3690//1463
f 3649//1424 3690//1463 3689//536
f 3650//1425 3651//1426 3691//1464
f 3650//1425 3691//1464 3690//1463
f 3651//1426 3652//1427 3692//1465
f 3651//1426 3692//1465 3691//1464
f 3652//1427 3653//1428 3693//1466
f 3652//1427 3693//1466 3692//1465
f 3653//1428 3654//1429 3694//542
f 3653//1428 3694//542 3693//1466
f 3654//1429 3655//1430 3695//1467
f 3654//1429 3695//1467 3694//542
f 3655//1430 3656//1431 3696//1468
f 3655//1430 3696//1468 3695//1467
f 3656//1431 3657//1432 3697//1469
f 3656//1431 3697//1469 3696//1468
f 3657//1432 3658//1433 3698//1470
f 3657//1432 3698//1470 3697//1469
f 3658//1433 3659//1434 3699//548
f 3658//1433 3699//548 3698//1470
f 3659//1434 3660//1435 3700//1471
f 3659//1434 3700//1471 3699//548
f 3660//1435 3661//1436 3701//1472
f 3660//1435 3701//1472 3700//1471
f 3661//1436 3662//1437 3702//1473
f 3661//1436 3702//1473 3701//1472
f 3662//1437 3663//1438 3703//1474
f 3662//1437 3703//1474 3702//1473
f 3663//1438 3664//1439 3704//554
f 3663//1438 3704//554 3703//1474
f 3664//1439 3665//1440 3705//1475
f 3664//1439 3705//1475 3704//554
f 3665//1440 3666//1441 3706//1476
f 3665//1440 3706//1476 3705//1475
f 3666//1441 3667//1442 3707//1477
f 3666//1441 3707//1477 3706//1476
f 3667//1442 3668//1443 3708//1478
f 3667//1442 3708//1478 3707//1477
f 3668//1443 3669//1444 3709//560
f 3668//1443 3709//560 3708//1478
f 3669//1444 3670//1445 3710//1479
f 3669//1444 3710//1479 3709//560
f 3670//1445 3671//1446 3711//1480
f 3670//1445 3711//1480 3710//1479
f 3671//1446 3672//1447 3712//1481
f 3671//1446 3712//1481 3711//1480
f 3672//1447 3673//1448 3713//1482
f 3672//1447 3713//1482 3712//1481
f 3673//1448 3674//1449 3714//566
f 3673//1448 3714//566 3713//1482
f 3674//1449 3675//1450 3715//1483
f 3674//1449 3715//1483 3714//566
f 3675//1450 3676//1451 3716//1484
f 3675//1450 3716//1484 3715//1483
f 3676//1451 3677//1452 3717//1485
f 3676//1451 3717//1485 3716//1484
f 3677//1452 3678//1453 3718//1486
f 3677//1452 3718//1486 3717//1485
f 3678//1453 3679//1454 3719//572
f 3678//1453 3719//572 3718//1486
f 3679//1454 3680//1455 3720//1487
f 3679//1454 3720//1487 3719//572
f 3680//1455 3681//1456 3721//1488
f 3680//1455 3721//1488 3720//1487
f 3681//1456 3682//1457 3722//1489
f 3681//1456 3722//1489 3721//1488
f 3682//1457 3683//1458 3723//1490
f 3682//1457 3723//1490 3722//1489
f 3683//1458 3645//1420 3685//531
f 3683//1458 3685//531 3723//1490
f 3685//531 3684//1459 3724//1491
f 3685//531 3724//1491 3725//1492
f 3684//1459 3686//1460 3726//1493
f 3684//1459 3726//1493 3724//1491
f 3686//1460 3687//1461 3727//1494
f 3686//1460 3727//1494 3726//1493
f 3687//1461 3688//1462 3728//1495
f 3687//1461 3728//1495 3727//1494
f 3688//1462 3689//536 3729//1496
f 3688//1462 3729//1496 3728//1495
f 3689//536 3690//1463 3730//1497
f 3689//536 3730//1497 3729//1496
f 3690//1463 3691//1464 3731//1498
f 3690//1463 3731//1498 3730//1497
f 3691//1464 3692//1465 3732//1499
f 3691//1464 3732//1499 3731//1498
f 3692//1465 3693//1466 3733//1500
f 3692//1465 3733//1500 3732//1499
f 3693//1466 3694//542 3734//1501
f 3693//1466 3734//1501 3733//1500
f 3694//542 3695//1467 3735//1502
f 3694//542 3735//1502 3734//1501
f 3695//1467 3696//1468 3736//1503
f 3695//1467 3736//1503 3735//1502
f 3696//1468 3697//1469 3737//1504
f 3696//1468 3737//1504 3736//1503
f 3697//1469 3698//1470 3738//1505
f 3697//1469 3738//1505 3737//1504
f 3698//1470 3699//548 3739//1506
f 3698//1470 3739//1506 3738//1505
f 3699//548 3700//1471 3740//1507
f 3699//548 3740//1507 3739//1506
f 3700//1471 3701//1472 3741//1508
f 3700//1471 3741//1508 3740//1507
f 3701//1472 3702//1473 3742//1509
f 3701//1472 3742//1509 3741//1508
f 3702//1473 3703//1474 3743//1510
f 3702//1473 3743//1510 3742//1509
f 3703//1474 3704//554 3744//1511
f 3703//1474 3744//1511 3743//1510
f 3704//554 3705//1475 3745//1512
f 3704//554 3745//1512 3744//1511
f 3705//1475 3706//1476 3746//1513
f 3705//1475 3746//1513 3745//1512
f 3706//1476 3707//1477 3747//1514
f 3706//1476 3747//1514 3746//1513
f 3707//1477 3708//1478 3748//1515
f 3707//1477 3748//1515 3747//1514
f 3708//1478 3709//560 3749//1516
f 3708//1478 3749//1516 3748//1515
f 3709//560 3710//1479 3750//1517
f 3709//560 3750//1517 3749//1516
f 3710//1479 3711//1480 3751//1518
f 3710//1479 3751//1518 3750//1517
f 3711//1480 3712//1481 3752//1519
f 3711//1480 3752//1519 3751//1518
f 3712//1481 3713//1482 3753//1520
f 3712//1481 3753//1520 3752//1519
f 3713//1482 3714//566 3754//1521
f 3713//1482 3754//1521 3753//1520
f 3714//566 3715//1483 3755//1522
f 3714//566 3755//1522 3754//1521
f 3715//1483 3716//1484 3756//1523
f 3715//1483 3756//1523 3755//1522
f 3716//1484 3717//1485 3757//1524
f 3716//1484 3757//1524 3756//1523
f 3717//1485 3718//1486 3758//1525
f 3717//1485 3758//1525 3757//1524
f 3718//1486 3719//572 3759//1526
f 3718//1486 3759//1526 3758//1525
f 3719//572 3720//1487 3760//1527
f 3719//572 3760//1527 3759//1526
f 3720//1487 3721//1488 3761//1528
f 3720//1487 3761//1528 3760//1527
f 3721//1488 3722//1489 3762//1529
f 3721//1488 3762//1529 3761//1528
f 3722//1489 3723//1490 3763//1530
f 3722//1489 3763//1530 3762//1529
f 3723//1490 3685//531 3725//1492
f 3723//1490 3725//1492 3763//1530
f 3725//1492 3724//1491 3764//1531
f 3725//1492 3764//1531 3765//1532
f 3724//1491 3726//1493 3766//1533
f 3724//1491 3766//1533 3764//1531
f 3726//1493 3727//1494 3767//1534
f 3726//1493 3767//1534 3766//1533
f 3727//1494 3728//1495 3768//1535
f 3727//1494 3768//1535 3767//1534
f 3728//1495 3729//1496 3769//1536
f 3728//1495 3769//1536 3768//1535
f 3729//1496 3730//1497 3770//1537
f 3729//1496 3770//1537 3769//1536
f 3730//1497 3731//1498 3771//1538
f 3730//1497 3771//1538 3770//1537
f 3731//1498 3732//1499 3772//1539
f 3731//1498 3772//1539 3771//1538
f 3732//1499 3733//1500 3773//1540
f 3732//1499 3773//1540 3772//1539
f 3733//1500 3734//1501 3774//1541
f 3733//1500 3774//1541 3773//1540
f 3734//1501 3735//1502 3775//1542
f 3734//1501 3775//1542 3774//1541
f 3735//1502 3736//1503 3776//1543
f 3735//1502 3776//1543 3775//1542
f 3736//1503 3737//1504 3777//1544
f 3736//1503 3777//1544 3776//1543
f 3737//1504 3738//1505 3778//1545
f 3737//1504 3778//1545 3777//1544
f 3738//1505 3739//1506 3779//1546
f 3738//1505 3779//1546 3778//1545
f 3739//1506 3740//1507 3780//1547
f 3739//1506 3780//1547 3779//1546
f 3740//1507 3741//1508 3781//1548
f 3740//1507 3781//1548 3780//1547
f 3741//1508 3742//1509 3782//1549
f 3741//1508 3782//1549 3781//1548
f 3742//1509 3743//1510 3783//1550
f 3742//1509 3783//1550 3782//1549
f 3743//1510 3744//1511 3784//1551
f 3743//1510 3784//1551 3783//1550
f 3744//1511 3745//1512 3785//1552
f 3744//1511 3785//1552 3784//1551
f 3745//1512 3746//1513 3786//1553
f 3745//1512 3786//1553 3785//1552
f 3746//1513 3747//1514 3787//1554
f 3746//1513 3787//1554 3786//1553
f 3747//1514 3748//1515 3788//1555
f 3747//1514 3788//1555 3787//1554
f 3748//1515 3749//1516 3789//1556
f 3748//1515 3789//1556 3788//1555
f 3749//1516 3750//1517 3790//1557
f 3749//1516 3790//1557 3789//1556
f 3750//1517 3751//1518 3791//1558
f 3750//1517 3791//1558 3790//1557
f 3751//1518 3752//1519 3792//1559
f 3751//1518 3792//1559 3791//1558
f 3752//1519 3753//1520 3793//1560
f 3752//1519 3793//1560 3792//1559
f 3753//1520 3754//1521 3794//1561
f 3753//1520 3794//1561 3793//1560
f 3754//1521 3755//1522 3795//1562
f 3754//1521 3795//1562 3794//1561
f 3755//1522 3756//1523 3796//1563
f 3755//1522 3796//1563 3795//1562
f 3756//1523 3757//1524 3797//1564
f 3756//1523 3797//1564 3796//1563
f 3757//1524 3758//1525 3798//1565
f 3757//1524 3798//1565 3797//1564
f 3758//1525 3759//1526 3799//1566
f 3758//1525 3799//1566 3798//1565
f 3759//1526 3760//1527 3800//1567
f 3759//1526 3800//1567 3799//1566
f 3760//1527 3761//1528 3801//1568
f 3760//1527 3801//1568 3800//1567
f 3761//1528 3762//1529 3802//1569
f 3761//1528 3802//1569 3801//1568
f 3762//1529 3763//1530 3803//1570
f 3762//1529 3803//1570 3802//1569
f 3763//1530 3725//1492 3765//1532
f 3763//1530 3765//1532 3803//1570
f 3765//1532 3764//1531 3804//1571
f 3765//1532 3804//1571 3805//1572
f 3764//1531 3766//1533 3806//1573
f 3764//1531 3806//1573 3804//1571
f 3766//1533 3767//1534 3807//1574
f 3766//1533 3807//1574 3806//1573
f 3767//1534 3768//1535 3808//1575
f 3767//1534 3808//1575 3807//1574
f 3768//1535 3769//1536 3809//1576
f 3768//1535 3809//1576 3808//1575
f 3769//1536 3770//1537 3810//1577
f 3769//1536 3810//1577 3809//1576
f 3770//1537 3771//1538 3811//1578
f 3770//1537 3811//1578 3810//1577
f 3771//1538 3772//1539 3812//1579
f 3771//1538 3812//1579 3811//1578
f 3772//1539 3773//1540 3813//1580
f 3772//1539 3813//1580 3812//1579
f 3773//1540 3774//1541 3814//1581
f 3773//1540 3814//1581 3813//1580
f 3774//1541 3775//1542 3815//1582
f 3774//1541 3815//1582 3814//1581
f 3775//1542 3776//1543 3816//1583
f 3775//1542 3816//1583 3815//1582
f 3776//1543 3777//1544 3817//1584
f 3776//1543 3817//1584 3816//1583
f 3777//1544 3778//1545 3818//1585
f 3777//1544 3818//1585 3817//1584
f 3778//1545 3779//1546 3819//1586
f 3778//1545 3819//1586 3818//1585
f 3779//1546 3780//1547 3820//1587
f 3779//1546 3820//1587 3819//1586
f 3780//1547 3781//1548 3821//1588
f 3780//1547 3821//1588 3820//1587
f 3781//1548 3782//1549 3822//1589
f 3781//1548 3822//1589 3821//1588
f 3782//1549 3783//1550 3823//1590
f 3782//1549 3823//1590 3822//1589
f 3783//1550 3784//1551 3824//1591
f 3783//1550 3824//1591 3823//1590
f 3784//1551 3785//1552 3825//1592
f 3784//1551 3825//1592 3824//1591
f 3785//1552 3786//1553 3826//1593
f 3785//1552 3826//1593 3825//1592
f 3786//1553 3787//1554 3827//1594
f 3786//1553 3827//1594 3826//1593
f 3787//1554 3788//1555 3828//1595
f 3787//1554 3828//1595 3827//1594
f 3788//1555 3789//1556 3829//1596
f 3788//1555 3829//1596 3828//1595
f 3789//1556 3790//1557 3830//1597
f 3789//1556 3830//1597 3829//1596
f 3790//1557 3791//1558 3831//1598
f 3790//1557 3831//1598 3830//1597
f 3791//1558 3792//1559 3832//1599
f 3791//1558 3832//1599 3831//1598
f 3792//1559 3793//1560 3833//1600
f 3792//1559 3833//1600 3832//1599
f 3793//1560 3794//1561 3834//1601
f 3793//1560 3834//1601 3833//1600
f 3794//1561 3795//1562 3835//1602
f 3794//1561 3835//1602 3834//1601
f 3795//1562 3796//1563 3836//1603
f 3795//1562 3836//1603 3835//1602
f 3796//1563 3797//1564 3837//1604
f 3796//1563 3837//1604 3836//1603
f 3797//1564 3798//1565 3838//1605
f 3797//1564 3838//1605 3837//1604
f 3798//1565 3799//1566 3839//1606
f 3798//1565 3839//1606 3838//1605
f 3799//1566 3800//1567 3840//1607
f 3799//1566 3840//1607 3839//1606
f 3800//1567 3801//1568 3841//1608
f 3800//1567 3841//1608 3840//1607
f 3801//1568 3802//1569 3842//1609
f 3801//1568 3842//1609 3841//1608
f 3802//1569 3803//1570 3843//1610
f 3802//1569 3843//1610 3842//1609
f 3803//1570 3765//1532 3805//1572
f 3803//1570 3805//1572 3843//1610
f 3805//1572 3804//1571 3844//1611
f 3805//1572 3844//1611 3845//1612
f 3804//1571 3806//1573 3846//1613
f 3804//1571 3846//1613 3844//1611
f 3806//1573 3807//1574 3847//1614
f 3806//1573 3847//1614 3846//1613
f 3807//1574 3808//1575 3848//1615
f 3807//1574 3848//1615 3847//1614
f 3808//1575 3809//1576 3849//1616
f 3808//1575 3849//1616 3848//1615
f 3809//1576 3810//1577 3850//1617
f 3809//1576 3850//1617 3849//1616
f 3810//1577 3811//1578 3851//1618
f 3810//1577 3851//1618 3850//1617
f 3811//1578 3812//1579 3852//1619
f 3811//1578 3852//1619 3851//1618
f 3812//1579 3813//1580 3853//1620
f 3812//1579 3853//1620 3852//1619
f 3813//1580 3814//1581 3854//1621
f 3813//1580 3854//1621 3853//1620
f 3814//1581 3815//1582 3855//1622
f 3814//1581 3855//1622 3854//1621
f 3815//1582 3816//1583 3856//1623
f 3815//1582 3856//1623 3855//1622
f 3816//1583 3817//1584 3857//1624
f 3816//1583 3857//1624 3856//1623
f 3817//1584 3818//1585 3858//1625
f 3817//1584 3858//1625 3857//1624
f 3818//1585 3819//1586 3859//1626
f 3818//1585 3859//1626 3858//1625
f 3819//1586 3820//1587 3860//1627
f 3819//1586 3860//1627 3859//1626
f 3820//1587 3821//1588 3861//1628
f 3820//1587 3861//1628 3860//1627
f 3821//1588 3822//1589 3862//1629
f 3821//1588 3862//1629 3861//1628
f 3822//1589 3823//1590 3863//1630
f 3822//1589 3863//1630 3862//1629
f 3823//1590 3824//1591 3864//1631
f 3823//1590 3864//1631 3863//1630
f 3824//1591 3825//1592 3865//1632
f 3824//1591 3865//1632 3864//1631
f 3825//1592 3826//1593 3866//1633
f 3825//1592 3866//1633 3865//1632
f 3826//1593 3827//1594 3867//1634
f 3826//1593 3867//1634 3866//1633
f 3827//1594 3828//1595 3868//1635
f 3827//1594 3868//1635 3867//1634
f 3828//1595 3829//1596 3869//1636
f 3828//1595 3869//1636 3868//1635
f 3829//1596 3830//1597 3870//1637
f 3829//1596 3870//1637 3869//1636
f 3830//1597 3831//1598 3871//1638
f 3830//1597 3871//1638 3870//1637
f 3831//1598 3832//1599 3872//1639
f 3831//1598 3872//1639 3871//1638
f 3832//1599 3833//1600 3873//1640
f 3832//1599 3873//1640 3872//1639
f 3833//1600 3834//1601 3874//1641
f 3833//1600 3874//1641 3873//1640
f 3834//1601 3835//1602 3875//1642
f 3834//1601 3875//1642 3874//1641
f 3835//1602 3836//1603 3876//1643
f 3835//1602 3876//1643 3875//1642
f 3836//1603 3837//1604 3877//1644
f 3836//1603 3877//1644 3876//1643
f 3837//1604 3838//1605 3878//1645
f 3837//1604 3878//1645 3877//1644
f 3838//1605 3839//1606 3879//1646
f 3838//1605 3879//1646 3878//1645
f 3839//1606 3840//1607 3880//1647
f 3839//1606 3880//1647 3879//1646
f 3840//1607 3841//1608 3881//1648
f 3840//1607 3881//1648 3880//1647
f 3841//1608 3842//1609 3882//1649
f 3841//1608 3882//1649 3881//1648
f 3842//1609 3843//1610 3883//1650
f 3842//1609 3883//1650 3882//1649
f 3843//1610 3805//1572 3845//1612
f 3843//1610 3845//1612 3883//1650
f 3845//1612 3844//1611 3884//1651
f 3845//1612 3884//1651 3885//819
f 3844//1611 3846//1613 3886//1652
f 3844//1611 3886//1652 3884//1651
f 3846//1613 3847//1614 3887//1653
f 3846//1613 3887//1653 3886//1652
f 3847//1614 3848//1615 3888//1654
f 3847//1614 3888//1654 3887//1653
f 3848//1615 3849//1616 3889//824
f 3848//1615 3889//824 3888//1654
f 3849//1616 3850//1617 3890//1655
f 3849//1616 3890//1655 3889//824
f 3850//1617 3851//1618 3891//1656
f 3850//1617 3891//1656 3890//1655
f 3851//1618 3852//1619 3892//1657
f 3851//1618 3892//1657 3891//1656
f 3852//1619 3853//1620 3893//1658
f 3852//1619 3893//1658 3892//1657
f 3853//1620 3854//1621 3894//830
f 3853//1620 3894//830 3893//1658
f 3854//1621 3855//1622 3895//1659
f 3854//1621 3895//1659 3894//830
f 3855//1622 3856//1623 3896//1660
f 3855//1622 3896//1660 3895//1659
f 3856//1623 3857//1624 3897//1661
f 3856//1623 3897//1661 3896//1660
f 3857//1624 3858//1625 3898//1662
f 3857//1624 3898//1662 3897//1661
f 3858//1625 3859//1626 3899//836
f 3858//1625 3899//836 3898//1662
f 3859//1626 3860//1627 3900//1663
f 3859//1626 3900//1663 3899//836
f 3860//1627 3861//1628 3901//1664
f 3860//1627 3901//1664 3900//1663
f 3861//1628 3862//1629 3902//1665
f 3861//1628 3902//1665 3901//1664
f 3862//1629 3863//1630 3903//1666
f 3862//1629 3903//1666 3902//1665
f 3863//1630 3864//1631 3904//842
f 3863//1630 3904//842 3903//1666
f 3864//1631 3865//1632 3905//1667
f 3864//1631 3905//1667 3904//842
f 3865//1632 3866//1633 3906//1668
f 3865//1632 3906//1668 3905//1667
f 3866//1633 3867//1634 3907//1669
f 3866//1633 3907//1669 3906//1668
f 3867//1634 3868//1635 3908//1670
f 3867//1634 3908//1670 3907//1669
f 3868//1635 3869//1636 3909//848
f 3868//1635 3909//848 3908//1670
f 3869//1636 3870//1637 3910//1671
f 3869//1636 3910//1671 3909//848
f 3870//1637 3871//1638 3911//1672
f 3870//1637 3911//1672 3910//1671
f 3871//1638 3872//1639 3912//1673
f 3871//1638 3912//1673 3911//1672
f 3872//1639 3873//1640 3913//1674
f 3872//1639 3913//1674 3912//1673
f 3873//1640 3874//1641 3914//854
f 3873//1640 3914//854 3913//1674
f 3874//1641 3875//1642 3915//1675
f 3874//1641 3915//1675 3914//854
f 3875//1642 3876//1643 3916//1676
f 3875//1642 3916//1676 3915//1675
f 3876//1643 3877//1644 3917//1677
f 3876//1643 3917//1677 3916//1676
f 3877//1644 3878//1645 3918//1678
f 3877//1644 3918//1678 3917//1677
f 3878//1645 3879//1646 3919//860
f 3878//1645 3919//860 3918//1678
f 3879//1646 3880//1647 3920//1679
f 3879//1646 3920//1679 3919//860
f 3880//1647 3881//1648 3921//1680
f 3880//1647 3921//1680 3920//1679
f 3881//1648 3882//1649 3922//1681
f 3881//1648 3922//1681 3921//1680
f 3882//1649 3883//1650 3923//1682
f 3882//1649 3923//1682 3922//1681
f 3883//1650 3845//1612 3885//819
f 3883//1650 3885//819 3923//1682
f 3885//819 3884//1651 3924//1683
f 3885//819 3924//1683 3925//1684
f 3884//1651 3886//1652 3926//1685
f 3884//1651 3926//1685 3924//1683
f 3886//1652 3887//1653 3927//1686
f 3886//1652 3927//1686 3926//1685
f 3887//1653 3888//1654 3928//1687
f 3887//1653 3928//1687 3927//1686
f 3888//1654 3889//824 3929//1688
f 3888//1654 3929//1688 3928//1687
f 3889//824 3890//1655 3930//1689
f 3889//824 3930//1689 3929//1688
f 3890//1655 3891//1656 3931//1690
f 3890//1655 3931//1690 3930//1689
f 3891//1656 3892//1657 3932//1691
f 3891//1656 3932//1691 3931//1690
f 3892//1657 3893//1658 3933//1692
f 3892//1657 3933//1692 3932//1691
f 3893//1658 3894//830 3934//1693
f 3893//1658 3934//1693 3933//1692
f 3894//830 3895//1659 3935//1694
f 3894//830 3935//1694 3934//1693
f 3895//1659 3896//1660 3936//1695
f 3895//1659 3936//1695 3935//1694
f 3896//1660 3897//1661 3937//1696
f 3896//1660 3937//1696 3936//1695
f 3897//1661 3898//1662 3938//1697
f 3897//1661 3938//1697 3937//1696
f 3898//1662 3899//836 3939//1698
f 3898//1662 3939//1698 3938//1697
f 3899//836 3900//1663 3940//1699
f 3899//836 3940//1699 3939//1698
f 3900//1663 3901//1664 3941//1700
f 3900//1663 3941//1700 3940//1699
f 3901//1664 3902//1665 3942//1701
f 3901//1664 3942//1701 3941//1700
f 3902//1665 3903//1666 3943//1702
f 3902//1665 3943//1702 3942//1701
f 3903//1666 3904//842 3944//1703
f 3903//1666 3944//1703 3943//1702
f 3904//842 3905//1667 3945//1704
f 3904//842 3945//1704 3944//1703
f 3905//1667 3906//1668 3946//1705
f 3905//1667 3946//1705 3945//1704
f 3906//1668 3907//1669 3947//1706
f 3906//1668 3947//1706 3946//1705
f 3907//1669 3908//1670 3948//1707
f 3907//1669 3948//1707 3947//1706
f 3908//1670 3909//848 3949//1708
f 3908//1670 3949//1708 3948//1707
f 3909//848 3910//1671 3950//1709
f 3909//848 3950//1709 3949//1708
f 3910//1671 3911//1672 3951//1710
f 3910//1671 3951//1710 3950//1709
f 3911//1672 3912//1673 3952//1711
f 3911//1672 3952//1711 3951//1710
f 3912//1673 3913//1674 3953//1712
f 3912//1673 3953//1712 3952//1711
f 3913//1674 3914//854 3954//1713
f 3913//1674 3954//1713 3953//1712
f 3914//854 3915//1675 3955//1714
f 3914//854 3955//1714 3954//1713
f 3915//1675 3916//1676 3956//1715
f 3915//1675 3956//1715 3955//1714
f 3916//1676 3917//1677 3957//1716
f 3916//1676 3957//1716 3956//1715
f 3917//1677 3918//1678 3958//1717
f 3917//1677 3958//1717 3957//1716
f 3918//1678 3919//860 3959//1718
f 3918//1678 3959//1718 3958//1717
f 3919//860 3920//1679 3960//1719
f 3919//860 3960//1719 3959//1718
f 3920//1679 3921//1680 3961//1720
f 3920//1679 3961//1720 3960//1719
f 3921//1680 3922//1681 3962//1721
f 3921//1680 3962//1721 3961//1720
f 3922//1681 3923//1682 3963//1722
f 3922//1681 3963//1722 3962//1721
f 3923//1682 3885//819 3925//1684
f 3923//1682 3925//1684 3963//1722
f 3925//1684 3924//1683 3964//1723
f 3925//1684 3964//1723 3965//1724
f 3924//1683 3926//1685 3966//1725
f 3924//1683 3966//1725 3964//1723
f 3926//1685 3927//1686 3967//1726
f 3926//1685 3967//1726 3966//1725
f 3927//1686 3928//1687 3968//1727
f 3927//1686 3968//1727 3967//1726
f 3928//1687 3929//1688 3969//1728
f 3928//1687 3969//1728 3968//1727
f 3929//1688 3930//1689 3970//1729
f 3929//1688 3970//1729 3969//1728
f 3930//1689 3931//1690 3971//1730
f 3930//1689 3971//1730 3970//1729
f 3931//1690 3932//1691 3972//1731
f 3931//1690 3972//1731 3971//1730
f 3932//1691 3933//1692 3973//1732
f 3932//1691 3973//1732 3972//1731
f 3933//1692 3934//1693 3974//1733
f 3933//1692 3974//1733 3973//1732
f 3934//1693 3935//1694 3975//1734
f 3934//1693 3975//1734 3974//1733
f 3935//1694 3936//1695 3976//1735
f 3935//1694 3976//1735 3975//1734
f 3936//1695 3937//1696 3977//1736
f 3936//1695 3977//1736 3976//1735
f 3937//1696 3938//1697 3978//1737
f 3937//1696 3978//1737 3977//1736
f 3938//1697 3939//1698 3979//1738
f 3938//1697 3979//1738 3978//1737
f 3939//1698 3940//1699 3980//1739
f 3939//1698 3980//1739 3979//1738
f 3940//1699 3941//1700 3981//1740
f 3940//1699 3981//1740 3980//1739
f 3941//1700 3942//1701 3982//1741
f 3941//1700 3982//1741 3981//1740
f 3942//1701 3943//1702 3983//1742
f 3942//1701 3983//1742 3982//1741
f 3943//1702 3944//1703 3984//1743
f 3943//1702 3984//1743 3983//1742
f 3944//1703 3945//1704 3985//1744
f 3944//1703 3985//1744 3984//1743
f 3945//1704 3946//1705 3986//1745
f 3945//1704 3986//1745 3985//1744
f 3946//1705 3947//1706 3987//1746
f 3946//1705 3987//1746 3986//1745
f 3947//1706 3948//1707 3988//1747
f 3947//1706 3988//1747 3987//1746
f 3948//1707 3949//1708 3989//1748
f 3948//1707 3989//1748 3988//1747
f 3949//1708 3950//1709 3990//1749
f 3949//1708 3990//1749 3989//1748
f 3950//1709 3951//1710 3991//1750
f 3950//1709 3991//1750 3990//1749
f 3951//1710 3952//1711 3992//1751
f 3951//1710 3992//1751 3991//1750
f 3952//1711 3953//1712 3993//1752
f 3952//1711 3993//1752 3992//1751
f 3953//1712 3954//1713 3994//1753
f 3953//1712 3994//1753 3993//1752
f 3954//1713 3955//1714 3995//1754
f 3954//1713 3995//1754 3994//1753
f 3955//1714 3956//1715 3996//1755
f 3955//1714 3996//1755 3995//1754
f 3956//1715 3957//1716 3997//1756
f 3956//1715 3997//1756 3996//1755
f 3957//1716 3958//1717 3998//1757
f 3957//1716 3998//1757 3997//1756
f 3958//1717 3959//1718 3999//1758
f 3958//1717 3999//1758 3998//1757
f 3959//1718 3960//1719 4000//1759
f 3959//1718 4000//1759 3999//1758
f 3960//1719 3961//1720 4001//1760
f 3960//1719 4001//1760 4000//1759
f 3961//1720 3962//1721 4002//1761
f 3961//1720 4002//1761 4001//1760
f 3962//1721 3963//1722 4003//1762
f 3962//1721 4003//1762 4002//1761
f 3963//1722 3925//1684 3965//1724
f 3963//1722 3965//1724 4003//1762
f 3965//1724 3964//1723 4004//1763
f 3965//1724 4004//1763 4005//1764
f 3964//1723 3966//1725 4006//1765
f 3964//1723 4006//1765 4004//1763
f 3966//1725 3967//1726 4007//1766
f 3966//1725 4007//1766 4006//1765
f 3967//1726 3968//1727 4008//1767
f 3967//1726 4008//1767 4007//1766
f 3968//1727 3969//1728 4009//1768
f 3968//1727 4009//1768 4008//1767
f 3969//1728 3970//1729 4010//1769
f 3969//1728 4010//1769 4009//1768
f 3970//1729 3971//1730 4011//1770
f 3970//1729 4011//1770 4010//1769
f 3971//1730 3972//1731 4012//1771
f 3971//1730 4012//1771 4011//1770
f 3972//1731 3973//1732 4013//1772
f 3972//1731 4013//1772 4012//1771
f 3973//1732 3974//1733 4014//1773
f 3973//1732 4014//1773 4013//1772
f 3974//1733 3975//1734 4015//1774
f 3974//1733 4015//1774 4014//1773
f 3975//1734 3976//1735 4016//1775
f 3975//1734 4016//1775 4015//1774
f 3976//1735 3977//1736 4017//1776
f 3976//1735 4017//1776 4016//1775
f 3977//1736 3978//1737 4018//1777
f 3977//1736 4018//1777 4017//1776
f 3978//1737 3979//1738 4019//1778
f 3978//1737 4019//1778 4018//1777
f 3979//1738 3980//1739 4020//1779
f 3979//1738 4020//1779 4019//1778
f 3980//1739 3981//1740 4021//1780
f 3980//1739 4021//1780 4020//1779
f 3981//1740 3982//1741 4022//1781
f 3981//1740 4022//1781 4021//1780
f 3982//1741 3983//1742 4023//1782
f 3982//1741 4023//1782 4022//1781
f 3983//1742 3984//1743 4024//1783
f 3983//1742 4024//1783 4023//1782
f 3984//1743 3985//1744 4025//1784
f 3984//1743 4025//1784 4024//1783
f 3985//1744 3986//1745 4026//1785
f 3985//1744 4026//1785 4025//1784
f 3986//1745 3987//1746 4027//1786
f 3986//1745 4027//1786 4026//1785
f 3987//1746 3988//1747 4028//1787
f 3987//1746 4028//1787 4027//1786
f 3988//1747 3989//1748 4029//1788
f 3988//1747 4029//1788 4028//1787
f 3989//1748 3990//1749 4030//1789
f 3989//1748 4030//1789 4029//1788
f 3990//1749 3991//1750 4031//1790
f 3990//1749 4031//1790 4030//1789
f 3991//1750 3992//1751 4032//1791
f 3991//1750 4032//1791 4031//1790
f 3992//1751 3993//1752 4033//1792
f 3992//1751 4033//1792 4032//1791
f 3993//1752 3994//1753 4034//1793
f 3993//1752 4034//1793 4033//1792
f 3994//1753 3995//1754 4035//1794
f 3994//1753 4035//1794 4034//1793
f 3995//1754 3996//1755 4036//1795
f 3995//1754 4036//1795 4035//1794
f 3996//1755 3997//1756 4037//1796
f 3996//1755 4037//1796 4036//1795
f 3997//1756 3998//1757 4038//1797
f 3997//1756 4038//1797 4037//1796
f 3998//1757 3999//1758 4039//1798
f 3998//1757 4039//1798 4038//1797
f 3999//1758 4000//1759 4040//1799
f 3999//1758 4040//1799 4039//1798
f 4000//1759 4001//1760 4041//1800
f 4000//1759 4041//1800 4040//1799
f 4001//1760 4002//1761 4042//1801
f 4001//1760 4042//1801 4041//1800
f 4002//1761 4003//1762 4043//1802
f 4002//1761 4043//1802 4042//1801
f 4003//1762 3965//1724 4005//1764
f 4003//1762 4005//1764 4043//1802
f 4005//1764 4004//1763 4044//1803
f 4005//1764 4044//1803 4045//1804
f 4004//1763 4006//1765 4046//1805
f 4004//1763 4046//1805 4044//1803
f 4006//1765 4007//1766 4047//1806
f 4006//1765 4047//1806 4046//1805
f 4007//1766 4008//1767 4048//1807
f 4007//1766 4048//1807 4047//1806
f 4008//1767 4009//1768 4049//1808
f 4008//1767 4049//1808 4048//1807
f 4009//1768 4010//1769 4050//1809
f 4009//1768 4050//1809 4049//1808
f 4010//1769 4011//1770 4051//1810
f 4010//1769 4051//1810 4050//1809
f 4011//1770 4012//1771 4052//1811
f 4011//1770 4052//1811 4051//1810
f 4012//1771 4013//1772 4053//1812
f 4012//1771 4053//1812 4052//1811
f 4013//1772 4014//1773 4054//1813
f 4013//1772 4054//1813 4053//1812
f 4014//1773 4015//1774 4055//1814
f 4014//1773 4055//1814 4054//1813
f 4015//1774 4016//1775 4056//1815
f 4015//1774 4056//1815 4055//1814
f 4016//1775 4017//1776 4057//1816
f 4016//1775 4057//1816 4056//1815
f 4017//1776 4018//1777 4058//1817
f 4017//1776 4058//1817 4057//1816
f 4018//1777 4019//1778 4059//1818
f 4018//1777 4059//1818 4058//1817
f 4019//1778 4020//1779 4060//1819
f 4019//1778 4060//1819 4059//1818
f 4020//1779 4021//1780 4061//1820
f 4020//1779 4061//1820 4060//1819
f 4021//1780 4022//1781 4062//1821
f 4021//1780 4062//1821 4061//1820
f 4022//1781 4023//1782 4063//1822
f 4022//1781 4063//1822 4062//1821
f 4023//1782 4024//1783 4064//1823
f 4023//1782 4064//1823 4063//1822
f 4024//1783 4025//1784 4065//1824
f 4024//1783 4065//1824 4064//1823
f 4025//1784 4026//1785 4066//1825
f 4025//1784 4066//1825 4065//1824
f 4026//1785 4027//1786 4067//1826
f 4026//1785 4067//1826 4066//1825
f 4027//1786 4028//1787 4068//1827
f 4027//1786 4068//1827 4067//1826
f 4028//1787 4029//1788 4069//1828
f 4028//1787 4069//1828 4068//1827
f 4029//1788 4030//1789 4070//1829
f 4029//1788 4070//1829 4069//1828
f 4030//1789 4031//1790 4071//1830
f 4030//1789 4071//1830 4070//1829
f 4031//1790 4032//1791 4072//1831
f 4031//1790 4072//1831 4071//1830
f 4032//1791 4033//1792 4073//1832
f 4032//1791 4073//1832 4072//1831
f 4033//1792 4034//1793 4074//1833
f 4033//1792 4074//1833 4073//1832
f 4034//1793 4035//1794 4075//1834
f 4034//1793 4075//1834 4074//1833
f 4035//1794 4036//1795 4076//1835
f 4035//1794 4076//1835 4075//1834
f 4036//1795 4037//1796 4077//1836
f 4036//1795 4077//1836 4076//1835
f 4037//1796 4038//1797 4078//1837
f 4037//1796 4078//1837 4077//1836
f 4038//1797 4039//1798 4079//1838
f 4038//1797 4079//1838 4078//1837
f 4039//1798 4040//1799 4080//1839
f 4039//1798 4080//1839 4079//1838
f 4040//1799 4041//1800 4081//1840
f 4040//1799 4081//1840 4080//1839
f 4041//1800 4042//1801 4082//1841
f 4041//1800 4082//1841 4081//1840
f 4042//1801 4043//1802 4083//1842
f 4042//1801 4083//1842 4082//1841
f 4043//1802 4005//1764 4045//1804
f 4043//1802 4045//1804 4083//1842
f 4045//1804 4044//1803 4084//1106
f 4044//1803 4046//1805 4084//1106
f 4046//1805 4047//1806 4084//1106
f 4047//1806 4048//1807 4084//1106
f 4048//1807 4049//1808 4084//1106
f 4049//1808 4050//1809 4084//1106
f 4050//1809 4051//1810 4084//1106
f 4051//1810 4052//1811 4084//1106
f 4052//1811 4053//1812 4084//1106
f 4053//1812 4054//1813 4084//1106
f 4054//1813 4055//1814 4084//1106
f 4055//1814 4056//1815 4084//1106
f 4056//1815 4057//1816 4084//1106
f 4057//1816 4058//1817 4084//1106
f 4058//1817 4059//1818 4084//1106
f 4059//1818 4060//1819 4084//1106
f 4060//1819 4061//1820 4084//1106
f 4061//1820 4062//1821 4084//1106
f 4062//1821 4063//1822 4084//1106
f 4063//1822 4064//1823 4084//1106
f 4064//1823 4065//1824 4084//1106
f 4065//1824 4066//1825 4084//1106
f 4066//1825 4067//1826 4084//1106
f 4067//1826 4068//1827 4084//1106
f 4068//1827 4069//1828 4084//1106
f 4069//1828 4070//1829 4084//1106
f 4070//1829 4071//1830 4084//1106
f 4071//1830 4072//1831 4084//1106
f 4072//1831 4073//1832 4084//1106
f 4073//1832 4074//1833 4084//1106
f 4074//1833 4075//1834 4084//1106
f 4075//1834 4076//1835 4084//1106
f 4076//1835 4077//1836 4084//1106
f 4077//1836 4078//1837 4084//1106
f 4078//1837 4079//1838 4084//1106
f 4079//1838 4080//1839 4084//1106
f 4080//1839 4081//1840 4084//1106
f 4081//1840 4082//1841 4084//1106
f 4082//1841 4083//1842 4084//1106
f 4083//1842 4045//1804 4084//1106
usemtl clay
f 4085//531 4086//1843 4087//1844
f 4085//531 4087//1844 4088//1845
f 4086//1843 4089//1846 4090//1847
f 4086//1843 4090//1847 4087//1844
f 4089//1846 4091//1848 4092//1849
f 4089//1846 4092//1849 4090//1847
f 4091//1848 4093//1850 4094//1851
f 4091//1848 4094//1851 4092//1849
f 4093//1850 4095//1852 4096//1853
f 4093//1850 4096//1853 4094//1851
f 4095//1852 4097//1854 4098//1855
f 4095//1852 4098//1855 4096//1853
f 4097//1854 4099//1 4100//1
f 4097//1854 4100//1 4098//1855
f 4099//1 4101//1856 4102//1857
f 4099//1 4102//1857 4100//1
f 4101//1856 4103//1858 4104//1859
f 4101//1856 4104//1859 4102//1857
f 4103//1858 4105//1860 4106//1861
f 4103//1858 4106//1861 4104//1859
f 4105//1860 4107//1862 4108//1863
f 4105//1860 4108//1863 4106//1861
f 4107//1862 4109//1864 4110//1865
f 4107//1862 4110//1865 4108//1863
f 4109//1864 4111//1866 4112//1867
f 4109//1864 4112//1867 4110//1865
f 4111//1866 4113//554 4114//1868
f 4111//1866 4114//1868 4112//1867
f 4113//554 4115//1869 4116//1870
f 4113//554 4116//1870 4114//1868
f 4115//1869 4117//1871 4118//1872
f 4115//1869 4118//1872 4116//1870
f 4117//1871 4119//1873 4120//1874
f 4117//1871 4120//1874 4118//1872
f 4119//1873 4121//1875 4122//1876
f 4119//1873 4122//1876 4120//1874
f 4121//1875 4123//1877 4124//1878
f 4121//1875 4124//1878 4122//1876
f 4123//1877 4125//1879 4126//1880
f 4123//1877 4126//1880 4124//1878
f 4125//1879 4127//1106 4128//1106
f 4125//1879 4128//1106 4126//1880
f 4127//1106 4129//1881 4130//1882
f 4127//1106 4130//1882 4128//1106
f 4129//1881 4131//1883 4132//1884
f 4129//1881 4132//1884 4130//1882
f 4131//1883 4133//1885 4134//1886
f 4131//1883 4134//1886 4132//1884
f 4133//1885 4135//1887 4136//1888
f 4133//1885 4136//1888 4134//1886
f 4135//1887 4137//1889 4138//1890
f 4135//1887 4138//1890 4136//1888
f 4137//1889 4139//1891 4140//1892
f 4137//1889 4140//1892 4138//1890
f 4139//1891 4085//531 4088//1845
f 4139//1891 4088//1845 4140//1892
f 4088//1845 4087//1844 4141//1893
f 4088//1845 4141//1893 4142//1894
f 4087//1844 4090//1847 4143//1895
f 4087//1844 4143//1895 4141//1893
f 4090//1847 4092//1849 4144//1896
f 4090//1847 4144//1896 4143//1895
f 4092//1849 4094//1851 4145//1897
f 4092//1849 4145//1897 4144//1896
f 4094//1851 4096//1853 4146//1898
f 4094//1851 4146//1898 4145//1897
f 4096//1853 4098//1855 4147//1899
f 4096//1853 4147//1899 4146//1898
f 4098//1855 4100//1 4148//1
f 4098//1855 4148//1 4147//1899
f 4100//1 4102//1857 4149//1900
f 4100//1 4149//1900 4148//1
f 4102//1857 4104//1859 4150//1901
f 4102//1857 4150//1901 4149//1900
f 4104//1859 4106//1861 4151//1902
f 4104//1859 4151//1902 4150//1901
f 4106//1861 4108//1863 4152//1903
f 4106//1861 4152//1903 4151//1902
f 4108//1863 4110//1865 4153//1904
f 4108//1863 4153//1904 4152//1903
f 4110//1865 4112//1867 4154//1905
f 4110//1865 4154//1905 4153//1904
f 4112//1867 4114//1868 4155//1906
f 4112//1867 4155//1906 4154//1905
f 4114//1868 4116//1870 4156//1907
f 4114//1868 4156//1907 4155//1906
f 4116//1870 4118//1872 4157//1908
f 4116//1870 4157//1908 4156//1907
f 4118//1872 4120//1874 4158//1909
f 4118//1872 4158//1909 4157//1908
f 4120//1874 4122//1876 4159//1910
f 4120//1874 4159//1910 4158//1909
f 4122//1876 4124//1878 4160//1911
f 4122//1876 4160//1911 4159//1910
f 4124//1878 4126//1880 4161//1912
f 4124//1878 4161//1912 4160//1911
f 4126//1880 4128//1106 4162//1106
f 4126//1880 4162//1106 4161//1912
f 4128//1106 4130//1882 4163//1913
f 4128//1106 4163//1913 4162//1106
f 4130//1882 4132//1884 4164//1914
f 4130//1882 4164//1914 4163//1913
f 4132//1884 4134//1886 4165//1915
f 4132//1884 4165//1915 4164//1914
f 4134//1886 4136//1888 4166//1916
f 4134//1886 4166//1916 4165//1915
f 4136//1888 4138//1890 4167//1917
f 4136//1888 4167//1917 4166//1916
f 4138//1890 4140//1892 4168//1918
f 4138//1890 4168//1918 4167//1917
f 4140//1892 4088//1845 4142//1894
f 4140//1892 4142//1894 4168//1918
f 4142//1894 4141//1893 4169//1919
f 4142//1894 4169//1919 4170//1920
f 4141//1893 4143//1895 4171//1921
f 4141//1893 4171//1921 4169//1919
f 4143//1895 4144//1896 4172//1922
f 4143//1895 4172//1922 4171//1921
f 4144//1896 4145//1897 4173//1923
f 4144//1896 4173//1923 4172//1922
f 4145//1897 4146//1898 4174//1924
f 4145//1897 4174//1924 4173//1923
f 4146//1898 4147//1899 4175//1925
f 4146//1898 4175//1925 4174//1924
f 4147//1899 4148//1 4176//1
f 4147//1899 4176//1 4175//1925
f 4148//1 4149//1900 4177//1926
f 4148//1 4177//1926 4176//1
f 4149//1900 4150//1901 4178//1927
f 4149//1900 4178//1927 4177//1926
f 4150//1901 4151//1902 4179//1928
f 4150//1901 4179//1928 4178//1927
f 4151//1902 4152//1903 4180//1929
f 4151//1902 4180//1929 4179//1928
f 4152//1903 4153//1904 4181//1930
f 4152//1903 4181//1930 4180//1929
f 4153//1904 4154//1905 4182//1931
f 4153//1904 4182//1931 4181//1930
f 4154//1905 4155//1906 4183//1932
f 4154//1905 4183//1932 4182//1931
f 4155//1906 4156//1907 4184//1933
f 4155//1906 4184//1933 4183//1932
f 4156//1907 4157//1908 4185//1934
f 4156//1907 4185//1934 4184//1933
f 4157//1908 4158//1909 4186//1935
f 4157//1908 4186//1935 4185//1934
f 4158//1909 4159//1910 4187//1936
f 4158//1909 4187//1936 4186//1935
f 4159//1910 4160//1911 4188//1937
f 4159//1910 4188//1937 4187//1936
f 4160//1911 4161//1912 4189//1938
f 4160//1911 4189//1938 4188//1937
f 4161//1912 4162//1106 4190//1106
f 4161//1912 4190//1106 4189//1938
f 4162//1106 4163//1913 4191//1939
f 4162//1106 4191//1939 4190//1106
f 4163//1913 4164//1914 4192//1940
f 4163//1913 4192//1940 4191//1939
f 4164//1914 4165//1915 4193//1941
f 4164//1914 4193//1941 4192//1940
f 4165//1915 4166//1916 4194//1942
f 4165//1915 4194//1942 4193//1941
f 4166//1916 4167//1917 4195//1943
f 4166//1916 4195//1943 4194//1942
f 4167//1917 4168//1918 4196//1944
f 4167//1917 4196//1944 4195//1943
f 4168//1918 4142//1894 4170//1920
f 4168//1918 4170//1920 4196//1944
f 4170//1920 4169//1919 4197//1945
f 4170//1920 4197//1945 4198//1946
f 4169//1919 4171//1921 4199//1947
f 4169//1919 4199//1947 4197//1945
f 4171//1921 4172//1922 4200//1948
f 4171//1921 4200//1948 4199//1947
f 4172//1922 4173//1923 4201//1949
f 4172//1922 4201//1949 4200//1948
f 4173//1923 4174//1924 4202//1950
f 4173//1923 4202//1950 4201//1949
f 4174//1924 4175//1925 4203//1951
f 4174//1924 4203//1951 4202//1950
f 4175//1925 4176//1 4204//1
f 4175//1925 4204//1 4203//1951
f 4176//1 4177//1926 4205//1952
f 4176//1 4205//1952 4204//1
f 4177//1926 4178//1927 4206//1953
f 4177//1926 4206//1953 4205//1952
f 4178//1927 4179//1928 4207//1954
f 4178//1927 4207//1954 4206//1953
f 4179//1928 4180//1929 4208//1955
f 4179//1928 4208//1955 4207//1954
f 4180//1929 4181//1930 4209//1956
f 4180//1929 4209//1956 4208//1955
f 4181//1930 4182//1931 4210//1957
f 4181//1930 4210//1957 4209//1956
f 4182//1931 4183//1932 4211//1958
f 4182//1931 4211//1958 4210//1957
f 4183//1932 4184//1933 4212//1959
f 4183//1932 4212//1959 4211//1958
f 4184//1933 4185//1934 4213//1960
f 4184//1933 4213//1960 4212//1959
f 4185//1934 4186//1935 4214//1961
f 4185//1934 4214//1961 4213//1960
f 4186//1935 4187//1936 4215//1962
f 4186//1935 4215//1962 4214//1961
f 4187//1936 4188//1937 4216//1963
f 4187//1936 4216//1963 4215//1962
f 4188//1937 4189//1938 4217//1964
f 4188//1937 4217//1964 4216//1963
f 4189//1938 4190//1106 4218//1106
f 4189//1938 4218//1106 4217//1964
f 4190//1106 4191//1939 4219//1965
f 4190//1106 4219//1965 4218//1106
f 4191//1939 4192//1940 4220//1966
f 4191//1939 4220//1966 4219//1965
f 4192//1940 4193//1941 4221//1967
f 4192//1940 4221//1967 4220//1966
f 4193//1941 4194//1942 4222//1968
f 4193//1941 4222//1968 4221//1967
f 4194//1942 4195//1943 4223//1969
f 4194//1942 4223//1969 4222//1968
f 4195//1943 4196//1944 4224//1970
f 4195//1943 4224//1970 4223//1969
f 4196//1944 4170//1920 4198//1946
f 4196//1944 4198//1946 4224//1970
f 4198//1946 4197//1945 4225//1971
f 4198//1946 4225//1971 4226//1972
f 4197//1945 4199//1947 4227//1973
f 4197//1945 4227//1973 4225//1971
f 4199//1947 4200//1948 4228//1974
f 4199//1947 4228//1974 4227//1973
f 4200//1948 4201//1949 4229//1975
f 4200//1948 4229//1975 4228//1974
f 4201//1949 4202//1950 4230//1976
f 4201//1949 4230//1976 4229//1975
f 4202//1950 4203//1951 4231//1977
f 4202//1950 4231//1977 4230//1976
f 4203//1951 4204//1 4232//1
f 4203//1951 4232//1 4231//1977
f 4204//1 4205//1952 4233//1978
f 4204//1 4233//1978 4232//1
f 4205//1952 4206//1953 4234//1979
f 4205//1952 4234//1979 4233//1978
f 4206//1953 4207//1954 4235//1980
f 4206//1953 4235//1980 4234//1979
f 4207//1954 4208//1955 4236//1981
f 4207//1954 4236//1981 4235//1980
f 4208//1955 4209//1956 4237//1982
f 4208//1955 4237//1982 4236//1981
f 4209//1956 4210//1957 4238//1983
f 4209//1956 4238//1983 4237//1982
f 4210//1957 4211//1958 4239//1984
f 4210//1957 4239//1984 4238//1983
f 4211//1958 4212//1959 4240//1985
f 4211//1958 4240//1985 4239//1984
f 4212//1959 4213//1960 4241//1986
f 4212//1959 4241//1986 4240//1985
f 4213//1960 4214//1961 4242//1987
f 4213//1960 4242//1987 4241//1986
f 4214//1961 4215//1962 4243//1988
f 4214//1961 4243//1988 4242//1987
f 4215//1962 4216//1963 4244//1989
f 4215//1962 4244//1989 4243//1988
f 4216//1963 4217//1964 4245//1990
f 4216//1963 4245//1990 4244//1989
f 4217//1964 4218//1106 4246//1106
f 4217//1964 4246//1106 4245//1990
f 4218//1106 4219//1965 4247//1991
f 4218//1106 4247//1991 4246//1106
f 4219//1965 4220//1966 4248//1992
f 4219//1965 4248//1992 4247//1991
f 4220//1966 4221//1967 4249//1993
f 4220//1966 4249//1993 4248//1992
f 4221//1967 4222//1968 4250//1994
f 4221//1967 4250//1994 4249//1993
f 4222//1968 4223//1969 4251//1995
f 4222//1968 4251//1995 4250//1994
f 4223//1969 4224//1970 4252//1996
f 4223//1969 4252//1996 4251//1995
f 4224//1970 4198//1946 4226//1972
f 4224//1970 4226//1972 4252//1996
f 4226//1972 4225//1971 4253//1997
f 4226//1972 4253//1997 4254//1998
f 4225//1971 4227//1973 4255//1999
f 4225//1971 4255//1999 4253//1997
f 4227//1973 4228//1974 4256//2000
f 4227//1973 4256//2000 4255//1999
f 4228//1974 4229//1975 4257//2001
f 4228//1974 4257//2001 4256//2000
f 4229//1975 4230//1976 4258//2002
f 4229//1975 4258//2002 4257//2001
f 4230//1976 4231//1977 4259//2003
f 4230//1976 4259//2003 4258//2002
f 4231//1977 4232//1 4260//1
f 4231//1977 4260//1 4259//2003
f 4232//1 4233//1978 4261//2004
f 4232//1 4261//2004 4260//1
f 4233//1978 4234//1979 4262//2005
f 4233//1978 4262//2005 4261//2004
f 4234//1979 4235//1980 4263//2006
f 4234//1979 4263//2006 4262//2005
f 4235//1980 4236//1981 4264//2007
f 4235//1980 4264//2007 4263//2006
f 4236//1981 4237//1982 4265//2008
f 4236//1981 4265//2008 4264//2007
f 4237//1982 4238//1983 4266//2009
f 4237//1982 4266//2009 4265//2008
f 4238//1983 4239//1984 4267//2010
f 4238//1983 4267//2010 4266//2009
f 4239//1984 4240//1985 4268//2011
f 4239//1984 4268//2011 4267//2010
f 4240//1985 4241//1986 4269//2012
f 4240//1985 4269//2012 4268//2011
f 4241//1986 4242//1987 4270//2013
f 4241//1986 4270//2013 4269//2012
f 4242//1987 4243//1988 4271//2014
f 4242//1987 4271//2014 4270//2013
f 4243//1988 4244//1989 4272//2015
f 4243//1988 4272//2015 4271//2014
f 4244//1989 4245//1990 4273//2016
f 4244//1989 4273//2016 4272//2015
f 4245//1990 4246//1106 4274//1106
f 4245//1990 4274//1106 4273//2016
f 4246//1106 4247//1991 4275//2017
f 4246//1106 4275//2017 4274//1106
f 4247//1991 4248//1992 4276//2018
f 4247//1991 4276//2018 4275//2017
f 4248//1992 4249//1993 4277//2019
f 4248//1992 4277//2019 4276//2018
f 4249//1993 4250//1994 4278//2020
f 4249//1993 4278//2020 4277//2019
f 4250//1994 4251//1995 4279//2021
f 4250//1994 4279//2021 4278//2020
f 4251//1995 4252//1996 4280//2022
f 4251//1995 4280//2022 4279//2021
f 4252//1996 4226//1972 4254//1998
f 4252//1996 4254//1998 4280//2022
f 4254//1998 4253//1997 4281//2023
f 4254//1998 4281//2023 4282//536
f 4253//1997 4255//1999 4283//2024
f 4253//1997 4283//2024 4281//2023
f 4255//1999 4256//2000 4284//2025
f 4255//1999 4284//2025 4283//2024
f 4256//2000 4257//2001 4285//2026
f 4256//2000 4285//2026 4284//2025
f 4257//2001 4258//2002 4286//2027
f 4257//2001 4286//2027 4285//2026
f 4258//2002 4259//2003 4287//2028
f 4258//2002 4287//2028 4286//2027
f 4259//2003 4260//1 4288//1
f 4259//2003 4288//1 4287//2028
f 4260//1 4261//2004 4289//2029
f 4260//1 4289//2029 4288//1
f 4261//2004 4262//2005 4290//2030
f 4261//2004 4290//2030 4289//2029
f 4262//2005 4263//2006 4291//2031
f 4262//2005 4291//2031 4290//2030
f 4263//2006 4264//2007 4292//2032
f 4263//2006 4292//2032 4291//2031
f 4264//2007 4265//2008 4293//2033
f 4264//2007 4293//2033 4292//2032
f 4265//2008 4266//2009 4294//2034
f 4265//2008 4294//2034 4293//2033
f 4266//2009 4267//2010 4295//560
f 4266//2009 4295//560 4294//2034
f 4267//2010 4268//2011 4296//2035
f 4267//2010 4296//2035 4295//560
f 4268//2011 4269//2012 4297//2036
f 4268//2011 4297//2036 4296//2035
f 4269//2012 4270//2013 4298//2037
f 4269//2012 4298//2037 4297//2036
f 4270//2013 4271//2014 4299//2038
f 4270//2013 4299//2038 4298//2037
f 4271//2014 4272//2015 4300//2039
f 4271//2014 4300//2039 4299//2038
f 4272//2015 4273//2016 4301//2040
f 4272//2015 4301//2040 4300//2039
f 4273//2016 4274//1106 4302//1106
f 4273//2016 4302//1106 4301//2040
f 4274//1106 4275//2017 4303//2041
f 4274//1106 4303//2041 4302//1106
f 4275//2017 4276//2018 4304//2042
f 4275//2017 4304//2042 4303//2041
f 4276//2018 4277//2019 4305//2043
f 4276//2018 4305//2043 4304//2042
f 4277//2019 4278//2020 4306//2044
f 4277//2019 4306//2044 4305//2043
f 4278//2020 4279//2021 4307//2045
f 4278//2020 4307//2045 4306//2044
f 4279//2021 4280//2022 4308//2046
f 4279//2021 4308//2046 4307//2045
f 4280//2022 4254//1998 4282//536
f 4280//2022 4282//536 4308//2046
f 4282//536 4281//2023 4309//2047
f 4282//536 4309//2047 4310//2048
f 4281//2023 4283//2024 4311//2049
f 4281//2023 4311//2049 4309//2047
f 4283//2024 4284//2025 4312//2050
f 4283//2024 4312//2050 4311//2049
f 4284//2025 4285//2026 4313//2051
f 4284//2025 4313//2051 4312//2050
f 4285//2026 4286//2027 4314//2052
f 4285//2026 4314//2052 4313//2051
f 4286//2027 4287//2028 4315//2053
f 4286//2027 4315//2053 4314//2052
f 4287//2028 4288//1 4316//1
f 4287//2028 4316//1 4315//2053
f 4288//1 4289//2029 4317//2054
f 4288//1 4317//2054 4316//1
f 4289//2029 4290//2030 4318//2055
f 4289//2029 4318//2055 4317//2054
f 4290//2030 4291//2031 4319//2056
f 4290//2030 4319//2056 4318//2055
f 4291//2031 4292//2032 4320//2057
f 4291//2031 4320//2057 4319//2056
f 4292//2032 4293//2033 4321//2058
f 4292//2032 4321//2058 4320//2057
f 4293//2033 4294//2034 4322//2059
f 4293//2033 4322//2059 4321//2058
f 4294//2034 4295//560 4323//2060
f 4294//2034 4323//2060 4322//2059
f 4295//560 4296//2035 4324//2061
f 4295//560 4324//2061 4323//2060
f 4296//2035 4297//2036 4325//2062
f 4296//2035 4325//2062 4324//2061
f 4297//2036 4298//2037 4326//2063
f 4297//2036 4326//2063 4325//2062
f 4298//2037 4299//2038 4327//2064
f 4298//2037 4327//2064 4326//2063
f 4299//2038 4300//2039 4328//2065
f 4299//2038 4328//2065 4327//2064
f 4300//2039 4301//2040 4329//2066
f 4300//2039 4329//2066 4328//2065
f 4301//2040 4302//1106 4330//1106
f 4301//2040 4330//1106 4329//2066
f 4302//1106 4303//2041 4331//2067
f 4302//1106 4331//2067 4330//1106
f 4303//2041 4304//2042 4332//2068
f 4303//2041 4332//2068 4331//2067
f 4304//2042 4305//2043 4333//2069
f 4304//2042 4333//2069 4332//2068
f 4305//2043 4306//2044 4334//2070
f 4305//2043 4334//2070 4333//2069
f 4306//2044 4307//2045 4335//2071
f 4306//2044 4335//2071 4334//2070
f 4307//2045 4308//2046 4336//2072
f 4307//2045 4336//2072 4335//2071
f 4308//2046 4282//536 4310//2048
f 4308//2046 4310//2048 4336//2072
f 4310//2048 4309//2047 4337//2073
f 4310//2048 4337//2073 4338//2074
f 4309//2047 4311//2049 4339//2075
f 4309//2047 4339//2075 4337//2073
f 4311//2049 4312//2050 4340//2076
f 4311//2049 4340//2076 4339//2075
f 4312//2050 4313//2051 4341//2077
f 4312//2050 4341//2077 4340//2076
f 4313//2051 4314//2052 4342//2078
f 4313//2051 4342//2078 4341//2077
f 4314//2052 4315//2053 4343//2079
f 4314//2052 4343//2079 4342//2078
f 4315//2053 4316//1 4344//1
f 4315//2053 4344//1 4343//2079
f 4316//1 4317//2054 4345//2080
f 4316//1 4345//2080 4344//1
f 4317//2054 4318//2055 4346//2081
f 4317//2054 4346//2081 4345//2080
f 4318//2055 4319//2056 4347//2082
f 4318//2055 4347//2082 4346//2081
f 4319//2056 4320//2057 4348//2083
f 4319//2056 4348//2083 4347//2082
f 4320//2057 4321//2058 4349//2084
f 4320//2057 4349//2084 4348//2083
f 4321//2058 4322//2059 4350//2085
f 4321//2058 4350//2085 4349//2084
f 4322//2059 4323//2060 4351//2086
f 4322//2059 4351//2086 4350//2085
f 4323//2060 4324//2061 4352//2087
f 4323//2060 4352//2087 4351//2086
f 4324//2061 4325//2062 4353//2088
f 4324//2061 4353//2088 4352//2087
f 4325//2062 4326//2063 4354//2089
f 4325//2062 4354//2089 4353//2088
f 4326//2063 4327//2064 4355//2090
f 4326//2063 4355//2090 4354//2089
f 4327//2064 4328//2065 4356//2091
f 4327//2064 4356//2091 4355//2090
f 4328//2065 4329//2066 4357//2092
f 4328//2065 4357//2092 4356//2091
f 4329//2066 4330//1106 4358//1106
f 4329//2066 4358//1106 4357//2092
f 4330//1106 4331//2067 4359//2093
f 4330//1106 4359//2093 4358//1106
f 4331//2067 4332//2068 4360//2094
f 4331//2067 4360//2094 4359//2093
f 4332//2068 4333//2069 4361//2095
f 4332//2068 4361//2095 4360//2094
f 4333//2069 4334//2070 4362//2096
f 4333//2069 4362//2096 4361//2095
f 4334//2070 4335//2071 4363//2097
f 4334//2070 4363//2097 4362//2096
f 4335//2071 4336//2072 4364//2098
f 4335//2071 4364//2098 4363//2097
f 4336//2072 4310//2048 4338//2074
f 4336//2072 4338//2074 4364//2098
f 4338//2074 4337//2073 4365//2099
f 4338//2074 4365//2099 4366//2100
f 4337//2073 4339//2075 4367//2101
f 4337//2073 4367//2101 4365//2099
f 4339//2075 4340//2076 4368//2102
f 4339//2075 4368//2102 4367//2101
f 4340//2076 4341//2077 4369//2103
f 4340//2076 4369//2103 4368//2102
f 4341//2077 4342//2078 4370//2104
f 4341//2077 4370//2104 4369//2103
f 4342//2078 4343//2079 4371//2105
f 4342//2078 4371//2105 4370//2104
f 4343//2079 4344//1 4372//1
f 4343//2079 4372//1 4371//2105
f 4344//1 4345//2080 4373//2106
f 4344//1 4373//2106 4372//1
f 4345//2080 4346//2081 4374//2107
f 4345//2080 4374//2107 4373//2106
f 4346//2081 4347//2082 4375//2108
f 4346//2081 4375//2108 4374//2107
f 4347//2082 4348//2083 4376//2109
f 4347//2082 4376//2109 4375//2108
f 4348//2083 4349//2084 4377//2110
f 4348//2083 4377//2110 4376//2109
f 4349//2084 4350//2085 4378//2111
f 4349//2084 4378//2111 4377//2110
f 4350//2085 4351//2086 4379//2112
f 4350//2085 4379//2112 4378//2111
f 4351//2086 4352//2087 4380//2113
f 4351//2086 4380//2113 4379//2112
f 4352//2087 4353//2088 4381//2114
f 4352//2087 4381//2114 4380//2113
f 4353//2088 4354//2089 4382//2115
f 4353//2088 4382//2115 4381//2114
f 4354//2089 4355//2090 4383//2116
f 4354//2089 4383//2116 4382//2115
f 4355//2090 4356//2091 4384//2117
f 4355//2090 4384//2117 4383//2116
f 4356//2091 4357//2092 4385//2118
f 4356//2091 4385//2118 4384//2117
f 4357//2092 4358//1106 4386//1106
f 4357//2092 4386//1106 4385//2118
f 4358//1106 4359//2093 4387//2119
f 4358//1106 4387//2119 4386//1106
f 4359//2093 4360//2094 4388//2120
f 4359//2093 4388//2120 4387//2119
f 4360//2094 4361//2095 4389//2121
f 4360//2094 4389//2121 4388//2120
f 4361//2095 4362//2096 4390//2122
f 4361//2095 4390//2122 4389//2121
f 4362//2096 4363//2097 4391//2123
f 4362//2096 4391//2123 4390//2122
f 4363//2097 4364//2098 4392//2124
f 4363//2097 4392//2124 4391//2123
f 4364//2098 4338//2074 4366//2100
f 4364//2098 4366//2100 4392//2124
f 4366//2100 4365//2099 4393//2125
f 4366//2100 4393//2125 4394//2126
f 4365//2099 4367//2101 4395//2127
f 4365//2099 4395//2127 4393//2125
f 4367//2101 4368//2102 4396//2128
f 4367//2101 4396//2128 4395//2127
f 4368//2102 4369//2103 4397//2129
f 4368//2102 4397//2129 4396//2128
f 4369//2103 4370//2104 4398//2130
f 4369//2103 4398//2130 4397//2129
f 4370//2104 4371//2105 4399//2131
f 4370//2104 4399//2131 4398//2130
f 4371//2105 4372//1 4400//1
f 4371//2105 4400//1 4399//2131
f 4372//1 4373//2106 4401//2132
f 4372//1 4401//2132 4400//1
f 4373//2106 4374//2107 4402//2133
f 4373//2106 4402//2133 4401//2132
f 4374//2107 4375//2108 4403//2134
f 4374//2107 4403//2134 4402//2133
f 4375//2108 4376//2109 4404//2135
f 4375//2108 4404//2135 4403//2134
f 4376//2109 4377//2110 4405//2136
f 4376//2109 4405//2136 4404//2135
f 4377//2110 4378//2111 4406//2137
f 4377//2110 4406//2137 4405//2136
f 4378//2111 4379//2112 4407//2138
f 4378//2111 4407//2138 4406//2137
f 4379//2112 4380//2113 4408//2139
f 4379//2112 4408//2139 4407//2138
f 4380//2113 4381//2114 4409//2140
f 4380//2113 4409//2140 4408//2139
f 4381//2114 4382//2115 4410//2141
f 4381//2114 4410//2141 4409//2140
f 4382//2115 4383//2116 4411//2142
f 4382//2115 4411//2142 4410//2141
f 4383//2116 4384//2117 4412//2143
f 4383//2116 4412//2143 4411//2142
f 4384//2117 4385//2118 4413//2144
f 4384//2117 4413//2144 4412//2143
f 4385//2118 4386//1106 4414//1106
f 4385//2118 4414//1106 4413//2144
f 4386//1106 4387//2119 4415//2145
f 4386//1106 4415//2145 4414//1106
f 4387//2119 4388//2120 4416//2146
f 4387//2119 4416//2146 4415//2145
f 4388//2120 4389//2121 4417//2147
f 4388//2120 4417//2147 4416//2146
f 4389//2121 4390//2122 4418//2148
f 4389//2121 4418//2148 4417//2147
f 4390//2122 4391//2123 4419//2149
f 4390//2122 4419//2149 4418//2148
f 4391//2123 4392//2124 4420//2150
f 4391//2123 4420//2150 4419//2149
f 4392//2124 4366//2100 4394//2126
f 4392//2124 4394//2126 4420//2150
f 4394//2126 4393//2125 4421//2151
f 4394//2126 4421//2151 4422//2152
f 4393//2125 4395//2127 4423//2153
f 4393//2125 4423//2153 4421//2151
f 4395//2127 4396//2128 4424//2154
f 4395//2127 4424//2154 4423//2153
f 4396//2128 4397//2129 4425//2155
f 4396//2128 4425//2155 4424//2154
f 4397//2129 4398//2130 4426//2156
f 4397//2129 4426//2156 4425//2155
f 4398//2130 4399//2131 4427//2157
f 4398//2130 4427//2157 4426//2156
f 4399//2131 4400//1 4428//1
f 4399//2131 4428//1 4427//2157
f 4400//1 4401//2132 4429//2158
f 4400//1 4429//2158 4428//1
f 4401//2132 4402//2133 4430//2159
f 4401//2132 4430//2159 4429//2158
f 4402//2133 4403//2134 4431//2160
f 4402//2133 4431//2160 4430//2159
f 4403//2134 4404//2135 4432//2161
f 4403//2134 4432//2161 4431//2160
f 4404//2135 4405//2136 4433//2162
f 4404//2135 4433//2162 4432//2161
f 4405//2136 4406//2137 4434//2163
f 4405//2136 4434//2163 4433//2162
f 4406//2137 4407//2138 4435//2164
f 4406//2137 4435//2164 4434//2163
f 4407//2138 4408//2139 4436//2165
f 4407//2138 4436//2165 4435//2164
f 4408//2139 4409//2140 4437//2166
f 4408//2139 4437//2166 4436//2165
f 4409//2140 4410//2141 4438//2167
f 4409//2140 4438//2167 4437//2166
f 4410//2141 4411//2142 4439//2168
f 4410//2141 4439//2168 4438//2167
f 4411//2142 4412//2143 4440//2169
f 4411//2142 4440//2169 4439//2168
f 4412//2143 4413//2144 4441//2170
f 4412//2143 4441//2170 4440//2169
f 4413//2144 4414//1106 4442//1106
f 4413//2144 4442//1106 4441//2170
f 4414//1106 4415//2145 4443//2171
f 4414//1106 4443//2171 4442//1106
f 4415//2145 4416//2146 4444//2172
f 4415//2145 4444//2172 4443//2171
f 4416//2146 4417//2147 4445//2173
f 4416//2146 4445//2173 4444//2172
f 4417//2147 4418//2148 4446//2174
f 4417//2147 4446//2174 4445//2173
f 4418//2148 4419//2149 4447//2175
f 4418//2148 4447//2175 4446//2174
f 4419//2149 4420//2150 4448//2176
f 4419//2149 4448//2176 4447//2175
f 4420//2150 4394//2126 4422//2152
f 4420//2150 4422//2152 4448//2176
f 4422//2152 4421//2151 4449//2177
f 4422//2152 4449//2177 4450//2178
f 4421//2151 4423//2153 4451//2179
f 4421//2151 4451//2179 4449//2177
f 4423//2153 4424//2154 4452//2180
f 4423//2153 4452//2180 4451//2179
f 4424//2154 4425//2155 4453//2181
f 4424//2154 4453//2181 4452//2180
f 4425//2155 4426//2156 4454//2182
f 4425//2155 4454//2182 4453//2181
f 4426//2156 4427//2157 4455//2183
f 4426//2156 4455//2183 4454//2182
f 4427//2157 4428//1 4456//1
f 4427//2157 4456//1 4455//2183
f 4428//1 4429//2158 4457//2184
f 4428//1 4457//2184 4456//1
f 4429//2158 4430//2159 4458//2185
f 4429//2158 4458//2185 4457//2184
f 4430//2159 4431//2160 4459//2186
f 4430//2159 4459//2186 4458//2185
f 4431//2160 4432//2161 4460//2187
f 4431//2160 4460//2187 4459//2186
f 4432//2161 4433//2162 4461//2188
f 4432//2161 4461//2188 4460//2187
f 4433//2162 4434//2163 4462//2189
f 4433//2162 4462//2189 4461//2188
f 4434//2163 4435//2164 4463//2190
f 4434//2163 4463//2190 4462//2189
f 4435//2164 4436//2165 4464//2191
f 4435//2164 4464//2191 4463//2190
f 4436//2165 4437//2166 4465//2192
f 4436//2165 4465//2192 4464//2191
f 4437//2166 4438//2167 4466//2193
f 4437//2166 4466//2193 4465//2192
f 4438//2167 4439//2168 4467//2194
f 4438//2167 4467//2194 4466//2193
f 4439//2168 4440//2169 4468//2195
f 4439//2168 4468//2195 4467//2194
f 4440//2169 4441//2170 4469//2196
f 4440//2169 4469//2196 4468//2195
f 4441//2170 4442//1106 4470//1106
f 4441//2170 4470//1106 4469//2196
f 4442//1106 4443//2171 4471//2197
f 4442//1106 4471//2197 4470//1106
f 4443//2171 4444//2172 4472//2198
f 4443//2171 4472//2198 4471//2197
f 4444//2172 4445//2173 4473//2199
f 4444//2172 4473//2199 4472//2198
f 4445//2173 4446//2174 4474//2200
f 4445//2173 4474//2200 4473//2199
f 4446//2174 4447//2175 4475//2201
f 4446//2174 4475//2201 4474//2200
f 4447//2175 4448//2176 4476//2202
f 4447//2175 4476//2202 4475//2201
f 4448//2176 4422//2152 4450//2178
f 4448//2176 4450//2178 4476//2202
f 4450//2178 4449//2177 4477//2203
f 4450//2178 4477//2203 4478//542
f 4449//2177 4451//2179 4479//2204
f 4449//2177 4479//2204 4477//2203
f 4451//2179 4452//2180 4480//2205
f 4451//2179 4480//2205 4479//2204
f 4452//2180 4453//2181 4481//2206
f 4452//2180 4481//2206 4480//2205
f 4453//2181 4454//2182 4482//2207
f 4453//2181 4482//2207 4481//2206
f 4454//2182 4455//2183 4483//2208
f 4454//2182 4483//2208 4482//2207
f 4455//2183 4456//1 4484//1
f 4455//2183 4484//1 4483//2208
f 4456//1 4457//2184 4485//2209
f 4456//1 4485//2209 4484//1
f 4457//2184 4458//2185 4486//2210
f 4457//2184 4486//2210 4485//2209
f 4458//2185 4459//2186 4487//2211
f 4458//2185 4487//2211 4486//2210
f 4459//2186 4460//2187 4488//2212
f 4459//2186 4488//2212 4487//2211
f 4460//2187 4461//2188 4489//2213
f 4460//2187 4489//2213 4488//2212
f 4461//2188 4462//2189 4490//2214
f 4461//2188 4490//2214 4489//2213
f 4462//2189 4463//2190 4491//566
f 4462//2189 4491//566 4490//2214
f 4463//2190 4464//2191 4492//2215
f 4463//2190 4492//2215 4491//566
f 4464//2191 4465//2192 4493//2216
f 4464//2191 4493//2216 4492//2215
f 4465//2192 4466//2193 4494//2217
f 4465//2192 4494//2217 4493//2216
f 4466//2193 4467//2194 4495//2218
f 4466//2193 4495//2218 4494//2217
f 4467//2194 4468//2195 4496//2219
f 4467//2194 4496//2219 4495//2218
f 4468//2195 4469//2196 4497//2220
f 4468//2195 4497//2220 4496//2219
f 4469//2196 4470//1106 4498//1106
f 4469//2196 4498//1106 4497//2220
f 4470//1106 4471//2197 4499//2221
f 4470//1106 4499//2221 4498//1106
f 4471//2197 4472//2198 4500//2222
f 4471//2197 4500//2222 4499//2221
f 4472//2198 4473//2199 4501//2223
f 4472//2198 4501//2223 4500//2222
f 4473//2199 4474//2200 4502//2224
f 4473//2199 4502//2224 4501//2223
f 4474//2200 4475//2201 4503//2225
f 4474//2200 4503//2225 4502//2224
f 4475//2201 4476//2202 4504//2226
f 4475//2201 4504//2226 4503//2225
f 4476//2202 4450//2178 4478//542
f 4476//2202 4478//542 4504//2226
f 4478//542 4477//2203 4505//2227
f 4478//542 4505//2227 4506//2228
f 4477//2203 4479//2204 4507//2229
f 4477//2203 4507//2229 4505//2227
f 4479//2204 4480//2205 4508//2230
f 4479//2204 4508//2230 4507//2229
f 4480//2205 4481//2206 4509//2231
f 4480//2205 4509//2231 4508//2230
f 4481//2206 4482//2207 4510//2232
f 4481//2206 4510//2232 4509//2231
f 4482//2207 4483//2208 4511//2233
f 4482//2207 4511//2233 4510//2232
f 4483//2208 4484//1 4512//1
f 4483//2208 4512//1 4511//2233
f 4484//1 4485//2209 4513//2234
f 4484//1 4513//2234 4512//1
f 4485//2209 4486//2210 4514//2235
f 4485//2209 4514//2235 4513//2234
f 4486//2210 4487//2211 4515//2236
f 4486//2210 4515//2236 4514//2235
f 4487//2211 4488//2212 4516//2237
f 4487//2211 4516//2237 4515//2236
f 4488//2212 4489//2213 4517//2238
f 4488//2212 4517//2238 4516//2237
f 4489//2213 4490//2214 4518//2239
f 4489//2213 4518//2239 4517//2238
f 4490//2214 4491//566 4519//2240
f 4490//2214 4519//2240 4518//2239
f 4491//566 4492//2215 4520//2241
f 4491//566 4520//2241 4519//2240
f 4492//2215 4493//2216 4521//2242
f 4492//2215 4521//2242 4520//2241
f 4493//2216 4494//2217 4522//2243
f 4493//2216 4522//2243 4521//2242
f 4494//2217 4495//2218 4523//2244
f 4494//2217 4523//2244 4522//2243
f 4495//2218 4496//2219 4524//2245
f 4495//2218 4524//2245 4523//2244
f 4496//2219 4497//2220 4525//2246
f 4496//2219 4525//2246 4524//2245
f 4497//2220 4498//1106 4526//1106
f 4497//2220 4526//1106 4525//2246
f 4498//1106 4499//2221 4527//2247
f 4498//1106 4527//2247 4526//1106
f 4499//2221 4500//2222 4528//2248
f 4499//2221 4528//2248 4527//2247
f 4500//2222 4501//2223 4529//2249
f 4500//2222 4529//2249 4528//2248
f 4501//2223 4502//2224 4530//2250
f 4501//2223 4530//2250 4529//2249
f 4502//2224 4503//2225 4531//2251
f 4502//2224 4531//2251 4530//2250
f 4503//2225 4504//2226 4532//2252
f 4503//2225 4532//2252 4531//2251
f 4504//2226 4478//542 4506//2228
f 4504//2226 4506//2228 4532//2252
f 4506//2228 4505//2227 4533//2253
f 4506//2228 4533//2253 4534//2254
f 4505//2227 4507//2229 4535//2255
f 4505//2227 4535//2255 4533//2253
f 4507//2229 4508//2230 4536//2256
f 4507//2229 4536//2256 4535//2255
f 4508//2230 4509//2231 4537//2257
f 4508//2230 4537//2257 4536//2256
f 4509//2231 4510//2232 4538//2258
f 4509//2231 4538//2258 4537//2257
f 4510//2232 4511//2233 4539//2259
f 4510//2232 4539//2259 4538//2258
f 4511//2233 4512//1 4540//1
f 4511//2233 4540//1 4539//2259
f 4512//1 4513//2234 4541//2260
f 4512//1 4541//2260 4540//1
f 4513//2234 4514//2235 4542//2261
f 4513//2234 4542//2261 4541//2260
f 4514//2235 4515//2236 4543//2262
f 4514//2235 4543//2262 4542//2261
f 4515//2236 4516//2237 4544//2263
f 4515//2236 4544//2263 4543//2262
f 4516//2237 4517//2238 4545//2264
f 4516//2237 4545//2264 4544//2263
f 4517//2238 4518//2239 4546//2265
f 4517//2238 4546//2265 4545//2264
f 4518//2239 4519//2240 4547//2266
f 4518//2239 4547//2266 4546//2265
f 4519//2240 4520//2241 4548//2267
f 4519//2240 4548//2267 4547//2266
f 4520//2241 4521//2242 4549//2268
f 4520//2241 4549//2268 4548//2267
f 4521//2242 4522//2243 4550//2269
f 4521//2242 4550//2269 4549//2268
f 4522//2243 4523//2244 4551//2270
f 4522//2243 4551//2270 4550//2269
f 4523//2244 4524//2245 4552//2271
f 4523//2244 4552//2271 4551//2270
f 4524//2245 4525//2246 4553//2272
f 4524//2245 4553//2272 4552//2271
f 4525//2246 4526//1106 4554//1106
f 4525//2246 4554//1106 4553//2272
f 4526//1106 4527//2247 4555//2273
f 4526//1106 4555//2273 4554//1106
f 4527//2247 4528//2248 4556//2274
f 4527//2247 4556//2274 4555//2273
f 4528//2248 4529//2249 4557//2275
f 4528//2248 4557//2275 4556//2274
f 4529//2249 4530//2250 4558//2276
f 4529//2249 4558//2276 4557//2275
f 4530//2250 4531//2251 4559//2277
f 4530//2250 4559//2277 4558//2276
f 4531//2251 4532//2252 4560//2278
f 4531//2251 4560//2278 4559//2277
f 4532//2252 4506//2228 4534//2254
f 4532//2252 4534//2254 4560//2278
f 4534//2254 4533//2253 4561//2279
f 4534//2254 4561//2279 4562//2280
f 4533//2253 4535//2255 4563//2281
f 4533//2253 4563//2281 4561//2279
f 4535//2255 4536//2256 4564//2282
f 4535//2255 4564//2282 4563//2281
f 4536//2256 4537//2257 4565//2283
f 4536//2256 4565//2283 4564//2282
f 4537//2257 4538//2258 4566//2284
f 4537//2257 4566//2284 4565//2283
f 4538//2258 4539//2259 4567//2285
f 4538//2258 4567//2285 4566//2284
f 4539//2259 4540//1 4568//1
f 4539//2259 4568//1 4567//2285
f 4540//1 4541//2260 4569//2286
f 4540//1 4569//2286 4568//1
f 4541//2260 4542//2261 4570//2287
f 4541//2260 4570//2287 4569//2286
f 4542//2261 4543//2262 4571//2288
f 4542//2261 4571//2288 4570//2287
f 4543//2262 4544//2263 4572//2289
f 4543//2262 4572//2289 4571//2288
f 4544//2263 4545//2264 4573//2290
f 4544//2263 4573//2290 4572//2289
f 4545//2264 4546//2265 4574//2291
f 4545//2264 4574//2291 4573//2290
f 4546//2265 4547//2266 4575//2292
f 4546//2265 4575//2292 4574//2291
f 4547//2266 4548//2267 4576//2293
f 4547//2266 4576//2293 4575//2292
f 4548//2267 4549//2268 4577//2294
f 4548//2267 4577//2294 4576//2293
f 4549//2268 4550//2269 4578//2295
f 4549//2268 4578//2295 4577//2294
f 4550//2269 4551//2270 4579//2296
f 4550//2269 4579//2296 4578//2295
f 4551//2270 4552//2271 4580//2297
f 4551//2270 4580//2297 4579//2296
f 4552//2271 4553//2272 4581//2298
f 4552//2271 4581//2298 4580//2297
f 4553//2272 4554//1106 4582//1106
f 4553//2272 4582//1106 4581//2298
f 4554//1106 4555//2273 4583//2299
f 4554//1106 4583//2299 4582//1106
f 4555//2273 4556//2274 4584//2300
f 4555//2273 4584//2300 4583//2299
f 4556//2274 4557//2275 4585//2301
f 4556//2274 4585//2301 4584//2300
f 4557//2275 4558//2276 4586//2302
f 4557//2275 4586//2302 4585//2301
f 4558//2276 4559//2277 4587//2303
f 4558//2276 4587//2303 4586//2302
f 4559//2277 4560//2278 4588//2304
f 4559//2277 4588//2304 4587//2303
f 4560//2278 4534//2254 4562//2280
f 4560//2278 4562//2280 4588//2304
f 4562//2280 4561//2279 4589//2305
f 4562//2280 4589//2305 4590//2306
f 4561//2279 4563//2281 4591//2307
f 4561//2279 4591//2307 4589//2305
f 4563//2281 4564//2282 4592//2308
f 4563//2281 4592//2308 4591//2307
f 4564//2282 4565//2283 4593//2309
f 4564//2282 4593//2309 4592//2308
f 4565//2283 4566//2284 4594//2310
f 4565//2283 4594//2310 4593//2309
f 4566//2284 4567//2285 4595//2311
f 4566//2284 4595//2311 4594//2310
f 4567//2285 4568//1 4596//1
f 4567//2285 4596//1 4595//2311
f 4568//1 4569//2286 4597//2312
f 4568//1 4597//2312 4596//1
f 4569//2286 4570//2287 4598//2313
f 4569//2286 4598//2313 4597//2312
f 4570//2287 4571//2288 4599//2314
f 4570//2287 4599//2314 4598//2313
f 4571//2288 4572//2289 4600//2315
f 4571//2288 4600//2315 4599//2314
f 4572//2289 4573//2290 4601//2316
f 4572//2289 4601//2316 4600//2315
f 4573//2290 4574//2291 4602//2317
f 4573//2290 4602//2317 4601//2316
f 4574//2291 4575//2292 4603//2318
f 4574//2291 4603//2318 4602//2317
f 4575//2292 4576//2293 4604//2319
f 4575//2292 4604//2319 4603//2318
f 4576//2293 4577//2294 4605//2320
f 4576//2293 4605//2320 4604//2319
f 4577//2294 4578//2295 4606//2321
f 4577//2294 4606//2321 4605//2320
f 4578//2295 4579//2296 4607//2322
f 4578//2295 4607//2322 4606//2321
f 4579//2296 4580//2297 4608//2323
f 4579//2296 4608//2323 4607//2322
f 4580//2297 4581//2298 4609//2324
f 4580//2297 4609//2324 4608//2323
f 4581//2298 4582//1106 4610//1106
f 4581//2298 4610//1106 4609//2324
f 4582//1106 4583//2299 4611//2325
f 4582//1106 4611//2325 4610//1106
f 4583//2299 4584//2300 4612//2326
f 4583//2299 4612//2326 4611//2325
f 4584//2300 4585//2301 4613//2327
f 4584//2300 4613//2327 4612//2326
f 4585//2301 4586//2302 4614//2328
f 4585//2301 4614//2328 4613//2327
f 4586//2302 4587//2303 4615//2329
f 4586//2302 4615//2329 4614//2328
f 4587//2303 4588//2304 4616//2330
f 4587//2303 4616//2330 4615//2329
f 4588//2304 4562//2280 4590//2306
f 4588//2304 4590//2306 4616//2330
f 4590//2306 4589//2305 4617//2331
f 4590//2306 4617//2331 4618//2332
f 4589//2305 4591//2307 4619//2333
f 4589//2305 4619//2333 4617//2331
f 4591//2307 4592//2308 4620//2334
f 4591//2307 4620//2334 4619//2333
f 4592//2308 4593//2309 4621//2335
f 4592//2308 4621//2335 4620//2334
f 4593//2309 4594//2310 4622//2336
f 4593//2309 4622//2336 4621//2335
f 4594//2310 4595//2311 4623//2337
f 4594//2310 4623//2337 4622//2336
f 4595//2311 4596//1 4624//1
f 4595//2311 4624//1 4623//2337
f 4596//1 4597//2312 4625//2338
f 4596//1 4625//2338 4624//1
f 4597//2312 4598//2313 4626//2339
f 4597//2312 4626//2339 4625//2338
f 4598//2313 4599//2314 4627//2340
f 4598//2313 4627//2340 4626//2339
f 4599//2314 4600//2315 4628//2341
f 4599//2314 4628//2341 4627//2340
f 4600//2315 4601//2316 4629//2342
f 4600//2315 4629//2342 4628//2341
f 4601//2316 4602//2317 4630//2343
f 4601//2316 4630//2343 4629//2342
f 4602//2317 4603//2318 4631//2344
f 4602//2317 4631//2344 4630//2343
f 4603//2318 4604//2319 4632//2345
f 4603//2318 4632//2345 4631//2344
f 4604//2319 4605//2320 4633//2346
f 4604//2319 4633//2346 4632//2345
f 4605//2320 4606//2321 4634//2347
f 4605//2320 4634//2347 4633//2346
f 4606//2321 4607//2322 4635//2348
f 4606//2321 4635//2348 4634//2347
f 4607//2322 4608//2323 4636//2349
f 4607//2322 4636//2349 4635//2348
f 4608//2323 4609//2324 4637//2350
f 4608//2323 4637//2350 4636//2349
f 4609//2324 4610//1106 4638//1106
f 4609//2324 4638//1106 4637//2350
f 4610//1106 4611//2325 4639//2351
f 4610//1106 4639//2351 4638//1106
f 4611//2325 4612//2326 4640//2352
f 4611//2325 4640//2352 4639//2351
f 4612//2326 4613//2327 4641//2353
f 4612//2326 4641//2353 4640//2352
f 4613//2327 4614//2328 4642//2354
f 4613//2327 4642//2354 4641//2353
f 4614//2328 4615//2329 4643//2355
f 4614//2328 4643//2355 4642//2354
f 4615//2329 4616//2330 4644//2356
f 4615//2329 4644//2356 4643//2355
f 4616//2330 4590//2306 4618//2332
f 4616//2330 4618//2332 4644//2356
f 4618//2332 4617//2331 4645//2357
f 4618//2332 4645//2357 4646//2358
f 4617//2331 4619//2333 4647//2359
f 4617//2331 4647//2359 4645//2357
f 4619//2333 4620//2334 4648//2360
f 4619//2333 4648//2360 4647//2359
f 4620//2334 4621//2335 4649//2361
f 4620//2334 4649//2361 4648//2360
f 4621//2335 4622//2336 4650//2362
f 4621//2335 4650//2362 4649//2361
f 4622//2336 4623//2337 4651//2363
f 4622//2336 4651//2363 4650//2362
f 4623//2337 4624//1 4652//1
f 4623//2337 4652//1 4651//2363
f 4624//1 4625//2338 4653//2364
f 4624//1 4653//2364 4652//1
f 4625//2338 4626//2339 4654//2365
f 4625//2338 4654//2365 4653//2364
f 4626//2339 4627//2340 4655//2366
f 4626//2339 4655//2366 4654//2365
f 4627//2340 4628//2341 4656//2367
f 4627//2340 4656//2367 4655//2366
f 4628//2341 4629//2342 4657//2368
f 4628//2341 4657//2368 4656//2367
f 4629//2342 4630//2343 4658//2369
f 4629//2342 4658//2369 4657//2368
f 4630//2343 4631//2344 4659//2370
f 4630//2343 4659//2370 4658//2369
f 4631//2344 4632//2345 4660//2371
f 4631//2344 4660//2371 4659//2370
f 4632//2345 4633//2346 4661//2372
f 4632//2345 4661//2372 4660//2371
f 4633//2346 4634//2347 4662//2373
f 4633//2346 4662//2373 4661//2372
f 4634//2347 4635//2348 4663//2374
f 4634//2347 4663//2374 4662//2373
f 4635//2348 4636//2349 4664//2375
f 4635//2348 4664//2375 4663//2374
f 4636//2349 4637//2350 4665//2376
f 4636//2349 4665//2376 4664//2375
f 4637//2350 4638//1106 4666//1106
f 4637//2350 4666//1106 4665//2376
f 4638//1106 4639//2351 4667//2377
f 4638//1106 4667//2377 4666//1106
f 4639//2351 4640//2352 4668//2378
f 4639//2351 4668//2378 4667//2377
f 4640//2352 4641//2353 4669//2379
f 4640//2352 4669//2379 4668//2378
f 4641//2353 4642//2354 4670//2380
f 4641//2353 4670//2380 4669//2379
f 4642//2354 4643//2355 4671//2381
f 4642//2354 4671//2381 4670//2380
f 4643//2355 4644//2356 4672//2382
f 4643//2355 4672//2382 4671//2381
f 4644//2356 4618//2332 4646//2358
f 4644//2356 4646//2358 4672//2382
f 4646//2358 4645//2357 4673//2383
f 4646//2358 4673//2383 4674//548
f 4645//2357 4647//2359 4675//2384
f 4645//2357 4675//2384 4673//2383
f 4647//2359 4648//2360 4676//2385
f 4647//2359 4676//2385 4675//2384
f 4648//2360 4649//2361 4677//2386
f 4648//2360 4677//2386 4676//2385
f 4649//2361 4650//2362 4678//2387
f 4649//2361 4678//2387 4677//2386
f 4650//2362 4651//2363 4679//2388
f 4650//2362 4679//2388 4678//2387
f 4651//2363 4652//1 4680//1
f 4651//2363 4680//1 4679//2388
f 4652//1 4653//2364 4681//2389
f 4652//1 4681//2389 4680//1
f 4653//2364 4654//2365 4682//2390
f 4653//2364 4682//2390 4681//2389
f 4654//2365 4655//2366 4683//2391
f 4654//2365 4683//2391 4682//2390
f 4655//2366 4656//2367 4684//2392
f 4655//2366 4684//2392 4683//2391
f 4656//2367 4657//2368 4685//2393
f 4656//2367 4685//2393 4684//2392
f 4657//2368 4658//2369 4686//2394
f 4657//2368 4686//2394 4685//2393
f 4658//2369 4659//2370 4687//572
f 4658//2369 4687//572 4686//2394
f 4659//2370 4660//2371 4688//2395
f 4659//2370 4688//2395 4687//572
f 4660//2371 4661//2372 4689//2396
f 4660//2371 4689//2396 4688//2395
f 4661//2372 4662//2373 4690//2397
f 4661//2372 4690//2397 4689//2396
f 4662//2373 4663//2374 4691//2398
f 4662//2373 4691//2398 4690//2397
f 4663//2374 4664//2375 4692//2399
f 4663//2374 4692//2399 4691//2398
f 4664//2375 4665//2376 4693//2400
f 4664//2375 4693//2400 4692//2399
f 4665//2376 4666//1106 4694//1106
f 4665//2376 4694//1106 4693//2400
f 4666//1106 4667//2377 4695//2401
f 4666//1106 4695//2401 4694//1106
f 4667//2377 4668//2378 4696//2402
f 4667//2377 4696//2402 4695//2401
f 4668//2378 4669//2379 4697//2403
f 4668//2378 4697//2403 4696//2402
f 4669//2379 4670//2380 4698//2404
f 4669//2379 4698//2404 4697//2403
f 4670//2380 4671//2381 4699//2405
f 4670//2380 4699//2405 4698//2404
f 4671//2381 4672//2382 4700//2406
f 4671//2381 4700//2406 4699//2405
f 4672//2382 4646//2358 4674//548
f 4672//2382 4674//548 4700//2406
f 4674//548 4673//2383 4701//2407
f 4674//548 4701//2407 4702//2408
f 4673//2383 4675//2384 4703//2409
f 4673//2383 4703//2409 4701//2407
f 4675//2384 4676//2385 4704//2410
f 4675//2384 4704//2410 4703//2409
f 4676//2385 4677//2386 4705//2411
f 4676//2385 4705//2411 4704//2410
f 4677//2386 4678//2387 4706//2412
f 4677//2386 4706//2412 4705//2411
f 4678//2387 4679//2388 4707//2413
f 4678//2387 4707//2413 4706//2412
f 4679//2388 4680//1 4708//1
f 4679//2388 4708//1 4707//2413
f 4680//1 4681//2389 4709//2414
f 4680//1 4709//2414 4708//1
f 4681//2389 4682//2390 4710//2415
f 4681//2389 4710//2415 4709//2414
f 4682//2390 4683//2391 4711//2416
f 4682//2390 4711//2416 4710//2415
f 4683//2391 4684//2392 4712//2417
f 4683//2391 4712//2417 4711//2416
f 4684//2392 4685//2393 4713//2418
f 4684//2392 4713//2418 4712//2417
f 4685//2393 4686//2394 4714//2419
f 4685//2393 4714//2419 4713//2418
f 4686//2394 4687//572 4715//2420
f 4686//2394 4715//2420 4714//2419
f 4687//572 4688//2395 4716//2421
f 4687//572 4716//2421 4715//2420
f 4688//2395 4689//2396 4717//2422
f 4688//2395 4717//2422 4716//2421
f 4689//2396 4690//2397 4718//2423
f 4689//2396 4718//2423 4717//2422
f 4690//2397 4691//2398 4719//2424
f 4690//2397 4719//2424 4718//2423
f 4691//2398 4692//2399 4720//2425
f 4691//2398 4720//2425 4719//2424
f 4692//2399 4693//2400 4721//2426
f 4692//2399 4721//2426 4720//2425
f 4693//2400 4694//1106 4722//1106
f 4693//2400 4722//1106 4721//2426
f 4694//1106 4695//2401 4723//2427
f 4694//1106 4723//2427 4722//1106
f 4695//2401 4696//2402 4724//2428
f 4695//2401 4724//2428 4723//2427
f 4696//2402 4697//2403 4725//2429
f 4696//2402 4725//2429 4724//2428
f 4697//2403 4698//2404 4726//2430
f 4697//2403 4726//2430 4725//2429
f 4698//2404 4699//2405 4727//2431
f 4698//2404 4727//2431 4726//2430
f 4699//2405 4700//2406 4728//2432
f 4699//2405 4728//2432 4727//2431
f 4700//2406 4674//548 4702//2408
f 4700//2406 4702//2408 4728//2432
f 4702//2408 4701//2407 4729//2433
f 4702//2408 4729//2433 4730//2434
f 4701//2407 4703//2409 4731//2435
f 4701//2407 4731//2435 4729//2433
f 4703//2409 4704//2410 4732//2436
f 4703//2409 4732//2436 4731//2435
f 4704//2410 4705//2411 4733//2437
f 4704//2410 4733//2437 4732//2436
f 4705//2411 4706//2412 4734//2438
f 4705//2411 4734//2438 4733//2437
f 4706//2412 4707//2413 4735//2439
f 4706//2412 4735//2439 4734//2438
f 4707//2413 4708//1 4736//1
f 4707//2413 4736//1 4735//2439
f 4708//1 4709//2414 4737//2440
f 4708//1 4737//2440 4736//1
f 4709//2414 4710//2415 4738//2441
f 4709//2414 4738//2441 4737//2440
f 4710//2415 4711//2416 4739//2442
f 4710//2415 4739//2442 4738//2441
f 4711//2416 4712//2417 4740//2443
f 4711//2416 4740//2443 4739//2442
f 4712//2417 4713//2418 4741//2444
f 4712//2417 4741//2444 4740//2443
f 4713//2418 4714//2419 4742//2445
f 4713//2418 4742//2445 4741//2444
f 4714//2419 4715//2420 4743//2446
f 4714//2419 4743//2446 4742//2445
f 4715//2420 4716//2421 4744//2447
f 4715//2420 4744//2447 4743//2446
f 4716//2421 4717//2422 4745//2448
f 4716//2421 4745//2448 4744//2447
f 4717//2422 4718//2423 4746//2449
f 4717//2422 4746//2449 4745//2448
f 4718//2423 4719//2424 4747//2450
f 4718//2423 4747//2450 4746//2449
f 4719//2424 4720//2425 4748//2451
f 4719//2424 4748//2451 4747//2450
f 4720//2425 4721//2426 4749//2452
f 4720//2425 4749//2452 4748//2451
f 4721//2426 4722//1106 4750//1106
f 4721//2426 4750//1106 4749//2452
f 4722//1106 4723//2427 4751//2453
f 4722//1106 4751//2453 4750//1106
f 4723//2427 4724//2428 4752//2454
f 4723//2427 4752//2454 4751//2453
f 4724//2428 4725//2429 4753//2455
f 4724//2428 4753//2455 4752//2454
f 4725//2429 4726//2430 4754//2456
f 4725//2429 4754//2456 4753//2455
f 4726//2430 4727//2431 4755//2457
f 4726//2430 4755//2457 4754//2456
f 4727//2431 4728//2432 4756//2458
f 4727//2431 4756//2458 4755//2457
f 4728//2432 4702//2408 4730//2434
f 4728//2432 4730//2434 4756//2458
f 4730//2434 4729//2433 4757//2459
f 4730//2434 4757//2459 4758//2460
f 4729//2433 4731//2435 4759//2461
f 4729//2433 4759//2461 4757//2459
f 4731//2435 4732//2436 4760//2462
f 4731//2435 4760//2462 4759//2461
f 4732//2436 4733//2437 4761//2463
f 4732//2436 4761//2463 4760//2462
f 4733//2437 4734//2438 4762//2464
f 4733//2437 4762//2464 4761//2463
f 4734//2438 4735//2439 4763//2465
f 4734//2438 4763//2465 4762//2464
f 4735//2439 4736//1 4764//1
f 4735//2439 4764//1 4763//2465
f 4736//1 4737//2440 4765//2466
f 4736//1 4765//2466 4764//1
f 4737//2440 4738//2441 4766//2467
f 4737//2440 4766//2467 4765//2466
f 4738//2441 4739//2442 4767//2468
f 4738//2441 4767//2468 4766//2467
f 4739//2442 4740//2443 4768//2469
f 4739//2442 4768//2469 4767//2468
f 4740//2443 4741//2444 4769//2470
f 4740//2443 4769//2470 4768//2469
f 4741//2444 4742//2445 4770//2471
f 4741//2444 4770//2471 4769//2470
f 4742//2445 4743//2446 4771//2472
f 4742//2445 4771//2472 4770//2471
f 4743//2446 4744//2447 4772//2473
f 4743//2446 4772//2473 4771//2472
f 4744//2447 4745//2448 4773//2474
f 4744//2447 4773//2474 4772//2473
f 4745//2448 4746//2449 4774//2475
f 4745//2448 4774//2475 4773//2474
f 4746//2449 4747//2450 4775//2476
f 4746//2449 4775//2476 4774//2475
f 4747//2450 4748//2451 4776//2477
f 4747//2450 4776//2477 4775//2476
f 4748//2451 4749//2452 4777//2478
f 4748//2451 4777//2478 4776//2477
f 4749//2452 4750//1106 4778//1106
f 4749//2452 4778//1106 4777//2478
f 4750//1106 4751//2453 4779//2479
f 4750//1106 4779//2479 4778//1106
f 4751//2453 4752//2454 4780//2480
f 4751//2453 4780//2480 4779//2479
f 4752//2454 4753//2455 4781//2481
f 4752//2454 4781//2481 4780//2480
f 4753//2455 4754//2456 4782//2482
f 4753//2455 4782//2482 4781//2481
f 4754//2456 4755//2457 4783//2483
f 4754//2456 4783//2483 4782//2482
f 4755//2457 4756//2458 4784//2484
f 4755//2457 4784//2484 4783//2483
f 4756//2458 4730//2434 4758//2460
f 4756//2458 4758//2460 4784//2484
f 4758//2460 4757//2459 4785//2485
f 4758//2460 4785//2485 4786//2486
f 4757//2459 4759//2461 4787//2487
f 4757//2459 4787//2487 4785//2485
f 4759//2461 4760//2462 4788//2488
f 4759//2461 4788//2488 4787//2487
f 4760//2462 4761//2463 4789//2489
f 4760//2462 4789//2489 4788//2488
f 4761//2463 4762//2464 4790//2490
f 4761//2463 4790//2490 4789//2489
f 4762//2464 4763//2465 4791//2491
f 4762//2464 4791//2491 4790//2490
f 4763//2465 4764//1 4792//1
f 4763//2465 4792//1 4791//2491
f 4764//1 4765//2466 4793//2492
f 4764//1 4793//2492 4792//1
f 4765//2466 4766//2467 4794//2493
f 4765//2466 4794//2493 4793//2492
f 4766//2467 4767//2468 4795//2494
f 4766//2467 4795//2494 4794//2493
f 4767//2468 4768//2469 4796//2495
f 4767//2468 4796//2495 4795//2494
f 4768//2469 4769//2470 4797//2496
f 4768//2469 4797//2496 4796//2495
f 4769//2470 4770//2471 4798//2497
f 4769//2470 4798//2497 4797//2496
f 4770//2471 4771//2472 4799//2498
f 4770//2471 4799//2498 4798//2497
f 4771//2472 4772//2473 4800//2499
f 4771//2472 4800//2499 4799//2498
f 4772//2473 4773//2474 4801//2500
f 4772//2473 4801//2500 4800//2499
f 4773//2474 4774//2475 4802//2501
f 4773//2474 4802//2501 4801//2500
f 4774//2475 4775//2476 4803//2502
f 4774//2475 4803//2502 4802//2501
f 4775//2476 4776//2477 4804//2503
f 4775//2476 4804//2503 4803//2502
f 4776//2477 4777//2478 4805//2504
f 4776//2477 4805//2504 4804//2503
f 4777//2478 4778//1106 4806//1106
f 4777//2478 4806//1106 4805//2504
f 4778//1106 4779//2479 4807//2505
f 4778//1106 4807//2505 4806//1106
f 4779//2479 4780//2480 4808//2506
f 4779//2479 4808//2506 4807//2505
f 4780//2480 4781//2481 4809//2507
f 4780//2480 4809//2507 4808//2506
f 4781//2481 4782//2482 4810//2508
f 4781//2481 4810//2508 4809//2507
f 4782//2482 4783//2483 4811//2509
f 4782//2482 4811//2509 4810//2508
f 4783//2483 4784//2484 4812//2510
f 4783//2483 4812//2510 4811//2509
f 4784//2484 4758//2460 4786//2486
f 4784//2484 4786//2486 4812//2510
f 4786//2486 4785//2485 4813//2511
f 4786//2486 4813//2511 4814//2512
f 4785//2485 4787//2487 4815//2513
f 4785//2485 4815//2513 4813//2511
f 4787//2487 4788//2488 4816//2514
f 4787//2487 4816//2514 4815//2513
f 4788//2488 4789//2489 4817//2515
f 4788//2488 4817//2515 4816//2514
f 4789//2489 4790//2490 4818//2516
f 4789//2489 4818//2516 4817//2515
f 4790//2490 4791//2491 4819//2517
f 4790//2490 4819//2517 4818//2516
f 4791//2491 4792//1 4820//1
f 4791//2491 4820//1 4819//2517
f 4792//1 4793//2492 4821//2518
f 4792//1 4821//2518 4820//1
f 4793//2492 4794//2493 4822//2519
f 4793//2492 4822//2519 4821//2518
f 4794//2493 4795//2494 4823//2520
f 4794//2493 4823//2520 4822//2519
f 4795//2494 4796//2495 4824//2521
f 4795//2494 4824//2521 4823//2520
f 4796//2495 4797//2496 4825//2522
f 4796//2495 4825//2522 4824//2521
f 4797//2496 4798//2497 4826//2523
f 4797//2496 4826//2523 4825//2522
f 4798//2497 4799//2498 4827//2524
f 4798//2497 4827//2524 4826//2523
f 4799//2498 4800//2499 4828//2525
f 4799//2498 4828//2525 4827//2524
f 4800//2499 4801//2500 4829//2526
f 4800//2499 4829//2526 4828//2525
f 4801//2500 4802//2501 4830//2527
f 4801//2500 4830//2527 4829//2526
f 4802//2501 4803//2502 4831//2528
f 4802//2501 4831//2528 4830//2527
f 4803//2502 4804//2503 4832//2529
f 4803//2502 4832//2529 4831//2528
f 4804//2503 4805//2504 4833//2530
f 4804//2503 4833//2530 4832//2529
f 4805//2504 4806//1106 4834//1106
f 4805//2504 4834//1106 4833//2530
f 4806//1106 4807//2505 4835//2531
f 4806//1106 4835//2531 4834//1106
f 4807//2505 4808//2506 4836//2532
f 4807//2505 4836//2532 4835//2531
f 4808//2506 4809//2507 4837//2533
f 4808//2506 4837//2533 4836//2532
f 4809//2507 4810//2508 4838//2534
f 4809//2507 4838//2534 4837//2533
f 4810//2508 4811//2509 4839//2535
f 4810//2508 4839//2535 4838//2534
f 4811//2509 4812//2510 4840//2536
f 4811//2509 4840//2536 4839//2535
f 4812//2510 4786//2486 4814//2512
f 4812//2510 4814//2512 4840//2536
f 4814//2512 4813//2511 4841//2537
f 4814//2512 4841//2537 4842//2538
f 4813//2511 4815//2513 4843//2539
f 4813//2511 4843//2539 4841//2537
f 4815//2513 4816//2514 4844//2540
f 4815//2513 4844//2540 4843//2539
f 4816//2514 4817//2515 4845//2541
f 4816//2514 4845//2541 4844//2540
f 4817//2515 4818//2516 4846//2542
f 4817//2515 4846//2542 4845//2541
f 4818//2516 4819//2517 4847//2543
f 4818//2516 4847//2543 4846//2542
f 4819//2517 4820//1 4848//1
f 4819//2517 4848//1 4847//2543
f 4820//1 4821//2518 4849//2544
f 4820//1 4849//2544 4848//1
f 4821//2518 4822//2519 4850//2545
f 4821//2518 4850//2545 4849//2544
f 4822//2519 4823//2520 4851//2546
f 4822//2519 4851//2546 4850//2545
f 4823//2520 4824//2521 4852//2547
f 4823//2520 4852//2547 4851//2546
f 4824//2521 4825//2522 4853//2548
f 4824//2521 4853//2548 4852//2547
f 4825//2522 4826//2523 4854//2549
f 4825//2522 4854//2549 4853//2548
f 4826//2523 4827//2524 4855//2550
f 4826//2523 4855//2550 4854//2549
f 4827//2524 4828//2525 4856//2551
f 4827//2524 4856//2551 4855//2550
f 4828//2525 4829//2526 4857//2552
f 4828//2525 4857//2552 4856//2551
f 4829//2526 4830//2527 4858//2553
f 4829//2526 4858//2553 4857//2552
f 4830//2527 4831//2528 4859//2554
f 4830//2527 4859//2554 4858//2553
f 4831//2528 4832//2529 4860//2555
f 4831//2528 4860//2555 4859//2554
f 4832//2529 4833//2530 4861//2556
f 4832//2529 4861//2556 4860//2555
f 4833//2530 4834//1106 4862//1106
f 4833//2530 4862//1106 4861//2556
f 4834//1106 4835//2531 4863//2557
f 4834//1106 4863//2557 4862//1106
f 4835//2531 4836//2532 4864//2558
f 4835//2531 4864//2558 4863//2557
f 4836//2532 4837//2533 4865//2559
f 4836//2532 4865//2559 4864//2558
f 4837//2533 4838//2534 4866//2560
f 4837//2533 4866//2560 4865//2559
f 4838//2534 4839//2535 4867//2561
f 4838//2534 4867//2561 4866//2560
f 4839//2535 4840//2536 4868//2562
f 4839//2535 4868//2562 4867//2561
f 4840//2536 4814//2512 4842//2538
f 4840//2536 4842//2538 4868//2562
f 4842//2538 4841//2537 4869//1866
f 4842//2538 4869//1866 4870//554
f 4841//2537 4843//2539 4871//1864
f 4841//2537 4871//1864 4869//1866
f 4843//2539 4844//2540 4872//1862
f 4843//2539 4872//1862 4871//1864
f 4844//2540 4845//2541 4873//1860
f 4844//2540 4873//1860 4872//1862
f 4845//2541 4846//2542 4874//1858
f 4845//2541 4874//1858 4873//1860
f 4846//2542 4847//2543 4875//1856
f 4846//2542 4875//1856 4874//1858
f 4847//2543 4848//1 4876//1
f 4847//2543 4876//1 4875//1856
f 4848//1 4849//2544 4877//1854
f 4848//1 4877//1854 4876//1
f 4849//2544 4850//2545 4878//1852
f 4849//2544 4878//1852 4877//1854
f 4850//2545 4851//2546 4879//1850
f 4850//2545 4879//1850 4878//1852
f 4851//2546 4852//2547 4880//1848
f 4851//2546 4880//1848 4879//1850
f 4852//2547 4853//2548 4881//1846
f 4852//2547 4881//1846 4880//1848
f 4853//2548 4854//2549 4882//1843
f 4853//2548 4882//1843 4881//1846
f 4854//2549 4855//2550 4883//531
f 4854//2549 4883//531 4882//1843
f 4855//2550 4856//2551 4884//1891
f 4855//2550 4884//1891 4883//531
f 4856//2551 4857//2552 4885//1889
f 4856//2551 4885//1889 4884//1891
f 4857//2552 4858//2553 4886//1887
f 4857//2552 4886//1887 4885//1889
f 4858//2553 4859//2554 4887//1885
f 4858//2553 4887//1885 4886//1887
f 4859//2554 4860//2555 4888//1883
f 4859//2554 4888//1883 4887//1885
f 4860//2555 4861//2556 4889//1881
f 4860//2555 4889//1881 4888//1883
f 4861//2556 4862//1106 4890//1106
f 4861//2556 4890//1106 4889//1881
f 4862//1106 4863//2557 4891//1879
f 4862//1106 4891//1879 4890//1106
f 4863//2557 4864//2558 4892//1877
f 4863//2557 4892//1877 4891//1879
f 4864//2558 4865//2559 4893//1875
f 4864//2558 4893//1875 4892//1877
f 4865//2559 4866//2560 4894//1873
f 4865//2559 4894//1873 4893//1875
f 4866//2560 4867//2561 4895//1871
f 4866//2560 4895//1871 4894//1873
f 4867//2561 4868//2562 4896//1869
f 4867//2561 4896//1869 4895//1871
f 4868//2562 4842//2538 4870//554
f 4868//2562 4870//554 4896//1869
f 4870//554 4869//1866 4897//1867
f 4870//554 4897//1867 4898//1868
f 4869//1866 4871//1864 4899//1865
f 4869//1866 4899//1865 4897//1867
f 4871//1864 4872//1862 4900//1863
f 4871//1864 4900//1863 4899//1865
f 4872//1862 4873//1860 4901//1861
f 4872//1862 4901//1861 4900//1863
f 4873//1860 4874//1858 4902//1859
f 4873//1860 4902//1859 4901//1861
f 4874//1858 4875//1856 4903//1857
f 4874//1858 4903//1857 4902//1859
f 4875//1856 4876//1 4904//1
f 4875//1856 4904//1 4903//1857
f 4876//1 4877//1854 4905//1855
f 4876//1 4905//1855 4904//1
f 4877//1854 4878//1852 4906//1853
f 4877//1854 4906//1853 4905//1855
f 4878//1852 4879//1850 4907//1851
f 4878//1852 4907//1851 4906//1853
f 4879//1850 4880//1848 4908//1849
f 4879//1850 4908//1849 4907//1851
f 4880//1848 4881//1846 4909//1847
f 4880//1848 4909//1847 4908//1849
f 4881//1846 4882//1843 4910//1844
f 4881//1846 4910//1844 4909//1847
f 4882//1843 4883//531 4911//1845
f 4882//1843 4911//1845 4910//1844
f 4883//531 4884//1891 4912//1892
f 4883//531 4912//1892 4911//1845
f 4884//1891 4885//1889 4913//1890
f 4884//1891 4913//1890 4912//1892
f 4885//1889 4886//1887 4914//1888
f 4885//1889 4914//1888 4913//1890
f 4886//1887 4887//1885 4915//1886
f 4886//1887 4915//1886 4914//1888
f 4887//1885 4888//1883 4916//1884
f 4887//1885 4916//1884 4915//1886
f 4888//1883 4889//1881 4917//1882
f 4888//1883 4917//1882 4916//1884
f 4889//1881 4890//1106 4918//1106
f 4889//1881 4918//1106 4917//1882
f 4890//1106 4891//1879 4919//1880
f 4890//1106 4919//1880 4918//1106
f 4891//1879 4892//1877 4920//1878
f 4891//1879 4920//1878 4919//1880
f 4892//1877 4893//1875 4921//1876
f 4892//1877 4921//1876 4920//1878
f 4893//1875 4894//1873 4922//1874
f 4893//1875 4922//1874 4921//1876
f 4894//1873 4895//1871 4923//1872
f 4894//1873 4923//1872 4922//1874
f 4895//1871 4896//1869 4924//1870
f 4895//1871 4924//1870 4923//1872
f 4896//1869 4870//554 4898//1868
f 4896//1869 4898//1868 4924//1870
f 4898//1868 4897//1867 4925//1905
f 4898//1868 4925//1905 4926//1906
f 4897//1867 4899//1865 4927//1904
f 4897//1867 4927//1904 4925//1905
f 4899//1865 4900//1863 4928//1903
f 4899//1865 4928//1903 4927//1904
f 4900//1863 4901//1861 4929//1902
f 4900//1863 4929//1902 4928//1903
f 4901//1861 4902//1859 4930//1901
f 4901//1861 4930//1901 4929//1902
f 4902//1859 4903//1857 4931//1900
f 4902//1859 4931//1900 4930//1901
f 4903//1857 4904//1 4932//1
f 4903//1857 4932//1 4931//1900
f 4904//1 4905//1855 4933//1899
f 4904//1 4933//1899 4932//1
f 4905//1855 4906//1853 4934//1898
f 4905//1855 4934//1898 4933//1899
f 4906//1853 4907//1851 4935//1897
f 4906//1853 4935//1897 4934//1898
f 4907//1851 4908//1849 4936//1896
f 4907//1851 4936//1896 4935//1897
f 4908//1849 4909//1847 4937//1895
f 4908//1849 4937//1895 4936//1896
f 4909//1847 4910//1844 4938//1893
f 4909//1847 4938//1893 4937//1895
f 4910//1844 4911//1845 4939//1894
f 4910//1844 4939//1894 4938//1893
f 4911//1845 4912//1892 4940//1918
f 4911//1845 4940//1918 4939//1894
f 4912//1892 4913//1890 4941//1917
f 4912//1892 4941//1917 4940//1918
f 4913//1890 4914//1888 4942//1916
f 4913//1890 4942//1916 4941//1917
f 4914//1888 4915//1886 4943//1915
f 4914//1888 4943//1915 4942//1916
f 4915//1886 4916//1884 4944//1914
f 4915//1886 4944//1914 4943//1915
f 4916//1884 4917//1882 4945//1913
f 4916//1884 4945//1913 4944//1914
f 4917//1882 4918//1106 4946//1106
f 4917//1882 4946//1106 4945//1913
f 4918//1106 4919//1880 4947//1912
f 4918//1106 4947//1912 4946//1106
f 4919//1880 4920//1878 4948//1911
f 4919//1880 4948//1911 4947//1912
f 4920//1878 4921//1876 4949//1910
f 4920//1878 4949//1910 4948//1911
f 4921//1876 4922//1874 4950//1909
f 4921//1876 4950//1909 4949//1910
f 4922//1874 4923//1872 4951//1908
f 4922//1874 4951//1908 4950//1909
f 4923//1872 4924//1870 4952//1907
f 4923//1872 4952//1907 4951//1908
f 4924//1870 4898//1868 4926//1906
f 4924//1870 4926//1906 4952//1907
f 4926//1906 4925//1905 4953//1931
f 4926//1906 4953//1931 4954//1932
f 4925//1905 4927//1904 4955//1930
f 4925//1905 4955//1930 4953//1931
f 4927//1904 4928//1903 4956//1929
f 4927//1904 4956//1929 4955//1930
f 4928//1903 4929//1902 4957//1928
f 4928//1903 4957//1928 4956//1929
f 4929//1902 4930//1901 4958//1927
f 4929//1902 4958//1927 4957//1928
f 4930//1901 4931//1900 4959//1926
f 4930//1901 4959//1926 4958//1927
f 4931//1900 4932//1 4960//1
f 4931//1900 4960//1 4959//1926
f 4932//1 4933//1899 4961//1925
f 4932//1 4961//1925 4960//1
f 4933//1899 4934//1898 4962//1924
f 4933//1899 4962//1924 4961//1925
f 4934//1898 4935//1897 4963//1923
f 4934//1898 4963//1923 4962//1924
f 4935//1897 4936//1896 4964//1922
f 4935//1897 4964//1922 4963//1923
f 4936//1896 4937//1895 4965//1921
f 4936//1896 4965//1921 4964//1922
f 4937//1895 4938//1893 4966//1919
f 4937//1895 4966//1919 4965//1921
f 4938//1893 4939//1894 4967//1920
f 4938//1893 4967//1920 4966//1919
f 4939//1894 4940//1918 4968//1944
f 4939//1894 4968//1944 4967//1920
f 4940//1918 4941//1917 4969//1943
f 4940//1918 4969//1943 4968//1944
f 4941//1917 4942//1916 4970//1942
f 4941//1917 4970//1942 4969//1943
f 4942//1916 4943//1915 4971//1941
f 4942//1916 4971//1941 4970//1942
f 4943//1915 4944//1914 4972//1940
f 4943//1915 4972//1940 4971//1941
f 4944//1914 4945//1913 4973//1939
f 4944//1914 4973//1939 4972//1940
f 4945//1913 4946//1106 4974//1106
f 4945//1913 4974//1106 4973//1939
f 4946//1106 4947//1912 4975//1938
f 4946//1106 4975//1938 4974//1106
f 4947//1912 4948//1911 4976//1937
f 4947//1912 4976//1937 4975//1938
f 4948//1911 4949//1910 4977//1936
f 4948//1911 4977//1936 4976//1937
f 4949//1910 4950//1909 4978//1935
f 4949//1910 4978//1935 4977//1936
f 4950//1909 4951//1908 4979//1934
f 4950//1909 4979//1934 4978//1935
f 4951//1908 4952//1907 4980//1933
f 4951//1908 4980//1933 4979//1934
f 4952//1907 4926//1906 4954//1932
f 4952//1907 4954//1932 4980//1933
f 4954//1932 4953//1931 4981//1957
f 4954//1932 4981//1957 4982//1958
f 4953//1931 4955//1930 4983//1956
f 4953//1931 4983//1956 4981//1957
f 4955//1930 4956//1929 4984//1955
f 4955//1930 4984//1955 4983//1956
f 4956//1929 4957//1928 4985//1954
f 4956//1929 4985//1954 4984//1955
f 4957//1928 4958//1927 4986//1953
f 4957//1928 4986//1953 4985//1954
f 4958//1927 4959//1926 4987//1952
f 4958//1927 4987//1952 4986//1953
f 4959//1926 4960//1 4988//1
f 4959//1926 4988//1 4987//1952
f 4960//1 4961//1925 4989//1951
f 4960//1 4989//1951 4988//1
f 4961//1925 4962//1924 4990//1950
f 4961//1925 4990//1950 4989//1951
f 4962//1924 4963//1923 4991//1949
f 4962//1924 4991//1949 4990//1950
f 4963//1923 4964//1922 4992//1948
f 4963//1923 4992//1948 4991//1949
f 4964//1922 4965//1921 4993//1947
f 4964//1922 4993//1947 4992//1948
f 4965//1921 4966//1919 4994//1945
f 4965//1921 4994//1945 4993//1947
f 4966//1919 4967//1920 4995//1946
f 4966//1919 4995//1946 4994//1945
f 4967//1920 4968//1944 4996//1970
f 4967//1920 4996//1970 4995//1946
f 4968//1944 4969//1943 4997//1969
f 4968//1944 4997//1969 4996//1970
f 4969//1943 4970//1942 4998//1968
f 4969//1943 4998//1968 4997//1969
f 4970//1942 4971//1941 4999//1967
f 4970//1942 4999//1967 4998//1968
f 4971//1941 4972//1940 5000//1966
f 4971//1941 5000//1966 4999//1967
f 4972//1940 4973//1939 5001//1965
f 4972//1940 5001//1965 5000//1966
f 4973//1939 4974//1106 5002//1106
f 4973//1939 5002//1106 5001//1965
f 4974//1106 4975//1938 5003//1964
f 4974//1106 5003//1964 5002//1106
f 4975//1938 4976//1937 5004//1963
f 4975//1938 5004//1963 5003//1964
f 4976//1937 4977//1936 5005//1962
f 4976//1937 5005//1962 5004//1963
f 4977//1936 4978//1935 5006//1961
f 4977//1936 5006//1961 5005//1962
f 4978//1935 4979//1934 5007//1960
f 4978//1935 5007//1960 5006//1961
f 4979//1934 4980//1933 5008//1959
f 4979//1934 5008//1959 5007//1960
f 4980//1933 4954//1932 4982//1958
f 4980//1933 4982//1958 5008//1959
f 4982//1958 4981//1957 5009//1983
f 4982//1958 5009//1983 5010//1984
f 4981//1957 4983//1956 5011//1982
f 4981//1957 5011//1982 5009//1983
f 4983//1956 4984//1955 5012//1981
f 4983//1956 5012//1981 5011//1982
f 4984//1955 4985//1954 5013//1980
f 4984//1955 5013//1980 5012//1981
f 4985//1954 4986//1953 5014//1979
f 4985//1954 5014//1979 5013//1980
f 4986//1953 4987//1952 5015//1978
f 4986//1953 5015//1978 5014//1979
f 4987//1952 4988//1 5016//1
f 4987//1952 5016//1 5015//1978
f 4988//1 4989//1951 5017//1977
f 4988//1 5017//1977 5016//1
f 4989//1951 4990//1950 5018//1976
f 4989//1951 5018//1976 5017//1977
f 4990//1950 4991//1949 5019//1975
f 4990//1950 5019//1975 5018//1976
f 4991//1949 4992//1948 5020//1974
f 4991//1949 5020//1974 5019//1975
f 4992//1948 4993//1947 5021//1973
f 4992//1948 5021//1973 5020//1974
f 4993//1947 4994//1945 5022//1971
f 4993//1947 5022//1971 5021//1973
f 4994//1945 4995//1946 5023//1972
f 4994//1945 5023//1972 5022//1971
f 4995//1946 4996//1970 5024//1996
f 4995//1946 5024//1996 5023//1972
f 4996//1970 4997//1969 5025//1995
f 4996//1970 5025//1995 5024//1996
f 4997//1969 4998//1968 5026//1994
f 4997//1969 5026//1994 5025//1995
f 4998//1968 4999//1967 5027//1993
f 4998//1968 5027//1993 5026//1994
f 4999//1967 5000//1966 5028//1992
f 4999//1967 5028//1992 5027//1993
f 5000//1966 5001//1965 5029//1991
f 5000//1966 5029//1991 5028//1992
f 5001//1965 5002//1106 5030//1106
f 5001//1965 5030//1106 5029//1991
f 5002//1106 5003//1964 5031//1990
f 5002//1106 5031//1990 5030//1106
f 5003//1964 5004//1963 5032//1989
f 5003//1964 5032//1989 5031//1990
f 5004//1963 5005//1962 5033//1988
f 5004//1963 5033//1988 5032//1989
f 5005//1962 5006//1961 5034//1987
f 5005//1962 5034//1987 5033//1988
f 5006//1961 5007//1960 5035//1986
f 5006//1961 5035//1986 5034//1987
f 5007//1960 5008//1959 5036//1985
f 5007//1960 5036//1985 5035//1986
f 5008//1959 4982//1958 5010//1984
f 5008//1959 5010//1984 5036//1985
f 5010//1984 5009//1983 5037//2009
f 5010//1984 5037//2009 5038//2010
f 5009//1983 5011//1982 5039//2008
f 5009//1983 5039//2008 5037//2009
f 5011//1982 5012//1981 5040//2007
f 5011//1982 5040//2007 5039//2008
f 5012//1981 5013//1980 5041//2006
f 5012//1981 5041//2006 5040//2007
f 5013//1980 5014//1979 5042//2005
f 5013//1980 5042//2005 5041//2006
f 5014//1979 5015//1978 5043//2004
f 5014//1979 5043//2004 5042//2005
f 5015//1978 5016//1 5044//1
f 5015//1978 5044//1 5043//2004
f 5016//1 5017//1977 5045//2003
f 5016//1 5045//2003 5044//1
f 5017//1977 5018//1976 5046//2002
f 5017//1977 5046//2002 5045//2003
f 5018//1976 5019//1975 5047//2001
f 5018//1976 5047//2001 5046//2002
f 5019//1975 5020//1974 5048//2000
f 5019//1975 5048//2000 5047//2001
f 5020//1974 5021//1973 5049//1999
f 5020//1974 5049//1999 5048//2000
f 5021//1973 5022//1971 5050//1997
f 5021//1973 5050//1997 5049//1999
f 5022//1971 5023//1972 5051//1998
f 5022//1971 5051//1998 5050//1997
f 5023//1972 5024//1996 5052//2022
f 5023//1972 5052//2022 5051//1998
f 5024//1996 5025//1995 5053//2021
f 5024//1996 5053//2021 5052//2022
f 5025//1995 5026//1994 5054//2020
f 5025//1995 5054//2020 5053//2021
f 5026//1994 5027//1993 5055//2019
f 5026//1994 5055//2019 5054//2020
f 5027//1993 5028//1992 5056//2018
f 5027//1993 5056//2018 5055//2019
f 5028//1992 5029//1991 5057//2017
f 5028//1992 5057//2017 5056//2018
f 5029//1991 5030//1106 5058//1106
f 5029//1991 5058//1106 5057//2017
f 5030//1106 5031//1990 5059//2016
f 5030//1106 5059//2016 5058//1106
f 5031//1990 5032//1989 5060//2015
f 5031//1990 5060//2015 5059//2016
f 5032//1989 5033//1988 5061//2014
f 5032//1989 5061//2014 5060//2015
f 5033//1988 5034//1987 5062//2013
f 5033//1988 5062//2013 5061//2014
f 5034//1987 5035//1986 5063//2012
f 5034//1987 5063//2012 5062//2013
f 5035//1986 5036//1985 5064//2011
f 5035//1986 5064//2011 5063//2012
f 5036//1985 5010//1984 5038//2010
f 5036//1985 5038//2010 5064//2011
f 5038//2010 5037//2009 5065//2034
f 5038//2010 5065//2034 5066//560
f 5037//2009 5039//2008 5067//2033
f 5037//2009 5067//2033 5065//2034
f 5039//2008 5040//2007 5068//2032
f 5039//2008 5068//2032 5067//2033
f 5040//2007 5041//2006 5069//2031
f 5040//2007 5069//2031 5068//2032
f 5041//2006 5042//2005 5070//2030
f 5041//2006 5070//2030 5069//2031
f 5042//2005 5043//2004 5071//2029
f 5042//2005 5071//2029 5070//2030
f 5043//2004 5044//1 5072//1
f 5043//2004 5072//1 5071//2029
f 5044//1 5045//2003 5073//2028
f 5044//1 5073//2028 5072//1
f 5045//2003 5046//2002 5074//2027
f 5045//2003 5074//2027 5073//2028
f 5046//2002 5047//2001 5075//2026
f 5046//2002 5075//2026 5074//2027
f 5047//2001 5048//2000 5076//2025
f 5047//2001 5076//2025 5075//2026
f 5048//2000 5049//1999 5077//2024
f 5048//2000 5077//2024 5076//2025
f 5049//1999 5050//1997 5078//2023
f 5049//1999 5078//2023 5077//2024
f 5050//1997 5051//1998 5079//536
f 5050//1997 5079//536 5078//2023
f 5051//1998 5052//2022 5080//2046
f 5051//1998 5080//2046 5079//536
f 5052//2022 5053//2021 5081//2045
f 5052//2022 5081//2045 5080//2046
f 5053//2021 5054//2020 5082//2044
f 5053//2021 5082//2044 5081//2045
f 5054//2020 5055//2019 5083//2043
f 5054//2020 5083//2043 5082//2044
f 5055//2019 5056//2018 5084//2042
f 5055//2019 5084//2042 5083//2043
f 5056//2018 5057//2017 5085//2041
f 5056//2018 5085//2041 5084//2042
f 5057//2017 5058//1106 5086//1106
f 5057//2017 5086//1106 5085//2041
f 5058//1106 5059//2016 5087//2040
f 5058//1106 5087//2040 5086//1106
f 5059//2016 5060//2015 5088//2039
f 5059//2016 5088//2039 5087//2040
f 5060//2015 5061//2014 5089//2038
f 5060//2015 5089//2038 5088//2039
f 5061//2014 5062//2013 5090//2037
f 5061//2014 5090//2037 5089//2038
f 5062//2013 5063//2012 5091//2036
f 5062//2013 5091//2036 5090//2037
f 5063//2012 5064//2011 5092//2035
f 5063//2012 5092//2035 5091//2036
f 5064//2011 5038//2010 5066//560
f 5064//2011 5066//560 5092//2035
f 5066//560 5065//2034 5093//2059
f 5066//560 5093//2059 5094//2060
f 5065//2034 5067//2033 5095//2058
f 5065//2034 5095//2058 5093//2059
f 5067//2033 5068//2032 5096//2057
f 5067//2033 5096//2057 5095//2058
f 5068//2032 5069//2031 5097//2056
f 5068//2032 5097//2056 5096//2057
f 5069//2031 5070//2030 5098//2055
f 5069//2031 5098//2055 5097//2056
f 5070//2030 5071//2029 5099//2054
f 5070//2030 5099//2054 5098//2055
f 5071//2029 5072//1 5100//1
f 5071//2029 5100//1 5099//2054
f 5072//1 5073//2028 5101//2053
f 5072//1 5101//2053 5100//1
f 5073//2028 5074//2027 5102//2052
f 5073//2028 5102//2052 5101//2053
f 5074//2027 5075//2026 5103//2051
f 5074//2027 5103//2051 5102//2052
f 5075//2026 5076//2025 5104//2050
f 5075//2026 5104//2050 5103//2051
f 5076//2025 5077//2024 5105//2049
f 5076//2025 5105//2049 5104//2050
f 5077//2024 5078//2023 5106//2047
f 5077//2024 5106//2047 5105//2049
f 5078//2023 5079//536 5107//2048
f 5078//2023 5107//2048 5106//2047
f 5079//536 5080//2046 5108//2072
f 5079//536 5108//2072 5107//2048
f 5080//2046 5081//2045 5109//2071
f 5080//2046 5109//2071 5108//2072
f 5081//2045 5082//2044 5110//2070
f 5081//2045 5110//2070 5109//2071
f 5082//2044 5083//2043 5111//2069
f 5082//2044 5111//2069 5110//2070
f 5083//2043 5084//2042 5112//2068
f 5083//2043 5112//2068 5111//2069
f 5084//2042 5085//2041 5113//2067
f 5084//2042 5113//2067 5112//2068
f 5085//2041 5086//1106 5114//1106
f 5085//2041 5114//1106 5113//2067
f 5086//1106 5087//2040 5115//2066
f 5086//1106 5115//2066 5114//1106
f 5087//2040 5088//2039 5116//2065
f 5087//2040 5116//2065 5115//2066
f 5088//2039 5089//2038 5117//2064
f 5088//2039 5117//2064 5116//2065
f 5089//2038 5090//2037 5118//2063
f 5089//2038 5118//2063 5117//2064
f 5090//2037 5091//2036 5119//2062
f 5090//2037 5119//2062 5118//2063
f 5091//2036 5092//2035 5120//2061
f 5091//2036 5120//2061 5119//2062
f 5092//2035 5066//560 5094//2060
f 5092//2035 5094//2060 5120//2061
f 5094//2060 5093//2059 5121//2085
f 5094//2060 5121//2085 5122//2086
f 5093//2059 5095//2058 5123//2084
f 5093//2059 5123//2084 5121//2085
f 5095//2058 5096//2057 5124//2083
f 5095//2058 5124//2083 5123//2084
f 5096//2057 5097//2056 5125//2082
f 5096//2057 5125//2082 5124//2083
f 5097//2056 5098//2055 5126//2081
f 5097//2056 5126//2081 5125//2082
f 5098//2055 5099//2054 5127//2080
f 5098//2055 5127//2080 5126//2081
f 5099//2054 5100//1 5128//1
f 5099//2054 5128//1 5127//2080
f 5100//1 5101//2053 5129//2079
f 5100//1 5129//2079 5128//1
f 5101//2053 5102//2052 5130//2078
f 5101//2053 5130//2078 5129//2079
f 5102//2052 5103//2051 5131//2077
f 5102//2052 5131//2077 5130//2078
f 5103//2051 5104//2050 5132//2076
f 5103//2051 5132//2076 5131//2077
f 5104//2050 5105//2049 5133//2075
f 5104//2050 5133//2075 5132//2076
f 5105//2049 5106//2047 5134//2073
f 5105//2049 5134//2073 5133//2075
f 5106//2047 5107//2048 5135//2074
f 5106//2047 5135//2074 5134//2073
f 5107//2048 5108//2072 5136//2098
f 5107//2048 5136//2098 5135//2074
f 5108//2072 5109//2071 5137//2097
f 5108//2072 5137//2097 5136//2098
f 5109//2071 5110//2070 5138//2096
f 5109//2071 5138//2096 5137//2097
f 5110//2070 5111//2069 5139//2095
f 5110//2070 5139//2095 5138//2096
f 5111//2069 5112//2068 5140//2094
f 5111//2069 5140//2094 5139//2095
f 5112//2068 5113//2067 5141//2093
f 5112//2068 5141//2093 5140//2094
f 5113//2067 5114//1106 5142//1106
f 5113//2067 5142//1106 5141//2093
f 5114//1106 5115//2066 5143//2092
f 5114//1106 5143//2092 5142//1106
f 5115//2066 5116//2065 5144//2091
f 5115//2066 5144//2091 5143//2092
f 5116//2065 5117//2064 5145//2090
f 5116//2065 5145//2090 5144//2091
f 5117//2064 5118//2063 5146//2089
f 5117//2064 5146//2089 5145//2090
f 5118//2063 5119//2062 5147//2088
f 5118//2063 5147//2088 5146//2089
f 5119//2062 5120//2061 5148//2087
f 5119//2062 5148//2087 5147//2088
f 5120//2061 5094//2060 5122//2086
f 5120//2061 5122//2086 5148//2087
f 5122//2086 5121//2085 5149//2111
f 5122//2086 5149//2111 5150//2112
f 5121//2085 5123//2084 5151//2110
f 5121//2085 5151//2110 5149//2111
f 5123//2084 5124//2083 5152//2109
f 5123//2084 5152//2109 5151//2110
f 5124//2083 5125//2082 5153//2108
f 5124//2083 5153//2108 5152//2109
f 5125//2082 5126//2081 5154//2107
f 5125//2082 5154//2107 5153//2108
f 5126//2081 5127//2080 5155//2106
f 5126//2081 5155//2106 5154//2107
f 5127//2080 5128//1 5156//1
f 5127//2080 5156//1 5155//2106
f 5128//1 5129//2079 5157//2105
f 5128//1 5157//2105 5156//1
f 5129//2079 5130//2078 5158//2104
f 5129//2079 5158//2104 5157//2105
f 5130//2078 5131//2077 5159//2103
f 5130//2078 5159//2103 5158//2104
f 5131//2077 5132//2076 5160//2102
f 5131//2077 5160//2102 5159//2103
f 5132//2076 5133//2075 5161//2101
f 5132//2076 5161//2101 5160//2102
f 5133//2075 5134//2073 5162//2099
f 5133//2075 5162//2099 5161//2101
f 5134//2073 5135//2074 5163//2100
f 5134//2073 5163//2100 5162//2099
f 5135//2074 5136//2098 5164//2124
f 5135//2074 5164//2124 5163//2100
f 5136//2098 5137//2097 5165//2123
f 5136//2098 5165//2123 5164//2124
f 5137//2097 5138//2096 5166//2122
f 5137//2097 5166//2122 5165//2123
f 5138//2096 5139//2095 5167//2121
f 5138//2096 5167//2121 5166//2122
f 5139//2095 5140//2094 5168//2120
f 5139//2095 5168//2120 5167//2121
f 5140//2094 5141//2093 5169//2119
f 5140//2094 5169//2119 5168//2120
f 5141//2093 5142//1106 5170//1106
f 5141//2093 5170//1106 5169//2119
f 5142//1106 5143//2092 5171//2118
f 5142//1106 5171//2118 5170//1106
f 5143//2092 5144//2091 5172//2117
f 5143//2092 5172//2117 5171//2118
f 5144//2091 5145//2090 5173//2116
f 5144//2091 5173//2116 5172//2117
f 5145//2090 5146//2089 5174//2115
f 5145//2090 5174//2115 5173//2116
f 5146//2089 5147//2088 5175//2114
f 5146//2089 5175//2114 5174//2115
f 5147//2088 5148//2087 5176//2113
f 5147//2088 5176//2113 5175//2114
f 5148//2087 5122//2086 5150//2112
f 5148//2087 5150//2112 5176//2113
f 5150//2112 5149//2111 5177//2137
f 5150//2112 5177//2137 5178//2138
f 5149//2111 5151//2110 5179//2136
f 5149//2111 5179//2136 5177//2137
f 5151//2110 5152//2109 5180//2135
f 5151//2110 5180//2135 5179//2136
f 5152//2109 5153//2108 5181//2134
f 5152//2109 5181//2134 5180//2135
f 5153//2108 5154//2107 5182//2133
f 5153//2108 5182//2133 5181//2134
f 5154//2107 5155//2106 5183//2132
f 5154//2107 5183//2132 5182//2133
f 5155//2106 5156//1 5184//1
f 5155//2106 5184//1 5183//2132
f 5156//1 5157//2105 5185//2131
f 5156//1 5185//2131 5184//1
f 5157//2105 5158//2104 5186//2130
f 5157//2105 5186//2130 5185//2131
f 5158//2104 5159//2103 5187//2129
f 5158//2104 5187//2129 5186//2130
f 5159//2103 5160//2102 5188//2128
f 5159//2103 5188//2128 5187//2129
f 5160//2102 5161//2101 5189//2127
f 5160//2102 5189//2127 5188//2128
f 5161//2101 5162//2099 5190//2125
f 5161//2101 5190//2125 5189//2127
f 5162//2099 5163//2100 5191//2126
f 5162//2099 5191//2126 5190//2125
f 5163//2100 5164//2124 5192//2150
f 5163//2100 5192//2150 5191//2126
f 5164//2124 5165//2123 5193//2149
f 5164//2124 5193//2149 5192//2150
f 5165//2123 5166//2122 5194//2148
f 5165//2123 5194//2148 5193//2149
f 5166//2122 5167//2121 5195//2147
f 5166//2122 5195//2147 5194//2148
f 5167//2121 5168//2120 5196//2146
f 5167//2121 5196//2146 5195//2147
f 5168//2120 5169//2119 5197//2145
f 5168//2120 5197//2145 5196//2146
f 5169//2119 5170//1106 5198//1106
f 5169//2119 5198//1106 5197//2145
f 5170//1106 5171//2118 5199//2144
f 5170//1106 5199//2144 5198//1106
f 5171//2118 5172//2117 5200//2143
f 5171//2118 5200//2143 5199//2144
f 5172//2117 5173//2116 5201//2142
f 5172//2117 5201//2142 5200//2143
f 5173//2116 5174//2115 5202//2141
f 5173//2116 5202//2141 5201//2142
f 5174//2115 5175//2114 5203//2140
f 5174//2115 5203//2140 5202//2141
f 5175//2114 5176//2113 5204//2139
f 5175//2114 5204//2139 5203//2140
f 5176//2113 5150//2112 5178//2138
f 5176//2113 5178//2138 5204//2139
f 5178//2138 5177//2137 5205//2163
f 5178//2138 5205//2163 5206//2164
f 5177//2137 5179//2136 5207//2162
f 5177//2137 5207//2162 5205//2163
f 5179//2136 5180//2135 5208//2161
f 5179//2136 5208//2161 5207//2162
f 5180//2135 5181//2134 5209//2160
f 5180//2135 5209//2160 5208//2161
f 5181//2134 5182//2133 5210//2159
f 5181//2134 5210//2159 5209//2160
f 5182//2133 5183//2132 5211//2158
f 5182//2133 5211//2158 5210//2159
f 5183//2132 5184//1 5212//1
f 5183//2132 5212//1 5211//2158
f 5184//1 5185//2131 5213//2157
f 5184//1 5213//2157 5212//1
f 5185//2131 5186//2130 5214//2156
f 5185//2131 5214//2156 5213//2157
f 5186//2130 5187//2129 5215//2155
f 5186//2130 5215//2155 5214//2156
f 5187//2129 5188//2128 5216//2154
f 5187//2129 5216//2154 5215//2155
f 5188//2128 5189//2127 5217//2153
f 5188//2128 5217//2153 5216//2154
f 5189//2127 5190//2125 5218//2151
f 5189//2127 5218//2151 5217//2153
f 5190//2125 5191//2126 5219//2152
f 5190//2125 5219//2152 5218//2151
f 5191//2126 5192//2150 5220//2176
f 5191//2126 5220//2176 5219//2152
f 5192//2150 5193//2149 5221//2175
f 5192//2150 5221//2175 5220//2176
f 5193//2149 5194//2148 5222//2174
f 5193//2149 5222//2174 5221//2175
f 5194//2148 5195//2147 5223//2173
f 5194//2148 5223//2173 5222//2174
f 5195//2147 5196//2146 5224//2172
f 5195//2147 5224//2172 5223//2173
f 5196//2146 5197//2145 5225//2171
f 5196//2146 5225//2171 5224//2172
f 5197//2145 5198//1106 5226//1106
f 5197//2145 5226//1106 5225//2171
f 5198//1106 5199//2144 5227//2170
f 5198//1106 5227//2170 5226//1106
f 5199//2144 5200//2143 5228//2169
f 5199//2144 5228//2169 5227//2170
f 5200//2143 5201//2142 5229//2168
f 5200//2143 5229//2168 5228//2169
f 5201//2142 5202//2141 5230//2167
f 5201//2142 5230//2167 5229//2168
f 5202//2141 5203//2140 5231//2166
f 5202//2141 5231//2166 5230//2167
f 5203//2140 5204//2139 5232//2165
f 5203//2140 5232//2165 5231//2166
f 5204//2139 5178//2138 5206//2164
f 5204//2139 5206//2164 5232//2165
f 5206//2164 5205//2163 5233//2189
f 5206//2164 5233//2189 5234//2190
f 5205//2163 5207//2162 5235//2188
f 5205//2163 5235//2188 5233//2189
f 5207//2162 5208//2161 5236//2187
f 5207//2162 5236//2187 5235//2188
f 5208//2161 5209//2160 5237//2186
f 5208//2161 5237//2186 5236//2187
f 5209//2160 5210//2159 5238//2185
f 5209//2160 5238//2185 5237//2186
f 5210//2159 5211//2158 5239//2184
f 5210//2159 5239//2184 5238//2185
f 5211//2158 5212//1 5240//1
f 5211//2158 5240//1 5239//2184
f 5212//1 5213//2157 5241//2183
f 5212//1 5241//2183 5240//1
f 5213//2157 5214//2156 5242//2182
f 5213//2157 5242//2182 5241//2183
f 5214//2156 5215//2155 5243//2181
f 5214//2156 5243//2181 5242//2182
f 5215//2155 5216//2154 5244//2180
f 5215//2155 5244//2180 5243//2181
f 5216//2154 5217//2153 5245//2179
f 5216//2154 5245//2179 5244//2180
f 5217//2153 5218//2151 5246//2177
f 5217//2153 5246//2177 5245//2179
f 5218//2151 5219//2152 5247//2178
f 5218//2151 5247//2178 5246//2177
f 5219//2152 5220//2176 5248//2202
f 5219//2152 5248//2202 5247//2178
f 5220//2176 5221//2175 5249//2201
f 5220//2176 5249//2201 5248//2202
f 5221//2175 5222//2174 5250//2200
f 5221//2175 5250//2200 5249//2201
f 5222//2174 5223//2173 5251//2199
f 5222//2174 5251//2199 5250//2200
f 5223//2173 5224//2172 5252//2198
f 5223//2173 5252//2198 5251//2199
f 5224//2172 5225//2171 5253//2197
f 5224//2172 5253//2197 5252//2198
f 5225//2171 5226//1106 5254//1106
f 5225//2171 5254//1106 5253//2197
f 5226//1106 5227//2170 5255//2196
f 5226//1106 5255//2196 5254//1106
f 5227//2170 5228//2169 5256//2195
f 5227//2170 5256//2195 5255//2196
f 5228//2169 5229//2168 5257//2194
f 5228//2169 5257//2194 5256//2195
f 5229//2168 5230//2167 5258//2193
f 5229//2168 5258//2193 5257//2194
f 5230//2167 5231//2166 5259//2192
f 5230//2167 5259//2192 5258//2193
f 5231//2166 5232//2165 5260//2191
f 5231//2166 5260//2191 5259//2192
f 5232//2165 5206//2164 5234//2190
f 5232//2165 5234//2190 5260//2191
f 5234//2190 5233//2189 5261//2214
f 5234//2190 5261//2214 5262//566
f 5233//2189 5235//2188 5263//2213
f 5233//2189 5263//2213 5261//2214
f 5235//2188 5236//2187 5264//2212
f 5235//2188 5264//2212 5263//2213
f 5236//2187 5237//2186 5265//2211
f 5236//2187 5265//2211 5264//2212
f 5237//2186 5238//2185 5266//2210
f 5237//2186 5266//2210 5265//2211
f 5238//2185 5239//2184 5267//2209
f 5238//2185 5267//2209 5266//2210
f 5239//2184 5240//1 5268//1
f 5239//2184 5268//1 5267//2209
f 5240//1 5241//2183 5269//2208
f 5240//1 5269//2208 5268//1
f 5241//2183 5242//2182 5270//2207
f 5241//2183 5270//2207 5269//2208
f 5242//2182 5243//2181 5271//2206
f 5242//2182 5271//2206 5270//2207
f 5243//2181 5244//2180 5272//2205
f 5243//2181 5272//2205 5271//2206
f 5244//2180 5245//2179 5273//2204
f 5244//2180 5273//2204 5272//2205
f 5245//2179 5246//2177 5274//2203
f 5245//2179 5274//2203 5273//2204
f 5246//2177 5247//2178 5275//542
f 5246//2177 5275//542 5274//2203
f 5247//2178 5248//2202 5276//2226
f 5247//2178 5276//2226 5275//542
f 5248//2202 5249//2201 5277//2225
f 5248//2202 5277//2225 5276//2226
f 5249//2201 5250//2200 5278//2224
f 5249//2201 5278//2224 5277//2225
f 5250//2200 5251//2199 5279//2223
f 5250//2200 5279//2223 5278//2224
f 5251//2199 5252//2198 5280//2222
f 5251//2199 5280//2222 5279//2223
f 5252//2198 5253//2197 5281//2221
f 5252//2198 5281//2221 5280//2222
f 5253//2197 5254//1106 5282//1106
f 5253//2197 5282//1106 5281//2221
f 5254//1106 5255//2196 5283//2220
f 5254//1106 5283//2220 5282//1106
f 5255//2196 5256//2195 5284//2219
f 5255//2196 5284//2219 5283//2220
f 5256//2195 5257//2194 5285//2218
f 5256//2195 5285//2218 5284//2219
f 5257//2194 5258//2193 5286//2217
f 5257//2194 5286//2217 5285//2218
f 5258//2193 5259//2192 5287//2216
f 5258//2193 5287//2216 5286//2217
f 5259//2192 5260//2191 5288//2215
f 5259//2192 5288//2215 5287//2216
f 5260//2191 5234//2190 5262//566
f 5260//2191 5262//566 5288//2215
f 5262//566 5261//2214 5289//2239
f 5262//566 5289//2239 5290//2240
f 5261//2214 5263//2213 5291//2238
f 5261//2214 5291//2238 5289//2239
f 5263//2213 5264//2212 5292//2237
f 5263//2213 5292//2237 5291//2238
f 5264//2212 5265//2211 5293//2236
f 5264//2212 5293//2236 5292//2237
f 5265//2211 5266//2210 5294//2235
f 5265//2211 5294//2235 5293//2236
f 5266//2210 5267//2209 5295//2234
f 5266//2210 5295//2234 5294//2235
f 5267//2209 5268//1 5296//1
f 5267//2209 5296//1 5295//2234
f 5268//1 5269//2208 5297//2233
f 5268//1 5297//2233 5296//1
f 5269//2208 5270//2207 5298//2232
f 5269//2208 5298//2232 5297//2233
f 5270//2207 5271//2206 5299//2231
f 5270//2207 5299//2231 5298//2232
f 5271//2206 5272//2205 5300//2230
f 5271//2206 5300//2230 5299//2231
f 5272//2205 5273//2204 5301//2229
f 5272//2205 5301//2229 5300//2230
f 5273//2204 5274//2203 5302//2227
f 5273//2204 5302//2227 5301//2229
f 5274//2203 5275//542 5303//2228
f 5274//2203 5303//2228 5302//2227
f 5275//542 5276//2226 5304//2252
f 5275//542 5304//2252 5303//2228
f 5276//2226 5277//2225 5305//2251
f 5276//2226 5305//2251 5304//2252
f 5277//2225 5278//2224 5306//2250
f 5277//2225 5306//2250 5305//2251
f 5278//2224 5279//2223 5307//2249
f 5278//2224 5307//2249 5306//2250
f 5279//2223 5280//2222 5308//2248
f 5279//2223 5308//2248 5307//2249
f 5280//2222 5281//2221 5309//2247
f 5280//2222 5309//2247 5308//2248
f 5281//2221 5282//1106 5310//1106
f 5281//2221 5310//1106 5309//2247
f 5282//1106 5283//2220 5311//2246
f 5282//1106 5311//2246 5310//1106
f 5283//2220 5284//2219 5312//2245
f 5283//2220 5312//2245 5311//2246
f 5284//2219 5285//2218 5313//2244
f 5284//2219 5313//2244 5312//2245
f 5285//2218 5286//2217 5314//2243
f 5285//2218 5314//2243 5313//2244
f 5286//2217 5287//2216 5315//2242
f 5286//2217 5315//2242 5314//2243
f 5287//2216 5288//2215 5316//2241
f 5287//2216 5316//2241 5315//2242
f 5288//2215 5262//566 5290//2240
f 5288//2215 5290//2240 5316//2241
f 5290//2240 5289//2239 5317//2265
f 5290//2240 5317//2265 5318//2266
f 5289//2239 5291//2238 5319//2264
f 5289//2239 5319//2264 5317//2265
f 5291//2238 5292//2237 5320//2263
f 5291//2238 5320//2263 5319//2264
f 5292//2237 5293//2236 5321//2262
f 5292//2237 5321//2262 5320//2263
f 5293//2236 5294//2235 5322//2261
f 5293//2236 5322//2261 5321//2262
f 5294//2235 5295//2234 5323//2260
f 5294//2235 5323//2260 5322//2261
f 5295//2234 5296//1 5324//1
f 5295//2234 5324//1 5323//2260
f 5296//1 5297//2233 5325//2259
f 5296//1 5325//2259 5324//1
f 5297//2233 5298//2232 5326//2258
f 5297//2233 5326//2258 5325//2259
f 5298//2232 5299//2231 5327//2257
f 5298//2232 5327//2257 5326//2258
f 5299//2231 5300//2230 5328//2256
f 5299//2231 5328//2256 5327//2257
f 5300//2230 5301//2229 5329//2255
f 5300//2230 5329//2255 5328//2256
f 5301//2229 5302//2227 5330//2253
f 5301//2229 5330//2253 5329//2255
f 5302//2227 5303//2228 5331//2254
f 5302//2227 5331//2254 5330//2253
f 5303//2228 5304//2252 5332//2278
f 5303//2228 5332//2278 5331//2254
f 5304//2252 5305//2251 5333//2277
f 5304//2252 5333//2277 5332//2278
f 5305//2251 5306//2250 5334//2276
f 5305//2251 5334//2276 5333//2277
f 5306//2250 5307//2249 5335//2275
f 5306//2250 5335//2275 5334//2276
f 5307//2249 5308//2248 5336//2274
f 5307//2249 5336//2274 5335//2275
f 5308//2248 5309//2247 5337//2273
f 5308//2248 5337//2273 5336//2274
f 5309//2247 5310//1106 5338//1106
f 5309//2247 5338//1106 5337//2273
f 5310//1106 5311//2246 5339//2272
f 5310//1106 5339//2272 5338//1106
f 5311//2246 5312//2245 5340//2271
f 5311//2246 5340//2271 5339//2272
f 5312//2245 5313//2244 5341//2270
f 5312//2245 5341//2270 5340//2271
f 5313//2244 5314//2243 5342//2269
f 5313//2244 5342//2269 5341//2270
f 5314//2243 5315//2242 5343//2268
f 5314//2243 5343//2268 5342//2269
f 5315//2242 5316//2241 5344//2267
f 5315//2242 5344//2267 5343//2268
f 5316//2241 5290//2240 5318//2266
f 5316//2241 5318//2266 5344//2267
f 5318//2266 5317//2265 5345//2291
f 5318//2266 5345//2291 5346//2292
f 5317//2265 5319//2264 5347//2290
f 5317//2265 5347//2290 5345//2291
f 5319//2264 5320//2263 5348//2289
f 5319//2264 5348//2289 5347//2290
f 5320//2263 5321//2262 5349//2288
f 5320//2263 5349//2288 5348//2289
f 5321//2262 5322//2261 5350//2287
f 5321//2262 5350//2287 5349//2288
f 5322//2261 5323//2260 5351//2286
f 5322//2261 5351//2286 5350//2287
f 5323//2260 5324//1 5352//1
f 5323//2260 5352//1 5351//2286
f 5324//1 5325//2259 5353//2285
f 5324//1 5353//2285 5352//1
f 5325//2259 5326//2258 5354//2284
f 5325//2259 5354//2284 5353//2285
f 5326//2258 5327//2257 5355//2283
f 5326//2258 5355//2283 5354//2284
f 5327//2257 5328//2256 5356//2282
f 5327//2257 5356//2282 5355//2283
f 5328//2256 5329//2255 5357//2281
f 5328//2256 5357//2281 5356//2282
f 5329//2255 5330//2253 5358//2279
f 5329//2255 5358//2279 5357//2281
f 5330//2253 5331//2254 5359//2280
f 5330//2253 5359//2280 5358//2279
f 5331//2254 5332//2278 5360//2304
f 5331//2254 5360//2304 5359//2280
f 5332//2278 5333//2277 5361//2303
f 5332//2278 5361//2303 5360//2304
f 5333//2277 5334//2276 5362//2302
f 5333//2277 5362//2302 5361//2303
f 5334//2276 5335//2275 5363//2301
f 5334//2276 5363//2301 5362//2302
f 5335//2275 5336//2274 5364//2300
f 5335//2275 5364//2300 5363//2301
f 5336//2274 5337//2273 5365//2299
f 5336//2274 5365//2299 5364//2300
f 5337//2273 5338//1106 5366//1106
f 5337//2273 5366//1106 5365//2299
f 5338//1106 5339//2272 5367//2298
f 5338//1106 5367//2298 5366//1106
f 5339//2272 5340//2271 5368//2297
f 5339//2272 5368//2297 5367//2298
f 5340//2271 5341//2270 5369//2296
f 5340//2271 5369//2296 5368//2297
f 5341//2270 5342//2269 5370//2295
f 5341//2270 5370//2295 5369//2296
f 5342//2269 5343//2268 5371//2294
f 5342//2269 5371//2294 5370//2295
f 5343//2268 5344//2267 5372//2293
f 5343//2268 5372//2293 5371//2294
f 5344//2267 5318//2266 5346//2292
f 5344//2267 5346//2292 5372//2293
f 5346//2292 5345//2291 5373//2317
f 5346//2292 5373//2317 5374//2318
f 5345//2291 5347//2290 5375//2316
f 5345//2291 5375//2316 5373//2317
f 5347//2290 5348//2289 5376//2315
f 5347//2290 5376//2315 5375//2316
f 5348//2289 5349//2288 5377//2314
f 5348//2289 5377//2314 5376//2315
f 5349//2288 5350//2287 5378//2313
f 5349//2288 5378//2313 5377//2314
f 5350//2287 5351//2286 5379//2312
f 5350//2287 5379//2312 5378//2313
f 5351//2286 5352//1 5380//1
f 5351//2286 5380//1 5379//2312
f 5352//1 5353//2285 5381//2311
f 5352//1 5381//2311 5380//1
f 5353//2285 5354//2284 5382//2310
f 5353//2285 5382//2310 5381//2311
f 5354//2284 5355//2283 5383//2309
f 5354//2284 5383//2309 5382//2310
f 5355//2283 5356//2282 5384//2308
f 5355//2283 5384//2308 5383//2309
f 5356//2282 5357//2281 5385//2307
f 5356//2282 5385//2307 5384//2308
f 5357//2281 5358//2279 5386//2305
f 5357//2281 5386//2305 5385//2307
f 5358//2279 5359//2280 5387//2306
f 5358//2279 5387//2306 5386//2305
f 5359//2280 5360//2304 5388//2330
f 5359//2280 5388//2330 5387//2306
f 5360//2304 5361//2303 5389//2329
f 5360//2304 5389//2329 5388//2330
f 5361//2303 5362//2302 5390//2328
f 5361//2303 5390//2328 5389//2329
f 5362//2302 5363//2301 5391//2327
f 5362//2302 5391//2327 5390//2328
f 5363//2301 5364//2300 5392//2326
f 5363//2301 5392//2326 5391//2327
f 5364//2300 5365//2299 5393//2325
f 5364//2300 5393//2325 5392//2326
f 5365//2299 5366//1106 5394//1106
f 5365//2299 5394//1106 5393//2325
f 5366//1106 5367//2298 5395//2324
f 5366//1106 5395//2324 5394//1106
f 5367//2298 5368//2297 5396//2323
f 5367//2298 5396//2323 5395//2324
f 5368//2297 5369//2296 5397//2322
f 5368//2297 5397//2322 5396//2323
f 5369//2296 5370//2295 5398//2321
f 5369//2296 5398//2321 5397//2322
f 5370//2295 5371//2294 5399//2320
f 5370//2295 5399//2320 5398//2321
f 5371//2294 5372//2293 5400//2319
f 5371//2294 5400//2319 5399//2320
f 5372//2293 5346//2292 5374//2318
f 5372//2293 5374//2318 5400//2319
f 5374//2318 5373//2317 5401//2343
f 5374//2318 5401//2343 5402//2344
f 5373//2317 5375//2316 5403//2342
f 5373//2317 5403//2342 5401//2343
f 5375//2316 5376//2315 5404//2341
f 5375//2316 5404//2341 5403//2342
f 5376//2315 5377//2314 5405//2340
f 5376//2315 5405//2340 5404//2341
f 5377//2314 5378//2313 5406//2339
f 5377//2314 5406//2339 5405//2340
f 5378//2313 5379//2312 5407//2338
f 5378//2313 5407//2338 5406//2339
f 5379//2312 5380//1 5408//1
f 5379//2312 5408//1 5407//2338
f 5380//1 5381//2311 5409//2337
f 5380//1 5409//2337 5408//1
f 5381//2311 5382//2310 5410//2336
f 5381//2311 5410//2336 5409//2337
f 5382//2310 5383//2309 5411//2335
f 5382//2310 5411//2335 5410//2336
f 5383//2309 5384//2308 5412//2334
f 5383//2309 5412//2334 5411//2335
f 5384//2308 5385//2307 5413//2333
f 5384//2308 5413//2333 5412//2334
f 5385//2307 5386//2305 5414//2331
f 5385//2307 5414//2331 5413//2333
f 5386//2305 5387//2306 5415//2332
f 5386//2305 5415//2332 5414//2331
f 5387//2306 5388//2330 5416//2356
f 5387//2306 5416//2356 5415//2332
f 5388//2330 5389//2329 5417//2355
f 5388//2330 5417//2355 5416//2356
f 5389//2329 5390//2328 5418//2354
f 5389//2329 5418//2354 5417//2355
f 5390//2328 5391//2327 5419//2353
f 5390//2328 5419//2353 5418//2354
f 5391//2327 5392//2326 5420//2352
f 5391//2327 5420//2352 5419//2353
f 5392//2326 5393//2325 5421//2351
f 5392//2326 5421//2351 5420//2352
f 5393//2325 5394//1106 5422//1106
f 5393//2325 5422//1106 5421//2351
f 5394//1106 5395//2324 5423//2350
f 5394//1106 5423//2350 5422//1106
f 5395//2324 5396//2323 5424//2349
f 5395//2324 5424//2349 5423//2350
f 5396//2323 5397//2322 5425//2348
f 5396//2323 5425//2348 5424//2349
f 5397//2322 5398//2321 5426//2347
f 5397//2322 5426//2347 5425//2348
f 5398//2321 5399//2320 5427//2346
f 5398//2321 5427//2346 5426//2347
f 5399//2320 5400//2319 5428//2345
f 5399//2320 5428//2345 5427//2346
f 5400//2319 5374//2318 5402//2344
f 5400//2319 5402//2344 5428//2345
f 5402//2344 5401//2343 5429//2369
f 5402//2344 5429//2369 5430//2370
f 5401//2343 5403//2342 5431//2368
f 5401//2343 5431//2368 5429//2369
f 5403//2342 5404//2341 5432//2367
f 5403//2342 5432//2367 5431//2368
f 5404//2341 5405//2340 5433//2366
f 5404//2341 5433//2366 5432//2367
f 5405//2340 5406//2339 5434//2365
f 5405//2340 5434//2365 5433//2366
f 5406//2339 5407//2338 5435//2364
f 5406//2339 5435//2364 5434//2365
f 5407//2338 5408//1 5436//1
f 5407//2338 5436//1 5435//2364
f 5408//1 5409//2337 5437//2363
f 5408//1 5437//2363 5436//1
f 5409//2337 5410//2336 5438//2362
f 5409//2337 5438//2362 5437//2363
f 5410//2336 5411//2335 5439//2361
f 5410//2336 5439//2361 5438//2362
f 5411//2335 5412//2334 5440//2360
f 5411//2335 5440//2360 5439//2361
f 5412//2334 5413//2333 5441//2359
f 5412//2334 5441//2359 5440//2360
f 5413//2333 5414//2331 5442//2357
f 5413//2333 5442//2357 5441//2359
f 5414//2331 5415//2332 5443//2358
f 5414//2331 5443//2358 5442//2357
f 5415//2332 5416//2356 5444//2382
f 5415//2332 5444//2382 5443//2358
f 5416//2356 5417//2355 5445//2381
f 5416//2356 5445//2381 5444//2382
f 5417//2355 5418//2354 5446//2380
f 5417//2355 5446//2380 5445//2381
f 5418//2354 5419//2353 5447//2379
f 5418//2354 5447//2379 5446//2380
f 5419//2353 5420//2352 5448//2378
f 5419//2353 5448//2378 5447//2379
f 5420//2352 5421//2351 5449//2377
f 5420//2352 5449//2377 5448//2378
f 5421//2351 5422//1106 5450//1106
f 5421//2351 5450//1106 5449//2377
f 5422//1106 5423//2350 5451//2376
f 5422//1106 5451//2376 5450//1106
f 5423//2350 5424//2349 5452//2375
f 5423//2350 5452//2375 5451//2376
f 5424//2349 5425//2348 5453//2374
f 5424//2349 5453//2374 5452//2375
f 5425//2348 5426//2347 5454//2373
f 5425//2348 5454//2373 5453//2374
f 5426//2347 5427//2346 5455//2372
f 5426//2347 5455//2372 5454//2373
f 5427//2346 5428//2345 5456//2371
f 5427//2346 5456//2371 5455//2372
f 5428//2345 5402//2344 5430//2370
f 5428//2345 5430//2370 5456//2371
f 5430//2370 5429//2369 5457//2394
f 5430//2370 5457//2394 5458//572
f 5429//2369 5431//2368 5459//2393
f 5429//2369 5459//2393 5457//2394
f 5431//2368 5432//2367 5460//2392
f 5431//2368 5460//2392 5459//2393
f 5432//2367 5433//2366 5461//2391
f 5432//2367 5461//2391 5460//2392
f 5433//2366 5434//2365 5462//2390
f 5433//2366 5462//2390 5461//2391
f 5434//2365 5435//2364 5463//2389
f 5434//2365 5463//2389 5462//2390
f 5435//2364 5436//1 5464//1
f 5435//2364 5464//1 5463//2389
f 5436//1 5437//2363 5465//2388
f 5436//1 5465//2388 5464//1
f 5437//2363 5438//2362 5466//2387
f 5437//2363 5466//2387 5465//2388
f 5438//2362 5439//2361 5467//2386
f 5438//2362 5467//2386 5466//2387
f 5439//2361 5440//2360 5468//2385
f 5439//2361 5468//2385 5467//2386
f 5440//2360 5441//2359 5469//2384
f 5440//2360 5469//2384 5468//2385
f 5441//2359 5442//2357 5470//2383
f 5441//2359 5470//2383 5469//2384
f 5442//2357 5443//2358 5471//548
f 5442//2357 5471//548 5470//2383
f 5443//2358 5444//2382 5472//2406
f 5443//2358 5472//2406 5471//548
f 5444//2382 5445//2381 5473//2405
f 5444//2382 5473//2405 5472//2406
f 5445//2381 5446//2380 5474//2404
f 5445//2381 5474//2404 5473//2405
f 5446//2380 5447//2379 5475//2403
f 5446//2380 5475//2403 5474//2404
f 5447//2379 5448//2378 5476//2402
f 5447//2379 5476//2402 5475//2403
f 5448//2378 5449//2377 5477//2401
f 5448//2378 5477//2401 5476//2402
f 5449//2377 5450//1106 5478//1106
f 5449//2377 5478//1106 5477//2401
f 5450//1106 5451//2376 5479//2400
f 5450//1106 5479//2400 5478//1106
f 5451//2376 5452//2375 5480//2399
f 5451//2376 5480//2399 5479//2400
f 5452//2375 5453//2374 5481//2398
f 5452//2375 5481//2398 5480//2399
f 5453//2374 5454//2373 5482//2397
f 5453//2374 5482//2397 5481//2398
f 5454//2373 5455//2372 5483//2396
f 5454//2373 5483//2396 5482//2397
f 5455//2372 5456//2371 5484//2395
f 5455//2372 5484//2395 5483//2396
f 5456//2371 5430//2370 5458//572
f 5456//2371 5458//572 5484//2395
f 5458//572 5457//2394 5485//2419
f 5458//572 5485//2419 5486//2420
f 5457//2394 5459//2393 5487//2418
f 5457//2394 5487//2418 5485//2419
f 5459//2393 5460//2392 5488//2417
f 5459//2393 5488//2417 5487//2418
f 5460//2392 5461//2391 5489//2416
f 5460//2392 5489//2416 5488//2417
f 5461//2391 5462//2390 5490//2415
f 5461//2391 5490//2415 5489//2416
f 5462//2390 5463//2389 5491//2414
f 5462//2390 5491//2414 5490//2415
f 5463//2389 5464//1 5492//1
f 5463//2389 5492//1 5491//2414
f 5464//1 5465//2388 5493//2413
f 5464//1 5493//2413 5492//1
f 5465//2388 5466//2387 5494//2412
f 5465//2388 5494//2412 5493//2413
f 5466//2387 5467//2386 5495//2411
f 5466//2387 5495//2411 5494//2412
f 5467//2386 5468//2385 5496//2410
f 5467//2386 5496//2410 5495//2411
f 5468//2385 5469//2384 5497//2409
f 5468//2385 5497//2409 5496//2410
f 5469//2384 5470//2383 5498//2407
f 5469//2384 5498//2407 5497//2409
f 5470//2383 5471//548 5499//2408
f 5470//2383 5499//2408 5498//2407
f 5471//548 5472//2406 5500//2432
f 5471//548 5500//2432 5499//2408
f 5472//2406 5473//2405 5501//2431
f 5472//2406 5501//2431 5500//2432
f 5473//2405 5474//2404 5502//2430
f 5473//2405 5502//2430 5501//2431
f 5474//2404 5475//2403 5503//2429
f 5474//2404 5503//2429 5502//2430
f 5475//2403 5476//2402 5504//2428
f 5475//2403 5504//2428 5503//2429
f 5476//2402 5477//2401 5505//2427
f 5476//2402 5505//2427 5504//2428
f 5477//2401 5478//1106 5506//1106
f 5477//2401 5506//1106 5505//2427
f 5478//1106 5479//2400 5507//2426
f 5478//1106 5507//2426 5506//1106
f 5479//2400 5480//2399 5508//2425
f 5479//2400 5508//2425 5507//2426
f 5480//2399 5481//2398 5509//2424
f 5480//2399 5509//2424 5508//2425
f 5481//2398 5482//2397 5510//2423
f 5481//2398 5510//2423 5509//2424
f 5482//2397 5483//2396 5511//2422
f 5482//2397 5511//2422 5510//2423
f 5483//2396 5484//2395 5512//2421
f 5483//2396 5512//2421 5511//2422
f 5484//2395 5458//572 5486//2420
f 5484//2395 5486//2420 5512//2421
f 5486//2420 5485//2419 5513//2445
f 5486//2420 5513//2445 5514//2446
f 5485//2419 5487//2418 5515//2444
f 5485//2419 5515//2444 5513//2445
f 5487//2418 5488//2417 5516//2443
f 5487//2418 5516//2443 5515//2444
f 5488//2417 5489//2416 5517//2442
f 5488//2417 5517//2442 5516//2443
f 5489//2416 5490//2415 5518//2441
f 5489//2416 5518//2441 5517//2442
f 5490//2415 5491//2414 5519//2440
f 5490//2415 5519//2440 5518//2441
f 5491//2414 5492//1 5520//1
f 5491//2414 5520//1 5519//2440
f 5492//1 5493//2413 5521//2439
f 5492//1 5521//2439 5520//1
f 5493//2413 5494//2412 5522//2438
f 5493//2413 5522//2438 5521//2439
f 5494//2412 5495//2411 5523//2437
f 5494//2412 5523//2437 5522//2438
f 5495//2411 5496//2410 5524//2436
f 5495//2411 5524//2436 5523//2437
f 5496//2410 5497//2409 5525//2435
f 5496//2410 5525//2435 5524//2436
f 5497//2409 5498//2407 5526//2433
f 5497//2409 5526//2433 5525//2435
f 5498//2407 5499//2408 5527//2434
f 5498//2407 5527//2434 5526//2433
f 5499//2408 5500//2432 5528//2458
f 5499//2408 5528//2458 5527//2434
f 5500//2432 5501//2431 5529//2457
f 5500//2432 5529//2457 5528//2458
f 5501//2431 5502//2430 5530//2456
f 5501//2431 5530//2456 5529//2457
f 5502//2430 5503//2429 5531//2455
f 5502//2430 5531//2455 5530//2456
f 5503//2429 5504//2428 5532//2454
f 5503//2429 5532//2454 5531//2455
f 5504//2428 5505//2427 5533//2453
f 5504//2428 5533//2453 5532//2454
f 5505//2427 5506//1106 5534//1106
f 5505//2427 5534//1106 5533//2453
f 5506//1106 5507//2426 5535//2452
f 5506//1106 5535//2452 5534//1106
f 5507//2426 5508//2425 5536//2451
f 5507//2426 5536//2451 5535//2452
f 5508//2425 5509//2424 5537//2450
f 5508//2425 5537//2450 5536//2451
f 5509//2424 5510//2423 5538//2449
f 5509//2424 5538//2449 5537//2450
f 5510//2423 5511//2422 5539//2448
f 5510//2423 5539//2448 5538//2449
f 5511//2422 5512//2421 5540//2447
f 5511//2422 5540//2447 5539//2448
f 5512//2421 5486//2420 5514//2446
f 5512//2421 5514//2446 5540//2447
f 5514//2446 5513//2445 5541//2471
f 5514//2446 5541//2471 5542//2472
f 5513//2445 5515//2444 5543//2470
f 5513//2445 5543//2470 5541//2471
f 5515//2444 5516//2443 5544//2469
f 5515//2444 5544//2469 5543//2470
f 5516//2443 5517//2442 5545//2468
f 5516//2443 5545//2468 5544//2469
f 5517//2442 5518//2441 5546//2467
f 5517//2442 5546//2467 5545//2468
f 5518//2441 5519//2440 5547//2466
f 5518//2441 5547//2466 5546//2467
f 5519//2440 5520//1 5548//1
f 5519//2440 5548//1 5547//2466
f 5520//1 5521//2439 5549//2465
f 5520//1 5549//2465 5548//1
f 5521//2439 5522//2438 5550//2464
f 5521//2439 5550//2464 5549//2465
f 5522//2438 5523//2437 5551//2463
f 5522//2438 5551//2463 5550//2464
f 5523//2437 5524//2436 5552//2462
f 5523//2437 5552//2462 5551//2463
f 5524//2436 5525//2435 5553//2461
f 5524//2436 5553//2461 5552//2462
f 5525//2435 5526//2433 5554//2459
f 5525//2435 5554//2459 5553//2461
f 5526//2433 5527//2434 5555//2460
f 5526//2433 5555//2460 5554//2459
f 5527//2434 5528//2458 5556//2484
f 5527//2434 5556//2484 5555//2460
f 5528//2458 5529//2457 5557//2483
f 5528//2458 5557//2483 5556//2484
f 5529//2457 5530//2456 5558//2482
f 5529//2457 5558//2482 5557//2483
f 5530//2456 5531//2455 5559//2481
f 5530//2456 5559//2481 5558//2482
f 5531//2455 5532//2454 5560//2480
f 5531//2455 5560//2480 5559//2481
f 5532//2454 5533//2453 5561//2479
f 5532//2454 5561//2479 5560//2480
f 5533//2453 5534//1106 5562//1106
f 5533//2453 5562//1106 5561//2479
f 5534//1106 5535//2452 5563//2478
f 5534//1106 5563//2478 5562//1106
f 5535//2452 5536//2451 5564//2477
f 5535//2452 5564//2477 5563//2478
f 5536//2451 5537//2450 5565//2476
f 5536//2451 5565//2476 5564//2477
f 5537//2450 5538//2449 5566//2475
f 5537//2450 5566//2475 5565//2476
f 5538//2449 5539//2448 5567//2474
f 5538//2449 5567//2474 5566//2475
f 5539//2448 5540//2447 5568//2473
f 5539//2448 5568//2473 5567//2474
f 5540//2447 5514//2446 5542//2472
f 5540//2447 5542//2472 5568//2473
f 5542//2472 5541//2471 5569//2497
f 5542//2472 5569//2497 5570//2498
f 5541//2471 5543//2470 5571//2496
f 5541//2471 5571//2496 5569//2497
f 5543//2470 5544//2469 5572//2495
f 5543//2470 5572//2495 5571//2496
f 5544//2469 5545//2468 5573//2494
f 5544//2469 5573//2494 5572//2495
f 5545//2468 5546//2467 5574//2493
f 5545//2468 5574//2493 5573//2494
f 5546//2467 5547//2466 5575//2492
f 5546//2467 5575//2492 5574//2493
f 5547//2466 5548//1 5576//1
f 5547//2466 5576//1 5575//2492
f 5548//1 5549//2465 5577//2491
f 5548//1 5577//2491 5576//1
f 5549//2465 5550//2464 5578//2490
f 5549//2465 5578//2490 5577//2491
f 5550//2464 5551//2463 5579//2489
f 5550//2464 5579//2489 5578//2490
f 5551//2463 5552//2462 5580//2488
f 5551//2463 5580//2488 5579//2489
f 5552//2462 5553//2461 5581//2487
f 5552//2462 5581//2487 5580//2488
f 5553//2461 5554//2459 5582//2485
f 5553//2461 5582//2485 5581//2487
f 5554//2459 5555//2460 5583//2486
f 5554//2459 5583//2486 5582//2485
f 5555//2460 5556//2484 5584//2510
f 5555//2460 5584//2510 5583//2486
f 5556//2484 5557//2483 5585//2509
f 5556//2484 5585//2509 5584//2510
f 5557//2483 5558//2482 5586//2508
f 5557//2483 5586//2508 5585//2509
f 5558//2482 5559//2481 5587//2507
f 5558//2482 5587//2507 5586//2508
f 5559//2481 5560//2480 5588//2506
f 5559//2481 5588//2506 5587//2507
f 5560//2480 5561//2479 5589//2505
f 5560//2480 5589//2505 5588//2506
f 5561//2479 5562//1106 5590//1106
f 5561//2479 5590//1106 5589//2505
f 5562//1106 5563//2478 5591//2504
f 5562//1106 5591//2504 5590//1106
f 5563//2478 5564//2477 5592//2503
f 5563//2478 5592//2503 5591//2504
f 5564//2477 5565//2476 5593//2502
f 5564//2477 5593//2502 5592//2503
f 5565//2476 5566//2475 5594//2501
f 5565//2476 5594//2501 5593//2502
f 5566//2475 5567//2474 5595//2500
f 5566//2475 5595//2500 5594//2501
f 5567//2474 5568//2473 5596//2499
f 5567//2474 5596//2499 5595//2500
f 5568//2473 5542//2472 5570//2498
f 5568//2473 5570//2498 5596//2499
f 5570//2498 5569//2497 5597//2523
f 5570//2498 5597//2523 5598//2524
f 5569//2497 5571//2496 5599//2522
f 5569//2497 5599//2522 5597//2523
f 5571//2496 5572//2495 5600//2521
f 5571//2496 5600//2521 5599//2522
f 5572//2495 5573//2494 5601//2520
f 5572//2495 5601//2520 5600//2521
f 5573//2494 5574//2493 5602//2519
f 5573//2494 5602//2519 5601//2520
f 5574//2493 5575//2492 5603//2518
f 5574//2493 5603//2518 5602//2519
f 5575//2492 5576//1 5604//1
f 5575//2492 5604//1 5603//2518
f 5576//1 5577//2491 5605//2517
f 5576//1 5605//2517 5604//1
f 5577//2491 5578//2490 5606//2516
f 5577//2491 5606//2516 5605//2517
f 5578//2490 5579//2489 5607//2515
f 5578//2490 5607//2515 5606//2516
f 5579//2489 5580//2488 5608//2514
f 5579//2489 5608//2514 5607//2515
f 5580//2488 5581//2487 5609//2513
f 5580//2488 5609//2513 5608//2514
f 5581//2487 5582//2485 5610//2511
f 5581//2487 5610//2511 5609//2513
f 5582//2485 5583//2486 5611//2512
f 5582//2485 5611//2512 5610//2511
f 5583//2486 5584//2510 5612//2536
f 5583//2486 5612//2536 5611//2512
f 5584//2510 5585//2509 5613//2535
f 5584//2510 5613//2535 5612//2536
f 5585//2509 5586//2508 5614//2534
f 5585//2509 5614//2534 5613//2535
f 5586//2508 5587//2507 5615//2533
f 5586//2508 5615//2533 5614//2534
f 5587//2507 5588//2506 5616//2532
f 5587//2507 5616//2532 5615//2533
f 5588//2506 5589//2505 5617//2531
f 5588//2506 5617//2531 5616//2532
f 5589//2505 5590//1106 5618//1106
f 5589//2505 5618//1106 5617//2531
f 5590//1106 5591//2504 5619//2530
f 5590//1106 5619//2530 5618//1106
f 5591//2504 5592//2503 5620//2529
f 5591//2504 5620//2529 5619//2530
f 5592//2503 5593//2502 5621//2528
f 5592//2503 5621//2528 5620//2529
f 5593//2502 5594//2501 5622//2527
f 5593//2502 5622//2527 5621//2528
f 5594//2501 5595//2500 5623//2526
f 5594//2501 5623//2526 5622//2527
f 5595//2500 5596//2499 5624//2525
f 5595//2500 5624//2525 5623//2526
f 5596//2499 5570//2498 5598//2524
f 5596//2499 5598//2524 5624//2525
f 5598//2524 5597//2523 5625//2549
f 5598//2524 5625//2549 5626//2550
f 5597//2523 5599//2522 5627//2548
f 5597//2523 5627//2548 5625//2549
f 5599//2522 5600//2521 5628//2547
f 5599//2522 5628//2547 5627//2548
f 5600//2521 5601//2520 5629//2546
f 5600//2521 5629//2546 5628//2547
f 5601//2520 5602//2519 5630//2545
f 5601//2520 5630//2545 5629//2546
f 5602//2519 5603//2518 5631//2544
f 5602//2519 5631//2544 5630//2545
f 5603//2518 5604//1 5632//1
f 5603//2518 5632//1 5631//2544
f 5604//1 5605//2517 5633//2543
f 5604//1 5633//2543 5632//1
f 5605//2517 5606//2516 5634//2542
f 5605//2517 5634//2542 5633//2543
f 5606//2516 5607//2515 5635//2541
f 5606//2516 5635//2541 5634//2542
f 5607//2515 5608//2514 5636//2540
f 5607//2515 5636//2540 5635//2541
f 5608//2514 5609//2513 5637//2539
f 5608//2514 5637//2539 5636//2540
f 5609//2513 5610//2511 5638//2537
f 5609//2513 5638//2537 5637//2539
f 5610//2511 5611//2512 5639//2538
f 5610//2511 5639//2538 5638//2537
f 5611//2512 5612//2536 5640//2562
f 5611//2512 5640//2562 5639//2538
f 5612//2536 5613//2535 5641//2561
f 5612//2536 5641//2561 5640//2562
f 5613//2535 5614//2534 5642//2560
f 5613//2535 5642//2560 5641//2561
f 5614//2534 5615//2533 5643//2559
f 5614//2534 5643//2559 5642//2560
f 5615//2533 5616//2532 5644//2558
f 5615//2533 5644//2558 5643//2559
f 5616//2532 5617//2531 5645//2557
f 5616//2532 5645//2557 5644//2558
f 5617//2531 5618//1106 5646//1106
f 5617//2531 5646//1106 5645//2557
f 5618//1106 5619//2530 5647//2556
f 5618//1106 5647//2556 5646//1106
f 5619//2530 5620//2529 5648//2555
f 5619//2530 5648//2555 5647//2556
f 5620//2529 5621//2528 5649//2554
f 5620//2529 5649//2554 5648//2555
f 5621//2528 5622//2527 5650//2553
f 5621//2528 5650//2553 5649//2554
f 5622//2527 5623//2526 5651//2552
f 5622//2527 5651//2552 5650//2553
f 5623//2526 5624//2525 5652//2551
f 5623//2526 5652//2551 5651//2552
f 5624//2525 5598//2524 5626//2550
f 5624//2525 5626//2550 5652//2551
f 5626//2550 5625//2549 4086//1843
f 5626//2550 4086//1843 4085//531
f 5625//2549 5627//2548 4089//1846
f 5625//2549 4089//1846 4086//1843
f 5627//2548 5628//2547 4091//1848
f 5627//2548 4091//1848 4089//1846
f 5628//2547 5629//2546 4093//1850
f 5628//2547 4093//1850 4091//1848
f 5629//2546 5630//2545 4095//1852
f 5629//2546 4095//1852 4093//1850
f 5630//2545 5631//2544 4097//1854
f 5630//2545 4097//1854 4095//1852
f 5631//2544 5632//1 4099//1
f 5631//2544 4099//1 4097//1854
f 5632//1 5633//2543 4101//1856
f 5632//1 4101//1856 4099//1
f 5633//2543 5634//2542 4103//1858
f 5633//2543 4103//1858 4101//1856
f 5634//2542 5635//2541 4105//1860
f 5634//2542 4105//1860 4103//1858
f 5635//2541 5636//2540 4107//1862
f 5635//2541 4107//1862 4105//1860
f 5636//2540 5637//2539 4109//1864
f 5636//2540 4109//1864 4107//1862
f 5637//2539 5638//2537 4111//1866
f 5637//2539 4111//1866 4109//1864
f 5638//2537 5639//2538 4113//554
f 5638//2537 4113//554 4111//1866
f 5639//2538 5640//2562 4115//1869
f 5639//2538 4115//1869 4113//554
f 5640//2562 5641//2561 4117//1871
f 5640//2562 4117//1871 4115//1869
f 5641//2561 5642//2560 4119//1873
f 5641//2561 4119//1873 4117//1871
f 5642//2560 5643//2559 4121//1875
f 5642//2560 4121//1875 4119//1873
f 5643//2559 5644//2558 4123//1877
f 5643//2559 4123//1877 4121//1875
f 5644//2558 5645//2557 4125//1879
f 5644//2558 4125//1879 4123//1877
f 5645//2557 5646//1106 4127//1106
f 5645//2557 4127//1106 4125//1879
f 5646//1106 5647//2556 4129//1881
f 5646//1106 4129//1881 4127//1106
f 5647//2556 5648//2555 4131//1883
f 5647//2556 4131//1883 4129//1881
f 5648//2555 5649//2554 4133//1885
f 5648//2555 4133//1885 4131//1883
f 5649//2554 5650//2553 4135//1887
f 5649//2554 4135//1887 4133//1885
f 5650//2553 5651//2552 4137//1889
f 5650//2553 4137//1889 4135//1887
f 5651//2552 5652//2551 4139//1891
f 5651//2552 4139//1891 4137//1889
f 5652//2551 5626//2550 4085//531
f 5652//2551 4085//531 4139//1891
usemtl graphite
f 5653//1 5654//1107 5655//1108
f 5653//1 5656//1109 5654//1107
f 5653//1 5657//1110 5656//1109
f 5653//1 5658//1111 5657//1110
f 5653//1 5659//1112 5658//1111
f 5653//1 5660//1113 5659//1112
f 5653//1 5661//1114 5660//1113
f 5653//1 5662//1115 5661//1114
f 5653//1 5663//1116 5662//1115
f 5653//1 5664//1117 5663//1116
f 5653//1 5665//1118 5664//1117
f 5653//1 5666//1119 5665//1118
f 5653//1 5667//1120 5666//1119
f 5653//1 5668//1121 5667//1120
f 5653//1 5669//1122 5668//1121
f 5653//1 5670//1123 5669//1122
f 5653//1 5671//1124 5670//1123
f 5653//1 5672//1125 5671//1124
f 5653//1 5673//1126 5672//1125
f 5653//1 5674//1127 5673//1126
f 5653//1 5675//1128 5674//1127
f 5653//1 5676//1129 5675//1128
f 5653//1 5677//1130 5676//1129
f 5653//1 5678//1131 5677//1130
f 5653//1 5679//1132 5678//1131
f 5653//1 5680//1133 5679//1132
f 5653//1 5681//1134 5680//1133
f 5653//1 5682//1135 5681//1134
f 5653//1 5683//1136 5682//1135
f 5653//1 5684//1137 5683//1136
f 5653//1 5685//1138 5684//1137
f 5653//1 5686//1139 5685//1138
f 5653//1 5687//1140 5686//1139
f 5653//1 5688//1141 5687//1140
f 5653//1 5689//1142 5688//1141
f 5653//1 5690//1143 5689//1142
f 5653//1 5691//1144 5690//1143
f 5653//1 5692//1145 5691//1144
f 5653//1 5693//1146 5692//1145
f 5653//1 5655//1108 5693//1146
f 5655//1108 5654//1107 5694//1147
f 5655//1108 5694//1147 5695//1148
f 5654//1107 5656//1109 5696//1149
f 5654//1107 5696//1149 5694//1147
f 5656//1109 5657//1110 5697//1150
f 5656//1109 5697//1150 5696//1149
f 5657//1110 5658//1111 5698//1151
f 5657//1110 5698//1151 5697//1150
f 5658//1111 5659//1112 5699//1152
f 5658//1111 5699//1152 5698//1151
f 5659//1112 5660//1113 5700//1153
f 5659//1112 5700//1153 5699//1152
f 5660//1113 5661//1114 5701//1154
f 5660//1113 5701//1154 5700//1153
f 5661//1114 5662//1115 5702//1155
f 5661//1114 5702//1155 5701//1154
f 5662//1115 5663//1116 5703//1156
f 5662//1115 5703//1156 5702//1155
f 5663//1116 5664//1117 5704//1157
f 5663//1116 5704//1157 5703//1156
f 5664//1117 5665//1118 5705//1158
f 5664//1117 5705//1158 5704//1157
f 5665//1118 5666//1119 5706//1159
f 5665//1118 5706//1159 5705//1158
f 5666//1119 5667//1120 5707//1160
f 5666//1119 5707//1160 5706//1159
f 5667//1120 5668//1121 5708//1161
f 5667//1120 5708//1161 5707//1160
f 5668//1121 5669//1122 5709//1162
f 5668//1121 5709//1162 5708//1161
f 5669//1122 5670//1123 5710//1163
f 5669//1122 5710//1163 5709//1162
f 5670//1123 5671//1124 5711//1164
f 5670//1123 5711//1164 5710//1163
f 5671//1124 5672//1125 5712//1165
f 5671//1124 5712//1165 5711//1164
f 5672//1125 5673//1126 5713//1166
f 5672//1125 5713//1166 5712//1165
f 5673//1126 5674//1127 5714//1167
f 5673//1126 5714//1167 5713//1166
f 5674//1127 5675//1128 5715//1168
f 5674//1127 5715//1168 5714//1167
f 5675//1128 5676//1129 5716//1169
f 5675//1128 5716//1169 5715//1168
f 5676//1129 5677//1130 5717//1170
f 5676//1129 5717//1170 5716//1169
f 5677//1130 5678//1131 5718//1171
f 5677//1130 5718//1171 5717//1170
f 5678//1131 5679//1132 5719//1172
f 5678//1131 5719//1172 5718//1171
f 5679//1132 5680//1133 5720//1173
f 5679//1132 5720//1173 5719//1172
f 5680//1133 5681//1134 5721//1174
f 5680//1133 5721//1174 5720//1173
f 5681//1134 5682//1135 5722//1175
f 5681//1134 5722//1175 5721//1174
f 5682//1135 5683//1136 5723//1176
f 5682//1135 5723//1176 5722//1175
f 5683//1136 5684//1137 5724//1177
f 5683//1136 5724//1177 5723//1176
f 5684//1137 5685//1138 5725//1178
f 5684//1137 5725//1178 5724//1177
f 5685//1138 5686//1139 5726//1179
f 5685//1138 5726//1179 5725//1178
f 5686//1139 5687//1140 5727//1180
f 5686//1139 5727//1180 5726//1179
f 5687//1140 5688//1141 5728//1181
f 5687//1140 5728//1181 5727//1180
f 5688//1141 5689//1142 5729//1182
f 5688//1141 5729//1182 5728//1181
f 5689//1142 5690//1143 5730//1183
f 5689//1142 5730//1183 5729//1182
f 5690//1143 5691//1144 5731//1184
f 5690//1143 5731//1184 5730//1183
f 5691//1144 5692//1145 5732//1185
f 5691//1144 5732//1185 5731//1184
f 5692//1145 5693//1146 5733//1186
f 5692//1145 5733//1186 5732//1185
f 5693//1146 5655//1108 5695//1148
f 5693//1146 5695//1148 5733//1186
f 5695//1148 5694//1147 5734//1187
f 5695//1148 5734//1187 5735//1188
f 5694//1147 5696//1149 5736//1189
f 5694//1147 5736//1189 5734//1187
f 5696//1149 5697//1150 5737//1190
f 5696//1149 5737//1190 5736//1189
f 5697//1150 5698//1151 5738//1191
f 5697//1150 5738//1191 5737//1190
f 5698//1151 5699//1152 5739//1192
f 5698//1151 5739//1192 5738//1191
f 5699//1152 5700//1153 5740//1193
f 5699//1152 5740//1193 5739//1192
f 5700//1153 5701//1154 5741//1194
f 5700//1153 5741//1194 5740//1193
f 5701//1154 5702//1155 5742//1195
f 5701//1154 5742//1195 5741//1194
f 5702//1155 5703//1156 5743//1196
f 5702//1155 5743//1196 5742//1195
f 5703//1156 5704//1157 5744//1197
f 5703//1156 5744//1197 5743//1196
f 5704//1157 5705//1158 5745//1198
f 5704//1157 5745//1198 5744//1197
f 5705//1158 5706//1159 5746//1199
f 5705//1158 5746//1199 5745//1198
f 5706//1159 5707//1160 5747//1200
f 5706//1159 5747//1200 5746//1199
f 5707//1160 5708//1161 5748//1201
f 5707//1160 5748//1201 5747//1200
f 5708//1161 5709//1162 5749//1202
f 5708//1161 5749//1202 5748//1201
f 5709//1162 5710//1163 5750//1203
f 5709//1162 5750//1203 5749//1202
f 5710//1163 5711//1164 5751//1204
f 5710//1163 5751//1204 5750//1203
f 5711//1164 5712//1165 5752//1205
f 5711//1164 5752//1205 5751//1204
f 5712//1165 5713//1166 5753//1206
f 5712//1165 5753//1206 5752//1205
f 5713//1166 5714//1167 5754//1207
f 5713//1166 5754//1207 5753//1206
f 5714//1167 5715//1168 5755//1208
f 5714//1167 5755//1208 5754//1207
f 5715//1168 5716//1169 5756//1209
f 5715//1168 5756//1209 5755//1208
f 5716//1169 5717//1170 5757//1210
f 5716//1169 5757//1210 5756//1209
f 5717//1170 5718//1171 5758//1211
f 5717//1170 5758//1211 5757//1210
f 5718//1171 5719//1172 5759//1212
f 5718//1171 5759//1212 5758//1211
f 5719//1172 5720//1173 5760//1213
f 5719//1172 5760//1213 5759//1212
f 5720//1173 5721//1174 5761//1214
f 5720//1173 5761//1214 5760//1213
f 5721//1174 5722//1175 5762//1215
f 5721//1174 5762//1215 5761//1214
f 5722//1175 5723//1176 5763//1216
f 5722//1175 5763//1216 5762//1215
f 5723//1176 5724//1177 5764//1217
f 5723//1176 5764//1217 5763//1216
f 5724//1177 5725//1178 5765//1218
f 5724//1177 5765//1218 5764//1217
f 5725//1178 5726//1179 5766//1219
f 5725//1178 5766//1219 5765//1218
f 5726//1179 5727//1180 5767//1220
f 5726//1179 5767//1220 5766//1219
f 5727//1180 5728//1181 5768//1221
f 5727//1180 5768//1221 5767//1220
f 5728//1181 5729//1182 5769//1222
f 5728//1181 5769//1222 5768//1221
f 5729//1182 5730//1183 5770//1223
f 5729//1182 5770//1223 5769//1222
f 5730//1183 5731//1184 5771//1224
f 5730//1183 5771//1224 5770//1223
f 5731//1184 5732//1185 5772//1225
f 5731//1184 5772//1225 5771//1224
f 5732//1185 5733//1186 5773//1226
f 5732//1185 5773//1226 5772//1225
f 5733//1186 5695//1148 5735//1188
f 5733//1186 5735//1188 5773//1226
f 5735//1188 5734//1187 5774//1227
f 5735//1188 5774//1227 5775//1228
f 5734//1187 5736//1189 5776//1229
f 5734//1187 5776//1229 5774//1227
f 5736//1189 5737//1190 5777//1230
f 5736//1189 5777//1230 5776//1229
f 5737//1190 5738//1191 5778//1231
f 5737//1190 5778//1231 5777//1230
f 5738//1191 5739//1192 5779//1232
f 5738//1191 5779//1232 5778//1231
f 5739//1192 5740//1193 5780//1233
f 5739//1192 5780//1233 5779//1232
f 5740//1193 5741//1194 5781//1234
f 5740//1193 5781//1234 5780//1233
f 5741//1194 5742//1195 5782//1235
f 5741//1194 5782//1235 5781//1234
f 5742//1195 5743//1196 5783//1236
f 5742//1195 5783//1236 5782//1235
f 5743//1196 5744//1197 5784//1237
f 5743//1196 5784//1237 5783//1236
f 5744//1197 5745//1198 5785//1238
f 5744//1197 5785//1238 5784//1237
f 5745//1198 5746//1199 5786//1239
f 5745//1198 5786//1239 5785//1238
f 5746//1199 5747//1200 5787//1240
f 5746//1199 5787//1240 5786//1239
f 5747//1200 5748//1201 5788//1241
f 5747//1200 5788//1241 5787//1240
f 5748//1201 5749//1202 5789//1242
f 5748//1201 5789//1242 5788//1241
f 5749//1202 5750//1203 5790//1243
f 5749//1202 5790//1243 5789//1242
f 5750//1203 5751//1204 5791//1244
f 5750//1203 5791//1244 5790//1243
f 5751//1204 5752//1205 5792//1245
f 5751//1204 5792//1245 5791//1244
f 5752//1205 5753//1206 5793//1246
f 5752//1205 5793//1246 5792//1245
f 5753//1206 5754//1207 5794//1247
f 5753//1206 5794//1247 5793//1246
f 5754//1207 5755//1208 5795//1248
f 5754//1207 5795//1248 5794//1247
f 5755//1208 5756//1209 5796//1249
f 5755//1208 5796//1249 5795//1248
f 5756//1209 5757//1210 5797//1250
f 5756//1209 5797//1250 5796//1249
f 5757//1210 5758//1211 5798//1251
f 5757//1210 5798//1251 5797//1250
f 5758//1211 5759//1212 5799//1252
f 5758//1211 5799//1252 5798//1251
f 5759//1212 5760//1213 5800//1253
f 5759//1212 5800//1253 5799//1252
f 5760//1213 5761//1214 5801//1254
f 5760//1213 5801//1254 5800//1253
f 5761//1214 5762//1215 5802//1255
f 5761//1214 5802//1255 5801//1254
f 5762//1215 5763//1216 5803//1256
f 5762//1215 5803//1256 5802//1255
f 5763//1216 5764//1217 5804//1257
f 5763//1216 5804//1257 5803//1256
f 5764//1217 5765//1218 5805//1258
f 5764//1217 5805//1258 5804//1257
f 5765//1218 5766//1219 5806//1259
f 5765//1218 5806//1259 5805//1258
f 5766//1219 5767//1220 5807//1260
f 5766//1219 5807//1260 5806//1259
f 5767//1220 5768//1221 5808//1261
f 5767//1220 5808//1261 5807//1260
f 5768//1221 5769//1222 5809//1262
f 5768//1221 5809//1262 5808//1261
f 5769//1222 5770//1223 5810//1263
f 5769//1222 5810//1263 5809//1262
f 5770//1223 5771//1224 5811//1264
f 5770//1223 5811//1264 5810//1263
f 5771//1224 5772//1225 5812//1265
f 5771//1224 5812//1265 5811//1264
f 5772//1225 5773//1226 5813//1266
f 5772//1225 5813//1266 5812//1265
f 5773//1226 5735//1188 5775//1228
f 5773//1226 5775//1228 5813//1266
f 5775//1228 5774//1227 5814//1267
f 5775//1228 5814//1267 5815//243
f 5774//1227 5776//1229 5816//1268
f 5774//1227 5816//1268 5814//1267
f 5776//1229 5777//1230 5817//1269
f 5776//1229 5817//1269 5816//1268
f 5777//1230 5778//1231 5818//1270
f 5777//1230 5818//1270 5817//1269
f 5778//1231 5779//1232 5819//248
f 5778//1231 5819//248 5818//1270
f 5779//1232 5780//1233 5820//1271
f 5779//1232 5820//1271 5819//248
f 5780//1233 5781//1234 5821//1272
f 5780//1233 5821//1272 5820//1271
f 5781//1234 5782//1235 5822//1273
f 5781//1234 5822//1273 5821//1272
f 5782//1235 5783//1236 5823//1274
f 5782//1235 5823//1274 5822//1273
f 5783//1236 5784//1237 5824//254
f 5783//1236 5824//254 5823//1274
f 5784//1237 5785//1238 5825//1275
f 5784//1237 5825//1275 5824//254
f 5785//1238 5786//1239 5826//1276
f 5785//1238 5826//1276 5825//1275
f 5786//1239 5787//1240 5827//1277
f 5786//1239 5827//1277 5826//1276
f 5787//1240 5788//1241 5828//1278
f 5787//1240 5828//1278 5827//1277
f 5788//1241 5789//1242 5829//260
f 5788//1241 5829//260 5828//1278
f 5789//1242 5790//1243 5830//1279
f 5789//1242 5830//1279 5829//260
f 5790//1243 5791//1244 5831//1280
f 5790//1243 5831//1280 5830//1279
f 5791//1244 5792//1245 5832//1281
f 5791//1244 5832//1281 5831//1280
f 5792//1245 5793//1246 5833//1282
f 5792//1245 5833//1282 5832//1281
f 5793//1246 5794//1247 5834//266
f 5793//1246 5834//266 5833//1282
f 5794//1247 5795//1248 5835//1283
f 5794//1247 5835//1283 5834//266
f 5795//1248 5796//1249 5836//1284
f 5795//1248 5836//1284 5835//1283
f 5796//1249 5797//1250 5837//1285
f 5796//1249 5837//1285 5836//1284
f 5797//1250 5798//1251 5838//1286
f 5797//1250 5838//1286 5837//1285
f 5798//1251 5799//1252 5839//272
f 5798//1251 5839//272 5838//1286
f 5799//1252 5800//1253 5840//1287
f 5799//1252 5840//1287 5839//272
f 5800//1253 5801//1254 5841//1288
f 5800//1253 5841//1288 5840//1287
f 5801//1254 5802//1255 5842//1289
f 5801//1254 5842//1289 5841//1288
f 5802//1255 5803//1256 5843//1290
f 5802//1255 5843//1290 5842//1289
f 5803//1256 5804//1257 5844//278
f 5803//1256 5844//278 5843//1290
f 5804//1257 5805//1258 5845//1291
f 5804//1257 5845//1291 5844//278
f 5805//1258 5806//1259 5846//1292
f 5805//1258 5846//1292 5845//1291
f 5806//1259 5807//1260 5847//1293
f 5806//1259 5847//1293 5846//1292
f 5807//1260 5808//1261 5848//1294
f 5807//1260 5848//1294 5847//1293
f 5808//1261 5809//1262 5849//284
f 5808//1261 5849//284 5848//1294
f 5809//1262 5810//1263 5850//1295
f 5809//1262 5850//1295 5849//284
f 5810//1263 5811//1264 5851//1296
f 5810//1263 5851//1296 5850//1295
f 5811//1264 5812//1265 5852//1297
f 5811//1264 5852//1297 5851//1296
f 5812//1265 5813//1266 5853//1298
f 5812//1265 5853//1298 5852//1297
f 5813//1266 5775//1228 5815//243
f 5813//1266 5815//243 5853//1298
f 5815//243 5814//1267 5854//1299
f 5815//243 5854//1299 5855//1300
f 5814//1267 5816//1268 5856//1301
f 5814//1267 5856//1301 5854//1299
f 5816//1268 5817//1269 5857//1302
f 5816//1268 5857//1302 5856//1301
f 5817//1269 5818//1270 5858//1303
f 5817//1269 5858//1303 5857//1302
f 5818//1270 5819//248 5859//1304
f 5818//1270 5859//1304 5858//1303
f 5819//248 5820//1271 5860//1305
f 5819//248 5860//1305 5859//1304
f 5820//1271 5821//1272 5861//1306
f 5820//1271 5861//1306 5860//1305
f 5821//1272 5822//1273 5862//1307
f 5821//1272 5862//1307 5861//1306
f 5822//1273 5823//1274 5863//1308
f 5822//1273 5863//1308 5862//1307
f 5823//1274 5824//254 5864//1309
f 5823//1274 5864//1309 5863//1308
f 5824//254 5825//1275 5865//1310
f 5824//254 5865//1310 5864//1309
f 5825//1275 5826//1276 5866//1311
f 5825//1275 5866//1311 5865//1310
f 5826//1276 5827//1277 5867//1312
f 5826//1276 5867//1312 5866//1311
f 5827//1277 5828//1278 5868//1313
f 5827//1277 5868//1313 5867//1312
f 5828//1278 5829//260 5869//1314
f 5828//1278 5869//1314 5868//1313
f 5829//260 5830//1279 5870//1315
f 5829//260 5870//1315 5869//1314
f 5830//1279 5831//1280 5871//1316
f 5830//1279 5871//1316 5870//1315
f 5831//1280 5832//1281 5872//1317
f 5831//1280 5872//1317 5871//1316
f 5832//1281 5833//1282 5873//1318
f 5832//1281 5873//1318 5872//1317
f 5833//1282 5834//266 5874//1319
f 5833//1282 5874//1319 5873//1318
f 5834//266 5835//1283 5875//1320
f 5834//266 5875//1320 5874//1319
f 5835//1283 5836//1284 5876//1321
f 5835//1283 5876//1321 5875//1320
f 5836//1284 5837//1285 5877//1322
f 5836//1284 5877//1322 5876//1321
f 5837//1285 5838//1286 5878//1323
f 5837//1285 5878//1323 5877//1322
f 5838//1286 5839//272 5879//1324
f 5838//1286 5879//1324 5878//1323
f 5839//272 5840//1287 5880//1325
f 5839//272 5880//1325 5879//1324
f 5840//1287 5841//1288 5881//1326
f 5840//1287 5881//1326 5880//1325
f 5841//1288 5842//1289 5882//1327
f 5841//1288 5882//1327 5881//1326
f 5842//1289 5843//1290 5883//1328
f 5842//1289 5883//1328 5882//1327
f 5843//1290 5844//278 5884//1329
f 5843//1290 5884//1329 5883//1328
f 5844//278 5845//1291 5885//1330
f 5844//278 5885//1330 5884//1329
f 5845//1291 5846//1292 5886//1331
f 5845//1291 5886//1331 5885//1330
f 5846//1292 5847//1293 5887//1332
f 5846//1292 5887//1332 5886//1331
f 5847//1293 5848//1294 5888//1333
f 5847//1293 5888//1333 5887//1332
f 5848//1294 5849//284 5889//1334
f 5848//1294 5889//1334 5888//1333
f 5849//284 5850//1295 5890//1335
f 5849//284 5890//1335 5889//1334
f 5850//1295 5851//1296 5891//1336
f 5850//1295 5891//1336 5890//1335
f 5851//1296 5852//1297 5892//1337
f 5851//1296 5892//1337 5891//1336
f 5852//1297 5853//1298 5893//1338
f 5852//1297 5893//1338 5892//1337
f 5853//1298 5815//243 5855//1300
f 5853//1298 5855//1300 5893//1338
f 5855//1300 5854//1299 5894//1339
f 5855//1300 5894//1339 5895//1340
f 5854//1299 5856//1301 5896//1341
f 5854//1299 5896//1341 5894//1339
f 5856//1301 5857//1302 5897//1342
f 5856//1301 5897//1342 5896//1341
f 5857//1302 5858//1303 5898//1343
f 5857//1302 5898//1343 5897//1342
f 5858//1303 5859//1304 5899//1344
f 5858//1303 5899//1344 5898//1343
f 5859//1304 5860//1305 5900//1345
f 5859//1304 5900//1345 5899//1344
f 5860//1305 5861//1306 5901//1346
f 5860//1305 5901//1346 5900//1345
f 5861//1306 5862//1307 5902//1347
f 5861//1306 5902//1347 5901//1346
f 5862//1307 5863//1308 5903//1348
f 5862//1307 5903//1348 5902//1347
f 5863//1308 5864//1309 5904//1349
f 5863//1308 5904//1349 5903//1348
f 5864//1309 5865//1310 5905//1350
f 5864//1309 5905//1350 5904//1349
f 5865//1310 5866//1311 5906//1351
f 5865//1310 5906//1351 5905//1350
f 5866//1311 5867//1312 5907//1352
f 5866//1311 5907//1352 5906//1351
f 5867//1312 5868//1313 5908//1353
f 5867//1312 5908//1353 5907//1352
f 5868//1313 5869//1314 5909//1354
f 5868//1313 5909//1354 5908//1353
f 5869//1314 5870//1315 5910//1355
f 5869//1314 5910//1355 5909//1354
f 5870//1315 5871//1316 5911//1356
f 5870//1315 5911//1356 5910//1355
f 5871//1316 5872//1317 5912//1357
f 5871//1316 5912//1357 5911//1356
f 5872//1317 5873//1318 5913//1358
f 5872//1317 5913//1358 5912//1357
f 5873//1318 5874//1319 5914//1359
f 5873//1318 5914//1359 5913//1358
f 5874//1319 5875//1320 5915//1360
f 5874//1319 5915//1360 5914//1359
f 5875//1320 5876//1321 5916//1361
f 5875//1320 5916//1361 5915//1360
f 5876//1321 5877//1322 5917//1362
f 5876//1321 5917//1362 5916//1361
f 5877//1322 5878//1323 5918//1363
f 5877//1322 5918//1363 5917//1362
f 5878//1323 5879//1324 5919//1364
f 5878//1323 5919//1364 5918//1363
f 5879//1324 5880//1325 5920//1365
f 5879//1324 5920//1365 5919//1364
f 5880//1325 5881//1326 5921//1366
f 5880//1325 5921//1366 5920//1365
f 5881//1326 5882//1327 5922//1367
f 5881//1326 5922//1367 5921//1366
f 5882//1327 5883//1328 5923//1368
f 5882//1327 5923//1368 5922//1367
f 5883//1328 5884//1329 5924//1369
f 5883//1328 5924//1369 5923//1368
f 5884//1329 5885//1330 5925//1370
f 5884//1329 5925//1370 5924//1369
f 5885//1330 5886//1331 5926//1371
f 5885//1330 5926//1371 5925//1370
f 5886//1331 5887//1332 5927//1372
f 5886//1331 5927//1372 5926//1371
f 5887//1332 5888//1333 5928//1373
f 5887//1332 5928//1373 5927//1372
f 5888//1333 5889//1334 5929//1374
f 5888//1333 5929//1374 5928//1373
f 5889//1334 5890//1335 5930//1375
f 5889//1334 5930//1375 5929//1374
f 5890//1335 5891//1336 5931//1376
f 5890//1335 5931//1376 5930//1375
f 5891//1336 5892//1337 5932//1377
f 5891//1336 5932//1377 5931//1376
f 5892//1337 5893//1338 5933//1378
f 5892//1337 5933//1378 5932//1377
f 5893//1338 5855//1300 5895//1340
f 5893//1338 5895//1340 5933//1378
f 5895//1340 5894//1339 5934//1379
f 5895//1340 5934//1379 5935//1380
f 5894//1339 5896//1341 5936//1381
f 5894//1339 5936//1381 5934//1379
f 5896//1341 5897//1342 5937//1382
f 5896//1341 5937//1382 5936//1381
f 5897//1342 5898//1343 5938//1383
f 5897//1342 5938//1383 5937//1382
f 5898//1343 5899//1344 5939//1384
f 5898//1343 5939//1384 5938//1383
f 5899//1344 5900//1345 5940//1385
f 5899//1344 5940//1385 5939//1384
f 5900//1345 5901//1346 5941//1386
f 5900//1345 5941//1386 5940//1385
f 5901//1346 5902//1347 5942//1387
f 5901//1346 5942//1387 5941//1386
f 5902//1347 5903//1348 5943//1388
f 5902//1347 5943//1388 5942//1387
f 5903//1348 5904//1349 5944//1389
f 5903//1348 5944//1389 5943//1388
f 5904//1349 5905//1350 5945//1390
f 5904//1349 5945//1390 5944//1389
f 5905//1350 5906//1351 5946//1391
f 5905//1350 5946//1391 5945//1390
f 5906//1351 5907//1352 5947//1392
f 5906//1351 5947//1392 5946//1391
f 5907//1352 5908//1353 5948//1393
f 5907//1352 5948//1393 5947//1392
f 5908//1353 5909//1354 5949//1394
f 5908//1353 5949//1394 5948//1393
f 5909//1354 5910//1355 5950//1395
f 5909//1354 5950//1395 5949//1394
f 5910//1355 5911//1356 5951//1396
f 5910//1355 5951//1396 5950//1395
f 5911//1356 5912//1357 5952//1397
f 5911//1356 5952//1397 5951//1396
f 5912//1357 5913//1358 5953//1398
f 5912//1357 5953//1398 5952//1397
f 5913//1358 5914//1359 5954//1399
f 5913//1358 5954//1399 5953//1398
f 5914//1359 5915//1360 5955//1400
f 5914//1359 5955//1400 5954//1399
f 5915//1360 5916//1361 5956//1401
f 5915//1360 5956//1401 5955//1400
f 5916//1361 5917//1362 5957//1402
f 5916//1361 5957//1402 5956//1401
f 5917//1362 5918//1363 5958//1403
f 5917//1362 5958//1403 5957//1402
f 5918//1363 5919//1364 5959//1404
f 5918//1363 5959//1404 5958//1403
f 5919//1364 5920//1365 5960//1405
f 5919//1364 5960//1405 5959//1404
f 5920//1365 5921//1366 5961//1406
f 5920//1365 5961//1406 5960//1405
f 5921//1366 5922//1367 5962//1407
f 5921//1366 5962//1407 5961//1406
f 5922//1367 5923//1368 5963//1408
f 5922//1367 5963//1408 5962//1407
f 5923//1368 5924//1369 5964//1409
f 5923//1368 5964//1409 5963//1408
f 5924//1369 5925//1370 5965//1410
f 5924//1369 5965//1410 5964//1409
f 5925//1370 5926//1371 5966//1411
f 5925//1370 5966//1411 5965//1410
f 5926//1371 5927//1372 5967//1412
f 5926//1371 5967//1412 5966//1411
f 5927//1372 5928//1373 5968//1413
f 5927//1372 5968//1413 5967//1412
f 5928//1373 5929//1374 5969//1414
f 5928//1373 5969//1414 5968//1413
f 5929//1374 5930//1375 5970//1415
f 5929//1374 5970//1415 5969//1414
f 5930//1375 5931//1376 5971//1416
f 5930//1375 5971//1416 5970//1415
f 5931//1376 5932//1377 5972//1417
f 5931//1376 5972//1417 5971//1416
f 5932//1377 5933//1378 5973//1418
f 5932//1377 5973//1418 5972//1417
f 5933//1378 5895//1340 5935//1380
f 5933//1378 5935//1380 5973//1418
f 5935//1380 5934//1379 5974//1419
f 5935//1380 5974//1419 5975//1420
f 5934//1379 5936//1381 5976//1421
f 5934//1379 5976//1421 5974//1419
f 5936//1381 5937//1382 5977//1422
f 5936//1381 5977//1422 5976//1421
f 5937//1382 5938//1383 5978//1423
f 5937//1382 5978//1423 5977//1422
f 5938//1383 5939//1384 5979//1424
f 5938//1383 5979//1424 5978//1423
f 5939//1384 5940//1385 5980//1425
f 5939//1384 5980//1425 5979//1424
f 5940//1385 5941//1386 5981//1426
f 5940//1385 5981//1426 5980//1425
f 5941//1386 5942//1387 5982//1427
f 5941//1386 5982//1427 5981//1426
f 5942//1387 5943//1388 5983//1428
f 5942//1387 5983//1428 5982//1427
f 5943//1388 5944//1389 5984//1429
f 5943//1388 5984//1429 5983//1428
f 5944//1389 5945//1390 5985//1430
f 5944//1389 5985//1430 5984//1429
f 5945//1390 5946//1391 5986//1431
f 5945//1390 5986//1431 5985//1430
f 5946//1391 5947//1392 5987//1432
f 5946//1391 5987//1432 5986//1431
f 5947//1392 5948//1393 5988//1433
f 5947//1392 5988//1433 5987//1432
f 5948//1393 5949//1394 5989//1434
f 5948//1393 5989//1434 5988//1433
f 5949//1394 5950//1395 5990//1435
f 5949//1394 5990//1435 5989//1434
f 5950//1395 5951//1396 5991//1436
f 5950//1395 5991//1436 5990//1435
f 5951//1396 5952//1397 5992//1437
f 5951//1396 5992//1437 5991//1436
f 5952//1397 5953//1398 5993//1438
f 5952//1397 5993//1438 5992//1437
f 5953//1398 5954//1399 5994//1439
f 5953//1398 5994//1439 5993//1438
f 5954//1399 5955//1400 5995//1440
f 5954//1399 5995//1440 5994//1439
f 5955//1400 5956//1401 5996//1441
f 5955//1400 5996//1441 5995//1440
f 5956//1401 5957//1402 5997//1442
f 5956//1401 5997//1442 5996//1441
f 5957//1402 5958//1403 5998//1443
f 5957//1402 5998//1443 5997//1442
f 5958//1403 5959//1404 5999//1444
f 5958//1403 5999//1444 5998//1443
f 5959//1404 5960//1405 6000//1445
f 5959//1404 6000//1445 5999//1444
f 5960//1405 5961//1406 6001//1446
f 5960//1405 6001//1446 6000//1445
f 5961//1406 5962//1407 6002//1447
f 5961//1406 6002//1447 6001//1446
f 5962//1407 5963//1408 6003//1448
f 5962//1407 6003//1448 6002//1447
f 5963//1408 5964//1409 6004//1449
f 5963//1408 6004//1449 6003//1448
f 5964//1409 5965//1410 6005//1450
f 5964//1409 6005//1450 6004//1449
f 5965//1410 5966//1411 6006//1451
f 5965//1410 6006//1451 6005//1450
f 5966//1411 5967//1412 6007//1452
f 5966//1411 6007//1452 6006//1451
f 5967//1412 5968//1413 6008//1453
f 5967//1412 6008//1453 6007//1452
f 5968//1413 5969//1414 6009//1454
f 5968//1413 6009//1454 6008//1453
f 5969//1414 5970//1415 6010//1455
f 5969//1414 6010//1455 6009//1454
f 5970//1415 5971//1416 6011//1456
f 5970//1415 6011//1456 6010//1455
f 5971//1416 5972//1417 6012//1457
f 5971//1416 6012//1457 6011//1456
f 5972//1417 5973//1418 6013//1458
f 5972//1417 6013//1458 6012//1457
f 5973//1418 5935//1380 5975//1420
f 5973//1418 5975//1420 6013//1458
f 5975//1420 5974//1419 6014//1459
f 5975//1420 6014//1459 6015//531
f 5974//1419 5976//1421 6016//1460
f 5974//1419 6016//1460 6014//1459
f 5976//1421 5977//1422 6017//1461
f 5976//1421 6017//1461 6016//1460
f 5977//1422 5978//1423 6018//1462
f 5977//1422 6018//1462 6017//1461
f 5978//1423 5979//1424 6019//536
f 5978//1423 6019//536 6018//1462
f 5979//1424 5980//1425 6020//1463
f 5979//1424 6020//1463 6019//536
f 5980//1425 5981//1426 6021//1464
f 5980//1425 6021//1464 6020//1463
f 5981//1426 5982//1427 6022//1465
f 5981//1426 6022//1465 6021//1464
f 5982//1427 5983//1428 6023//1466
f 5982//1427 6023//1466 6022//1465
f 5983//1428 5984//1429 6024//542
f 5983//1428 6024//542 6023//1466
f 5984//1429 5985//1430 6025//1467
f 5984//1429 6025//1467 6024//542
f 5985//1430 5986//1431 6026//1468
f 5985//1430 6026//1468 6025//1467
f 5986//1431 5987//1432 6027//1469
f 5986//1431 6027//1469 6026//1468
f 5987//1432 5988//1433 6028//1470
f 5987//1432 6028//1470 6027//1469
f 5988//1433 5989//1434 6029//548
f 5988//1433 6029//548 6028//1470
f 5989//1434 5990//1435 6030//1471
f 5989//1434 6030//1471 6029//548
f 5990//1435 5991//1436 6031//1472
f 5990//1435 6031//1472 6030//1471
f 5991//1436 5992//1437 6032//1473
f 5991//1436 6032//1473 6031//1472
f 5992//1437 5993//1438 6033//1474
f 5992//1437 6033//1474 6032//1473
f 5993//1438 5994//1439 6034//554
f 5993//1438 6034//554 6033//1474
f 5994//1439 5995//1440 6035//1475
f 5994//1439 6035//1475 6034//554
f 5995//1440 5996//1441 6036//1476
f 5995//1440 6036//1476 6035//1475
f 5996//1441 5997//1442 6037//1477
f 5996//1441 6037//1477 6036//1476
f 5997//1442 5998//1443 6038//1478
f 5997//1442 6038//1478 6037//1477
f 5998//1443 5999//1444 6039//560
f 5998//1443 6039//560 6038//1478
f 5999//1444 6000//1445 6040//1479
f 5999//1444 6040//1479 6039//560
f 6000//1445 6001//1446 6041//1480
f 6000//1445 6041//1480 6040//1479
f 6001//1446 6002//1447 6042//1481
f 6001//1446 6042//1481 6041//1480
f 6002//1447 6003//1448 6043//1482
f 6002//1447 6043//1482 6042//1481
f 6003//1448 6004//1449 6044//566
f 6003//1448 6044//566 6043//1482
f 6004//1449 6005//1450 6045//1483
f 6004//1449 6045//1483 6044//566
f 6005//1450 6006//1451 6046//1484
f 6005//1450 6046//1484 6045//1483
f 6006//1451 6007//1452 6047//1485
f 6006//1451 6047//1485 6046//1484
f 6007//1452 6008//1453 6048//1486
f 6007//1452 6048//1486 6047//1485
f 6008//1453 6009//1454 6049//572
f 6008//1453 6049//572 6048//1486
f 6009//1454 6010//1455 6050//1487
f 6009//1454 6050//1487 6049//572
f 6010//1455 6011//1456 6051//1488
f 6010//1455 6051//1488 6050//1487
f 6011//1456 6012//1457 6052//1489
f 6011//1456 6052//1489 6051//1488
f 6012//1457 6013//1458 6053//1490
f 6012//1457 6053//1490 6052//1489
f 6013//1458 5975//1420 6015//531
f 6013//1458 6015//531 6053//1490
f 6015//531 6014//1459 6054//1491
f 6015//531 6054//1491 6055//1492
f 6014//1459 6016//1460 6056//1493
f 6014//1459 6056//1493 6054//1491
f 6016//1460 6017//1461 6057//1494
f 6016//1460 6057//1494 6056//1493
f 6017//1461 6018//1462 6058//1495
f 6017//1461 6058//1495 6057//1494
f 6018//1462 6019//536 6059//1496
f 6018//1462 6059//1496 6058//1495
f 6019//536 6020//1463 6060//1497
f 6019//536 6060//1497 6059//1496
f 6020//1463 6021//1464 6061//1498
f 6020//1463 6061//1498 6060//1497
f 6021//1464 6022//1465 6062//1499
f 6021//1464 6062//1499 6061//1498
f 6022//1465 6023//1466 6063//1500
f 6022//1465 6063//1500 6062//1499
f 6023//1466 6024//542 6064//1501
f 6023//1466 6064//1501 6063//1500
f 6024//542 6025//1467 6065//1502
f 6024//542 6065//1502 6064//1501
f 6025//1467 6026//1468 6066//1503
f 6025//1467 6066//1503 6065//1502
f 6026//1468 6027//1469 6067//1504
f 6026//1468 6067//1504 6066//1503
f 6027//1469 6028//1470 6068//1505
f 6027//1469 6068//1505 6067//1504
f 6028//1470 6029//548 6069//1506
f 6028//1470 6069//1506 6068//1505
f 6029//548 6030//1471 6070//1507
f 6029//548 6070//1507 6069//1506
f 6030//1471 6031//1472 6071//1508
f 6030//1471 6071//1508 6070//1507
f 6031//1472 6032//1473 6072//1509
f 6031//1472 6072//1509 6071//1508
f 6032//1473 6033//1474 6073//1510
f 6032//1473 6073//1510 6072//1509
f 6033//1474 6034//554 6074//1511
f 6033//1474 6074//1511 6073//1510
f 6034//554 6035//1475 6075//1512
f 6034//554 6075//1512 6074//1511
f 6035//1475 6036//1476 6076//1513
f 6035//1475 6076//1513 6075//1512
f 6036//1476 6037//1477 6077//1514
f 6036//1476 6077//1514 6076//1513
f 6037//1477 6038//1478 6078//1515
f 6037//1477 6078//1515 6077//1514
f 6038//1478 6039//560 6079//1516
f 6038//1478 6079//1516 6078//1515
f 6039//560 6040//1479 6080//1517
f 6039//560 6080//1517 6079//1516
f 6040//1479 6041//1480 6081//1518
f 6040//1479 6081//1518 6080//1517
f 6041//1480 6042//1481 6082//1519
f 6041//1480 6082//1519 6081//1518
f 6042//1481 6043//1482 6083//1520
f 6042//1481 6083//1520 6082//1519
f 6043//1482 6044//566 6084//1521
f 6043//1482 6084//1521 6083//1520
f 6044//566 6045//1483 6085//1522
f 6044//566 6085//1522 6084//1521
f 6045//1483 6046//1484 6086//1523
f 6045//1483 6086//1523 6085//1522
f 6046//1484 6047//1485 6087//1524
f 6046//1484 6087//1524 6086//1523
f 6047//1485 6048//1486 6088//1525
f 6047//1485 6088//1525 6087//1524
f 6048//1486 6049//572 6089//1526
f 6048//1486 6089//1526 6088//1525
f 6049//572 6050//1487 6090//1527
f 6049//572 6090//1527 6089//1526
f 6050//1487 6051//1488 6091//1528
f 6050//1487 6091//1528 6090//1527
f 6051//1488 6052//1489 6092//1529
f 6051//1488 6092//1529 6091//1528
f 6052//1489 6053//1490 6093//1530
f 6052//1489 6093//1530 6092//1529
f 6053//1490 6015//531 6055//1492
f 6053//1490 6055//1492 6093//1530
f 6055//1492 6054//1491 6094//1531
f 6055//1492 6094//1531 6095//1532
f 6054//1491 6056//1493 6096//1533
f 6054//1491 6096//1533 6094//1531
f 6056//1493 6057//1494 6097//1534
f 6056//1493 6097//1534 6096//1533
f 6057//1494 6058//1495 6098//1535
f 6057//1494 6098//1535 6097//1534
f 6058//1495 6059//1496 6099//1536
f 6058//1495 6099//1536 6098//1535
f 6059//1496 6060//1497 6100//1537
f 6059//1496 6100//1537 6099//1536
f 6060//1497 6061//1498 6101//1538
f 6060//1497 6101//1538 6100//1537
f 6061//1498 6062//1499 6102//1539
f 6061//1498 6102//1539 6101//1538
f 6062//1499 6063//1500 6103//1540
f 6062//1499 6103//1540 6102//1539
f 6063//1500 6064//1501 6104//1541
f 6063//1500 6104//1541 6103//1540
f 6064//1501 6065//1502 6105//1542
f 6064//1501 6105//1542 6104//1541
f 6065//1502 6066//1503 6106//1543
f 6065//1502 6106//1543 6105//1542
f 6066//1503 6067//1504 6107//1544
f 6066//1503 6107//1544 6106//1543
f 6067//1504 6068//1505 6108//1545
f 6067//1504 6108//1545 6107//1544
f 6068//1505 6069//1506 6109//1546
f 6068//1505 6109//1546 6108//1545
f 6069//1506 6070//1507 6110//1547
f 6069//1506 6110//1547 6109//1546
f 6070//1507 6071//1508 6111//1548
f 6070//1507 6111//1548 6110//1547
f 6071//1508 6072//1509 6112//1549
f 6071//1508 6112//1549 6111//1548
f 6072//1509 6073//1510 6113//1550
f 6072//1509 6113//1550 6112//1549
f 6073//1510 6074//1511 6114//1551
f 6073//1510 6114//1551 6113//1550
f 6074//1511 6075//1512 6115//1552
f 6074//1511 6115//1552 6114//1551
f 6075//1512 6076//1513 6116//1553
f 6075//1512 6116//1553 6115//1552
f 6076//1513 6077//1514 6117//1554
f 6076//1513 6117//1554 6116//1553
f 6077//1514 6078//1515 6118//1555
f 6077//1514 6118//1555 6117//1554
f 6078//1515 6079//1516 6119//1556
f 6078//1515 6119//1556 6118//1555
f 6079//1516 6080//1517 6120//1557
f 6079//1516 6120//1557 6119//1556
f 6080//1517 6081//1518 6121//1558
f 6080//1517 6121//1558 6120//1557
f 6081//1518 6082//1519 6122//1559
f 6081//1518 6122//1559 6121//1558
f 6082//1519 6083//1520 6123//1560
f 6082//1519 6123//1560 6122//1559
f 6083//1520 6084//1521 6124//1561
f 6083//1520 6124//1561 6123//1560
f 6084//1521 6085//1522 6125//1562
f 6084//1521 6125//1562 6124//1561
f 6085//1522 6086//1523 6126//1563
f 6085//1522 6126//1563 6125//1562
f 6086//1523 6087//1524 6127//1564
f 6086//1523 6127//1564 6126//1563
f 6087//1524 6088//1525 6128//1565
f 6087//1524 6128//1565 6127//1564
f 6088//1525 6089//1526 6129//1566
f 6088//1525 6129//1566 6128//1565
f 6089//1526 6090//1527 6130//1567
f 6089//1526 6130//1567 6129//1566
f 6090//1527 6091//1528 6131//1568
f 6090//1527 6131//1568 6130//1567
f 6091//1528 6092//1529 6132//1569
f 6091//1528 6132//1569 6131//1568
f 6092//1529 6093//1530 6133//1570
f 6092//1529 6133//1570 6132//1569
f 6093//1530 6055//1492 6095//1532
f 6093//1530 6095//1532 6133//1570
f 6095//1532 6094//1531 6134//1571
f 6095//1532 6134//1571 6135//1572
f 6094//1531 6096//1533 6136//1573
f 6094//1531 6136//1573 6134//1571
f 6096//1533 6097//1534 6137//1574
f 6096//1533 6137//1574 6136//1573
f 6097//1534 6098//1535 6138//1575
f 6097//1534 6138//1575 6137//1574
f 6098//1535 6099//1536 6139//1576
f 6098//1535 6139//1576 6138//1575
f 6099//1536 6100//1537 6140//1577
f 6099//1536 6140//1577 6139//1576
f 6100//1537 6101//1538 6141//1578
f 6100//1537 6141//1578 6140//1577
f 6101//1538 6102//1539 6142//1579
f 6101//1538 6142//1579 6141//1578
f 6102//1539 6103//1540 6143//1580
f 6102//1539 6143//1580 6142//1579
f 6103//1540 6104//1541 6144//1581
f 6103//1540 6144//1581 6143//1580
f 6104//1541 6105//1542 6145//1582
f 6104//1541 6145//1582 6144//1581
f 6105//1542 6106//1543 6146//1583
f 6105//1542 6146//1583 6145//1582
f 6106//1543 6107//1544 6147//1584
f 6106//1543 6147//1584 6146//1583
f 6107//1544 6108//1545 6148//1585
f 6107//1544 6148//1585 6147//1584
f 6108//1545 6109//1546 6149//1586
f 6108//1545 6149//1586 6148//1585
f 6109//1546 6110//1547 6150//1587
f 6109//1546 6150//1587 6149//1586
f 6110//1547 6111//1548 6151//1588
f 6110//1547 6151//1588 6150//1587
f 6111//1548 6112//1549 6152//1589
f 6111//1548 6152//1589 6151//1588
f 6112//1549 6113//1550 6153//1590
f 6112//1549 6153//1590 6152//1589
f 6113//1550 6114//1551 6154//1591
f 6113//1550 6154//1591 6153//1590
f 6114//1551 6115//1552 6155//1592
f 6114//1551 6155//1592 6154//1591
f 6115//1552 6116//1553 6156//1593
f 6115//1552 6156//1593 6155//1592
f 6116//1553 6117//1554 6157//1594
f 6116//1553 6157//1594 6156//1593
f 6117//1554 6118//1555 6158//1595
f 6117//1554 6158//1595 6157//1594
f 6118//1555 6119//1556 6159//1596
f 6118//1555 6159//1596 6158//1595
f 6119//1556 6120//1557 6160//1597
f 6119//1556 6160//1597 6159//1596
f 6120//1557 6121//1558 6161//1598
f 6120//1557 6161//1598 6160//1597
f 6121//1558 6122//1559 6162//1599
f 6121//1558 6162//1599 6161//1598
f 6122//1559 6123//1560 6163//1600
f 6122//1559 6163//1600 6162//1599
f 6123//1560 6124//1561 6164//1601
f 6123//1560 6164//1601 6163//1600
f 6124//1561 6125//1562 6165//1602
f 6124//1561 6165//1602 6164//1601
f 6125//1562 6126//1563 6166//1603
f 6125//1562 6166//1603 6165//1602
f 6126//1563 6127//1564 6167//1604
f 6126//1563 6167//1604 6166//1603
f 6127//1564 6128//1565 6168//1605
f 6127//1564 6168//1605 6167//1604
f 6128//1565 6129//1566 6169//1606
f 6128//1565 6169//1606 6168//1605
f 6129//1566 6130//1567 6170//1607
f 6129//1566 6170//1607 6169//1606
f 6130//1567 6131//1568 6171//1608
f 6130//1567 6171//1608 6170//1607
f 6131//1568 6132//1569 6172//1609
f 6131//1568 6172//1609 6171//1608
f 6132//1569 6133//1570 6173//1610
f 6132//1569 6173//1610 6172//1609
f 6133//1570 6095//1532 6135//1572
f 6133//1570 6135//1572 6173//1610
f 6135//1572 6134//1571 6174//1611
f 6135//1572 6174//1611 6175//1612
f 6134//1571 6136//1573 6176//1613
f 6134//1571 6176//1613 6174//1611
f 6136//1573 6137//1574 6177//1614
f 6136//1573 6177//1614 6176//1613
f 6137//1574 6138//1575 6178//1615
f 6137//1574 6178//1615 6177//1614
f 6138//1575 6139//1576 6179//1616
f 6138//1575 6179//1616 6178//1615
f 6139//1576 6140//1577 6180//1617
f 6139//1576 6180//1617 6179//1616
f 6140//1577 6141//1578 6181//1618
f 6140//1577 6181//1618 6180//1617
f 6141//1578 6142//1579 6182//1619
f 6141//1578 6182//1619 6181//1618
f 6142//1579 6143//1580 6183//1620
f 6142//1579 6183//1620 6182//1619
f 6143//1580 6144//1581 6184//1621
f 6143//1580 6184//1621 6183//1620
f 6144//1581 6145//1582 6185//1622
f 6144//1581 6185//1622 6184//1621
f 6145//1582 6146//1583 6186//1623
f 6145//1582 6186//1623 6185//1622
f 6146//1583 6147//1584 6187//1624
f 6146//1583 6187//1624 6186//1623
f 6147//1584 6148//1585 6188//1625
f 6147//1584 6188//1625 6187//1624
f 6148//1585 6149//1586 6189//1626
f 6148//1585 6189//1626 6188//1625
f 6149//1586 6150//1587 6190//1627
f 6149//1586 6190//1627 6189//1626
f 6150//1587 6151//1588 6191//1628
f 6150//1587 6191//1628 6190//1627
f 6151//1588 6152//1589 6192//1629
f 6151//1588 6192//1629 6191//1628
f 6152//1589 6153//1590 6193//1630
f 6152//1589 6193//1630 6192//1629
f 6153//1590 6154//1591 6194//1631
f 6153//1590 6194//1631 6193//1630
f 6154//1591 6155//1592 6195//1632
f 6154//1591 6195//1632 6194//1631
f 6155//1592 6156//1593 6196//1633
f 6155//1592 6196//1633 6195//1632
f 6156//1593 6157//1594 6197//1634
f 6156//1593 6197//1634 6196//1633
f 6157//1594 6158//1595 6198//1635
f 6157//1594 6198//1635 6197//1634
f 6158//1595 6159//1596 6199//1636
f 6158//1595 6199//1636 6198//1635
f 6159//1596 6160//1597 6200//1637
f 6159//1596 6200//1637 6199//1636
f 6160//1597 6161//1598 6201//1638
f 6160//1597 6201//1638 6200//1637
f 6161//1598 6162//1599 6202//1639
f 6161//1598 6202//1639 6201//1638
f 6162//1599 6163//1600 6203//1640
f 6162//1599 6203//1640 6202//1639
f 6163//1600 6164//1601 6204//1641
f 6163//1600 6204//1641 6203//1640
f 6164//1601 6165//1602 6205//1642
f 6164//1601 6205//1642 6204//1641
f 6165//1602 6166//1603 6206//1643
f 6165//1602 6206//1643 6205//1642
f 6166//1603 6167//1604 6207//1644
f 6166//1603 6207//1644 6206//1643
f 6167//1604 6168//1605 6208//1645
f 6167//1604 6208//1645 6207//1644
f 6168//1605 6169//1606 6209//1646
f 6168//1605 6209//1646 6208//1645
f 6169//1606 6170//1607 6210//1647
f 6169//1606 6210//1647 6209//1646
f 6170//1607 6171//1608 6211//1648
f 6170//1607 6211//1648 6210//1647
f 6171//1608 6172//1609 6212//1649
f 6171//1608 6212//1649 6211//1648
f 6172//1609 6173//1610 6213//1650
f 6172//1609 6213//1650 6212//1649
f 6173//1610 6135//1572 6175//1612
f 6173//1610 6175//1612 6213//1650
f 6175//1612 6174//1611 6214//1651
f 6175//1612 6214//1651 6215//819
f 6174//1611 6176//1613 6216//1652
f 6174//1611 6216//1652 6214//1651
f 6176//1613 6177//1614 6217//1653
f 6176//1613 6217//1653 6216//1652
f 6177//1614 6178//1615 6218//1654
f 6177//1614 6218//1654 6217//1653
f 6178//1615 6179//1616 6219//824
f 6178//1615 6219//824 6218//1654
f 6179//1616 6180//1617 6220//1655
f 6179//1616 6220//1655 6219//824
f 6180//1617 6181//1618 6221//1656
f 6180//1617 6221//1656 6220//1655
f 6181//1618 6182//1619 6222//1657
f 6181//1618 6222//1657 6221//1656
f 6182//1619 6183//1620 6223//1658
f 6182//1619 6223//1658 6222//1657
f 6183//1620 6184//1621 6224//830
f 6183//1620 6224//830 6223//1658
f 6184//1621 6185//1622 6225//1659
f 6184//1621 6225//1659 6224//830
f 6185//1622 6186//1623 6226//1660
f 6185//1622 6226//1660 6225//1659
f 6186//1623 6187//1624 6227//1661
f 6186//1623 6227//1661 6226//1660
f 6187//1624 6188//1625 6228//1662
f 6187//1624 6228//1662 6227//1661
f 6188//1625 6189//1626 6229//836
f 6188//1625 6229//836 6228//1662
f 6189//1626 6190//1627 6230//1663
f 6189//1626 6230//1663 6229//836
f 6190//1627 6191//1628 6231//1664
f 6190//1627 6231//1664 6230//1663
f 6191//1628 6192//1629 6232//1665
f 6191//1628 6232//1665 6231//1664
f 6192//1629 6193//1630 6233//1666
f 6192//1629 6233//1666 6232//1665
f 6193//1630 6194//1631 6234//842
f 6193//1630 6234//842 6233//1666
f 6194//1631 6195//1632 6235//1667
f 6194//1631 6235//1667 6234//842
f 6195//1632 6196//1633 6236//1668
f 6195//1632 6236//1668 6235//1667
f 6196//1633 6197//1634 6237//1669
f 6196//1633 6237//1669 6236//1668
f 6197//1634 6198//1635 6238//1670
f 6197//1634 6238//1670 6237//1669
f 6198//1635 6199//1636 6239//848
f 6198//1635 6239//848 6238//1670
f 6199//1636 6200//1637 6240//1671
f 6199//1636 6240//1671 6239//848
f 6200//1637 6201//1638 6241//1672
f 6200//1637 6241//1672 6240//1671
f 6201//1638 6202//1639 6242//1673
f 6201//1638 6242//1673 6241//1672
f 6202//1639 6203//1640 6243//1674
f 6202//1639 6243//1674 6242//1673
f 6203//1640 6204//1641 6244//854
f 6203//1640 6244//854 6243//1674
f 6204//1641 6205//1642 6245//1675
f 6204//1641 6245//1675 6244//854
f 6205//1642 6206//1643 6246//1676
f 6205//1642 6246//1676 6245//1675
f 6206//1643 6207//1644 6247//1677
f 6206//1643 6247//1677 6246//1676
f 6207//1644 6208//1645 6248//1678
f 6207//1644 6248//1678 6247//1677
f 6208//1645 6209//1646 6249//860
f 6208//1645 6249//860 6248//1678
f 6209//1646 6210//1647 6250//1679
f 6209//1646 6250//1679 6249//860
f 6210//1647 6211//1648 6251//1680
f 6210//1647 6251//1680 6250//1679
f 6211//1648 6212//1649 6252//1681
f 6211//1648 6252//1681 6251//1680
f 6212//1649 6213//1650 6253//1682
f 6212//1649 6253//1682 6252//1681
f 6213//1650 6175//1612 6215//819
f 6213//1650 6215//819 6253//1682
f 6215//819 6214//1651 6254//1683
f 6215//819 6254//1683 6255//1684
f 6214//1651 6216//1652 6256//1685
f 6214//1651 6256//1685 6254//1683
f 6216//1652 6217//1653 6257//1686
f 6216//1652 6257//1686 6256//1685
f 6217//1653 6218//1654 6258//1687
f 6217//1653 6258//1687 6257//1686
f 6218//1654 6219//824 6259//1688
f 6218//1654 6259//1688 6258//1687
f 6219//824 6220//1655 6260//1689
f 6219//824 6260//1689 6259//1688
f 6220//1655 6221//1656 6261//1690
f 6220//1655 6261//1690 6260//1689
f 6221//1656 6222//1657 6262//1691
f 6221//1656 6262//1691 6261//1690
f 6222//1657 6223//1658 6263//1692
f 6222//1657 6263//1692 6262//1691
f 6223//1658 6224//830 6264//1693
f 6223//1658 6264//1693 6263//1692
f 6224//830 6225//1659 6265//1694
f 6224//830 6265//1694 6264//1693
f 6225//1659 6226//1660 6266//1695
f 6225//1659 6266//1695 6265//1694
f 6226//1660 6227//1661 6267//1696
f 6226//1660 6267//1696 6266//1695
f 6227//1661 6228//1662 6268//1697
f 6227//1661 6268//1697 6267//1696
f 6228//1662 6229//836 6269//1698
f 6228//1662 6269//1698 6268//1697
f 6229//836 6230//1663 6270//1699
f 6229//836 6270//1699 6269//1698
f 6230//1663 6231//1664 6271//1700
f 6230//1663 6271//1700 6270//1699
f 6231//1664 6232//1665 6272//1701
f 6231//1664 6272//1701 6271//1700
f 6232//1665 6233//1666 6273//1702
f 6232//1665 6273//1702 6272//1701
f 6233//1666 6234//842 6274//1703
f 6233//1666 6274//1703 6273//1702
f 6234//842 6235//1667 6275//1704
f 6234//842 6275//1704 6274//1703
f 6235//1667 6236//1668 6276//1705
f 6235//1667 6276//1705 6275//1704
f 6236//1668 6237//1669 6277//1706
f 6236//1668 6277//1706 6276//1705
f 6237//1669 6238//1670 6278//1707
f 6237//1669 6278//1707 6277//1706
f 6238//1670 6239//848 6279//1708
f 6238//1670 6279//1708 6278//1707
f 6239//848 6240//1671 6280//1709
f 6239//848 6280//1709 6279//1708
f 6240//1671 6241//1672 6281//1710
f 6240//1671 6281//1710 6280//1709
f 6241//1672 6242//1673 6282//1711
f 6241//1672 6282//1711 6281//1710
f 6242//1673 6243//1674 6283//1712
f 6242//1673 6283//1712 6282//1711
f 6243//1674 6244//854 6284//1713
f 6243//1674 6284//1713 6283//1712
f 6244//854 6245//1675 6285//1714
f 6244//854 6285//1714 6284//1713
f 6245//1675 6246//1676 6286//1715
f 6245//1675 6286//1715 6285//1714
f 6246//1676 6247//1677 6287//1716
f 6246//1676 6287//1716 6286//1715
f 6247//1677 6248//1678 6288//1717
f 6247//1677 6288//1717 6287//1716
f 6248//1678 6249//860 6289//1718
f 6248//1678 6289//1718 6288//1717
f 6249//860 6250//1679 6290//1719
f 6249//860 6290//1719 6289//1718
f 6250//1679 6251//1680 6291//1720
f 6250//1679 6291//1720 6290//1719
f 6251//1680 6252//1681 6292//1721
f 6251//1680 6292//1721 6291//1720
f 6252//1681 6253//1682 6293//1722
f 6252//1681 6293//1722 6292//1721
f 6253//1682 6215//819 6255//1684
f 6253//1682 6255//1684 6293//1722
f 6255//1684 6254//1683 6294//1723
f 6255//1684 6294//1723 6295//1724
f 6254//1683 6256//1685 6296//1725
f 6254//1683 6296//1725 6294//1723
f 6256//1685 6257//1686 6297//1726
f 6256//1685 6297//1726 6296//1725
f 6257//1686 6258//1687 6298//1727
f 6257//1686 6298//1727 6297//1726
f 6258//1687 6259//1688 6299//1728
f 6258//1687 6299//1728 6298//1727
f 6259//1688 6260//1689 6300//1729
f 6259//1688 6300//1729 6299//1728
f 6260//1689 6261//1690 6301//1730
f 6260//1689 6301//1730 6300//1729
f 6261//1690 6262//1691 6302//1731
f 6261//1690 6302//1731 6301//1730
f 6262//1691 6263//1692 6303//1732
f 6262//1691 6303//1732 6302//1731
f 6263//1692 6264//1693 6304//1733
f 6263//1692 6304//1733 6303//1732
f 6264//1693 6265//1694 6305//1734
f 6264//1693 6305//1734 6304//1733
f 6265//1694 6266//1695 6306//1735
f 6265//1694 6306//1735 6305//1734
f 6266//1695 6267//1696 6307//1736
f 6266//1695 6307//1736 6306//1735
f 6267//1696 6268//1697 6308//1737
f 6267//1696 6308//1737 6307//1736
f 6268//1697 6269//1698 6309//1738
f 6268//1697 6309//1738 6308//1737
f 6269//1698 6270//1699 6310//1739
f 6269//1698 6310//1739 6309//1738
f 6270//1699 6271//1700 6311//1740
f 6270//1699 6311//1740 6310//1739
f 6271//1700 6272//1701 6312//1741
f 6271//1700 6312//1741 6311//1740
f 6272//1701 6273//1702 6313//1742
f 6272//1701 6313//1742 6312//1741
f 6273//1702 6274//1703 6314//1743
f 6273//1702 6314//1743 6313//1742
f 6274//1703 6275//1704 6315//1744
f 6274//1703 6315//1744 6314//1743
f 6275//1704 6276//1705 6316//1745
f 6275//1704 6316//1745 6315//1744
f 6276//1705 6277//1706 6317//1746
f 6276//1705 6317//1746 6316//1745
f 6277//1706 6278//1707 6318//1747
f 6277//1706 6318//1747 6317//1746
f 6278//1707 6279//1708 6319//1748
f 6278//1707 6319//1748 6318//1747
f 6279//1708 6280//1709 6320//1749
f 6279//1708 6320//1749 6319//1748
f 6280//1709 6281//1710 6321//1750
f 6280//1709 6321//1750 6320//1749
f 6281//1710 6282//1711 6322//1751
f 6281//1710 6322//1751 6321//1750
f 6282//1711 6283//1712 6323//1752
f 6282//1711 6323//1752 6322//1751
f 6283//1712 6284//1713 6324//1753
f 6283//1712 6324//1753 6323//1752
f 6284//1713 6285//1714 6325//1754
f 6284//1713 6325//1754 6324//1753
f 6285//1714 6286//1715 6326//1755
f 6285//1714 6326//1755 6325//1754
f 6286//1715 6287//1716 6327//1756
f 6286//1715 6327//1756 6326//1755
f 6287//1716 6288//1717 6328//1757
f 6287//1716 6328//1757 6327//1756
f 6288//1717 6289//1718 6329//1758
f 6288//1717 6329//1758 6328//1757
f 6289//1718 6290//1719 6330//1759
f 6289//1718 6330//1759 6329//1758
f 6290//1719 6291//1720 6331//1760
f 6290//1719 6331//1760 6330//1759
f 6291//1720 6292//1721 6332//1761
f 6291//1720 6332//1761 6331//1760
f 6292//1721 6293//1722 6333//1762
f 6292//1721 6333//1762 6332//1761
f 6293//1722 6255//1684 6295//1724
f 6293//1722 6295//1724 6333//1762
f 6295//1724 6294//1723 6334//1763
f 6295//1724 6334//1763 6335//1764
f 6294//1723 6296//1725 6336//1765
f 6294//1723 6336//1765 6334//1763
f 6296//1725 6297//1726 6337//1766
f 6296//1725 6337//1766 6336//1765
f 6297//1726 6298//1727 6338//1767
f 6297//1726 6338//1767 6337//1766
f 6298//1727 6299//1728 6339//1768
f 6298//1727 6339//1768 6338//1767
f 6299//1728 6300//1729 6340//1769
f 6299//1728 6340//1769 6339//1768
f 6300//1729 6301//1730 6341//1770
f 6300//1729 6341//1770 6340//1769
f 6301//1730 6302//1731 6342//1771
f 6301//1730 6342//1771 6341//1770
f 6302//1731 6303//1732 6343//1772
f 6302//1731 6343//1772 6342//1771
f 6303//1732 6304//1733 6344//1773
f 6303//1732 6344//1773 6343//1772
f 6304//1733 6305//1734 6345//1774
f 6304//1733 6345//1774 6344//1773
f 6305//1734 6306//1735 6346//1775
f 6305//1734 6346//1775 6345//1774
f 6306//1735 6307//1736 6347//1776
f 6306//1735 6347//1776 6346//1775
f 6307//1736 6308//1737 6348//1777
f 6307//1736 6348//1777 6347//1776
f 6308//1737 6309//1738 6349//1778
f 6308//1737 6349//1778 6348//1777
f 6309//1738 6310//1739 6350//1779
f 6309//1738 6350//1779 6349//1778
f 6310//1739 6311//1740 6351//1780
f 6310//1739 6351//1780 6350//1779
f 6311//1740 6312//1741 6352//1781
f 6311//1740 6352//1781 6351//1780
f 6312//1741 6313//1742 6353//1782
f 6312//1741 6353//1782 6352//1781
f 6313//1742 6314//1743 6354//1783
f 6313//1742 6354//1783 6353//1782
f 6314//1743 6315//1744 6355//1784
f 6314//1743 6355//1784 6354//1783
f 6315//1744 6316//1745 6356//1785
f 6315//1744 6356//1785 6355//1784
f 6316//1745 6317//1746 6357//1786
f 6316//1745 6357//1786 6356//1785
f 6317//1746 6318//1747 6358//1787
f 6317//1746 6358//1787 6357//1786
f 6318//1747 6319//1748 6359//1788
f 6318//1747 6359//1788 6358//1787
f 6319//1748 6320//1749 6360//1789
f 6319//1748 6360//1789 6359//1788
f 6320//1749 6321//1750 6361//1790
f 6320//1749 6361//1790 6360//1789
f 6321//1750 6322//1751 6362//1791
f 6321//1750 6362//1791 6361//1790
f 6322//1751 6323//1752 6363//1792
f 6322//1751 6363//1792 6362//1791
f 6323//1752 6324//1753 6364//1793
f 6323//1752 6364//1793 6363//1792
f 6324//1753 6325//1754 6365//1794
f 6324//1753 6365//1794 6364//1793
f 6325//1754 6326//1755 6366//1795
f 6325//1754 6366//1795 6365//1794
f 6326//1755 6327//1756 6367//1796
f 6326//1755 6367//1796 6366//1795
f 6327//1756 6328//1757 6368//1797
f 6327//1756 6368//1797 6367//1796
f 6328//1757 6329//1758 6369//1798
f 6328//1757 6369//1798 6368//1797
f 6329//1758 6330//1759 6370//1799
f 6329//1758 6370//1799 6369//1798
f 6330//1759 6331//1760 6371//1800
f 6330//1759 6371//1800 6370//1799
f 6331//1760 6332//1761 6372//1801
f 6331//1760 6372//1801 6371//1800
f 6332//1761 6333//1762 6373//1802
f 6332//1761 6373//1802 6372//1801
f 6333//1762 6295//1724 6335//1764
f 6333//1762 6335//1764 6373//1802
f 6335//1764 6334//1763 6374//1803
f 6335//1764 6374//1803 6375//1804
f 6334//1763 6336//1765 6376//1805
f 6334//1763 6376//1805 6374//1803
f 6336//1765 6337//1766 6377//1806
f 6336//1765 6377//1806 6376//1805
f 6337//1766 6338//1767 6378//1807
f 6337//1766 6378//1807 6377//1806
f 6338//1767 6339//1768 6379//1808
f 6338//1767 6379//1808 6378//1807
f 6339//1768 6340//1769 6380//1809
f 6339//1768 6380//1809 6379//1808
f 6340//1769 6341//1770 6381//1810
f 6340//1769 6381//1810 6380//1809
f 6341//1770 6342//1771 6382//1811
f 6341//1770 6382//1811 6381//1810
f 6342//1771 6343//1772 6383//1812
f 6342//1771 6383//1812 6382//1811
f 6343//1772 6344//1773 6384//1813
f 6343//1772 6384//1813 6383//1812
f 6344//1773 6345//1774 6385//1814
f 6344//1773 6385//1814 6384//1813
f 6345//1774 6346//1775 6386//1815
f 6345//1774 6386//1815 6385//1814
f 6346//1775 6347//1776 6387//1816
f 6346//1775 6387//1816 6386//1815
f 6347//1776 6348//1777 6388//1817
f 6347//1776 6388//1817 6387//1816
f 6348//1777 6349//1778 6389//1818
f 6348//1777 6389//1818 6388//1817
f 6349//1778 6350//1779 6390//1819
f 6349//1778 6390//1819 6389//1818
f 6350//1779 6351//1780 6391//1820
f 6350//1779 6391//1820 6390//1819
f 6351//1780 6352//1781 6392//1821
f 6351//1780 6392//1821 6391//1820
f 6352//1781 6353//1782 6393//1822
f 6352//1781 6393//1822 6392//1821
f 6353//1782 6354//1783 6394//1823
f 6353//1782 6394//1823 6393//1822
f 6354//1783 6355//1784 6395//1824
f 6354//1783 6395//1824 6394//1823
f 6355//1784 6356//1785 6396//1825
f 6355//1784 6396//1825 6395//1824
f 6356//1785 6357//1786 6397//1826
f 6356//1785 6397//1826 6396//1825
f 6357//1786 6358//1787 6398//1827
f 6357//1786 6398//1827 6397//1826
f 6358//1787 6359//1788 6399//1828
f 6358//1787 6399//1828 6398//1827
f 6359//1788 6360//1789 6400//1829
f 6359//1788 6400//1829 6399//1828
f 6360//1789 6361//1790 6401//1830
f 6360//1789 6401//1830 6400//1829
f 6361//1790 6362//1791 6402//1831
f 6361//1790 6402//1831 6401//1830
f 6362//1791 6363//1792 6403//1832
f 6362//1791 6403//1832 6402//1831
f 6363//1792 6364//1793 6404//1833
f 6363//1792 6404//1833 6403//1832
f 6364//1793 6365//1794 6405//1834
f 6364//1793 6405//1834 6404//1833
f 6365//1794 6366//1795 6406//1835
f 6365//1794 6406//1835 6405//1834
f 6366//1795 6367//1796 6407//1836
f 6366//1795 6407//1836 6406//1835
f 6367//1796 6368//1797 6408//1837
f 6367//1796 6408//1837 6407//1836
f 6368//1797 6369//1798 6409//1838
f 6368//1797 6409//1838 6408//1837
f 6369//1798 6370//1799 6410//1839
f 6369//1798 6410//1839 6409//1838
f 6370//1799 6371//1800 6411//1840
f 6370//1799 6411//1840 6410//1839
f 6371//1800 6372//1801 6412//1841
f 6371//1800 6412//1841 6411//1840
f 6372//1801 6373//1802 6413//1842
f 6372//1801 6413//1842 6412//1841
f 6373//1802 6335//1764 6375//1804
f 6373//1802 6375//1804 6413//1842
f 6375//1804 6374//1803 6414//1106
f 6374//1803 6376//1805 6414//1106
f 6376//1805 6377//1806 6414//1106
f 6377//1806 6378//1807 6414//1106
f 6378//1807 6379//1808 6414//1106
f 6379//1808 6380//1809 6414//1106
f 6380//1809 6381//1810 6414//1106
f 6381//1810 6382//1811 6414//1106
f 6382//1811 6383//1812 6414//1106
f 6383//1812 6384//1813 6414//1106
f 6384//1813 6385//1814 6414//1106
f 6385//1814 6386//1815 6414//1106
f 6386//1815 6387//1816 6414//1106
f 6387//1816 6388//1817 6414//1106
f 6388//1817 6389//1818 6414//1106
f 6389//1818 6390//1819 6414//1106
f 6390//1819 6391//1820 6414//1106
f 6391//1820 6392//1821 6414//1106
f 6392//1821 6393//1822 6414//1106
f 6393//1822 6394//1823 6414//1106
f 6394//1823 6395//1824 6414//1106
f 6395//1824 6396//1825 6414//1106
f 6396//1825 6397//1826 6414//1106
f 6397//1826 6398//1827 6414//1106
f 6398//1827 6399//1828 6414//1106
f 6399//1828 6400//1829 6414//1106
f 6400//1829 6401//1830 6414//1106
f 6401//1830 6402//1831 6414//1106
f 6402//1831 6403//1832 6414//1106
f 6403//1832 6404//1833 6414//1106
f 6404//1833 6405//1834 6414//1106
f 6405//1834 6406//1835 6414//1106
f 6406//1835 6407//1836 6414//1106
f 6407//1836 6408//1837 6414//1106
f 6408//1837 6409//1838 6414//1106
f 6409//1838 6410//1839 6414//1106
f 6410//1839 6411//1840 6414//1106
f 6411//1840 6412//1841 6414//1106
f 6412//1841 6413//1842 6414//1106
f 6413//1842 6375//1804 6414//1106
usemtl clay
f 6415//1106 6416//1106 6417//1106
f 6415//1106 6417//1106 6418//1106
f 6419//1 6420//1 6421//1
f 6419//1 6421//1 6422//1
f 6415//566 6419//566 6422//566
f 6415//566 6422//566 6416//566
f 6418//542 6417//542 6421//542
f 6418//542 6421//542 6420//542
f 6415//554 6418//554 6420//554
f 6415//554 6420//554 6419//554
f 6416//531 6422//531 6421//531
f 6416//531 6421//531 6417//531
usemtl graphite
f 6423//1106 6424//1106 6425//1106
f 6423//1106 6425//1106 6426//1106
f 6427//1 6428//1 6429//1
f 6427//1 6429//1 6430//1
f 6423//566 6427//566 6430//566
f 6423//566 6430//566 6424//566
f 6426//542 6425//542 6429//542
f 6426//542 6429//542 6428//542
f 6423//554 6426//554 6428//554
f 6423//554 6428//554 6427//554
f 6424//531 6430//531 6429//531
f 6424//531 6429//531 6425//531
usemtl chalk
f 6431//531 6432//2563 6433//2563
f 6431//531 6433//2563 6434//531
f 6432//2563 6435//533 6436//533
f 6432//2563 6436//533 6433//2563
f 6435//533 6437//2564 6438//2564
f 6435//533 6438//2564 6436//533
f 6437//2564 6439//536 6440//536
f 6437//2564 6440//536 6438//2564
f 6439//536 6441//2565 6442//2565
f 6439//536 6442//2565 6440//536
f 6441//2565 6443//539 6444//539
f 6441//2565 6444//539 6442//2565
f 6443//539 6445//2566 6446//2566
f 6443//539 6446//2566 6444//539
f 6445//2566 6447//542 6448//542
f 6445//2566 6448//542 6446//2566
f 6447//542 6449//2567 6450//2567
f 6447//542 6450//2567 6448//542
f 6449//2567 6451//545 6452//545
f 6449//2567 6452//545 6450//2567
f 6451//545 6453//2568 6454//2568
f 6451//545 6454//2568 6452//545
f 6453//2568 6455//548 6456//548
f 6453//2568 6456//548 6454//2568
f 6455//548 6457//2569 6458//2569
f 6455//548 6458//2569 6456//548
f 6457//2569 6459//551 6460//551
f 6457//2569 6460//551 6458//2569
f 6459//551 6461//2570 6462//2570
f 6459//551 6462//2570 6460//551
f 6461//2570 6463//554 6464//554
f 6461//2570 6464//554 6462//2570
f 6463//554 6465//2571 6466//2571
f 6463//554 6466//2571 6464//554
f 6465//2571 6467//557 6468//557
f 6465//2571 6468//557 6466//2571
f 6467//557 6469//2572 6470//2572
f 6467//557 6470//2572 6468//557
f 6469//2572 6471//560 6472//560
f 6469//2572 6472//560 6470//2572
f 6471//560 6473//2573 6474//2573
f 6471//560 6474//2573 6472//560
f 6473//2573 6475//563 6476//563
f 6473//2573 6476//563 6474//2573
f 6475//563 6477//2574 6478//2574
f 6475//563 6478//2574 6476//563
f 6477//2574 6479//566 6480//566
f 6477//2574 6480//566 6478//2574
f 6479//566 6481//2575 6482//2575
f 6479//566 6482//2575 6480//566
f 6481//2575 6483//569 6484//569
f 6481//2575 6484//569 6482//2575
f 6483//569 6485//2576 6486//2576
f 6483//569 6486//2576 6484//569
f 6485//2576 6487//572 6488//572
f 6485//2576 6488//572 6486//2576
f 6487//572 6489//2577 6490//2577
f 6487//572 6490//2577 6488//572
f 6489//2577 6491//575 6492//575
f 6489//2577 6492//575 6490//2577
f 6491//575 6493//2578 6494//2578
f 6491//575 6494//2578 6492//575
f 6493//2578 6431//531 6434//531
f 6493//2578 6434//531 6494//2578
f 6495//1 6432//1 6431//1
f 6496//1106 6434//1106 6433//1106
f 6495//1 6435//1 6432//1
f 6496//1106 6433//1106 6436//1106
f 6495//1 6437//1 6435//1
f 6496//1106 6436//1106 6438//1106
f 6495//1 6439//1 6437//1
f 6496//1106 6438//1106 6440//1106
f 6495//1 6441//1 6439//1
f 6496//1106 6440//1106 6442//1106
f 6495//1 6443//1 6441//1
f 6496//1106 6442//1106 6444//1106
f 6495//1 6445//1 6443//1
f 6496//1106 6444//1106 6446//1106
f 6495//1 6447//1 6445//1
f 6496//1106 6446//1106 6448//1106
f 6495//1 6449//1 6447//1
f 6496//1106 6448//1106 6450//1106
f 6495//1 6451//1 6449//1
f 6496//1106 6450//1106 6452//1106
f 6495//1 6453//1 6451//1
f 6496//1106 6452//1106 6454//1106
f 6495//1 6455//1 6453//1
f 6496//1106 6454//1106 6456//1106
f 6495//1 6457//1 6455//1
f 6496//1106 6456//1106 6458//1106
f 6495//1 6459//1 6457//1
f 6496//1106 6458//1106 6460//1106
f 6495//1 6461//1 6459//1
f 6496//1106 6460//1106 6462//1106
f 6495//1 6463//1 6461//1
f 6496//1106 6462//1106 6464//1106
f 6495//1 6465//1 6463//1
f 6496//1106 6464//1106 6466//1106
f 6495//1 6467//1 6465//1
f 6496//1106 6466//1106 6468//1106
f 6495//1 6469//1 6467//1
f 6496//1106 6468//1106 6470//1106
f 6495//1 6471//1 6469//1
f 6496//1106 6470//1106 6472//1106
f 6495//1 6473//1 6471//1
f 6496//1106 6472//1106 6474//1106
f 6495//1 6475//1 6473//1
f 6496//1106 6474//1106 6476//1106
f 6495//1 6477//1 6475//1
f 6496//1106 6476//1106 6478//1106
f 6495//1 6479//1 6477//1
f 6496//1106 6478//1106 6480//1106
f 6495//1 6481//1 6479//1
f 6496//1106 6480//1106 6482//1106
f 6495//1 6483//1 6481//1
f 6496//1106 6482//1106 6484//1106
f 6495//1 6485//1 6483//1
f 6496//1106 6484//1106 6486//1106
f 6495//1 6487//1 6485//1
f 6496//1106 6486//1106 6488//1106
f 6495//1 6489//1 6487//1
f 6496//1106 6488//1106 6490//1106
f 6495//1 6491//1 6489//1
f 6496//1106 6490//1106 6492//1106
f 6495//1 6493//1 6491//1
f 6496//1106 6492//1106 6494//1106
f 6495//1 6431//1 6493//1
f 6496//1106 6494//1106 6434//1106
